unit,group,role,y_hdi,feature_control_log1p_population,feature_control_log1p_population_density,feature_control_worldpop_child_share,feature_control_worldpop_elderly_share,feature_control_urbanization_rate,feature_ae320_A00_popmean,feature_ae320_A01_popmean,feature_ae320_A02_popmean,feature_ae320_A03_popmean,feature_ae320_A04_popmean,feature_ae320_A05_popmean,feature_ae320_A06_popmean,feature_ae320_A07_popmean,feature_ae320_A08_popmean,feature_ae320_A09_popmean,feature_ae320_A10_popmean,feature_ae320_A11_popmean,feature_ae320_A12_popmean,feature_ae320_A13_popmean,feature_ae320_A14_popmean,feature_ae320_A15_popmean,feature_ae320_A16_popmean,feature_ae320_A17_popmean,feature_ae320_A18_popmean,feature_ae320_A19_popmean,feature_ae320_A20_popmean,feature_ae320_A21_popmean,feature_ae320_A22_popmean,feature_ae320_A23_popmean,feature_ae320_A24_popmean,feature_ae320_A25_popmean,feature_ae320_A26_popmean,feature_ae320_A27_popmean,feature_ae320_A28_popmean,feature_ae320_A29_popmean,feature_ae320_A30_popmean,feature_ae320_A31_popmean,feature_ae320_A32_popmean,feature_ae320_A33_popmean,feature_ae320_A34_popmean,feature_ae320_A35_popmean,feature_ae320_A36_popmean,feature_ae320_A37_popmean,feature_ae320_A38_popmean,feature_ae320_A39_popmean,feature_ae320_A40_popmean,feature_ae320_A41_popmean,feature_ae320_A42_popmean,feature_ae320_A43_popmean,feature_ae320_A44_popmean,feature_ae320_A45_popmean,feature_ae320_A46_popmean,feature_ae320_A47_popmean,feature_ae320_A48_popmean,feature_ae320_A49_popmean,feature_ae320_A50_popmean,feature_ae320_A51_popmean,feature_ae320_A52_popmean,feature_ae320_A53_popmean,feature_ae320_A54_popmean,feature_ae320_A55_popmean,feature_ae320_A56_popmean,feature_ae320_A57_popmean,feature_ae320_A58_popmean,feature_ae320_A59_popmean,feature_ae320_A60_popmean,feature_ae320_A61_popmean,feature_ae320_A62_popmean,feature_ae320_A63_popmean,feature_economic_log1p_retail_yuan_per_resident,feature_health_log1p_motorized_mean_minutes,feature_health_log1p_q90_minutes,feature_health_log1p_sd_minutes,feature_health_population_fraction_ge60min,y_health_index,y_education_index,y_income_index
130100,130000,nationwide_score,0.778,16.2349894913978,6.68445961805572,0.19443010313,0.117820933889,0.701957295374,0.0850024135142,-0.263163162007,0.237383898419,-0.17959911098,-0.0301136123005,0.0106529737065,-0.103534714876,0.081824889339,-0.183428615131,-0.103691188889,0.162917893335,0.0377661640616999,-0.113808696422,-0.068744250931,-0.0126287515723,-0.106430112357,-0.00364006754957,0.13218057427,-0.0786758979763999,0.0438885766387,-0.0578637346196,0.0431113676257,-0.02993154798,-0.0309489174259999,-0.0442449456334,0.339669366507,0.0433457490236,-0.0931370410204,0.153085096824,0.0306019755188998,0.0303875528239999,-0.137175564301,-0.0040194108598399,-0.0432031711786,0.174132827536,0.159151700891,-0.299956969057,-0.138629572085,-0.0032803021794899,-0.114885032447,-0.0350291961188,-0.0731695564359999,9.0956656426e-05,0.0157773606356,0.0327918995283999,0.164077874281,0.0345920495408999,0.185263504617,0.0945031299028,-0.0307503406789,0.0226344231335,0.157054016974,-0.0426662511887999,-0.0171415107621,0.0283216074207,-0.209393094185,0.0097500123184999,-0.0275227885842,-0.0451403125912,0.0329023980595999,-0.10961710133,-0.0401429650432999,-0.197897787643,0.0601609367079999,9.96171159797381,2.05202731763,2.87087105009437,2.28153259347682,0.0032589140879399,0.89231,0.73129,0.72232
130200,130000,nationwide_score,0.799,15.8593250515346,6.30531248975396,0.168347691959,0.146991941004,0.642487046632,0.0762430271381999,-0.253784056833,0.271070227004,-0.212843229748,-0.0592800827694,0.00953511466633,-0.149813091892,0.121847343773,-0.167488919544,-0.100541569377,0.185812370708,0.0202393201770998,-0.0440115810925999,-0.0668475589562999,-0.0561559568666,-0.112873733581,0.011179178168,0.159214591176,-0.0937712295031998,0.0668662966667998,-0.0602065712609,0.0498241745439999,-0.03097819899,-0.0055038036951099,-0.0579729047050999,0.333036521713,0.0361240329791,-0.0978045667558,0.137710718109,0.0169904803864,0.0311747289894,-0.0795171154234999,-0.0093438534437999,-0.0264706087567,0.127710990311,0.170574626811,-0.228190976423,-0.116529106316,0.0629248857619,-0.112091198418,-0.0351488942108,-0.0759262447174998,0.0344598134242999,0.0157907653186999,0.0362713281213,0.150524290812,0.0517197201444,0.161042144531,0.106467879159,-0.0713089723588,0.0495847116681,0.14798047844,-0.0626606724947998,-0.0206570283672,0.0343157483683,-0.196013443676,0.0515663005713999,-0.0171707354084,-0.0647790062766998,0.00284423396455,-0.11514075275,-0.0277838731853,-0.219545220254,0.0565378111819,10.175980401091,1.59281335136,2.5221492478572,2.00046103065991,0.0004347851431669,0.88615,0.71237,0.80813
130300,130000,nationwide_score,0.778,14.9597336763557,5.99273340097552,0.15370898045,0.149086555206,0.640127388535,0.0627979912966998,-0.232095252526,0.270781098684,-0.201861461651,-0.0722304904438998,-0.0103841394404,-0.180813282804,0.141145677707,-0.152192069174,-0.0889942576077999,0.187075123475,0.0011202897247199,-0.0288117529211,-0.0630052694995,-0.0777037434097,-0.106477139172,0.0170267076399998,0.17630798906,-0.116830593344,0.0825239140478,-0.0585988990349,0.0336175655827,-0.00382544524414,0.0127462092419,-0.0650446212376998,0.31758317247,0.033910397925,-0.0945917784165,0.137953582108,0.0217815191425,0.0377815144013999,-0.0535922350513999,-0.000318629753077,-0.0210351891872,0.103592524948,0.164857175158,-0.199253017998,-0.101619411964,0.0811304417592,-0.0769544168727999,-0.0211698472558,-0.0703840749309,0.0466117926938,0.0205149692373,0.0315505506888,0.162584161627,0.0724917207804,0.140334110057,0.116772500483,-0.107490626586,0.0553844099453,0.151626565685,-0.0563962651785,-0.00441052663096,0.0538281844684999,-0.197372025091,0.0668358629575998,-0.0004633879855239,-0.0676914201622,0.0025213464871499,-0.121296724129,-0.0399907844938,-0.211092481398,0.0328319812554,9.79677350272199,2.27076493639,3.04434231329723,2.97739275942883,0.0292579065959,0.90369,0.71971,0.72475
130400,130000,nationwide_score,0.745,16.0572836178315,6.66171348604816,0.257429403518,0.10958132755,0.583421891605,0.0812381573446,-0.258010769259,0.200525222428,-0.162466989871,-0.019274436498,0.0376519301892999,-0.0913413408686998,0.103075806183,-0.205109032526,-0.0854973702511,0.147047651029,0.0131919493904,-0.129241309957,-0.0682016856915999,-0.0199694602893999,-0.147601584891,-0.0372922911059999,0.0999823613591998,-0.0907439703494,0.0654696688867,-0.0790286871388,0.0349628202382,-0.0440370911958,-0.0577645918867,-0.0231303627304999,0.3753524948,0.0434506795331999,-0.100840293675,0.133848392764,0.0343909879989999,0.0144847719897999,-0.141616042343,-0.0070771461241399,-0.0328715448603,0.186378952926,0.164452128932,-0.292985882323,-0.155380642129,-0.00351422448267,-0.105233429517,0.00425429863856,-0.0523505064689998,0.0039385306229098,0.0083693662058699,0.00298982579098,0.161005101177,0.0458203792941,0.181163068296,0.0624993272372,-0.0411601173977,0.0202322423002,0.16511905724,0.0008924609219489,0.0026480212981699,0.0269993278017,-0.19901517145,-0.0044725829754898,0.00407984803694,-0.0886613671942999,0.0304577303876,-0.0905695123620998,-0.0595697198488,-0.180056137852,0.0748096178595999,9.45427016786209,2.28914699566,3.01980783134667,2.56226359253703,0.0080730315055299,0.88554,0.69349,0.67463
130500,130000,nationwide_score,0.732,15.7770129424264,6.35076030069841,0.242835557197,0.119258159985,0.541490857947,0.0710796879888,-0.239674027421,0.235523669333,-0.178438662535,-0.0315338169845999,0.0358837675681,-0.0932218874452,0.103899855418,-0.188082565653,-0.111561179681,0.154182337783,0.0249832869323,-0.120522644981,-0.0545147905296,-0.0045013455140999,-0.116783213132,-0.03868429802,0.114079720748,-0.0881544953446,0.0523022908444999,-0.0697398695938,0.052001071075,-0.032733799727,-0.0390340442745,-0.0354569351043999,0.364272800455,0.0516004331025999,-0.103464471139,0.136665561494,0.0341547766807999,0.0293226796687999,-0.142924222923,0.0068204746195499,-0.0387857842158,0.168862352398,0.174807275938,-0.303448448554,-0.141134983916,-0.0157069019416,-0.11275824974,-0.0023729794710199,-0.0559552104664,-0.00402288400176,-0.00274901395587,0.00280652917911,0.162344018286,0.0636479957766998,0.181020973867,0.0824572304724,-0.0477505510866998,0.024602090237,0.17093420688,-0.0277591162914,-0.0216699197952999,0.0122144294066,-0.201338220477,-0.00134706774992,-0.00572515207233,-0.0653721168619998,0.0388912669099,-0.113955880881,-0.0555069395702,-0.184411464342,0.058008465239,9.53036096085424,2.46621025796,3.119343426157,2.34581860938851,0.00281200309813,0.88846,0.68926,0.64097
130600,130000,nationwide_score,0.74,16.2621960815122,6.25642087993273,0.199148727521,0.128527865886,0.55670995671,0.0979536089496999,-0.250402943581,0.226882626091,-0.192883250383,-0.0324884097589,0.0308060079265,-0.0841455477731,0.125685159516,-0.180777253684,-0.115634943764,0.1547481534,-0.0192938274687999,-0.0990384727046,-0.0732034470162998,-0.0275496638823999,-0.136138593947,-0.0237491503067999,0.120253983635,-0.0825187009702,0.082453170179,-0.0530630271956,0.0277900505195999,-0.0490872565744,-0.0330628846451,-0.0221839074955,0.363010428899,0.0697160169957,-0.110907948171,0.122404215377,0.019350565204,0.0220165179812998,-0.110325573661,-0.0328905404748,-0.0159018390417999,0.157118854502,0.160774931437,-0.267340556463,-0.146140045272,0.0270609528661,-0.135149831451,-0.000527311723899,-0.0757168887043,0.0217835420480998,0.0117619366468999,0.0135322289876,0.159601493288,0.0497783116046,0.154748649484,0.0686932720896999,-0.0621069224414999,0.0332321938978,0.144189612708,-0.0412949692746,-0.0096212030650899,0.0328719328220999,-0.182265124826,0.0212648405672999,-0.00105950622911,-0.070875979741,0.0358503763401,-0.0835330190019999,-0.0429907468882999,-0.234832321494,0.0807154430753,9.50669279997506,2.52880516294,3.24577554708992,2.78624358404378,0.0148381402308,0.886,0.69632,0.65656
130700,130000,nationwide_score,0.742,15.2313639640441,4.72795936440904,0.154225665339,0.162431678647,0.660194174757,0.0857848708194,-0.229265572996,0.229954514191,-0.22237583664,-0.0471919157112,0.0210960658437998,-0.139696912452,0.149979274951,-0.163403361136,-0.0212594023967998,0.13516923319,-0.0857440087546,0.0428824551580999,-0.0503294606104999,-0.0752922334154998,-0.155579080872,0.00716579287523,0.167850732523,-0.0182959211079,-0.0177104043265,-0.0370109035018,-0.0417322322912,0.0515699675844,-0.0236121303889,-0.110155316405,0.243555838794,0.0189020799932,-0.122101514116,0.114314337963,0.059203659534,0.0378898914437,-0.0774990193923,0.048196094345,-0.0323712668539999,0.143366150772,0.184333382135,-0.180324633182,-0.0590197497234999,0.00464296150258,-0.162394890716,-0.0020177600839,-0.125421042222,-0.00994237604214,-0.0340692133622,-0.0566541590952,0.199245229526,0.0714414463054,0.0624857957269999,0.00185768120844,-0.142033015125,0.120462642839,0.0931646212269,-0.0145554195583,0.0914092173288,0.0705398796257998,-0.123626561087,-0.0952942892339,-0.0656222916732999,-0.146591404485,-0.0299362099424,-0.121217841356,-0.0321262647361999,-0.211239385778,0.0198200715695,9.52133937760347,2.43642864328,3.25617355003391,2.88182566006986,0.0265158382835,0.87385,0.69356,0.67468
130800,130000,nationwide_score,0.751,15.0244712023087,4.45327515268198,0.178904714212,0.129570476153,0.567164179104,0.0629336408252998,-0.219910037517,0.25458787956,-0.228023414754,-0.0508059397369,-0.0240967678529999,-0.188175755108,0.242771532135,-0.118997486662,-0.0157219178370999,0.157037365136,-0.0332272025837,0.0241573434802998,-0.0467536251197,-0.0558743090509,-0.116667711973,0.0248093231430999,0.1703839682,-0.11589654227,0.00607269067206,-0.0297533048642,-0.0231784433269,0.0420182741058999,-0.00685220832244,-0.0686430918487,0.250471152621,-0.0091122420863798,-0.115251049169,0.130528818084,0.0118656926118,0.0147122830552,-0.0403002679439999,0.0670419631528998,0.0246010216464,0.136493653024,0.188381583577,-0.12173369381,-0.0717844575837,0.0250585779236,-0.120833716202,-0.0351685490262,-0.0674275457676,0.0272912427443,0.0202358096905,-0.0550635468642999,0.186229578241,0.119797306661,0.0792754542836,0.0164882016552998,-0.154503861705,0.140756448626,0.0981515089498,-0.00661096964535,0.103986254967,0.0267653212375,-0.116389887835,-0.0332486584539999,-0.0541248928654999,-0.133833219286,-0.01325913591,-0.167604390332,-0.0128503850451,-0.205185491489,0.0116107428789,9.55779093164801,2.73129422144,3.78026058993086,3.39133587505336,0.068687353142,0.87692,0.6896,0.70142
130900,130000,nationwide_score,0.757,15.8033850431049,6.23569641970124,0.224860451189,0.129674003294,0.51095890411,0.0843069867552,-0.234263186247,0.223729492,-0.211743189575,-0.0432782174992999,0.0520503589897,-0.0690108873766999,0.115233521463,-0.185981512916,-0.113560451321,0.157306165037,-0.0138568749187,-0.0900643548344998,-0.0772526954529998,-0.0308350422838,-0.138991619349,-0.0334817094806999,0.110142079437,-0.0898754760423998,0.0814196209969,-0.0550200722090999,0.044670983618,-0.0739041753499,-0.0369525440847,-0.0040578817910698,0.370919561413,0.07991983058,-0.113229737906,0.111814942603,0.0311882366875998,0.0400306474717,-0.109524534918,-0.0244212724454999,-0.0194111533277998,0.136597836352,0.172334116804,-0.277778513781,-0.141841837096,0.0356063361380999,-0.134343707368,0.0107007563191,-0.0652478446581,0.0291883892351,-0.00805245199374,0.0131944112653,0.148435565249,0.0547367922866,0.147410347115,0.0731734805352999,-0.0674617110635998,0.0267199087499,0.153981340377,-0.0459089451250999,-0.0307827917338,0.013185781307,-0.178149421134,0.0424426035985999,0.0115865967266,-0.0572598093425,0.0397274210616,-0.0918907439864,-0.0456118575358999,-0.236848005946,0.0886361500637,9.57583044414499,2.26641040481,2.95000286828863,2.26225181322911,0.00301584054847,0.87846,0.68923,0.71577
131000,130000,nationwide_score,0.78,15.5184389956351,6.75359936825874,0.198850523308,0.107238347467,0.648451730419,0.079305067652,-0.23915538429,0.277405465281,-0.213866279082,-0.0497747477581999,0.0247067128770998,-0.122942452831,0.126900690362,-0.191035043603,-0.104548156341,0.172727611246,0.0137258760664,-0.0517138274773999,-0.0647736746676998,-0.0449040997645999,-0.102161966406,-0.0132273601487,0.161916246785,-0.0785670746821,0.063004018107,-0.0470557702984999,0.0563779980928999,-0.0336865060431,-0.00079919685379,-0.0311966152769,0.332036764531,0.0591018290152999,-0.101765921217,0.132205578321,0.0138194865683,0.0348247647101999,-0.0800595126447,0.0035660376467199,-0.0368148102928999,0.127636775625,0.15820454339,-0.264355274467,-0.12503504916,0.0216813534413,-0.136609268355,-0.0164587787521,-0.0884876734362999,0.0249694973836998,-0.0025622505558799,0.036988844686,0.179283213036,0.0607445996178999,0.169568419537,0.113035458344,-0.0725033342416,0.0246244217815,0.160305394247,-0.0588075829497,-0.0309806365658998,0.0161123688781,-0.200072635665,0.0450630959775,-0.0258105094393,-0.0282265923599,0.0166982507589,-0.112765864319,-0.0300540441479,-0.195904389274,0.0378082074559999,10.095309902136,2.33332561224,3.07025009180218,2.45613297480079,0.0062186852989,0.88923,0.71692,0.74364
131100,130000,nationwide_score,0.743,15.2529734431882,6.16864082817479,0.196085780061,0.146189410221,0.546318289786,0.0678606447467998,-0.252495462659,0.213165207269,-0.181756756863,-0.0411245783763,0.0519902249142999,-0.0944923927485998,0.130890634831,-0.187672762445,-0.114526084895,0.158788324742,-0.0085423491956098,-0.10065620489,-0.055051299231,-0.0107716196647999,-0.120181717434,-0.0509749325248,0.105395464961,-0.100923335549,0.077167083811,-0.0722690104285999,0.0295164066449,-0.0562909083097999,-0.0338948563072,0.0008203955987049,0.396801971817,0.0861454060323998,-0.10741370427,0.116016715431,0.0191932914309,0.0030961605570099,-0.123569310174,-0.0298987388189,-0.0123019598667999,0.151865244932,0.174064346255,-0.280321662663,-0.167507482382,0.0056994001742199,-0.106134593348,0.0270169798954,-0.0529509892807999,0.0318034111167,-0.00140264002483,-0.00352650242813,0.144120741057,0.0761199797868,0.154758351999,0.0750524467993999,-0.0729629314055,0.0247012353978,0.157492480014,-0.0193744953065,-0.0174010530384,0.00704490537221,-0.183679311323,0.0226827697536,0.0213060716309,-0.0661166094383,0.0418825350512,-0.112765906446,-0.0457400611695,-0.216432768403,0.0867104581983998,9.52840707074677,2.58645047299,3.21922999493058,2.49430880285317,0.0092164071519299,0.88554,0.69473,0.66789
140100,140000,nationwide_score,0.822,15.4869840492877,6.64841850772706,0.156156073707,0.096391063998,0.887218045113,0.133598084881,-0.33315955718,0.213820418658,-0.138659947072,0.00192318226127,-0.0281877147767999,-0.120455383129,0.0284283370194,-0.224422529399,-0.0187496183814,0.174571287843,0.0142480755761,-0.0232578034157998,-0.106755202389,-0.0699894222077998,-0.20779263245,0.0598417112482,0.168540048826,-0.0498617036684,-0.00772142848229,-0.0500585839663,-0.0136731966508999,-0.0389541082041,-0.0687897453876998,-0.0894447449832,0.256797501849,0.0012403242558,-0.0785863019525,0.132007059787,0.0829224438285,0.000288022757755,-0.153262825178,0.0373700814785999,-0.0739510376716999,0.188036643035,0.101355269092,-0.262151612601,-0.114868915198,-0.0335805681227999,-0.164860800062,-0.0765417312718,-0.107003440315,-0.0257186929796,-0.017412232158,0.0075017814384699,0.19346841343,-0.0271358893231,0.164571766579,0.0549844280846999,-0.0163207149742999,0.0129719310867,0.1512184046,-0.0244280082798,0.0673774154711,0.0792050823624999,-0.155124328659,-0.0480247298597999,-0.0922920096345,-0.124336752033,-0.0286143065127,-0.0756627871092998,-0.0474036782539,-0.171989687301,0.0687549738469,10.3453536487813,1.20814545341,1.97857817541718,1.89813725174096,0.0014530089430799,0.9148,0.77565,0.78139
140200,140000,nationwide_score,0.761,14.946912992036,5.3993023322003,0.148878207011,0.128890651268,0.725806451613,0.104961463596,-0.25936581028,0.236386973409,-0.187194458425,-0.0380468947867,0.0231484215803,-0.136771081819,0.0926667990513,-0.190236943442,-0.0146208210495,0.139977317588,-0.0655704898719998,0.0408674866058,-0.0391660026695,-0.0844753205065,-0.19589794539,-0.00312427703631,0.173423165209,-0.00876534834944,-0.0379985170656,-0.0439699006009999,-0.0254540895644,0.0214777587104999,-0.0411278920531,-0.132450899602,0.237135036902,0.0171028716284,-0.129883743624,0.107911486762,0.0968966246798999,0.0212071616122,-0.0965973610611998,0.0764099398423,-0.0692674050931,0.160019272768,0.165473026784,-0.20142443661,-0.0709305434558999,-0.0301435372358998,-0.169746304488,-0.0340962693947,-0.121227626078,-0.0130809324942,-0.0839875955148,-0.060413759226,0.187857601622,0.0591334466148999,0.0769778577271,0.0016561487714599,-0.114436715658,0.0821984171931998,0.110032391739,0.0162254260213,0.118188633955,0.064659875499,-0.101328355309,-0.123083650218,-0.102053355163,-0.167805495413,-0.0367130426112999,-0.108899551423,-0.0441654908142999,-0.176749507461,0.0415517379398,9.95900160440097,2.32742324436,3.11109003785146,2.58305818779758,0.00835367076794,0.88215,0.7184,0.6947
140300,140000,nationwide_score,0.775,14.093143052138,5.67077389145026,0.145437875143,0.129488113423,0.712121212121,0.0963718377957999,-0.270984160316,0.202318902658,-0.160249248986,-0.0108202483664,-0.0159968050581,-0.184476868629,0.147678770446,-0.189137529166,0.0009155915749679,0.180713633342,0.018724135704,-0.0668493704764999,-0.077235194724,-0.0077116617624899,-0.184330996809,-0.0009728972303059,0.176467135494,-0.138930035086,-0.0221753503819,-0.0838584362705998,-0.0067953738522699,-0.0052728339497199,-0.0644741028944998,-0.106953756635,0.259413170934,-0.0146952410611999,-0.111368305148,0.0923439231814,0.0773822468907,-0.00815043188203,-0.0923251112521999,0.122317716413,-0.0196084461313,0.181125928015,0.151040832134,-0.183370077121,-0.0933562609259998,-0.0235216069957999,-0.0865051092547999,-0.0134608556049,-0.0513664463331999,0.0135018988805999,-0.0015069809361399,-0.0112215154625,0.197059048898,0.0954479571706,0.151850986888,0.0286971755717,-0.0937411116685999,0.0796060912108,0.143587005747,0.0699013775883998,0.133242731876,0.00722227383885,-0.106710959136,-0.0891213140913,-0.109519964957,-0.157394525561,-0.011970985643,-0.149382618135,-0.0215552985396,-0.123400175324,0.0624855238685,9.99882700188455,2.57289956684,3.51500490117583,2.864604043591,0.0453591266374999,0.87385,0.7279,0.73154
140400,140000,nationwide_score,0.766,14.9723920692217,5.43153136324662,0.165908719952,0.118651272465,0.566037735849,0.086008040421,-0.248399956276,0.18354963015,-0.162936476193,0.0224928168129998,-0.0070440836325499,-0.125806910512,0.115810592772,-0.21364716237,-0.0050346902943098,0.132092848676,-0.00664397196118,-0.0524146808850999,-0.0413074227707,-0.0596435073831,-0.206915847563,-0.0312257623163,0.140515213182,-0.0983931014342998,-0.0178151959832998,-0.0681820629473998,0.0047992653164799,-0.00146996945175,-0.0903969916165,-0.0867140707764998,0.2690817659,0.0111984414385,-0.117846725919,0.0993368389558,0.0640615100500998,-0.0241945628224,-0.116641426241,0.0933230665962,-0.0372364587713,0.19853000826,0.136578576443,-0.222103145431,-0.0885194795542,-0.0561444801442,-0.125659339729,-0.0183447696179999,-0.0637752155833,-0.0238706536679,-0.0484329625022,-0.0744762141892,0.190668478665,0.0935742529653,0.129779214396,0.0296686774801999,-0.102139237041,0.0695040628159,0.162383531597,0.0689675356063,0.163498395849,0.0187981708722998,-0.117454116209,-0.109117989117,-0.0957705028175998,-0.155861727586,-0.0305366672436,-0.140081910389,-0.0636221601022999,-0.113935290593,0.0693172081293,9.80971391177662,2.6809885608,3.33792765433363,3.01038178143988,0.0292630079901998,0.8596,0.72144,0.72472
140500,140000,nationwide_score,0.779,14.5994125584136,5.45337424447028,0.138866684541,0.127425544838,0.630136986301,0.0896586549369998,-0.245755421493,0.196699435147,-0.154501246353,0.0304616747723998,-0.0130259373022,-0.147225865245,0.0773708413748,-0.199973198551,-0.0118472237929,0.126193049671,0.0374777214334,-0.0949714423468999,-0.0527671642815,-0.0442707031324,-0.201820243483,-0.0111492065007,0.155420290917,-0.101304809682,-0.0147760201172,-0.0685694145278999,0.0343905954412,-0.0121831745235,-0.0872657137032998,-0.0999019339873998,0.258420416935,-0.000630325845081,-0.108678893639,0.131387105797,0.0754211788212,0.0170424205052999,-0.117219458882,0.100392830186,-0.0530716661749999,0.183399756876,0.141890950872,-0.248659816839,-0.0733151865262998,-0.0479065134527,-0.0794763504206,-0.0391032119338,-0.0520985104655999,-0.0391978365834,-0.0305579436757,-0.0282772966827,0.177910165281,0.0757280964222,0.172084635496,0.0631998189852999,-0.0785247770902,0.0570655702327,0.164918434233,0.0332459017178,0.119843471296,0.0335697386347999,-0.165779561416,-0.0999943530759,-0.0936363418449999,-0.130355370358,-0.0176085596866999,-0.13779495783,-0.0816922390775998,-0.10502625518,0.0590255913655999,9.97172896975812,2.25652564393,3.03819970315515,2.78087645753249,0.0157161345880998,0.86165,0.72952,0.75318
140600,140000,nationwide_score,0.786,14.279245203127,5.01456520951988,0.17237156874,0.113793687118,0.622641509434,0.101829531118,-0.259865964298,0.217887368183,-0.17899138879,-0.0283948875206,0.0242224638286,-0.116210217276,0.0922172579645998,-0.173521254397,-0.0255714108573,0.147101473052,-0.0758071626715,0.0425179037248999,-0.0470250458327999,-0.0783600021294,-0.216717363756,-0.0049884427960398,0.161001400972,-0.000479181147156,-0.0386377170802999,-0.0481367034698,-0.0259554987536999,0.0218489721918,-0.0634393394557,-0.130565169858,0.217796674864,0.0205883318663999,-0.132793861703,0.113166014355,0.109611230078,0.0339794661441,-0.11915841633,0.0759408635123998,-0.0562443430997999,0.141353652612,0.182209459502,-0.2200640907,-0.0658918101757998,-0.0202782094381998,-0.174747340422,-0.0144873755821,-0.110200220046,-0.0120079276265999,-0.0824058012856,-0.0650898217981999,0.178602761066,0.0601928400716,0.0737630791055998,-0.0043334597241698,-0.119579735508,0.0816003840845,0.109401209152,0.000158120998384,0.108807804625,0.0677240152001998,-0.0831398863736999,-0.137683272122,-0.0893716260571,-0.177953486911,-0.0429665731935,-0.105496747338,-0.0387947249649999,-0.173116919029,0.0477150653163,9.84028449147592,2.31510399246,3.2106412537702,2.68493460916001,0.0158509591000998,0.89092,0.71548,0.76242
140700,140000,nationwide_score,0.761,15.0333865633171,5.33403499190859,0.164904463222,0.117663414858,0.600591715976,0.0979665352409,-0.266917769989,0.23735809974,-0.164914506875,-0.0128007226163999,-0.00609312284165,-0.156040840591,0.0882756419178998,-0.19695250366,-0.0472687527208,0.175885240976,0.0242638673424999,-0.0301301285733,-0.0476167552626999,-0.0329328387220999,-0.190009616867,-0.0144882146482,0.158346986759,-0.0726499193337998,-0.031461899825,-0.0689660842924998,0.0207295120176,0.0032100656666899,-0.0590566551622999,-0.133925002838,0.237704150158,-0.0112092842762,-0.106702191311,0.119693816393,0.0790909984816,0.000147720967713,-0.139151564068,0.100015607508,-0.0581960844038999,0.159972069364,0.158989455946,-0.224105443992,-0.0758105124974998,-0.0417098708383999,-0.133799260959,-0.039079330836,-0.0737223230652998,-0.0130708265367999,-0.0595873474062,-0.0389207373131999,0.182134750054,0.07095998168,0.162024088752,0.0619010099786,-0.0846440996506,0.0554515730095,0.164074802632,0.0224864401096998,0.0955312229203,0.0160321836670999,-0.107690731739,-0.0907466533087,-0.117171660835,-0.156141559707,-0.0317681777824,-0.125779069389,-0.0563851340342,-0.12248351163,0.0512070480826,9.77319183240599,2.47052668924,3.21833147202307,2.81037523331219,0.0170682961673,0.88154,0.72287,0.69246
140800,140000,nationwide_score,0.749,15.3778570725081,5.81841357361031,0.169417480847,0.125118418613,0.492662473795,0.0743223152900999,-0.24058702246,0.22223123615,-0.103075549197,0.013553281612,0.0315987247722,-0.129257847858,0.0824374359111,-0.195011789539,-0.0638904082063,0.126743251816,0.0055913159097799,-0.0895580396949,-0.0558717315424,-0.0525898604227,-0.206513728264,-0.0360587867298,0.128430533648,-0.0915002830354,0.0562541961328,-0.089692017378,0.0338323822099,-0.0073113256045099,-0.0617778246002,-0.0841538872161999,0.312115394807,0.0349862376226,-0.103626699858,0.127998463427,0.0858002179768,0.0129550093674999,-0.138214932447,0.0426022270736,-0.0403126683661999,0.150887423279,0.159627271806,-0.291209848192,-0.103631753049,-0.02691416711,-0.0904667908874998,0.0149928223426,-0.0554700868063999,-0.0218818804294,-0.0416889868476999,-0.0269365281169,0.155955269871,0.0620685180068999,0.165795951361,0.0740161637089,-0.0711504901150998,0.0137480921364,0.183810620617,-0.0075937961092399,0.0177182239720998,0.0453015314820999,-0.183412904299,-0.0581513515295,-0.0533364902748,-0.151715752082,-0.00409157302028,-0.112114882544,-0.125681612557,-0.127564869067,0.0722691318818999,9.60933131837761,2.85128394095,3.62393506856054,2.9967674462578,0.0363183311845,0.88154,0.72472,0.65725
140900,140000,nationwide_score,0.748,14.8050521233252,4.68042787278886,0.161431434682,0.14464990264,0.539033457249,0.0826042781152998,-0.262096454622,0.241962754659,-0.170728683108,-0.0277158105689,-0.0040485504076299,-0.161898924679,0.124466683229,-0.175243716663,-0.0227715453777,0.174011184558,-0.0188539802336,0.0240609624106,-0.0379144092816,-0.0452537360717999,-0.184114632712,-0.00638998483341,0.180316693934,-0.0573213633074,-0.0541915648071999,-0.0626823515165,-0.0116329831689999,0.0386598156243,-0.0556882788747999,-0.141755176778,0.22850523099,-0.0017815950241498,-0.107388651829,0.0972505234555,0.0819334964284,0.00991915487247,-0.119332930581,0.110789785584,-0.0452871572517,0.150689666271,0.16687152968,-0.197276430581,-0.0631124312657,-0.0394457116661999,-0.130783141388,-0.0231273316293999,-0.0870716190793,-0.00868242061712,-0.0635489531683998,-0.0574074610096999,0.184326071131,0.0946787148057,0.11196213783,0.0286942603232,-0.10980560444,0.0911137319661999,0.141441065271,0.0265835903132,0.122285035851,0.0337242017086,-0.0828334224884,-0.121913420191,-0.11222711485,-0.166859174134,-0.0440675465795999,-0.143506427141,-0.0205566710918,-0.138753692529,0.0388571619431999,9.56016229644789,2.65572826385,3.43473989316329,2.95742198970215,0.0244836035677,0.88308,0.70385,0.67401
141100,140000,nationwide_score,0.756,15.0363407743418,5.08400595777478,0.194105100123,0.107128613904,0.533923303835,0.0985305586315999,-0.269088595457,0.21540144196,-0.168638294152,-0.00492696680511,-0.00998097834164,-0.172892182533,0.120701116099,-0.220448258627,-0.0150490083738,0.159560436743,-0.00968196026008,-0.0220610172685999,-0.0594531520875999,-0.0448749563315,-0.194759226159,0.0088669748143698,0.187393951031,-0.0952209075440998,-0.0253747978908,-0.0720761617030998,-0.0160809488667,-0.00320857711031,-0.0810408449125998,-0.116997292489,0.245389694679,0.000469953425248,-0.0963103769037998,0.106950561622,0.0780667338493,0.012839417358,-0.110712679591,0.110902255044,-0.0254111709535,0.159263358287,0.160998809891,-0.20753876583,-0.0721890044427,-0.0418228438837999,-0.0951994735279999,-0.0213574912492,-0.0617121054946999,0.00556388256067,-0.0483766692343998,-0.0357905031091999,0.181318652913,0.0762150551713,0.148306631656,0.0344695560624,-0.0968798605764999,0.0766317789508,0.135789147433,0.0486593015944,0.109865869514,0.0260047332105,-0.0954556377538,-0.101639147773,-0.102990384357,-0.157382639061,-0.00939031166917,-0.125399587076,-0.0461950916912999,-0.133488430246,0.0537943286783,9.50816705238638,2.60797448451,3.46548726091902,3.10133535010155,0.0360515915906,0.87846,0.7053,0.69857
150100,150000,nationwide_score,0.802,15.0538850788626,5.30761779345016,0.139643210857,0.108839140968,0.791304347826,0.121818580756,-0.289604512661,0.236373303567,-0.202655064545,-0.0231659703967,-0.0106801727404,-0.159029989153,0.0555810016522999,-0.217591093965,0.00442659333537,0.132827364151,-0.0690943607935999,0.051332858118,-0.0405299671543,-0.111647788892,-0.133183634311,0.053708245983,0.191447068436,0.000810286212194,-0.0310046072308,-0.0200925316143,-0.0626914638025,0.0088532986598198,-0.0504498649019,-0.133227030965,0.230421885602,0.0157831561824,-0.0935331603083,0.151632300879,0.0867686865053999,0.0216221612516999,-0.100082199219,0.0590784396367999,-0.0825636296016998,0.174226868904,0.160813836376,-0.20156613923,-0.0549534908999999,-0.0767584035337,-0.159660286784,-0.082162708961,-0.143083113777,-0.0235519484632999,-0.0451434885897,-0.0441202850201998,0.190921302093,0.0236694702871,0.0588180106955999,0.01816781919,-0.077453267832,0.0846202540423,0.0802740930217999,0.0040344462874298,0.10959127935,0.0788347499715,-0.11290045663,-0.0970631539075,-0.106964853255,-0.10913380143,-0.0210312411493999,-0.112809230431,-0.030875091447,-0.206426946949,0.0567306564021,10.3069888979751,1.90234973413,2.89506435809982,2.65397872935475,0.0136338586888,0.88215,0.74279,0.78772
150200,150000,nationwide_score,0.817,14.8124595618595,4.59714558351288,0.132584508546,0.125246169299,0.863468634686,0.130508060642,-0.275834659665,0.188809340624,-0.174959226843,0.0076483702334899,0.000459752864035,-0.157348155548,0.0623338919705,-0.250263173674,0.0364937206547,0.118056426948,-0.0774605983853998,0.0373172578702,-0.0397799275848,-0.135275145132,-0.157467225719,0.0520812191662,0.160685189834,0.002190990508,-0.0211912783567,-0.0274022679531998,-0.0854592966099999,-0.0136967926302,-0.0893568805888999,-0.122384012062,0.248700381575,0.0359018692417,-0.0829203674036999,0.153853005678,0.0925193162399998,-0.000183745001057,-0.0934606764596,0.0497979916246,-0.1010157713,0.210532059146,0.160868620732,-0.191519282028,-0.0510731265247999,-0.0935584270014,-0.129171564939,-0.0617737622953999,-0.148881222802,-0.0154989423204,-0.0548383350270999,-0.0375903174232,0.177434978305,0.0101402174590999,0.0743298971887,0.0048365328630498,-0.0606768180626,0.0798866864317999,0.0750922379713,0.0341574183982999,0.0985331861524998,0.0861311444227,-0.100404656917,-0.097722591469,-0.0932175948596,-0.136187848126,-0.0219386923872,-0.0832332343533,-0.037892213356,-0.209190348694,0.0789816024674,10.5037287273685,1.76426312319,2.38074600166225,2.83434767541789,0.0180753047079998,0.91231,0.72609,0.82272
150300,150000,nationwide_score,0.805,13.235693848424,5.82804553025439,0.136301296882,0.104394049578,0.946428571429,0.114246679725,-0.175236224198,0.171332866421,-0.113633737757,-0.0113925671673,0.0419512761554,-0.157925514685,0.0759700654388,-0.240931313337,0.0209383378665,0.162293487375,-0.0912702768125999,0.046314858339,-0.0565003393387,-0.12718078808,-0.187580278114,0.0182163950599,0.180517356816,0.0207081096428998,-0.0390513848813,-0.0835416976548,-0.0399607250972,0.0167299835107,-0.0570157440079,-0.178139849018,0.184647296154,-0.00637872517009,-0.113150248121,0.160837151718,0.138144259995,0.0305619799219,-0.0423201074403,0.099813872954,-0.138573483303,0.126505658339,0.189693985404,-0.192817100605,-0.0076482040993199,-0.0825419481409998,-0.136484081582,0.0085729229487398,-0.161540054306,0.00919004747917,-0.124203720217,-0.0192633664879999,0.154727704196,0.0271524596360998,0.0881267977743998,-7.89814490411e-05,-0.0958659067001998,0.0589012751660999,0.0521027179452999,0.0572237347262,0.0347395755258999,0.106290804909,-0.0422132256241,-0.159337670306,-0.114757528936,-0.25937469095,-0.0466554027886,-0.0383721912841,-0.125368894891,-0.160759716895,0.0656346574291,10.0352353242041,2.08603430534,3.01552721532554,2.25185516224319,0.000890196870024,0.87369,0.72931,0.82019
150400,150000,nationwide_score,0.738,15.2117554974621,3.8602355247888,0.155178976825,0.122013598815,0.529702970297,0.0238846071372,-0.141351055555,0.200283070868,-0.179115974839,-0.0337944001718,0.0158711378198998,-0.129100274332,0.260786416073,-0.114946811896,-0.0361901810650999,0.16896109078,-0.112591697561,0.106480736258,-0.0684176932412998,-0.0964458447919998,-0.118751680232,0.0076112543139599,0.139638189554,-0.0277900729633,0.0143569340832,-0.0592729020787,-0.0762221914991998,0.135019884328,-0.0326117424543,-0.0535125862631,0.221116535121,0.0323440194271,-0.109290528611,0.127803352788,0.0361812272499,0.046606334726,-0.121197459551,0.0325966568949999,0.00644967177818,0.0859403733677999,0.235903919814,-0.144354843161,-0.0208460340816,0.0570325507936,-0.128970629706,0.0168572104998,-0.116726407184,0.0292983292972999,-0.0102305968667,-0.0652284824834,0.246817029085,0.105075014807,0.0665826338352999,0.0328844499790999,-0.18997072418,0.162286572008,0.107357830307,-0.0552512593850999,0.0067944872407999,0.0942463630146,-0.121935033459,-0.0413840390855999,0.0275621479866,-0.166688338162,-0.0695216488305999,-0.154246127861,-0.0289358889855,-0.199473459065,-0.0484893788928998,9.57790139154953,3.18225681202,4.2408535083724,3.62643127279699,0.122808386764,0.85077,0.68129,0.69292
150500,150000,nationwide_score,0.745,14.8698229361678,3.9068002737941,0.145966030991,0.110724903566,0.498257839721,0.018805030689,-0.0763284907160999,0.228653008009,-0.240648276006,-0.0341178453217999,0.0137196375066999,-0.193803614803,0.238307433178,-0.127018009819,-0.0523635839157998,0.181560547915,-0.110220194439,0.0231857950406,-0.00840472103643,-0.150494728238,-0.0435278110778999,0.0464259190887,0.146465133107,-0.0544024577155999,0.0476751140928999,-0.0259168815155,-0.0495906963341,0.117570076407,-0.0326974168444,-0.00167220592079,0.291076250882,0.0738637395672998,-0.0955023038228,0.172928400803,-0.0150404721473999,0.0213755247534999,-0.0642183078832,-0.0222557587983998,-0.0054259341636199,0.0463415040333,0.206689228022,-0.11113246705,-0.011298796812,0.0737868383873998,-0.0887239212135998,-0.000389654353855,-0.152503961294,0.0132839942582,0.0206776917632,-0.0344006084147999,0.233903977835,0.129870027828,0.0229878226675,0.0829947275245,-0.145358018577,0.173613183178,0.0707221705301,-0.0327676353264999,0.00682891305295,0.0579869210301999,-0.120296875027,0.0422252622817,0.0402508644513,-0.0440602470966,-0.0765688794825998,-0.184527042715,-0.0317611985465999,-0.21586690461,-0.056867699264,9.27966749653744,3.33687966019,4.30813707410123,3.63735291928058,0.143541454123,0.86154,0.69055,0.6952
150600,150000,nationwide_score,0.818,14.5856192426232,3.25319750192436,0.182079499993,0.0895848668399999,0.773148148148,0.108686240818,-0.254358207285,0.189401453736,-0.15827804567,-0.0075101121301398,0.0126396597225,-0.16389822078,0.0807817381027998,-0.233839538938,0.025414468613,0.123135772563,-0.0926240966019,0.0523550394263,-0.0393742630499999,-0.120718706027,-0.176433210961,0.0257664198369998,0.179227884184,0.0097089879853199,-0.0500550963569,-0.0472230843607999,-0.0762333686973,0.0327632075765999,-0.0791681418035,-0.15439286183,0.222090168022,0.0278977966144999,-0.110739050837,0.126397955881,0.116701713078,0.0319757385590999,-0.0689854573198,0.0862694859234,-0.0976223278249998,0.167839076686,0.177588136148,-0.179504088957,-0.0347696643448,-0.0747351456535,-0.105866567664,-0.0155189722066,-0.141335553802,-0.00145441630016,-0.0732134154086,-0.0381160048198999,0.172354850177,0.0419551322216,0.0712697668064,0.00505354866471,-0.133224013756,0.0908195548544998,0.0770624182693998,0.0277814271143,0.111121490376,0.0842089307761998,-0.0965282563554999,-0.144459773594,-0.0960572253087998,-0.162876657238,-0.0142008795782999,-0.0917316568292999,-0.0285826641415,-0.174690943727,0.0467662350581,10.1727499784329,2.71775438723,3.61750323738259,3.02192088827739,0.0359956866073999,0.85846,0.71327,0.89341
150700,150000,nationwide_score,0.761,14.6219868702597,2.28831830776317,0.116370802293,0.128275760264,0.736607142857,0.0281956636377,-0.151926370025,0.239481364847,-0.257737646359,-0.0426177855747,0.0114409560415,-0.240207337192,0.15204933227,-0.0960618037108,0.0543748499967,0.151569689804,-0.124805277198,0.0281842682578999,-0.0027925407333399,-0.222938328881,-0.0058877124917599,0.134225659364,0.143939632371,-0.0848534798023,0.0447853759331,0.0382271203139,-0.025399295152,0.0566094158809,-0.0610085861706999,-0.0641763283329998,0.288198920709,0.0711281771348998,-0.0341303173151999,0.258214501122,-0.0492216650708999,0.0653488990725999,0.0100942533924,-0.0265621831558,-0.0167711494889998,0.0310298686329999,0.127253535461,-0.0661011318158,-0.0223066860151,-0.0162946098502999,-0.050576803719,-0.0784738266444,-0.147379778812,-0.0643527866542999,0.0548805223965,-0.0372348175982,0.188501099229,0.0717512150070998,-0.114589068827,0.0251545099449,-0.0858749884016,0.151390014803,-0.0123548933728,-0.0109856133835,0.0479749215182999,0.0747797078126,-0.0836814474521,0.0170319434799999,-0.0683613267665,-0.043727400893,-0.10612171592,-0.172814421913,-0.0295800193697999,-0.193534191534,0.0338812048503,9.50728687444014,3.61490161935,4.72887707430902,4.15000334979853,0.207344145357,0.86615,0.70854,0.71943
150800,150000,nationwide_score,0.763,14.2472936237402,3.20446508268622,0.128637894632,0.132278188656,0.597402597403,0.0994571235341999,-0.15094092039,0.227887287171,-0.167015170082,-0.0617591183907999,0.0459118231425999,-0.140399889452,0.10421580617,-0.245695585049,-0.0028271762640599,0.114978657208,-0.0813331345343999,0.0698902357303999,0.0292002891712998,-0.120746540346,-0.140635655461,-0.0131904016267,0.129202565079,0.022002395178,-0.0354128504237,-0.0215406161881998,-0.0886111242367998,0.0386375247461,-0.0670390371370998,-0.146590202984,0.204477478991,0.0560310710075,-0.116945886778,0.133220200812,0.110057496366,-0.0003323537021049,-0.0788592672192,0.054109396192,-0.108270693652,0.1394478101,0.185884543934,-0.189767193671,0.00208413468836,-0.126555265232,-0.174828347828,-0.0226883136694999,-0.150998883443,-0.0282005474902,-0.128929264864,-0.105862517058,0.197160333322,0.0603470015743999,0.0451129128871,0.0114782716789,-0.0870794174122,0.0914376528831,0.0940599308123998,0.0387982183304999,0.0520355152988,0.0569099764765,-0.0715702853655,-0.140986966918,-0.0807926266920998,-0.190045324192,-0.0510211138498999,-0.110674362375,-0.112562994895,-0.206527293831,0.0548970029203,9.55968258796625,2.84844840535,3.77255957196207,3.57983397816913,0.0579299998119999,0.88028,0.68818,0.73239
150900,150000,nationwide_score,0.746,14.3461393972616,3.47315347298802,0.112402946859,0.192158328796,0.6,0.0625540927981999,-0.209958634564,0.172962643747,-0.210617034403,-0.031361369184,0.0323921302453,-0.131128807223,0.120170230998,-0.157151106959,0.0192693957649998,0.108639289713,-0.124789859592,0.0774507032128999,-0.0361817032666999,-0.10775153848,-0.138596692599,0.0122134416217,0.156471003764,0.0467666911836999,-0.0590564791130999,-0.0325444357032,-0.0590816007607,0.0938846371902,-0.0532514902453,-0.142703957213,0.190556020349,0.0346414640868999,-0.14087646129,0.114758530807,0.0972831184987,0.0574260452679999,-0.0857245175352999,0.0694767358677998,-0.0597085067450999,0.137664481549,0.214240727469,-0.148366521672,-0.0112668992586999,-0.0371604781398,-0.133743795241,-0.0008617772702179,-0.127976823736,-0.0116446027165,-0.0775993761005999,-0.083056072432,0.19500319025,0.0703126217158999,0.0218800551444,-0.023521787349,-0.17560876772,0.141370677644,0.0458510959433999,0.00333384311506,0.130235375003,0.0955311593183,-0.108680199111,-0.175257773381,-0.0813268325987999,-0.16589254197,-0.0255105575282,-0.138281519379,-0.00982830902958,-0.176643903655,-0.00761562550955,9.50741685491533,3.17896259331,4.08082637613042,3.40367314126863,0.0950411282277,0.87846,0.66841,0.70695
210100,210000,nationwide_score,0.826,16.0204829323449,6.55939638710942,0.115437967717,0.142270897046,0.845644983462,0.0878861757326,-0.274039647612,0.23369398987,-0.218412701873,-0.0539173065209999,-0.030127346393,-0.175747692465,0.0841938023739998,-0.164281090652,-0.0459013147364999,0.195654762758,-0.00878275904063,-0.0221765514745,-0.0695077441219,-0.12339089163,-0.104134990789,0.0602780400234,0.17584555588,-0.108478365569,0.066415243245,-0.0253588770630998,-0.0098563266976898,-0.0601189216904,0.0085088508638599,-0.0247412913631,0.332738537843,0.0475256409163,-0.0612409153847999,0.155550198442,-0.0241251057157,0.0022151723399799,-0.0244637734256,-0.027950508137,-0.0328176263557,0.123831989128,0.115717475527,-0.19040389051,-0.105430744356,0.0684545823809998,-0.103745093,-0.0874516398660998,-0.12990943152,0.0591341232599,0.0476772504401,0.036747164142,0.151250263691,0.0310946214295,0.0957453472891,0.119997072035,-0.0641911006193,0.0496157543956,0.0744163044897998,-0.0293394161598,0.0187663365713999,0.0686431296863,-0.174166179041,0.098006397615,0.00791344142782,-0.0141671996916,-0.0073656088878798,-0.107490770756,-0.0302897569376999,-0.263652989249,0.0822550926665999,10.5993098727755,1.72855158039,2.62615129907646,2.50228472569096,0.00985477251245,0.93754,0.7792,0.77066
210200,210000,nationwide_score,0.835,15.8237247245839,6.29124161226343,0.118366802838,0.155050461914,0.824161073826,0.0535723702608,-0.243907387391,0.219570245761,-0.154938378717,-0.0467444184497999,-0.0490479698387999,-0.148338715187,0.115522611197,-0.132873714576,-0.0654081669257,0.163251021988,0.0246092081627,-0.0434290649663,-0.0940190315114999,-0.102681888264,-0.172937760554,0.0461626878184,0.19309664133,-0.122134337945,0.0944677047237,-0.0414517148012,0.0236503952971999,-0.0356644919417,0.00679569025686,-0.0611672929168,0.293982791799,0.0260892887145998,-0.0938000714905,0.131876182967,0.0311066867922,0.0406553747234999,-0.0155538535814,-0.0248574031978999,-0.0135485248501,0.105141267069,0.134350716234,-0.203854613555,-0.100146502193,0.115170908182,-0.0300444372320998,-0.0194224413915,-0.0562611354039,0.0242292593631,0.0147136298081,0.0574527624473,0.132725506972,0.0480767673856,0.143071665334,0.141720068835,-0.0852701137602999,0.0257783924375999,0.160928891567,-0.0911111792773,0.0167438905327,0.0892030357658,-0.226963294795,0.0890292191338998,0.0244359681795,-0.0882391918425999,0.0105830711516999,-0.106528839574,-0.072548862499,-0.212036911667,0.0674503116202,10.1079723622017,1.69499205992,2.60474129942222,2.19347147511069,0.0022938794278899,0.94615,0.75917,0.81008
210300,210000,nationwide_score,0.785,15.0154756420974,5.88438028455605,0.106093710728,0.170654404887,0.746987951807,0.0652145047506,-0.250015994272,0.227754808435,-0.209776123943,-0.0618605606245,-0.0293479576855,-0.166389573559,0.120902850817,-0.150023913962,-0.0503009986333999,0.183749827426,-0.00338383906984,-0.0119962943002,-0.0587535441730999,-0.109232137741,-0.122191014713,0.0314859947884999,0.165627310445,-0.13909089139,0.0819475990448998,-0.0411814052454,-0.0126241367928,-0.0608565501928,0.011161495719,-0.0302426342493,0.3293314735,0.0433755894708,-0.0803201107243999,0.141061257169,-0.0171131618296,-0.0030881904421999,-0.027925306619,-0.0280648154966,-0.00444403006466,0.11021100112,0.144495892086,-0.180052527392,-0.109742120797,0.091662450913,-0.0846870579974,-0.0467868238081,-0.0883329365558,0.0645909568446998,0.0328791735047,0.0156484429594999,0.129618676517,0.0672506804695,0.108298087185,0.112319087557,-0.100669340873,0.0591216545981999,0.104288958095,-0.0319705852034999,0.0173746159118998,0.0603774940186,-0.164300205199,0.0946051352434,0.0146022904224,-0.0557984591309,-0.0115431641718999,-0.12559513085,-0.0421200707801999,-0.257164612182,0.0950508306904998,9.94957225300796,1.97939705505,2.90728043560207,2.46843185523748,0.0062274867813398,0.91385,0.73466,0.71961
210400,210000,nationwide_score,0.761,14.4360875833236,5.11226829785694,0.0925124205409,0.183976676528,0.779569892473,0.0531557498551,-0.220377829776,0.268466850585,-0.252128564015,-0.0401877706581,-0.0450896753983,-0.22931201568,0.125626174397,-0.115053751272,-0.0067865341677698,0.141082332895,0.0241981843107,-0.0361221036276,0.0110828833668,-0.136124088906,-0.0663405986727999,0.0586290557657999,0.168824724167,-0.157124081379,0.0545101971176,-0.0041505107490498,0.00242036632457,-0.0350425646182,-0.0011303269489,-0.0837723063081999,0.322066665085,0.0114862467617,-0.0789730072430998,0.191395611978,-0.0490043392531998,0.00098405601673,0.0139829182792,0.022597165289,-0.0332161108203999,0.104933460935,0.15190566013,-0.128272157611,-0.0815786901616998,0.0452573296996,-0.0417937196418999,-0.0954544430184,-0.0950702540894999,0.0407375797335,0.0330432130549,-0.00744739616777,0.145542813854,0.135542013855,0.0577631572899999,0.109587881064,-0.124934192757,0.10770833052,0.0775765719582,0.0093968109737799,0.0813019077916,0.0339682070509,-0.118575431933,0.0743240426305,-0.030279084575,-0.0188794462194998,-0.0336343590513,-0.177600712185,-0.0474401846739999,-0.216718829886,0.0684682610433,9.16971381086654,2.16110408641,2.99040720360214,2.6845818313292,0.0142287128168,0.86538,0.7333,0.69479
210500,210000,nationwide_score,0.798,14.093143052138,5.06028381802671,0.0917073274676,0.177519980644,0.795454545455,0.0625655424944999,-0.240631496127,0.24051251846,-0.218975309675,-0.0159947632116,-0.0685078714848,-0.182666553766,0.140678575661,-0.110518214368,0.0126426398685,0.14335776802,0.0178883964803999,-0.0312487928995,-0.0422560185672,-0.126887092993,-0.114800419485,0.0754732021519999,0.180957501627,-0.171814456871,0.0536837844020999,-0.00780031040694,-0.0178436118873,-0.0589875270049,0.00340705754566,-0.0582935991762999,0.294266428683,-0.0112079037692,-0.0882840677364,0.169420298559,-0.0326576978606,-0.0148639698565,0.0133743832737,0.0366086040818999,-0.00898673894955,0.13380328334,0.12268857806,-0.130120424687,-0.087293441887,0.0555369592271999,-0.0760333411614999,-0.0873533894764998,-0.0926035970461999,0.0449947875511999,0.0257348737557,-0.0141053044714,0.135006970715,0.0987399956906,0.0837160281577,0.0939075514459,-0.114164350542,0.0834445482359,0.0862201730223998,0.0020432239219199,0.110020383356,0.0690379037749,-0.117782950089,0.0663199793721,-0.0450119673833999,-0.0568177207070999,-0.0185115396054,-0.136092467228,-0.0594142198597,-0.204135539991,0.0873640535793999,9.28948337433695,1.9434991186,2.71189956886389,2.59506656390833,0.0107827090092,0.92308,0.74178,0.7417
210600,210000,nationwide_score,0.761,14.5948358934808,5.00079278618562,0.100132415598,0.185216610782,0.688073394495,0.015652363815,-0.205331389645,0.262341743876,-0.187799855994,-0.0735849787501,-0.0521772071629999,-0.173700467029,0.170188934321,-0.0819954990780999,-0.0115319400176,0.156526941738,0.0188021065073998,-0.0109340147662,-0.0313330162769,-0.117572302304,-0.156176082623,0.0193704532474998,0.172460901886,-0.175412501596,0.0715182837824999,-0.021356147453,0.0286576263581,-0.0336340053338999,0.0287000271558,-0.0666401344855,0.279171580894,-0.0170186746735,-0.103934442519,0.126455054171,-0.0038303731357799,0.0107739514058,0.0247298150926998,-0.00275728914032,-0.0137008617975,0.0643033229844,0.127541475761,-0.125510903445,-0.113303060093,0.123798751342,-0.0565628023503,-0.0217513452576999,-0.0592906958094,0.0442756465484999,0.0267919537759,0.0227146997265,0.136853516644,0.142619672076,0.0773247775962,0.141757701238,-0.133220583186,0.0526482692518999,0.139232913916,-0.0398519426846,0.049486594909,0.0686208186323998,-0.150440197162,0.0898750438891,-0.00532833822529,-0.0978047417538999,-0.0447981672313,-0.152518519466,-0.0738724806646,-0.214015684016,0.0636371514319,9.39030786043003,2.2167464871,3.13055027462778,2.66504501161741,0.0123158074616999,0.926,0.72019,0.66142
210700,210000,nationwide_score,0.776,14.8087627013449,5.5935116742737,0.0985507697891998,0.183596348414,0.596296296296,0.0775113975069998,-0.196490523642,0.294029708656,-0.255134316609,-0.0764709333950999,0.0261382049581,-0.174395514327,0.138307037241,-0.140433076136,-0.104578694259,0.168450901669,-0.0425988939143999,-0.00498951680161,-0.0218871059394998,-0.0803335178286,-0.10206087411,0.00549083348986,0.166590507847,-0.0840562072398998,0.0797375919432,-0.0309924235698,-0.00153198998866,-0.0018001345656899,0.0009439490210609,-0.0572396026723999,0.329671493866,0.0812955093961,-0.115120000896,0.138704188282,0.0027418999350999,0.0256650740578,-0.0459085338088999,-0.0113414284339,-0.0013809284087199,0.0556372380423999,0.165829259864,-0.18447565989,-0.0877144560509,0.0694017698805999,-0.0885511760119,-0.0160063756156,-0.0983099696112,0.0444702396781999,-0.0156997644295,-0.0107463284466999,0.142210932529,0.0902096150611,0.0820882563028,0.0968679078241,-0.124733789381,0.102371541886,0.105734553889,-0.0562325583553,0.000511432796282,0.0281094897975,-0.140966732138,0.0720781593712,0.00401861942488,-0.0571076980953,-0.0120864351701,-0.124852463743,-0.0403788507673999,-0.267865653538,0.0575768613257999,9.36898316934086,2.63554377975,3.52034757405817,2.96131472792805,0.0328358679598999,0.95077,0.7261,0.67738
210800,210000,nationwide_score,0.778,14.6613792547263,6.05096220998713,0.117619493659,0.159791013252,0.669527896996,0.0721475744979998,-0.251511514324,0.233081734319,-0.205422843823,-0.070429910868,-0.00298111949974,-0.167191811958,0.106972577681,-0.164451027441,-0.0528890157512999,0.194288901128,-0.0176171416274998,-0.0155905958737,-0.0755135434416999,-0.10254780155,-0.141612673774,0.0422064498908,0.162729129449,-0.119641646907,0.0834311989312,-0.0492451047154,-0.00594623487039,-0.0504378529941999,0.00194378959891,-0.0464915869175,0.329633909809,0.0495863865006999,-0.0843595120959999,0.141164131972,0.0074759328957899,0.0216697522502,-0.0439771680957999,-0.0298535950028,-0.0162346827952,0.0987222711603999,0.161079891147,-0.182311289906,-0.10886798982,0.0862770053483,-0.0633283208086,-0.0249299266948,-0.0796274423355999,0.0483882752359,0.0381979293453,0.0369603717935999,0.135792482395,0.0494296889905,0.119525794162,0.116955507181,-0.0879482210569,0.0470387220566999,0.125733985369,-0.0463722788292,-0.0080648684149299,0.0696595812547999,-0.190993708121,0.101493152927,0.0185575939660998,-0.0679330395529998,-0.00684357379737,-0.112597025524,-0.0543773483076,-0.263042946896,0.0860028467617,9.74530080597721,1.87707754992,2.79552401908785,2.40178113705714,0.00499167627484,0.88846,0.7236,0.73283
210900,210000,nationwide_score,0.753,14.3162864519372,5.08111071436088,0.105814935825,0.161295376035,0.618181818182,0.0566370652762999,-0.164176602015,0.280482137484,-0.243830946696,-0.0763123340302,0.0270039473148999,-0.212674922291,0.205834713596,-0.128622574331,-0.0860548005578,0.183616249042,-0.0533854808783,0.0196986786305,0.0111966249037,-0.0844054504821,-0.0703542605164999,3.52395536152e-05,0.17457850621,-0.0869447253261999,0.0532210157302999,-0.0304988166213998,-0.0239479761022,0.0552782871353,0.00673606338592,-0.0514326901552999,0.311203021659,0.0766879844162,-0.119727163995,0.155510587186,-0.0147318393959,0.011770455956,-0.0385764883322999,0.00416626016265,0.0020252389962,0.0488115943579,0.187627154523,-0.140522205512,-0.0788904533328999,0.0643582531473999,-0.0765696567043998,0.00275273542698,-0.117267675907,0.0560944185385,-0.0118089540361,-0.0443675794054,0.176060276886,0.127585055976,0.0699372786836,0.0929455154624,-0.146908639478,0.139412310763,0.0961831187275,-0.0323437580218,0.0157645001549,0.0131151438292999,-0.122124203617,0.0567831706517,0.00188077759383,-0.0646609918559998,-0.0357739579863999,-0.153100566682,-0.0214453798550999,-0.2233203719,0.0086716830166698,9.31410233790666,2.79919884084,3.8026770158562,3.17184189820327,0.0589947775385,0.91015,0.73503,0.63872
211000,210000,nationwide_score,0.781,14.2855148122098,5.83047777067468,0.0998680587552999,0.179821717139,0.66875,0.0753955706195,-0.240382199359,0.249742323515,-0.240469700981,-0.0594802017078,-0.0054327827349198,-0.175504528071,0.117223282932,-0.146084343716,-0.0607707016845999,0.167760757884,-0.0126609541208,-0.0258084604584,-0.0375349610676,-0.102498978739,-0.101073765169,0.0196493830102,0.153339016144,-0.124697250592,0.0783933830489998,-0.0353899236714999,-0.0026752867963799,-0.0590137818535,-0.00219299129872,-0.0458396415933,0.35111147693,0.0568147425156999,-0.0888321949976998,0.157763492304,-0.0259993200439,0.00437881301656,-0.0332888926432999,-0.0156567760348,-0.0079340799383,0.107694966626,0.167562876914,-0.174982204079,-0.0964159851391,0.0688107760799999,-0.0959747838691999,-0.0579294268694999,-0.0921049093928,0.0547621901895999,0.0124936711071,0.0002384406197089,0.129671302878,0.0857313583485,0.100707047262,0.0991440445966998,-0.0986906054221999,0.0917889734501999,0.0940237321988,-0.0285503475712,0.0179038198169,0.0377616822773,-0.148646213892,0.0861185364773,0.00639183498563,-0.0359622712861,-0.00155955278551,-0.115914015726,-0.0425034912589999,-0.263485400323,0.0843146884616998,9.66176624846055,2.3556138986,3.31713983151834,2.82437166922449,0.0196400003149,0.90769,0.73031,0.71895
211100,210000,nationwide_score,0.822,14.0855384585358,5.83837088952093,0.121532700325,0.145592029428,0.824427480916,0.0719787372297999,-0.257241855048,0.274264921151,-0.231986440656,-0.0913422252708998,0.0091881871051399,-0.175640068835,0.0766404126733998,-0.15715501456,-0.0648346328226,0.208054927314,-0.0126229169393,0.0221196297856,-0.0596068503992999,-0.0983059124234998,-0.0997527081074,0.0259476519111,0.15741290873,-0.0873087377929,0.058675664857,-0.0417484383382999,0.0084785247455699,-0.0309823862321,0.0178674026046,-0.0697112908877,0.303817852742,0.0508178359400998,-0.0746200470885999,0.158473132899,0.0055877456746598,0.0459768392595,-0.0599771188516999,-0.0226613289992999,-0.0428959286002999,0.0643508967200999,0.163474631905,-0.196017857458,-0.0854179708519998,0.0767564427596,-0.0793482920636,-0.0696041724201,-0.0944796046496999,0.0334162199991999,0.0248497679322,0.0430825589674999,0.154329478719,0.0315591984511999,0.126933808561,0.136420949557,-0.0716320175391998,0.0526545509470999,0.116923253906,-0.080337992605,-0.0432097271812999,0.0694127802223998,-0.193637117597,0.100687030126,-0.00367913337681,-0.0376803889059,-0.0154328644568,-0.112278158724,-0.0439992295046999,-0.265901523654,0.056070707157,10.1945862054882,1.80410658993,2.73696423514353,2.37677054857242,0.0048017364204898,0.91538,0.75053,0.8082
211200,210000,nationwide_score,0.738,14.6826114658156,5.21670142058341,0.10172143217,0.171038187149,0.554621848739,0.0450431319546,-0.169227201066,0.277168299216,-0.296746757175,-0.0569343947333,-0.00713645171153,-0.21927651777,0.155757465332,-0.116109206231,-0.0594482001794999,0.131499440435,-0.0157219637889998,-0.0330904260285998,0.0480988274966,-0.125668193741,-0.0429124942261999,0.0100867667498,0.142893155068,-0.118816634133,0.0487680106948999,-0.00727506536344,0.0088918591140299,-0.0136162929358,0.0018305452162,-0.0731101603495,0.344116062337,0.0420056730584,-0.0951218338077998,0.17717283113,-0.0643103658528,-0.00124637135478,-0.0152753218403999,0.014718853895,-0.0177182271088,0.0789564745472998,0.182716894657,-0.134332834195,-0.0591880441222,0.0360740621554,-0.100227846336,-0.0594448604497999,-0.0995121348085,0.0394039958765,-0.0192371545874998,-0.0505654206796,0.147415240307,0.165523196751,0.0336290977784999,0.0761974457806,-0.116881580339,0.146512441191,0.0582480341404999,-0.00539508018177,0.0468526819882,0.00880018167767,-0.0860944825281999,0.0579548323443999,-0.00701921882353,-0.00441712352711,-0.0171762086404999,-0.177370850598,-0.049228229396,-0.238278804963,0.0495432761205,8.86738066657405,2.7421038941,3.70932558577999,3.0856124372597,0.0483599331773999,0.91077,0.70819,0.62374
211300,210000,nationwide_score,0.737,14.8698229361678,4.98827473967462,0.143436043855,0.147091090589,0.501742160279,0.059588050965,-0.174649523873,0.249221055062,-0.217372895842,-0.0654447642154998,0.0064207794546998,-0.19704425656,0.2265200667,-0.122994129266,-0.0745530514983999,0.1782232049,-0.0633231274410999,0.016038782455,-0.0380203801173,-0.0729893493366998,-0.0916645019158,0.0063270928788698,0.1665907433,-0.0910791837269998,0.0513907513658,-0.0501775633481,-0.0271721824265,0.0660403498527,-0.0002269912021699,-0.0584292121756,0.290782385778,0.0363709777958,-0.119796718182,0.152869567829,0.00512047044215,0.0183088922587998,-0.0707418285037998,0.0277360677881,0.017841891858,0.0987259545046998,0.209847738012,-0.139979593668,-0.0742449569327,0.0553746250199999,-0.0913744249246,-0.0048607998400099,-0.0882539231341,0.0484271561366,0.00333404468841,-0.0493414222437,0.191484184173,0.119482829676,0.0824095449927,0.0536154901706,-0.156623160945,0.14471292787,0.107367863859,-0.0207699463278,0.0367989241868999,0.0305158605474998,-0.131552403732,0.0196617267292,0.0056682803965999,-0.10862756245,-0.0226525956494,-0.147136450636,-0.0354387735645,-0.219807977752,-0.00649495270487,9.14470001291149,2.84751286644,3.82361527935165,3.2436774803366,0.060108256258,0.88462,0.70941,0.63832
211400,210000,nationwide_score,0.748,14.7034022268393,5.44062601178211,0.130563852976,0.161101263644,0.547325102881,0.0550362994738999,-0.186816357958,0.285112632357,-0.220412917317,-0.0855033596539,0.0146448450695999,-0.196187218262,0.179629078241,-0.131665401913,-0.102025899973,0.184493151753,-0.0306672081910999,-0.0138201023928,-0.0416761458883999,-0.0789859219947,-0.102280635947,-0.0121652650905,0.172944035437,-0.116398808133,0.0861078001341998,-0.0569494931884,0.0065834315096,0.0186229270987,0.00637215608942,-0.0656051423526999,0.325057757619,0.0489328289351999,-0.114905354555,0.118878870732,0.0196447750671999,0.0190243367176,-0.0413684792334999,0.0140730749301,0.0111613758107999,0.0530922536069,0.175284731463,-0.15838754771,-0.103277339392,0.0758742279485,-0.0665765672233998,0.0104482768374999,-0.0675904032982,0.0606845946336999,-0.0119706120995,-0.0102941611759,0.156855026386,0.122408985779,0.0976730874263,0.104391619495,-0.144821470611,0.10093237261,0.136360581429,-0.0437313634724,0.0138644465376,0.029392896924,-0.151894562956,0.0683795540182998,0.0100285236538,-0.0853430967781999,-0.00183604557502,-0.13544479056,-0.051122741205,-0.233806008594,0.0373339636209999,9.35559623072319,2.67083376793,3.58669481770859,2.91168897258744,0.0258559388753,0.90769,0.71685,0.6439
220100,220000,nationwide_score,0.817,16.0204829323449,5.90744160496857,0.12236729949,0.129894632811,0.659316427784,0.0228009393981,-0.137265861258,0.177776309653,-0.249148739856,-0.00330456382203,-0.0786957840223,-0.234436086536,0.18271859102,-0.103850385951,-0.0064344412241998,0.177062102256,-0.0677510715247,-0.0275406690366,-0.0254222175355999,-0.209766674795,-0.0429970405429999,0.0965557947608998,0.0982063348865998,-0.0796431183946,0.0645433070514,-0.0052116129923,-0.0277623372032,0.0518856084223999,-0.0531620372244999,-0.0331919068085,0.289570741959,0.0464890910052,-0.0312707240971999,0.251146240327,-0.0691484863957999,0.0097349261612799,-0.0662710569866998,-0.0303499184930999,-0.0163694726928,0.109718412356,0.203175317639,-0.0765641175986998,-0.016393165925,0.0743703951218,-0.023252678868,-0.0898686943514998,-0.134859370096,-0.0012541902123699,0.0389659436438,0.0133162716578999,0.205299322605,0.102863590719,0.0233737620733,0.0947037532349998,-0.0703660878046,0.138650630591,0.0501026684817,-0.0403444429944999,0.0312196309722998,0.0980782411473,-0.103740653939,0.0825761840974,0.0435679951641999,-0.0134512732799,-0.0988412154828998,-0.16668343173,-0.0336794224556999,-0.185316866817,-0.0112420233928999,10.0026999014886,2.92566929334,4.06112909179402,3.49170804973555,0.0947406785119,0.91881,0.76134,0.78009
220200,220000,nationwide_score,0.765,15.101984860045,4.87997721514812,0.11096059287,0.158446200506,0.635359116022,0.0253802661492,-0.170935274145,0.209671501614,-0.26918376151,-0.0125726354221999,-0.0692464378287998,-0.224985311104,0.149808206378,-0.0898115954688,0.0419082840060999,0.132230512948,-0.0439442072607999,-0.0313640042334999,-0.0092125495735699,-0.212803796372,-0.0432035456849999,0.0996329261299,0.0982078528727999,-0.104297638619,0.0463073100783,0.0086915198801699,-0.00361417692834,0.0060273408146199,-0.0504738704725,-0.0769591500993,0.289170664257,0.0259753492992,-0.0588231672762,0.250933049122,-0.0697022537872998,0.0302481096049,-0.0391874333539,-0.0066181277592699,-0.0354112301278999,0.112596023438,0.187952216985,-0.0618232456520999,-0.0276054286538,0.0649969073596999,-0.0282079645245,-0.101137066327,-0.11218874073,-0.0175551186162999,0.0431241413804,0.0106952292425,0.198333786204,0.115933561731,-0.00140525255312,0.080062016624,-0.0830067754461999,0.125003046828,0.0512186686912999,-0.0223469561418,0.0727190223273,0.101875135587,-0.0856503092718998,0.0672166938714,-0.00926545442053,-0.0059253786920099,-0.0934560315897,-0.178367622826,-0.0514371916308,-0.180412161297,0.0129820366634,9.49257309326058,2.58056829991,3.54839042843801,3.25681798897203,0.0483482330435,0.90769,0.74402,0.66227
220300,220000,nationwide_score,0.737,14.408837955728,5.18046065116411,0.119668610053,0.155945600099,0.519337016575,0.0214054043713,-0.120257523607,0.227547525931,-0.27996929369,-0.0234816931686,-0.0287074223138,-0.232128796288,0.19815757831,-0.110499841589,-0.037611391447,0.159316850635,-0.0433714510215999,-0.0146488988155999,0.0398994058507999,-0.157910197081,-0.0208840406727998,0.0415228070546,0.124087698457,-0.0965666260875999,0.0453494639092,-0.0061552713191298,-0.0220559701921,0.0491188556772999,-0.02846295542,-0.0467972160301,0.323941657718,0.0646966895737998,-0.0770197606881,0.206802503335,-0.0751837319398998,-0.00608750338281,-0.0583604543889999,-0.00452539222774,-0.0210114775384999,0.0935041917548,0.215316029754,-0.0884638881704998,-0.0232561843825998,0.0475035576195999,-0.0566990840261,-0.0585106878972999,-0.121933587462,0.0202311161091,-0.0045318686734699,-0.0533111722878999,0.186474834295,0.163538672417,0.0297289595847998,0.0889469449878999,-0.117010168208,0.172019343294,0.0637195820371,-0.0134896748491,0.0330139907511,0.0425900785166,-0.0885068196294,0.0559434530245,0.0218010234784998,-0.00449908328225,-0.0705791923551,-0.191299121027,-0.0359650890988,-0.20967108433,-0.00524244135249,9.15939421128249,2.94906609412,3.99679786941136,3.40794255982684,0.0837082497459998,0.90769,0.72593,0.6064
220400,220000,nationwide_score,0.762,13.8155115579638,5.27630921267265,0.108791687879,0.159032061231,0.58,0.0442772593334999,-0.141931515013,0.279436966207,-0.290087439403,-0.0563114422113999,-0.0320388385300999,-0.227147402294,0.158995229407,-0.0720025946290999,-3.63981568971e-05,0.116111891865,-0.0261989458269,-0.0244027560198,0.0755085976631,-0.144373760597,-0.0562182349672,0.0450138127068,0.114825238652,-0.137063502456,0.0414957998542999,0.0159510648822,0.000476607273511,0.00524097297754,-0.0151540553556,-0.0966751875276,0.29972616852,0.0208162845327,-0.0921809219905,0.208598939524,-0.0595221157253,0.0103984805138,-0.0126158716257999,0.0216655218750998,-0.0207876480538,0.0844696023919,0.182932419345,-0.0893002773270999,-0.0402463668729999,0.0512437570644,-0.0601951953307,-0.0998692371643998,-0.0851902899004,0.0091961354810798,-0.0068841335708899,-0.0564123920464,0.146762236221,0.160698379041,-0.0025813873133199,0.0544587885827,-0.109647099236,0.154113135029,0.04136399377,-0.00233448907154,0.0802971105383998,0.0307289451679,-0.0642119889545,0.0394797928274999,-0.0228948260372,-0.0310296818429,-0.0529187583767,-0.209919706532,-0.0670058514065,-0.227300134532,0.0573372443703999,9.28968930057913,2.80029995151,3.8440869548963,3.20719291242383,0.0686118821827,0.914,0.7251,0.66884
220500,220000,nationwide_score,0.755,14.0778755916622,4.43838627163766,0.116770607276,0.157974732554,0.607692307692,0.0454903721459999,-0.214661350923,0.270928200513,-0.262493735324,-0.0312437054452999,-0.030265208997,-0.22016392672,0.11743671876,-0.107306723364,0.0674912164788,0.104191923283,-0.0157029626056,-0.0176928734258,0.0261628829801998,-0.188645253377,-0.0470570666714,0.0679167983483,0.133996161371,-0.144194838823,0.0319514568620999,0.0024325316496299,-0.0144748015020999,-0.0207297359695,-0.0241101464636,-0.115235896638,0.313782504737,0.000682746770787,-0.0620227901895999,0.196109621306,-0.0789947342076,0.0030136774690099,0.0123634811083,0.0300077240302,-0.0599605979203,0.0962224534901,0.133229967172,-0.0825501396438999,-0.0725256216383999,0.0257068616561,-0.0416326900875999,-0.100537239274,-0.110360050619,0.00291402881259,0.0293551206229,-0.0228907069888,0.173287389224,0.143342098719,-0.0065905344932699,0.0732881976652,-0.114481120615,0.119478713316,0.0649840419406,0.0269003161699,0.110335915969,0.0633389861576,-0.0772684816829,0.0597804023790999,-0.0622898227693,-0.0139306274594,-0.0808567963997,-0.182839955249,-0.0629951857709998,-0.195221662272,0.061036350054,9.80563680205957,2.56668902674,3.3931606671824,3.18631550377087,0.0510349279757,0.89231,0.73474,0.65686
220600,220000,nationwide_score,0.772,13.7642183162077,4.01719231436228,0.117128213793,0.159887604218,0.8,0.0500471224458,-0.270673378655,0.257733079123,-0.234507316201,0.0102008270835999,-0.0771844663724,-0.196793519177,0.105100635823,-0.11639186171,0.121517363407,0.0673152039377,0.0006251632110839,-0.0202675626968998,-0.0101793221726999,-0.206239668135,-0.0405850926928999,0.0994860363747998,0.154200962483,-0.134786238034,0.00895931534763,0.0250577427881998,-0.0243732959214,-0.0205236219849,-0.056951239644,-0.119922849085,0.268104300472,-0.0304099903035,-0.0592113371001,0.193527950397,-0.0823406518476,0.00846584735115,0.0357921727896999,0.0483253232327999,-0.0604878535148,0.122589758757,0.116274693289,-0.0613363473051998,-0.0644244573046,-0.00321768520688,-0.0305732192898999,-0.110837265176,-0.104053799517,-0.0238232677536,0.0341769947886,-0.0142049077068,0.184022582689,0.126312895706,-0.0103853787113,0.0689189251351,-0.14976508207,0.117768691548,0.0804072376567,0.0222649664748999,0.188641654553,0.0974655635014999,-0.0779489053617,0.0266361824998,-0.0837188164688,-0.0257360200506,-0.0655706005253,-0.147626937476,-0.047617368407,-0.151211649148,0.0420844366978999,9.58543236041143,2.36471014773,3.41132852289091,2.99943573421484,0.0338766777461,0.89231,0.74121,0.69439
220700,220000,nationwide_score,0.731,14.6264412186249,4.67498265896492,0.132907334968,0.132437622512,0.471111111111,0.0105572415538,-0.0435578481462,0.221759192681,-0.266323263029,-0.0059891936297999,-0.0176049953573,-0.252408097737,0.220571824671,-0.114076796175,-0.0258423053553,0.166471739718,-0.0980853058715999,-0.023320649773,0.0378514124896,-0.200499579655,0.0129248171971999,0.0735393276108999,0.101010694724,-0.0882297028614,0.0600519007056,0.00174222374687,-0.0211751799807998,0.103508009531,-0.0505939177055,-0.020989645141,0.315277770578,0.0919594043495998,-0.0514789670721,0.243054089351,-0.074666386725,-0.00228721269439,-0.0398290753729,-0.0357124281101,-0.0025060160555899,0.0544444712488,0.217835781554,-0.0522310649736,0.0093466777547699,0.0495499821921,-0.0395736788556,-0.0392265125866999,-0.138114064963,-0.00717427451739,0.0042816997920798,-0.0359578620221999,0.211469958786,0.165207835107,-0.00871394900217,0.0841335633635,-0.0987159986926,0.196186629669,0.0320719603154,-0.0115514480519,0.0176651620146,0.0462227694197999,-0.0850525239152998,0.0459554718239,0.0266500048248,-0.0060283446219499,-0.107191717948,-0.203216331977,-0.0422815786025,-0.17763520234,-0.0320434764156998,9.18184852921976,3.38488203643,4.44288729107432,3.65930997928734,0.167859646165,0.87692,0.71449,0.62325
220800,220000,nationwide_score,0.73,14.2537661340565,4.11367587774662,0.112093571103,0.146401247409,0.541935483871,0.0489031765535999,-0.0970438126064998,0.314361576682,-0.267545601309,-0.0614025852521,0.0455173882249999,-0.276111720685,0.166797068548,-0.156957727601,0.0124621824209999,0.149844427128,-0.0717537186496,0.00608457150287,0.0754903617472,-0.178574445758,-0.0135064008756,0.0682534971837999,0.152738563185,-0.107280062258,0.0295907885095,0.0039862080956598,-0.026359113876,0.0432743746830999,-0.0184899014868998,-0.0564112296341,0.337213634318,0.106362008223,-0.0658169547484998,0.170005616835,-0.0426399019923,0.000205855862795,0.0459884629423,-0.0189151144504999,-0.0449795675409,0.0155793510548999,0.121534423241,-0.089340907191,-0.0439300710989999,0.0234612403422999,-0.0446755348462,-0.023008818965,-0.145331307542,0.00732999422355,-0.0175035856946,-0.0216852945821,0.163237418457,0.141742068922,-0.0280574203514999,0.0859624084772998,-0.0834981038305998,0.147741000926,0.0426490289251,0.0126138122708,0.0142003791406999,0.0094895181220499,-0.115626242913,0.0616641486565,-0.0334807136870999,-0.00535041081066,-0.0939346920583,-0.182739138188,-0.0570311054049,-0.215768063927,0.0331493068938,9.13419548801574,3.56082107675,4.52228270702715,3.79633682994233,0.201844665562,0.88,0.71189,0.62183
230100,230000,nationwide_score,0.793,16.1190952511915,5.24503705959108,0.105303610144,0.13458025537,0.706293706294,0.0128097447259999,-0.122167404018,0.190274404774,-0.249086503085,-0.0192201286861998,-0.0756328547637,-0.23991689745,0.170350774035,-0.0929636167831,0.033727228375,0.165397213602,-0.0864984254668998,-0.0074892214492698,-0.0346213257527,-0.273253287894,-0.0357680573492999,0.12953481836,0.0656427366447999,-0.079375103234,0.0714586535471,0.00892482945486,-0.015812425835,0.0424772802195,-0.0676899386073998,-0.0327803052001999,0.279958043653,0.0361054080076,0.00242995958806,0.293409451715,-0.0735466846257,0.0358590060452,-0.0363825759967,-0.0439236365308,-0.0179096202506,0.0769159866412,0.184555510506,-0.0483888765161999,-0.0233317086889998,0.0687815858940998,-0.0101322618877,-0.107750933161,-0.1328832522,-0.0346331356922999,0.0542878457249999,0.0293500348654999,0.213979964814,0.0796529596583998,-0.0209223666551,0.0777979430193,-0.0510672258030999,0.119114632811,0.0310143043828998,-0.0415844597651,0.0146773982731,0.114762823181,-0.0850037026759,0.0996084075007998,0.0176209596362,-0.0217401370394,-0.131513204677,-0.177103302912,-0.0378701967405,-0.154372382087,0.0136446175102,10.0085121776232,2.66000238213,3.66991431705768,3.29670265230688,0.0569747191852,0.93692,0.74213,0.71838
230200,230000,nationwide_score,0.746,15.2117554974621,4.57077226125799,0.105766091358,0.149061394258,0.539603960396,0.0386438253076,-0.106541025935,0.290236996108,-0.276720614199,-0.0536605891106999,0.0208677520060999,-0.27280560721,0.158972030816,-0.0996110977721998,0.0266232808898,0.13646536686,-0.0687773228006,0.00668408278555,0.0750086547621,-0.224007517392,0.0088231108318,0.0764780805957998,0.120811281808,-0.112733216714,0.0638278893721,0.0394753270577,-0.00542417598778,0.0470789353751,-0.0527229577411,-0.0636910882203999,0.317386585067,0.0847808723603,-0.0296086632846,0.256017379087,-0.0766735548654,0.0217548433318,0.0453659528807,-0.0638797518980998,-0.0195343470197998,-0.00145416552647,0.112472871179,-0.0530283625594999,-0.0243231547475999,0.0157883789227999,-0.0369750293719,-0.0898297432869999,-0.140564059695,-0.0299719768528,0.0164700059726,-0.0222791766236998,0.165465511496,0.116437313361,-0.0736986802545,0.0479279736919,-0.0510096520014999,0.151264525382,0.00676155270358,-0.0102620374387,0.0075890950037199,0.0340699699494999,-0.0626915282529,0.0724908551077999,-0.0595248179895,-0.0193945491136,-0.130186309882,-0.173368260464,-0.0357657580116,-0.18864185604,0.0717719089513998,8.95651749606769,3.71484204613,4.77776229092798,3.98761061073478,0.240764425361,0.91508,0.71852,0.63212
230300,230000,nationwide_score,0.758,14.2142873490624,4.20784618287268,0.0931521571389,0.160078170724,0.751677852349,-0.0077051677137999,-0.0970290663262999,0.180676496192,-0.276952679748,-0.0320421110853999,-0.0760930149785,-0.241344002535,0.193958285191,-0.0597587593165999,0.0393109976613,0.161785056523,-0.0892219758643,-0.0249011748476999,-0.0383874806066999,-0.255686693698,-0.0466096719488999,0.117343777264,0.0667964542746,-0.0914993028158,0.0765507514953999,-0.0030144185864399,0.0046211865490798,0.0588692469587999,-0.0637244582899,-0.0526457634596999,0.272212354041,0.0098793500257499,-0.0309233530546999,0.28833757405,-0.0588837347767999,0.0525762072145,-0.0516774799402,-0.0196103931531,-0.00439607567484,0.0629192858209998,0.218384213944,-0.0262551262450998,0.0123897350753999,0.0711493135018999,-0.0220154958747998,-0.101031507864,-0.0983196121638,-0.0593918668585999,0.0574190984786,0.0127544242036,0.21142362529,0.120358093536,-0.0327315540201999,0.0769725398981998,-0.0679430059331,0.14798649493,0.0353168067904999,-0.0459626716523999,0.0256600057702,0.124326863923,-0.0818651422133,0.0614394920219,0.0158152308918,-0.0382222164322999,-0.126796947605,-0.177902004355,-0.0499228552132,-0.141635464247,-0.00546824114078,9.50506536993554,3.26393988513,4.15040508299397,3.94400925378454,0.115316532239,0.89631,0.72522,0.67076
230600,230000,nationwide_score,0.81,14.837961845379,4.8838243186513,0.112596265416,0.132039104555,0.726618705036,0.0422733230609,-0.112850668526,0.287569649243,-0.27653113758,-0.0521698062486999,0.0153195502524,-0.269345417429,0.157899300602,-0.118719936885,0.0179112232823,0.153752431591,-0.0887033892295999,-0.0180663074118,0.0518870761421999,-0.22306964439,-0.0111243714059,0.0890105040927998,0.111581818152,-0.114325313831,0.0558484869488,0.0362722023202999,-0.00648166068712,0.0339557332814,-0.0511150553203,-0.0512832792868,0.334292793328,0.0835429832736,-0.0317683179968999,0.247754351682,-0.0518074077191,0.0255024965489,0.0510109503606,-0.0513332768416,-0.0296809429479,0.0178766578309999,0.138682173339,-0.0507916370318999,-0.0303172467525999,0.0184112837941,-0.0491012660028,-0.0813462110511,-0.150589648825,-0.0271033985514998,0.0362673155108,-0.0100897092605,0.157702560473,0.116771147431,-0.0589808022935,0.0718887516340998,-0.0602185623038,0.141207707735,0.0160527772935998,-0.000729072616795,0.00809727460639,0.0405368102522,-0.0938807033336998,0.073398772715,-0.0417932760583,-7.72024644402e-05,-0.0921409907781998,-0.178365146797,-0.0464272136957,-0.203544189368,0.0569645683434999,10.0905327972391,3.3120227289,4.38929774718542,3.71160280764927,0.148087248237,0.90569,0.74457,0.78883
230700,230000,nationwide_score,0.774,13.6762496400554,3.31415553983616,0.075465422466,0.169110541939,0.850574712644,0.0123730132743,-0.120059135094,0.254377849912,-0.26602281586,-0.0537888781786999,-0.035282200604,-0.239498414077,0.188591949322,-0.036882032234,0.0497572771615,0.166418388344,-0.100202645748,-0.00569461344748,0.00920969000366,-0.230896644033,-0.0109041817606,0.109646360588,0.0700205032678,-0.0939706325065998,0.0346669618774,0.0724037888459,-0.011313302199,0.0492917808041,-0.074365441195,-0.0391721811012998,0.251348580642,0.0258777262533998,-0.0201238787328998,0.308656761969,-0.0493561873399,0.0691901099462998,0.0212436380478999,-0.0341638856329999,0.00456520809588,0.0068243394547398,0.167833181613,-0.0112126643109,-0.0376620876531999,0.037247924628,-0.0339940410515999,-0.109562413971,-0.124992537963,-0.0678592702185999,0.0941769002327,-0.0073211035794,0.175081725129,0.114221506381,-0.104570645087,0.0801824676312,-0.0837646960171,0.12512114555,-0.0096062968347899,-0.0388167588897,0.0480984131341999,0.0898009182331,-0.0297951055209998,0.0741919305924999,-0.0363366173836999,-0.0361847368144,-0.122633411433,-0.19242184209,-0.0243468392790999,-0.14242186926,0.0256166907049,9.42629770438975,3.56576362587,4.49865858015565,3.99508034866964,0.158236467841,0.96569,0.73738,0.65119
231100,230000,nationwide_score,0.77,14.0623714171455,3.00264404711326,0.104691539249,0.144256231357,0.65625,0.0166620211438999,-0.0767647603093998,0.251192022449,-0.2630511969,-0.0194347057024998,-0.0157908538408,-0.258409915407,0.177739681591,-0.0786479906344998,0.0296362712825,0.152428023388,-0.0871266699987,0.00292946158863,0.0427704217240999,-0.258783847865,0.0110625072838,0.112332612802,0.111761330644,-0.0962068717761,0.0843748879525998,0.0569338468815999,0.0127612501466,0.0812499209382998,-0.0852845743355,-0.0386304515266999,0.291717987458,0.0765450052176998,-0.0149681007319,0.301273973004,-0.0799202440135999,0.0370456426623,0.0365147728693999,-0.0691726916142,-0.0027959063621099,0.0018729720719598,0.123558990077,-0.0269044133562999,-0.00161084326822,0.0284070622558,-0.0160509948243999,-0.0813141931512998,-0.138868080424,-0.0581451956261,0.0538654966071999,0.0030014033916999,0.186242198667,0.105506730885,-0.0865010976082,0.0651005715393,-0.037673160613,0.159395072928,-0.00517593513784,-0.0238076445136999,0.0092054951957599,0.0545273950159999,-0.0563382490526999,0.0581972319377999,-0.0600821674018999,-0.0175136226616,-0.153613307075,-0.200146794538,-0.0190920434725,-0.15040462302,0.0398998335467999,9.17263525971941,3.80539290206,4.91204692993896,4.20876041336053,0.250656823433,0.89185,0.72683,0.70456
320100,320000,development_train_only,0.879,16.0476732939579,7.25539595397974,0.128813960166,0.124857265304,0.868025751073,0.0469213186716,-0.287120183002,0.143204140318,-0.0250012927513998,0.0318548034150999,-0.0297382639424998,-0.161094739753,-0.0687788119709999,-0.140418089842,0.0615063402301999,0.0901919693826,0.0697201832636999,-0.193469446159,-0.118846678244,-0.144312685113,-0.143220193839,0.0006000544543059,0.132177118522,-0.0873810901831,0.0602126133496,-0.101262606693,0.125041029036,-0.101120279338,-0.0386122839334,-0.0515893636013999,0.317162092862,0.0158563871664,-0.0131680949637,0.132373045914,0.0783771882957,0.0577332719158999,-0.0360536876777,-0.0856217219366,-0.0495171728405999,0.0913285474122,0.0248021236271998,-0.251791512665,-0.0843854294704999,0.0922935813693,0.0298623134376998,-0.0778612225811999,-0.0111441634474999,0.0052420707911699,0.0361821944275,0.0873908962517998,0.114690544732,-0.0347802582103999,0.163451066879,0.133318631029,0.0219074871199998,-0.0768695683655,0.0840609826277999,-0.132733877957,0.0908172082342,0.187144981316,-0.309704717557,-0.00708156393643,0.0019869181906999,0.0173955584774,-0.0309212286638998,-0.0475688055996,-0.148234258384,-0.101191022322,0.101731398312,11.2552781707469,0.949153924099,1.38561821591273,1.56286430126414,0.000359180414604,0.98277,0.77891,0.88869
320200,320000,development_train_only,0.868,15.8250661062282,7.37399547345882,0.131402311276,0.134059156806,0.828418230563,0.0456121180588,-0.257729355199,0.190015148485,-0.0255274585293998,0.0386537680972999,-0.0129526625948999,-0.148857159363,-0.0474571312062,-0.140840924069,0.0718297168477999,0.0930611467956,0.0557826619721,-0.181939105135,-0.125321147189,-0.123442712787,-0.138923974236,-0.000155804594765,0.106046548927,-0.0909122759506,0.05538446377,-0.101461980643,0.168170151262,-0.0842429362749999,-0.0253353662269,-0.0666006155911,0.298095515688,0.00830749699849,0.00129435578952,0.16256071288,0.0630070789725,0.0922171182174,-0.0220456880278998,-0.0642323464754,-0.056176249817,0.0945092068050999,0.0691578541073,-0.269021723725,-0.0480554388070999,0.0744218980339999,0.0363066105924998,-0.0711317081897999,-0.0105313855949,-0.0331638555502,0.0423834870506,0.0967854971753999,0.117447186371,-0.028888266775,0.164822061974,0.135341667746,0.0657498878782,-0.0668352932419,0.104185547521,-0.155613689515,0.0544680928414,0.190367197427,-0.340002998986,-0.0370263810112,0.0021339743989799,-0.0130518295884,-0.0030852363628,-0.0288873258161999,-0.159835942626,-0.101690969324,0.0795899789224999,10.6001245481299,1.06197159092,1.53166626299862,1.41182916123662,7.39400925876e-07,0.97231,0.75146,0.89475
320300,320000,development_train_only,0.795,16.0215848607096,6.70544279608716,0.225872951986,0.135084972357,0.656387665198,0.0492188280859999,-0.242562751457,0.213656305037,-0.123864529937,0.0218645266405999,0.0530545895354999,-0.090106886634,0.0359364919926,-0.146666080303,-0.0347904130807999,0.118376065455,0.0402579790873,-0.153004566806,-0.0833254455148,-0.0447889864223,-0.157208765798,-0.0491456366940999,0.0843791676646998,-0.114656142591,0.049168624525,-0.0948775968503,0.0889790581646,-0.0747160084482,-0.0302358672807,-0.0193040977556999,0.355429174562,0.0443818433139,-0.068041144316,0.147775568835,0.0598038357131,0.0520324808717,-0.107509237807,-0.0058897124042099,-0.0327182765454999,0.135111026221,0.158983919881,-0.30067021789,-0.134582097493,0.0274705970292998,-0.0362713588231,-0.0055793753859299,-0.00587843646403,-0.00429061701677,-0.00683764536929,0.0268836064771998,0.106072062407,0.0231395749694,0.183696132736,0.0763586490780999,-0.00853950035719,-0.0406052423402,0.155624282586,-0.0803650222697,-0.0249839603422,0.0968329027472999,-0.266607240999,-0.00572783595434,0.0078913464199898,-0.0666501611362999,0.0490249950602,-0.0983374363921,-0.130910638331,-0.150605703328,0.0963686900087998,10.4965763379857,2.14853556259,3.08131182839827,2.59613200196134,0.0079776931550699,0.9,0.71164,0.78589
320400,320000,development_train_only,0.858,15.4794368450764,7.09814657715705,0.134083602311,0.136604546807,0.770833333333,0.0551575839636999,-0.244032895281,0.175301600111,-0.0286700537315,0.0403776448738999,0.00604322185445,-0.129389093971,-0.0415442160644999,-0.137696035782,0.0776731172537,0.0972509876485,0.0377670425493999,-0.195740416994,-0.119512758281,-0.125853407567,-0.157444957621,-0.00797778058426,0.0886766166502,-0.101839765465,0.0658900359230999,-0.115081390031,0.158642521511,-0.101826416884,-0.0394324062439999,-0.0435047355605,0.312949427115,0.0225121953407,-0.0183387812635,0.158588198555,0.0715077901094,0.0867182922911999,-0.0271329791436,-0.0761298039883998,-0.0409052318739,0.10503760555,0.0791345305146999,-0.274441238105,-0.0619116283694,0.0869291031430999,0.0239667960256,-0.0633577363476,0.00904210896556,-0.0329831314991,0.0521712254339999,0.0868092430067999,0.103265567132,-0.0316003050301999,0.160623934304,0.108864161217,0.0673216999986998,-0.0673227725026998,0.0952013957717998,-0.137502076452,0.0529732511075,0.18819286075,-0.329197747503,-0.0368718401860999,0.010932250612,-0.0181490764232998,-0.0001959826754939,-0.0380594002814,-0.158112596547,-0.113897072622,0.101315587658,10.7333497540615,1.04049406177,1.42303700145511,1.47525355670985,7.38536431242e-05,0.96615,0.74423,0.87749
320500,320000,development_train_only,0.865,16.3610419080001,7.29882133926649,0.136408144191,0.11353896978,0.817254901961,0.0344338150131,-0.274819607927,0.189934980639,-0.0290965404362,0.0169065211502998,-0.0130734655078999,-0.170013359123,-0.0699446257559,-0.138001738506,0.0869059933494999,0.110134926245,0.0594453668062999,-0.184327620546,-0.12356779587,-0.119857964322,-0.118105892384,-0.0105984687660999,0.104024259702,-0.0916291639482998,0.0342609161244,-0.0920341349626,0.169331593564,-0.0709635158583,-0.0191464768033999,-0.0938939153391,0.278710028674,-0.0108187518105,0.0224895495951,0.162469291889,0.0809305563958998,0.10674753074,-0.0385080746302,-0.0458605427957,-0.081334520113,0.0611803667098,0.0664895891297,-0.252213662128,-0.0314767249671,0.0631884053334998,0.0635214544579,-0.0853227306021999,-0.02165641867,-0.0306179178337998,0.0431486454469999,0.0958680151760998,0.126095507057,-0.020825880214,0.17064325818,0.155359612987,0.0667487012226,-0.0601938840768,0.108282322265,-0.163930337245,0.0569938752684,0.193878943217,-0.337164475412,-0.0441651577396999,-0.00656075713515,0.0115565546438999,-0.0090717313113098,-0.0192563830841,-0.164856185038,-0.0922293614729,0.0730274849352998,11.0088887183965,1.0225656303,1.53903552216568,1.18383654410382,9.20015314241e-06,0.97415,0.74776,0.88787
320600,320000,development_train_only,0.841,15.8606195499297,6.66579268492141,0.111555303848,0.209640500037,0.703751617076,-0.0184972388964999,-0.220279233414,0.223041448754,-0.0238720193358,0.0149921233358,0.0411169691311999,-0.169359267808,-0.0146514772307,-0.109249123939,0.0511391983819,0.0702417381785,0.06877387326,-0.17211980325,-0.0397226978126999,-0.0803391235188,-0.101486869393,-0.0670255301395999,0.0984089112577,-0.127329449997,0.0485501949397,-0.102779549364,0.136227003178,-0.0255930038852,0.0088214755580299,-0.0913840137135999,0.310102178665,-0.00770777455455,-0.0040198737455799,0.170155279962,0.0735572430937,0.0883069156538,-0.0471933325020999,-0.0338122178902,-0.0671116981992,0.0713408125349,0.123709855547,-0.24513327398,-0.0526038311795999,0.0577916679409,0.0810880082129,-0.0157848901395,0.0053647368376999,-0.0320116683673,0.0213120800016999,0.0695254862776999,0.102068605043,0.0248864615429,0.169465886884,0.149256281798,0.0506172381162,-0.0597372928029,0.135455108839,-0.1432166604,0.00772495325793,0.1985023961,-0.334839760676,-0.0753233294709999,0.0198055155193,-0.0731850624496998,-0.0018020853190599,-0.0941886263926998,-0.180872580504,-0.0748199691067999,0.0714126499338,10.6828718291657,1.44789300643,2.42300408289071,1.81811050713729,0,0.97169,0.71451,0.85785
320700,320000,development_train_only,0.79,15.3415670788506,6.4102695478265,0.215692284514,0.134262093584,0.615217391304,0.0380388169665999,-0.238057990289,0.208261904435,-0.121566612251,-0.00318535534382,0.0482620571107999,-0.0919550032381,0.0334994684594999,-0.139047700411,-0.0372523335205,0.116408214183,0.0435872566188999,-0.140702579089,-0.0726740893265,-0.0534561024604999,-0.150032779729,-0.05025263832,0.0824803466265,-0.114289042703,0.0608498582203998,-0.0966474566076998,0.102321411531,-0.0984069502166999,-0.0111614328931,-0.0303570436527999,0.355442471265,0.0448416320404,-0.0842515445281,0.139896552495,0.039506081013,0.0677983485777999,-0.0831205817835,-0.0346474006528,-0.0348879326404,0.131153990003,0.147091216505,-0.280986077923,-0.132097388673,0.0561019167546,-0.0208295696566998,-0.0114247507334,0.00142368820712,-0.00340430026907,-0.0258093905224,0.0296282218187,0.110644458809,0.0333791119389,0.169430873853,0.0942949364936998,-0.0232919187845,-0.0412322885859999,0.166344739262,-0.087130331943,-0.0086809746256998,0.108144649461,-0.262320689675,-0.0175274581699,-0.0044622832537199,-0.049868070835,0.0472469468096,-0.0895595509603999,-0.120503548594,-0.146369077738,0.0814672309034999,10.0861128675387,1.87957980534,2.81935534606863,2.36907045786406,0.00432072534713,0.88462,0.72669,0.76724
320800,320000,development_train_only,0.794,15.3328334007888,6.11882813165992,0.179704047758,0.150745271894,0.655701754386,-0.0023500281821099,-0.246839163066,0.19215285391,-0.0662716204561999,-0.00435224318517,0.0384342233728999,-0.125467677067,-0.0118338882183,-0.1149774167,-0.00500506410903,0.089770152197,0.0777437968117,-0.16883972603,-0.0515509950975,-0.0805547057019,-0.121630389684,-0.0759084276754,0.0828576322063,-0.132948072857,0.0288293178405998,-0.101249489578,0.0976373694214,-0.0809552751533,0.0034324069295399,-0.0563938062405,0.337760232691,0.0237761209916,-0.0342157876485,0.154095591336,0.0605112226128,0.0661193284295999,-0.0711425955782,-0.0362229627246,-0.0426729319293,0.0946575919099,0.121493915744,-0.265532753932,-0.114929856606,0.0589222696229,0.0320490662249,-0.0302522814383998,0.0137513555625999,0.00257619235669,-0.0258434793188998,0.033777661785,0.10119986461,0.0295643024411,0.161427754394,0.126597607561,-0.0080182855800499,-0.0585248221774999,0.142903985753,-0.116802370829,0.0025770302767699,0.157072753109,-0.27832296862,-0.0380350425205999,0.0034821619021199,-0.060915596629,0.0132290718581999,-0.101967349276,-0.173647943639,-0.118843762967,0.100353448057,10.5119527581665,1.80169386653,2.73323574955209,2.33159881659848,0.0034178629396,0.88754,0.70574,0.79817
320900,320000,development_train_only,0.792,15.7191096579791,6.04031691230362,0.153181234078,0.183943456582,0.640834575261,-0.0250121882432,-0.225618126822,0.229081415499,-0.0291854328562,-0.0029935613051499,0.0505197772976,-0.139729945395,0.0217057324401,-0.0989659062592,0.0137452259406,0.0688771734520998,0.0792360519291998,-0.155629226583,-0.0097715627531399,-0.0528957500034,-0.106693149879,-0.0799084452472998,0.0888677757754,-0.142174023995,0.0397644064206999,-0.0994584338062999,0.106268284797,-0.0279830291988,0.0360628833181999,-0.0746761037727999,0.298710434218,0.0158229942928998,-0.0366109762824999,0.177862317035,0.0465930617884,0.0747067025759999,-0.0456976998363999,-0.0188167020612,-0.0543492380096999,0.0768009755897,0.151447640002,-0.246046314156,-0.0857457341425,0.0427922621809,0.0832240583434,0.0052695177707,0.0128819783849,-0.012625183886,-0.0336000898236,0.0376722442346,0.0982122626354,0.0408838658389,0.171795281968,0.143410667756,0.0174817116391998,-0.0683502921557,0.168508448013,-0.128525965824,-0.0237820589461999,0.164496326908,-0.303782931092,-0.0613207031184999,0.0057783522879699,-0.105260198649,0.0126716045556999,-0.129000345603,-0.181058422879,-0.0759444352552998,0.0818430042634998,10.4051146204704,1.82108673311,2.68040088609385,2.13708996090996,0.000901879947388,0.88908,0.69704,0.80027
321000,320000,development_train_only,0.818,15.3328334007888,6.54364081880832,0.118253213539,0.183990117634,0.710526315789,-0.0100487923353,-0.237925260212,0.22271975106,-0.0430382525493,-0.0047311300042098,0.0197604644149,-0.166022297433,-0.0319552182359,-0.0936832577172,0.0352766120296999,0.0996599712066,0.0996191669874998,-0.166133446415,-0.0427150029557,-0.077725341311,-0.0901274100132,-0.0596013297409999,0.106611167318,-0.119703038387,0.0301997693304,-0.100165219371,0.153068083728,-0.0341054879619999,0.0281320329153,-0.0970834931796999,0.286423137429,0.00325824100971,-0.0174133846353,0.167889448918,0.0692831231609998,0.0845290529625,-0.0465127205331999,-0.0347528240195,-0.073234745665,0.0815399967972998,0.102293461,-0.256883951099,-0.0452458075506999,0.0611358791855999,0.0636393911122,-0.0592985916392,-0.0009957023443118,-0.0207626611598,-0.0022181517854599,0.0594442874943,0.113724570665,0.0162078334511999,0.184365381473,0.164057381136,0.0317258267765999,-0.0626779789375,0.138325479174,-0.150679513809,0.00533531802345,0.175489919424,-0.319980702371,-0.0602163225187999,-0.0158161637053,-0.0528956588883,-0.0145866213899,-0.107604626291,-0.163798952841,-0.0739934795621998,0.0668591485127,10.3172051378971,1.66684159656,2.4868728608941,1.87504037726694,0.000602997456311,0.89015,0.71333,0.86116
321100,320000,development_train_only,0.829,14.9817818066326,6.73257141244923,0.121016107466,0.159503393202,0.794392523364,0.0203664918673,-0.238003183622,0.197289595301,-0.0289012555236,0.0232522720668,0.0086783756113099,-0.169098097852,-0.0309297466094,-0.118119880679,0.0595800291025,0.0994087492498998,0.0753847520568999,-0.184566034444,-0.0791706490601998,-0.107321551189,-0.126861151925,-0.0307154731467998,0.115628502076,-0.109463196264,0.0517247685625,-0.121709343152,0.153740986414,-0.0598045174772,-0.00999670045984,-0.0684824296403998,0.308791480281,0.00928703428286,-0.022245142595,0.159036684459,0.0686448482498999,0.0678247628307998,-0.0310513570734998,-0.0617122625881999,-0.0545239056784999,0.101046449541,0.080889628519,-0.269730504673,-0.0550761378141,0.0815284204272,0.0486660989394998,-0.0575633140637,0.00208923097944,-0.0273862168628998,0.0324015041221999,0.073304725409,0.11074294769,-0.0105427884051,0.181512799696,0.137336711064,0.0463099389533,-0.0653129342672,0.1165837641,-0.127707622044,0.0425684565988998,0.182204568759,-0.339170990222,-0.0450559465356999,-0.00771740312816,-0.0396442204981,-0.0228224411874,-0.0778161406454,-0.155530073247,-0.0799574476672,0.0761296324722,10.4794068295403,1.36232961829,2.01858992333961,1.65803735377328,1.7313782682e-05,0.90385,0.7329,0.85979
321200,320000,development_train_only,0.811,15.3240227730473,6.6607502111669,0.126241764366,0.2033894556,0.679203539823,0.00328576843498,-0.238275252385,0.222368806999,-0.0356553158801,0.0233154853675,0.0367550283977,-0.155623508467,-0.0212049086028999,-0.112547749014,0.0570491241445,0.0970061668786,0.0744507490489,-0.163251240019,-0.0550550264250999,-0.0788955735022,-0.103438926113,-0.0493912313259,0.0847032293941999,-0.121379209084,0.0450527356909,-0.108044625785,0.148564596361,-0.043035084201,0.0160850097525,-0.0900428643779,0.29882654298,0.0059156928138899,-0.0067863876381299,0.173915578773,0.0548354289135,0.0797190358132,-0.0489907856103,-0.0440465426933999,-0.0702418031845998,0.0881975283394998,0.117527051571,-0.258573847952,-0.0504336130418,0.0556556818472,0.0895472333874998,-0.0494912657002999,0.00203375368506,-0.0288228285459,0.0128733004878,0.066483835034,0.113421291498,0.0031710174518599,0.187356506976,0.135203278544,0.0486782244974,-0.0634176571226,0.14086009603,-0.148124485155,0.0012575624549899,0.186670218865,-0.330689690079,-0.0600932528297,0.00498114632903,-0.066809707802,-0.0085651393011698,-0.0898606827696,-0.16275525393,-0.0803335649093998,0.0859407737403,10.2920751933708,1.49008359815,2.19419212111274,1.82365175496737,0.0005254337262638,0.89385,0.70831,0.84275
321300,320000,development_train_only,0.78,15.4229466681285,6.37349551251869,0.236658645449,0.124356867829,0.62124248497,0.0388463955044,-0.248131631314,0.193819506183,-0.10282885052,0.0237623317101,0.0646767496957,-0.0802007159332999,0.0278911560884998,-0.128123958328,-0.0326191419644999,0.0951048860912,0.0299820720578998,-0.168751243445,-0.065142027583,-0.0565372789968,-0.156316997363,-0.0761656400183998,0.0618821482852999,-0.118413887371,0.065926188237,-0.0949582978394998,0.089422581293,-0.106408050306,-0.0286234305034,-0.0293891173375998,0.366251219797,0.0497535338632998,-0.0740911850359999,0.150773328979,0.0512201192170999,0.0581600080073,-0.0986943664388,-0.0306628186642999,-0.0178354315219,0.124423877566,0.155215788193,-0.273459749624,-0.138786193433,0.0488692422185999,-0.00510556192197,-0.00785302171941,0.0199113677731,-0.0041976784547799,-0.0182296392208999,0.0101706112524,0.0874160394940999,0.0250447389978998,0.169120840983,0.0713654997496,-0.001913138748,-0.0498368443018,0.148379863185,-0.0983452598343999,-0.00188734613703,0.12848506706,-0.254254344256,-0.033664975561,0.0194822423015999,-0.0650641542463999,0.0559226706971,-0.0813939488661,-0.151536764786,-0.152776882858,0.110752614667,10.1351177159212,2.04911840761,2.9038634121642,2.60715253844785,0.0105252678275,0.88708,0.70886,0.75442
330100,330000,development_train_only,0.86,16.2979141610763,6.56563282094453,0.130980344129,0.105797826826,0.832915622389,0.0451320231287,-0.216094716409,0.162167012582,-0.0060424365776099,0.0626425343592,-0.00370978577889,-0.155234126004,-0.0712820486526,-0.125700026918,0.112043803755,0.0763334585120998,0.0657927738298,-0.190949547087,-0.11938786987,-0.142176939326,-0.14826987379,0.00157766640414,0.096155202809,-0.0881011872352999,0.0333958341102999,-0.112317052174,0.185574734901,-0.114028809824,-0.0255791516326,-0.0664626033206,0.261376373103,-0.0121258036981,-0.0014071124954,0.158003442319,0.0684714843035,0.0959741774850998,-0.00921948462537,-0.0626054630460999,-0.0686362471117999,0.0458714118654999,0.0619583005431,-0.258674279211,-0.0417987559714999,0.0800365067714998,0.0317482101318999,-0.0826975472402999,0.0062159998562799,-0.0299365436405,0.0574970751087,0.0895594883139999,0.126014199836,-0.0272288134539999,0.161585945089,0.116179418996,0.0817441344216,-0.0835324055664,0.0527085190185999,-0.138971618043,0.0883936043356998,0.224299057177,-0.332629465404,-0.0539975153127,-0.0203921554005,-0.00918834724112,-0.0310848073071,-0.0326642397539,-0.179164914688,-0.0499419244149,0.0829892231661999,10.8315034275171,1.06767950186,1.58330993568504,1.60671036518473,0.000463060635132,0.96846,0.75875,0.86546
330200,330000,development_train_only,0.84,16.0583457527097,6.81391266662671,0.123783510621,0.114774732713,0.78025477707,0.0415740498855999,-0.251460777545,0.136780830038,0.00691749439217,0.0469594871684,-0.0195022814657998,-0.158074123878,-0.080459964667,-0.146886718525,0.125477479618,0.0667003391701,0.0462911068671,-0.211314740107,-0.101448129909,-0.140905748536,-0.180280221211,0.0216512357741,0.113478255822,-0.0959746047233999,0.0462676259487,-0.107990185149,0.15206880054,-0.0944536205059998,-0.0515094923478999,-0.0903265645070999,0.290906737866,-0.0146617255581,0.0095760166820699,0.143190119955,0.0812587951462998,0.0926331873937999,-0.0320875638083999,-0.0539381723083999,-0.0751713258145998,0.0523986736647,0.0356590485766,-0.243968580354,-0.0487073148321,0.101933534265,0.0582306630314999,-0.0474510686790999,-0.012516445712,-0.0295468345966,0.0558328172929999,0.0953804741765,0.119078192415,-0.0169948085818,0.144361913337,0.122052401286,0.0799891401729,-0.0738997082157999,0.0825986119634,-0.139528004908,0.0818988783091,0.219029761921,-0.326718344113,-0.0487490183960999,-0.0240433042811999,-0.0060797244339099,-0.0409278717190999,-0.0175009015664998,-0.174438277223,-0.0778592560999998,0.0850156179050998,10.7142659997462,0.989749145057,1.51858673723725,1.37172600650172,3.05979708407e-05,0.95292,0.72253,0.86097
330300,330000,development_train_only,0.797,16.0762315511349,6.66095804405257,0.153794578784,0.106309504735,0.721584984359,0.0584187039674999,-0.23936599167,0.136702029071,0.00165603493109,0.0523540336632,-0.0369634831443999,-0.142777217863,-0.0868649590572,-0.166892984554,0.142922067844,0.0591270848156999,0.0574667564795999,-0.212219681169,-0.113944295657,-0.132105276685,-0.176670583932,0.0299261514534998,0.116734663035,-0.0753850542597,0.0251646614316,-0.0911991704587998,0.152200830535,-0.132012116737,-0.0659467817925,-0.0777497604934,0.251208908356,-0.0453068814562999,0.0178675246069,0.11737176803,0.0769728228268,0.112251093509,-0.0249099337887,-0.0534482324247,-0.07914253959,0.0179122770375,0.0354801153565,-0.223452952362,-0.0530474134763,0.0885373204736999,0.0566188421155999,-0.0379012823063,-0.0142716825056,-0.0433292339655,0.0558516477809,0.0855107312838,0.125575293131,-0.0108164194202,0.152422410367,0.121036432544,0.0762105769253998,-0.0631917070630999,0.0619478914991,-0.144703573209,0.112816515743,0.233304836738,-0.315393414169,-0.0493212051773,-0.025169718652,0.0163165759947998,-0.071066635616,0.0132712356131,-0.175808856806,-0.0665326546654999,0.0910207615989998,10.5043622185403,1.49507626152,1.87108644501123,2.45152997727018,0.00787183642365,0.95108,0.69347,0.76822
330400,330000,development_train_only,0.825,15.5037598356655,7.06986046070814,0.122638718156,0.127166794556,0.713493530499,0.0128431907387999,-0.232664063314,0.191132972597,-0.0184493181401,0.0164312003032,0.00838714072337,-0.157581255518,-0.0675871009093999,-0.111350059519,0.0980131939461,0.0986901988139999,0.0577116368198,-0.182808745313,-0.108384318026,-0.125039159417,-0.121732779879,-0.045511589168,0.0762533804795,-0.101534737172,0.032692430623,-0.118586768778,0.190801535883,-0.0809712236006999,-0.0051951540088199,-0.0936252743964,0.285731765977,-0.0209283685892,0.0139779463637,0.157677136896,0.0690115471525998,0.0987540932632998,-0.0335269778752,-0.0485419065557999,-0.0863676448396999,0.0678982612374998,0.091530548052,-0.239966216993,-0.0306699362013998,0.0746453512899998,0.0608336396850999,-0.0813563523919,0.00191405623327,-0.0425453987615,0.0244197701131999,0.0747679116148999,0.122114396039,-0.0068347855461998,0.157654759531,0.140984002957,0.0850768721971,-0.0712069390727999,0.108865101183,-0.160208313487,0.0564916031553,0.210288363378,-0.337227375737,-0.069973728762,-0.0164076184566,-0.0197200249344,-0.00689016276472,-0.0295495557403,-0.18585674247,-0.0771934694568,0.0775980592209,10.5629871965776,1.20498963771,1.73771468995781,1.58335102048721,0,0.96292,0.7082,0.82212
330500,330000,development_train_only,0.823,15.0304235990644,6.36224398181936,0.121469309431,0.141924670531,0.655786350148,0.0231489639140999,-0.223070538908,0.168752800987,-0.0180199503595998,0.0399615963512999,0.0203114475792,-0.156245052764,-0.0614374914482999,-0.119962674486,0.105195899657,0.0925081799059998,0.0419050815504998,-0.192045723974,-0.124584025593,-0.13320720592,-0.136905626331,-0.0284399516493,0.0807880173741,-0.108387146473,0.0381298618942,-0.128351423102,0.187666624557,-0.107782252724,-0.0265589162945998,-0.0814753048764,0.283141946393,-0.0061416839384299,-0.00964274147515,0.158859240338,0.0761369432663999,0.0948980009683,-0.0157638905346999,-0.0500472811938,-0.0665775667885998,0.0504678345594,0.0890237762429998,-0.248416379449,-0.0447135092821,0.0741352216823999,0.0468743588939999,-0.0754388914811,0.0194073814403998,-0.0269165487123999,0.0520285322575,0.0815461843773998,0.122912468818,-0.0135348311776,0.150001070219,0.118418824511,0.0710374964583,-0.0714766202570999,0.0799275200091,-0.134792261729,0.0736326555888,0.199332680342,-0.321500835402,-0.0629316967447998,-0.0067121543517299,-0.0116637465300999,-0.00813062530356,-0.0444148818686999,-0.192948308308,-0.0741054845666,0.0863307967870999,10.6518089550336,1.72850883441,2.62318585674395,1.93404885353942,0.0003509387049809,0.97385,0.70657,0.8115
330600,330000,development_train_only,0.832,15.4813289928704,6.46144026401949,0.120794422834,0.147182958707,0.706994328922,0.0378162981504,-0.219454802182,0.152415972121,-0.00113611823432,0.0645775506611,-0.0058514787171299,-0.145895577292,-0.0726923151044999,-0.119021227927,0.121812253715,0.0630368993446999,0.0391927514833,-0.210339788261,-0.116659464034,-0.139966690307,-0.171432284595,-0.0053791346358298,0.0899753431564,-0.0983322681015,0.0346330578261,-0.121604927394,0.185641305714,-0.120934942255,-0.0397379163455,-0.072165873138,0.272124236836,-0.0118246713093,-0.00566477162328,0.148106007809,0.0601015134568,0.0887391680074998,-0.0090107923987099,-0.0608821002296998,-0.0701928159493,0.0462994725019999,0.0605871316463999,-0.251243963796,-0.0518179153883999,0.0925871248196,0.0347890286967,-0.0610947757256999,0.00152922287811,-0.0474235281104,0.0578043096626,0.0771421610550998,0.113337815052,-0.0248051644752999,0.139766026,0.0962585304848,0.0769169751561998,-0.0705225216726999,0.0641721471739,-0.131221697377,0.0971283017430999,0.220360792095,-0.334928701161,-0.061406981051,-0.0214670499604,-0.0217359140527998,-0.045190108827,-0.0223633129079,-0.185571339384,-0.0571461713776,0.0809927100507999,10.6897721640889,1.19686725373,1.69014272034781,1.71459555358649,0.0008508327907159,0.95692,0.71716,0.83779
330700,330000,development_train_only,0.795,15.7699557511125,6.47303958910822,0.144140337733,0.105373323419,0.681303116147,0.0231813211466,-0.209413637685,0.161702767202,-0.0039261938754399,0.0784585139340999,0.0053569255709298,-0.152908383343,-0.0742673305677,-0.1210746756,0.118572039589,0.0546203853411,0.045703637278,-0.22101052875,-0.114603001043,-0.143284169386,-0.164192188594,-0.0213322725385,0.118849902264,-0.0801520199222,0.0264234246077999,-0.118377894526,0.181046896319,-0.110470845209,-0.0427999747688999,-0.0664259381795,0.269064350887,-0.0374092554929,-0.0011225381471698,0.136128658431,0.0630674722586,0.0958138248246,0.0018991765863698,-0.0468605547179,-0.0856715435691998,0.0219858355177,0.0596378496694,-0.260104643122,-0.0470996646497,0.0931627616444,0.0369378452979998,-0.0577813518577999,-0.0188075769230999,-0.0562738257093998,0.046340200254,0.0882920785555,0.110979424484,-0.0197744814202,0.145802835591,0.109234919012,0.0596045852941,-0.0601309613528,0.0617828694581,-0.124591267467,0.116473586016,0.224922248351,-0.333675119788,-0.0737304000680999,-0.0211159280604,0.00538475510637,-0.0559149536718,-0.0163647028856,-0.179672722509,-0.0394937077419,0.0618352496968,10.5185986539737,1.12203229559,1.54518992729273,1.90149880394658,0.00182596250882,0.92969,0.71169,0.75858
330800,330000,development_train_only,0.788,14.639686439527,5.55596879462219,0.150902352409,0.169228671463,0.574561403509,0.0087840078713599,-0.147825527768,0.163959238707,0.0058220127535099,0.0825463169352999,0.0560641671994,-0.174324889378,-0.0423835729616999,-0.0889843201944,0.133759726258,0.0578702606455999,0.0388876916058,-0.228395679761,-0.0839308835056,-0.119935985211,-0.167882939319,-0.0435099628735,0.100665971288,-0.102521000114,0.0039386495101199,-0.159592449317,0.18191666174,-0.125003326868,-0.0556075117636,-0.0706891835345,0.253982151167,-0.0302909550834,-0.0389108972941,0.136832101143,0.0995527237591,0.0743239739918998,-0.0066495272042398,-0.0265592156102999,-0.0647848733532,-0.0344639030531999,0.0929715980612,-0.237970874409,-0.0514934766652,0.0839509449695999,0.0384865032867,-0.0258068065283998,0.0412894489450999,-0.0500956277653999,0.073618766616,0.0745062653338,0.125423267552,0.0105914271612,0.138949494056,0.108982121213,0.0686755817533998,-0.0817389373689,0.0408346122056999,-0.0761409738543998,0.122995572685,0.209953922099,-0.316419974096,-0.0922628965209,-0.0291578015852,-0.0199218183465,-0.0716492123932,-0.0689289062439999,-0.221684287599,0.00801088667238,0.0680027043197,10.4035217365529,1.20116237164,1.81264808449669,1.22659323670431,6.85164175471e-07,0.92,0.69064,0.76911
330900,330000,development_train_only,0.83,13.9639314251511,6.57478249294038,0.0999284345974,0.15750406045,0.715517241379,0.0329348793194,-0.233869589298,0.145861921792,0.0139247083025,0.0209274719274,-0.0348160038962,-0.195969680888,-0.0578694698798,-0.135523511094,0.100201663853,0.0662921728980998,0.0629388608018,-0.225028546282,-0.111035449971,-0.12327722549,-0.155341308867,0.0465061542479,0.143224673469,-0.126105736785,0.0568995787586,-0.0930572972015999,0.1571386508,-0.0719592152423998,-0.0408211740251,-0.114990102724,0.250707900413,-0.0430940823671999,-0.0200416134038,0.123061666044,0.106349414943,0.102737495756,0.00731420638066,-0.0191306964079,-0.0668684041387,0.0234142888835,0.0204311924021,-0.208945788079,-0.0439568890965,0.0890504223080998,0.086036187188,-0.0280850433727,0.0128340235686,-0.0067663677900198,0.0584713545956999,0.118064405185,0.135444833766,0.0046746214434798,0.150832820021,0.155040911419,0.0488264238543,-0.0605150349746,0.0922763257232,-0.127600346985,0.115138464453,0.190300520887,-0.310789842657,-0.0312365184670998,-0.0089960279074599,9.31849594971e-05,0.0022772947388499,-0.0492307255902999,-0.195872742653,-0.0709822809231999,0.0690286572676,10.6945492772183,2.45993629617,3.46680511515404,2.96224640132681,0.0353046709553,0.93092,0.71516,0.85811
331000,330000,development_train_only,0.797,15.7071155129916,6.46230275295467,0.148441587816,0.125762538274,0.619909502262,0.0193876666881999,-0.222384902191,0.165072218782,0.00804401153048,0.0309216147304,-0.0176733928643998,-0.17159266234,-0.0925033538793998,-0.147680701788,0.101147902424,0.0590824722239,0.0492200527336999,-0.231235722684,-0.0960285862221,-0.121945144206,-0.169580418818,0.0104709539949,0.124448485852,-0.0997162362671999,0.0283250438592,-0.117778848508,0.170575306684,-0.0982675821488,-0.0640299040161999,-0.117374742131,0.278227641604,-0.0487867207969999,-0.0016688005714298,0.104363436147,0.0931816458995999,0.117244960965,-0.0267214668029998,-0.0161608470316998,-0.0667028958561999,-0.0057089309448399,0.0324001374042999,-0.20273609851,-0.0338379929106,0.0724752027562999,0.0606740872180999,-0.0224651459327998,-0.006743922418,-0.0311938978156999,0.0504639951653999,0.0878640650025998,0.1309127389,0.0199598938634,0.127825525368,0.148782411172,0.0596507816707999,-0.0638355403324,0.0734842109393998,-0.141115676618,0.122641849387,0.217037067808,-0.303315175018,-0.0903114903702,-0.0238097321554999,0.0253533001171999,-0.0566109489959,-0.00790676400482,-0.205211354888,-0.0546632433377,0.0582805764990999,10.4951781841513,0.994795202373,1.27769589142841,1.71457646239276,0.000786254152388,0.93585,0.68932,0.78441
331100,330000,development_train_only,0.786,14.7357937095143,4.9865498494646,0.161635443402,0.140139445437,0.617529880478,0.0228924486621998,-0.177885932373,0.163155641397,0.0050030635334399,0.093036235645,0.0138271890218999,-0.181135224852,-0.0438185695376,-0.0978489983936998,0.121146218627,0.0402491942038,0.033864717385,-0.253160438487,-0.0889177120419999,-0.0994630611862,-0.178758551,-0.0089517558125399,0.116498174508,-0.0890569842265,-1.37260595947e-05,-0.128047682264,0.159908104779,-0.118696484057,-0.0652909108731,-0.0813709713077,0.212481273819,-0.0470621192646,-0.0328994891666999,0.115881110334,0.0486131382110999,0.0791187891953999,0.0103632735429,-0.0264459545381998,-0.0648604716471,-0.0469184281475,0.0467402377206999,-0.235322681306,-0.0492957927792999,0.0690492156316,0.0454741505571,-0.041221668337,0.0103553235702,-0.0620332790519999,0.0788857064672,0.0729438950452,0.148329006291,0.00082697132231,0.15617171309,0.112497702569,0.0571632077550999,-0.0508597242055,0.0360050177899,-0.0818453537301998,0.145744276181,0.22485558988,-0.303874391738,-0.101968391569,-0.0412109545867,-0.0245646243044999,-0.102948551471,-0.0158912362759,-0.21048799871,-0.00848911388888,0.0459013004055999,10.2745131156706,2.36785277079,3.32966594757856,2.98110296298679,0.022044483661,0.93846,0.69345,0.74566
340100,340000,development_train_only,0.822,16.0530237609382,6.70640636448137,0.166530543277,0.108985439339,0.822838847385,0.0176408339432999,-0.237063469491,0.162360620834,-0.050599136188,0.0319821101929,0.00577736471696,-0.16938691029,-0.0355961535346999,-0.131949148801,0.0496846789563,0.0958309580843,0.0658005998904,-0.179521914704,-0.0925740327187,-0.139971184567,-0.157893723244,-0.0244832123520998,0.133167018243,-0.106143970988,0.0556091980778999,-0.104205702936,0.126304491146,-0.0866548616639998,-0.0505120254805999,-0.0618882628099,0.320052837122,0.022594889707,-0.0281416496237998,0.15253625871,0.0846728592848,0.0610697393428,-0.0473554756949,-0.0387584385456999,-0.0476778222893999,0.0689428511843,0.0631386582318999,-0.268513547369,-0.0685510613178998,0.0698531059112,0.0245816172270999,-0.0619145345892,-0.00528778710301,-0.0109075571672,0.0198822074488998,0.0574897814725,0.110076665785,-0.0065205743942298,0.162380134127,0.138687603698,0.0276690095167,-0.0614200886205,0.0984997447555999,-0.107736143186,0.066588090148,0.169670355217,-0.301700551073,-0.042929282456,0.0033918981784799,-0.0053866978329099,-0.0201519412978998,-0.0775295550460999,-0.181241298431,-0.089600812328,0.0830988226555998,10.782563724927,1.43239474938,2.27013020489376,2.11441896167563,0.00210008365597,0.91923,0.72836,0.83055
340200,340000,development_train_only,0.806,15.1102379995312,6.41073687205944,0.147477525681,0.147369147812,0.723287671233,-0.0030162412205,-0.212731393803,0.153295457754,-0.0354219686622,0.0279680865791,0.0398786387816,-0.16323502713,-0.050928698069,-0.105431808389,0.0966993108311,0.0887825209169998,0.0588824581582,-0.200650584301,-0.0740713042987,-0.130343722747,-0.134881051938,-0.0657269307536,0.0996708856787,-0.118492923089,0.0306875156096,-0.136529621432,0.159848548188,-0.101157216385,-0.0299455052725999,-0.0798409786895998,0.304681978785,-0.00193212392064,-0.0269101851714,0.139807353352,0.0863467904285998,0.0634015763185,-0.0362063231971,-0.0527496457298,-0.0591723340547999,0.0417405931884,0.0837555283992,-0.243093567874,-0.0587298939546,0.0914029498204999,0.0551191935419999,-0.0577123446603,0.0346709227993999,-0.0166037161608998,0.0235895681857999,0.0618437655621,0.114894430867,0.0060856426090199,0.161704322057,0.120304976277,0.0445799804619,-0.0770632321727,0.0861366549668999,-0.104194064376,0.0759331965331,0.194256109193,-0.312187128803,-0.0695489276241998,-0.0115645379333999,-0.0125745654078,-0.0350406114255999,-0.0840815640068,-0.20085279848,-0.0493620543479999,0.0904765900124999,10.6783942380945,1.73674470964,2.70295600736902,2.35483616992033,0.0050175141800099,0.93231,0.68355,0.82277
340300,340000,development_train_only,0.767,15.009433329467,6.31700569436754,0.224538957701,0.131254337675,0.551515151515,-0.00965832374156,-0.210305452098,0.216071213663,-0.0749951507545,0.0291331878623,0.0824408362715998,-0.140913114947,0.0245536809994,-0.135392772133,0.00164263413459,0.0819051391718,0.0572701781476,-0.173194036599,-0.0313227757628,-0.0724065259294,-0.13528614286,-0.0955321747297,0.0957382891749,-0.139570395863,0.0327839195096999,-0.123630922056,0.0996110351186998,-0.0492016566679999,-0.0233944256598998,-0.0381856366746,0.350306062576,0.0400247599737,-0.0494957093218999,0.150450750408,0.0618933655759,0.0595669751050999,-0.0706704312818,0.0004939783243038,-0.0206384173335,0.0767303892630998,0.152707951781,-0.287127600628,-0.109851331052,0.0451365291226,0.0289132262935999,0.0134321331517,0.0206673489801,-0.0036326231220399,-0.0141400317799999,0.0211599159439,0.0964536593074998,0.0585076630546,0.17273080689,0.104152324797,-0.010110043689,-0.0545360149668999,0.133316588016,-0.0875918810426,-0.0125508745268,0.124054431071,-0.284344402522,-0.0636671502324999,0.0131246418978,-0.0750090712271,0.0130390125405,-0.140222286635,-0.190355632351,-0.0835363081796,0.0912799411060998,10.503435324047,2.2725648752,3.12532310251444,2.61995340654728,0.0103236904519,0.88462,0.67978,0.74897
340400,340000,development_train_only,0.747,14.9240735075185,6.30776583585517,0.199913158303,0.149539751191,0.610561056106,-0.0216693461715,-0.186475420812,0.219243864726,-0.0701284945588998,0.0236326538933,0.0769845175670998,-0.160018846636,0.0238647967579,-0.119744464388,0.0303206446415,0.0970414422806998,0.0548602552545999,-0.169331746371,-0.0314531041078,-0.0735035745214999,-0.135874083554,-0.0874580397146,0.0931243725991,-0.155574255788,0.0311747412058,-0.142787563935,0.13203023857,-0.0455850478335,-0.0231857029247,-0.0603827928767999,0.341006610161,0.0131794363341,-0.0462318305979999,0.15429296779,0.0620167102174,0.0499204494517,-0.0666217148245999,-0.00708800989056,-0.0373834740826,0.0780025054491998,0.133919140892,-0.283779342079,-0.0688600790378,0.0632523969241999,0.0287697805173,-0.0122532037523,0.0193254794845999,-0.0163325248121998,-0.00285409400291,0.0339968148984999,0.112450096994,0.0577750767469999,0.17044269581,0.120900926602,0.0201846168208,-0.0400532822473,0.139747962906,-0.0773129177363,-0.0048135093123899,0.130869839154,-0.297196282323,-0.0749740271728999,-0.0058101159950599,-0.0815779196258999,-0.0238089402138998,-0.131174652168,-0.196083865024,-0.0768843658217999,0.0722038385923998,10.1486266268753,2.00565384749,2.98276373683562,2.39812525211474,0.00412561765849,0.88462,0.67865,0.69459
340500,340000,development_train_only,0.799,14.5856192426232,6.28162880362395,0.145835667443,0.159794767871,0.717592592593,-0.00353859648386,-0.234005908571,0.152204943172,-0.0309595014111,0.0241535709694,0.0343272124728,-0.171978312752,-0.0610744477315,-0.108886156756,0.0890654434193998,0.0896882232632,0.0694435995909,-0.198156596577,-0.0827073626177999,-0.124639662501,-0.129914969896,-0.0647474084807,0.104305685226,-0.11281824579,0.0335813383317,-0.134774388016,0.147325013679,-0.104249943466,-0.0283425475583998,-0.0832099654533998,0.315326578458,-0.0044426511278,-0.0194226601112999,0.141815406384,0.0801048239111998,0.0657894400478998,-0.0490983299299999,-0.0518985837036999,-0.0568292646138999,0.0478269566926,0.0855866134189,-0.234427485261,-0.067276697622,0.0904521466811,0.0698281596474999,-0.0639482985607,0.0242362397016,-0.0056862084880899,0.020507451135,0.0609008531489,0.113110866584,-0.0016669486001,0.164887544918,0.128732328076,0.0330788868936,-0.0712644080575,0.0966332354182,-0.105669837702,0.0811062776759998,0.186673658598,-0.310380880176,-0.0599219180128999,-0.0052883239651099,-0.0127125485631999,-0.0441565845697,-0.0742969094169999,-0.190716871099,-0.0675652219933,0.0928119883435998,10.5144228051516,1.69368442279,2.5859230552575,2.09887778315414,0.00165303400707,0.912,0.68142,0.82021
340600,340000,development_train_only,0.76,14.4935446083283,6.57659358208908,0.208000086051,0.122930182744,0.639593908629,0.0310991001655,-0.254629980928,0.220276181974,-0.0908614717351999,0.0342785700794,0.0458660545685999,-0.120039842836,0.0409646074882999,-0.13712934251,-0.0250136615869,0.116642353622,0.0627867729052,-0.152475561377,-0.0705214538517,-0.0383605846411,-0.133802518594,-0.0508031458446999,0.110795896765,-0.133719989192,0.0264842966984999,-0.112133071322,0.0845885831541,-0.0253300339216998,-0.0228586738256,-0.0264188067808,0.33484752252,0.0497117880726,-0.0454814120021,0.14460169944,0.0519759104099,0.0545351118252,-0.104495804603,-0.00181113199309,-0.0325893822185,0.131159616778,0.15127647233,-0.329577153304,-0.124154301058,0.038753585898,-0.0075075374762699,-0.000432291491048,-0.0092286166125099,-0.0026877059254799,0.0110871962727,0.0469346769348,0.116208460433,0.0245490945198999,0.180891558698,0.0841971050214,-0.0304284455417998,-0.0368164566159999,0.165040388047,-0.0911349941955,-0.0416890793921999,0.0930244373284,-0.28301050241,-0.00858825195746,0.00710694252076,-0.0748082480717,0.0283034904626,-0.130560769375,-0.13000564929,-0.121911968904,0.0838610727359,10.0601545706161,1.91153821548,2.84076033373421,2.31341301801314,0.000558530252413,0.87692,0.68193,0.73288
340700,340000,development_train_only,0.774,14.0855384585358,6.08745498502813,0.146295854167,0.160212735455,0.664122137405,-0.0075113846804498,-0.150966879987,0.148423507258,-0.02236361467,0.0601859053854999,0.0792132816546999,-0.178631165129,-0.0069316502149098,-0.102505207424,0.116601965986,0.0692407833268998,0.0457082222684,-0.211023398289,-0.0669266874693,-0.13530200505,-0.159633790907,-0.0878704732585998,0.0974029291821,-0.135821788042,0.0404445355022,-0.165027354565,0.152856505696,-0.11006378419,-0.070898614132,-0.0533919711016999,0.315582085127,-0.0116927026338,-0.0547057996025,0.137917530527,0.102400308474,0.0476515140325,-0.0174251333978,-0.0254395449528,-0.0310972493138,0.00959263488572,0.106792630501,-0.244407446064,-0.0754158792648998,0.0881140128750999,0.0426493240517,-0.0190069276218,0.0726075189039998,-0.0233235029854,0.046024674945,0.0551172603735999,0.0976889562664,0.0213721509421,0.160539351956,0.0999675467407,0.0503605749862999,-0.0727251172164,0.0592285419617,-0.0497916830475,0.0960617286667,0.181122618474,-0.300597867717,-0.0901276012918,0.00539134323771,-0.0435630998450999,-0.0358515119846999,-0.115648675712,-0.232984133624,-0.0275114439878,0.0927431966652,10.1940437350486,2.20414768087,3.10092253431828,2.71322218491284,0.0174490713254999,0.9,0.66187,0.7779
340800,340000,development_train_only,0.761,15.2434268335831,5.73704324009969,0.169872372942,0.156927643927,0.553956834532,-0.0131213582772,-0.125269279719,0.158237949328,-0.0211332674850998,0.0509752147364,0.0821157757629999,-0.182582620252,0.0143472491778,-0.10114530597,0.11757886966,0.0586138992368999,0.0274903108665,-0.217842771169,-0.0399290832665,-0.125916699042,-0.164397918707,-0.0945031966266,0.100888630415,-0.139180514763,0.0245675199107,-0.173511052093,0.142193808172,-0.0953064796034999,-0.0789728229400998,-0.0485926245318,0.298334481064,-0.0276758060765,-0.0606026821593999,0.113578686037,0.110153257412,0.0541788258662999,-0.0042380620724999,-0.0130633158728,-0.029568249614,-0.0177828254273998,0.121532085153,-0.257222661337,-0.0670090791889998,0.086222146525,0.0396587042340999,-0.00658898876302,0.0758305111443,-0.0409009910758999,0.0566892992794,0.0457714220477,0.0999091296142999,0.0489584072554,0.145478904,0.0922321095832999,0.0467641015075999,-0.051476627567,0.0567504938397999,-0.0470966064710999,0.0738975104935998,0.169285630608,-0.290793033452,-0.121085589208,0.0085147492415599,-0.0508775325505,-0.0537754061121999,-0.11790371009,-0.243508750706,-0.0405450256653999,0.0836416057015,10.2058407031023,2.71677747198,3.72838912551236,3.17209066394712,0.0508297393085,0.88154,0.67593,0.73925
341000,340000,development_train_only,0.773,14.1006902520774,4.93082322158523,0.146191205735,0.166982634221,0.586466165414,0.0129242645247,-0.143628464082,0.135353003178,-0.00435943264274,0.0854979835941,0.0319205999196,-0.201480881498,-0.0326520900981999,-0.0683230498535,0.117599988497,0.0508651391361999,0.0348444456552,-0.24198253684,-0.0567356179738999,-0.116715837063,-0.206992705489,-0.0344807576168999,0.116248224702,-0.116667234111,0.0081578932403499,-0.144280284841,0.138841134169,-0.131933303979,-0.0869799646399,-0.0850606791551,0.231458067245,-0.0517256911200999,-0.0836744784313,0.121306616608,0.090113543052,0.0462245420098999,-0.00939183123388,-0.0199607337521,-0.0460607549786,-0.0898751941497999,0.0577370284973,-0.215724479085,-0.0594448316722999,0.0881415953762998,0.0530119430377,-0.0141789818845999,0.0555362347038,-0.0242696302746998,0.0687643016719999,0.0663721966912999,0.134712443098,0.0271535438865,0.161345130516,0.123348170538,0.0503887018494999,-0.0807067081355,0.0115575397881,-0.0426592606263,0.166584380759,0.199709139855,-0.282333482067,-0.0980459042676,-0.0245222866757,-0.0345457240379,-0.124757056148,-0.0635169811194998,-0.236707440788,0.0004621443772129,0.0668971043677999,10.456239451106,1.76586120668,2.53659695149813,2.51891603520664,0.0113484019953,0.90138,0.68162,0.75071
341100,340000,development_train_only,0.788,15.1993020394926,5.691030044924,0.166086733402,0.146087165127,0.619047619048,-0.0429595140666999,-0.179080353391,0.186526429913,-0.0782111315461,0.00378644662008,0.0598491962266,-0.162228520035,0.000680280373928,-0.110423558758,0.0214562510574,0.0829408480617998,0.064279509752,-0.18107099483,-0.0405504542422,-0.107843255908,-0.133695203805,-0.104876868669,0.105441747127,-0.149736204158,0.0414852673012999,-0.141665228806,0.131357194963,-0.0788307934765,-0.0261326913321,-0.0789774761380998,0.336890701741,0.0051429703718399,-0.0470668677227,0.14602491725,0.0672016274167999,0.0536202662571999,-0.0541018989179999,-0.00558091636275,-0.0385151850565,0.0427659178020999,0.122276657438,-0.243774599583,-0.0885447092832,0.0617345701139999,0.0328283862365999,-0.0141044631244,0.0344172003872,0.0009138158545879,-0.0253539586816,0.0104260126890999,0.114010750574,0.0761080621625,0.151141139718,0.154506437116,-0.0053776600576899,-0.0464148237542999,0.136184084519,-0.0710528319164999,0.0514368110745999,0.130986076771,-0.269549844953,-0.0855809306466999,-0.0087042983260899,-0.0391252927844999,-0.0288215622042998,-0.126582997156,-0.222366079527,-0.0715986571286,0.0709408236721,10.2968709472262,2.23557616909,3.05714671937731,2.63260162645418,0.013576846672,0.9,0.70015,0.77697
341200,340000,development_train_only,0.723,15.9196448341857,6.69868252958685,0.246268981255,0.125995258929,0.419512195122,0.011291502723,-0.21840239631,0.213180737218,-0.0576113006113,0.0541726779564,0.0977779299658999,-0.10845978699,0.0613360149630999,-0.124232024514,-0.00492300788017,0.0805026054593,0.0484175280239,-0.175293882894,-0.0187340653614,-0.0246535009534,-0.128057225421,-0.106422368727,0.0726473309878,-0.153260107895,0.0177242654066,-0.124607052069,0.0718962593350998,-0.0268936076338999,-0.0217870982516998,-0.0129223340627,0.331693688457,0.0434337392432999,-0.050518271593,0.158191848986,0.0555001499901,0.0570620239175999,-0.100971546452,-0.00163350677115,-0.0198517280007,0.116055415746,0.179888386648,-0.302224899215,-0.112674433672,0.0441978331890999,0.0398290028653999,0.0219771192471,0.0123565862037,-0.0128221456437,0.00524195618349,0.0309968411994,0.0962712031415,0.0513925887032999,0.178457861395,0.0657788969016,-0.00590289168893,-0.0501255379584999,0.155178467355,-0.0951954291163999,-0.0561216996383999,0.124848345975,-0.289480773871,-0.0581252062293999,0.0172285903209,-0.106661081663,0.0232488372842,-0.135527418633,-0.179041383865,-0.110684857351,0.103689478286,10.0167284726678,2.07778784588,2.88398062166384,2.41987479702684,0.0056426383460799,0.88462,0.65059,0.65629
341300,340000,development_train_only,0.745,15.4888619837593,6.28780317043107,0.237371374378,0.135361998825,0.437148217636,0.0237366645297,-0.236192165839,0.220228197844,-0.0936260122142,0.0373690064468,0.0770710654043998,-0.105513793847,0.0530793353494,-0.13792974099,-0.040801819991,0.0937872445499,0.0534535715228999,-0.162200705437,-0.0445595660472,-0.0314162833256999,-0.130606222468,-0.0879488791279998,0.0973463123217998,-0.127115008088,0.0285629191623999,-0.110855985304,0.0642313627066,-0.0260688114604,-0.0172593787874,-0.015026401932,0.343097415345,0.0556273486017999,-0.0585777617017,0.152611571005,0.0503849896150999,0.0527422724229,-0.102277774879,0.0105222934724,-0.0196510057853,0.116872455867,0.174438018518,-0.313664264929,-0.137681074019,0.0191059367125,-0.000994802098017,0.0234223576581998,0.00292708906507,-0.0058056619247499,-0.0099188499993,0.0203544162372998,0.102990824571,0.0414116284068,0.182731913322,0.0730469258651,-0.0291479101088998,-0.0468999972210999,0.157800113711,-0.0873048620589,-0.0444071197064999,0.0992230280378998,-0.275665290514,-0.0258508195843,0.0159413881824999,-0.0905615665960999,0.0411770009515,-0.132000730122,-0.154068582619,-0.114549712873,0.0934629340484998,9.91895788657242,2.77710170711,3.77941351612471,3.04689034194317,0.0491501714972999,0.88769,0.69131,0.67378
341500,340000,development_train_only,0.737,15.2948400128418,5.65394483495552,0.188330744373,0.154749981236,0.485193621868,-0.0408966286477,-0.141113844251,0.182128990618,-0.0458707433101,0.0188157849291,0.0654400253272,-0.174504773156,0.0464854742291999,-0.0943760012404,0.0779349139330998,0.0743289453544,0.0447854254908,-0.180696927384,-0.0201154157782999,-0.0906688494816,-0.144640338898,-0.0876237020888998,0.0900044124472,-0.195481169964,0.0340921302723,-0.167693422256,0.137021347995,-0.0705647524675998,-0.0337899069152999,-0.0747069627814,0.29118676867,-0.0207585011136,-0.0631802342628,0.155862475276,0.0763022113508999,0.0299149834222,-0.0338631797305,-0.0150935885279,-0.0465309740665999,0.0491276089626999,0.135421073125,-0.259181972959,-0.0528330663077999,0.0875809036227998,0.0372316371834,-0.0277386768808998,0.0557024259874999,-0.0194907019389999,0.0200180389143999,0.0317674172960999,0.119997647422,0.0752562675453,0.15543625329,0.128939382009,0.0220261871284,-0.0374616823104,0.128530749056,-0.0512333062949,0.0376275269264,0.137619110899,-0.287141075842,-0.0958352082269998,-0.0159698695753,-0.0914901624254998,-0.0443136586765999,-0.143265270517,-0.240508933976,-0.0581091301916999,0.0562429246952,9.9664796764536,2.66201063167,3.46868745622102,3.00751351034973,0.0328280001845999,0.88462,0.67253,0.67216
341600,340000,development_train_only,0.717,15.4249486703984,6.37572555470229,0.257466717316,0.124230515069,0.426,0.0109651386669,-0.226614757937,0.211581994558,-0.0765743315402998,0.0410985462255,0.0836116209503,-0.105322879031,0.0795390394234,-0.111930402207,-0.0398727398767999,0.0862808930641,0.0600856518549999,-0.16361713875,-0.0052254386539499,-0.00493211934232,-0.120215102588,-0.117042071968,0.0777115852354,-0.156787510897,0.0103906721576,-0.110602405644,0.0595717533474999,-0.0212101004205999,-0.0154212602137,-0.016203937105,0.328005195021,0.0542004420875,-0.0670072986559999,0.154945470135,0.0410138471414,0.0456404866866,-0.116891304827,0.00528690304625,-0.0152653197038,0.127354011256,0.193711699087,-0.313138399346,-0.128646226951,0.0370890247501,0.00961664874955,0.0225722065592,0.0068725113362899,0.00233161860088,-0.0063297267054299,0.0139140691533,0.0905196870541998,0.0608941196575999,0.181190623405,0.0657626890936,-0.0289444561675,-0.0395290474286999,0.158248853396,-0.0915619792064999,-0.0658087354376,0.0997701502952,-0.264542688885,-0.0476013803365,0.017447527176,-0.124846905205,0.0337146150872,-0.149217787695,-0.165483648638,-0.124576888044,0.0964438209312998,9.89520887868551,2.38285181345,3.26308324447285,2.6738797779459,0.0124281351922,0.85677,0.64697,0.6646
341700,340000,development_train_only,0.761,14.1081809181955,5.07880921698995,0.157827547427,0.153604778962,0.597014925373,-0.0175759417354998,-0.124137241475,0.153683700316,-0.0260316227010999,0.0621620700591999,0.0790614724047,-0.184980893451,-0.0138412137816,-0.0878614935462,0.113038293182,0.0607440787085999,0.0456253356249,-0.223518268712,-0.050458163915,-0.130507835625,-0.165873962569,-0.0911788862646999,0.0991818233397998,-0.137772470392,0.0137266264405,-0.165274935968,0.153079471416,-0.116244776493,-0.0791542505231,-0.0645879500295,0.289210410223,-0.0401612778140999,-0.0694595044023,0.125634770794,0.113245154503,0.0571825645649,-0.0176393082710998,-0.00308334104312,-0.0419941354877999,-0.0407414338652999,0.106991335193,-0.231138963891,-0.0663595174376,0.0775437479845998,0.0397735250263999,-0.00874379736152,0.0688266541560998,-0.0280210913843998,0.0467946836192999,0.0518732647392999,0.101684756607,0.0425279868925999,0.147144322866,0.114936440764,0.0537033991358,-0.0781851087462999,0.0422244635785999,-0.0479847800745999,0.106289999419,0.179350565843,-0.287035747171,-0.109106972654,-0.00937020923863,-0.0361939727765999,-0.0696584340303,-0.111685380092,-0.251074677264,-0.0214609346143,0.0799388577071998,10.3196984486447,2.63339009001,3.56728659661334,3.15404304811529,0.0471501790663,0.88462,0.66114,0.75258
341800,340000,development_train_only,0.77,14.7318016898383,5.31778830596669,0.139291529259,0.166331055105,0.608,-0.0134067668375,-0.156648196235,0.157902820247,-0.0065630410327,0.0597154216354,0.0447794323928,-0.176230799697,-0.0228059515256999,-0.0846643246512999,0.114318086231,0.0664489336673999,0.036429311827,-0.225809436941,-0.0574865181948999,-0.127741143321,-0.160014432448,-0.0774907428469999,0.105898735157,-0.134446091653,0.0133691421097999,-0.159733110573,0.163000173531,-0.0958036420111,-0.0592424634287999,-0.0767514137638,0.273646717625,-0.0219689550913,-0.0492915490978,0.138443596704,0.0919246699712999,0.0576238074062,-0.00964745492865,-0.0221074925316,-0.0546599104722,-0.00358812823338,0.0901779699,-0.251099650281,-0.0521464266109,0.0826920192527,0.0284815424172999,-0.0215808025025,0.039321913016,-0.0396270132099999,0.0532322213094999,0.0562052499082,0.117307320242,0.0237951972717,0.146568295697,0.117745527951,0.0475328627544999,-0.0613831272026,0.0640867587999,-0.0635708255519999,0.0996378405853999,0.187489917472,-0.313080544219,-0.101128732048,-0.0090466745598299,-0.0375622072823999,-0.0736556696604998,-0.0984986755753999,-0.229597026491,-0.010695687194,0.0641869110164,10.1292647527505,2.14130019301,2.97912207767762,2.7635087600868,0.0192334615987998,0.90769,0.66839,0.75162
350100,350000,nationwide_score,0.827,15.9341729329897,6.52272516327931,0.171347759192,0.10643655806,0.724759615385,0.043931001061,-0.245800915183,0.134017554506,0.0575470170032,0.0436191164886998,-0.0906885738417999,-0.149789094089,-0.0535277802115,-0.1818835671,0.0947977023844999,0.0391372024069,0.0651839589993,-0.233894764981,-0.111381379271,-0.119517585145,-0.177181203633,0.0431968652261,0.149628631517,-0.0639657327277999,0.000227700872532,-0.0759288236787,0.163316720122,-0.0916825906171998,-0.0857241333414,-0.12536043471,0.200616384176,-0.0148714683748,0.018632698444,0.111525002139,0.100302385883,0.156805870176,-0.0405240834096,-0.0248960672985,-0.0555856944334999,0.0302797035694,0.0572189659993999,-0.213170500658,-0.0318567039414,0.0412665226649999,0.0476794881852998,-0.0191449798076,-0.0632021920918,-0.0638298082668,0.0919085824651,0.0669523913296,0.143873344796,0.012627939971,0.132651941786,0.152075882027,0.0548025626873,-0.0357042355705,0.0674522457802999,-0.158438360259,0.133497717349,0.208227363545,-0.312718483622,-0.0487579184286,-0.0345381026895,0.0093570046445299,-0.0379387178397,0.0271997198319,-0.175423060349,-0.0119834950839,0.0323048698482,10.8354454635794,1.32984168549,2.16275354189176,1.85427327309893,0.000605738240303,0.91538,0.72854,0.84714
350200,350000,nationwide_score,0.845,15.4603158072858,7.98400427143356,0.171316989455,0.0560321926609999,0.893822393822,0.0848895139278,-0.288177565121,0.174075654569,0.0391810266066998,-0.00299836491947,-0.14166140651,-0.0962534479074999,-0.0650811629216,-0.260483743672,0.0887840693919,0.0511624933085,0.0827373715789,-0.246535560331,-0.13687563808,-0.121950115422,-0.0927803173127998,0.0976828364737998,0.140213668368,-0.0399761367255,0.0155622807108,-0.0151201448796,0.172220437231,-0.0557729550626,-0.0894948393554999,-0.0523403928448999,0.172619830112,-0.0082232749495698,0.0701640407217,0.0547351984504999,0.112571061968,0.1964137984,-0.0102560967778,-0.0439827861093999,-0.0480608186342,0.0583078718275,0.0365502728462,-0.240646659078,-0.0100605092418,0.0093285851119998,-0.0072357535922599,-0.000743177036238,-0.111748907856,-0.0730827554475999,0.126105681808,0.0772806555994998,0.128303608317,-0.024295722647,0.126212511741,0.123891738314,0.0388626558878999,-0.0195283064606,0.0644959292144,-0.207635996611,0.107256225374,0.173965473553,-0.306789174334,0.0145912570176999,-0.0253603389055,0.0618653141296999,-0.0159954513402,0.0598609038843999,-0.134460441856,-0.0672801286076,0.0429287916889999,10.6983834250843,0.976306018637,1.52108759972524,1.1336408603057,1.65159490851e-05,0.93677,0.75629,0.85078
350300,350000,nationwide_score,0.795,14.9817818066326,6.67358592516115,0.208489016154,0.115549829168,0.626168224299,0.0449302323531,-0.257020158896,0.158043421287,0.0681187986349,0.00280544499773,-0.122138254229,-0.117243351157,-0.0449609142077,-0.222804219618,0.08472207564,-0.0005038593300558,0.0466762657748,-0.263228359363,-0.112883074158,-0.0983547707378999,-0.142006041529,0.0246232913103,0.158362314454,-0.0403991218905,0.00320056168993,-0.0761640186909,0.171723000441,-0.0684712447777,-0.0985831962277999,-0.10322503099,0.177565006257,-0.0483620947527,0.0340236141557,0.0504302891999999,0.119029925003,0.210255450027,-0.0274044502465,0.0111177132747,-0.0523336283542999,0.0318621381597999,0.114748995296,-0.189949897474,-0.0274925978403,0.0077307088195298,0.0325104956287999,0.0453884749498999,-0.101626912892,-0.0919365297649999,0.110468120566,0.0560205775359,0.117603235115,0.0201800871492999,0.0856278715092999,0.115660322062,0.0191199774391998,-0.0117252047997,0.0723024652077998,-0.166412707281,0.151223897179,0.174937559236,-0.304126918415,-0.0403724415578999,-0.0212511986045,0.0192050204651,-0.072627357567,0.0401658553674,-0.163507509884,-0.006184011124,0.0476728382776,10.8243143360949,1.35885077602,1.81762837888529,2.17736687466442,0.0032799339783099,0.93077,0.68537,0.78899
350400,350000,nationwide_score,0.809,14.7277936700472,4.69507846054324,0.209080503655,0.125566128887,0.630522088353,0.0309020075849999,-0.171099646399,0.142338851576,0.0363719352756999,0.0767462597139,-0.0371079408694999,-0.180907629549,-0.0138656538033,-0.118988480174,0.110970462178,0.0461112573356,0.017024639033,-0.279796689113,-0.0610214617546,-0.0884090381233,-0.19885934082,0.0041870398773198,0.117810607214,-0.0778990537679,-0.0492510223299,-0.127920052604,0.133979770807,-0.0976117265838,-0.112706291351,-0.102379674501,0.145230794923,-0.0553864608652999,-0.0151642456503999,0.0401359187974,0.103311552418,0.100171665729,-0.0267428814627998,0.0173558329871,-0.0378283281792,-0.0891717924865998,0.0664306321213,-0.212604437861,-0.0600207775244,0.0551921435502999,0.0509449809271999,-0.0106837129775,0.0147942169631,-0.0589814386024,0.124838397969,0.0404844721262999,0.148714705538,0.0250063941255,0.158474182075,0.108746034699,0.0381452873317999,-0.017195904102,0.0289898484985,-0.062726977153,0.157096575611,0.220638791699,-0.275736840359,-0.0946874204438,-0.0531298748691,-0.031082503457,-0.163239156805,-0.0138177291815,-0.224530076513,0.0260982378133,0.0595505692094999,10.3544072494758,2.49484284955,3.42669286722635,3.19523057918887,0.0531918174073,0.92308,0.68948,0.8309
350500,350000,nationwide_score,0.807,15.989125383427,6.64992885550668,0.20691444586,0.0827376568024,0.684869169511,0.0382454708487,-0.254816854872,0.139908887974,0.0872551868336,0.0164811148683998,-0.123787830271,-0.123376514837,-0.0431991014449999,-0.248440027213,0.0959476137948,0.0130495502341,0.0387928970501999,-0.271571723195,-0.113842975272,-0.109084129505,-0.140118209384,0.0698124633529998,0.150691875079,-0.0462148728617998,-0.00755002843783,-0.0483877047784,0.151189201172,-0.0813239750489,-0.119806012294,-0.0898222834614,0.169919894309,-0.0274205916867,0.0515194046406,0.00754703853359,0.123507823837,0.197024801142,-0.0255331670960999,0.0124641825787,-0.0448117422885,0.0164906761638,0.102092881449,-0.196665353261,-0.0289323937473,-0.0119147945382,0.0618959369288999,0.0491625649326,-0.0953242507066,-0.0854874558123999,0.126571136092,0.040632528266,0.112494084695,0.02765064247,0.0898041638761,0.11362588049,0.00879605716688,0.000880971729442,0.0748966761753,-0.162649515233,0.144891321199,0.176804090296,-0.282884711805,-0.0215506181571,-0.0054049226590598,0.0172004382504,-0.0731559238365998,0.034167206652,-0.168383720721,-0.02412427534,0.0444179035524999,10.9935233117978,2.05456122939,2.84524526472487,2.67283216243768,0.0124607853509,0.89862,0.69586,0.84045
350600,350000,nationwide_score,0.788,15.4348989992713,5.9207550946125,0.200760929387,0.112615801955,0.613861386139,0.0201442726313,-0.22625900822,0.159250550293,0.0657419588624,-0.00613427836246,-0.0888410403020998,-0.122149339852,-0.0399072940656999,-0.221378759647,0.128818439866,0.0136102182924,0.0501275470166,-0.276010854822,-0.0970835218908999,-0.0896032324747,-0.109715608635,0.0342705040044999,0.131329419202,-0.0607036183049999,-0.00670953836281,-0.102431767824,0.194405323492,-0.0494793993197,-0.108020114534,-0.100135947627,0.161049872311,-0.047276043992,0.0419646407416999,0.0154299083804,0.124222064567,0.200880782116,0.00015584706187,0.0266725639134,-0.0222596001156998,0.0035523812520399,0.107283858864,-0.15666103308,-0.0134758343321999,0.00250777925979,0.0203135287526,0.0689304382363998,-0.0825991097972998,-0.0777423083673998,0.169434060657,0.0480790363388,0.125996381336,0.0346788587251,0.0793078310876,0.119365013752,0.03107077532,-0.0169845069661999,0.0543436245909999,-0.144752743019,0.12610949114,0.181798368038,-0.305253945777,-0.0465727859693,-0.0204279380522,0.0201311917567,-0.0733150009170999,0.0331536742922,-0.210949416866,-0.0020788708546199,0.0310901967059999,10.4225167025055,1.77273952146,2.5416084363808,2.52706308801407,0.0088893380382099,0.89862,0.67952,0.80231
350700,350000,nationwide_score,0.784,14.8013277256213,4.63460000425387,0.183190571125,0.135555233889,0.597014925373,0.0104851325383999,-0.159184472897,0.141564406408,0.0102035053304,0.0792388251879,0.0107863147517,-0.178468630037,-0.0196519620901999,-0.10316269737,0.129575988844,0.0296817684266998,0.0218458769004,-0.260369053679,-0.0726536098963,-0.0880463610465,-0.190050255002,-0.00940210543921,0.118537083906,-0.0949763712718,-0.0211978730865,-0.14219641392,0.158431057462,-0.129563163605,-0.0968215428851998,-0.0904392792757,0.188071999426,-0.0475872063831,-0.0318808465822,0.0778785415883,0.0851023944521999,0.0892173233414998,-0.0134830749951,-0.00833677365759,-0.0503248454913999,-0.107175414128,0.0674531143371999,-0.212662341182,-0.0648759550530998,0.0719079819234998,0.0509834585923,0.0078670060175599,0.0296470996330998,-0.034731107955,0.112634498472,0.0644615091079999,0.162194894566,0.0353821738784999,0.142601725948,0.128515896668,0.0567987187391,-0.0510324219526,0.0181429858472,-0.0583307844079999,0.154804547205,0.211815858941,-0.278061776105,-0.102331696368,-0.0440013769163,-0.0134317625886,-0.131489849221,-0.0219829345608998,-0.233504283792,0.0187639013433998,0.0602863575741999,10.1738564337862,2.47514124518,3.2981265225834,3.24119591324355,0.0486965991198,0.90769,0.68412,0.77464
350800,350000,nationwide_score,0.802,14.8198125334614,4.97270614802547,0.221943000019,0.122051746088,0.626373626374,0.0466762669855999,-0.212497588024,0.174232040006,0.0417620442701999,0.0427358370687999,-0.0688788295197999,-0.168417978613,-0.0369659077991,-0.156429290255,0.111167337646,0.0448604732177,0.0196407068790999,-0.293608938268,-0.0745879625164,-0.0944755918015,-0.182461935553,0.0132069158666,0.136479657294,-0.0496908521276999,-0.0422739857114999,-0.114597008726,0.147297739574,-0.0774309853619998,-0.122038655595,-0.0877648805092,0.164411845752,-0.0602868222204999,0.0079911337498,-0.00685982953688,0.110116123043,0.123985999855,-0.0282544858476,0.0232667433031998,-0.0513135932981999,-0.058381389858,0.0725793263709998,-0.207857406834,-0.0506753754867,0.0367527758273999,0.0279698023717998,0.0046191568771,-0.014166823772,-0.0955673371174999,0.142970644636,0.0405669005931999,0.121854092224,0.00706439706347,0.153091653515,0.0913668619621998,0.0289372353919,-0.00188553989754,0.0390266804705999,-0.0908540772992,0.145461749736,0.221583485081,-0.27880008873,-0.0857150091192998,-0.0366247602694,-0.0120496977535,-0.172723414278,0.0114423269179,-0.211065111989,-0.00349244911948,0.064155445488,10.7391268994668,2.42260477375,3.07065321542612,3.26434551584503,0.0371473693714,0.89415,0.69787,0.82628
350900,350000,nationwide_score,0.785,14.9629133282621,5.45474865262672,0.208309222448,0.115860488031,0.609523809524,0.0411244021267,-0.201009329189,0.142556997057,0.0240524275524999,0.0616792646367,-0.046929395679,-0.182838923027,-0.0505808894201999,-0.121541676413,0.119710311995,0.0371235509045,0.0399664440041,-0.268426263324,-0.0944311619,-0.0834883796523998,-0.184732576029,0.00346679303865,0.13978469263,-0.0772341785994,-0.0175070057645,-0.106885813988,0.156739612209,-0.104021842031,-0.0915788702514998,-0.104195646573,0.169533332413,-0.062199452921,-0.0022824010031399,0.0857693312365998,0.0730560392209999,0.124068941117,0.0068510892305799,0.0042648940907898,-0.0558667641665,-0.0668722841337,0.0423889624308999,-0.204775329483,-0.0390866142906,0.0502098623564,0.0508648259616,-0.0097587338223499,-0.021414235326,-0.0646488405017,0.0918693858615999,0.0777896555969,0.144668561368,0.0199146378688998,0.143872847842,0.13296816495,0.0503123305657,-0.0224760641865,0.0320339468618,-0.0834481570289,0.150451490414,0.207591984833,-0.292946280294,-0.0859153106005,-0.0374225017718,-0.00715324536242,-0.130629759943,0.0236427331585,-0.210219096905,-0.0057696293624598,0.0415666782863999,10.1736685613467,1.95017021576,2.75013933679269,2.63887789914715,0.0135656826108,0.90308,0.67647,0.7906
360100,360000,nationwide_score,0.815,15.6496909028207,6.77017616556798,0.173759895792,0.0949298461744998,0.779552715655,0.0351042545505,-0.191756650701,0.154711508738,-0.031713796202,0.0459194493469999,0.0423627840447999,-0.1430528844,-0.0523947183980999,-0.145450692213,0.133964460187,0.0775669309542,0.0368713548011999,-0.197369379389,-0.0829681886501,-0.148079080377,-0.177746782017,-0.0226893484594999,0.108741249889,-0.0888054738594998,0.0250998064802,-0.137786732943,0.156212063664,-0.111993285392,-0.057528805197,-0.0482584245169,0.291879738999,-0.0212510699901998,-0.0164787244365998,0.127847197548,0.109803366315,0.0885137265407,-0.0322262034792999,-0.0520424095932999,-0.0724032288554,0.027925474807,0.0757877108992,-0.292385757219,-0.0568316672475,0.107680053773,0.0207954610378,-0.0440372031697,0.0252652276603,-0.0557683756685999,0.0495029657878,0.0687768719688,0.116438714593,-0.0086520960463699,0.164735186106,0.0772352404939,0.0845998941275,-0.0635806262068999,0.0639618874142,-0.107566835713,0.0543410607576,0.21554894372,-0.306693374765,-0.0663089090111999,-0.0153572644401,0.00757373658579,-0.0380125893421999,-0.0601107033200998,-0.197169068043,-0.0475806230363998,0.0959221515695,10.5759761613091,1.31594677286,2.05964651513952,2.0131143061768,0.00192670123592,0.92554,0.72375,0.80688
360200,360000,nationwide_score,0.76,14.2979373244923,5.73534438982465,0.213831092833,0.103632478536,0.648148148148,0.0090908722402698,-0.16234583718,0.141080177862,-0.02639915671,0.0712649789003999,0.0469136500389,-0.161558027045,-0.0530693136141,-0.104441381866,0.110700159422,0.0563704906864999,0.0330736238243,-0.242920250435,-0.0685220971704998,-0.139835561304,-0.184233724696,-0.0658212221528999,0.122238143582,-0.0963495146208998,0.0080119330791699,-0.151135820571,0.154362746369,-0.120992155812,-0.0874539475292999,-0.0730134568397999,0.275624846553,-0.0504318166124999,-0.0495791993869,0.106646685636,0.106053766963,0.0842952677771,-0.0286843490202998,-0.0133194000388,-0.0650723028052,-0.0578097970037,0.0682720494337999,-0.251306775713,-0.0655829472798998,0.0913895114273999,0.0365364619808,-0.0167708439450999,0.0390030803722999,-0.0357878989265,0.0509332687847,0.0690224877421,0.117663323031,0.0242833942508999,0.14714807847,0.113464376275,0.0487225840495999,-0.0719453116813,0.0292898137249998,-0.0763959108522,0.129555133897,0.20229586875,-0.297812688797,-0.104006163141,-0.0145507723446999,0.0108111142013999,-0.0926345561226,-0.0481885662165,-0.235647140426,-0.0208427043238,0.0688208830176998,10.2706540571966,1.83918628368,2.67105158594162,2.05630479710554,0.000673996241936,0.86815,0.68466,0.73897
360300,360000,nationwide_score,0.77,14.408837955728,6.16230128856238,0.202430123552,0.124233936334,0.674033149171,0.0224355479233998,-0.125520467079,0.146479380066,-0.0007738956984669,0.0627784973023998,0.0609285069585999,-0.206959875193,-0.0185223811305,-0.104415806316,0.132004371589,0.0487361919415,0.0331117153970999,-0.249299219857,-0.0614917306526,-0.106373592012,-0.184560420955,-0.0486570512987,0.0929050833983,-0.136327677392,-0.0158614386945,-0.174380448501,0.16402362972,-0.112001249662,-0.0995845470153,-0.0691368126979999,0.265416550405,-0.0311071850811,-0.0273758551743998,0.133270438234,0.125662835706,0.0946857644197,-0.00562671040199,-0.0138171106362999,-0.0507953475093999,-0.0385001722465,0.104329369695,-0.249326375784,-0.0420038825713,0.0851743669481,0.0466981842581,-0.0116007317934,0.0706973951419,-0.0520652594121,0.104607443739,0.0803941977733999,0.113092635181,0.0387090488825,0.140771416579,0.0939689087327,0.0801306000309,-0.0486352783345,0.0278011482131,-0.0577207804537,0.0899498930828,0.221011699942,-0.300598398569,-0.110028681409,-0.0326977979816,-0.0571199010821,-0.0588464803469,-0.0620594644036999,-0.23818319505,-0.00622954975048,0.0867494552952,9.81792545130797,2.19053737702,2.96463948800933,2.62804805668986,0.0139021565707,0.9,0.70244,0.72329
360400,360000,nationwide_score,0.763,15.3415670788506,5.48813693211786,0.210934005664,0.115359306729,0.610869565217,0.0034543383966899,-0.119178833756,0.14920239363,-0.013194232269,0.0497709034770999,0.0763700313017,-0.188270238573,-0.00143450732837,-0.0987364272336,0.134588299464,0.0508146110378999,0.0301226179974,-0.237165005873,-0.0412065578494,-0.105569134029,-0.165825901698,-0.0678693954909,0.0942399912078999,-0.137739197045,0.0027543857842499,-0.177881742111,0.164784811709,-0.0994188838485,-0.0714802239441,-0.0650720420274999,0.26868179341,-0.040705094204,-0.0434245120907999,0.117893065574,0.111856263319,0.0657133421151,0.00756298908342,-0.0104937030849,-0.0529721422546,-0.0212013635195998,0.109594143645,-0.25508075607,-0.0463424809097999,0.0981834203694,0.0441815778172,-0.0178484669627,0.0839464344342999,-0.0542229284243999,0.0831908040268,0.0656331014686,0.107889525214,0.0422274841997999,0.153033457189,0.0899644951072998,0.0749682682955,-0.0498646113668,0.0512920875267,-0.0511042774887,0.0712230253186,0.196586464863,-0.288542009039,-0.128220854586,-0.0172503236439,-0.0472348853254,-0.0479829150098999,-0.101028666193,-0.24130082345,-0.013134622104,0.0793197152071,10.1659747191498,2.43847492198,3.47345464037295,3.00088368237437,0.0311137882206,0.83846,0.69212,0.76519
360500,360000,nationwide_score,0.794,13.9978329480912,5.94064657356273,0.208901967063,0.11152809884,0.741666666667,0.0211786817377,-0.174139498158,0.151050963343,-0.0127157246633999,0.0221516836346998,0.0408434818886,-0.194411952001,-0.049372870919,-0.104258037603,0.127373062566,0.0644907344728,0.0512646667565,-0.229452774473,-0.0580441064016999,-0.125202717999,-0.15943980446,-0.0421662346683999,0.0918776318056,-0.114924509558,-0.0131803957276,-0.146695378947,0.171080801037,-0.0764399616809998,-0.0532936174537,-0.0939757863932,0.26453780009,-0.0464939862099999,0.0010063915502198,0.148728387054,0.118367747488,0.104645928283,-0.0174882125458999,-0.0279974468449998,-0.0747109625279999,-0.0007528147647629,0.105612829572,-0.258674451653,-0.0332790023148,0.107681891505,0.0591851418595,-0.0500598571526999,0.0338832914788,-0.0567313306656999,0.0710835835886999,0.0680179637641,0.108876172159,0.014672736302,0.147891017202,0.0809902220671,0.0843943174829999,-0.0367558920658,0.0627781583248998,-0.100349529776,0.0546548198743999,0.222217044736,-0.303950259089,-0.0911914190344,-0.0296109239552,-0.0446705508555999,-0.0438962759016999,-0.0612734648905,-0.200345935819,-0.0224926085849,0.0849139380731998,10.2575488338325,2.31429035557,3.25238801343964,2.84110895332319,0.0293071969975,0.90923,0.69556,0.7911
360600,360000,nationwide_score,0.784,13.9552733699043,5.78535374383752,0.220090427074,0.1108975455,0.64347826087,-0.0208134340752,-0.135539108212,0.135762123255,-0.0288610849947,0.0469514540544,0.0923030031357,-0.153802142155,-0.022824072833,-0.0879901932186999,0.13166399827,0.0512416675120999,0.0237501582288,-0.228654821712,-0.0621108717327,-0.141698955713,-0.160888292935,-0.119919200164,0.101224555546,-0.118997922276,0.0066982094274599,-0.179095214081,0.162731669789,-0.124293710685,-0.0829554018277998,-0.0658421097173998,0.263032604216,-0.0476551859672,-0.0525757082702,0.116693215532,0.140461925324,0.0926434529163999,-0.0417151806003999,0.0060150999642498,-0.0631580893282999,-0.0528276033487998,0.12212533121,-0.237788998614,-0.0636418343443,0.103751646816,0.0393202801042,-0.00762970836349,0.0616546301026,-0.0376343055038999,0.0555918978369,0.0395235491304999,0.12837622554,0.0392910805732999,0.126368713051,0.1026667023,0.0549364047153999,-0.0615263036720999,0.0523001482566,-0.0553361425745,0.110038049955,0.187290338177,-0.275859935747,-0.101249691926,-0.0055631614683198,-0.0120794192306,-0.0750839046657,-0.089185071344,-0.252673151887,0.000293508519939,0.0718211343396999,10.3035199591947,2.73629652815,3.81539323739251,3.20637354381202,0.0667980482077999,0.86154,0.7035,0.79425
360700,360000,nationwide_score,0.744,16.0093963455177,5.43331934847671,0.231123459203,0.100837331379,0.552954292085,0.0239185284948,-0.1636351714,0.160031195879,0.0087597194598999,0.0366820192776,0.0110632613947,-0.178660615551,-0.0243799109552,-0.138258545109,0.124388786957,0.0376683454240999,0.0194493464637,-0.263251083333,-0.0674234309189,-0.109859381447,-0.173991365983,-0.0341235443124999,0.120499826401,-0.0788755172964999,-0.0248373288443,-0.14481417619,0.159383206288,-0.0841564552482999,-0.119153984852,-0.0868152117439,0.220615815422,-0.0540806864314,-0.010686145639,0.0448478858626,0.131620798739,0.127149415981,-0.0184610720020998,0.0131442821886,-0.0462479662199,-0.0674839546943998,0.113592484264,-0.225367353932,-0.0467831658737999,0.0771676937273999,0.0309283028597,0.0040676744252399,0.020778364963,-0.0736813824094,0.120820481873,0.0536653072232999,0.126828397886,0.0384159782986999,0.137973591028,0.0878474001450998,0.0402537114658999,-0.0110857463831,0.0412774845964,-0.0695513559180998,0.123776548413,0.201313541687,-0.278199522119,-0.113405726463,-0.0222923831728999,-0.0022248756264199,-0.122362459663,-0.0334963659662,-0.222763144512,0.0005766165093039,0.0749484868709,9.84054899937336,2.54041414333,3.49610184970083,3.25068134113136,0.0505520488664,0.87692,0.68896,0.68274
360800,360000,nationwide_score,0.75,15.3128991903034,5.1808174692335,0.251107743926,0.114560645535,0.523489932886,-0.0159237437243998,-0.122872719897,0.138145241572,0.00130804997166,0.0375133546821,0.0961957235651,-0.192099162292,-0.0150476088848999,-0.105730405336,0.154591207893,0.021781288616,0.0310300828493999,-0.236174882381,-0.0447311062544,-0.118299851177,-0.154095584506,-0.0784428806359,0.0705343448139,-0.127408355848,-0.0335612483686,-0.188539746501,0.166288522322,-0.113610131382,-0.0778412637223998,-0.0823789014999,0.270563682862,-0.0671833761169,-0.0221281737247999,0.119297702401,0.128424018592,0.0925499003421998,-0.0175226714997,0.0026272242187,-0.0654336474825999,-0.0650313861232,0.133515217804,-0.22652849468,-0.0511792051568999,0.0965604381594,0.0549284565634999,-0.0161758045495998,0.0656817271212998,-0.0428098480616,0.0806488260279999,0.0513424058041,0.124354494747,0.0473345581921999,0.121368782105,0.0801813126692,0.0706517385211,-0.0381035710301999,0.0443939236872,-0.0480162947883999,0.0869970998022999,0.201753183426,-0.279594174396,-0.109303075259,-0.0285077942177,-0.0611200223589,-0.0704971083525,-0.0790036292852999,-0.250285440226,0.0163013669567,0.0779630126021998,9.88216073740997,2.61628470165,3.48561067716236,3.19610538261261,0.0365640997857,0.88,0.67629,0.70842
360900,360000,nationwide_score,0.749,15.4269466726618,5.59649399572558,0.230002012371,0.114041803715,0.562874251497,-0.0044673067266799,-0.127973536581,0.144720011546,-0.0162783526193,0.0426463104402999,0.0918694016342,-0.181009667729,-0.0217515625376,-0.117078204788,0.147623977797,0.0380344778759999,0.0268728675191,-0.235808528804,-0.0388845600163999,-0.122488568198,-0.162597781257,-0.0745503898636998,0.0872738631684999,-0.126657239471,-0.0168289798693,-0.186605623343,0.167511722785,-0.109594667304,-0.0708833105573,-0.0735252497646999,0.269734339998,-0.0478253453494999,-0.0264953637901,0.123387739694,0.114539973305,0.0911771911010998,-0.0108877059801,-0.0075936167124699,-0.0663590454331,-0.0264803367018,0.120075474482,-0.254461750327,-0.0517117186751999,0.0977867967796998,0.0554199211444,-0.0158885201034,0.0732177696712,-0.0568633536192999,0.0736777237179998,0.0560771675866999,0.118504324044,0.0406238085627999,0.130264952807,0.0744257611777,0.0737518411202,-0.0461987283279,0.0511155073794999,-0.0629467402025998,0.0640667674222999,0.209598785945,-0.283726963014,-0.107678782911,-0.0279157078180999,-0.0494305782572,-0.0646222159841,-0.0856539283862,-0.246970200629,-0.00214420658039,0.0836609296167998,9.806803305381,2.23712250197,3.02622387110669,2.64897892050805,0.0150331852432999,0.83846,0.6881,0.72926
361000,360000,nationwide_score,0.742,15.101984860045,5.2656014743261,0.226069577218,0.107573520985,0.569060773481,-0.00774744438536,-0.112681911248,0.143335726625,-0.0262629402539,0.0493561251264,0.0645792489867,-0.172185165337,-0.0319550174087,-0.103349862521,0.14394245592,0.0578060550066,0.0204293653734,-0.236119213822,-0.0526965820899999,-0.153771221341,-0.17801753112,-0.102087789642,0.105156113221,-0.117939876931,-0.0115026377411,-0.179172324442,0.163663826527,-0.114675798588,-0.0999719296420999,-0.0638102534210999,0.249655245087,-0.0456455552426,-0.0490409625576999,0.0972175601232,0.134049873022,0.0995629505943999,-0.0228261853930998,0.0197098538198,-0.0521749476108,-0.0669102111059999,0.118149904819,-0.251558288719,-0.0560608194602999,0.0853811926769,0.0246391020928,0.0100355436893,0.0545977850027999,-0.0631517704183,0.0633138965228,0.0340130562380999,0.110301801033,0.0425607179575999,0.122989329856,0.0811345195886998,0.0591840743938,-0.0429590216567,0.0291629439369999,-0.0489236335270999,0.0995732051369,0.188356200392,-0.270782547063,-0.120435337235,-0.00680334588119,-0.0188858642693,-0.104099125092,-0.0865148451704998,-0.253039851815,0.00321637552889,0.0858389456394,9.60896519568037,2.61760062357,3.64094767653742,3.15673198051038,0.0456866540975999,0.88,0.67155,0.69191
361100,360000,nationwide_score,0.741,15.6857732427635,5.65662567457535,0.232810976436,0.113592559911,0.543913713405,-0.0144865364033,-0.121310244858,0.141909079234,-0.0238256025519998,0.0555137282333999,0.0763815314906999,-0.164013107798,-0.0368100438230999,-0.0896086442424998,0.133091849173,0.05642207558,0.0271209240550999,-0.241639366542,-0.0513296985788999,-0.132869276405,-0.172931166167,-0.0907248778644998,0.0991286553934,-0.120005577082,-0.00114789917018,-0.17649500815,0.167609952187,-0.127945204657,-0.0817778768505,-0.0756624878749,0.257437124099,-0.0500045575997,-0.0492893184725,0.109252093682,0.119355559099,0.0809571943351,-0.0246573876904,-0.0024403397504099,-0.0665142509395,-0.0731321223067,0.0940738690175998,-0.237540257983,-0.0593892456852999,0.0963316018460999,0.044419430861,-0.0056225864758998,0.0649891957045,-0.0424998332062,0.0592663732111999,0.0507458229744999,0.123421396455,0.0417240182878,0.137124649704,0.104345903443,0.0633496633701,-0.0664206897273,0.026691593436,-0.0493768368346,0.117155209059,0.204078503904,-0.279697096751,-0.118953682659,-0.0203688025119,-0.0186335620077,-0.0935669204101999,-0.080174475112,-0.253354095256,0.00520635643262,0.0760886915351,9.84924717383361,2.49652542024,3.43648553801708,3.02580926900053,0.0360732809834,0.88,0.67815,0.68139
370100,370000,nationwide_score,0.83,16.039052551843,6.80786340302665,0.16655468744,0.128904658654,0.734848484848,0.0629924698848998,-0.259522398227,0.215376111911,-0.155622127178,0.00630238754544,0.00144042571542,-0.0977462586169998,0.0914280893480999,-0.149744739825,-0.0679299982917,0.16318965795,0.0450378608843,-0.11507603433,-0.108028732993,-0.0369522769076999,-0.150616805467,0.0090326607046199,0.129537340764,-0.114363019592,0.0637855268153,-0.0700342689199,0.0720334767583998,-0.0628172849158998,-0.0254045720027,-0.0133796652454999,0.334770031792,0.0389844713438999,-0.0978701617155998,0.127031176759,0.0383375280324999,0.0258251706571,-0.101209049107,-0.0104081638412,-0.0326518168490999,0.168902251667,0.14236027644,-0.290952325001,-0.127200259149,0.0371460185515999,-0.0827983237838,-0.0402176073337999,-0.0438797842065,0.0174894965487999,0.0062906992881899,0.0473847430574,0.13978469149,0.0212691407286999,0.189020922615,0.0965619730859998,-0.0425118069012,-0.0007541296487339,0.173596103947,-0.066074170902,-0.00294725627118,0.0568627259622999,-0.24593421891,0.0380499250246,-0.0053930876766699,-0.0678632384822999,0.0376556381751,-0.106762938631,-0.0614944391275,-0.178647162302,0.0631488047993998,10.7865987962115,2.00022052328,2.78893659855403,2.72354491279042,0.0164319823495998,0.91692,0.749,0.833
370200,370000,nationwide_score,0.844,16.1290356899086,6.80301394347003,0.156335003594,0.130071203111,0.762611275964,0.0496042808745999,-0.251685109146,0.252551628724,-0.150192906313,-0.0287320527965999,-0.0245211951166998,-0.140206183499,0.0531029322858999,-0.158459202725,-0.0673046423093,0.146407196574,0.0478605039770999,-0.0813616986545998,-0.0882831829871,-0.0847006544759,-0.134408091819,0.00827158312704,0.176088784603,-0.0934193439569,0.0789444914426998,-0.0577925706528,0.0766407542792,-0.0447283851785,0.00464653284893,-0.0521769276626999,0.316922330778,0.0366998099462,-0.0798271439768,0.146075659596,0.0371985072852999,0.058899867315,-0.0585803348711999,-0.00956665663133,-0.0545169433249,0.128953863982,0.126832593573,-0.262539993961,-0.10749034253,0.05511911902,-0.0562358165711,-0.0430458594874999,-0.0653192159415,0.0052642046986799,-0.0336598450341,0.0447095146321999,0.147950429923,0.0219404391906,0.175693531549,0.143555867741,-0.0585749060978998,-0.0181556071311998,0.176307389239,-0.0843014129635999,0.0072763537706499,0.0864951589765999,-0.262472419839,0.0418610994301,-0.0191666030637,-0.0274430810894999,0.0215446478806998,-0.0920963964534999,-0.0909804284472,-0.150310782328,0.0371819457351999,10.8487505107241,1.46854488486,2.33117847762334,2.04117191716573,0.00131283525205,0.94508,0.74866,0.85061
370300,370000,nationwide_score,0.806,15.3651986783068,6.67273129215794,0.151854261855,0.151614644838,0.740976645435,0.0886368855164,-0.255624830537,0.194735572728,-0.161130552007,0.0050010736017899,0.0073112043038499,-0.0675587801017999,0.0778010327190998,-0.133726188253,-0.0802140785473,0.142811390555,0.0060531519101,-0.136820937473,-0.117791730792,-0.0327660344018,-0.179371374926,0.0085126212604699,0.102563659679,-0.102029028692,0.0918964757605,-0.0702744353178,0.0733039171084999,-0.102693921839,-0.0419815490387,-0.00152148581024,0.352464196134,0.0623644018887999,-0.115025875161,0.13680742055,0.0380881238909,0.0331462175878,-0.111149880946,-0.0334960385448,-0.0110287605666,0.184197595691,0.154387764901,-0.278658477622,-0.135458526046,0.0487410633388999,-0.100268499334,-0.0321463650432,-0.0320325260998999,0.0052905741458998,0.0065676785721399,0.0262327249860998,0.116721741149,0.0107899239837,0.164491584207,0.0515494017473999,-0.0314233818253,-0.00642681212408,0.1584628046,-0.0594264762653999,0.00946806669125,0.0674317156427999,-0.224684890604,0.0355610435115999,0.0100090832453999,-0.0758212081532999,0.0447770330894,-0.0724216914296998,-0.0721930501399,-0.213577506955,0.0997553758337998,10.0896280640234,1.61043943911,2.55406837094793,2.29045548203037,0.00425940753559,0.91585,0.73274,0.78097
370400,370000,nationwide_score,0.75,15.1661780005083,6.739777000346,0.227145318923,0.125966685755,0.593264248705,0.0514328956869999,-0.243690650388,0.249281362024,-0.139374294874,0.0065259308679798,0.0331039719975,-0.109506944207,0.0549488875638,-0.139820098126,-0.0754354163853998,0.149099445169,0.067390614276,-0.13933854277,-0.0704583558911,-0.016646238135,-0.143619056879,-0.0402255706166,0.109293304884,-0.113074232026,0.042703508468,-0.0846563721545998,0.0957623505662,-0.0342765294036999,-0.0243857619969999,-0.0401321187330999,0.333045174037,0.0360321858506999,-0.0761455416199,0.140837337523,0.0536820269417,0.0478995560569,-0.129936028067,0.014177627107,-0.0371583888070999,0.142938597166,0.164182808884,-0.326411991596,-0.11927526217,0.0115849257541,-0.0639997630138998,-0.0196788951800998,-0.0222428506799999,-0.00800665383258,0.00106264286367,0.0297898184437,0.116682207695,0.0351973351641,0.201213724861,0.0891630324921,-0.0364345817546999,-0.0110212657279999,0.17583401221,-0.0728956295258998,-0.0395659971611,0.0629499598864999,-0.253359820079,-0.00117130357434,-0.0103773115798,-0.0791833708043,0.0363879863630999,-0.123331319197,-0.0949912388126998,-0.144535435589,0.0729521688168,10.0544924308911,2.02776810544,2.8450384985477,2.34533720942906,0.00341216254859,0.86923,0.69598,0.69747
370500,370000,nationwide_score,0.845,14.5994125584136,5.63442978311978,0.176704754622,0.142435019566,0.716894977169,0.0747245883241998,-0.250000936877,0.230675405411,-0.188157792273,-0.0260282854192998,0.0379027092480999,-0.0910104791333,0.0784687437837,-0.166373257179,-0.0795352593269998,0.174130493966,-0.0016184469143399,-0.100622950914,-0.0992616791704998,-0.0445729960991,-0.154985568684,-0.0156227174792,0.111669693967,-0.0899329881205,0.0714586918911,-0.0701816466586999,0.0778376472758998,-0.0840541970365999,-0.033886388694,-0.0375825471232,0.347912826516,0.0742602906480999,-0.102464185764,0.130026015409,0.0502990974647,0.0589260402233,-0.113551198588,-0.00678226981998,-0.0440471708246999,0.136032638144,0.189729056046,-0.267114593297,-0.123870626746,0.0375136060787999,-0.0963343147935,-0.0192269649443999,-0.0518221067270999,0.0078531604304998,-0.00916901340843,0.0330453444251999,0.140597365597,0.0251019530868,0.177369238463,0.0818905178940999,-0.0484630599684999,0.0024602015127299,0.178735377717,-0.0691209559757998,-0.0458690714058,0.0466140957444,-0.224784950924,0.0458046196921,0.00365832466811,-0.0588368721223,0.0378853325219,-0.0821912991847,-0.0690148469396,-0.20161919193,0.0745581355140998,10.3034873726105,2.19723442323,3.0579849387859,2.4613573097233,0.0058121692861,0.93923,0.74309,0.86514
370600,370000,nationwide_score,0.829,15.7756054828566,6.21951923550013,0.123535465656,0.166949059779,0.67323943662,0.0461903365194999,-0.204545888336,0.231467161777,-0.168617039221,-0.0356525131884,-0.00945208914852,-0.133861739688,0.0748753161515,-0.133340389317,-0.0853115734922,0.124774438498,0.0153207835782999,-0.104978784322,-0.0812140476307,-0.0883745557141999,-0.15591107984,0.000276591626788,0.173385778441,-0.112141725936,0.0997825111703,-0.0583152342047,0.0666536293113998,-0.0427591088204999,-0.0063867883389199,-0.0615860947255,0.324414333519,0.0341805023198999,-0.107195755166,0.148658619735,0.0579691348453999,0.0557960456012999,-0.0334285438278998,-0.00681023885457,-0.0278004138529,0.107784600786,0.159931442487,-0.23575918752,-0.102281753231,0.0683625516196998,-0.0362629150366,-0.00570271884822,-0.0294036253154,-0.00235485506928,-0.0470903472661999,0.0328153559596999,0.122409900214,0.0666187956679999,0.14105070132,0.125007455066,-0.0782575901303999,0.0107048486917,0.176953293099,-0.0769506137237,0.0248042715770998,0.0759213083325998,-0.246100389225,0.0469246594142999,-0.000570316040053,-0.0485936219195,0.0371359778222,-0.106838523599,-0.124583906063,-0.177658514008,0.0527022038094,10.5824577409321,2.02808567238,2.87248769023955,2.62820836077625,0.0127654247203999,0.93154,0.7331,0.83304
370700,370000,nationwide_score,0.788,16.0551559576807,6.37423770183523,0.176917510895,0.145547758053,0.644302449414,0.0548299615833,-0.245099709932,0.228386505144,-0.176653339626,-0.0203226414387999,0.0187967209748,-0.109118266531,0.0696220761948,-0.142175872891,-0.108634482865,0.165119018013,0.013819859642,-0.114965894134,-0.0894632390788999,-0.0559645979126999,-0.134773352361,-0.037306355776,0.126742273643,-0.100269710353,0.0926087574698,-0.0674536952136998,0.0730248025291,-0.0738068147042,-0.0254893332790998,-0.0309869695670999,0.360899906357,0.0689134293710998,-0.0932228942059998,0.146042277146,0.051418545938,0.0427902489391,-0.117991840332,-0.0141714271941,-0.0248852590056998,0.146926658628,0.158131961308,-0.276389855066,-0.139044666561,0.0309161327129999,-0.0999770285806999,-0.0303909541276,-0.055907984372,0.0188880956723,-0.0364404955502,0.0074578820726899,0.129203838626,0.0464786878127999,0.155221208225,0.0995104665579999,-0.0603866589611,-0.0100886318292999,0.164661624821,-0.0564248813898999,0.00167757000909,0.0618769940791999,-0.217054659487,0.0233562596552998,-0.0008512971161,-0.0272024868434,0.0381531063511999,-0.0842183403992999,-0.0963773610269,-0.18813322206,0.0687800697475998,10.1445181386694,2.08478685106,2.94290027219012,2.49601474014591,0.0073047345255498,0.912,0.71699,0.74739
370800,370000,nationwide_score,0.773,15.9389691046781,6.61601409068114,0.210706121472,0.132930681247,0.6004784689,0.0368577516106999,-0.251361831769,0.215011538116,-0.137488420744,0.0036687985302399,0.035631074507,-0.0930034066119,0.0630966072975999,-0.151947056364,-0.0770482103243999,0.155189111084,0.0510986892934,-0.13192224293,-0.0821795662621998,-0.0282014636175999,-0.135585982572,-0.0486849157450999,0.101904547356,-0.120329035038,0.0530200034168,-0.092004121448,0.0792095424534,-0.0492810091709,-0.024875504733,-0.0169434138272,0.354666519846,0.0488692561763,-0.0761547026073,0.121165495404,0.0454414699413999,0.0288001762444,-0.134329041269,-0.0081109616820999,-0.0236322085419999,0.15957710833,0.157356682698,-0.323840638524,-0.141831974005,0.014631091016,-0.0593922305550999,-0.0111298128082999,-0.0196666999025,0.0212714147912,0.00150707766518,0.0338139573744,0.122427452775,0.0462099237320999,0.187150743817,0.104891102934,-0.052505993963,-0.00888134101925,0.171902612126,-0.0648416941787,-0.037258878209,0.0612792551074,-0.248039611444,0.0222574837056,0.0095495651119098,-0.0714686434192,0.0427887721066,-0.125431833661,-0.0958489965450999,-0.173724656495,0.0740926889564998,10.1443626320888,2.29725889296,3.10770401593379,2.63754951502682,0.0122088522044,0.91031,0.69896,0.72459
370900,370000,nationwide_score,0.77,15.5166158414059,6.56432286641869,0.176981250539,0.144065095176,0.638686131387,0.0414115617268,-0.25275221583,0.20310637047,-0.142749165986,-0.0062058881324,0.0290118076418998,-0.109558929451,0.0860517228366999,-0.155694665907,-0.0853817563217,0.165308041978,0.0409179766964,-0.133533376823,-0.0864207521368,-0.0292021325052999,-0.151690289017,-0.0300312471555999,0.117605832005,-0.131789380019,0.0714456002712,-0.0926176535431998,0.0692696608757999,-0.0511797280040999,-0.0357766371075,-0.021214328665,0.369205351968,0.0495925011007999,-0.0875686663687,0.109796037706,0.0494138354682,0.012918474552,-0.127220381998,-0.0152251849621,-0.0187179761991,0.160695544575,0.158644601903,-0.300423383813,-0.146779565494,0.0295366348136999,-0.0566280632417,0.00548390324887,-0.0215624593884999,0.0266285876745,0.0095290904201099,0.0278349099821,0.120786109508,0.0575961409771,0.177297069841,0.102231505631,-0.0688359601693,0.0109662975341,0.179985842544,-0.0393524017068999,-0.0154442068877,0.0442623444185,-0.236137030102,0.0316357664709,0.0159523738761,-0.0908751451077,0.0344461902288999,-0.123355093067,-0.075555845181,-0.183438157128,0.0801987323744998,9.83398099334696,2.3484763806,3.17008392882627,2.66329244856789,0.0131655071903999,0.90769,0.70253,0.71496
371000,370000,nationwide_score,0.833,14.8836639827902,6.19315169723397,0.120618086537,0.177738879418,0.701030927835,0.0189501446815,-0.213399578542,0.248178245806,-0.143239765425,-0.045101116799,-0.0488615726954,-0.159810669133,0.0830100099112,-0.129269961542,-0.0726323473157999,0.108210040988,0.0590879010336,-0.0983101784865,-0.0695986640482,-0.0864484695363998,-0.135267348609,0.0289694973315,0.214901060146,-0.104906897973,0.0806974200352,-0.0260182212408998,0.0763989444299,0.0213151644995,0.012597946032,-0.0940394973047,0.256762313466,0.00293106443163,-0.086655267915,0.14717377513,0.0432104324606999,0.0792678129608,0.0107002906889,0.0061903819637999,-0.0680366502606,0.0694859817176999,0.147867511421,-0.226157995164,-0.0645435696907998,0.0664400074813999,0.0379566993460999,0.0081152954281999,-0.0315224149804999,-0.0287506808907,-0.0502209165409,0.0606824369483,0.137554821128,0.0762805123295998,0.158721704885,0.188590966321,-0.0839004596599998,0.0182875819023998,0.200435692735,-0.116888239788,0.0298959495305998,0.0945829889764999,-0.274239343261,0.0370760289896,0.0042695420530799,-0.0594198599326999,0.0227914921040998,-0.103940023581,-0.123004951306,-0.123250446782,-0.0034715433611199,10.5987243867363,1.64565848858,2.51360620821992,2.25633130230034,0.00413462430624,0.95338,0.736,0.82435
371100,370000,nationwide_score,0.785,14.9040728474792,6.3071973244412,0.18718907867,0.147103356939,0.612794612795,0.0669452210803,-0.236391235318,0.226967087164,-0.170539744033,-0.0204252710197,0.022832433021,-0.104328175677,0.0621645822281998,-0.149338537331,-0.0846155434469998,0.136729383318,0.0131500783729,-0.137218307039,-0.100691643095,-0.0489551516332,-0.164917673338,-0.0230803766089998,0.125505634815,-0.109338319748,0.0933109318064,-0.0831936341991,0.0950349101657999,-0.0898944138074,-0.031887984219,-0.0363284946467,0.359189438071,0.0415459690071,-0.104765464401,0.129632653967,0.052271030239,0.0595689878272,-0.0873149726110998,-0.0131694760497,-0.0174562587435,0.129894925328,0.147902655014,-0.258882807119,-0.131041845548,0.0560514522118,-0.0642583234355,-0.00783776356459,-0.0218599675352,-0.00170134056049,-0.0349267820137,0.0130174942099999,0.118964023063,0.0493077805409999,0.147842917981,0.0771999928144,-0.0604425903254999,-0.00388666663902,0.171181986314,-0.0646089749011,0.0314700387769999,0.0658078179788998,-0.225394115605,-0.000596261197543,-0.0037927940358299,-0.0341642768797,0.040502377323,-0.0800399552926999,-0.106109057875,-0.171111177529,0.0814788282112998,9.88790310709768,2.69763120362,3.37891407229048,2.64893667297716,0.0124926884625,0.91462,0.69741,0.75945
371300,370000,nationwide_score,0.747,16.2161294818915,6.46491162364259,0.238077197827,0.129481294708,0.55031731641,0.082195414273,-0.240504781663,0.193701761668,-0.155468559123,0.0044614938140998,0.0409440135324,-0.0695326539119,0.0686764021836999,-0.145689156519,-0.0803552415098,0.126368864661,-0.0090414953073199,-0.146675566093,-0.104316679586,-0.0404496071179999,-0.197384508953,-0.0328022114486,0.0870703288986,-0.105844578311,0.100850032205,-0.0807276308959,0.0816429510128,-0.112363431534,-0.0492515247823,-0.0033511602360799,0.37411401566,0.0615562092215,-0.107931762607,0.123174012426,0.0520550610364999,0.0416492149609999,-0.111673018894,-0.0282100974431,0.00110560915676,0.150668860179,0.148231209617,-0.28417166158,-0.143639112726,0.0451866814577,-0.096818756446,0.00795074208347,-0.0200559367763,0.0029163401855399,-0.0128213282355999,-0.00250315941824,0.103438172988,0.035756397559,0.145804029949,0.0413233345222999,-0.0449339121152999,-0.0100041756654999,0.15465141399,-0.0541132310624,0.013730298137,0.0699886172307,-0.213396683065,0.00169054201476,0.0180511203092998,-0.0691826080767,0.0476467760681,-0.0664022694577,-0.103521255401,-0.197097454616,0.11628372289,10.039858715856,1.93400074619,2.73839038994288,2.24820359471715,0.0028658968211199,0.89231,0.67384,0.6938
371400,370000,nationwide_score,0.765,15.540061455752,6.29539798241561,0.198262990918,0.14121411785,0.532976827094,0.0586849271653,-0.245616954875,0.193803711046,-0.197809212291,-0.0151095910033,0.0613112747858,-0.0206603732195,0.102528289138,-0.151376589471,-0.123863392553,0.119911164936,-0.000443731403534,-0.134750353797,-0.0746386104801999,-0.00261262310738,-0.144569422198,-0.0716088777779999,0.0743792200622998,-0.100638104358,0.0635340310924999,-0.0519217933429999,0.0504781599283999,-0.107461797767,-0.0227746885817999,0.0269828003407,0.361152238916,0.0775550074489999,-0.12351786919,0.125691875275,0.0207647011740999,0.0290350192375,-0.118414548801,-0.0192677636055,-0.0081092779936599,0.156523339623,0.180984673388,-0.294677705285,-0.169171275556,0.0236895851634,-0.123026373849,0.0046851666404799,-0.0378821036663,0.0235807643252998,-0.0297972166596,0.00740467543597,0.112445994213,0.0524762907246,0.148297419694,0.0603387288269,-0.0516810252613,-0.00837332961152,0.153771294799,-0.0595182006426999,-0.0285819331842998,0.0267472930191,-0.183478170958,0.0171185088493998,0.0253004654958998,-0.0772767118135,0.07835390487,-0.0879337606456,-0.0808303475327998,-0.230636744907,0.111154062607,9.89677433841626,2.98614109662,3.88672726375629,3.10134582830173,0.0611625542344,0.87846,0.70002,0.72717
371500,370000,nationwide_score,0.751,15.598901945589,6.53618578421773,0.238128321042,0.128424368852,0.529411764706,0.0555460052396,-0.260432562412,0.187820148239,-0.146415965678,-0.02105968125,0.0610456093695,-0.0637481143516999,0.10968801313,-0.159557599626,-0.103430380254,0.139622265841,0.0137200620233,-0.136830790499,-0.0680850590142,0.0004936422617429,-0.135098382456,-0.0726019014574,0.0754494077438,-0.111383545944,0.0675473450752999,-0.0790179645069,0.0439462760447,-0.0764203632117999,-0.0315924058222,0.0132054696892,0.386813927308,0.0708878707135,-0.103710399197,0.119489580961,0.0247144303749999,0.0121811937292,-0.142650161599,-0.0208536993863999,-0.0143317393190999,0.17588104657,0.181354517226,-0.303050907538,-0.175805449644,-0.000390510928611,-0.09793834894,0.0228956922784,-0.0325190372203,0.0263007235111,-0.00189403967737,-0.0059801925697799,0.123566321656,0.0624726451021,0.169020179589,0.0619479860976999,-0.0548089559907999,-0.00529704762229,0.166631903573,-0.0260284168823998,-0.0258620381491,0.0258774793077998,-0.204830311548,0.0114247076456,0.0357841419847999,-0.0893690298823,0.0695215092052,-0.102661911641,-0.073450879083,-0.19880234953,0.0935530802575,9.50776762069981,2.70128516283,3.50372131270611,2.81084329041782,0.0224169510347,0.89538,0.69926,0.67571
371600,370000,nationwide_score,0.774,15.1841502382983,6.06685960837878,0.184451309403,0.14719747504,0.595419847328,0.0429350035489,-0.24301220836,0.242353716474,-0.180410647606,-0.0202723899271998,0.0369895750554999,-0.0727078097811,0.110147562551,-0.154902422482,-0.106375501637,0.168112533145,0.0319923080986,-0.0988964689769,-0.0760923888880998,-0.0179293098638,-0.130263986016,-0.0458075682041,0.11127586923,-0.103441929306,0.0581365409396,-0.0647069426768999,0.0745831032125,-0.0520718332659,-0.0120381328371,-0.0121256920739999,0.332879210893,0.0567472468753,-0.103955197207,0.12343061018,0.0283572749504,0.0363916208222999,-0.122503673133,0.0067707073819798,-0.0373152509581,0.141808623205,0.174618438729,-0.293112852719,-0.140517596101,0.0235503995324999,-0.102008033979,-0.0124311560931,-0.0544430714713,0.0130896032794,-0.0292263040925999,0.0249592015665,0.147475109084,0.0518486735155,0.184892718404,0.102040156478,-0.0532411211918999,-0.00342279492316,0.196444556885,-0.0656186001006,-0.0451010594488999,0.0215560244684998,-0.212099141605,0.0314470265598999,-0.0078885264781899,-0.0715397982528998,0.0395111192615,-0.105746896082,-0.066269634681,-0.17555783103,0.0551406756281999,9.81297706983172,2.58410835696,3.51936441295463,2.93552237288135,0.0307439188551,0.89231,0.6934,0.75072
371700,370000,nationwide_score,0.748,15.9902623930848,6.5868174322582,0.253545933336,0.130880011024,0.506818181818,0.0320900441969999,-0.24141994292,0.199906927773,-0.144336599064,0.0048553135978299,0.0700197046402998,-0.0594807895038,0.0958281819664,-0.160089072275,-0.101822850584,0.131233003115,0.0364359062969,-0.137825368363,-0.0573630339109999,0.00248451002191,-0.135355641194,-0.0946484929598998,0.0821457578447,-0.121303642026,0.0519641137443,-0.0953668692344,0.0533267298761,-0.0570786588989,-0.0219698715285998,0.0066783914127399,0.37399884116,0.0613213843648999,-0.0952629689894999,0.122514620399,0.0232454964263,0.0197919878561,-0.145620387406,-0.001015953693,0.000176297402551,0.165506123519,0.18781641934,-0.320641076387,-0.166949844785,-0.00311012997939,-0.0888364189802998,0.0313764476602,-0.0212545386837998,0.0272109985937998,-0.00948419306711,-0.0035158472257399,0.117880471252,0.0740934276745,0.178736457032,0.0722340285349998,-0.063784623624,-0.0175206643473,0.164300784878,-0.0396307541363,-0.0400256789017999,0.0429182805301999,-0.222963526273,-0.00287105918993,0.0277336321985999,-0.0939190608892998,0.0552038093689999,-0.126042911027,-0.110195553311,-0.170438262286,0.0807560283798,9.83130375943049,2.71699188565,3.60779974774953,2.77960068452115,0.0191890611389998,0.92308,0.66809,0.67885
410100,410000,nationwide_score,0.832,16.3507934943166,7.42661298142734,0.190306419213,0.0812442706850999,0.782884310618,0.0955018385312,-0.27795067957,0.195213701865,-0.113396541721,0.0135786807946,0.0089191700075799,-0.0997394892412,0.0646116745002,-0.190107192794,-0.0418209481589,0.15675380374,0.0420088663956,-0.138843320282,-0.111902965797,-0.0351103795783,-0.177482343693,0.0100692194762,0.104917145236,-0.0876505821609998,0.0574063444704,-0.0915953852781,0.0591379514019999,-0.0575207907543,-0.0700250886736999,-0.01832571577,0.338917155762,0.0377657139436999,-0.0756354159761,0.139923533016,0.0470298096898999,0.0258879935651998,-0.137553559892,-0.0185960634680998,-0.0199279383429998,0.187183634052,0.142750267051,-0.320676394347,-0.129964584951,0.0180800895937998,-0.0963588453323998,-0.0165978563925999,-0.0387702722992,-0.0305577611351,0.0516343228917999,0.0351814699676,0.148996165314,0.0020932141712199,0.205812655478,0.0612059179872999,0.0031956347997699,0.0064497507422198,0.164737741872,-0.035903478528,-0.0112438492641,0.0730532835638,-0.244611766049,-0.0026326279885999,-0.00142616118684,-0.0897550724842,0.0203089732034998,-0.0889833013228999,-0.0665535672194,-0.156954338038,0.0829534792571,10.6022510437833,1.56411954904,2.464838894495,2.25295295012371,0.0051705032149299,0.93231,0.76001,0.81237
410200,410000,nationwide_score,0.75,15.3903572326681,6.65193743599196,0.23684440678,0.129685151548,0.51966873706,0.0519373848724,-0.249255743509,0.185580329558,-0.136240488054,0.0194389750566,0.0636967082340998,-0.0554264764208999,0.0910665828325,-0.187720994478,-0.0765084905829,0.125553514724,0.0150852007754999,-0.143806965318,-0.0798899190000998,-0.0237441445519,-0.148144678956,-0.0813737254891998,0.0785041250767,-0.102696222335,0.0672056356852999,-0.0990692557728,0.0478167862021,-0.0529325878057,-0.0389563239848,0.0256662708815998,0.379211559825,0.0543025613856999,-0.0787924823553999,0.132884405585,0.0243369230609,0.0241359960932,-0.138254563482,-0.0108048977109999,-0.00133359382328,0.17578333553,0.165195507011,-0.32253266951,-0.171354870608,0.0049488540935298,-0.0932080957752998,0.0366145154568999,-0.0387229332567,0.0180394373764,0.0074647252063598,0.0065755644695398,0.130625149866,0.0545888475775999,0.180447017655,0.0701461113473998,-0.0385892266712999,-0.0153912599928999,0.152150803709,-0.0259665741195998,-0.0252345838241,0.0500754407162,-0.241853270389,-0.0085139204172999,0.0276170573391999,-0.0806370782084,0.0499081315838,-0.103268622868,-0.0957965114145998,-0.1652732026,0.080226159546,9.93719570731998,2.42105002619,3.25392587143547,2.67024145176483,0.014224319227,0.86923,0.68226,0.71109
410300,410000,nationwide_score,0.789,15.7699557511125,6.14317396676081,0.209798193198,0.118479024342,0.650141643059,0.0731116337996,-0.246707498728,0.191073933096,-0.0924464548879,0.0385635359407,0.0309282093104998,-0.136683225809,0.0822027261261999,-0.176112299494,-0.0311287741555,0.120165590504,0.0444284415148,-0.136465854282,-0.0668169061507,-0.0421967008869999,-0.210288936883,-0.0308887034789998,0.120148330126,-0.115197358802,0.0479391267501,-0.0981286961226,0.0379707619883999,-0.0357904914225,-0.0687664605059,-0.0554808606264999,0.309790933561,0.0213747538542999,-0.0927590350136,0.133467821173,0.0656875047115,0.0116184425827,-0.126425035269,0.0441515155544999,-0.0221642185568,0.162385508604,0.159115387746,-0.285968526143,-0.113943557139,-0.0022641993608899,-0.0585724621906,0.00563947283257,-0.0318623425574999,-0.0192699594223,0.0038971189302399,-0.0147136503973,0.138620918786,0.0471107191756,0.194190673924,0.0666452519365,-0.0535882423655,0.0022978782434299,0.167445619268,-0.00369282834794,0.0343704487549999,0.0673155109675998,-0.220312995598,-0.0506106814178,-0.0308288682399,-0.138397308635,0.0138947656248,-0.118358850411,-0.126309526233,-0.106046664828,0.0808036583854998,10.3031011071722,2.61476915409,3.35786324969511,3.38579929615535,0.0475531314858,0.88769,0.71688,0.77053
410400,410000,nationwide_score,0.763,15.4229466681285,6.44946179541238,0.250001292396,0.124153476204,0.533066132265,0.059337249819,-0.250303716923,0.193255703662,-0.0986376663136998,0.0325966806299,0.0629344731804998,-0.0961706203681998,0.0918898918633,-0.155833332652,-0.056443040622,0.12377571368,0.0405083064379999,-0.167384929557,-0.0522220799087999,-0.00491915882233,-0.16296582264,-0.081035724113,0.0931340470448999,-0.116777420611,0.0538155427263,-0.106031248572,0.0579383503161,-0.0270496111607,-0.0537285493679,-0.0181706568661,0.343310397307,0.0363879649983,-0.0836899634834998,0.133989397895,0.0455025146133,0.0310814342359999,-0.13433608702,0.0104125715657,-0.00425107926062,0.155778133924,0.185044446928,-0.308651099823,-0.13230508092,0.0300556548264,-0.046920356165,0.0301924830365,-0.0114814904351,-0.0139413482158,0.0264190562224,0.00349049057665,0.119860326719,0.0445588384152999,0.200090031331,0.0552405711619,-0.0168259779645,0.00474011994784,0.166074460777,-0.0413422534108999,-0.0288990434895999,0.0822154342468,-0.24314305809,-0.0338884180076,0.0221708797617998,-0.130403402934,0.0355324307003999,-0.12036766153,-0.105100146161,-0.131219096353,0.0947044263308,9.89970535895062,2.6653344295,3.65903854764794,3.11775326199812,0.048353731524,0.89554,0.69623,0.71174
410500,410000,nationwide_score,0.75,15.5166158414059,6.6163380300544,0.245227686445,0.121710976499,0.53102189781,0.0753819054054998,-0.276641546328,0.19660533264,-0.139736871127,0.0040339975848699,0.0444314924314999,-0.0907762806546,0.0879651033385999,-0.190944307252,-0.0749871906330999,0.144454101558,0.0193383356354,-0.133807694867,-0.0718348176553,-0.0124064083233,-0.15461553529,-0.0409766079906,0.0922280175686999,-0.0843637058038999,0.0574400861715,-0.0844932518981,0.0337808427987,-0.0437942711311999,-0.0542519854285,-0.0216306714312,0.367751189008,0.0433419212995,-0.0880370922654,0.136486609962,0.0305923738485999,0.0228121542979,-0.147123410436,-0.0104388337328999,-0.029054517564,0.183603456144,0.163906347229,-0.308022118597,-0.154273458473,-0.0019578007446,-0.0805996490519999,0.0105075939997,-0.0494883503111999,0.0028798909067,0.0191907350981,0.0103116083914,0.143618877775,0.0372591360718999,0.188262308313,0.0571959745484999,-0.0365885131172999,0.0124863736892999,0.157526889447,-0.0183044414342,-0.0085189982349399,0.0456117922275,-0.216702972844,-0.0134017230388,0.0119723490726,-0.0967683275665,0.0247010546875,-0.0930121557209998,-0.0632614316317998,-0.181282006008,0.0825893662209,9.65691333155383,2.02642159241,2.7855026640511,2.16085681801834,0.0020878717140099,0.88969,0.68821,0.68796
410600,410000,nationwide_score,0.772,14.266586814267,6.59887601331896,0.217692386382,0.109563960208,0.611464968153,0.0660443728824,-0.275567634517,0.215107739724,-0.130757886757,0.00761377040961,0.0520535096101,-0.0970104211871,0.0971968084133,-0.179377974862,-0.0774857274510998,0.137941526,0.033657114957,-0.143128883357,-0.0607232671402,0.00685552923655,-0.151731882497,-0.0546991726072,0.0944014182176999,-0.0877943601889999,0.0503943124777,-0.0859856230215999,0.0418153895559999,-0.0380904415924,-0.0490906627538999,-0.0232218414226,0.365854329446,0.0364722663622,-0.0920317569581999,0.130553822402,0.0288201665086,0.0245145623276998,-0.148082861625,-0.00485823884366,-0.0262793141432999,0.17756507984,0.173598593946,-0.30670611606,-0.152408769346,-0.0058966238047398,-0.0581066944358999,0.0183349805231,-0.038675912654,-0.00529401919868,0.0175102537059,0.0066644337511099,0.136870865134,0.0413261104032999,0.203719514765,0.0538000032696999,-0.0400414930213999,0.0128304333579,0.165503374674,-0.0242088714969,-0.0181551674969,0.0449008530995999,-0.224442568909,-0.02244711341,0.0176851088577998,-0.113223130902,0.0306931712570998,-0.103656618116,-0.0637848342820998,-0.169317965012,0.0796844673269,9.81336630727749,1.47509458412,2.0959438003453,1.63919850741703,0.0007954448186979,0.88154,0.69823,0.7479
410700,410000,nationwide_score,0.764,15.6496909028207,6.63064255913691,0.233058071189,0.119388668935,0.575079872204,0.0580195962131999,-0.271454386824,0.206461741273,-0.126268050551,0.00791630009505,0.0579961016041,-0.0757521374255999,0.0882712846823,-0.181508054765,-0.0810128891064998,0.139711260662,0.0258944793617,-0.14147535718,-0.0628433518516,-0.00727939019317,-0.145108647441,-0.0577233456033,0.0904830811657,-0.0903267774114999,0.0544920380294999,-0.0865923044177999,0.0447767492823,-0.0413186909648999,-0.0458898209561999,-0.0026419944136,0.372912028756,0.0564440957625999,-0.0844495029815,0.128340872631,0.0294868847683,0.0365402470901999,-0.146861912395,-0.0147282312179,-0.017113142808,0.167145220544,0.168286740873,-0.315834130704,-0.159707091583,0.00567271399663,-0.0708226702852998,0.0231421990732,-0.0401106603521,0.00336427555638,0.0238261862526998,0.0100519177202,0.132816257742,0.0413991523693,0.190684559766,0.0621121660592,-0.0421969528963,-3.2228615827e-05,0.160191063968,-0.0427836936998,-0.0345244868145999,0.0535850805082,-0.236270429021,-0.0049492747294799,0.0244778799066,-0.0923299410863999,0.0295088002096999,-0.105848571821,-0.0684400256227998,-0.172461618744,0.0815030330267998,9.64476244901741,2.17944180947,2.89761226838259,2.00076642266476,5.72392837283e-05,0.88308,0.71298,0.70818
410800,410000,nationwide_score,0.784,15.0739718316651,6.7671629907728,0.188476110637,0.121564580473,0.630681818182,0.0635818558042,-0.255795260281,0.245896594602,-0.136753566401,-0.0081658830301499,0.0344677951544,-0.0929697609844,0.0675260234615999,-0.155526784597,-0.104036471742,0.156879578995,0.0753065729852998,-0.136528664448,-0.0598325734171,0.0089081159856899,-0.134959195003,-0.0444749668241999,0.114583812424,-0.0749392191701,0.0259788359431,-0.0687704853261,0.0856020378059,-0.0245799871655,-0.0320736211591999,-0.0500876546602999,0.314505956781,0.0258981903242,-0.0900616648993999,0.147442034652,0.0480981150953,0.0566583561050999,-0.157581658068,0.0253369920472,-0.0345706951761999,0.152046843713,0.171441795066,-0.31902866181,-0.119380674003,-0.0064069181059098,-0.0996133232545999,-0.0199994584093,-0.0459057334060999,-0.0223002893706998,0.0054556155500099,0.0193373721481998,0.143700624065,0.0350844392733,0.211963825845,0.0892274702058,-0.0205201633289999,0.00448880966026,0.172927024349,-0.0739168955186,-0.0446896096288,0.0523458129338999,-0.227232490302,-0.0252233342702,-0.0223401202849,-0.0807122672365998,0.0290698711644,-0.114493875159,-0.075205208592,-0.143092548851,0.0553336673536,10.0479593593862,2.38045686492,3.13089598923967,2.50425600451058,0.0050217440113499,0.89754,0.72361,0.74213
410900,410000,nationwide_score,0.75,15.1425858246761,6.78836054618209,0.258304878907,0.121163456792,0.501326259947,0.0529028113888,-0.258751359299,0.194069587383,-0.143290811482,-0.00588192884594,0.0556513754748999,-0.0671481964127,0.107244623165,-0.176864120782,-0.0940487512492999,0.127459842649,0.019129745021,-0.133071815274,-0.0673506417233998,-0.00689202744009,-0.138484635978,-0.0742424631508998,0.0903427357385998,-0.105209486129,0.0683787370618,-0.086930020127,0.0384451186335,-0.0569719878454999,-0.0326052163976999,0.0155520597912,0.376385288762,0.056813704976,-0.0992514958902,0.127723878959,0.0239714357846999,0.0171295852249,-0.14231800104,-0.0121263399679999,-0.0125662760638999,0.182708754334,0.173962451275,-0.316871313548,-0.170480457768,-0.00557989539495,-0.103604688652,0.0253438121076999,-0.0420719889079,0.0153985724169,0.00908797836685,-0.0016040334842799,0.134607091021,0.0582642537868,0.180013327394,0.0654114274081998,-0.0557477188876999,-0.0089043081771299,0.163868786987,-0.02526679615,-0.0220823938649,0.0342066152311,-0.219808423341,0.00189178647894,0.0312881519383999,-0.0882515581035999,0.0561641248963,-0.110194400597,-0.0859997527496,-0.182286790262,0.0781589646495998,9.76582973446055,2.12838772792,2.87803264516038,2.3176158279229,0.0033917085667,0.88785,0.6847,0.694
411000,410000,nationwide_score,0.783,15.2925595106631,6.77918938695995,0.225247118938,0.137272702555,0.536529680365,0.0539549506665999,-0.26634475245,0.21390787809,-0.114498927934,0.0241804315913,0.0526263999798999,-0.0665866202808999,0.0738409843918999,-0.153307827623,-0.0820039129521999,0.134083575156,0.0437531391953999,-0.159529386735,-0.0717489793046,-0.00544111537084,-0.133481128709,-0.0686292562233,0.103301337443,-0.0976134926529999,0.055030930407,-0.0946496434879998,0.069864805175,-0.0309074309524999,-0.0321937857080999,-0.00162288783149,0.344621126884,0.0432112683331,-0.0794285957623998,0.141959569299,0.0398051221023,0.0477042272689999,-0.138564155832,-0.00754071027612,-0.0010114300704199,0.156995044804,0.166503599787,-0.323955741247,-0.148782029884,0.0291610671643998,-0.0715972761104999,0.0160816916956,-0.0238912065522998,-0.0125523909787999,0.0276652880834999,0.0273566692645999,0.122925101904,0.0347800243531999,0.196537831991,0.0752270029956,-0.0186306567594,-0.0123324307429,0.161839173114,-0.0728052256407999,-0.0318329186228,0.0790313863794998,-0.262240992045,-0.0143145162737,0.0210751277779,-0.0842642818589,0.0512610240775,-0.113375458961,-0.0899054878968,-0.146257934212,0.0725813674928,10.2342839763508,2.35865842368,3.13159996422076,2.74890464266725,0.0190078472927,0.88462,0.69445,0.78249
411100,410000,nationwide_score,0.782,14.6784009350522,6.7814346674211,0.20619341664,0.14725105856,0.548523206751,0.0498303930559,-0.268557740332,0.21373052663,-0.114490878268,0.0311767919978,0.0604042512973,-0.0544713131029,0.0604690502842998,-0.152133616221,-0.0767400617987999,0.116271209073,0.0427632859504,-0.155515429197,-0.0572896595053,-0.0080297518664399,-0.130470821628,-0.0844036601305,0.095223583094,-0.100896923384,0.0469527344484,-0.0799858309182999,0.0628044213417,-0.0392140849991,-0.0272231236498,0.0012782715224899,0.341666402935,0.0385178615516,-0.0670797422219999,0.157752817029,0.0454152388466,0.0667481738475999,-0.151356118653,-0.0017666306238899,-0.0160848785372,0.153945294569,0.165738553799,-0.333983149549,-0.138604873294,0.0300438483434,-0.0692801052489,-0.0051440819534299,-0.0394917050201,-0.00916488188444,0.0131902047785999,0.0262426575268999,0.116911125378,0.0252928920812999,0.195405726298,0.07573945455,-0.0106925817305,-0.0205088931325,0.152008850596,-0.0945508800154998,-0.0491230402746,0.0981753991402,-0.263486450462,-0.0198113643850999,0.0267895243202,-0.08067702618,0.0616366817235,-0.10773212937,-0.104186085146,-0.153607420624,0.0709463412739999,10.2084339752557,2.3389348143,3.24678049590524,2.62954721619196,0.0107427840776999,0.90108,0.7006,0.75611
411200,410000,nationwide_score,0.786,14.5284608560164,5.33023310989474,0.185177771527,0.125648096052,0.573529411765,0.0593578312956999,-0.210112090862,0.190340318178,-0.0879289121456,0.0372971085764,0.0146331257814,-0.160729805781,0.0970797038924,-0.188428342178,-0.0130128303936999,0.10159091904,0.0172554693903998,-0.115600766935,-0.0592360268634999,-0.0763998304235,-0.22335299465,-0.0356257396026,0.132678196073,-0.150625966456,0.040616571309,-0.104851462772,0.0315466267770999,-0.0132244542614,-0.0766006660547998,-0.0726237035523999,0.261615297964,0.0179845375245,-0.114295687959,0.117269589675,0.0944564752331999,-0.0037827930293999,-0.10262461546,0.0883908104221999,-0.015433824504,0.15084900963,0.140571045597,-0.255153230447,-0.0883986291971999,-0.0265409323914999,-0.0644721736533,0.00109541160354,-0.0275593686485,-0.0219237362609999,-0.0206836443284998,-0.0422698455264999,0.162091058201,0.0837798543372998,0.158542627502,0.0805472558025999,-0.0874171669011,0.0238426880024,0.168746706516,0.0273986282583,0.0981842186334,0.0508532543361,-0.183516258158,-0.0716524655562,-0.0710065158017,-0.177749945601,-0.0130155389862,-0.138648850969,-0.163720827376,-0.0773801689778998,0.0679971812282,10.0728805100082,2.66696001156,3.47537546458639,3.25806116836137,0.0431342512977999,0.88462,0.71523,0.76774
411300,410000,nationwide_score,0.74,16.0896962793173,5.90623987591939,0.263786300027,0.130732062594,0.506172839506,0.0182365546396,-0.184319302205,0.207714348401,-0.0633324322302,0.0536312482507,0.0933280143908,-0.129782334425,0.0874503073300998,-0.129530222687,-0.0163631117568,0.092958049675,0.0576902987718,-0.180304475226,0.0072741082824498,-0.0297846164524998,-0.161554885088,-0.121584146527,0.106032787762,-0.14338707594,0.0419145045699,-0.119221944285,0.0774019159443,-0.00608089682799,-0.0428494094899,-0.0300966464521,0.299573210456,0.0442049383496999,-0.080070989248,0.151961740861,0.061344122777,0.0444842576368999,-0.0960019266049998,0.0275244078952,0.0103379804206999,0.0947294164558,0.186498042718,-0.296152180211,-0.095195774748,0.0422718524573999,-0.0036448555115,0.0526424876264,0.016492614563,-0.0338707707853,0.0188412833484,-0.0121242741893,0.0998210196574,0.0620926692745999,0.187623089323,0.0775394184532,-0.0126597322729999,-0.0198644006515,0.155624835655,-0.0528075902124,-0.0177377034772999,0.117522886064,-0.264779313522,-0.0922208077441998,0.00745043933092,-0.151918144468,-0.0052252557628698,-0.161257073836,-0.174854218558,-0.0728719335471998,0.0982503599025,9.93130120549788,2.86560881654,3.82979583678379,3.16584686893965,0.0537054730126999,0.88231,0.67547,0.6811
411400,410000,nationwide_score,0.737,15.8721952403987,6.59507220361477,0.255809117941,0.128387532131,0.461636828645,0.0272229415338,-0.244660897899,0.205402739445,-0.121162424889,0.0270326947736,0.0678402882221,-0.0759989996461998,0.0907902807753998,-0.14499659088,-0.0738250404388998,0.100628324902,0.0459200336915,-0.146870318203,-0.0496392535673,0.00515171640632,-0.118634529954,-0.105207914662,0.0911450497702998,-0.126606123581,0.0339612411568,-0.108575576567,0.0392052361313999,-0.0347166427946999,-0.0172396901326999,0.0027784393776599,0.347571020654,0.0613329129121,-0.0857913117663998,0.137114314051,0.021917043402,0.0300303543483999,-0.12909861283,0.0091126629221799,0.0024355458632599,0.149637260326,0.194504972068,-0.316733067564,-0.165271948736,0.0073101109934,-0.0521197464339,0.0346360824203999,-0.0068000972663599,0.016160920477,0.000606946141015,0.00629748572888,0.109829204665,0.0525461784005,0.183954838367,0.0667156548403999,-0.049209180546,-0.0386251772447,0.153851811233,-0.066025159528,-0.0441955970245999,0.0668998317768998,-0.251939971401,-0.0190467687379,0.0261942635285,-0.0986235599204998,0.054075948079,-0.128624596217,-0.140840115002,-0.152254764351,0.0845209095042998,9.80001627132671,2.98357754151,3.7975536796041,2.99904355823969,0.0448683397825999,0.88923,0.67294,0.66992
411500,410000,nationwide_score,0.74,15.646490900602,5.8019530429703,0.239176573133,0.139625741115,0.5,-0.0221938123478,-0.149134691692,0.190041266368,-0.0584895354634,0.0301308159231,0.0836972281389,-0.154742140741,0.0468334210466,-0.115221946098,0.0502525493648,0.0814653280060999,0.0341728743498,-0.175691775424,-0.0344578821166,-0.0800604808882,-0.152071293996,-0.0904507812812,0.0890337561538,-0.192202687165,0.0409208578135999,-0.168786075705,0.113970411429,-0.0664452502566,-0.0416380681243999,-0.0477873329036999,0.310323968627,-0.0028698494875199,-0.0653378904853,0.148150998315,0.081389844707,0.0319882042064,-0.0554772434410999,0.00108712296918,-0.0297883344177998,0.0621132511970999,0.152613131327,-0.294292428222,-0.070503680469,0.0725124533688999,0.01458999623,-0.0004585118582929,0.0404782580151,-0.0227213705273,0.0287530783466,0.0267872199179,0.113209216021,0.0738319013604,0.153163268138,0.112893896841,0.0059693914852698,-0.0346135748612999,0.133993509428,-0.0338474202001999,0.0179413281685,0.119113236265,-0.283006476896,-0.0921896211153,0.00174977989073,-0.0894124766391,-0.00558891383902,-0.149463878675,-0.227253326667,-0.0741196400966998,0.0729900674838998,9.83062025520019,2.62348543072,3.5925375246632,2.98929006534985,0.0410490896853999,0.87508,0.66368,0.69745
411600,410000,nationwide_score,0.729,16.0149550029035,6.62619835301298,0.251002073479,0.139150045725,0.425720620843,0.0294611619941,-0.243438759561,0.219002959836,-0.118109464872,0.0328336270226999,0.0840285139503998,-0.0722572841028999,0.0823798584661998,-0.132741244798,-0.0677803754065,0.0940288616505,0.0513929976159999,-0.157153718255,-0.0278426984539,0.0171728919323,-0.111810059971,-0.11877264006,0.0896300723548,-0.126351824121,0.031004316672,-0.103049559352,0.0477319928184999,-0.0264509689157,-0.0123596396503,-0.00485582787493,0.341234516251,0.0502615822871,-0.078183059951,0.153116862756,0.0291599893648,0.0532623166228,-0.138055644058,0.0177807481256,-0.0048350474357598,0.145295195483,0.204200982544,-0.319300627728,-0.14657830262,0.0236484823185998,-0.0402323372669999,0.0234054985433998,-0.0111731737474999,0.000377369183487,0.0092925296258799,0.0074489379065298,0.0973430776935999,0.0463377579965,0.190991525872,0.0606760410202,-0.0305895530584999,-0.037035161268,0.147454199645,-0.0805806743029,-0.0564256706014,0.084814261491,-0.262453137051,-0.0377704886707,0.0252368718298,-0.107649931174,0.0585879882124,-0.129586132376,-0.137916409182,-0.147153106995,0.080720289378,9.81469826057567,2.97103711071,3.7904064325704,3.04592501303084,0.0481937814774,0.88646,0.65797,0.6649
411700,410000,nationwide_score,0.745,15.7628484016641,6.14354341488677,0.253153315556,0.144423895372,0.440798858773,0.0261780811689,-0.21374445161,0.231372929392,-0.0974561916037998,0.0326092471546,0.094302240551,-0.080996887896,0.0678544503295999,-0.128358698656,-0.0514320147805999,0.0800945065126,0.0601992288554,-0.175349420859,-0.0016066836591,0.00599457124182,-0.116783000002,-0.121721062617,0.0879020108206999,-0.126955227655,0.00411932203556,-0.103304660774,0.0601035310033,-0.00467486142692,-0.00755706803372,-0.0193205037352,0.30574876355,0.0281203439031,-0.0637452029073,0.168181262383,0.0492862028739,0.0689686815666,-0.123550032966,0.0412809420952999,-0.0250343130332,0.114662893933,0.201781069123,-0.318255398532,-0.113021115843,0.0257208098022,-0.0184555615677,0.0215611115587,-0.0127147757110999,-0.0338657389793,-0.00231007705518,0.0044236669402999,0.102116566049,0.0473138716707,0.19669882242,0.0657522172935,-0.0029358020607099,-0.0318993235204999,0.15228736434,-0.0888140172563998,-0.0703611316854999,0.109585982783,-0.271244273331,-0.0679596684158,0.0114626260915,-0.12860751819,0.0394226725319,-0.136258397849,-0.159288206103,-0.106117197568,0.0821738584809,9.56185350023185,2.9760774393,3.9037403551823,3.15762620760279,0.0659139432162,0.89692,0.67537,0.68258
420100,420000,nationwide_score,0.859,16.3275459562435,7.27166481498103,0.131503392446,0.107401219561,0.842660178427,0.0752062405839998,-0.225102663809,0.153295854109,-0.0294020166183,0.0602060025788,0.0301648301361998,-0.133043667888,-0.0229220253923,-0.172215410406,0.121269634944,0.0809763930913,0.025474772494,-0.186090530061,-0.11410166138,-0.142285602111,-0.180311923046,0.0135478060977,0.11083497907,-0.100841853598,0.0632148221867,-0.122128403093,0.127666545409,-0.108770853644,-0.0717228497245,-0.00546566310407,0.310273241033,0.0113068947358,-0.009871120049,0.140525253917,0.0896486925126998,0.0584684319042999,-0.025345000501,-0.071279501829,-0.0487164696915,0.0842901338043,0.0667644247379999,-0.31694354674,-0.0743285258267998,0.11808561305,0.0009284665321269,-0.0525726154756,0.0153751057971,-0.0463514756159999,0.0805439730391998,0.0947530239116999,0.116279038489,-0.0322355879665999,0.179612665899,0.0827417602206999,0.0813170264739,-0.0544495243110999,0.0803125731134999,-0.0920712025656,0.0351704065792999,0.192266750823,-0.303087573667,-0.0413454937138,0.00519504802467,-0.0048055180852399,0.0001329911590959,-0.0517582222609999,-0.163014313751,-0.0835481448225,0.107153474671,10.8173366523611,1.24865716985,1.90988301459924,2.00568055990683,0.00186816456893,0.92923,0.79243,0.85963
420200,420000,nationwide_score,0.791,14.7197291134624,6.29532045767582,0.21925330516,0.11515725346,0.65991902834,0.0221670998023,-0.162104393607,0.170486840551,-0.0122157549932,0.0527258642988999,0.0605998021854,-0.199341174086,0.00245909093901,-0.117077844304,0.10621412804,0.0648328289608998,0.0348557871634,-0.226743166574,-0.0680925186857,-0.102241667197,-0.183709923498,-0.0306432669351,0.109369164562,-0.138672736064,0.031330780904,-0.16469450695,0.156422605733,-0.0810764794364,-0.0711961960533,-0.0502910803423999,0.287553214116,-0.0122110614141999,-0.0318468282182,0.13614602714,0.0956229663405,0.058297031838,-0.00296253833049,-0.0235580445488999,-0.0455132761015999,0.0245128725278,0.100807084328,-0.285790627526,-0.0421753892735,0.104589699957,0.0328250295535,-0.0323978194909999,0.0578435200754999,-0.0664994776689,0.0917152426862,0.0830603484842,0.106234365416,0.0263226235622,0.165561120653,0.0952213735477999,0.0736080429241,-0.037464029441,0.0798386173728,-0.0566473768573,0.0590707632771999,0.196397622831,-0.300019098423,-0.110359913974,-0.0231817539071999,-0.0592463604120999,-0.0227873434188,-0.0888007554683998,-0.212170159787,-0.0224791632421,0.0755181891968,10.3327298087372,2.23763405635,3.07909113900721,2.65050086610725,0.0130939618551,0.91077,0.71872,0.75665
420300,420000,nationwide_score,0.783,14.9692424613108,4.90346413058843,0.189503197806,0.129247389045,0.618296529968,0.0236934059654,-0.131753727866,0.172642260917,-0.0116549477425999,0.0733169457253999,0.0146747534486,-0.23455817872,0.0637029484304,-0.120567001967,0.0762704327591,0.0708841547610998,0.0732805033273,-0.175832047714,-0.0411201774738,-0.12276630712,-0.246483415694,0.0166536873033,0.140928727231,-0.173754620787,0.0339978905837999,-0.140918452927,0.0884352745602998,-0.0692785511853,-0.0962693826407999,-0.0729134281360998,0.212948712636,0.0091191509038298,-0.0858009624185998,0.139234569997,0.103304401736,0.02496319123,-0.0189826424245999,0.046847969149,0.00744960433524,0.0115485863044999,0.0840900949465999,-0.264227561723,-0.0531963015357,0.0510466831003,0.0448047336414,-0.00711591705984,0.0638331602222999,-0.0355839567332999,0.0343957350727999,0.00298435107992,0.130399507825,0.0393876108102,0.187853541451,0.106052917598,0.0167543368203,-0.0188432160722999,0.0781328184311999,0.00370433859097,0.113150078043,0.14728783031,-0.245607944129,-0.101076080253,-0.0581614717270999,-0.150503370813,-0.0567937123821,-0.13428771124,-0.222908375666,-0.0129162121558999,0.0814205029991,10.3328878886996,2.90905373738,3.84778424404506,3.70582967565623,0.0756959671497998,0.90846,0.71282,0.74035
420500,420000,nationwide_score,0.829,15.1993020394926,5.24180626145556,0.119727202094,0.165549500081,0.639097744361,0.0156179043786,-0.102519983846,0.164635526364,0.0163062443059,0.0719516956416,0.0440090720028,-0.206714533569,0.0346229868464,-0.0965191378939,0.11766497023,0.0540124845774999,0.0427884435576,-0.189086908758,-0.0233458899661,-0.134528998983,-0.231566314196,0.00123923473114,0.112080908858,-0.151774845168,0.0279109618001,-0.146837776467,0.122529739194,-0.0836694004938998,-0.101816407064,-0.0674704490783998,0.218239501902,0.0319388193548999,-0.0754804331069,0.146459636613,0.110304335223,0.0329777959727999,-0.00606342024691,-0.0125190943927,-0.0171339118991,-0.0197861215975,0.0775987377228,-0.26950667633,-0.0507830945337,0.0732097404162,0.0332146637116,-0.0034139294091799,0.0779082235949,-0.0685268646276,0.0794091648425998,0.013596316681,0.118574809972,0.00652719040532,0.16655917374,0.082739138305,0.0643890240286,-0.0466017878399,0.0357939758652999,-0.0251987870543999,0.0797142710258,0.184306892451,-0.270330734299,-0.105567080498,-0.0236813546169,-0.135061519219,-0.0649969832218,-0.128456614295,-0.239817642525,-0.00219070440528,0.0785996231918,10.4592756159087,2.57303082714,3.37688920870348,3.42718450481532,0.0423688881222,0.93231,0.73821,0.82723
420600,420000,nationwide_score,0.801,15.4756417748279,5.58998951962802,0.177592165677,0.137206856482,0.615969581749,0.00706612017131,-0.165798390129,0.202289540525,-0.0493519111616999,0.0577884131681,0.0764892764476999,-0.153468498708,0.033729597121,-0.124590314379,0.0488427809977,0.0732108669378,0.0579152956104,-0.173971930315,-0.0138624212768999,-0.0817656557100999,-0.18326205192,-0.0711777968163,0.112179612532,-0.14148097468,0.0395332717845,-0.128493551449,0.105923191437,-0.0410781711683999,-0.0563028853646,-0.0524341006529,0.286475834578,0.0293955300548,-0.0599105886488,0.165302551525,0.07513326648,0.0621077504557999,-0.0641804890382998,0.0081710956857399,-0.0242005742642,0.0601173732305,0.138718183207,-0.297612520793,-0.0705480904072,0.0720201304584,0.0190747623111999,0.0114609487622999,0.0228309946882,-0.0508286234037,0.0324759944044999,0.0196795858320998,0.109016773231,0.0358436694327999,0.173050983491,0.0997015018405,0.0252954587905999,-0.0355207985232,0.125493443633,-0.0637772673556,0.0099650425214199,0.150925378861,-0.281328892191,-0.0906470018487998,-0.00625070589044,-0.12004320313,-0.0322802686735,-0.147211702251,-0.195078385568,-0.0571724277048,0.0840933034666,10.3021580196314,2.59646191801,3.41343715625597,3.19002764511723,0.0334920690092,0.89846,0.71687,0.79812
420700,420000,nationwide_score,0.809,13.8924725250259,6.52420669748711,0.180471409709,0.123971306147,0.666666666667,0.037994316599,-0.19074095321,0.170535019059,-0.0207442028422,0.0525551932380999,0.0544916182902,-0.175533705853,-0.0143307072448,-0.130774302558,0.112287374969,0.0762523330329999,0.0385499739468999,-0.210544835378,-0.0973760369167998,-0.11635847813,-0.170708440259,-0.0314145222478999,0.108802283518,-0.120074746925,0.0392363725639,-0.151619166641,0.163461010935,-0.0870350075596,-0.0614512979715,-0.038901475236,0.30026893722,-0.0171896530634,-0.0147233196949,0.138285319918,0.0988980009,0.0617892033882999,-0.00755687975242,-0.0380156350263,-0.0541069752363999,0.0494057056906999,0.0979594365634,-0.291034171184,-0.0512625745678,0.106608482258,0.0313386926473,-0.0399195593872,0.0331200988053999,-0.0549437796329,0.0789762464296999,0.0974488095189,0.108661334818,0.00833324191947,0.163767824158,0.101415115679,0.0747464814472,-0.0456432487163999,0.0954720528408,-0.082093198157,0.0497043079445999,0.183601163305,-0.309506802706,-0.0904420597509,-0.0132215361004,-0.0199143913268,0.00267648349797,-0.0723682290387999,-0.189113747813,-0.0449956710873999,0.0885761268354998,10.3168715320962,2.03159224255,2.9570845163481,2.57970924922702,0.0094270153796799,0.9,0.72791,0.80758
420800,420000,nationwide_score,0.803,14.7476750326954,5.33147000333803,0.138371530174,0.149371599039,0.602362204724,-0.0150407345867999,-0.14427523972,0.186865261632,-0.0447980120153999,0.0486123025174999,0.0864250142880998,-0.155784896251,0.0300931538826,-0.105813732875,0.0926547414197999,0.0507235322639,0.0428304163345998,-0.188242893838,-0.0065090626783899,-0.0969140907226,-0.163161408327,-0.0895040741397,0.100699583776,-0.15194238928,0.038710711783,-0.153789131904,0.121765930079,-0.0541113939871,-0.0557446120302999,-0.0565739877411,0.270168471035,0.0170795692816,-0.0510581332883999,0.157294697879,0.0799388737988,0.0626861680799998,-0.0405339386454,-0.0117412911043,-0.0514718492920999,0.0362329651971999,0.16124144636,-0.279669482424,-0.0573339931786,0.0898498192742999,0.040667189199,0.0040962902728,0.0572199670201,-0.0758058496723,0.0645166266845,0.028876353577,0.0988982968245998,0.0363534118155,0.16992516421,0.0903300988959998,0.0519945964947,-0.0389637752361,0.104425712475,-0.0642498317322,0.0103969926415,0.181769184303,-0.286666030591,-0.105719557114,0.0193760227232,-0.123375300774,-0.0307661586990999,-0.148838540592,-0.214313399049,-0.0386969578237999,0.0813750994932,10.3314476101572,2.8430233534,3.82459686403565,3.19905655348279,0.0643864589335998,0.90308,0.7418,0.77164
420900,420000,nationwide_score,0.767,15.2362065873474,6.14337838906261,0.169931773772,0.13835903894,0.6038647343,-0.00186671606151,-0.157348958793,0.166912339895,-0.048385428606,0.0430755731973,0.0862421821248998,-0.145336399223,0.0116071035572,-0.136841365441,0.105669039931,0.0653747758519998,0.0096453439915,-0.192239059418,-0.0604578957497,-0.124072734183,-0.171148738241,-0.0797397667216998,0.10706985095,-0.151328807172,0.0588462209378999,-0.177594522761,0.133405031748,-0.0935662628589,-0.0657710648844,-0.02930508364,0.304961986709,0.00895464982061,-0.0462324329195,0.132896107503,0.0875410351633,0.0551132862578,-0.024975596788,-0.0277287076896,-0.0356505592029999,0.0445830173601,0.134535318638,-0.298894364384,-0.0681277224655,0.108250300929,0.0246951859986998,0.000787900679742,0.049548718567,-0.0515617971738999,0.0650316201897998,0.0565120762747,0.113017161289,0.0398951987576,0.15311872325,0.101512781282,0.0549101760226,-0.0403862523441999,0.0992442847849999,-0.0410907931943998,0.0308908798189998,0.160033687319,-0.282207317089,-0.0917878781285998,0.0116112937814,-0.0640828234924,-0.0222817513627,-0.1149592381,-0.21602386796,-0.0620450411423999,0.0965521984966,10.0733285713442,2.6617746966,3.39017725728813,2.81053780363628,0.0222572798453,0.89385,0.70348,0.7177
421000,420000,nationwide_score,0.765,15.4564473312562,5.90620635075243,0.154277762276,0.152718391695,0.562015503876,-0.0179580381715,-0.150818914722,0.157098019406,-0.0169908150466,0.0521753670856,0.103908638472,-0.139533602489,-0.0113939341755,-0.120039415598,0.151896631462,0.0656350167923999,0.0250510668786999,-0.190245160214,-0.0192919917648998,-0.118682843583,-0.144869530693,-0.106382391637,0.0730556140852998,-0.150973204726,0.0232027815824999,-0.170479364114,0.146827695717,-0.0902755651974,-0.0404187691923999,-0.0529897611037,0.287235565491,0.0188601138557,-0.0183333340378999,0.140654567226,0.0890732183942,0.0737306172888999,-0.0288243284097998,-0.0444310970964999,-0.0644038845075999,0.0335582780997999,0.144012213494,-0.266635238014,-0.0450336946634,0.109516036874,0.0605119669847,-0.0054746752189399,0.0576787689795,-0.0671887490669,0.0752944367377998,0.0505854971447,0.115863216552,0.020488887667,0.156131945113,0.0671299231675999,0.084610641047,-0.0567522584014,0.0854045259148999,-0.0797301457498,-0.00428903733753,0.215702250103,-0.291773225008,-0.104761789907,0.0132402286938,-0.106395593133,-0.0437285776763,-0.119713204598,-0.20583761555,-0.0230455074893,0.106308051259,10.1223918206963,2.86637180882,3.86846419760271,3.2558239593504,0.0687755849748,0.90923,0.70499,0.69867
421100,420000,nationwide_score,0.748,15.5716430222607,5.80842537767278,0.195355822204,0.143412465527,0.474956822107,-0.0152996081889,-0.122043977714,0.169945537782,-0.0261645664500998,0.0492031264304,0.0903522778458999,-0.185769442885,0.0281661022156,-0.103023380691,0.120324668342,0.0450644121969999,0.0124133824228,-0.22400342042,-0.052865810828,-0.0936116233282,-0.167111575716,-0.0792373690487,0.104229559447,-0.161142310708,0.0236711908007,-0.188178992079,0.158428315806,-0.0891026321722,-0.0721084550812,-0.0417670106919999,0.277310211519,-0.0388394416222,-0.0459020233143,0.114857637297,0.101139541267,0.0524136245658,0.0159685576332,-0.0085588895438699,-0.0459748480423,-0.0107653747768,0.119625829613,-0.273013678711,-0.0539418398966,0.100781601477,0.0414780553209,-0.000309624768125,0.0743080537133,-0.0556421740376999,0.0792121883730999,0.0724640483482,0.112694627831,0.0621434540763,0.140223843721,0.0920677048713,0.0450709873743999,-0.0362016180155,0.0849895058690998,-0.0343774586715999,0.0651412758202,0.163639826311,-0.279265014593,-0.12714959026,-0.0090366157313499,-0.0582560782986,-0.0343599118783999,-0.114623999581,-0.245534831052,-0.0282410215237,0.0713133732471,9.89671423353536,2.66149921394,3.61724007753129,3.0074616428507,0.0372872605486,0.90846,0.69099,0.66765
421200,420000,nationwide_score,0.776,14.8013277256213,5.62104809863083,0.218690948177,0.113988670729,0.563432835821,0.0111980062189,-0.129653485585,0.152523584624,-0.00208635230547,0.0723663167828,0.0699495606096,-0.178344001407,0.011407850367,-0.103148398587,0.137803099971,0.0580488142273999,0.0141715424188,-0.242681522197,-0.0478923277143,-0.104827340705,-0.173560256898,-0.0642863233262998,0.0938774362922999,-0.148059874502,0.0024827355985899,-0.17430494056,0.1619261746,-0.0975019918435,-0.0837853393484998,-0.0485565654235999,0.264607777935,-0.0147527259682,-0.0264320039122999,0.119620905068,0.104021874346,0.0658845237948,0.0108555371914,-0.0189010787756998,-0.0454755198702,-0.0101227135111999,0.0994657507635998,-0.287084245025,-0.0396189724487,0.0948152340541,0.0249499045346,-0.0063661968010198,0.0713084790394,-0.0720883546026998,0.103842937779,0.0765734355312999,0.117886299643,0.0369179251757999,0.14852396024,0.0813322035666999,0.0791711585557,-0.0478077679499,0.0577065510947,-0.04948738935,0.0588839180457,0.201016944476,-0.289579163924,-0.130849267701,-0.0136653336774,-0.0582157641280999,-0.0403378390142,-0.0872205573692999,-0.230934703595,-0.00847713625579,0.083214536812,10.0230393381229,2.72746172522,3.68746491805687,3.38765630715243,0.0608472765128999,0.89308,0.71339,0.73436
421300,420000,nationwide_score,0.771,14.5136457775476,5.34760977781229,0.182883989701,0.134789281386,0.577114427861,-0.0101392579429,-0.15885281354,0.18239821289,-0.0747508573754,0.0395563706337999,0.0664324677925,-0.175994440573,0.0459918481247999,-0.125907797657,0.0561805257635,0.0538385203811,0.0287343906868,-0.183791408434,-0.0442110379580999,-0.0932753181091,-0.179365466918,-0.0766297520818,0.132509613987,-0.167641582472,0.0667849117678,-0.151305688329,0.117776858984,-0.0645449047303,-0.0625258100096,-0.0483757231565,0.289227464993,0.0042937043813999,-0.0781459225348,0.143243365874,0.0834593054255999,0.0450177000748,-0.0350149265370999,0.00352179250757,-0.0252436983745999,0.0485047546905999,0.145085746152,-0.297123548564,-0.0774337033308998,0.0966835839414,0.0193966513466998,0.010212563584,0.0461946926361,-0.04108843325,0.0510659339250999,0.0397606516106999,0.104358167938,0.0575015146895,0.161930240071,0.116440163082,0.0111863923765999,-0.0175202814694,0.12814797959,-0.0326105057404,0.0421162930624999,0.13188399701,-0.268673333453,-0.0936383162392998,0.00998118936622,-0.0934856608872998,-0.0106246206169999,-0.157620321636,-0.202289651429,-0.0682999401365999,0.0821463327525999,10.15999870869,2.59175202446,3.42216892913885,3.15488489350931,0.0399508042638999,0.88462,0.71535,0.724
430100,430000,nationwide_score,0.84,16.1240778220394,6.74778762667698,0.167633393935,0.101192071624,0.826043737575,0.0328527992059,-0.162815776718,0.139778536851,0.00202718684453,0.0519832585731,0.0363116653803,-0.172729662752,-0.027273919313,-0.116256721985,0.142398510311,0.0601716361521,0.0417313274849999,-0.229908293626,-0.0509042608797998,-0.134050744867,-0.174108900759,-0.0348495255462,0.103274689924,-0.126627226588,0.0186226660220999,-0.150035075263,0.14737211431,-0.101692008233,-0.0666027596544998,-0.0565568484477,0.267537255622,0.00321111159605,-0.0194936489365,0.147350687578,0.11155726135,0.0835994842333998,0.0003531595270469,-0.0514027889116999,-0.0586220017997999,0.0068122815207398,0.0832229134025,-0.278397927439,-0.0478736717675999,0.110713612806,0.0354512379840999,-0.0304656725922,0.0571590726630999,-0.0554864589879999,0.107450200075,0.0748380224168,0.11043200443,0.0045136174572,0.164005583841,0.0891970231499999,0.0813709385631,-0.0609592261688,0.0309226534357,-0.0726920110781,0.0587434411017999,0.230005990813,-0.303868610135,-0.0901501962325999,-0.0099325297883398,-0.0512187770888999,-0.0367405596823998,-0.0787088108326,-0.197409825328,-0.0156379759081,0.0992628768576,10.7017161491731,1.5093565524,2.44933390092264,2.10770121485178,0.00144305911414,0.92308,0.75609,0.84997
430200,430000,nationwide_score,0.803,15.1764873675101,5.84935602218058,0.185139190247,0.133423981307,0.712820512821,0.0084636880666099,-0.113849885547,0.135734944881,-0.0007847744070739,0.0582277951915999,0.0702169337733,-0.198717961196,-0.0141074579248,-0.100440699614,0.154496673105,0.0399719968562999,0.0337130692842999,-0.245164338501,-0.0434510123092999,-0.12008612159,-0.169729618679,-0.0632366719047,0.0887365404472,-0.143798473461,-0.0122179339957,-0.175763302239,0.16297520326,-0.117476175225,-0.0875977923593,-0.0700885281394,0.259841766379,-0.0301423308788,-0.0388519431592,0.139939226227,0.123194953439,0.0871983668718998,0.0052247050660298,-0.0186214859386,-0.0512454871969999,-0.0439109266498,0.100305987317,-0.245396810237,-0.0490239796326,0.0893289350932,0.0489549297619999,-0.0072351758748998,0.0771997916996998,-0.0447048871314,0.106794038122,0.0711311747626,0.117172082021,0.040172999393,0.138855927146,0.0834404932271999,0.0751904185573998,-0.0534765363039,0.0168096860709999,-0.0495841936678,0.0823336419939,0.209495400885,-0.288565734307,-0.115771743776,-0.0225859697742,-0.0547081800781,-0.0615368361957999,-0.085246646551,-0.24094540777,0.0061065401497699,0.0853378131641999,10.2384705856059,2.34651344637,3.0580542957404,2.80460860242655,0.0125006623866999,0.92,0.71714,0.78386
430300,430000,nationwide_score,0.804,14.8198125334614,6.30135996407238,0.158264875219,0.15406686561,0.641025641026,-0.0009439310194299,-0.103223749282,0.134854450713,0.00130007432126,0.0487774109415,0.0793975036037,-0.185259175652,-0.0156982954716,-0.0997794519119998,0.16038161734,0.0564247618306999,0.0457824499474999,-0.235655670396,-0.0183508478803998,-0.126556826127,-0.148928579371,-0.0827888116143,0.0730087132269,-0.154076543726,-0.00662891459031,-0.180930661796,0.146638317062,-0.113465838749,-0.0695174100116,-0.0651421802562,0.255523802191,-0.0144657414565,-0.0289056907742,0.130492799063,0.125514796881,0.0770633152398998,-0.0024005438685999,-0.0247551985053999,-0.0547560937919999,-0.0314828148272,0.122958762515,-0.244226842971,-0.0488731670403999,0.0957098686113,0.0570332988032999,-0.0046684018002599,0.0935873951513998,-0.0523208364778,0.119674058782,0.0449078807512,0.110153943656,0.0343960775731,0.152240324058,0.0784131184049998,0.0752862605868,-0.0647754031167,0.0095687518542299,-0.0398557497791,0.0596119268065999,0.230091829665,-0.288931643431,-0.127377305067,-0.0134096608814,-0.076143408056,-0.0544735258319,-0.115629508733,-0.232077611046,0.0162558151512,0.0998253710173998,10.2217017611319,2.14865404092,3.0036539807746,2.46756519925853,0.0057989026898099,0.91077,0.71705,0.79539
430400,430000,nationwide_score,0.759,15.708622672055,6.07524493345352,0.211478979526,0.135087754555,0.542168674699,-0.00576077248519,-0.0752960847734999,0.120954615278,0.000957502753557,0.0514022401997999,0.0833982458029998,-0.19241267769,-0.0160583693682,-0.104477101488,0.161863140069,0.0499322192927999,0.0383126315655999,-0.239742043153,-0.0205553464392,-0.131908692252,-0.16470018071,-0.0742009525254,0.0676183143766,-0.172024537337,-0.0209045287627999,-0.18485233797,0.140570939148,-0.131680120406,-0.0807942124447,-0.0728538129434,0.235109276585,-0.0168129184628998,-0.0425322972755,0.125785061207,0.128081743577,0.0753371249933,-0.0092002586084699,0.00422281732733,-0.0467283697846999,-0.0567634996463999,0.123917829983,-0.231310150952,-0.054352083597,0.0773709893347998,0.0615310942726,0.0053481784721,0.0959568619796,-0.0466369456071,0.112756015832,0.0291139383525,0.116928279773,0.0471220619705,0.137215318766,0.0712433973209,0.0725425545211998,-0.0561990827433,0.0042045995179299,-0.0174799849496,0.0724013434929998,0.219002748496,-0.26274590597,-0.135439538401,-0.0197632889235998,-0.0794340013044999,-0.0672243780924,-0.121138446881,-0.254402009995,0.025872350304,0.100010819556,10.0863172633305,2.57665739963,3.48124319977701,2.89202366709811,0.0279313147356,0.88338,0.68664,0.72114
430500,430000,nationwide_score,0.734,15.6965013133593,5.75628672108161,0.227466998159,0.142891103363,0.521341463415,-0.0102685343858,-0.0513464764433999,0.122245334914,0.00282365735872,0.0714448533674,0.0596907279367,-0.179402128561,-0.00646818543457,-0.0883722633589,0.141292842703,0.0241904595676998,0.0144514991882,-0.257905959571,0.0194552058156,-0.122709619758,-0.206854482658,-0.0507205721543999,0.0809432807656,-0.174531688858,-0.0267022596137998,-0.19285131616,0.119005599828,-0.11815397294,-0.100575867562,-0.095371279266,0.197223579572,-0.0160813443458,-0.0730961365694998,0.107321877423,0.109391172131,0.0506290647195999,0.000655983261642,0.0157894998587999,-0.0426387195573,-0.0706417096744998,0.112556151888,-0.236969167804,-0.0459915325713,0.0758910296215,0.0446475430789999,0.017015261104,0.0987187565895999,-0.0820922749256,0.128998866315,0.0028119994210299,0.110181765815,0.0530637251593,0.129093083288,0.0614848546466999,0.0657990147211,-0.0421966476512999,-0.0123410076857,-0.000394968786559,0.0880497563162,0.226068947589,-0.256965385152,-0.161735142194,-0.0223733176291,-0.125259221265,-0.113574689762,-0.124861188838,-0.276923786867,0.0262709034035999,0.0819572514431999,9.82163984411501,3.58710162072,4.27087936047307,3.58833692712235,0.138497163011,0.87846,0.68783,0.65565
430600,430000,nationwide_score,0.79,15.4348989992713,5.83111631301056,0.187400930784,0.137518966031,0.605940594059,-0.0090301430275999,-0.115829149174,0.144030827911,-0.0049859564129699,0.0529097732368,0.0860310204935,-0.162838842446,-0.0080645150179,-0.0954988661838998,0.156961139564,0.0535612273042999,0.0287866352074,-0.238575586535,-0.0221230697389999,-0.121998745732,-0.140161643284,-0.0971252675042,0.0834572690263,-0.15292509096,-0.0084607111993299,-0.18316612147,0.164244219495,-0.103711183367,-0.0570420669958,-0.0545659631635,0.254155018486,-0.0121578319172,-0.0304524628411,0.125847147587,0.108819673824,0.0787167699023,0.0091192265677299,-0.0203108621589,-0.0627746927560998,-0.0191699768245,0.120860143709,-0.268025996143,-0.0412570634842,0.105342369884,0.0471510670841999,-0.0120942050875,0.0847481966898998,-0.0635218010779999,0.0933044129779,0.0563042412985999,0.11507114128,0.0337205509952,0.150750828205,0.0789594178491,0.0825791888029999,-0.0526449812785999,0.0439655397491999,-0.0513579881559999,0.0416884109553,0.219027156266,-0.279363023549,-0.123198448901,-0.00617333767547,-0.0791404088537999,-0.0459160798494,-0.110369394278,-0.229779714173,0.00738775034401,0.100253357508,10.3471945374424,2.36659637011,3.214429997945,2.81796991305779,0.0214438728313,0.87692,0.71857,0.78247
430700,430000,nationwide_score,0.781,15.4794368450764,5.67440097414354,0.151866117941,0.17684726522,0.5625,-0.0141163093447,-0.103670961788,0.146436270094,-0.0052642537635199,0.0633203421509,0.0906675857089,-0.166758532248,0.00329182165708,-0.0963506076480998,0.149044869242,0.059787737144,0.0331749420982,-0.209794291385,-0.0125116889743,-0.114816490369,-0.172679599224,-0.0837057664749999,0.0739073075618,-0.155876648663,0.0199689528035,-0.182921228066,0.14827055709,-0.0933947436073998,-0.0637860207229,-0.0677658456409998,0.253127192748,0.0107420494407,-0.039735157887,0.141051983615,0.1056915142,0.0595667147983999,-0.00916801448533,-0.0269654312133,-0.0406222924143,-0.0099686354265,0.139225666152,-0.25600021889,-0.0525614214521999,0.10652983734,0.0457299415542,0.00236611789932,0.0867533047544998,-0.0695157380481,0.110206218842,0.0380417704044,0.106373662212,0.0317888947098,0.148637813041,0.0689179600766,0.0836139303823,-0.0653434545539998,0.0435819974926,-0.0522424414828999,0.0279554478108,0.216081409729,-0.280686416523,-0.136921393949,-0.00403235233771,-0.111354960064,-0.0537542106255,-0.13737851356,-0.236726318465,0.00430541990499,0.108911767388,10.2058391276078,2.35717407476,3.26999199098887,2.80418562898656,0.0184830172459998,0.89231,0.69633,0.76552
430800,430000,nationwide_score,0.754,14.234221550717,5.07878607591248,0.182151947148,0.156892535032,0.513157894737,0.014458044757,-0.0632604639272,0.15505771984,0.023053352148,0.0916664219026,0.0223651418781,-0.207328124021,0.0045249537823499,-0.0611844325051,0.129413437429,0.0453265782453,0.0467720399462,-0.220698669648,0.00751010940804,-0.127733893127,-0.238335490366,0.00319549130165,0.0978498730104,-0.175283166272,-0.0057837655875499,-0.167304617439,0.129556618532,-0.0957760907563,-0.102750495187,-0.106431310089,0.187793593393,0.00456294277421,-0.0926363219579,0.126517967689,0.103136873456,0.0265017410674,0.0157347929336,-0.0108833152868,-0.0281677329877998,-0.0505177927060999,0.0611176197684999,-0.243079432423,-0.0478418305299,0.0766342662686999,0.0336760179141,0.0165747147665,0.0914692300314998,-0.0733030469337,0.111647502272,0.000469750023799,0.11832024166,0.0402702993424,0.14315611212,0.0699875470832,0.0599215246477,-0.0587361725299,-0.012175210111,-0.0044752901591,0.111830261246,0.216130722748,-0.265298005831,-0.13003368096,-0.0492762881143999,-0.144768179433,-0.117471624463,-0.139753371629,-0.251871314986,0.0301203073144,0.0716274775181,9.46960469488548,2.93734564025,3.80139086428142,3.34043022166472,0.0634276455599998,0.94,0.68331,0.66695
430900,430000,nationwide_score,0.757,15.1635839660042,5.74712212707917,0.180176359826,0.157937396158,0.503896103896,-0.00737731271801,-0.114846453621,0.130967835912,-0.00610377078635,0.0586235777111999,0.0790353043143,-0.170258406468,-0.0067910171165898,-0.0976298185387999,0.154914564483,0.0619929460212,0.036180866066,-0.222050767564,-0.00840739675764,-0.113346049601,-0.158187690117,-0.0821835781671999,0.0652544401874999,-0.162235418309,0.00383643279881,-0.17782733596,0.14541238715,-0.105516949276,-0.0566639395320999,-0.0757772323896,0.240785925104,-0.00194688616819,-0.040408548778,0.13723174539,0.100329239769,0.0630422348014,-0.0102967282873,-0.029254030888,-0.0513185650953999,-0.014050860081,0.120736312193,-0.251086966687,-0.0458733491478,0.111708336961,0.0552584301759,-0.0172751413705,0.0878667245436998,-0.0582296842377,0.109170359985,0.0333225414266999,0.119389666906,0.0290109941829999,0.155470800431,0.0690871593698,0.0884267284742999,-0.0621886118376,0.0336655274749999,-0.0554066154371999,0.0347345030478,0.227165108252,-0.278001387376,-0.127673620416,-0.0195907912601,-0.109345943681,-0.0617300149527,-0.117686520365,-0.231939242848,0.0075522614894099,0.112064190039,9.82273179849765,2.94139884119,3.77800556766511,3.18219736291048,0.0522210839165,0.89231,0.68817,0.70678
431000,430000,nationwide_score,0.766,15.358808881569,5.49318590869319,0.23284891297,0.113042956677,0.581196581197,0.0106347339237,-0.0875698377791998,0.118424086004,0.0244741679029998,0.0631259622152998,0.033626444302,-0.206022661221,-0.0181773732522,-0.0949854537924998,0.136889371002,0.0477256776948,0.0345364319793,-0.261997049878,-0.0256754040872,-0.110430232456,-0.197912552604,-0.0386932220761999,0.0894052849844999,-0.153938106149,-0.0493303406387999,-0.18663268121,0.139733645296,-0.115575410126,-0.105861210985,-0.106048835243,0.200938120724,-0.029437050818,-0.0533197519488999,0.115471335539,0.120265517252,0.0843219471558,-0.0144303045403,0.0191172843971,-0.0242758617439,-0.0711642522164998,0.0952225739743,-0.207437030903,-0.0424674120268999,0.0558425393721,0.0542983062765,0.0087975293016099,0.0678431243691998,-0.0512558471918,0.126450912342,0.0181190860518,0.121812890656,0.0598330094674998,0.123643070578,0.0920221103983999,0.0617678753068999,-0.0235347251985,-0.000447291483483,-0.016758461607,0.114272639768,0.204038595088,-0.272313150564,-0.133693146042,-0.049411312201,-0.0788406711132998,-0.128939726981,-0.0887796044146998,-0.257983040584,0.0311974615050998,0.0712679355586,9.88846144180788,2.67602002977,3.50068078999802,2.92987652161672,0.0260759209495999,0.89231,0.69493,0.72407
431100,430000,nationwide_score,0.745,15.4832175672016,5.47500057703603,0.231225841324,0.131923536008,0.467924528302,-0.0026153857275299,-0.0856109275978999,0.118660473842,0.0059029859198898,0.0618329268474999,0.0711083365761999,-0.182102493713,-0.0270516102848,-0.0998556925078998,0.144885521751,0.0401155708135,0.0052793667705799,-0.263233323033,-0.0193387951042,-0.12121635519,-0.191586587168,-0.0700817199842,0.0798774906345,-0.1455041605,-0.0206493888237,-0.194413922252,0.145466411961,-0.12376499858,-0.0936102480586998,-0.0905950754437998,0.214124366591,-0.0226956382529,-0.0426910583214999,0.104308233739,0.124676501172,0.0837665671947998,-0.0244749253413,0.0184435989330999,-0.0525424995238999,-0.0772457182487999,0.126408295572,-0.231306004704,-0.0520668870936,0.0812270623911,0.0583292218677999,0.0188600051006,0.0857510814005,-0.0705149185747,0.120771524702,0.0139282138007999,0.111334335027,0.0526451742897999,0.112259039812,0.0764615777162998,0.0727169804911999,-0.0467956194675999,-0.00187549538051,-0.0170830365358,0.0919357836536,0.230950961849,-0.250469193124,-0.147754486925,-0.0376923769317999,-0.0758649085989999,-0.0971306750978998,-0.0965968533221999,-0.268550863867,0.0409309200033,0.0887901946007,9.60061419663313,3.43966821735,4.11365272740478,3.38563452317404,0.100913922462,0.89277,0.6823,0.67938
431200,430000,nationwide_score,0.737,15.337209774431,5.11980406262187,0.20565620155,0.145557131774,0.471615720524,0.0185754201348,-0.0826956867644998,0.137900031441,0.0128844820337,0.0860445031346998,0.0183605122979999,-0.206907035249,-0.0304322503252,-0.0771346704058998,0.143454437184,0.0451423122416999,0.058955486594,-0.227985547548,0.00208240639692,-0.15092141063,-0.221495466234,-0.0046188577934499,0.0867626606987,-0.15839432195,-0.0106305204051999,-0.165141729003,0.134223796737,-0.107163799206,-0.0996355384877,-0.118344986904,0.195282871712,-0.0175405126581998,-0.083815115615,0.124638137012,0.0949816014732998,0.0376067267806,0.0053995710101799,-0.0130831805699,-0.0414157771276,-0.0588415702753,0.0394739887091,-0.223587872582,-0.0446526217907999,0.0665459463533999,0.0535726834441999,0.0043652248468499,0.0709427567692998,-0.0649934630832,0.0975482631154998,0.000589389551449,0.131412563121,0.0306594033476998,0.149270361885,0.0545795608974,0.0502554267196,-0.0593403122312999,-0.0266580453621,-0.01517078003,0.122032340358,0.217305062451,-0.269043660726,-0.13007463549,-0.0453473452119999,-0.105320339842,-0.137698269896,-0.100863799402,-0.251682604259,0.0350521710165,0.0790124386655,9.49206208572429,2.95653261207,3.82651966824304,3.55932985776359,0.0749286677902998,0.88308,0.68126,0.66553
431300,430000,nationwide_score,0.748,15.1583756222534,6.15987735244342,0.22719008705,0.135588854286,0.469973890339,0.0097569662551099,-0.0738245630012999,0.133168334471,-0.0113908643038,0.0717221983596,0.0534914066711,-0.194977143183,0.0030032765234799,-0.0996065885942998,0.134894021509,0.0341051218886999,0.0234806076189,-0.247550733808,-0.0049779310648099,-0.119069916164,-0.205661418152,-0.0446761525459,0.102264737499,-0.158240026235,0.000338866858737,-0.18137942192,0.125865589649,-0.0999299817250998,-0.0988147760111,-0.0810156147474,0.213745998929,-0.0130055364878,-0.0611041675829,0.120009622781,0.120830053704,0.061990095643,-0.00187739008402,0.00423901105629,-0.0389486972601,-0.0449803625688999,0.116773756364,-0.250830093676,-0.0406014571274999,0.101091965092,0.0452456387231999,0.00470268010066,0.0962251839127,-0.0789610882279,0.141308529621,0.0369078558547999,0.105362666506,0.0332445844474,0.15673337181,0.0699384691498999,0.0769332776151998,-0.0388624197167998,0.0050960132966998,-0.0195545429477998,0.0697394617087,0.235294680171,-0.273936370503,-0.145855831888,-0.0172291213825,-0.111102328379,-0.0835497764518,-0.120052018906,-0.245834997016,0.00951533253933,0.0934095804542,9.78275978069715,2.87071950495,3.65983430243245,2.90562199207956,0.0282471898983998,0.86462,0.69783,0.69402
440100,440000,nationwide_score,0.863,16.7461708881363,7.83746875804437,0.138745408425,0.0701146270339,0.861792956243,0.0984108245938,-0.272955972564,0.155205985664,0.0036734419211999,0.0221318040217,-0.100563401701,-0.108007609653,-0.0821701316553,-0.232024294487,0.124254069036,0.10365041537,0.0826415060434999,-0.228699855568,-0.142486868457,-0.132963555176,-0.108005417636,0.0629316942339998,0.125034909096,-0.0351997788097,0.0476212443864999,-0.0528698586275999,0.16566907112,-0.0580783830878999,-0.105397338076,-0.0414975047688999,0.221363567621,-0.0359076942477,0.0626548589605,0.0395541703937999,0.105837163145,0.176218819627,-0.0135387632218,-0.0630177268847998,-0.0191018089473,0.0479046859755999,0.0276974350686,-0.22506363039,-0.0175943701402999,0.0615296432708,0.00247232460313,-0.0078044638133399,-0.0729988448923998,-0.0398327091272999,0.137804761958,0.0944371059084,0.104418771112,-0.0217946798655999,0.163560318686,0.122922911467,0.0438271034907,-0.0273783656989999,0.0288172310188999,-0.165888488378,0.110864571013,0.213101994047,-0.310101460511,-0.0189104668416999,-0.0344925269029,0.0921174360016999,-0.0570623502802,0.067107021183,-0.145215235225,-0.0788564496683999,0.0680890719741999,10.8035152613047,0.889778364446,1.49959654755348,1.32068073874804,0.0002577834597228,0.96769,0.76773,0.86372
440200,440000,nationwide_score,0.764,14.8663325324463,5.05223249451764,0.218670147361,0.119922161185,0.573426573427,0.0307698965582,-0.177512796517,0.159472472433,0.0149372951207,0.0434701575993,0.0038808905624499,-0.17699375528,-0.0251261859200999,-0.142205909691,0.131681735542,0.0355899511457999,0.0272809172032,-0.264085686097,-0.0714919696486999,-0.0891694925642999,-0.165705969622,-0.00663135826674,0.10847456054,-0.0808068459597,-0.0270567744134,-0.155945353222,0.164989665835,-0.0954044819587999,-0.123902106394,-0.0941559718586,0.215213110234,-0.0458728664575999,-0.00640969010842,0.0397908568114,0.114178641055,0.126012822976,-0.0233787285557,-0.0019806406555899,-0.0312816278604999,-0.0558649114879999,0.108892733751,-0.191001609087,-0.0454675003656,0.067906643722,0.0378728385375,0.0127947204142,0.0194910593062,-0.0592421346812999,0.155665412591,0.0491210144883,0.125990024938,0.0430628511146,0.134918347602,0.0923538036494998,0.0459482514809999,-0.0207289297977,0.0207030137695,-0.0774426051079,0.13087448583,0.210391743505,-0.277772351198,-0.099804364256,-0.0488658779501999,-0.0057703233749499,-0.128497777007,-0.0195139928221,-0.227798915919,0.00435037477665,0.078999322088,9.65305522759514,2.27608032871,3.0557387233862,2.9898835422516,0.0274491172253998,0.89846,0.70206,0.70569
440300,440000,nationwide_score,0.88,16.6851126110955,9.01858786865299,0.14923017235,0.0288601091731,0.998298355077,0.100320952757,-0.285449587234,0.147463547642,0.0060762436107799,-0.0054233164670699,-0.150575756762,-0.0756689853727998,-0.0801014041284,-0.273716715822,0.113500224514,0.0880092712457,0.114275788938,-0.240917602275,-0.130048362149,-0.136786309783,-0.103875161638,0.111786704463,0.145307552774,-0.0553036749247999,0.0600477877142999,-0.0454032784147999,0.161218363502,-0.0469733231564999,-0.0962400974084998,-0.0390322658165999,0.190573191758,-0.0476352183477999,0.0629291494556,0.0459444361892999,0.111698879747,0.174516301074,0.0025574564736299,-0.0661606854641998,-0.0150301917455,0.0869278235163,0.0202244204748,-0.199895339945,-0.011960416052,0.0660489390309,0.0050965097800199,0.0044994400617799,-0.109332479055,-0.0460589288457999,0.146582436332,0.0723330775440999,0.0892093232564,-0.0364480206290999,0.16487017105,0.139176908924,0.0401981541252,-0.00461575867231,0.0415790718857999,-0.160375588953,0.127221214384,0.195114591947,-0.303664771811,0.0095721640904799,-0.0457968255269999,0.0656736809483998,-0.0439465814174999,0.0735333042921998,-0.143957561053,-0.0773422271469998,0.0540506378690999,10.8026160841686,0.76133408901,1.06058519371924,1.4249472750937,1.00760195698e-07,0.97738,0.78427,0.88867
440400,440000,nationwide_score,0.864,14.7115989906841,7.13435066595104,0.15823192613,0.0605848820813,0.90612244898,0.0644630196512998,-0.247384365064,0.166070025924,0.00643383684916,-0.0250793956508,-0.0732880832237,-0.0914621488319,-0.0753848847986998,-0.241772304259,0.137955354003,0.0973779404995998,0.0930040448743,-0.249019381592,-0.118371267946,-0.127103361298,-0.0816904726802999,0.0564518710736999,0.137628416147,-0.0743946251937998,0.0633862230083998,-0.0712121532657,0.199343994018,-0.0454906256214,-0.0915728702800999,-0.0737844179091999,0.20276874598,-0.0487757228552,0.0288712923403,0.0397583049786999,0.139316175592,0.18252213966,0.0150317563072,-0.0534255948989,-0.0056896401610099,0.0592580764026,0.0562534029414999,-0.165131566377,0.00281442030673,0.0568682477774999,0.030947687463,0.0196358235035999,-0.0786997828605,-0.0420242630701,0.159495636593,0.0783292474846998,0.115869757031,0.00629003681807,0.158846137919,0.144046580885,0.0504055587128999,-0.0109230017777,0.0311407810892,-0.147082694052,0.122637944793,0.194952798483,-0.307263492247,-0.029115610702,-0.0460810957626,0.0643089588182998,-0.0178286514789,0.0371915165859999,-0.162713615429,-0.0439492922895999,0.0390716129064,10.5348523558802,0.849222814202,1.31767176176215,1.37426691597477,0.0003779441551368,0.96923,0.76124,0.87513
440500,440000,nationwide_score,0.761,15.5202588320209,7.75958421028202,0.222842644676,0.0969035039045,0.707272727273,0.0416589210908999,-0.249174688312,0.137186757373,0.0256161776002,-0.0242255557795999,-0.132291639069,-0.0533811736637999,-0.0905924592365,-0.291056112573,0.135080323996,0.0474715025423999,0.0788357958634,-0.249494014567,-0.104554538344,-0.150666620741,-0.130826724845,0.0855825666904,0.149042530103,-0.0498007180601999,0.0460539806272999,-0.0621084168178,0.189084836402,-0.0517155824127999,-0.100678285848,-0.0508407737651999,0.18950382551,-0.0521221885227,0.0559111765235998,0.0229883071630999,0.0991698461937,0.200290060649,0.0287606751349,-0.022705528357,-0.0451528458923,0.0459028641750999,0.0452592778527,-0.20168598535,-0.00171031482165,0.0585498453659,0.0411988999052,0.0742932830387,-0.111565583509,-0.0685706940301999,0.113614142191,0.0476592057687999,0.103984562822,0.0261598496781999,0.10146169219,0.146045629811,0.0278537807993998,-0.00521731197166,0.0812239629289999,-0.158859846385,0.125449850039,0.187714759603,-0.293946702904,-0.0088464692895999,-0.0333306076447,0.0454793606222,-0.0508530314629999,0.0742926285716,-0.160545151531,-0.0606919720136,0.0451906181039999,10.1567979471463,1.96486890737,2.59935708670081,1.84722559958648,1.54988310557e-05,0.89692,0.68818,0.7126
440600,440000,nationwide_score,0.839,16.0689055118096,7.82701757864914,0.151265524358,0.0671820456395,0.951680672269,0.0709281568912999,-0.264867532219,0.162671756707,0.0058831740599399,0.0057000232609998,-0.0788766192377999,-0.109261279079,-0.0880799225474,-0.253094041353,0.14010289889,0.123980249592,0.0761675453478,-0.227830771582,-0.140702902292,-0.136247079197,-0.0919157531907,0.053303869756,0.116204858265,-0.0520307500622999,0.0469035776484999,-0.0706472901860999,0.177496790497,-0.0609940287657999,-0.109006624135,-0.0609256770683999,0.224657102271,-0.0405186625097999,0.0653276683430999,0.0276521306387998,0.119648063923,0.183675286814,-0.0145632786537999,-0.0473960392519,-0.017388750136,0.0459123415449999,0.0590569835807,-0.211860124676,-0.0046212063932398,0.0482203037166999,0.0395796282977,0.0072421854784099,-0.0653717546171,-0.0435848979773999,0.150281999007,0.0814695446912998,0.115694663637,0.0032943892900599,0.157966669326,0.121605027264,0.0388574578561,-0.0242815118183998,0.0495746298676999,-0.162342609947,0.111006485974,0.205984375387,-0.30668580176,-0.0265068131421998,-0.0294303189436,0.095270414457,-0.0401803999685,0.0450605657967,-0.162210119748,-0.0693511654626,0.0614505272067999,10.4501717372056,1.03421928208,1.50598202975079,1.19714416883027,0.00020660503255,0.95923,0.73387,0.83833
440700,440000,nationwide_score,0.796,15.3841266842114,6.20658116163479,0.161791613452,0.118228636237,0.677083333333,0.0209157004222,-0.20726409018,0.156157598387,0.0200217173885,-0.0178546092633,-0.0363101145292999,-0.106737364642,-0.0531795236663,-0.227086485343,0.149587458149,0.0876689701905,0.0702339454957,-0.243074595051,-0.0921537904674998,-0.118622703055,-0.0838790487829,0.0153703709763,0.117360757013,-0.077556863094,0.0539012865653,-0.129858864488,0.200223753707,-0.0640162008395998,-0.127801292251,-0.0899735119097,0.205539763851,-0.0547748342573,0.02153743239,0.00284506649739,0.138468714026,0.187715111225,-0.00164374871144,-0.0145332615343,0.0135944572172,0.0157360861646,0.108098823247,-0.150800335332,0.00232603444047,0.0395800201565,0.0639927170171,0.0652408912326998,-0.0582156291169,-0.0343310589103,0.173340855197,0.0423081725055999,0.111318650622,0.0453929903292,0.119938843471,0.12969543181,0.0418611928314999,-0.0067638823195999,0.0262914127283,-0.117433398327,0.128306688188,0.191756934491,-0.283918500503,-0.0676472619806,-0.0291027675230998,0.0569085921309,-0.0515781579421999,0.0173356489522,-0.211282190466,-0.0209331875128998,0.049005026606,10.0950246749849,1.55447472054,2.18133621723335,2.02544331313312,0.00171938704492,0.93077,0.7157,0.7578
440800,440000,nationwide_score,0.754,15.758559618005,6.24982824356386,0.262547967628,0.107523020112,0.454154727794,-0.0006988782389469,-0.160015582356,0.170469232215,0.0455438360814,-0.0739386269961,-0.0053842331727899,0.0091629861007399,-0.0536061467702,-0.205351595233,0.138929522485,0.0306477777261,0.0716242224077,-0.336624268488,0.00189547263711,-0.138391819783,-0.055689962149,0.00276882183342,0.121187377327,-0.120782564131,0.00983746416367,-0.140878220733,0.28327736323,-0.0059327945112899,-0.0835111561442,-0.0497559560837,0.182611287717,0.0308538666008,-0.0366716881324,-0.00326610184946,0.15899895545,0.179637328757,0.0684852394182,-0.0282051282721,0.0249040662805,0.0463526552773999,0.0920787143358,-0.188993492659,0.019521407476,0.0970730266396,0.00160134918299,0.0563536889398,-0.0643865899689999,-0.0746004605769999,0.186114036944,0.00325012443763,0.0947458148172,0.0268743544967,0.0432618012658999,0.0686696317468998,0.0360835721000999,0.0056559890147698,0.0141769439488,-0.104013017341,0.109020448096,0.157562004823,-0.218634982168,-0.0391420549221,-0.0303842901098,0.0020946563726899,-0.0729118377884,0.0129870217188,-0.185362457992,0.00232486196247,0.0392464529454999,10.063860646274,2.12327322326,2.98032032840194,2.31120663179,0.00261220395524,0.88615,0.69533,0.69571
440900,440000,nationwide_score,0.761,15.6368289912462,6.29333468002305,0.272002862577,0.109048348856,0.435275080906,0.0195004204178,-0.150833033425,0.190952519184,0.0235936838136,-0.0425794076254999,-0.0251103991996,-0.0462732311689999,-0.0441187408721,-0.188402281278,0.123700232365,0.0207470975533999,0.0554976794572999,-0.342165763598,-0.0201282867597,-0.108016951071,-0.0833279642329999,0.0050693528521198,0.128025567274,-0.110336946117,0.0233109334863998,-0.153689588658,0.25054055607,-0.0370864921630999,-0.117053619687,-0.0659057778353999,0.191056272643,-0.0058226020441699,-0.0378465939049,-0.0516181901949998,0.163927449783,0.185771212239,0.0434709210829,0.000129395556111,0.0324228511319999,0.00607855168071,0.111051766721,-0.1657251939,0.00168955905144,0.0699555456569,-0.0021488882443,0.0696270091272,-0.0441756799802,-0.0657088331624,0.215982741566,0.0073224036417699,0.0720964996586,0.0276149569693,0.0737710074333998,0.0835114071187998,0.0415479850875999,0.0104057046335,-0.0260900077201999,-0.0876489185507998,0.128069229467,0.197457735102,-0.228842574008,-0.0716751600546998,-0.0319613486817999,0.00843293364052,-0.0825143609072,0.0109041730557,-0.21833004657,-0.00312716324467,0.0510443991261,9.99654475498562,2.5496276211,3.33484603399505,2.92969195863244,0.0263126735168,0.88154,0.69175,0.72331
441200,440000,nationwide_score,0.768,15.2313639640441,5.6261190579551,0.222987991343,0.107902017155,0.509708737864,0.0193839246126999,-0.179772381877,0.171422554156,0.0218123044887,0.00581160191576,-0.0266313223482998,-0.144067308337,-0.0390868550507,-0.186138695594,0.14296060767,0.0612634424235,0.0551593295104,-0.26905197444,-0.0743674388631,-0.0979118216042998,-0.100480659833,0.0070767673470199,0.115319784702,-0.0817795663390998,0.00422770016716,-0.151651559172,0.193265779314,-0.0843155176949,-0.131950530425,-0.0856832155844999,0.189560476921,-0.0488039091657999,0.00926449996843,-0.0270978542692,0.12122800203,0.164025968465,-0.00321156942167,0.0155174828368,0.0104263567513,-0.0468992018967999,0.117119866946,-0.155514935065,-0.0151333353959,0.0285978178235999,0.0394200724271,0.0635804727471,-0.0341272046262,-0.0491550511425999,0.195621149029,0.0395525254041,0.112287813872,0.0484198230536,0.116614012327,0.111035303778,0.041043597031,-0.00668802885052,0.0064028831335,-0.0838490736906998,0.123123053078,0.202238964089,-0.256648958397,-0.0960470129095,-0.0327611332593999,0.0427523367621,-0.115114677927,0.01165482955,-0.229330837565,0.0081300005446299,0.0644358159859999,10.1574185788086,2.24970001888,2.94605059405409,2.88936526952886,0.0195729168663,0.88923,0.69512,0.7316
441300,440000,nationwide_score,0.794,15.617220523062,6.27072534641509,0.206217170057,0.0612082313047,0.726072607261,0.0587310882382999,-0.248545314352,0.164690091437,0.0215962252371998,-0.0073301374128299,-0.0892455068459,-0.0993504901491999,-0.0556307024345999,-0.243139891847,0.130230005099,0.0550918379577999,0.065255999411,-0.26077635875,-0.104530660001,-0.113025082564,-0.112236025411,0.0591254926692999,0.136474202048,-0.0469900232559,0.0345338127096,-0.0897251364491998,0.190750527964,-0.0516887340219999,-0.121625097543,-0.0614805262719,0.201511957523,-0.0426854352760999,0.0429569108051,0.00136627391849,0.130601464526,0.18710155406,-0.0022923256822,-0.0194239521578,-0.017752197138,0.0299140837325998,0.0885836149538,-0.176517039981,-0.00744692525176,0.04538102158,0.0242992716229,0.0453642020146,-0.0706912357289,-0.0578439481568999,0.166417121811,0.0531160184932,0.0916095026732998,0.0129574932356,0.131834866489,0.113692329521,0.0328886210566,-0.00477504991011,0.0401032122582,-0.143614263039,0.123944329867,0.195697051658,-0.291271026003,-0.0369319070100999,-0.0315840523944,0.0551819383001,-0.0744126699109999,0.0440854689958999,-0.179234914809,-0.0501219533798,0.0624657547871999,10.2686238177904,1.30619583541,2.01280024821601,1.99257955104651,0.00152279452713,0.90923,0.71854,0.76486
441400,440000,nationwide_score,0.749,15.1687653234039,5.50125391900805,0.23720342069,0.131473577214,0.516795865633,0.0335263955601,-0.213180501027,0.193881087652,0.0296399474075999,-0.00315417718015,-0.0363635573041,-0.150479715317,-0.0109223752954999,-0.157014129903,0.13578594435,0.0202761304829,0.0259974584131,-0.314388635821,-0.0622326224728999,-0.0699988182622,-0.119341255089,-0.00371328905184,0.127131966336,-0.0858582931111,-0.00781230498926,-0.142880576662,0.195600740794,-0.0648442073078999,-0.116862710013,-0.0635883304740998,0.188899179691,-0.0649682663752998,-0.00383252374728,-0.0297857847357,0.142099176274,0.154578558949,0.00316812094642,0.0184075356711,-0.0357710319314999,-0.0492058657664999,0.123748632151,-0.16883958876,-0.0238451765277,0.0631261854586,0.0130068110892,0.0435415533029999,-0.0244674982944,-0.0826833020480998,0.211027851427,0.0547923788495,0.102657768257,0.0201944517037,0.133734568107,0.0774533685923999,0.0512246926997999,0.00522962713366,0.0226741995604,-0.0867610558080998,0.117829984917,0.206810532161,-0.269847493661,-0.0899541012825998,-0.0243608436559,-0.0085344517437299,-0.118299571854,0.021963701344,-0.204890908078,-0.0069556356011898,0.06322532052,9.7054151581508,2.17690022436,2.82316130371522,2.88971864891692,0.0188307359379999,0.93108,0.70225,0.64147
441500,440000,nationwide_score,0.738,14.7975894049082,6.21684046048169,0.258465842121,0.095164546951,0.569288389513,0.0189715413923,-0.220362143873,0.14908741036,0.0291034820524,-0.0413669181060999,-0.0878807136586998,-0.0642533639784999,-0.0620057276878,-0.237204781315,0.136835363783,0.0260375067181,0.0770960899728,-0.262941637779,-0.0807195405623,-0.112482139183,-0.103882312972,0.0426116402538,0.155963555705,-0.0564423142293,0.0467219899448,-0.0812150975446998,0.230574745191,-0.0389180561771999,-0.123462000343,-0.0706808247701,0.176865902692,-0.0488883367023,0.0326734020159,-0.0210832486833999,0.135652141934,0.209768538049,0.0344421033984999,0.0041054299894199,-0.00814825911373,0.00186463265416,0.0986616048116999,-0.158644240197,0.0165948758669,0.0415660709226,0.0366353648272,0.103602402252,-0.117150564401,-0.0703025552321999,0.141062231226,0.0233388479949999,0.0722597396516,0.0475256518522998,0.0833022153899,0.122466357775,0.0269681104151,0.0227219781082,0.0483945334725999,-0.127699233364,0.136345025538,0.166763633902,-0.275233755912,-0.0514217434373999,-0.0111108520516,0.0299058906555999,-0.0721401785603,0.0487674239025,-0.194386288131,-0.0246796869132,0.0486869368777999,9.69998183929301,1.712852322,2.50790177083659,2.16818626184091,0.0018245312946,0.89231,0.65465,0.68711
441600,440000,nationwide_score,0.75,14.85931496225,5.20638276481444,0.253789948398,0.106766893961,0.485915492958,0.0219156279116,-0.18085635199,0.186082507703,0.0215541391407,0.0030423148811,-0.0108476769008999,-0.16573889352,-0.00110466350084,-0.161277581731,0.14244262421,0.0152630014143,0.0252271995993,-0.296839941293,-0.0639945533799999,-0.0712772502021998,-0.125695430905,-0.0084748185152598,0.129591080215,-0.0727854274076999,-0.0241870804121,-0.150942225575,0.190110572744,-0.0793994534554998,-0.128288592016,-0.0631932261595,0.185129832049,-0.0721478080381,-0.0024969704369499,-0.0383488809975999,0.149507093099,0.162713768196,0.00337666694411,0.0365801734834999,-0.0212598261499,-0.0604830559576,0.146359052644,-0.166434207848,-0.0245513266032999,0.0493612000328,0.024823744985,0.0562632707911,-0.00106679831318,-0.0762619031101998,0.200223757362,0.0515178524083,0.107135723693,0.0433217591422,0.132315829187,0.0731042564497,0.0331444815120999,0.00868605881185,0.0264528817558,-0.0794192629047,0.121708506057,0.205958514752,-0.25906368416,-0.102942985647,-0.0124324686674,0.0073888601721899,-0.13261569492,-0.0065948535155499,-0.219171368733,0.0063670153980798,0.0685761314344,9.4496009490876,2.29402907726,3.1117936538564,3.1146265834275,0.0288891641935998,0.89585,0.6986,0.67533
441700,440000,nationwide_score,0.767,14.7748611624406,5.78162244033429,0.226951294963,0.113295216685,0.540229885057,0.00495567930481,-0.171236512384,0.162175346619,0.0044408483356999,-0.0547738837616999,-0.0303332322768,-0.0860577280342998,-0.0419165018190999,-0.205466358434,0.153933212098,0.0525771732318,0.0749854138327998,-0.269908079161,-0.0491852563921,-0.105282900477,-0.0670861050449999,0.0136746704087,0.136605851328,-0.0766357661459999,0.0533117707151999,-0.145587551504,0.230796404928,-0.0482154926422998,-0.122404303111,-0.094678253091,0.178691007978,-0.0515353534138,-0.00179589815937,-0.0317809286869999,0.159314999397,0.195516083085,0.0236493492629,-0.0077338643936098,0.0345332080434,0.00589951933074,0.12798233025,-0.111675113579,0.0239668973576998,0.0424142509134,0.0389815575148999,0.0917024315899998,-0.0740906588819,-0.0423955156328,0.210509492243,0.0211322599896,0.088372419684,0.069259567374,0.0894738776908999,0.130840183618,0.0474738139732,0.00789175879296,-0.0193268203379,-0.0973111923209998,0.143191102175,0.183152070525,-0.257369231916,-0.0867816580604,-0.0318685143670999,0.0348599363959999,-0.0697228455633999,0.0088506868800998,-0.2189926541,0.000461769053215,0.0361251141193999,9.7577503898201,2.53222029678,3.23363123354293,3.21073488188459,0.0265475712438,0.90154,0.69401,0.72058
441800,440000,nationwide_score,0.753,15.1942769045525,5.3453107258675,0.235133841312,0.105874932583,0.546599496222,0.0308700536232,-0.180346003183,0.169702799126,0.0201187407287998,0.0316080057571,-0.0212211185902,-0.164804494129,-0.0290107239901,-0.161219101893,0.13496163621,0.0599795348327999,0.0380256025115,-0.259186098697,-0.0868667006019998,-0.0862485437327999,-0.131105172489,-0.0137289632854,0.114081328188,-0.0665363481058,-0.0123714595563,-0.154164029359,0.185184281873,-0.0862400463997999,-0.124975655724,-0.0863717910599998,0.198673713604,-0.0563287233439,0.0052633581207799,-0.00161006513701,0.119292404051,0.145583816803,-0.0211321116436,0.00839274363745,-0.0065341911736998,-0.051371572123,0.117688854398,-0.169412789492,-0.0243423911981998,0.0419613808253999,0.0310136943149,0.0397396661027999,-0.0023359863485,-0.0565915411820999,0.171230126096,0.0503329708337999,0.11851593385,0.0422474328843999,0.129221338789,0.103760405872,0.0483349441483,-0.0164404445555999,0.022410490799,-0.0883106175706998,0.12307420391,0.214305698633,-0.273556166893,-0.10089393419,-0.0403264411892,0.0257649851778,-0.129267214038,0.000491996141613,-0.228445480658,0.00371074888831,0.0773316544461998,9.48048806261614,1.90469934455,2.6351826151237,2.51560096187571,0.0084681371395599,0.88923,0.68923,0.69713
441900,440000,nationwide_score,0.815,16.164979332277,8.35715715958365,0.13201463787,0.0325636951514,0.921755725191,0.0771125076506,-0.288707225334,0.156763523755,0.0157272737384,-0.0008363303096459,-0.133511887621,-0.104478920615,-0.0880927491465998,-0.264710373604,0.120227591393,0.0975070632930998,0.092598040975,-0.221198609031,-0.144159929412,-0.136969257274,-0.106811800389,0.086327895737,0.143938854595,-0.0299025386409998,0.0467983161621,-0.0511119273234999,0.16380473691,-0.0501392422411,-0.109137927849,-0.0631926689118,0.200241144553,-0.0507816772393999,0.0786034709255998,0.0186454265683,0.120812673352,0.190865464305,-0.011069914518,-0.0445702703597,-0.0292987784747998,0.0592242838757,0.0554503929448,-0.21179395683,-0.0041577817486098,0.0515510415271,0.0364036542538999,0.0201894868762,-0.0954251391497999,-0.0478318804859999,0.13033175147,0.0793200738973,0.0929881794571,-0.0078426306735,0.152384063473,0.139503618259,0.0299018808659,-0.00350914943302,0.0618698632670999,-0.174379749211,0.117343452486,0.192759903647,-0.305713133618,-0.00619048048071,-0.0360353579638,0.0780892146933998,-0.0615761629767,0.0544607695699,-0.144262916376,-0.0872326284296,0.0618166373142,10.4826079301158,0.593373594043,0.945064685561857,0.706370324985561,0,0.91538,0.73368,0.80602
442000,440000,nationwide_score,0.805,15.3039103677549,7.79976537993045,0.156517242076,0.0546111918235,0.869074492099,0.0648093930619,-0.266548749499,0.148824702491,0.0236594900918,-0.00243423044692,-0.102435676645,-0.0965731779784999,-0.0843836266755,-0.271137470041,0.130694894157,0.113327176727,0.0821635346384999,-0.230335438092,-0.134429898697,-0.144789137974,-0.0918719267622998,0.0674658902055,0.12934122818,-0.0533271540840999,0.0652336335621,-0.0758176894373999,0.171421464059,-0.0499425772373,-0.112693898928,-0.0670237421876,0.215322558059,-0.0440195861480999,0.0636458195436998,0.0178965875157999,0.117979027487,0.185496133923,-0.0100960094012,-0.0563784275081,-0.0088938624684998,0.0684450683419998,0.0558349221982,-0.191631511389,-0.0014703438624599,0.0470762176797999,0.042929756902,0.0360163827586999,-0.0901699004077999,-0.0382256604585,0.15543404274,0.0780583386646,0.112217755403,0.0053500928126599,0.143112724408,0.137523213753,0.0325039920613,-0.0141704489845999,0.0499339868361,-0.156920202119,0.123082963931,0.197226253413,-0.310137437639,-0.0113908784993,-0.0320019529078999,0.0732591483909,-0.0405052840459999,0.0467569509658999,-0.158083597383,-0.0686269671951,0.0524632026713,10.3661755486201,0.870712992814,1.40754618194533,0.90270819889217,0,0.93738,0.72462,0.76761
445100,440000,nationwide_score,0.748,14.7594168459764,6.67174078345291,0.194464347014,0.121091355797,0.642023346304,0.0289721765870998,-0.254598980169,0.152923260337,0.0406819155379,-0.0226680707303,-0.117671967827,-0.0906327345661998,-0.0789771994503,-0.262609552992,0.134926460922,0.0338417157727,0.0810188597155998,-0.253064009646,-0.110538349702,-0.135296534732,-0.109548336598,0.0605958788648,0.150942355705,-0.0395271561575,0.0297821067387,-0.0778567841273,0.191867628862,-0.0419162470837,-0.0950551714601999,-0.0701405134304999,0.189837322411,-0.064190047838,0.0552779387268,0.0171013575136,0.102010172659,0.191740459034,0.0211562152225,-0.0042492860974599,-0.0462180710196,0.0313513782162,0.0584066231747,-0.167198859947,0.0009961610084168,0.0387633537457999,0.0392030452742999,0.0680715500291999,-0.104085757574,-0.0567486773815,0.12914777654,0.0662131774894,0.112541973302,0.0237387454233,0.109472682206,0.151888364054,0.0359038393604999,-0.00636074409237,0.0706300156546,-0.15005942459,0.12742069891,0.182974587338,-0.29918855254,-0.0124438744056,-0.0323019345941999,0.0398064462041,-0.0585891890607999,0.0679563260746,-0.170059671885,-0.053525641433,0.0271420990392,9.75911562304823,1.56261275397,2.20325635344449,1.7789190774373,0.00057475126715,0.89846,0.67688,0.68945
445200,440000,nationwide_score,0.739,15.5346995135689,6.96040700184565,0.254931650236,0.101975622856,0.507168458781,0.0331162178468,-0.238376525337,0.159906030395,0.0412284332197999,-0.0299800397311,-0.107331318202,-0.0890583741192998,-0.0769248631370998,-0.243881579674,0.130963100011,0.0364700329841,0.0738013466413,-0.27318302501,-0.0888352909607,-0.116305252009,-0.11362254342,0.0481437596765999,0.152795065856,-0.0579922333064,0.020056152513,-0.0964166706581,0.211750064704,-0.0394523072785,-0.107252083003,-0.0773732783094999,0.194282926062,-0.057042413173,0.0380563503927,0.0037449775972299,0.117094084694,0.19655632937,0.0147772551052999,0.00591776246274,-0.039096250785,0.0184683389083999,0.0901799934018999,-0.170371153529,0.0046357384714698,0.0503457566011,0.0383952567863,0.0761000640016,-0.0974232347738999,-0.0767864453037998,0.147689983531,0.0439896910747,0.0918453929184,0.0334857419120999,0.0976629433502999,0.132990198889,0.0317440764796999,0.00389286667527,0.0609612620380999,-0.141324156746,0.127780617642,0.189888288295,-0.296008510534,-0.0476430484369999,-0.0316031079897,0.0234427573444,-0.0671221473841999,0.0656769035041998,-0.179631785863,-0.0369224780887,0.0503551081161999,9.74791984470651,1.67241174802,2.28160602704732,1.96130928362569,0.0022774557227699,0.89846,0.67145,0.67015
445300,440000,nationwide_score,0.762,14.6826114658156,5.72568910926326,0.252336254023,0.114023197131,0.436974789916,0.0264277102270999,-0.169475067989,0.179905199615,0.0258089838749,-0.0126164374484,-0.0199351101289,-0.130162719751,-0.0335785779538999,-0.183150172148,0.129699409639,0.0479328267545999,0.0655086978551999,-0.317639044497,-0.0333028101797,-0.0909221309498998,-0.101020225385,0.0166422144169998,0.121738609284,-0.115677654565,0.0130594365558,-0.173492917724,0.200562446994,-0.0735654368294998,-0.124095203188,-0.0939589866486,0.180468370557,-0.0312166952592,-0.0062049773300099,-0.0215008825606998,0.136172800975,0.169017499399,-0.0088745328299698,0.0153861716951,0.0048371086295398,-0.0055250154785699,0.130530511343,-0.147399270958,-0.0127093558588,0.0382941265955,0.0425403370826999,0.0582436701404,-0.0298951240981999,-0.0619444080485,0.215194619131,0.0190858308467,0.0871286176837,0.0492613403207,0.104976197674,0.0926389508359,0.0586493195606999,0.0052250111330399,-0.0127231838987,-0.0735189772616998,0.125309463153,0.213522516687,-0.242477208485,-0.0894187550408,-0.0417867976343,-0.000206223488591,-0.0878478055271,-0.0032676309769899,-0.236601496662,0.0238084611237,0.0599962478946,9.55894608233542,2.44595191013,3.16369451124211,3.09605407026927,0.0257642548037998,0.93262,0.68934,0.68746
450100,450000,nationwide_score,0.776,15.9845643726195,5.98453111323311,0.205020926158,0.0967842520817999,0.689142857143,0.04088465152,-0.161297700687,0.173774460188,0.0300353707901,-0.00668074833287,-0.0260007830582,-0.116745083494,-0.0728263596848,-0.19642419563,0.135492282367,0.0449104302922999,0.0945083332384999,-0.268437275569,-0.0649917225143998,-0.147988544841,-0.0984756449055999,0.0123525692359,0.107699989741,-0.0700670569117999,0.0176568425382,-0.141275096314,0.221928500463,-0.0712361152107,-0.131773939974,-0.0756211695738999,0.238092879553,-0.0201667527204,0.0043699003124699,0.0310308689884,0.115328904977,0.159062801514,0.0152640058536,-0.0170351565114,-0.0004173565860249,-0.00188736524428,0.0682911111679,-0.214592555231,-0.0139609449911,0.0414504764099,0.00489495256712,0.0268051443799,-0.0388516097145999,-0.0771659475305,0.157306011043,0.0368765197327999,0.105931221609,0.0318795539712,0.117233140927,0.0814611722059,0.0348220214534,-0.0144549364783,-0.0101934308144,-0.10473071822,0.111022035819,0.19867639829,-0.272717724713,-0.10115867092,-0.0367856869259,0.0677139967575,-0.0744152107309,0.0159734371306,-0.22689273918,-0.00262284525134,0.0683464403919998,10.1234018038407,2.28058345595,3.22302165323711,2.9852770202729,0.0278149670185,0.88769,0.72429,0.72711
450200,450000,nationwide_score,0.782,15.241025872622,5.41465516577842,0.192835127143,0.113546099933,0.699519230769,0.0359400003984,-0.134495789651,0.168068080739,0.0191771990272,0.0414208685200999,0.00359809164682,-0.170803767085,-0.0617524945338,-0.129369558173,0.125092772453,0.0554403737685,0.0686198119369998,-0.256134556172,-0.0671584303313,-0.138387722181,-0.162529791974,-0.00859889882007,0.0971748732181,-0.0697147225026999,0.00240632518186,-0.156178985003,0.188262820881,-0.0947167401060999,-0.121646345643,-0.0923908328080998,0.245777276687,-0.0308358944596998,-0.0218034549932,0.0555342440376999,0.114263050922,0.120209771393,-0.0009911663412368,-0.0154362981617,-0.0133606961598,-0.0669171305864,0.0595816105543,-0.206078122112,-0.0285563422785998,0.0492849184388999,0.0223024522875,0.0173170657616,0.00743309302989,-0.073358516047,0.119747454724,0.0488327405223999,0.115408515096,0.0390549243723,0.135178301525,0.0752453446031998,0.0518228892919,-0.0431845135788999,-0.0215914429513998,-0.0868595836143998,0.123534259579,0.211517119708,-0.283902682977,-0.125380863449,-0.0424841661764,0.0305565070289,-0.106324390111,-0.000745007637676,-0.237170815733,0.0059146147598298,0.0778993480044,10.3266111325354,2.82936145241,3.59981585039866,3.83578254239021,0.0639817971441,0.87692,0.70142,0.77822
450300,450000,nationwide_score,0.757,15.4108497488586,5.18901340036424,0.198621133851,0.135745936704,0.525354969574,0.0252537195280999,-0.109702870962,0.136700042806,0.015398344008,0.0747999108698998,0.0338473816251,-0.17503440047,-0.0377180456036999,-0.116221519732,0.147265852318,0.0372222870009,0.00871855577858,-0.26682595492,-0.0489160969336,-0.126170126882,-0.204125469656,-0.0332949345400999,0.0937747732577,-0.108402443104,-0.00113278697322,-0.189330031061,0.165330182434,-0.130472887244,-0.105766968475,-0.0768854084809,0.235610738496,-0.0087079335599,-0.0425280844693999,0.0833105042364998,0.0987825545447,0.0790292224176,-0.0084527212681099,-0.0090720034901299,-0.0244079034142999,-0.0736962217933,0.0951770508206,-0.229336259838,-0.0522005417766,0.0622736795963999,0.0267388722824998,0.038922883535,0.0756061297292,-0.0862972203859,0.142586363876,0.0376933572393,0.108670973094,0.0464700708416998,0.118514820178,0.0679179790906,0.0794758038510998,-0.0633443426203,-0.0275247933996,-0.0443646463186999,0.10855933062,0.232241340458,-0.260423933544,-0.141974518457,-0.0324207380228,-0.030675491355,-0.0988947755957999,-0.0515015147254,-0.254372364719,0.0289498752428999,0.0896466170354,9.79988591285837,2.40909484931,3.1814450615345,3.06859278752197,0.0238823358421999,0.90462,0.6948,0.69153
450400,450000,nationwide_score,0.741,14.8522477975242,5.41890416353097,0.267137276996,0.111967905227,0.567375886525,0.0350260512892,-0.155887767293,0.164493474559,0.0202437508916,0.0204673227660998,-0.0097205695238899,-0.153742812851,-0.0279306150685,-0.15189421268,0.149077085325,0.0294868808516999,0.0242695856893999,-0.319369978007,-0.0432967430795999,-0.0965833936572998,-0.133787320453,0.00317898513464,0.118003271516,-0.098331514364,-0.0142803613855,-0.167765104194,0.184250871519,-0.0739809950934998,-0.11249409747,-0.0636494104762,0.180854197891,-0.0246466332135,-0.00237638638514,-0.0069398617583699,0.11858089104,0.142099445821,0.015367396506,0.0160596685635998,-0.0180236386183,-0.0540242657084999,0.0966775188119999,-0.214940181495,-0.0314016241369999,0.0607113706576,0.0282774247684999,0.0442433964394,0.0216006191850998,-0.0789745069018999,0.20669145748,0.050445126833,0.104827018944,0.0288439756257,0.132614157257,0.0823286505953998,0.0516550415354,-0.012006585354,-0.0163157949567999,-0.0600786510245999,0.103096730289,0.225271837042,-0.249248322602,-0.105875679903,-0.0305497443169998,0.0164695850877999,-0.110568026665,-0.0028349545401099,-0.227685218727,0.0214522966375,0.0715863783637,9.21753992480211,3.33076210661,4.45466324521196,3.98887279900798,0.128307011762,0.88923,0.67937,0.67302
450500,450000,nationwide_score,0.792,14.4306967375949,6.18727096824684,0.219290720795,0.104437437114,0.583783783784,0.00883236978579,-0.146827556749,0.169039720263,0.0473741080284,-0.0550627315453,-0.0031947529391999,-0.0628142438667999,-0.0380312037403,-0.203558079257,0.161117844448,0.0373246616068999,0.0628055028693998,-0.309428832358,-0.0180177218115998,-0.129603133745,-0.0595715993422,-0.0279739856912,0.112822826285,-0.0768618486258998,0.0270487760911998,-0.15017109403,0.272930457246,-0.0149461245119,-0.109095893872,-0.0710172562249,0.218549567394,-0.0041418673765099,-0.0166839184512,-0.00311922465859,0.150214250911,0.195866567558,0.0772711668073,-0.0214702193605,0.0367439983535,0.0270298656946998,0.125459937379,-0.172014681866,0.0352082260206,0.0558200963403,0.0171015439736998,0.0749051325184,-0.0477214514575,-0.0734722378793998,0.195381465972,0.0162141753242,0.0977624356556,0.0593532902895,0.0667788099052,0.0787642157031999,0.0375348973526,-0.0097580509358898,-0.00151611650557,-0.108007412234,0.118779070708,0.176225092954,-0.268791934791,-0.100177270913,-0.0164531230633,0.0460931193358999,-0.054718679785,0.0117721949000999,-0.211286945099,0.00601921775571,0.0514684170715,9.74016002912377,2.3769129547,3.09053340852152,2.68156010027503,0.0103356377473,0.92308,0.70512,0.76309
450600,450000,nationwide_score,0.775,13.8643016745142,5.13410103044618,0.241139220281,0.0911043432703999,0.609523809524,0.0194538854291998,-0.136845514669,0.154748223075,0.0306540704279999,-0.0346861642707999,-0.0134226407565999,-0.105044675122,-0.0461059481769999,-0.180427448509,0.144035128038,0.0388325285086,0.0975063856873999,-0.285982478957,-0.0242162256445998,-0.113518491894,-0.0764607784185998,-0.0019872315498799,0.105028633454,-0.0949775223263999,0.0147870848822,-0.174606665931,0.246085673514,-0.059361977415,-0.119629161517,-0.0983695422882999,0.212799136916,-0.0358412292315999,-0.0262056757324998,0.0216440266094998,0.12604164741,0.164165568391,0.0497267141578,0.0069121273964699,0.0073242170957,-0.0322429176959998,0.0743168724767,-0.148370257848,0.00493443107423,0.0392756062129,0.0088996945698899,0.0508522844486,-0.0462654884456,-0.0442054406950999,0.190879233893,0.0276226850265,0.0949361306280998,0.0292138694834,0.0981738003957,0.0884585228704,0.0349777214642,-0.0188540668012,-0.0352069655267,-0.0587679492636999,0.125828311799,0.183009942758,-0.259545405143,-0.114777331222,-0.0397073802995,0.0416338774949,-0.0842485127987998,0.0183317477679998,-0.232129868715,0.0160636450753,0.0430590968455999,9.41892512306926,2.86347682058,3.5148602058677,3.20472413277196,0.0412043063655,0.87738,0.69253,0.76595
450700,450000,nationwide_score,0.739,15.012459049468,5.71527916149504,0.288904196134,0.104214510181,0.419939577039,0.0125061880909,-0.113874938793,0.171230711448,0.0352678565422,-0.0175429747875999,0.0167569304126998,-0.13702716863,-0.0245544697064,-0.153790015328,0.153221531783,0.0154353875984,0.0760217179299998,-0.318209549008,-0.0150319315839,-0.105885357813,-0.0877252171750999,-0.0267023461881998,0.0953139997671998,-0.08609908677,-0.0033793439572899,-0.186660403241,0.23396642174,-0.0668648556244998,-0.133177816312,-0.0870294321596,0.237509082921,-0.0402845909904,-0.0259680419646,-0.011193784791,0.136350222969,0.161112521181,0.0505337523070999,0.0156301119448,0.0110027890956,-0.0525318836035,0.107030151738,-0.17101947136,-0.0014227016061398,0.0597943432112,-0.00228485306895,0.055185005362,-0.0044204374401,-0.0705364285813998,0.205732946263,0.0339414748056,0.0797418301083999,0.0460366320642,0.10421966835,0.064719799179,0.041696996976,-0.00794145099016,-0.0532136444868999,-0.0613876222103,0.112729192606,0.207819685848,-0.252808008204,-0.151431310974,-0.025239530573,0.0213818207898999,-0.0926589879703998,0.0122374578491,-0.245584565101,0.012945897805,0.0630068483384,9.40603609258824,2.74889193169,3.57353226877172,3.03814197422232,0.0412579597736999,0.87692,0.67007,0.68748
450800,450000,nationwide_score,0.721,15.2787661917017,6.01179639858666,0.26553808411,0.110685388942,0.5,0.0098039949048599,-0.142491707047,0.165505757224,0.0193192193398998,0.0122296612178,0.0362474219358999,-0.147627079361,-0.0393545441138999,-0.141449005315,0.169037001705,0.031619639163,0.0173292340846998,-0.296302555111,-0.0361473965045999,-0.117263213273,-0.117224003372,-0.0579371271248,0.0944301145764998,-0.0933797013722,-0.0203661018329,-0.192053725426,0.204316120606,-0.0866044144219998,-0.0999573902855,-0.0646912140261999,0.223208625431,-0.011106617451,-0.00553676138978,0.0088080337722,0.113261183341,0.134874645243,0.0107953992579,0.00044190664943,-0.0176076964556,-0.0409372926210999,0.127061122385,-0.237776735284,-0.0287626261840999,0.0573383399474999,0.0250750980041999,0.0534496181315999,0.0454359086061,-0.107251476859,0.17783639447,0.0425090792594,0.106343404524,0.0600604134957999,0.102094602614,0.052434937637,0.0653272972632999,-0.0221637549677,-0.00605594410535,-0.0799908435408999,0.076152419656,0.226091296816,-0.262979855631,-0.139057900271,-0.0221763025163,0.014697514956,-0.0952258575554,-0.0216384677140998,-0.240155231307,0.0237189370763,0.0897066540318,9.16174373074664,3.1623143259,4.12948897068621,3.73941248464952,0.103202693546,0.86831,0.67204,0.64318
450900,450000,nationwide_score,0.729,15.5733686479304,6.11568522172631,0.291419715519,0.105411125176,0.498275862069,0.0121019997876999,-0.144752240343,0.179912572373,0.0437696960076,0.0074540825276099,-0.0124688432677999,-0.116963291872,-0.0262557161347998,-0.142690402256,0.134471073826,0.0112933900051,0.0381205600373999,-0.332467779316,-0.0290309620808998,-0.0997670114535,-0.113534512004,-0.0241425369124999,0.115458199255,-0.102908521758,-0.0238910513182,-0.172008848326,0.22125002015,-0.0775351332643,-0.117199776272,-0.0810275374097998,0.193073378876,-0.0134245259133,-0.0293581071288,-0.0323328158406,0.125543064095,0.162255637903,0.0281508432938,0.0189587148054,0.012419280623,-0.0452695640539,0.127772176463,-0.192422799007,-0.0220928079879,0.0465723521182999,0.0036680822438199,0.0767829907572,0.00132767485603,-0.0748921248616998,0.202489456119,0.0296864033937,0.0909588856613998,0.0497001668171999,0.085664710997,0.0878905988007998,0.0462574891890999,-0.0065391390851298,-0.0309446496152,-0.083962990094,0.110903434113,0.218728901133,-0.253120484589,-0.121642729932,-0.0311645093821,0.0056781012504598,-0.114094759015,0.000562099945089,-0.243195362232,0.0129170559173,0.0627872506867,9.472092114673,3.0892935697,4.0643189826093,3.59023201919851,0.0943663366355999,0.89231,0.68012,0.63845
451000,450000,nationwide_score,0.73,15.0908736377065,4.60336896524343,0.225055561398,0.11307781247,0.432960893855,0.0478096115948999,-0.0593935576576999,0.162046219275,0.0412573463978,0.0701499054317999,-0.0318833091780999,-0.168801207679,-0.0069440682406299,-0.128367896834,0.125597531447,0.0299183436550999,0.0072143919426299,-0.306985364147,-0.00259357558812,-0.0955971574128,-0.170396784909,0.00679988698582,0.0994497008069998,-0.148343089958,-0.0678566818102,-0.204050439955,0.176042252819,-0.102056663142,-0.1321039902,-0.0876862297329999,0.134677550335,0.0675487818269999,-0.0576172042823,-0.0168337500171,0.0782584092708999,0.0701550861700998,0.0363010374589,0.0254176497199,0.00200822437449,-0.0585981421578999,0.0366504299812,-0.207304622776,-0.0348756133409,-0.0249444283495,-0.0133268730863999,0.0183078330695999,0.0205151480637,-0.153161570902,0.178327242626,-0.0230960248658,0.101537296358,0.0170266822152,0.121769521788,0.00129518514624,0.0361275421721,-0.000999048899946,-0.0561082518794999,0.0154348547491,0.0920453241391998,0.210080795314,-0.200967130126,-0.12589317822,-0.0780486659348,-0.0861122667866,-0.183625313497,-0.0433733426334,-0.236150932348,0.0490638874926999,0.0639462963152,9.27046430981209,3.40083713039,4.39311519347997,3.75440258680695,0.145852157445,0.88462,0.65559,0.66949
451100,450000,nationwide_score,0.741,14.5136457775476,5.14761517266373,0.274930164146,0.113954077614,0.492537313433,0.0096014480706399,-0.13498357732,0.166147939795,0.00286904221226,0.0511510714889,0.0304170928996999,-0.153599844603,-0.0276234018582998,-0.130458350245,0.143195587438,0.0300732142608,-0.0244055406034,-0.290710415168,-0.0273296948816998,-0.0966858118164,-0.160794749377,-0.0699873050467998,0.109913461509,-0.0777715569302,-0.0146011630821,-0.190136556782,0.186976385308,-0.0774308789168,-0.0981143461921999,-0.0910327590693,0.197451137994,-0.0231293805081,-0.0166314152853999,0.0184886367112,0.104886142793,0.114675209682,-0.0105744753415,0.0117047559329999,-0.0413876350368,-0.0634630358717,0.124033667199,-0.236894320406,-0.0374965192482,0.0728238101544999,0.0308804641119,0.0474985573100999,0.0513142607149999,-0.114689351099,0.157757816044,0.0346702185220999,0.130343088065,0.0598087560598,0.119257617024,0.0627560435796,0.065143350727,-0.0167375703571998,0.014753408156,-0.0565440157101999,0.0808953485229998,0.240356066446,-0.256818839173,-0.143284150579,-0.0268865016037,-0.0329955470252,-0.136733012888,-0.0426770897384999,-0.236745577163,0.0444122476266,0.0705697256942,9.10839854986749,3.15598297975,4.0050717745242,3.79529234853068,0.0826998431628998,0.91062,0.6654,0.67033
451200,450000,nationwide_score,0.713,15.0451514014364,4.63634224043278,0.252292523157,0.120855964589,0.450292397661,0.027514648768,-0.0464041132302,0.165889395878,0.0460936735308999,0.0716613812707,-0.0128565524835,-0.183265675683,-0.0250257761051,-0.111001819336,0.108619885444,0.0265200122351,0.0494928728192,-0.286028626913,-0.0045051793425299,-0.115223373073,-0.174385209958,-0.0044437383968499,0.103589334417,-0.127256973548,-0.0503385700603999,-0.194880396207,0.174307819006,-0.120420289687,-0.133084542276,-0.0997302099922,0.163558346786,0.00245358658865,-0.0660358431608999,0.00335810924118,0.104482392904,0.0746063939958,0.0280354664482,0.0279868947532,0.0112722841563999,-0.119319846056,0.0530464195224,-0.195214245855,-0.0309680647908999,-0.0011215710812199,0.0069246290120399,0.0498665202649,0.0310407020363,-0.0995624984325999,0.142552351214,0.00705349637556,0.127694815945,0.0552384589478,0.13436189159,0.0654414915973,0.0448160061121,-0.0332057648424999,-0.0658193551577,-0.0142049563569,0.121733741485,0.213221589274,-0.228367211246,-0.16292181253,-0.0653713283297999,-0.0241973242934,-0.171248503673,-0.0505916444375,-0.249505422201,0.0573184416242,0.0764510240677998,9.00197739862778,3.51755146585,4.60845397302294,3.91192103699154,0.176008179761,0.89138,0.65415,0.62121
451300,450000,nationwide_score,0.732,14.5478789324466,5.05320902607428,0.235184595468,0.119727788731,0.485576923077,-0.0009544594039948,-0.120258117555,0.190824555741,0.0161777481874,-0.00722497990494,0.0253002903325998,-0.161901913002,-0.0344033497339999,-0.137777823884,0.132064498681,0.0310156241802998,0.0531139167938999,-0.282243775864,-0.0466178699521,-0.111516727308,-0.103208713102,-0.0571857878849,0.102838335637,-0.0766904729642998,-0.0080221914413699,-0.198166487886,0.222600509345,-0.0746907832129,-0.124004360469,-0.0913686616755998,0.241943907738,-0.0385217497481,-0.0233066187351998,-0.00280650017672,0.127185646017,0.138618573973,0.0025318204844499,0.0124876897245,-0.0035969794078599,-0.0625941681230998,0.119873280307,-0.196526705768,-0.0159736473079,0.0494526122282999,0.0022313674660099,0.0432259797765,0.0168643844433,-0.100003531705,0.15859676895,0.031523723989,0.109960158548,0.0632069883064999,0.0937372174989,0.0628379903275999,0.0476441834213999,-0.00788830787529,-0.0045886153954999,-0.0753486857742999,0.102317262621,0.209567293739,-0.251536762714,-0.152104321718,-0.0286576610186,0.0126444282688,-0.118878914618,-0.0131541858729999,-0.253952379616,0.0214827089541,0.085825340117,8.73875472276574,2.71445818005,3.58969531751111,3.08333298361943,0.03921944773,0.88462,0.67552,0.6551
451400,450000,nationwide_score,0.707,14.5526751024098,4.79932964656988,0.211132055095,0.120719485763,0.44019138756,0.0333342541393,-0.0672586959792998,0.196138167021,0.0472537963666999,0.0218769248832,-0.00795545770735,-0.104544387636,-0.0127321149457,-0.14074215938,0.116753251196,0.0214243158563999,0.0732573429505,-0.318203408587,0.0275346018346998,-0.110547809949,-0.0960312855902999,-0.0111913708978,0.097588918817,-0.110679206709,-0.0188830872901998,-0.224803953537,0.248341897956,-0.0639705547603,-0.135098928304,-0.108796767819,0.179089898484,0.0296326737169998,-0.0617435777987999,-0.0256800347507,0.100111441073,0.121370310614,0.0486671943944999,0.0313695549348999,0.0237054317689,-0.0288222241972,0.0828006207070998,-0.191414928903,-0.00742651989601,0.0062809564052,-0.0193307506285998,0.0666735731305,-0.0256894143668,-0.105812305782,0.216450515148,-0.0394694439568998,0.109446708599,0.0485192491507,0.0817703001994,0.0274582756866,0.0362767889264,-0.00577847445735,-0.059282345871,-0.0241159207760998,0.0966693455087,0.195228891809,-0.208340661858,-0.146241967985,-0.0721170483617,-0.0070564516801499,-0.140617869965,-0.0311479465294999,-0.249702857205,0.0642636236958998,0.0625799491739,9.29498183768002,3.11299927734,3.98403993549812,3.38172441716722,0.07632139323,0.88462,0.59098,0.67501
460100,460000,nationwide_score,0.801,14.8767674061093,7.05731758467039,0.184172775679,0.0789205776636,0.81660899654,0.0461811342399999,-0.178157647095,0.16267773049,0.068317913903,-0.0638156138037,-0.0619240676108,0.0439572944344,-0.0718798037106,-0.223903579562,0.111514270633,0.0520854168632,0.108764356686,-0.321957359599,-0.0126704261960999,-0.188974418321,-0.0756049857512,0.0845753250848998,0.0823004733942,-0.136804896176,0.0245795280778999,-0.150438730472,0.301300363979,-0.0095482838690699,-0.0499458396462999,-0.0568987611019,0.189708049314,0.0913967105105999,-0.0374357580148,0.08686315055,0.116561516426,0.163379215823,0.0387175996406,-0.0526421669025,0.0205226655419,0.110430007743,0.0026247681594099,-0.203143405881,-0.000831408883973,0.104864397782,-0.0324364014347999,-0.0240805810878,-0.0982818580027998,-0.0585814482039,0.215018021833,0.0101364545289,0.116916867456,-0.0397859562242,0.0591784232137,0.0631050900663999,0.0430714127930999,-0.0298870232705998,0.0104337346913,-0.126888354719,0.107098128601,0.140389626142,-0.229662977772,0.0437780211945,-0.0375829244995,-0.0246463955072999,-0.0347489038148999,0.0390269508731,-0.131704026099,-0.0478079123944,0.0163875020442998,10.2724409760262,1.24470950913,2.0206493419266,1.58462145056202,0,0.90615,0.75734,0.74928
460200,460000,nationwide_score,0.794,13.8547322326556,6.04499032607296,0.176267147619,0.0627344166663,0.701923076923,0.0271892916652,-0.19194262323,0.15993194267,0.0427504548242,-0.0979580863867,-0.0355429977181,0.0852285502686,-0.0322559265344999,-0.232297932547,0.128623334543,0.0193579479407,0.0562112891925,-0.343558766193,-0.0121957248847,-0.151384918996,-0.0353567614381,0.102296271365,0.0928248302705999,-0.113766091216,0.0489757332831999,-0.132190582093,0.301683177009,0.0202958367892,-0.0621718776293,-0.0397090298928,0.148261309446,0.113345249774,-0.0342116951860999,-0.0343350628051,0.147592160069,0.162144004936,0.0668402626111,-0.0436583318344999,0.0329903908938,0.0848044645173998,0.0095177222757399,-0.132547775051,0.00312510927985,0.0648719127951,-0.0182231619192999,0.054976132596,-0.124762170849,-0.0774741523882,0.249281198425,-0.0109544165074,0.121126448025,-0.0252649157624,0.0447440209767,0.0335345667128999,0.0266343805383,-0.0210223710538,0.0212402530262,-0.144661579595,0.0987561128703998,0.151284666219,-0.191124802576,0.0458275377199999,-0.0036799212715599,-0.0380535046613,-0.0310188483995,0.0661153763047,-0.136737130356,-0.0530852582408999,0.0031806330470899,10.5089021170551,2.08968720489,2.32568151673008,3.28576927760395,0.024229840147,0.89231,0.7363,0.76152
510100,510000,nationwide_score,0.821,16.8576492520651,7.28792537502882,0.133996151551,0.12400182659,0.787589498807,0.0589877983649,-0.113248814669,0.139764786049,0.0498190624835,0.0794092972573,-0.00614303861418,-0.183442997874,0.0171039374285999,-0.114790046228,0.117148224452,0.095536429268,0.0177580791074,-0.107026483459,-0.0180837347842,-0.151989127632,-0.243773864836,0.0174459307268,0.0837039838765998,-0.113207749487,0.0224854892129,-0.174462399772,0.124472173123,-0.0269056160624999,-0.0552679089463999,-0.105603032083,0.18974771604,0.10561726395,-0.0571748559062999,0.16542206441,0.0690432875177,0.029043840997,0.00171395268581,-0.115637237837,-0.0288395069979998,0.109002283756,0.0495864149428,-0.309656043127,-0.0189922606915,0.0682980587114,-0.0325354074258999,-0.0291727714944,0.0263370868213998,-0.118438382541,0.0728755194802998,-0.0254837582567,0.142938978097,-0.0481763468421999,0.112234579056,-0.0178388511599999,0.0757660617854,-0.0549953464254,0.0641851745178999,-0.0467653912901999,0.00603359886341,0.227496723689,-0.313799656249,-0.0794311264475,-0.0757194032593,-0.228719411188,-0.108255311338,-0.0996306844762998,-0.228293097635,0.0138901607556,0.0987815563452,10.5649624904005,1.2616680026,1.72043127075795,1.9863599542975,0.00196831031921,0.94646,0.73513,0.79601
510300,510000,nationwide_score,0.758,14.7277936700472,6.34767581550841,0.159793868509,0.196198683613,0.55421686747,0.0404380220617,-0.0600374613722,0.136310455296,0.0515104472527,0.0865095336374999,0.0181107634890999,-0.210990089314,0.0735395127246998,-0.0774190847367998,0.139755519663,0.104851033214,0.022009449999,-0.215621574193,0.0144604966195,-0.127739917399,-0.169586071513,-0.0472962370672,0.0640043253265999,-0.178648134495,0.0022675561984799,-0.207872656153,0.17051352188,-0.0119812619115,-0.0718166573462,-0.0896888703759999,0.170506477084,0.0960977687737,-0.0496027008371,0.131267493551,0.114771380224,0.0523057682334,0.0468829664766,-0.0527555022304,-0.0167095312145,0.0398271651186,0.0804616480442,-0.304301939671,0.0105976795833,0.0942711862044998,-0.0123398961193,-0.0261389870719999,0.095200079891,-0.09806628705,0.140888111578,0.0099765029451199,0.108245962723,-0.0285418871541999,0.140133237067,-0.0699718228026,0.0792122226153998,-0.0108206358268,0.027051414068,-0.0373561184175,-0.0187452731457,0.230633368718,-0.291318170366,-0.120788510551,-0.0186238855523,-0.190999101957,-0.0668677852887999,-0.122080635635,-0.230329942964,0.0337474877503999,0.120917461703,10.0617483628333,2.28416242881,3.18375640669132,2.94519815537714,0.0292376323788,0.88615,0.66694,0.7362
510400,510000,nationwide_score,0.79,14.0061317440189,5.10296852247615,0.141722853028,0.143970342667,0.694214876033,0.102382166508,-0.20955485423,0.173786798666,-0.0071945621892099,0.0427835483114,-0.0875928438029,-0.094252087488,0.0841032513106999,-0.163255208662,0.0691172346220998,0.0875670150019998,-0.0776110593859,-0.322940630892,-0.0442648679142,-0.00926910177679,-0.162480546345,0.0004979743941068,0.0817415930572999,-0.109013609776,-0.0566943757088,-0.141554750004,0.130304032092,0.11760917861,-0.115795043977,-0.0537644614199,0.0284842941111,0.0740448272008999,0.0213146068632,0.0570135370324999,0.0273596036649998,0.0514333536474,0.107621801471,-0.0300880873417,-0.0378463911147,0.0722505673841,-0.10661884119,-0.092335892596,-0.000705085101065,0.0582450193828999,-0.0336567829181999,-0.0548745022484,-0.0242959323824,-0.224013054478,0.18042066011,0.0917365518584,0.114102563411,-0.0687270177732,0.15099385322,-0.105300141707,0.0198770770844,0.0172522415676,0.0965705392584,-0.027884217331,0.0430552763185999,0.225183063963,-0.15424446906,-0.0585441909118,-0.0716247145464,-0.217109533657,-0.201167727237,0.0830547106074999,-0.16839915585,-0.0081090975709998,-0.0340852604028,9.87480405305574,2.65273899733,3.19036375549354,3.79082842135848,0.0541957102319999,0.90123,0.68726,0.79521
510500,510000,nationwide_score,0.751,15.2647799529873,5.85552581130935,0.183903990426,0.16182050728,0.50234741784,0.0362569437075999,-0.0362566194054999,0.109464325977,0.0548456057006,0.0970669535307999,0.0057625100309399,-0.187882933556,0.0439522873972,-0.0671260251811,0.147441474714,0.0791107747987,0.030153681017,-0.221264757925,0.0111479392343,-0.165879891583,-0.200321354538,-0.0276136631734998,0.0541099015628,-0.193658190839,-0.0106020019479,-0.201616633991,0.153588940276,-0.0723477353261,-0.0661167883050998,-0.0986619326654998,0.149291223693,0.0883646111367999,-0.0715403824677,0.136999507474,0.10094305922,0.0378578813449,0.0548381370968999,-0.0401982025443,-0.0176763455598,0.0392259530008,0.0595205593496999,-0.27030825458,-0.0132815391652,0.0672881823585999,-0.0148437624556,-0.0255652421772,0.0787483779075,-0.0939221649195,0.116458114151,-0.0176418837658,0.101572709251,-0.0239730442733,0.128586167039,-0.0444208008911999,0.0752819802368999,-0.0387135924509999,-0.0202476195336999,-0.0036692528490799,0.0350106192050999,0.22046190145,-0.293691995558,-0.108235996754,-0.0506619256462,-0.207459977977,-0.0864674522491,-0.129128993494,-0.246913660012,0.0382126150666,0.117366163302,10.0774103822156,2.52643109799,3.39822067069748,3.18648838508843,0.0436688076105,0.90262,0.65645,0.7159
510600,510000,nationwide_score,0.77,15.0567794360512,6.37488522136153,0.133196563557,0.186540570507,0.557803468208,0.0360183439591,-0.0789598678579,0.162965076793,0.0299433749995999,0.0737281609274998,0.0474517032744999,-0.189764090367,0.0349680522694,-0.078446128423,0.118761922601,0.0774866272748,0.0028763474014,-0.124160692435,0.0121681519324,-0.0976970526629998,-0.212131363504,-0.0350380239134999,0.0738218047364,-0.149075851967,0.00341935726294,-0.185601565465,0.123773975109,-0.0274992812005999,-0.0717530351683,-0.101452577902,0.201339550151,0.107109286021,-0.0669707811072998,0.1446381248,0.0871386583136,0.0514989054843999,-0.0024774606610499,-0.0899776427088,-0.0243274500721,0.0629234643564,0.104914496913,-0.292212595931,-0.0085886963787498,0.0639652315426,-0.0108880370534999,0.00462834843614,0.0576948133684,-0.132739701668,0.0862186019679,-0.0233450307989,0.120682227362,-0.0206655679691,0.0962486194128999,-0.0524437070672,0.0757525404754998,-0.0295756839896,0.0620018363461999,-0.0568280626963999,-0.0179042596044,0.22512224674,-0.28592069421,-0.110343896762,-0.0378634914517999,-0.252911548094,-0.109268473091,-0.125535369123,-0.245367695205,-0.00215969058851,0.115407283169,10.1105785552862,2.07473600268,2.99006381045508,2.70113938765873,0.0161899257482998,0.89231,0.66946,0.76325
510700,510000,nationwide_score,0.776,15.3986047003976,5.48632687561906,0.14344043242,0.168749090237,0.517453798768,0.0391836761027999,-0.0684139737400999,0.159419144638,0.0264030757895,0.0747172885495999,0.0399112245887,-0.21756826257,0.0656341782885,-0.0858277814835999,0.126656832425,0.0718498168179999,-0.0098729446424999,-0.138686325754,0.0116322096269,-0.102088862707,-0.221320262011,-0.0215088561556,0.0894742423381,-0.159313182055,0.00611637638575,-0.175342520046,0.114256820433,-0.0185967448761,-0.0816246178029,-0.0900093045421,0.18331592989,0.100308709873,-0.0706971365354999,0.131922238636,0.0921310704808998,0.0401945907845999,0.0260537407787998,-0.0737297911015998,-0.0219069242927,0.0354840951129999,0.0864242405205,-0.28829423233,-0.00827911176397,0.0617834859604999,-0.0070810427490099,0.000338563042533,0.068385631409,-0.116196223914,0.0920233117671,-0.0239135499535,0.128071658805,-0.0165362743351,0.103846160226,-0.0358069534759,0.0596231720804999,-0.0160749152692,0.0460258941470998,-0.0344629395492,0.000763662662835,0.219292722989,-0.281625915321,-0.115378982797,-0.0371437095295,-0.252735466237,-0.105546627121,-0.122728832491,-0.254986202464,0.00665132440154,0.103532915865,10.2622299778847,2.50106958499,3.34528656015632,3.51535741898184,0.036017873608,0.92769,0.67411,0.74596
510800,510000,nationwide_score,0.739,14.6527585153983,4.95973883444748,0.155855446625,0.173344100565,0.471861471861,0.0192524473183,-0.0414711449842999,0.140901108361,0.0155607493046,0.0806004216119999,0.043564762658,-0.220333888417,0.107703420651,-0.0662560050773,0.128216582717,0.0509087407307,-0.0211133965452998,-0.150723481219,0.0214139224982,-0.0992813288434,-0.248069599609,-0.0236187048901,0.0809462727918,-0.185155976032,-0.00774010566319,-0.165957084616,0.0789783588169998,-0.0223730591521,-0.0902668006345,-0.0738851896509,0.128599681646,0.0683517867379,-0.0810604370621998,0.13483917476,0.0878072050019999,0.0198413926092999,0.0598623031406999,-0.0427128519682,-0.0052959181175799,-0.0069716013118099,0.0678605564166,-0.248179387698,-0.00988045013376,0.0577306606122,0.0209877942464,-0.0154255627855,0.0865521852045,-0.0866871064417999,0.088521263651,-0.0476752161831,0.122878785678,-0.00138581561142,0.112590185843,-0.00627713103189,0.0321234938115,-0.00835339018872,0.0143551057659999,0.0212328433621,0.0517389408264999,0.195481791412,-0.260298222297,-0.124831428452,-0.0542006939547999,-0.304738435065,-0.10888220895,-0.121758017109,-0.286744041656,0.00450281359692,0.0864242697985,9.80643156397986,3.14701618121,4.24848031012216,3.72779680619059,0.118654559234,0.88308,0.6609,0.69202
510900,510000,nationwide_score,0.749,14.8522477975242,6.27353872032861,0.157540271341,0.18277764501,0.570921985816,0.0385387216323999,-0.0655809800835999,0.14105428332,0.0396840097613,0.0833806013647998,0.0259816587792,-0.188739021576,0.0638489800609,-0.0880543128778999,0.130333130013,0.0822886125325,0.0175304932549,-0.18478438102,-0.00218567709742,-0.123391249095,-0.192589705868,-0.0213682577459998,0.0778332141814,-0.154539602213,0.0258239788520998,-0.192881534973,0.149870932463,-0.0362162162714999,-0.0755417241164998,-0.0778565585790998,0.193503783889,0.0959975882189998,-0.0496666071012,0.133427057254,0.0918163983415,0.059895002,0.0354504734361,-0.0747821621100999,-0.0228013412112,0.0384778223356999,0.0927997241473998,-0.308283485672,-0.0127225658119,0.100043434334,0.00801437099828,-0.013296335494,0.0911844868142999,-0.086135331696,0.118320620872,0.0126657269843,0.132157450988,-0.0206330905719998,0.133931110266,-0.0218096787963,0.0706777723783,-0.0262147839682,0.0338278433443,-0.0410313342577999,0.00583081437359,0.233225862911,-0.285724049011,-0.106837703384,-0.0176423888818998,-0.184201373931,-0.0801348498595998,-0.111335255299,-0.235743273547,0.0174337977328999,0.103459738699,9.7156086674654,2.17346554797,3.12364668121036,2.74649097999351,0.0201595810232,0.89231,0.65999,0.71209
511000,510000,nationwide_score,0.743,14.9597336763557,6.37030061287177,0.157924721725,0.184851062795,0.5,0.039459683537,-0.0571926151132998,0.138375854873,0.0385772240435999,0.0776749551800998,0.0241923494753998,-0.203878228618,0.0748325572124999,-0.0720956674545999,0.134458791849,0.0952962872988998,0.0140408789695,-0.208700749788,0.0147164430768999,-0.120574345776,-0.175142789996,-0.0502212790482998,0.0712731302732999,-0.179846252279,0.0124907582098,-0.213308026976,0.16185658318,-0.0128469449204,-0.0768121438522998,-0.0879702895739,0.172333474819,0.0965796667069,-0.0558747057869,0.132945638301,0.11168094088,0.0528486236965,0.0464417878574,-0.0573353375614999,-0.0178988606502,0.0371040634506,0.0911863186137999,-0.302614476194,0.0122052652927999,0.101990486863,-0.0130002445654,-0.0287983298206999,0.100112652883,-0.101443913983,0.130740722594,0.0106779391731,0.11277191206,-0.0276455792998,0.132817880191,-0.0678890679272999,0.0777985415966,-0.00528369725248,0.0258862415541998,-0.0310952925948,-0.0130590838518999,0.230562944972,-0.284627003045,-0.112485435956,-0.0128765319242,-0.205319557003,-0.0802498575322,-0.124174015203,-0.233840238549,0.0228893082860999,0.111639642194,9.78702172223216,2.77681258667,3.87142748291117,3.1870956459074,0.0671277959099998,0.88538,0.6611,0.70178
511100,510000,nationwide_score,0.767,14.9660829020187,5.51761200234272,0.143521378631,0.176446914779,0.53164556962,0.0460545718558,-0.0746976377684999,0.131877600764,0.0488741617282,0.084789529049,0.00126395510187,-0.206014659243,0.0342565269724,-0.0751829467448,0.136442374156,0.0925222578344,0.0251955642875,-0.152164047136,-0.0059811113775499,-0.135364278177,-0.225637371552,0.0126441198746,0.0568409744975,-0.154091897065,-0.0070395338654399,-0.19371350992,0.150841770033,-0.0510875201321,-0.0607203857631,-0.112629653901,0.157646338505,0.108202260999,-0.071691420322,0.154022184081,0.0802326636774998,0.0350634829683999,0.0311030584639,-0.0873031340282,-0.0149901362989999,0.0694678918083,0.0510006772301,-0.290933575706,-0.0162857745103998,0.054049168993,-0.0340643255973,-0.0232147790443998,0.0546337196969,-0.108946970129,0.121345499851,-0.0316828943146,0.131602407592,-0.0201791600019998,0.112587260775,-0.0423477612075999,0.0722325622386,-0.0483087302623999,0.0106640244593,-0.0310665834263,0.0075809516861398,0.221766021719,-0.297775130581,-0.099706091491,-0.0704746379438,-0.217343871346,-0.085530264344,-0.111875663523,-0.235898082589,0.0465785075467999,0.0937193706890998,10.0724553112856,2.3609095314,3.17897052685329,3.20041107977414,0.0325382976814,0.89492,0.67262,0.74916
511300,510000,nationwide_score,0.735,15.540061455752,6.11032243202403,0.15925060476,0.190191592166,0.502673796791,0.0341272955480999,-0.0460340083142999,0.125362953197,0.0389229871989,0.0811184895629998,0.037709974216,-0.201558436814,0.0690818210281999,-0.0639874112082998,0.139668667118,0.0752141602732998,0.0155610040207,-0.190430852802,0.0074609833539299,-0.13417753196,-0.194248599148,-0.0421189704398,0.0688890312669,-0.170178923862,0.0218466521266999,-0.19546919446,0.143232943958,-0.0499412100973999,-0.0774520309477998,-0.0785204662761,0.186861201051,0.0777397059734,-0.0625011572718,0.145900839513,0.0996409413640999,0.0527838366256,0.0441327922098999,-0.0662945962596998,-0.0201888549519999,0.0282492534570999,0.0919459064953,-0.304559695303,-0.00737105187459,0.094738068851,-0.0019789614167,-0.0308513249922999,0.0989152612511998,-0.0822937454848998,0.110533965438,0.0107823158570999,0.124389032863,-0.0220928732822999,0.135338166425,-0.0261115625433,0.07443008929,-0.0281108319138,0.0176442133321998,-0.0229665586741,0.0136919525875,0.222907581345,-0.290077588386,-0.112485584397,-0.0169081416499,-0.197923638979,-0.0662571855540999,-0.123383158781,-0.245010891096,0.0206950557316,0.105009323435,9.98527419321959,2.44908862778,3.58703065777064,3.04429539325078,0.0378239901388,0.88,0.65585,0.68901
511400,510000,nationwide_score,0.749,14.900700164138,6.02218095923754,0.142584973058,0.183405307327,0.5,0.0441935086405,-0.0627886498650998,0.137961189475,0.0460553378826999,0.0738327751506999,0.0277340989989,-0.195871456372,0.0353277644592999,-0.0719029542614,0.126203880616,0.0871342270232,0.0126466929605,-0.147765257331,0.0037018235645,-0.116122559362,-0.207672771664,-0.027741899031,0.0683231400816999,-0.14586624873,-0.00631242763784,-0.212912448222,0.153183859037,-0.030117472177,-0.0710189318025998,-0.111668616479,0.180723157607,0.113796982156,-0.066897193931,0.156877385398,0.0920612679123,0.0514531703810999,0.0200061625778,-0.0824989191252998,-0.0143597649639,0.0690747974312,0.0888932197496,-0.297511139897,-0.0063499006234699,0.0607997381287,-0.0333052857339,-0.0068538133982,0.0657321296972998,-0.124227813868,0.113553342458,-0.0244623907078,0.125212491064,-0.0238325674825,0.0922233234231999,-0.0596699498951999,0.079571932732,-0.0318633744845999,0.0318510289923,-0.0363255911869,-0.0164686797655,0.229514910811,-0.288584385865,-0.107129575853,-0.0411360188501,-0.226060194817,-0.0914366421673,-0.109666096376,-0.243551422633,0.0331499006776,0.0955621577846,9.81762471719415,2.50339262856,3.5346682141342,2.97737517077954,0.0401321119016,0.89477,0.66364,0.70788
511500,510000,nationwide_score,0.762,15.3393907999016,5.8490226513583,0.188566168315,0.143803442742,0.514161220044,0.0440401381077,-0.0493956775408999,0.123023830433,0.0532096330925,0.102588791009,-0.00190003945914,-0.215235454471,0.0631634666477,-0.0788825069481,0.13443627828,0.095610404309,0.0247503202423999,-0.215170146801,0.0081129814312299,-0.146847717799,-0.205391427354,-0.0172770912135,0.0572454154898,-0.179026869429,-0.00162758270987,-0.206560991961,0.159336726356,-0.0530186835544,-0.0636483091543,-0.0882371732121,0.154526189645,0.0878462974423998,-0.0681439893052998,0.134582678852,0.102601222503,0.0348013325523999,0.0388236756671,-0.0467835068028,-0.0123700664198999,0.0429382977864,0.0585184487970999,-0.288330605806,-0.0004154269567119,0.0782341230824998,-0.0165790293099,-0.0305808382227,0.0859275705091,-0.0929522332020999,0.126818127763,-0.0114321806331999,0.108415593916,-0.025689348455,0.13498500303,-0.0501812206136,0.0785399515152998,-0.0277087226483999,0.00280708285973,-0.0158854829543998,0.0077660042658198,0.22896087956,-0.290448410734,-0.108710277992,-0.0540379049789,-0.204362729224,-0.0802362322836999,-0.114992985491,-0.233928836319,0.0424947701284,0.108848222789,10.0157222300487,2.55391667301,3.60857883170179,3.16787550107636,0.0500724546085999,0.88923,0.66844,0.74411
511600,510000,nationwide_score,0.731,14.9941658619982,6.24124760410226,0.177034257976,0.179609248607,0.44,0.0111094757583,-0.0208678838292,0.124466073392,0.0387005924309999,0.0934121955366,0.0378295103210999,-0.177945465852,0.0289473450537999,-0.0575352880265999,0.14189810534,0.0572967744449999,0.0155716340090999,-0.188788438256,0.0085939801564699,-0.152292005516,-0.198748756843,-0.0550231948366999,0.0538189413142,-0.18543141786,0.0048310808889699,-0.210443660289,0.171949688467,-0.0824252067807998,-0.0753849139749998,-0.102901198647,0.178488645016,0.0863411746395,-0.0834875678036,0.145485237129,0.103243540588,0.0441546294161999,0.0401488331035,-0.0722933910117,-0.0310767337326,0.0339633279632999,0.0814967138489998,-0.29514538219,-0.0153994598885,0.0662822273368,-0.0307633562772,-0.0079034499449699,0.0813859560871,-0.0994981074304999,0.109561592222,-0.0090839773156598,0.11962121272,-0.00882017641138,0.0969422602103,-0.0374036603193,0.0763671391091999,-0.0499911429773,-0.00201522713386,-0.0121413924741,0.0174876088488,0.21235614141,-0.292564379339,-0.126403737398,-0.0304271531142999,-0.196437184957,-0.0817995736548,-0.150633487901,-0.256814471394,0.0305745338178999,0.105771284298,9.73540493911856,2.12830324729,3.00706310026234,2.67890531217526,0.0134080926888,0.88154,0.65276,0.6802
511700,510000,nationwide_score,0.738,15.5000561284139,5.7866767433543,0.174376706113,0.164673119982,0.497217068646,-0.0001753303755709,-0.0263507983562,0.132154035296,0.0244005342878,0.0891438689494998,0.0395903632522999,-0.202232500704,0.0277490393934,-0.0609085347174999,0.146500734948,0.0437743992559999,0.0230535529616999,-0.172613901889,0.0044386370594699,-0.15216272256,-0.222677299517,-0.0194823626518999,0.0749792875553998,-0.205692835583,-0.0031153600029199,-0.188249255494,0.137523660103,-0.1111077306,-0.0994807084897,-0.0888542079273,0.169186187301,0.0470677418796998,-0.107985371634,0.142779271811,0.108685478226,0.0180540901747998,0.0250082513021,-0.0533311910044,-0.0284023201679,-0.0137861941615,0.0658730519569,-0.291818927378,-0.0306678632784,0.0620569823225,-0.00825951809295,0.0037146053433,0.0831251004738,-0.0942941343783998,0.105702561742,-0.0059697122776498,0.122173185688,0.0145832138440999,0.12708616587,0.0171636199422,0.0789264583185999,-0.0515533241402,-0.0163359734038,0.0203520162387,0.0459682020942999,0.197784367382,-0.27342106639,-0.124115946572,-0.0370381697005999,-0.187076133083,-0.0868512155003,-0.15963925991,-0.256481180581,0.0326881100553,0.0875164961008998,9.91001619449883,2.56702121282,3.32995389660054,3.42540716259588,0.0478950424195,0.89538,0.66246,0.6768
511800,510000,nationwide_score,0.756,14.1731857015365,4.56806677113417,0.156062407568,0.155530585356,0.531468531469,0.0320024323698,-0.116750897654,0.138121691466,0.0178863144427999,0.0919935688311,0.00111189524338,-0.195423203506,0.0327120080193,-0.0783131819749,0.135275092909,0.0508804220549,-0.0392396239811999,-0.135314216833,-0.0197597137894999,-0.0989179314177,-0.278055478834,0.0169697737883999,0.0650363970896,-0.138654897652,-0.0317497542098999,-0.161439661948,0.117299320189,-0.0486826762697,-0.0753381451348,-0.117887424622,0.108700263555,0.0796323728404,-0.0871037307896,0.143689496491,0.0436596610022,0.00771135071671,0.0100835751151,-0.0872723952067998,-0.0236423090581,0.0349037500188,0.0104488603186999,-0.20333729389,-0.01912083346,0.0257242644568,-0.0212982208346,-0.0136100496491,0.0378973506263,-0.12482252315,0.0945935513078998,-0.0457507033169999,0.154998370661,0.00556550846066,0.101746041862,-0.0109472632199,0.0632229818756,-0.0534790478527,0.01373518364,-0.0086865551566799,0.0724025217081,0.233542917323,-0.268483283565,-0.105266706995,-0.0989591557227998,-0.290575076413,-0.144594766689,-0.0756323208849,-0.253923076865,0.0321093537704999,0.0432972225241,9.8227574874745,2.72670089137,3.39681130184501,3.83918857891542,0.0562224878171,0.89231,0.67113,0.72061
511900,510000,nationwide_score,0.722,14.8124595618595,5.40018192148126,0.175274133927,0.180081228696,0.461254612546,0.011655436423,-0.0194470754125,0.132235559554,0.0418411461685999,0.0951917667493999,0.026789729482,-0.22709408048,0.0828395643192,-0.0532378636787999,0.146222760287,0.0560394685929,-0.0130409226877999,-0.172626481942,0.0061914052452899,-0.13571125022,-0.230361414314,-0.029697814873,0.0618411508048,-0.175194738458,-0.0122562951733,-0.188321363766,0.120278908295,-0.0532773260019,-0.0890938190055999,-0.0799170427881999,0.143801956919,0.0564009504139999,-0.0750403370322,0.148467234981,0.0924189496052,0.0270073916955,0.0661126313233,-0.0378568860863,-0.010245812076,0.0007510079905248,0.0522896846109,-0.277752955317,-0.0037890314016,0.0477994400117,-0.0187046192431,-0.0393536684728999,0.0773320538149,-0.0942500522936,0.0990524199643,-0.0129550998648,0.149904839413,-0.015010418988,0.136706473152,0.000330756339662,0.0627469426614998,-0.029609347752,-0.0057583851572,0.0170498631719998,0.0321419870290999,0.213520787863,-0.30186936822,-0.120251952956,-0.0363621080492,-0.228999795401,-0.100707951321,-0.122597402247,-0.272153572725,0.0334034288609,0.0674474576899,9.78622168017572,2.91491994122,4.02524405598381,3.50727504608732,0.0891164068583999,0.89692,0.67155,0.62578
512000,510000,nationwide_score,0.719,14.6527585153983,5.99823463396094,0.169965912692,0.208385683723,0.411255411255,0.0422797249058999,-0.0472849279538999,0.137170219093,0.0363101186625,0.0778962712370998,0.0318778508571999,-0.203370619267,0.0818575228193998,-0.0733701601099999,0.131666527685,0.0876584157133,0.00473513809057,-0.201543304737,0.00848936532631,-0.119810361204,-0.186553548992,-0.0505530981948,0.0763292669734,-0.166011762249,0.0155605356548999,-0.206985281664,0.151882498543,-0.0144333499265,-0.081237074207,-0.0763718684245,0.18761716228,0.0940148653724,-0.0556383631446,0.129796496681,0.108640129914,0.0504884934996999,0.0476144064768,-0.0658753543121999,-0.0111523738418,0.0364165847548999,0.0960220503780998,-0.304701195034,0.00265520240971,0.0981849002659,-0.0189761000805,-0.0153964615717,0.102018871197,-0.101621081504,0.129153558881,0.0107268114833,0.115381723712,-0.0285775541074,0.123090043615,-0.0568605847200999,0.072185921683,-0.014414864495,0.0240367452669,-0.029887101211,-0.00865781390652,0.229097835731,-0.287719364094,-0.112415460105,-0.0049917393623699,-0.202148747106,-0.0790957987271,-0.120971838979,-0.238840076719,0.0230205527425999,0.106605584469,9.70113793524563,2.60461433076,3.71979786382071,3.10206799927737,0.0522423560407,0.87385,0.64668,0.65891
520100,520000,nationwide_score,0.775,15.6056021370365,6.61404826732624,0.185948945867,0.0853577824223999,0.801335559265,0.0640127500588,-0.120859013529,0.0969323082292,0.031129562427,0.132767730082,-0.0620036876823999,-0.148459436034,-0.0592329842462,-0.148868737558,0.13121513446,0.0679547205809,-0.0185508848615,-0.232156240574,-0.02742499587,-0.168428980601,-0.286519788176,0.0141214430218,0.136602536467,-0.100648016603,-0.0587360032377,-0.12139696101,0.1064983722,-0.0781099802088,-0.129266782099,-0.0969259496047999,0.123671202579,0.0636129282749,-0.0417830193813999,0.0833811965383,0.0679475527335998,0.0177492412707,-0.000346880053611,-0.0320078608251999,-0.0412082793924999,0.0037705176061399,-0.0453339838053,-0.286008494826,-0.0395439642290999,-0.00113894491945,0.00572843348993,-0.0155573896427,-0.00407945370967,-0.18334720777,0.0771497344858999,-0.0287059785023,0.100740436621,-0.023998896647,0.166857914508,0.0236209361935998,0.0402095450408999,0.00377579500466,-0.0199591592597,-0.01844949539,0.120484583776,0.233698384572,-0.287987833167,-0.11649378431,-0.0732786995644,-0.165225108577,-0.189156626139,-0.0642518402389,-0.186849779435,0.0136166858604999,0.0682961542105998,10.5059683160854,1.72878572173,2.45598789431273,2.44953249293032,0.0100380633601,0.84923,0.71312,0.76922
520200,520000,nationwide_score,0.719,14.9240735075185,5.72617048394528,0.264304787848,0.0895192245228,0.488448844884,0.0561533037843,-0.144614191763,0.114123889407,0.0008831855966129,0.0761983955430999,-0.0817178684515,-0.110928846938,0.00540166480864,-0.108679030869,0.110816852033,0.103655380424,-0.125784584747,-0.256081102429,-0.0174539490859999,-0.0815156517696,-0.236087380826,-0.0681297587862,0.0990368815975,-0.126779013121,-0.109471506,-0.139714316602,0.106125832541,0.0482358917410999,-0.111832766314,-0.101714308542,0.0187370886293,0.0696973473577,-0.0212309471943,0.0539763561041999,0.0297686666693,0.0316566254884999,0.0636432972095,-0.0394464625501,0.0002757268937749,0.00925133199574,-0.0965338994460998,-0.183083316086,-0.0148603963538999,0.0240039672093999,-0.0468089465128,-0.0390998000164,-0.0105632664054,-0.226005081578,0.124629381992,-0.0127165007039999,0.122224512626,-0.0232426092110998,0.123219043844,-0.0544948631938999,0.0172625240485,0.0236843932761999,0.0103338010723999,0.0026660481556599,0.104070950515,0.229806871559,-0.269125242199,-0.0917925175380999,-0.103597089797,-0.27478119012,-0.28150177473,-0.0302629397133,-0.206141762808,-0.0202655594154,0.0261281805887998,9.57899586888831,2.91526484125,3.75747233818692,3.43662673640858,0.0777121756795,0.83985,0.6354,0.69508
520300,520000,nationwide_score,0.738,15.7040943631138,5.37457932956987,0.224562949002,0.122541839935,0.567322239032,0.0351857928905999,-0.0412852294198,0.104509307273,0.034435678657,0.125177528909,-0.0237069481371,-0.17268120042,-0.0261023624393,-0.0901377351648,0.141756221059,0.0432251146704999,0.0084504160536399,-0.222440578708,0.0104199305665,-0.164676365638,-0.277677963369,0.00246594009512,0.103540560867,-0.163844863517,-0.0535473762342999,-0.170538394434,0.11808123412,-0.118550924648,-0.123572326792,-0.105445319475,0.125613605381,0.0512174590784999,-0.0847902262038,0.0980225664084,0.0807752714175,0.0152076207220999,0.0243372888028999,-0.0207327626628,-0.0203062539935,-0.0292792110737,0.0108047504036,-0.256498344715,-0.0350932129126,0.0248051735098,0.00034153313424,0.0075946646309899,0.0449961954549999,-0.139167959026,0.0852488832137,-0.0383720209699999,0.101132251928,0.0103461647396,0.145051524994,0.0099681344758699,0.0550132422925999,-0.0280854933683,-0.0525999488051999,0.0284701823652999,0.107364200099,0.218953309118,-0.274408774016,-0.128474637785,-0.0622656264552,-0.190444545216,-0.172058620934,-0.119164033445,-0.230330215336,0.0351109319378,0.0799983531350998,9.66105563463623,3.05416352297,3.91068269110407,3.79164534098131,0.0777903864301,0.84615,0.64966,0.73164
520400,520000,nationwide_score,0.707,14.7197291134624,5.59100659657779,0.251794622487,0.105331275243,0.465587044534,0.0444022024025,-0.0778153871078,0.100777408241,0.0278781457502998,0.122253273382,-0.0558819565687999,-0.132630362933,-0.0402070694887,-0.127662480506,0.102062868696,0.072352266077,-0.0730134650472999,-0.262420437079,-0.0138769576806,-0.108394312205,-0.246860062485,-0.0457851479359,0.106622469469,-0.13236525687,-0.104234028053,-0.162553991737,0.127529321666,-0.0464845531636,-0.122685697526,-0.112475625901,0.0843745029302,0.0901073720146998,-0.0394453832608,0.0247389896934,0.0518525636527,0.0353636201776,0.0331541822177,0.00101633543039,-0.0146767490859,-0.0158274739094,-0.0300242122592,-0.226539664352,-0.0414431272938,-0.0202504895311,-0.0159290228629999,0.00502009438182,-0.0041372643396099,-0.204100076063,0.0870761214389,-0.0381972665389999,0.10712461522,0.0055642950266299,0.11475006063,-0.0214507949119999,0.0189280603977,0.0086188316449198,-0.0258056687375999,0.0257077098713,0.103994822661,0.22492613195,-0.269941168153,-0.134343859802,-0.0798904427232,-0.221610428833,-0.247278967038,-0.0631223490977999,-0.226561532033,0.0141709888985,0.0702978107271999,9.90159020715552,3.00450937313,4.01012829205932,3.3555951989196,0.086547679687,0.83077,0.62926,0.67671
520500,520000,nationwide_score,0.686,15.747032114495,5.55306820589212,0.282690423485,0.0933179092943,0.421739130435,0.0298129359633,-0.0729898436489,0.10608459096,0.0030178448148099,0.0811199985034,-0.0466733385867999,-0.127647037327,-0.0008576807043149,-0.0945924321152998,0.110749021336,0.0858324724834999,-0.0947743228068999,-0.224211602242,-0.000129704209841,-0.121387855244,-0.249460705553,-0.0673459293423,0.0928554857573,-0.149819877348,-0.112861632206,-0.162405837465,0.101412706262,0.000489800808019,-0.112524090935,-0.112526621681,0.0380711430305,0.0789379758827998,-0.053519264342,0.0590300689097999,0.0596334398433999,0.0139865398163,0.0503531270302,-0.0100128262925,0.0033676781164099,0.000606192396363,-0.0482551666047,-0.182707647984,-0.0231802530128999,-0.00873179775389,-0.0325716456968999,-0.0054015542687,0.0099404498340199,-0.206166160249,0.0789388381335,-0.0603407963942,0.107649800223,0.0114390276405999,0.102951442132,-0.0316041259453,0.0199206150841,0.0151963121257,-0.0143886898453,0.0380126398207999,0.122985015139,0.215725208449,-0.268104497375,-0.1089146807,-0.103198137227,-0.281760271823,-0.262657799034,-0.0855475989939998,-0.2412826011,0.000885750375226,0.0522976688900999,9.47607731491651,3.73644162951,4.49431167726161,3.73869347216843,0.178378028701,0.84615,0.60345,0.63287
520600,520000,nationwide_score,0.717,15.009433329467,5.21592576440204,0.238664501343,0.12615330511,0.460606060606,0.0263731626959998,-0.0332799314527999,0.141182759351,0.0293244959626999,0.110323768928,-0.0129345605785,-0.199482950922,-0.0133105529564,-0.0778056191333,0.138618637524,0.0532634419028999,0.0274184083852999,-0.235416526621,0.0111378013014,-0.152798741744,-0.259533373061,0.00827152982921,0.100858866865,-0.163688917644,-0.0466210119777,-0.166814365155,0.122743607033,-0.118710708025,-0.132544135694,-0.106026075556,0.131466782386,0.0122326715445999,-0.086177769001,0.0769321222123,0.108605560106,0.0334362992789,0.0228462502086,0.00821683952887,-0.0117239654280999,-0.0850524075521,0.0361260944471,-0.222745219102,-0.0328228679933,0.0264019861935,0.0335022705848999,0.0230589135263,0.0633054028813,-0.119340446518,0.0911753256734,-0.0287103458497998,0.122007945037,0.0569005539436,0.148026043576,0.0455714995915,0.0489591240067,-0.0334513388574999,-0.0494849365437,0.0162306595491998,0.138531803885,0.208460838711,-0.265235647109,-0.149465203647,-0.0623027573375999,-0.136753707553,-0.19009814554,-0.126285796094,-0.244523034101,0.0334343055143999,0.0794569729685,9.86268670678214,3.66904973231,4.60335533824372,3.93398933181279,0.191191506458,0.84615,0.64087,0.68093
530100,530000,nationwide_score,0.805,15.9508598497857,6.00027029688202,0.150250975996,0.0946756690162,0.796690307329,0.0956580729817999,-0.209531208404,0.136348958454,0.00458641644111,0.065433030396,-0.110866246621,-0.0130860390352,-0.00553113119516,-0.204484410925,0.0718233793355999,0.0925273803603998,-0.127144545654,-0.2679152889,-0.0403345871159999,-0.0877667678860998,-0.190889281932,-0.0180697762499998,0.0961201591275999,-0.0270616586194999,-0.0779295458126998,-0.0508036923093,0.0975716259558998,0.1288064496,-0.115514962473,-0.0767541109952,0.0459336184437999,0.078357379709,0.0222289421638998,0.0135775208738,0.0135629290918999,0.0278700889060999,0.0770280430801,-0.0782384212308998,-0.0653552089566998,0.102577054642,-0.1443373888,-0.181378786484,-0.0506068079297,0.0038446161328599,-0.0902062606204,-0.0375934514789999,-0.0829266913082,-0.264694107501,0.107773641804,0.0385530713254,0.106233216965,-0.0941127999505999,0.13679882805,-0.0687299920553,0.0023299131145299,0.0368772685514,0.103720416669,-0.0650833227424,0.0647328196130999,0.225876981929,-0.21976734577,-0.0423964456558,-0.0654391977002,-0.197222387461,-0.27244875941,0.0508290767112,-0.140499912553,-0.0719358834851999,-0.0148183780782,10.4994233499864,1.9799675817,2.73262911064327,3.06403709589941,0.024322176487,0.92308,0.71988,0.78573
530300,530000,nationwide_score,0.736,15.5681828117945,5.30114710120264,0.223952975185,0.0981334224362,0.490467937608,0.0605657896839,-0.175206560226,0.143621288614,-0.0173794157677,0.0344560487982999,-0.0838175354165,-0.0529794834549999,0.0010283664869,-0.133334833676,0.0622083042767,0.0936335754072,-0.14178081861,-0.276989806493,-0.0110592865897,-0.0514467350227,-0.168514901643,-0.0946385638838,0.0787410270698998,-0.0888906589264999,-0.118612158913,-0.101060266229,0.103917738937,0.150756411075,-0.10984403856,-0.108364028951,0.0195855152783999,0.0623923278663999,0.0048796623931398,0.0171352546935998,0.0279329332068,0.0335104507196,0.0728044026314,-0.0492557708372999,-0.0466035648982,0.0615354063379,-0.125083474053,-0.147599172735,-0.0157618785701999,0.0177427412907,-0.0728420883643998,-0.0423547312956999,-0.0557047435553,-0.278674109826,0.123375839912,0.0173137676698,0.104788084359,-0.0477911426899,0.110462000891,-0.0835282108160999,-0.0228960399748,0.0527285181727999,0.0811881208042,-0.0279850368973998,0.0696178672342998,0.219561498861,-0.21911134103,-0.0572106905206,-0.0636986167986998,-0.259293884261,-0.296797269653,0.00497076332798,-0.175997515391,-0.0448033475061,-0.014629468511,9.692955860763,3.13126179764,4.16831264327628,3.65115582565992,0.108677615216,0.85846,0.64677,0.71734
530400,530000,nationwide_score,0.782,14.6264412186249,5.02134654618545,0.161591342414,0.11652345905,0.537777777778,0.0863788579664,-0.18706710584,0.138902619597,-0.00708839877128,0.0491565356447999,-0.0879374243249999,-0.0116710240058,0.0029822414994599,-0.197637075474,0.0690392238487999,0.0914011484822,-0.117837774467,-0.31204195394,-0.0349476192682999,-0.0526556140729,-0.149940905338,-0.0222267481743998,0.0888402938257999,-0.0569215472387998,-0.100771956092,-0.0986784112141999,0.119524731627,0.12059286151,-0.119033781373,-0.0678182637782999,0.0524532071330999,0.0956817124378,0.0128185394548,-0.0282308518539,0.0300892418797,0.0342994971495999,0.0784975812655999,-0.0284979088427999,-0.0594487449850999,0.0879459405474,-0.111886014242,-0.165220077938,-0.0535775962339999,0.0004316093436239,-0.0866644468982998,-0.0288700365412,-0.0634124429237998,-0.278790921834,0.147930142984,0.0426664492176,0.0955435093701,-0.0786172875796,0.115417471564,-0.110067655004,-0.0066338311570398,0.0583175313311999,0.105943417989,-0.026072518414,0.0427076664199,0.204911727559,-0.188082217754,-0.0269577532004,-0.0539296118616,-0.190067113215,-0.277654175176,0.0563862133046999,-0.158167671466,-0.0493301313212,-0.0190676119982,10.4666689127648,2.56334605295,3.20693786095318,3.55608382387559,0.0510291858345,0.89,0.66721,0.80457
530500,530000,nationwide_score,0.73,14.7034022268393,4.8557141442587,0.185958922993,0.11448250704,0.349794238683,0.0564173274033999,-0.18369108894,0.184352347072,-0.0819109186523,0.0558043894856999,-0.0360145573641999,-0.0168076658604,-0.0118648318358,-0.131886542638,0.112487399807,0.102051473547,-0.132102863564,-0.307082998356,-0.0563242995272998,0.011432001254,-0.134981999643,-0.0907297083162,0.101277822984,-0.0857646429582999,-0.115283792889,-0.110714730201,0.169289155075,0.114615898643,-0.11215426899,-0.0303412613636999,0.0296366292846,0.038560522989,-0.0192774128649998,-0.0776441884397,-0.000788939841352,0.0308766334322999,0.104576092829,-0.0104305052264,-0.0613852523483999,0.0242214015146,-0.0852301625502999,-0.152300038042,-0.0186212668878,-0.0017247745760498,-0.0753879844472,-0.000245938873091,-0.0143564549325,-0.294382726421,0.180677394516,0.0673609137128999,0.0984989077497998,-0.0389227730299,0.143607083401,-0.0757861475541,0.0267950775882998,0.0755406560055,0.0890570121588998,0.0169010712179,0.0440000636489,0.20573397788,-0.19155091036,-0.0493560359521999,-0.0523397418331,-0.214221089954,-0.28844771812,0.0436910922143,-0.12800123431,-0.0371522039293,-0.0618227649466999,9.77608665390116,3.19997898695,4.15113890290537,3.88661051646534,0.103304910619,0.86769,0.64749,0.69155
530600,530000,nationwide_score,0.68,15.4427885849903,5.42857101688574,0.254243312162,0.0844643079178,0.39489194499,0.0335145023982,-0.0945001116844998,0.136798817614,0.00867376273819,0.0662936665904999,-0.0483387368995,-0.128730881199,0.0400022369087999,-0.108187477389,0.103509651513,0.0723701693423998,-0.0899425675753,-0.21495494095,0.004947578175,-0.106219956743,-0.242862312251,-0.0272791159175998,0.0875592453687999,-0.155318064114,-0.0805135782615998,-0.158761111382,0.0998237420934,0.0104925742214,-0.0999843625378998,-0.103470022506,0.0356019985943999,0.0872361587360998,-0.0588385205886,0.0713677105720998,0.0673155910904,0.0269079176606,0.0538672243324999,-0.0224152080781,-0.0076006572813,0.0104322984702,-0.051956335768,-0.182620357597,-0.0098705484451399,0.00785697869054,-0.0397271427873999,-0.0146487762487,0.0290393360836,-0.186704289788,0.0954587968983,-0.0409087773504,0.129130042764,-0.0110778052639,0.113264644661,-0.0387630976390999,0.0364880450396,0.00332941050613,0.0073933345162999,0.0164965018644,0.104234675338,0.232307772582,-0.246845215988,-0.0921867449358999,-0.11214159502,-0.283044235062,-0.227562841535,-0.0611140040653,-0.233451269216,-0.0117992923097999,0.0482641532283999,9.05463189788483,3.3202148167,4.33612291141777,3.87122925600274,0.129872169704,0.83077,0.62115,0.61046
530700,530000,nationwide_score,0.726,14.0466230725781,4.13176969752925,0.171251704703,0.0964133873925999,0.47619047619,0.0453225099773999,-0.221463369206,0.18404627674,-0.0689239941218,0.00650096218398,-0.0536510615387999,-0.0296435194383,0.0175746392601,-0.138498753985,0.0567453824665,0.0986088837003998,-0.136885811217,-0.268078880191,-0.058623996571,0.0155593466184999,-0.134394368682,-0.0915672514335,0.0691222013985,-0.0724619165558,-0.128513518555,-0.0718148967233998,0.11447656798,0.197158220079,-0.112178130045,-0.0733101874564,-0.00338429624621,0.0249945057030999,0.0172118039883999,-0.0150297434293,0.0168111939738,0.0265812181259999,0.123743723211,-0.046728226173,-0.0698779202430998,0.0539263317282999,-0.13962269276,-0.0782669135515,-0.0104163790774,-0.00446236326962,-0.0619967202933,-0.0057175947885499,-0.0393455735222999,-0.266996791413,0.130899993717,0.0847270563939,0.112627504369,-0.0178534436711999,0.121824418067,-0.0500901286820999,-0.0174659767685,0.0477901897676999,0.13064398613,-0.0312216215841998,0.0738500619724,0.195872705801,-0.179166871409,-0.0620346662664,-0.0812118447445999,-0.245130648152,-0.270443778877,0.0215280349064,-0.145848274741,-0.0608960051037999,-0.0686297452488,9.82757924279809,3.0690520789,3.65582818545121,3.95068406045972,0.0714116131141,0.84615,0.66131,0.68306
530800,530000,nationwide_score,0.711,14.6951377204045,4.01585099439812,0.192815489124,0.0969649922054,0.402489626556,0.079266442844,-0.147832985895,0.180173281646,-0.043934269886,0.0463368565262,-0.0720717542699998,-0.0470137376628999,0.055479343312,-0.1281986606,0.0848070227527999,0.0724107720617,-0.0894662382371999,-0.341422307596,-0.0064301725624299,-0.0141000291154,-0.0965529899039,-0.0236084862294,0.106802250044,-0.125530651971,-0.126879355446,-0.165083462056,0.15592817525,0.112885277991,-0.122113679968,-0.0427222551102,0.0095132805867199,0.0931106602505999,-0.0091793319632298,-0.0780544464694998,0.0509237574826999,0.0419482868356,0.100320646112,0.0310825217522999,-0.0255299291795,0.0070980610464,-0.0788688481704998,-0.176854791591,-0.00812822692619,0.0154835507405,-0.0997320074342998,-0.0109955309178,-0.0425268098345,-0.270757702502,0.251209611798,0.0396725924325999,0.100277586225,-0.0670952928306,0.122511437627,-0.127969431039,0.00174327801987,0.0907107471288,0.0689715517555,0.0170802084689,0.0104912355121999,0.161295449723,-0.147990279001,-0.0311744756658999,-0.0629350128261998,-0.16866195658,-0.282480318484,0.0512619794034,-0.162404384188,-0.0009270828442579,-0.0622881259421,9.40337200545302,3.92596876375,5.05970908619187,4.51002532119749,0.203763917304,0.83692,0.63589,0.67676
530900,530000,nationwide_score,0.704,14.6308758137262,4.56966308871936,0.20398399578,0.0954366999761,0.349557522124,0.0668903858300999,-0.163885553442,0.1846255214,-0.0533695702086,0.0529499911430999,-0.0736477028478,-0.0334184473715999,0.0348599527309,-0.127795993585,0.079746516141,0.0843420826506,-0.111846987458,-0.338967707508,-0.0470220922095999,0.0095071253505398,-0.118193712462,-0.0568354651367,0.112161292746,-0.118772377391,-0.114306623613,-0.148009458055,0.156788422292,0.116159295778,-0.122512886852,-0.0232639466655998,0.00972601165961,0.0781492181625998,-0.00379844254487,-0.0993315878629,0.0288235751412,0.0404019764197999,0.12625783704,0.0265416779528,-0.0304043339577,-0.000959260906403,-0.0850202634168999,-0.156410419659,-0.0153110628225,0.0070182847507999,-0.086493006612,-0.000325385417069,-0.0367413967232,-0.286995926884,0.211105856398,0.0651406220542,0.0969242116063,-0.0471185610401,0.118061191927,-0.101897978759,0.0157707271288,0.0886560102747998,0.0790447261596999,0.0113478572044,0.0307554986192998,0.182094261252,-0.158227057104,-0.0420393735643999,-0.066498540071,-0.182678470528,-0.290151371406,0.0560949982899,-0.148103178665,-0.0158104026116,-0.0623982075020999,9.54885508516454,3.63371689793,4.78449717666618,4.12689085230792,0.185554863674,0.83385,0.62888,0.6649
540100,540000,nationwide_score,0.735,13.6762496400554,3.41164492062828,0.163917382324,0.0500935094842,0.701149425287,-0.057130111869,-0.30978775797,0.0995088150243,-0.128804806985,-0.125460205598,0.111521307501,0.0542100133967999,-0.0199684580585,-0.197533691962,0.125323501542,0.156881157479,-0.116803515741,-0.0457576461437,-0.103671769382,-0.0295943823621,-0.115320145128,-0.115445524487,0.038879026267,0.0841676899655,-0.16476547163,0.0271135937462998,0.0430381220728998,0.124094484608,-0.109032090885,-0.0762887612944,-0.0121647454209,-0.0567378873934,0.0408765225531999,-0.0187638519517,0.0121919520414,-0.0304279357838,0.164602951755,-0.115850699768,-0.132177862279,0.0229281060179,-0.143035979913,-0.0689128330033998,-0.121033946245,-0.118393077233,-0.137929413754,0.0583679499753,-0.0175507134944998,-0.114742164336,0.0340170450717999,0.129248249678,0.142780237375,0.0323374819493,0.124936151931,0.0116416781457,0.0159653988261,0.0289853330061,0.116154477919,0.0136176336241999,0.0808450830438,0.208452355624,-0.0912213215235,-0.17200476957,-0.117049118591,-0.264544764154,-0.136813092182,0.0233954445376,-0.00752091712501,-0.281932888846,-0.0802296187863,10.6562086340655,3.0655554249,4.29393136582018,3.63250086346312,0.122941239595,0.77846,0.65179,0.78107
540300,540000,nationwide_score,0.659,13.5410750280511,2.06962197801324,0.286344869442,0.0545170090377999,0.171052631579,-0.0960125429419999,-0.308550995804,0.0822881643352,-0.170321734785,-0.136689612891,0.145350178202,0.0293425990109,0.0495676641801999,-0.12256547699,0.149093854687,0.143983931457,-0.113527604758,0.0010680553903,-0.0932403639980999,-0.0170285590951998,-0.088656019589,-0.128424489206,0.0635536745367999,0.0057125383780899,-0.197762815709,0.0401409626523,0.0088111839339799,0.113134066501,-0.0888967864202998,-0.0411410157936999,-0.049080456446,-0.030364647731,0.0282752907962,-0.0356122155077999,0.0320211742472999,0.00287687138717,0.179044769256,-0.0530388397007,-0.0679029766728,-0.0227439481041998,-0.111536487023,0.0051525309212399,-0.103860560637,-0.123837577816,-0.0788133201885,0.0342484224450999,0.0135296514513999,-0.0890201343755,0.00183891895638,0.110972742323,0.161099924271,0.0790916622635998,0.108707489752,0.0053177147315998,-0.0009787124575178,0.0291512242463,0.0723000521252998,0.0526111602499,0.150333269,0.203310063023,-0.076863011607,-0.214471948648,-0.178200560203,-0.241765500534,-0.0838902479744998,-0.0216198480257,0.0356151175545,-0.243776037261,-0.0699784801773,9.1656760270027,4.65825152356,5.52813664461522,4.95778239960306,0.521521695265,0.78462,0.56004,0.65192
540400,540000,nationwide_score,0.729,12.3883983689821,1.1289922183346,0.266555865712,0.0385668565324999,0.416666666667,-0.0373111323624,-0.224200587378,0.158614816704,-0.151287368024,0.0260321639897998,0.0715056934391,-0.0288216318010998,0.0490429151823999,-0.0662090209858998,0.182108962317,0.0887549521868,-0.0702450768410999,-0.193967315819,-0.0869058339024998,0.0564349362458,-0.112692280505,-0.114898014723,0.0411063178678,-0.0309640611921,-0.144636833078,-0.107998142533,0.17377436177,0.0199825291407998,-0.0969041292099,0.0203900376185,0.0135269114108,-0.0821506307701,-0.00759811469884,-0.087698479166,-0.0697609867262,-0.00151590555006,0.126141591424,-0.0292675632636998,-0.0805638069531,-0.0519206658648998,-0.0621868910879,-0.0447839674065,-0.0564092171423999,-0.0491223442495999,-0.0232051668025,0.0713291715446,0.0121410930557,-0.147992291473,0.146284255714,0.120633412314,0.173620921206,0.0879166077484,0.17375363844,0.0618811990086,0.105683868298,0.00659621671264,0.0529071980446,0.0683735772103,0.0937830469367998,0.200741739008,-0.161857675118,-0.130415677622,-0.130356287969,-0.183766883216,-0.167847476742,0.0866800549829998,-0.0701565480903,-0.0511889845905,-0.0951461590445999,9.97205505578906,4.52658375862,5.32583088231547,4.97895700665331,0.440217866088,0.78615,0.6289,0.78478
540500,540000,nationwide_score,0.705,12.7938620882062,1.71623988971378,0.266647975366,0.047180372774,0.305555555556,-0.0200427758216999,-0.200456266478,0.15675911319,-0.128110383104,0.0005769039348929,0.0542110573619999,-0.0300772501198,0.0394774089735999,-0.0814033258373,0.162964311405,0.104489788874,-0.0639306903251,-0.222585986553,-0.0763187005008,0.0394042525630999,-0.0960158430956,-0.124210469326,0.0483879645782,-0.0329375260307,-0.129665380588,-0.103637858321,0.16819776092,0.0292968678584,-0.104306058266,0.0109174425570999,0.0107403420029999,-0.0603025071877,-0.0090919865550898,-0.102437739401,-0.0223218769655,0.0151557761141999,0.138825462359,-0.0283530229792,-0.0726482429369998,-0.0548483435239,-0.0454481547418999,-0.0699081068839998,-0.0615925404984999,-0.0431962868041999,-0.0359688326460999,0.0647134442314,0.0267574411226998,-0.157413066467,0.142908061915,0.108237216183,0.141642016536,0.0606026713885,0.182384079241,0.0262494756594,0.0893506982295999,0.0158702955492,0.0453560624185,0.0636872936223999,0.0774040520902,0.222651433047,-0.153482777881,-0.114764312864,-0.120073288333,-0.174674562801,-0.17679440682,0.0780007112324,-0.0535070895100999,-0.0691384246535999,-0.0713693215948,9.85829113146283,4.58709415341,5.31150953748437,5.25851751275038,0.379370757858,0.77846,0.60505,0.74327
540600,540000,nationwide_score,0.611,13.1223653774023,0.882271843930983,0.338613946924,0.0420427799468,0.24,-0.0797242280718998,-0.282700991685,0.0633493127246999,-0.166670406922,-0.166954078395,0.178141536824,0.0295272781033,-0.0223840289310998,-0.117978216561,0.174465540976,0.100993896938,-0.114961759201,0.0300935957758,-0.0606627080399,-0.07956922577,-0.0564215310616,-0.14335851318,0.0415844984694999,0.0889940671398,-0.217399499567,0.037528993204,-0.0097069942837499,0.0944412324269,-0.0936551479857,-0.108961934145,-0.0230504798857,-0.0041072286252699,0.0163728842763,0.00151102834796,0.0418962465843,-0.0037928591204699,0.194165815018,-0.0958191058042,-0.113866057767,-0.0133823588096,-0.114412883331,-0.0248482575932,-0.0860262308354999,-0.133032176466,-0.146613556592,0.0540135924695,-0.0061566266154599,-0.0691616381544998,-0.042077942409,0.0972143434588,0.135904779637,0.0473385194306,0.0213373475866,-0.025259305728,0.00659406911714,0.0577245100952,0.0455531581685999,0.0407495729328,0.135164306335,0.202133249352,-0.0798817839055,-0.251410705305,-0.142113694171,-0.217289129926,-0.0625142649391,-0.0584354806082,0.0483334810342999,-0.316456590184,-0.0322275606546,8.66864652238098,4.77197618027,5.5524488173509,4.87792818902862,0.615953890179,0.68154,0.51024,0.65516
610100,610000,nationwide_score,0.826,16.3773783260489,7.15792291249827,0.156174808328,0.0990657368418998,0.791666666667,0.0680280522505,-0.244684971998,0.20825289586,-0.0654053041881,0.0185779629394999,-0.0154442835913,-0.139112787847,0.028565776926,-0.162781907163,0.00163759793913,0.135434943127,0.0098728122369798,-0.0848113015670999,-0.0470570703394,-0.0867881581986,-0.21572277412,0.0131142369400999,0.118499322764,-0.113373779995,0.0451073477212,-0.116132846379,0.050908515985,-0.0057582783620098,-0.0482017822755,-0.0681518730920998,0.24549117403,0.0578273003372999,-0.0726489237123,0.173218089326,0.0869715788776,0.0231774869895,-0.114414018858,-0.038099847902,-0.0481429883540999,0.16717758719,0.0869714662761,-0.36812311774,-0.0486896934681999,0.0340753940767999,-0.0960399689577998,-0.0789398057924999,-0.0437804609003,-0.0822505966926,0.0318244857355,0.0044947703575399,0.156757566179,-0.0326630936591,0.163058097659,0.0683899530516,0.0156721811084,0.00366675716692,0.145673319306,-0.0547527954387,-0.0096888341038399,0.134743921749,-0.256260501068,-0.0432393678138999,-0.0514703899280999,-0.158954657041,-0.0476510719557,-0.112031319577,-0.138644567298,-0.121780331851,0.0731870298629,10.5583859425347,1.07085970323,1.51127724688811,1.92832773264978,0.00124039355604,0.92123,0.78158,0.78307
610200,610000,nationwide_score,0.773,13.4730216574672,5.21072055570822,0.151616908712,0.135893953264,0.633802816901,0.0573183437835999,-0.198893217418,0.216585127627,-0.0782997044567999,0.0021899615837,-0.0337564555756,-0.174259363991,0.133037503171,-0.179439963214,0.0154482461853,0.127945503107,-0.0046009499274498,-0.070916568629,-0.0009152734523318,-0.0694542732730999,-0.230717850238,-0.0377049871978,0.184842638522,-0.185405538655,-0.00212500471257,-0.0991592786688998,0.00752415029733,0.0579152792423,-0.0521628619176999,-0.0840270034726,0.165678391498,0.0259858182552,-0.120593408916,0.0909630750835,0.0999057195055998,0.00636094356902,-0.0614835812832,0.0617713158292999,0.00564373450764,0.150413086796,0.101988061817,-0.264777042959,-0.0368140953127999,0.000175014812512,-0.0584560790108,-0.0190236974306998,-0.0256863934462999,-0.0566868322461,0.0295664093685,-0.0578933377487,0.169914438986,0.0912422980655999,0.118683708153,0.0480313546826999,-0.10859448185,0.0844256464480998,0.126516893093,0.0379522588443999,0.0838044818455,0.0632804812076,-0.183077307829,-0.102971795658,-0.0971968146786,-0.249816565208,-0.0789472578650999,-0.18080469938,-0.106787140374,-0.111664003024,0.0535793432606999,9.83884160778847,2.7201420901,3.54939569321972,3.11936920785414,0.0458295934788999,0.88154,0.72628,0.72249
610300,610000,nationwide_score,0.787,15.0154756420974,5.21736696634374,0.162785670115,0.14494652824,0.569277108434,0.0642751301713,-0.189533730326,0.18118472909,-0.0714335104018,0.0511253416896,0.0642327957015,-0.0965139940287,0.0783087937653,-0.142938452019,0.0121011657944999,0.0485983063367,-0.0626968920699998,-0.100095414408,-0.0187819989775999,-0.0644885347627,-0.269407393434,-0.0438439379629,0.0771513669233,-0.105983932935,0.0321292722434999,-0.105426435453,0.0072691729890999,-0.00328888870376,-0.0638880119971999,-0.0431370906024999,0.208912670902,0.0774413509692998,-0.118184927025,0.178983961884,0.0969319843320999,0.033234762903,-0.0840437166143998,-0.0250746687222998,-0.0414156400382,0.132246627562,0.142706768167,-0.279379929739,-0.0495233985983,0.00557600091468,-0.0439238299002999,-0.0103072432379,-0.0199556538699998,-0.0944624463546999,-0.0099332786500399,-0.0472274678531,0.129425457376,-0.00250291976831,0.115143753221,-0.00530078310629,-0.0204465261846,-0.0005817658321158,0.130497096728,-0.0567188061516,0.0124464048839,0.139250470257,-0.226337777662,-0.0836431400179,-0.0429372276607999,-0.283025474282,-0.0520746096792,-0.0828448717789,-0.202242779848,-0.121943344313,0.105998522556,10.0922835865232,2.29819310688,3.11104805838646,2.90350865133865,0.0170166219418,0.89046,0.7199,0.75933
610400,610000,nationwide_score,0.771,15.1917548357559,5.95190928494066,0.175463272022,0.129966343156,0.555555555556,0.0329300696468999,-0.187777239103,0.241968250662,-0.0806071968803998,0.0050876601363598,0.0257409785223,-0.125790215368,0.0761331694130999,-0.138420865226,-0.0437043626916999,0.0978596763217,-0.0009363265658539,-0.0937757444859999,0.00751114974025,-0.0485972610939,-0.203959904313,-0.0634938381365,0.13439302475,-0.127252079056,0.0310382283883,-0.120819005207,0.0540342340537,0.0569116128041999,-0.0331774034104,-0.0726225182599,0.222013299717,0.0590215416737,-0.115560537668,0.161013491954,0.0924519900244999,0.0346967608685,-0.105556822405,0.000726242564784,-0.0384665060787,0.135985350846,0.137272717956,-0.333352163861,-0.0483478042353999,0.0143936667855,-0.0691699511079,-0.0089376763674298,-0.0233064850774,-0.0934143779121,0.0043394188236199,-0.0326869804023,0.152590756067,0.0471427547280999,0.138263337834,0.0700527902033998,-0.0476209578902,0.0179938140324,0.169510857733,-0.0511648733006999,-0.0198583478708,0.0959542808326998,-0.236409671513,-0.076767049502,-0.0511828617732,-0.204134253676,-0.0516800689809999,-0.159594802177,-0.160633088592,-0.114317241452,0.0487874774195,9.95781251570772,2.58138887786,3.33252407624424,2.68260751239073,0.0139674980458999,0.87692,0.7176,0.72854
610500,610000,nationwide_score,0.752,15.3609433536421,5.89164956596342,0.170544469626,0.145205210709,0.492537313433,0.0578618570515,-0.209776693002,0.249661048309,-0.102446593929,-0.0131019543957999,0.0241354197332999,-0.135657543985,0.0876668416786998,-0.171405256417,-0.0665609677299,0.120339299055,0.0093343480412098,-0.0825408998168,-0.00396264799454,-0.0321208065274,-0.194205939368,-0.0641946687896,0.133645232583,-0.118322960087,0.0340375855233999,-0.103933136164,0.0424773545066,0.0391038997108,-0.0418254816304,-0.0950280554229,0.264612817252,0.0419268020695999,-0.122226860125,0.133193317696,0.0937890909955999,0.0224066015374,-0.126995788882,0.0414573258343,-0.0431697954145,0.147884267752,0.168227631417,-0.300072442147,-0.0612235635358,-0.0155277863704,-0.0903348156173,-0.0004539387115418,-0.0415455615571,-0.0566584860609999,-0.022938021464,-0.0396341040346,0.150920245091,0.0703552633221,0.162935132825,0.073682166388,-0.0722778206185999,0.0374934941199,0.17981589257,-0.0148386461626,-0.0089563711263299,0.0515710177404999,-0.194680283928,-0.0775099681232998,-0.0565253365831,-0.196081686697,-0.0290477054131999,-0.161196197385,-0.129218693024,-0.122167182921,0.0617360044852999,9.5111931642783,2.76823381426,3.60273582158516,2.97673430555267,0.0328104052307,0.88308,0.71268,0.67689
610600,610000,nationwide_score,0.777,14.639686439527,4.13605679245033,0.211680586474,0.094088586835,0.614035087719,0.0699078342000998,-0.210939520303,0.207664810349,-0.157630368494,-0.00922990607563,-0.0430098988779999,-0.184473801912,0.171801200125,-0.212831029799,0.0357577196285999,0.12652583218,-0.0329810857243,-0.0192711943289998,-0.0269176281223999,-0.0543529785816,-0.195405455151,0.0063766351596199,0.196013309778,-0.157105258336,-0.0362557785276999,-0.0496868717764,-0.0179552868439998,0.033751897548,-0.0726188960009998,-0.105026588407,0.15448566944,0.0014309357291699,-0.113390526087,0.0910477432258,0.101798858016,0.0200708230475999,-0.0616873918695999,0.127636023373,0.00434043703109,0.153254947397,0.150025556146,-0.188027386484,-0.0201272336528998,-0.0584357501806999,-0.0554269127371,-0.0222284152620998,-0.0251057147753999,-0.0288758167271,-0.0021947894901,-0.0616096140803999,0.198218467297,0.114870160033,0.11374189872,0.0348409817625999,-0.110509826734,0.103704839963,0.11366257024,0.0524856666609,0.152774816413,0.0542511712311,-0.105678713961,-0.145250877148,-0.125444395426,-0.19719343213,-0.0036028250738099,-0.164076415172,-0.0705543328717,-0.127516971697,0.0257312355454,9.73326201670173,2.6788380339,3.55368041196889,3.32751974520485,0.0558788169197,0.8652,0.71033,0.76431
610700,610000,nationwide_score,0.75,14.9817818066326,4.78411540609513,0.163478901616,0.162681955066,0.510903426791,-0.00238871626049,-0.0756195448852999,0.176683960307,-0.0078611504276298,0.0688755626834,0.0339718266018999,-0.194425476437,0.0719074578207,-0.0818405630990999,0.0894405362773,0.0805255535396,-0.0342911486095,-0.113042909523,-0.000534568374683,-0.114563358628,-0.249991619303,-0.0358002487854,0.0838519348896999,-0.169690289296,0.0100100968348999,-0.16843386388,0.0935627307713,-0.0065242576401199,-0.0638692469489998,-0.0773994907733999,0.145972526903,0.0655748128394998,-0.0747273169790999,0.147677685045,0.0829335255120998,0.0156782491585998,-0.000989725618879,-0.0416715902346,-0.0380126041936999,0.0447553967976,0.0672018914061,-0.302030633925,-0.00537343411717,0.0350912324549,-0.0364714663485999,-0.0226376685454998,0.0311066738994,-0.117483157364,0.0424986502339999,-0.0460437131513,0.151759735472,0.0147507445016,0.102408484541,0.0350062760557999,0.0418020106069999,-0.0137485329565,0.0772425655313,-0.0033122656813499,0.0334848181273,0.191227626661,-0.264783535251,-0.118141661352,-0.0720576785732,-0.285353204313,-0.114316752846,-0.117963415101,-0.265437395941,-0.0082199338512498,0.0708970426230998,9.69247879858926,2.98599928475,3.81676063026676,3.59213787530067,0.0667816919987,0.86154,0.68792,0.71113
610800,610000,nationwide_score,0.799,15.1047434817231,4.44916455456486,0.215441903574,0.101238921553,0.617079889807,0.100373288969,-0.211786774345,0.189985917186,-0.182383981322,-0.0110059213499,-0.000429053188256,-0.17218675194,0.11990486291,-0.228699296134,-0.000261862568245,0.113279810222,-0.0580997149605,0.0030892208003999,-0.035567521671,-0.0694535759137999,-0.175104604572,0.0086211544604699,0.200523476437,-0.0648353489065,-0.0504028775672,-0.0598257454344999,-0.0424746904711,0.0280668906335,-0.0810337181587,-0.141408747925,0.201094944467,0.0244564499433999,-0.120331722104,0.115973358389,0.121162775945,0.0586274259343,-0.0655681396905,0.1240405478,-0.0571456021076,0.151260268761,0.189464285409,-0.181457466821,-0.0100583151066,-0.0598708603636,-0.0709413455728,-0.00422480709192,-0.0880229756585999,-0.00518883063219,-0.0682310767886,-0.0330531898609999,0.194977223424,0.0832319426368998,0.106110125912,0.00632696960968,-0.13043175048,0.0990241900173,0.0958492907599999,0.0436217253606,0.108893418299,0.0550156530851,-0.0864127946002,-0.153682455319,-0.114721758175,-0.151452851602,0.0189606469133998,-0.13133613436,-0.0409641880543999,-0.140613087676,0.0268752704253,9.79956279784413,3.00373753225,3.92456246496333,3.40865669942769,0.0745854573288999,0.87231,0.69808,0.83676
610900,610000,nationwide_score,0.733,14.7277936700472,4.67189091420984,0.191569491413,0.136862375357,0.497991967871,0.0047424956812299,-0.0895511004916,0.162812103782,-0.0107260537839,0.0717636730765,0.00304678842107,-0.234978279787,0.0792089671312,-0.103047788729,0.112156765862,0.0740779879923998,0.0321110783689999,-0.136938304351,-0.017848575972,-0.112178055735,-0.249478805055,0.0302169489846998,0.106982344078,-0.211373443255,0.0136616683179,-0.156567738564,0.0833419518465,-0.0679197001314,-0.0862455175602,-0.0641460336721998,0.137265085273,0.0234275914731,-0.0948534518259,0.124630297127,0.0913399101013,-0.00434693886357,-0.0103801960585,0.0154284526391,-0.0143165040453,0.013319499814,0.0755679918771,-0.279021252306,-0.021611930186,0.0472867566553,0.0204966532065,-0.0333208370479,0.0773552647127,-0.0717613331072999,0.0590378803755,-0.0229736551082,0.137386469789,0.0392898348797999,0.16662961902,0.0786982457911,0.0471694644346,-0.0128538793574,0.0503598541305,0.0406920269413,0.0872897472341,0.175816946947,-0.242338859551,-0.104264350864,-0.0792578851178998,-0.245757156679,-0.0893744700555,-0.144508241554,-0.236257392697,-0.0114050642868,0.0836446820181,9.77307281272961,3.73355739083,4.73101713762693,4.19814637249661,0.163321682159,0.85077,0.66815,0.69217
611000,610000,nationwide_score,0.72,14.5333508389194,4.66123476504126,0.207935018068,0.125910449373,0.478048780488,0.0142962101348999,-0.131668572195,0.186902088072,-0.0377747134229,0.0421299016348999,-0.0318918204229999,-0.227170395158,0.149612692717,-0.141214704407,0.0658632836679999,0.106529150204,0.0268432715669,-0.118018142825,-0.0097908945899699,-0.104065818159,-0.253675340857,-0.0106400152566,0.131524702065,-0.226221570863,-0.00164964526319,-0.122832032147,0.0355087221998,-0.0123438118503,-0.0719681530440998,-0.0627673127726,0.117365972117,-0.000756267709624,-0.113895445152,0.101712950137,0.105432927567,-0.0167046616,-0.0259587065864998,0.0925967682247998,0.0390211059333998,0.0488928237932,0.0990483853929998,-0.246508450045,-0.0223894921299,-0.0033919666472699,-0.0196430566148,-0.0114950138906,0.0415973135598999,-0.0395584407127,0.0330912670676,-0.0745467877431,0.148420199688,0.1115536378,0.133732336423,0.100364474059,-0.0557307743123,0.0431442768082,0.0921849331666999,0.0630301059215998,0.146064646046,0.0868665380378,-0.183946592059,-0.123570637536,-0.123575149096,-0.269024206783,-0.0884347511542998,-0.168893007155,-0.201963340196,-0.030350746022,0.0679215413272998,9.03960644294313,3.4603086656,4.26417197551135,3.72490123654126,0.118892461247,0.82201,0.68542,0.66138
620100,620000,nationwide_score,0.778,15.2902737959047,5.80536191666135,0.143438239522,0.105922857797,0.830663615561,0.0778834107052999,-0.245763926101,0.171321602146,-0.0520808671978,0.00573241675474,0.0173174386387,-0.0972782011944,0.0715334479478,-0.260370626743,0.0743558993891998,0.0946069841402999,-0.107074807618,0.0435225738813998,-0.0714539517350998,-0.159525052844,-0.285278836184,0.029440578892,0.130289865678,-0.0372682310693999,0.0086357404795498,-0.0344994043231999,-0.0339527852027999,-0.0002488412723688,-0.0928313175368998,-0.0729952783373998,0.16096562589,0.0709671978792,-0.062020223832,0.0779975027908998,0.126104714435,0.0233418961186999,-0.0243323014937,-0.0015344175761099,-0.0890264196974999,0.158557209889,0.0461150142466998,-0.236595150857,-0.0252591714880999,-0.0285288977577,-0.11807688223,-0.0455269922641999,-0.100120582222,-0.0557601772722,-0.0733787993116,-0.0146111813321999,0.168047838182,-0.0238541003687,0.0992249684008,0.0203458861289999,-0.0382530195119,0.0428103889424999,0.114493349093,-0.0338376603526,0.0727949395923998,0.17832037543,-0.129043366676,-0.13681285212,-0.101531306584,-0.277091745247,-0.0650411496982,-0.0292578617755,-0.134078052634,-0.174336069485,0.0905433154828999,10.5336409526333,1.42060799179,2.15780879968843,2.24142029042851,0.0035641664011599,0.83846,0.7422,0.75711
620200,620000,nationwide_score,0.817,12.6443308022626,5.53782992541305,0.161057318603,0.101663760056,0.967741935484,0.0814857613387,-0.192185768609,0.156227127337,-0.0202485653021,-0.0159988156935,0.0306926219495998,-0.112282593549,0.102478725583,-0.290627445047,0.0541901528297999,0.18348663212,-0.101766462242,0.124282205358,-0.0974616829343,-0.196000194103,-0.20696406914,0.0830568561486,0.12938346456,0.0492759067070999,-0.0190543600861,-0.0582634521848999,-0.0987585067053999,0.0752675168074,-0.0797008989356998,-0.114270029835,0.138172790727,-0.0320460653018,-0.0666430367030999,0.122957947097,0.119237940112,-0.0174663472574,-0.0402336505367,0.0224349559501,-0.132184791006,0.128219877578,0.104162567659,-0.217412443919,-0.0630623935664,-0.0787542405685,-0.144719582724,-0.0148901538226,-0.156080801273,-0.0064532676850499,-0.0337624746684,0.0176386334569,0.176216788973,-0.0543919993938,0.117377077509,0.0368664535599999,-0.033534983561,0.0491856500845,0.0758847706117,-0.0056174959741299,0.0147888134841999,0.176385309477,-0.0985098459756,-0.097095617021,-0.0359438736852,-0.358465776861,-0.0767541944883999,-0.0191566979853,-0.111042816538,-0.223845758932,0.0454035718701,10.0592525967784,0.947688476912,1.50522628497585,1.51478450170534,0.000799765660133,0.89523,0.75806,0.80408
620300,620000,nationwide_score,0.783,12.9945322786191,4.072523468903,0.143462024786,0.125642741978,0.772727272727,0.0699292160163998,-0.151382737242,0.158595288293,-0.0423285224664,-0.0401356393805,0.0781579409927,-0.0700251976295998,0.11199814044,-0.238024727723,0.0384139578821,0.148221742292,-0.114601367871,0.125426121159,-0.0445272016166,-0.145380223123,-0.19286126656,-9.76773518038e-05,0.117112599646,0.0499234509454999,-0.0390661985976,-0.0543289617818,-0.103085733124,0.0715767995118,-0.0765250905496999,-0.127785414538,0.119091209874,0.0130777527098,-0.106457183001,0.0920639753986998,0.161468533688,0.0200532035537,-0.0285544615723999,0.0425349787070999,-0.118954322453,0.0855844276701999,0.132601093113,-0.201251174148,-0.0188809027352,-0.073194820857,-0.135515298816,0.0247256825619,-0.131898675593,-0.012930298207,-0.0986800131428998,-0.0355542192834,0.148708115447,0.0222269794278,0.0716625072864,0.00129893032305,-0.111237738003,0.0743175389042999,0.0542668764795999,-0.0116753842246,0.0088959160260098,0.167548910795,-0.0719559394754999,-0.158569982194,-0.0768343410946999,-0.322952570425,-0.0424693812775,-0.0391646559510999,-0.144046233973,-0.228433113915,0.0507556176843,10.0375832745332,3.20774272736,3.99658777950839,3.70909239229952,0.0843622713305998,0.86154,0.70677,0.78769
620400,620000,nationwide_score,0.724,14.2276208710425,4.3324272349882,0.191503469059,0.127703767337,0.562913907285,0.0571540869423,-0.169164808792,0.206062883552,-0.0779593205829998,-0.0409561211233,0.0533739029248999,-0.120893901557,0.100572105634,-0.214646807255,0.0439437511465999,0.0962104698488999,-0.118396472094,0.0452607830419,-0.0108759774691,-0.126810163675,-0.217282695829,-0.0521658929935,0.137280849942,-0.0176031270922,-0.0484100896288999,-0.0440868897876,-0.0385614508285,0.0645108112744,-0.0819276891752998,-0.153338483683,0.141360649972,0.0742317576266,-0.0898175103430998,0.0506388178697999,0.165541245072,0.0657021536519,-0.0179585134508,0.0487556893449999,-0.102787776456,0.11450728053,0.107015238759,-0.19973498869,0.0285999945225,-0.0597216299170999,-0.102879876133,0.0184697303989,-0.109392379816,-0.0470326646199999,-0.130538675921,-0.0759581904567998,0.157597850321,0.0828684396827999,0.0445941567283,0.0051631897312699,-0.139630499879,0.0845992725315,0.112646779422,-0.0030447266003299,0.0735497453481,0.135997344245,-0.0924687892383,-0.199800885517,-0.108693656028,-0.285494828409,-0.0563959527376999,-0.070472315539,-0.160848752672,-0.154933465679,0.0546781175379999,9.30078321677105,3.42262798537,4.29974786003756,3.4130884666898,0.170872693019,0.85138,0.68742,0.64948
620500,620000,nationwide_score,0.687,14.907434194052,5.34579808783103,0.209047278439,0.117593265011,0.456375838926,0.0221359295776,-0.135945452228,0.130399701544,-0.0645740321592,0.0181849850083,0.0300367694775998,-0.104181439458,0.124072676766,-0.139051899562,0.0659606432301999,0.0772807918293998,-0.11485243086,-0.0436378246547,-0.0338499384154999,-0.139066658927,-0.303397758988,-0.0443306865339999,0.140472740944,-0.116548356323,-0.0218111119787,-0.0939407423848998,0.0119271037724,0.0590954238791,-0.0990901856441998,-0.0779431984663,0.0995705892639,0.0707675004882,-0.11720317499,0.0845336001879,0.14390437894,0.0332947243393,-0.0111606358940999,0.0034337291802699,-0.0151320212826,0.107692904541,0.0828230560079998,-0.208010126842,0.0213582439991,0.00338722971202,-0.0577694619641999,-0.00678468519481,-0.0270709013748,-0.101700556033,-0.0240470927614,-0.0796909136551998,0.15062493234,0.0777428613351,0.0495145296663,0.01909234938,-0.0697116260055,0.078259133342,0.118406467926,-0.0225375825608,0.121816183876,0.17007348574,-0.176549017051,-0.141796774707,-0.10927186051,-0.33507454833,-0.097738621932,-0.0900726094700999,-0.231662394734,-0.117490851321,0.0692846130452998,9.11519779557529,2.56774419149,3.40452271311061,2.74830217830066,0.0177510849775,0.84923,0.64677,0.59133
620600,620000,nationwide_score,0.723,14.1939476786158,3.82993725600438,0.178527538158,0.124618635697,0.472602739726,0.037456036449,-0.15050819382,0.166246718062,-0.0594344024590999,-0.0451481560085999,0.0629087407584,-0.0678175002242999,0.139182088449,-0.185354550014,0.0239200920287,0.123998972776,-0.143396540788,0.126875837121,-0.0150823651323999,-0.130491715896,-0.201082350455,-0.0688932149163,0.0668015040564999,0.0465010898776,-0.0561467139107,-0.0453207402935999,-0.0886907818328998,0.100238496303,-0.0759510008812,-0.125774510207,0.111042456877,0.0381567659088,-0.122686765278,0.0824055792135,0.1684708758,0.0366101788914,-0.0604030829266999,0.038423843547,-0.0853655659000999,0.0849879916452,0.175679156784,-0.19016986079,0.0132266727396999,-0.058893976692,-0.143467143554,0.0328132630501,-0.121974160114,-0.0256142842288,-0.114095889504,-0.0862408769869,0.167225864264,0.0898983593178998,0.0456942587113,0.00718934954427,-0.153795483738,0.0985542986543,0.0910440679767998,-0.043511986389,0.0248447842732998,0.148722545582,-0.0886955901945,-0.181708178937,-0.0737162902216,-0.318199300761,-0.0517337224266999,-0.0752666077816,-0.135524473996,-0.196875251231,0.0418137808562999,9.19555697654966,3.32236046592,4.03263981782563,4.03710097511384,0.0869045187363998,0.85631,0.66777,0.66219
620700,620000,nationwide_score,0.728,13.9377290756439,3.41365752125457,0.170319991034,0.120935605396,0.513274336283,0.0493164202307999,-0.13576261189,0.188535609222,-0.070912112112,-0.0571729962641,0.0642488283856,-0.0664769508953999,0.131632157394,-0.210052772132,0.0071922203073998,0.135255816815,-0.116003481585,0.138515668602,-0.0192566127862,-0.135672798691,-0.174240219212,-0.0319527108759999,0.0657756134895,0.0550227006257,-0.0424649832418999,-0.0302182698554,-0.0936791562762998,0.100252966191,-0.0804754755041,-0.117268424425,0.114638464189,0.0194519561096999,-0.125449669024,0.101684985902,0.14903838797,-0.00468591322481,-0.0743301459507998,0.0253565852583,-0.105224046922,0.0865018126556,0.163638650607,-0.187894016556,0.00367977779627,-0.0778892954208,-0.170184673693,0.0016801790538398,-0.133465832794,-0.0362439032022999,-0.115937777506,-0.080647286568,0.170267838298,0.0573194230979,0.0613175107734999,0.0330656641941999,-0.107886993397,0.0918046526253998,0.0915743843794998,-0.0333251196861,0.0156931875673998,0.13128868292,-0.0604392904423999,-0.142881326434,-0.0673294506669998,-0.326246965839,-0.0479913065864,-0.0639671081508998,-0.153826267824,-0.231297880693,0.0483481176592,9.78659173380586,3.14646299079,4.00715554327871,3.86269167455823,0.0831879683592998,0.83385,0.67726,0.6843
620800,620000,nationwide_score,0.69,14.4252766730633,5.1145902638453,0.198373675329,0.131637556412,0.451086956522,0.0314928509686999,-0.170094561254,0.159692013971,-0.0877068940444,0.0086579857138199,0.0359349611124999,-0.116902644788,0.1406822355,-0.174229307492,0.0632577223895998,0.0848270610714998,-0.108143786057,0.00113422690432,-0.0274109320724,-0.127563028266,-0.269826712122,-0.0583345654714999,0.126409171917,-0.10357893613,-0.0246876305599,-0.0790577546883999,-0.0140123027061,0.080386810534,-0.0839089885161,-0.0763000262503999,0.13148451687,0.0565832954209999,-0.125910079532,0.0797268668801,0.136571316884,0.00974091961886,-0.0181023087959,0.0362453944699999,-0.0322427847605,0.134629627438,0.109479489769,-0.197204490128,0.00751116544638,-0.025083159122,-0.0932867931781,9.41162655952e-05,-0.0687699924977999,-0.0709128707008998,-0.0431395257069,-0.0895846561627,0.162654112666,0.0976248311477,0.0582949554642,0.0224184044199,-0.108524423912,0.0934627090516998,0.130928851354,-0.0100480034168,0.118160313182,0.130899416079,-0.151277780948,-0.148010597717,-0.112727618228,-0.331830677003,-0.0807689223964,-0.0937077641198,-0.192486535403,-0.119942177198,0.0600990902565999,9.10558655629667,2.66229387782,3.50132327328424,2.9631974968898,0.0341801899136999,0.83077,0.6465,0.61264
620900,620000,nationwide_score,0.764,13.873780409484,1.99077284993185,0.151106273829,0.109963528976,0.641509433962,0.0850611086226999,-0.110016633635,0.172583728487,-0.0574214664999999,-0.0413501730554,0.0917730714448,-0.0702716580907,0.135574749976,-0.232929064207,0.0246515956474,0.146909219568,-0.119696555181,0.0853859258853,-0.0341970969478,-0.128642702307,-0.161643372579,-0.000504215213831,0.0649399757338,0.0820579966907998,-0.0324548445207999,-0.0461235440912999,-0.108677814056,0.0519551358151,-0.0905990446439998,-0.117711960002,0.139503624307,0.0341116422682,-0.132268898221,0.100861164687,0.154509055775,-0.0165088530782999,-0.0662147625705998,0.029779347538,-0.120636996934,0.0597704501124999,0.177554341705,-0.188350690403,0.00276741197846,-0.103881902496,-0.185398798207,0.0269969202219998,-0.12296833987,-0.0214222329834,-0.113468294301,-0.0618798217309,0.16003251693,0.0244708202604,0.0551439893927999,-0.00368224009787,-0.0807202691233,0.0705968717086998,0.0793688405024,0.0013080424578798,-0.0195396912277998,0.128094815965,-0.0423596489317,-0.113460652255,-0.0303014788096,-0.327860938877,-0.0213314391845998,-0.0586647325814999,-0.159933802639,-0.253119418377,0.0623828393975999,10.0438526763734,3.68091811214,4.53935619358009,4.38510434889886,0.143845111807,0.85538,0.69756,0.74657
621000,620000,nationwide_score,0.727,14.5948358934808,4.39966951698432,0.219860580236,0.119166647092,0.417431192661,0.0390471745687999,-0.171107293729,0.202999929638,-0.113192440123,0.00881701327113,0.0204525165938998,-0.131146072306,0.142206904981,-0.194841138798,0.0382114836982,0.082418078239,-0.0786181945309998,0.0110042711847,-0.0027755829835399,-0.102740993108,-0.229074702694,-0.0658279984724,0.14780446498,-0.0859433950244,-0.0376075435269,-0.0707510911057998,-0.0214428818330998,0.0943630859496999,-0.0722973052826,-0.0905745000798,0.132563176086,0.0388596580895999,-0.133449630929,0.0818510734105998,0.128507258665,0.0322372715942,-0.0529413673098,0.0717013698221,-0.0409673041193,0.141327158938,0.145585727445,-0.218930127787,0.00583268249004,-0.0515163042037,-0.0634429476398998,-0.0002491590131169,-0.0654654390139998,-0.0623441260478,-0.0621664292949999,-0.099651780893,0.185712822341,0.114624811156,0.0844513718588,0.0309902285681998,-0.150011791353,0.0973331041838998,0.137064257333,-0.0097730633179199,0.0993774646385,0.0966337360817998,-0.152248656472,-0.168628787126,-0.100110551218,-0.269229267652,-0.0553657577141999,-0.134430335343,-0.15063058052,-0.106557644157,0.0174425839241999,9.00232944911739,3.17848717955,4.07866679686348,3.56074618888758,0.0934536292632,0.88138,0.66164,0.65798
621100,620000,nationwide_score,0.663,14.7397698563129,4.86312292023074,0.205376786102,0.121997172487,0.384920634921,0.00276188910562,-0.165135344295,0.146698623368,-0.0660590498928999,-0.0314426279308,0.0323041678963,-0.121999606072,0.0917847411354,-0.175921162708,0.112152732807,0.0782686552323998,-0.139100025745,0.0536989146904999,-0.0245437801687998,-0.1681573089,-0.245878436657,-0.0663722720613,0.12892135584,-0.0620001528636,-0.0537646761458,-0.0409727062591999,-0.0100402503483,0.101892281623,-0.0997518242952998,-0.111194472655,0.0627712510862,0.0536523683611,-0.0681334469387,0.0541056910020999,0.144890706486,0.0506589873346999,0.0214298716658,0.0213860355672,-0.0487496507391999,0.122849087746,0.0646135801077998,-0.158426718798,0.0456229434527,-0.0449640339537,-0.0701016637035,-0.0186161971117,-0.0798668678053,-0.106026455054,-0.0645423879376,-0.0735672344854998,0.145616767507,0.0958933867977,0.0325430490032,0.0272227152223998,-0.115683184221,0.0944683446333998,0.101502065658,-0.0254453018523,0.145073454604,0.184571626988,-0.146250499791,-0.199145156964,-0.132493160843,-0.330958774185,-0.101811920176,-0.0862973285615998,-0.189276238265,-0.129522519948,0.0530046911794999,8.75130682691432,2.86124719468,3.66398792104107,2.88694120017837,0.0281535832143,0.82,0.64172,0.55444
621200,620000,nationwide_score,0.663,14.6909797119848,4.4667237374311,0.216822815303,0.114651804227,0.3625,-0.0073188886905698,-0.10353238218,0.145087044534,-0.0394855093221999,0.0214209943596,0.0169369140341,-0.157174184405,0.124415559441,-0.116865276406,0.116744498039,0.0667390595282,-0.10762915209,-0.0382978989833,-0.0229674094258,-0.138616238384,-0.291706520503,-0.0250683595050999,0.119214014609,-0.170588906188,-0.0258361126155,-0.105598828495,0.0281402467132,0.0390825579403999,-0.0869899657936999,-0.0619325488804,0.0419069936822,0.0569400367519,-0.0854708286032,0.0772049386631998,0.128917517382,0.0192777207512,0.024075837557,-0.0152732153851,-0.00895018826556,0.0498916836744999,0.0295200064973,-0.185183170069,0.0251494103477,0.0041843587070199,-0.0319399611415999,-0.0116945103725,0.0132052325178,-0.104241124899,0.00528444533552,-0.0773869924911999,0.146939265784,0.0776187452116,0.0493384669178,0.0404642229262,-0.0340893811532,0.0379645478876,0.0778585825996,0.0007887170279489,0.122351024175,0.18979466089,-0.200578852068,-0.138921605893,-0.132394904703,-0.368256134758,-0.129006429302,-0.10642488625,-0.263827405825,-0.0794227510995998,0.0659660661658,8.66775458029579,3.45802809384,4.18862759874381,3.74071188233734,0.111707599612,0.85203,0.6043,0.56514
630100,630000,nationwide_score,0.761,14.7197291134624,5.78738077312113,0.164376020998,0.091966481045,0.785425101215,0.020137450277,-0.269436773264,0.150385929909,-0.0337025006627,-0.0333767197707999,0.012933606343,-0.0851451133752,0.0779442317791999,-0.240483611387,0.153186426097,0.0942746871966999,-0.13072974661,0.116234721572,-0.0677774899943,-0.183854145194,-0.243116522198,-0.00920508431773,0.134742536365,-0.0095135459169399,-0.0409325226973999,-0.0279559700990998,-0.0413509596123999,0.0871945370721999,-0.0757486628144,-0.0794082437594,0.0997814208036,0.0090666507782498,-0.0502989832879999,0.0625364947532,0.0763781361614998,-0.0163230289698,0.0304343517779,-0.0266107323127998,-0.0812519554516999,0.158703174746,0.0155895018652,-0.153255733966,-0.0163312561803998,-0.0456681533046,-0.121977775019,-0.0520665339411,-0.113573235904,-0.0774224993999999,-0.0163631180412,-0.0175738617752,0.180841823053,-0.0047855879192099,0.0737550786646,0.0336693759932999,-0.0342736198983999,0.069897290084,0.0964383501770998,-0.0251298700955999,0.13092962678,0.201117690052,-0.170872029941,-0.155967063016,-0.10703336099,-0.337360247076,-0.0991402910162,-0.0453771756102999,-0.114837035504,-0.191207092068,0.0358519261985,10.0528804892009,1.42988762774,2.29396391935205,2.23841370491249,0.00441371482121,0.84769,0.71145,0.72975
630200,630000,nationwide_score,0.707,14.1229959930061,4.65967447426535,0.227101054475,0.0927450929150999,0.404411764706,0.00316149951783,-0.235384186921,0.157066732934,-0.0668145084139998,-0.0712362913669998,0.0413028404096,-0.0988527419186999,0.099649260599,-0.188381288931,0.130442736257,0.0737745328829,-0.160259401149,0.0992902936426,-0.0431513013190999,-0.143857267804,-0.221498773724,-0.0789779418003,0.115027267738,-0.0356328929188999,-0.0591367108745999,-0.0298864744517,-0.0312440775746,0.102160490735,-0.0769996578219998,-0.104624990656,0.0829448299956,0.0202941260075,-0.0637839714291,0.0506215072909999,0.139053956078,0.0198355634652,0.0408022356668,-0.0149917979578,-0.0569609351863,0.133294287398,0.0641018936698,-0.127978973243,0.0147480771971999,-0.0466104767212999,-0.112408214891,-0.0234247302014999,-0.0888631865376,-0.0891584718957,-0.0326074503969999,-0.048448397591,0.154982993571,0.0790520757084,0.0267375947553998,0.00238964912054,-0.109467656589,0.103565196367,0.0865005982354,-0.0175044617200998,0.135456500434,0.184760789251,-0.145067548371,-0.198562318438,-0.104863800302,-0.354684979633,-0.0567496298655,-0.0680060613865998,-0.145725020937,-0.19588792233,0.0469641265441,9.09580060065931,2.42782757354,3.3263381797963,2.90240608267742,0.0181398632724,0.85077,0.61833,0.6717
640100,640000,nationwide_score,0.796,14.8663325324463,6.03141100310788,0.1811288865,0.079851411651,0.804195804196,0.127335499209,-0.226783158399,0.164494596793,-0.0819819677121998,-0.0123493373511,0.0389147408902,-0.0354642101217,0.0695175517991998,-0.237823337298,-0.0183834873541,0.108188306803,-0.119893799994,0.00619390978205,-0.0547068264512999,-0.127518649202,-0.275806454911,0.00746897832076,0.0673602846754,-0.012993867798,0.0266322972551998,-0.0448026785718,-0.0588811442416999,-0.0372210128129999,-0.0956851971459,-0.0721461059250999,0.219605872195,0.0644164488418998,-0.115964173447,0.109306042756,0.137081260309,-0.0083142380140099,-0.116906239849,-0.00399920841143,-0.080233883578,0.175311746703,0.138445666515,-0.23670961003,-0.0474655636413,-0.0455347361412999,-0.190325844927,-0.0542793426929,-0.0976375967183999,-0.0383973270096,-0.0830122992923,-0.0594931952544,0.157351484513,-0.0358546210062,0.0954082598836999,-0.0138922657383,-0.0263206359404998,0.0282736280708,0.116245999153,-0.0215352640899998,0.0351483006609,0.141944546618,-0.0952247632527998,-0.100675655587,-0.0410094416339999,-0.278296349578,-0.0278128288962,-0.00805094051584,-0.148380664708,-0.233929142345,0.133465791307,10.201905278842,1.7846719341,2.71211038559971,2.28853404319065,0.00519917615673,0.88923,0.74296,0.7629
640200,640000,nationwide_score,0.778,13.5278298188449,5.21947249288817,0.155358040391,0.110493072615,0.786666666667,0.0956245565512,-0.224821641472,0.198787493747,-0.0846023399682998,-0.0069750039719699,0.028874086084,-0.139367778722,0.0885192380222998,-0.237772571079,0.000884857145756,0.15576128197,-0.062582224596,0.0414702363612999,-0.0242973103259,-0.131618935016,-0.218079267261,-0.0241382912326,0.126618412902,-0.0060486773188999,-0.0234417108390999,-0.0844680232931,-0.0193963473828,0.00888453329809,-0.0457720263502,-0.150329735784,0.192966756359,0.0322419330306999,-0.0982717595092,0.111263768318,0.120358177271,-0.0219548781045,-0.0901174582285999,0.0567576169700999,-0.124612707936,0.14965790728,0.160297704148,-0.212475147588,-0.0224490462741,-0.0752923145499,-0.128313087609,-0.0271714236513,-0.131312351233,0.00137491859963,-0.125935651958,-0.0603126494811999,0.167692161582,0.0400217641914999,0.112047394959,0.0305841524027,-0.0876611839265,0.0577901631809999,0.118014115155,0.0373669771299999,0.0241233022717999,0.0892464897209998,-0.0728916914468999,-0.118501956918,-0.105429978712,-0.301232169568,-0.0629528360281,-0.0437377136111,-0.125944934644,-0.158437255353,0.0862692740755,9.54174646399722,2.26080340307,3.24492577139175,2.52979558483502,0.0072172132860499,0.86923,0.70428,0.7685
640300,640000,nationwide_score,0.74,14.1375947817708,4.42021180126955,0.229663915386,0.083552185281,0.557971014493,0.0882001400867998,-0.15754106653,0.177976204418,-0.0929970911352999,-0.0387341572507,0.0496363067890999,-0.0874453503625999,0.0975425500361,-0.219297854538,-0.0169457769636,0.102142317766,-0.117634509937,0.0359880467175,-0.00649735562088,-0.118458761851,-0.226797092711,-0.0378702551462,0.0900804189388,0.00664492660274,-0.0224420775228999,-0.0501906710871,-0.0689854903823999,0.0405115984308,-0.0814866972384998,-0.132151185936,0.190747669247,0.0758221403374,-0.12486777211,0.0946562748906999,0.158384917353,0.0334526213921,-0.0911460321411999,0.0432074463441999,-0.105032021847,0.141492415006,0.159138820999,-0.219107401723,0.0010518890187,-0.0607704448575,-0.161163783627,-0.000288706803832,-0.122063742234,-0.0310372484534,-0.136313958672,-0.0939983558682998,0.178348784906,0.0410211047606,0.0631645288493,-0.0061518295627799,-0.106026900381,0.0651216813546,0.117114980909,-0.0141147554853,0.0392838171503999,0.126191067277,-0.0863344878626,-0.161618478505,-0.0601258942889999,-0.265901339078,-0.0399177478938999,-0.0625655452949999,-0.154467085285,-0.187365506397,0.0658695873941999,9.45958042801167,3.01681244708,4.04052180490548,3.20745294823464,0.0927688667668998,0.86923,0.66938,0.69761
640400,640000,nationwide_score,0.714,13.9465396975633,4.69404672432088,0.241350796038,0.0939248112247998,0.438596491228,0.0304868132907,-0.166324645072,0.153001524822,-0.110706972567,-0.014655762895,0.0331907347368,-0.0976085715311,0.116098228348,-0.172230147659,0.0753906840111999,0.0831645156807,-0.144746155989,0.0437606526786,-0.0183839929482998,-0.140328100649,-0.229188286074,-0.0667635398573,0.118629623906,-0.0340233506704998,-0.0655915200454,-0.0363734253918,-0.0256176640245,0.1141139252,-0.101757165298,-0.12054116582,0.0961505712986999,0.0503296590300999,-0.121851686585,0.0748512199127999,0.160193539911,0.0555441875160999,-0.0191172639184,0.0422608027974999,-0.0353063491789,0.133344498901,0.13161700935,-0.168449463448,0.0359596322761999,-0.0608504058427,-0.0882350426925,-0.00252210917128,-0.0772395582786,-0.0781497788942999,-0.0654521302596,-0.100053553607,0.175637338726,0.10589316328,0.0252396471074998,0.000850026691098,-0.146765056855,0.116091279537,0.112689303786,-0.0429448948000999,0.141505373621,0.163349935134,-0.126007362304,-0.192154448106,-0.103772302016,-0.28591704733,-0.0788180816,-0.0977221974268999,-0.153274697409,-0.148958927659,0.0339742799399,9.26856541948917,3.17208518785,3.87137210133776,3.04253432191596,0.0420414110113,0.87385,0.6517,0.64004
640500,640000,nationwide_score,0.733,13.8831701410171,4.37504511587068,0.227895574444,0.0888553102149999,0.495327102804,0.0719918475382999,-0.160877964385,0.195468900198,-0.0904904540754,-0.0470764937622999,0.0543384073237,-0.101756232487,0.0956340912013999,-0.215407932781,0.0073134466280399,0.09845628534,-0.112620036261,0.0518224011901,0.00530631931096,-0.125257690488,-0.220519272002,-0.0512172567147,0.0984721816629998,-0.0040530088780299,-0.0320801988703999,-0.0463272930903,-0.0644822637007999,0.0618050462315,-0.077737555732,-0.142898466887,0.173690199704,0.0791113565681,-0.114609890501,0.0744948145739,0.158046840073,0.03565600489,-0.0612602510185,0.0422478899885999,-0.104801428861,0.140756709469,0.140352251666,-0.214029336724,0.0051409710992698,-0.0646944146566,-0.148072254146,-0.00299233891528,-0.119549150393,-0.0464027474032,-0.132310047634,-0.0975337295543999,0.17149751984,0.0666156306674,0.0499815498243,0.000390755134108,-0.115184885659,0.0782503770760999,0.122874997544,-0.0094503426766599,0.0582754762212,0.130403021113,-0.0901003022717,-0.171596259731,-0.0840426186943,-0.282455338549,-0.0636095157934998,-0.0730961386563998,-0.15863891261,-0.176190916861,0.0671645735366998,9.39105861923392,2.83723194222,3.7223699512662,3.03074787977423,0.0266500672857,0.86031,0.66814,0.6841
650200,650000,nationwide_score,0.871,13.038983942376,4.18042358164358,0.143174350813,0.0885439904825,0.913043478261,0.109494916592,-0.222305394713,0.142174804271,-0.174372807913,0.0792325037446,-0.0330287847915999,-0.157957432262,0.111338744043,-0.241340887255,0.0198690773635,0.16543747311,-0.123930437127,0.00761695828843,-0.0805369283071,-0.203782729052,-0.0184418239571998,0.0997234548313998,0.0645994915505,0.0675456784342998,0.0159781484869,-0.0313210242953,-0.0502678135863,-0.00628426589481,-0.115064071853,-0.101780008735,0.24662962479,0.0508517425383,-0.0659879400298998,0.243216166711,0.0149709038264999,-0.017273716851,-0.164864440826,0.0810941638871,-0.0781343441549,0.131446028109,0.229528225868,-0.139733743827,-0.0123244137974999,-0.195215104269,-0.0209014021538,-0.0959839732675999,-0.156660236336,0.0153316135809,-0.0786600401291999,-0.0555697162237999,0.226217381127,0.0633440435957,0.0357803546625,0.034542938507,-0.115698344288,0.0910814558853998,0.0243292081363,0.0184004560706,0.0064087409857699,0.0925685278998999,-0.0502135985687999,-0.0013161401882,-0.0936419979810999,-0.112070077044,-0.0123752129615999,-0.018568090528,-0.0531029382066,-0.187677144892,0.0230438648016999,9.94168244707522,1.82929630448,2.07984027685315,2.57379203470445,0.0097313728558599,0.94985,0.76586,0.90785
