unit,group,role,y_hdi,feature_control_log1p_population,feature_control_log1p_population_density,feature_control_worldpop_child_share,feature_control_worldpop_elderly_share,feature_control_urbanization_rate,feature_ae320_A00_popmean,feature_ae320_A01_popmean,feature_ae320_A02_popmean,feature_ae320_A03_popmean,feature_ae320_A04_popmean,feature_ae320_A05_popmean,feature_ae320_A06_popmean,feature_ae320_A07_popmean,feature_ae320_A08_popmean,feature_ae320_A09_popmean,feature_ae320_A10_popmean,feature_ae320_A11_popmean,feature_ae320_A12_popmean,feature_ae320_A13_popmean,feature_ae320_A14_popmean,feature_ae320_A15_popmean,feature_ae320_A16_popmean,feature_ae320_A17_popmean,feature_ae320_A18_popmean,feature_ae320_A19_popmean,feature_ae320_A20_popmean,feature_ae320_A21_popmean,feature_ae320_A22_popmean,feature_ae320_A23_popmean,feature_ae320_A24_popmean,feature_ae320_A25_popmean,feature_ae320_A26_popmean,feature_ae320_A27_popmean,feature_ae320_A28_popmean,feature_ae320_A29_popmean,feature_ae320_A30_popmean,feature_ae320_A31_popmean,feature_ae320_A32_popmean,feature_ae320_A33_popmean,feature_ae320_A34_popmean,feature_ae320_A35_popmean,feature_ae320_A36_popmean,feature_ae320_A37_popmean,feature_ae320_A38_popmean,feature_ae320_A39_popmean,feature_ae320_A40_popmean,feature_ae320_A41_popmean,feature_ae320_A42_popmean,feature_ae320_A43_popmean,feature_ae320_A44_popmean,feature_ae320_A45_popmean,feature_ae320_A46_popmean,feature_ae320_A47_popmean,feature_ae320_A48_popmean,feature_ae320_A49_popmean,feature_ae320_A50_popmean,feature_ae320_A51_popmean,feature_ae320_A52_popmean,feature_ae320_A53_popmean,feature_ae320_A54_popmean,feature_ae320_A55_popmean,feature_ae320_A56_popmean,feature_ae320_A57_popmean,feature_ae320_A58_popmean,feature_ae320_A59_popmean,feature_ae320_A60_popmean,feature_ae320_A61_popmean,feature_ae320_A62_popmean,feature_ae320_A63_popmean,feature_economic_log1p_retail_yuan_per_resident,feature_health_log1p_motorized_mean_minutes,feature_health_log1p_q90_minutes,feature_health_log1p_sd_minutes,feature_health_population_fraction_ge60min,y_health_index,y_education_index,y_income_index
130100,130000,nationwide_score,0.778,16.2349894913978,6.68445961805572,0.19443010313,0.117820933889,0.701957295374,0.090868486204493,-0.263151126536637,0.233585284316627,-0.17661177576246,-0.0247394585044107,0.0069219301980488,-0.0996283577103397,0.0680298411798431,-0.191827206717453,-0.0972571308346102,0.162334682114181,0.0325993732037252,-0.112444061456417,-0.0776688408472476,-0.0261309504125609,-0.112001767135894,0.0112197420266462,0.139078605534395,-0.0729071591567243,0.04933180937034,-0.0544419639419723,0.0469061888245311,-0.0297047863617411,-0.0361049540527542,-0.043200206273274,0.343160951427538,0.0397038792301343,-0.0869472423022734,0.149008316528943,0.0345148311233308,0.0366599243701713,-0.136445891261384,-0.004176354498908,-0.0498447639211327,0.178696923233513,0.142546900375973,-0.30643844789649,-0.132792914958232,-0.0021448035706987,-0.122507972447894,-0.0398069108529816,-0.0834343495972729,-0.0005287667988211,0.0195116768365195,0.0395407956473207,0.167617363042727,0.024674609959527,0.180614362071736,0.0958429659866843,-0.0285807109692075,0.0214157851777582,0.151657241892049,-0.0418573267526023,-0.014505644776836,0.0338770368829466,-0.214766219854039,0.0149537603198189,-0.0270165116823669,-0.0330971972027959,0.0310178146151576,-0.0973913710321091,-0.0358428154789142,-0.197696037131017,0.0536980844507591,9.96171159797381,2.05202731763,2.87087105009437,2.28153259347682,0.0032589140879399,0.89231,0.73129,0.72232
130200,130000,nationwide_score,0.799,15.8593250515346,6.30531248975396,0.168347691959,0.146991941004,0.642487046632,0.0809566878595872,-0.253180956081202,0.264184283952466,-0.207524449043944,-0.0500474616903834,0.0082287696765858,-0.141962999166863,0.105479052887458,-0.176175176191936,-0.0940782023065125,0.182079895827391,0.0171131073288984,-0.0447573043314138,-0.0762564128459818,-0.0663147395923137,-0.116648648226228,0.0253502920854842,0.165525697187561,-0.0873649812969425,0.0699287966023341,-0.0580360479793665,0.0495794825799293,-0.0312638194874366,-0.0079767732272953,-0.0524579157654383,0.334325579788384,0.034038404233671,-0.091435810894559,0.134403455239111,0.0182204199230242,0.0345112401042218,-0.0787320219886106,-0.0089940264804522,-0.033187365923177,0.13481314612618,0.155101902972658,-0.23542444907786,-0.114214235135475,0.0615830698600763,-0.114354786892428,-0.0366089445307524,-0.0837591527169143,0.0328441743277409,0.0199230795555226,0.0452547144482641,0.150473473960724,0.0396986567294406,0.156391629586992,0.106880942251383,-0.0662935809337682,0.0444418198320932,0.141981789085359,-0.0598418161157607,-0.0185713599799076,0.0410367793864449,-0.201170323359294,0.0547148657588815,-0.0163800875661034,-0.056041981964509,0.0031933211747787,-0.104383615875902,-0.0252815516177116,-0.219495624240105,0.0521499423345919,10.175980401091,1.59281335136,2.5221492478572,2.00046103065991,0.0004347851431669,0.88615,0.71237,0.80813
130300,130000,nationwide_score,0.778,14.9597336763557,5.99273340097552,0.15370898045,0.149086555206,0.640127388535,0.0670802452676704,-0.234817994108161,0.264590809487334,-0.196726641062937,-0.0623158893243067,-0.0097039366979733,-0.172573004873737,0.122582194781174,-0.163592580160758,-0.0815333586449039,0.183576920861064,-0.0009285550542685,-0.0301154516327269,-0.0701646264910323,-0.0879996896260038,-0.112003456285774,0.0285613857731613,0.181204740605083,-0.109366910038613,0.0835873606398069,-0.0569818401676563,0.0321223707240232,-0.0048722308468762,0.0102003671775425,-0.0618007820308353,0.320473919799085,0.030791193942389,-0.0871360006641701,0.133930585551222,0.0212153712592977,0.0403064026352787,-0.0554561136189008,0.0003310040768811,-0.0305094938135987,0.11383020141811,0.150510248888564,-0.208528504355496,-0.100925048805861,0.0781619329733341,-0.0784707520881043,-0.023650075053288,-0.0799141292031395,0.0444268545927622,0.0248008043274446,0.0399433592689693,0.161732019173735,0.0597034516742097,0.136732546128828,0.117898684595999,-0.101584683102219,0.0493868488147065,0.148269344124812,-0.0529276032018415,-0.0043633938004519,0.0609566376468982,-0.203086614532333,0.0693065274947476,-6.81925461251463e-05,-0.0605730637878986,0.0029151939269196,-0.111039844260042,-0.0382175322913963,-0.209822363793485,0.0295568760138918,9.79677350272199,2.27076493639,3.04434231329723,2.97739275942883,0.0292579065959,0.90369,0.71971,0.72475
130400,130000,nationwide_score,0.745,16.0572836178315,6.66171348604816,0.257429403518,0.10958132755,0.583421891605,0.0893334577459782,-0.25941053267873,0.193511800107419,-0.159456790324731,-0.0113081031583967,0.0326584951564747,-0.0865271265333694,0.0893607135391442,-0.215557802977111,-0.0765821118493162,0.144743197211769,0.0039064532324153,-0.128584452778501,-0.0800302313510553,-0.0380013361261746,-0.157878073051068,-0.0193935010617752,0.107819688409552,-0.0832963885702189,0.0749544533083386,-0.0747265551498349,0.0369901708691825,-0.0452092647065063,-0.0666525930629987,-0.0179984924927902,0.381243413949304,0.0410545085689257,-0.0938646735914637,0.129981605261966,0.0383541250207371,0.0213996211965908,-0.139558756370808,-0.0093439249739123,-0.0395318034659988,0.191862657784719,0.144208246176282,-0.301181926907707,-0.151717275218637,-0.0007694991956743,-0.114395818157038,0.0003793902036198,-0.0659310476326769,0.0039265572438305,0.0138715543382243,0.0119255384696407,0.163288812910896,0.0342803195822454,0.17371106291942,0.0633399182152109,-0.0395547272117394,0.0188093435666325,0.157584482790912,0.0034934471889327,0.007415385405601,0.0323459439318078,-0.204135056832681,0.0032789091290554,0.0049395058185373,-0.0735111836406146,0.0281809545439897,-0.0747907827799933,-0.0541082003801411,-0.182178654579776,0.0692720203624021,9.45427016786209,2.28914699566,3.01980783134667,2.56226359253703,0.0080730315055299,0.88554,0.69349,0.67463
130500,130000,nationwide_score,0.732,15.7770129424264,6.35076030069841,0.242835557197,0.119258159985,0.541490857947,0.0795688034030725,-0.239160414356168,0.231044405855948,-0.17586592164261,-0.023791600756994,0.0315264063584084,-0.0885666945883609,0.0868521195363654,-0.200535828358145,-0.103092104986561,0.152971234706943,0.0165673035629425,-0.119926855200494,-0.0671315925941851,-0.023198747926362,-0.125750487618306,-0.0189138358263187,0.12427826557974,-0.0800634548710216,0.0604222125917838,-0.065510612928496,0.055781265614278,-0.0325739494347147,-0.048007704911861,-0.03296746267924,0.370365177031477,0.0471306213289787,-0.0965190597299072,0.133201016187975,0.0403746324327685,0.0387669382066144,-0.141468512440072,0.0065183817365052,-0.0468678847941327,0.17550389834545,0.153926985464966,-0.312299896645319,-0.134813327873841,-0.015250969979156,-0.122241676074704,-0.0075017323019367,-0.0702737686528093,-0.0053055561222261,0.0028019538670729,0.0130579722133005,0.167405191827725,0.0512280517367678,0.174577489048265,0.0845816372189647,-0.0450001086824037,0.0229137959596137,0.16389295002822,-0.0263063206965659,-0.0175995892395232,0.0184966575828402,-0.20881143072938,0.0066937340855291,-0.0062026663955984,-0.0481811432614766,0.0367782788930862,-0.0984559489923191,-0.0506148101989828,-0.185233185361546,0.0492595033842571,9.53036096085424,2.46621025796,3.119343426157,2.34581860938851,0.00281200309813,0.88846,0.68926,0.64097
130600,130000,nationwide_score,0.74,16.2621960815122,6.25642087993273,0.199148727521,0.128527865886,0.55670995671,0.104105200354248,-0.249625724253755,0.220034067877383,-0.187780927486513,-0.0237963353796071,0.0292706821629762,-0.0762943637324897,0.106961200499994,-0.190361295850433,-0.107048502611217,0.150787077946716,-0.0246829809492462,-0.100258890859993,-0.0839985500699117,-0.042449206272566,-0.14300637084236,-0.0059374777777474,0.126008467708189,-0.0750664086331808,0.0875150509545056,-0.0501369136454532,0.0307871207084858,-0.0512006377225717,-0.0389549026812976,-0.019226670004228,0.36594300921466,0.0664644645117014,-0.10353520049376,0.118629747506891,0.0221433087532484,0.0284877938193235,-0.109502774437328,-0.0326341442633733,-0.0236952439884143,0.164288981434136,0.143089025505849,-0.275505686288539,-0.141882186446818,0.026514541516788,-0.140153251096579,-0.003880293400184,-0.0844669174868853,0.0213693436356384,0.0162834762835034,0.0229167015804839,0.160211614563696,0.0368389064195801,0.147990091587612,0.0677828341805104,-0.0576606799278095,0.0298118231043818,0.136048400251804,-0.0396274521163392,-0.0070801949687416,0.0403780809645502,-0.187645312096688,0.0262523880652174,0.0011562788756783,-0.0601864986628211,0.0353659781808779,-0.0698200715499044,-0.0406684078468691,-0.236266784705775,0.07613998217406,9.50669279997506,2.52880516294,3.24577554708992,2.78624358404378,0.0148381402308,0.886,0.69632,0.65656
130700,130000,nationwide_score,0.742,15.2313639640441,4.72795936440904,0.154225665339,0.162431678647,0.660194174757,0.0865839018730467,-0.227913833798667,0.227242251067947,-0.215624469352503,-0.0408650452431906,0.0241904170997293,-0.127426156856215,0.133768177007905,-0.17561207475545,-0.0153228431288443,0.132518288707919,-0.0889286743641785,0.0417666562930647,-0.0588166540554593,-0.0881096988875058,-0.16441059247816,0.0193361157077977,0.177165391997612,-0.016711032917436,-0.0137442107265706,-0.0346700946026707,-0.0426565232054698,0.0494943021585968,-0.0264509197884807,-0.10530586530763,0.250917624079914,0.0099803248715262,-0.115123895253657,0.107799985881148,0.0616743043455724,0.0424140648046017,-0.0773575643080621,0.0520160431244457,-0.0406525573645301,0.151213371075514,0.166590092242012,-0.19371320568777,-0.0635507590038677,0.002065763818704,-0.165547853942811,-0.0045854295750428,-0.137103005622364,-0.0120811800474434,-0.0283285262551843,-0.0464056327373851,0.199250437303418,0.0598444993348197,0.0602286041658424,0.0051577345969309,-0.135406128489796,0.111163078406034,0.0947772379840333,-0.0116925550544431,0.0891317868939783,0.0796885762313344,-0.129893046413444,-0.0905257391611994,-0.0626463264537202,-0.138630810848299,-0.0295233911147395,-0.110947937761005,-0.0365454430994767,-0.212993131798604,0.0164036985788284,9.52133937760347,2.43642864328,3.25617355003391,2.88182566006986,0.0265158382835,0.87385,0.69356,0.67468
130800,130000,nationwide_score,0.751,15.0244712023087,4.45327515268198,0.178904714212,0.129570476153,0.567164179104,0.0673742683001546,-0.221128765573048,0.251874460892431,-0.223670880884777,-0.0386872334923182,-0.0149809581197715,-0.170965202566217,0.212031972876716,-0.144578919588509,-0.0058220439784923,0.15014883966108,-0.040366281604994,0.0239682045959742,-0.0566036825693525,-0.0784853689777855,-0.132004642304134,0.0387919229122865,0.181120662830318,-0.103179368859515,0.0119215590835449,-0.0322007248221875,-0.0199219128465108,0.0391056694461222,-0.0109593523001899,-0.0691441788003248,0.259728373631984,-0.013324405548849,-0.110395473882131,0.118538581141603,0.0077872189173781,0.0175954675117037,-0.0455471639490686,0.0675853422421664,0.0081432333677733,0.149089511159756,0.169062950817536,-0.141038515708777,-0.0740875387649489,0.019377238854222,-0.126698548168022,-0.033559474158669,-0.0843129711843039,0.022360944030501,0.0243385312870752,-0.0414327477959326,0.191336584143064,0.105208196023153,0.0771876679472343,0.0223110747589375,-0.148983593722502,0.130749395755988,0.103545884871665,-0.0006005423967082,0.0989643048213022,0.0372673103162727,-0.129894166160383,-0.0305166769656524,-0.0500400015553314,-0.125176529922696,-0.0155164798059923,-0.153623200876746,-0.0186240086039035,-0.20481161474305,0.0050171457608555,9.55779093164801,2.73129422144,3.78026058993086,3.39133587505336,0.068687353142,0.87692,0.6896,0.70142
130900,130000,nationwide_score,0.757,15.8033850431049,6.23569641970124,0.224860451189,0.129674003294,0.51095890411,0.0920994592737007,-0.230323123797286,0.216271247847452,-0.208679354742571,-0.033962854795817,0.0489666938050963,-0.0588421235862432,0.0952289005564895,-0.196879347150877,-0.104689826064686,0.151502813612631,-0.0203369878185258,-0.0922019287851585,-0.0891406477226189,-0.0476487089764922,-0.147163621919749,-0.0122506637333766,0.117386161878061,-0.0814649610612982,0.0876209531862101,-0.0506425504795527,0.0451521272348751,-0.0755998492159833,-0.0439442062620255,0.0029814030876493,0.372634093395802,0.0755160407549276,-0.104877056723561,0.10975160228352,0.0348559532874723,0.0490826284597097,-0.106081921484723,-0.0243579840275709,-0.025292722547846,0.143404898968964,0.152013288826849,-0.287583994395354,-0.137515213742286,0.0363317900980188,-0.14096777791846,0.0081301736060318,-0.0742663401251729,0.0276370211025449,-0.0028662732394769,0.0247798136492503,0.147678679894679,0.0403864551289138,0.137842919858939,0.0714589104641887,-0.0608949690152248,0.0221983409446816,0.142410028869253,-0.0437881923705091,-0.0269771747418602,0.0215107872795195,-0.183069166647623,0.0486245216947962,0.0128208806809537,-0.0449547483039418,0.0392234882327834,-0.0769161741257837,-0.0443782850622677,-0.239628919066594,0.0831973244547093,9.57583044414499,2.26641040481,2.95000286828863,2.26225181322911,0.00301584054847,0.87846,0.68923,0.71577
131000,130000,nationwide_score,0.78,15.5184389956351,6.75359936825874,0.198850523308,0.107238347467,0.648451730419,0.0828357258934156,-0.236264329523466,0.271870986404276,-0.209100833962478,-0.0412275171124347,0.0218119736747006,-0.114538875171493,0.110086148744008,-0.198625064034829,-0.0972546589180237,0.167803796318712,0.0125415252178597,-0.0511849108032469,-0.0749330024784724,-0.0571536338472031,-0.107213361161598,0.0035525709590774,0.169994462863921,-0.0704060466717312,0.0637842837194584,-0.0440753547615788,0.0569506517075504,-0.0341183746742943,-0.0026206255632703,-0.0265590767745695,0.329031108183508,0.0542046979667674,-0.0936799193006184,0.128956791129625,0.0154423645260731,0.041783990719262,-0.0772065825909698,0.0068462343015964,-0.0432023557378628,0.132648957697613,0.141190716905217,-0.273075670106633,-0.121620237820218,0.0216591156207095,-0.140350772781528,-0.0187293730424397,-0.0968254681136622,0.0234263006584923,0.0004121334898954,0.0472186053757135,0.179565074541918,0.048203292505716,0.164578967376601,0.113417662937913,-0.066796022313801,0.0197119023100599,0.152502393089476,-0.0593325762205362,-0.0300995141630613,0.0236772805460804,-0.205402204162033,0.0481535872707418,-0.0257426359104571,-0.0184040084442916,0.016134025394065,-0.102410433713062,-0.0288612065143494,-0.194755568475344,0.0313644636894621,10.095309902136,2.33332561224,3.07025009180218,2.45613297480079,0.0062186852989,0.88923,0.71692,0.74364
131100,130000,nationwide_score,0.743,15.2529734431882,6.16864082817479,0.196085780061,0.146189410221,0.546318289786,0.0780092683173098,-0.251407154992045,0.203630894383988,-0.177793919926392,-0.0304647885711274,0.0498300611384099,-0.0878172727448682,0.112090965554254,-0.201364293481624,-0.105752873316432,0.157220222549744,-0.0201838300103303,-0.103597127057568,-0.0699855693063491,-0.0303692169680911,-0.131597845588221,-0.030208235691548,0.115821586758223,-0.0954078313361461,0.0894782203083835,-0.0697909802575175,0.0335475172786758,-0.0575976341138142,-0.0461785661639191,0.0066269769154506,0.407157409060887,0.0830303251420556,-0.100997977537703,0.113033821505961,0.0266693813913319,0.0111808050229459,-0.122023325889012,-0.0319856775351144,-0.0184270083659531,0.160982208567939,0.152193805551531,-0.288241714533414,-0.162339527519552,0.00688973826468,-0.114232141640409,0.024875088841155,-0.0655144098989748,0.0324562537075024,0.0069370139868504,0.0073890561564356,0.147367768489661,0.0629220983589642,0.145408869903729,0.0748346065227058,-0.0690614817854446,0.0217638514100898,0.147703586474665,-0.0135479755657232,-0.0101011865035724,0.0137255120616464,-0.189968632042325,0.0313840095143888,0.0227464139925495,-0.0517972691780698,0.0402637369287048,-0.0945605497208628,-0.0421509830642309,-0.218621248222727,0.0803397584539171,9.52840707074677,2.58645047299,3.21922999493058,2.49430880285317,0.0092164071519299,0.88554,0.69473,0.66789
140100,140000,nationwide_score,0.822,15.4869840492877,6.64841850772706,0.156156073707,0.096391063998,0.887218045113,0.134634495228993,-0.329547820237577,0.209845804937206,-0.136744552679019,0.0060352368446687,-0.0298965435668134,-0.115150425226996,0.0225326053074254,-0.22640622969823,-0.0151129080618037,0.169822019630129,0.0138760068211222,-0.0226784939687591,-0.108605326019383,-0.0760319949517332,-0.208301688072705,0.0669442020456246,0.170158421306412,-0.0462042346181784,-0.0051835556593051,-0.0472225284143933,-0.0143491772808464,-0.0394846671349629,-0.0688397506225774,-0.0845568841643807,0.254984956404232,0.0007276247261371,-0.0749934460249308,0.129761361412862,0.0805822140197391,0.0019473544231117,-0.152145408393936,0.0358370204608722,-0.0766788935506888,0.188852541010155,0.0918414352629989,-0.26569259076443,-0.113822918790053,-0.0311701105526743,-0.166801243204528,-0.0780589438190523,-0.110999445120729,-0.0267307747290007,-0.0161379479119091,0.0119308646482801,0.191963200209545,-0.0338184896695691,0.163310845707117,0.0555317089738865,-0.011939187173949,0.0112415523143792,0.146959979402912,-0.0257740627113504,0.0652384213317949,0.0836062981031514,-0.157137666954879,-0.0452821046525989,-0.0907553743452435,-0.118192864936659,-0.0301207931185977,-0.0697219959482014,-0.0458504968146364,-0.172416794923365,0.0671642461376889,10.3453536487813,1.20814545341,1.97857817541718,1.89813725174096,0.0014530089430799,0.9148,0.77565,0.78139
140200,140000,nationwide_score,0.761,14.946912992036,5.3993023322003,0.148878207011,0.128890651268,0.725806451613,0.105399187516646,-0.256410306335511,0.232413407956693,-0.181856481849877,-0.0317778549827636,0.0223206448466679,-0.127482105635106,0.0798358923673407,-0.198238313647397,-0.0108256524490499,0.136497285608375,-0.0674040427516187,0.0397743773854609,-0.0463043072589645,-0.0955413472886636,-0.199336673394911,0.0081952482352921,0.179942586303549,-0.0071227596947654,-0.0318455522398427,-0.0412849983760851,-0.0254161920169915,0.0201585349369162,-0.0429608413151314,-0.12675583081669,0.239444892161119,0.0102749505117321,-0.123917014286001,0.105581711123299,0.0971334717398908,0.0249168372533301,-0.0961908944276274,0.0765913184902797,-0.0745467441340989,0.165070548711158,0.150492335996602,-0.210396307304488,-0.0728061255943719,-0.030864963039726,-0.171966469842065,-0.0372905963500455,-0.129238130320698,-0.0161808593532254,-0.0777340571277933,-0.049767922385645,0.188055751989592,0.0477758120843758,0.0760336196695082,0.0055370912410955,-0.106839457256822,0.0757921806820222,0.107960183465028,0.0160736727343751,0.115624162546841,0.0727186478708103,-0.105937629965048,-0.118124720980134,-0.100323773146487,-0.159774313749065,-0.0379419920695842,-0.0998680974304196,-0.0464758194932334,-0.17806695997641,0.037944538274153,9.95900160440097,2.32742324436,3.11109003785146,2.58305818779758,0.00835367076794,0.88215,0.7184,0.6947
140300,140000,nationwide_score,0.775,14.093143052138,5.67077389145026,0.145437875143,0.129488113423,0.712121212121,0.101132670275677,-0.270613932728238,0.199977222290818,-0.158114212528118,4.34896764915096e-05,-0.012742953423589,-0.17424355770305,0.126602452544933,-0.206621800698202,0.0095694383450381,0.172023515414479,0.0139474289678046,-0.0656529874521693,-0.0826783873870017,-0.0277256269087346,-0.19382139949988,0.0124748842235895,0.179665921803309,-0.125300111161448,-0.0123978530661405,-0.0812558733331027,-0.0087337415313928,-0.0070277609319682,-0.0692525791299261,-0.105535716063228,0.262065689693514,-0.0157833541527885,-0.105084702023531,0.0886845194088397,0.0733221525758173,-0.0033054224669038,-0.0961483689836992,0.117643536613389,-0.0329286797524554,0.187078538493045,0.140036807285661,-0.196245472165558,-0.0964371875640399,-0.0252012714196269,-0.0894510791169904,-0.0190867120983768,-0.0630743295154889,0.006063765612973,0.0011974615620064,-0.0004526262870576,0.199830392359718,0.0822832224721268,0.148459393948932,0.0304245522881201,-0.088322605328291,0.0735869216293631,0.140986858370271,0.0671486612642521,0.123827961702512,0.018399865542216,-0.11845960181571,-0.0848521885646478,-0.102548175702227,-0.148149335860872,-0.0173804219554141,-0.135696191692479,-0.0243250775009913,-0.129136288841,0.0566243779631319,9.99882700188455,2.57289956684,3.51500490117583,2.864604043591,0.0453591266374999,0.87385,0.7279,0.73154
140400,140000,nationwide_score,0.766,14.9723920692217,5.43153136324662,0.165908719952,0.118651272465,0.566037735849,0.0903797404821404,-0.249316418556377,0.179192886703724,-0.160365789019183,0.0333233971567723,-0.0041093028356106,-0.115364500123637,0.0955977902029219,-0.229378638312789,0.0034921837502226,0.124630141693413,-0.0162237712740947,-0.0513349577834244,-0.0522798302279589,-0.0793128814180743,-0.21922102534649,-0.0152275019435611,0.151873801030034,-0.085127852016789,-0.0076582778202889,-0.0659988384731093,0.0039009608901876,-0.0050428320353061,-0.0981041833849506,-0.080295066184024,0.274868199084605,0.0077519387831215,-0.112885556001721,0.0971288360925911,0.06365657393568,-0.0139249620181968,-0.11756233341137,0.0888323786987553,-0.0462517074501997,0.203184795620153,0.118472551285518,-0.237466307148214,-0.0909763447737655,-0.0529576449195598,-0.129706691168025,-0.0208019548699503,-0.0786880261413119,-0.029506079018126,-0.0407644599836744,-0.057410577781362,0.19290813230293,0.0745461859228995,0.128181383655329,0.0329972659085961,-0.0944905354024048,0.0628539005754344,0.155537303052504,0.0674512748075757,0.157973622262588,0.030705732703909,-0.128578879187559,-0.100925741011759,-0.0921883626298098,-0.14338005830714,-0.0343563804966736,-0.123508335426234,-0.0634935028373497,-0.118384671405126,0.0620908610701952,9.80971391177662,2.6809885608,3.33792765433363,3.01038178143988,0.0292630079901998,0.8596,0.72144,0.72472
140500,140000,nationwide_score,0.779,14.5994125584136,5.45337424447028,0.138866684541,0.127425544838,0.630136986301,0.0939484691603538,-0.249498176436482,0.192235712041139,-0.151463072784613,0.0378340975018136,-0.0157319089631673,-0.13867739461591,0.0603537698757772,-0.211944850978056,-0.0033230516943599,0.121713002299492,0.0308059186205952,-0.0911126991463429,-0.0614094079693058,-0.0620042432319957,-0.211898416897073,0.0048268498551444,0.163493935329282,-0.0874041011043472,-0.0067908708782024,-0.0655054690610452,0.0338047002346796,-0.0159225180939675,-0.0928492631889763,-0.0979174446037196,0.261693117549383,-0.0025742698317142,-0.100503111039876,0.126901895392987,0.0726854857334576,0.0233024476956401,-0.120136166270656,0.0945809851738905,-0.0629452419329849,0.186711707810184,0.124185853311489,-0.261154084607244,-0.0726103062518873,-0.0429180686592356,-0.0850730795024572,-0.0437907449402531,-0.0655313278572757,-0.0440663896949054,-0.0260253326502902,-0.0160177649588294,0.180169120007465,0.0576108692993142,0.170872156446244,0.0652228904663625,-0.0696710144785571,0.0526016452318244,0.160799527407508,0.0289211255196164,0.113464111522278,0.0450583460194852,-0.173011256092656,-0.0918811361577323,-0.089915402296164,-0.117312451784464,-0.0242030288019712,-0.120545806923804,-0.0791362481668356,-0.110240681602714,0.053555228154365,9.97172896975812,2.25652564393,3.03819970315515,2.78087645753249,0.0157161345880998,0.86165,0.72952,0.75318
140600,140000,nationwide_score,0.786,14.279245203127,5.01456520951988,0.17237156874,0.113793687118,0.622641509434,0.103763212915062,-0.258219811509926,0.214801745748906,-0.173985953522036,-0.0219452530811037,0.0232646428329106,-0.106885157114717,0.0780446086068636,-0.184117996653279,-0.0210724909769847,0.142608439971916,-0.0795178671007733,0.0405907522267813,-0.0542992571772585,-0.0912123090361751,-0.220987058979108,0.0075365618129605,0.168684725566915,0.0002497527036196,-0.0306463609819956,-0.0448848393942441,-0.0252408174146497,0.0194869139384556,-0.0668473612721479,-0.124654172383532,0.222444714298109,0.0141598986717252,-0.126714972700587,0.110910458857579,0.11062659138873,0.0379829806428498,-0.118043099419408,0.0754901801609116,-0.061169156237784,0.146598816118714,0.166241292114793,-0.230233803884778,-0.0684227996969779,-0.0216745754188046,-0.178064571436821,-0.0180832205041234,-0.118849828038199,-0.0158934969229496,-0.075514570296152,-0.0533529311451954,0.179048537656592,0.0484363721666056,0.0723479362100558,-0.000926839733726,-0.111325667986358,0.0756564864949307,0.10590562183346,0.0009440826943135,0.107815609824433,0.0754132478793107,-0.0877056934763507,-0.133556658498754,-0.0880445626825206,-0.169739045440855,-0.0427690748245828,-0.0954744971188146,-0.0415298468400222,-0.175765678597071,0.0448770438305858,9.84028449147592,2.31510399246,3.2106412537702,2.68493460916001,0.0158509591000998,0.89092,0.71548,0.76242
140700,140000,nationwide_score,0.761,15.0333865633171,5.33403499190859,0.164904463222,0.117663414858,0.600591715976,0.101651735769266,-0.267231062259503,0.234842647776643,-0.162550187126288,-0.0038690005499043,-0.0068133926162566,-0.148544006163291,0.0690388763178442,-0.20861370311395,-0.0390677401687343,0.169210294092638,0.0204658716209617,-0.0286341191316867,-0.0558481810904538,-0.0487437648301742,-0.19467946780505,0.0014348174987618,0.168128159887809,-0.061985934007515,-0.0258883868880628,-0.0667935256365888,0.0214107795681484,0.0021803655107764,-0.0622951928306577,-0.130696437019977,0.24106912785212,-0.0146195588783738,-0.099861257310889,0.118656620855692,0.0773821783497563,0.0079478521233788,-0.140139333162081,0.0972415657644343,-0.069615520374987,0.165110420479277,0.142200658164853,-0.23673097484021,-0.0761116494278658,-0.0409160065103495,-0.135974704722809,-0.0437896317351238,-0.0863043859776846,-0.0188780188396399,-0.0551179280311641,-0.0237276352016421,0.184524165272818,0.0549650952118166,0.161896945594572,0.0653374247252376,-0.0771205648430294,0.0514976183594054,0.158821542287091,0.0196230880161034,0.0898950558877151,0.0266641259227192,-0.117589814351591,-0.0847644317842354,-0.114817220903947,-0.143715889790996,-0.0355271388567886,-0.113380793386723,-0.0546659374350477,-0.124400626494966,0.0446577581960791,9.77319183240599,2.47052668924,3.21833147202307,2.81037523331219,0.0170682961673,0.88154,0.72287,0.69246
140800,140000,nationwide_score,0.749,15.3778570725081,5.81841357361031,0.169417480847,0.125118418613,0.492662473795,0.0814675683868714,-0.246277802088587,0.21718218579374,-0.102646942266323,0.02236055056426,0.0251571982774233,-0.123004426276485,0.0637602809024624,-0.204088616988991,-0.0571614047025993,0.126137619513296,0.0014505431948982,-0.0891395631964973,-0.0658170446933021,-0.0674037391844016,-0.21433734541743,-0.0155813282222066,0.138509157124066,-0.0802716989123435,0.060540418589491,-0.0836157014516433,0.0357347100985378,-0.0090521478488587,-0.0684827505145308,-0.0834086542080523,0.315871181206597,0.0342244041116882,-0.0932056856175161,0.123709359633352,0.0855210705228807,0.0230961728636207,-0.138327808276744,0.0395780535111581,-0.0510800380037686,0.158546066609136,0.138298379378967,-0.30380342711816,-0.0992669745685284,-0.0213626258151336,-0.0968560289212277,0.0062012921765677,-0.0713641838671414,-0.0239313984251567,-0.0348275576104833,-0.0139229992299654,0.158214630094143,0.0460468619364357,0.161537691708453,0.0759628576090682,-0.0668294020877324,0.0140750909156577,0.174789689185745,-0.0121010566069325,0.0186389656409503,0.0548172312185246,-0.190241073276586,-0.0518396931680388,-0.0537380602245262,-0.131813395229555,-0.0090056203687521,-0.0953388242155042,-0.115281376459061,-0.12961825228556,0.0659983764983939,9.60933131837761,2.85128394095,3.62393506856054,2.9967674462578,0.0363183311845,0.88154,0.72472,0.65725
140900,140000,nationwide_score,0.748,14.8050521233252,4.68042787278886,0.161431434682,0.14464990264,0.539033457249,0.0866655543141909,-0.263858445360531,0.238578213903273,-0.164758631044106,-0.0178215967473667,-0.0043024041402784,-0.154356905575883,0.10343866785753,-0.190302299073514,-0.0144389637580549,0.170061108525142,-0.0245741602343214,0.0228863404398198,-0.0463478562435145,-0.0629655825443065,-0.191157725356757,0.0078879032385991,0.189466931921297,-0.050853616204089,-0.0455079137517919,-0.0620082995572757,-0.0101623507026791,0.0370469295535408,-0.060517688519496,-0.139533960882961,0.236657142088896,-0.0077388137787861,-0.101012740615446,0.0965434887171923,0.081670767130712,0.0141226073364183,-0.121587097064058,0.108869484397812,-0.0566564134519039,0.159278724604694,0.150499031478688,-0.209839980628502,-0.0663843499867194,-0.0408851356184857,-0.132669869072413,-0.0270212080693822,-0.0999618219016905,-0.0130112954035723,-0.0552166235139793,-0.0421933943531358,0.185174698066262,0.0796956138678525,0.112381630018393,0.034417385027424,-0.101744063745856,0.0846893119971823,0.13808362410302,0.0284544254299064,0.11915633837995,0.0439149549356545,-0.0918813389560583,-0.116836054566979,-0.109949564054737,-0.158694896501865,-0.0475989251862163,-0.131444040825414,-0.0217245872749268,-0.140124412505219,0.0347756120959314,9.56016229644789,2.65572826385,3.43473989316329,2.95742198970215,0.0244836035677,0.88308,0.70385,0.67401
141100,140000,nationwide_score,0.756,15.0363407743418,5.08400595777478,0.194105100123,0.107128613904,0.533923303835,0.101576446114158,-0.269489089329868,0.21173845646636,-0.163771096440173,0.0059819952678073,-0.0104298150002294,-0.162856619400214,0.100316896714796,-0.23356797055245,-0.0048491548098691,0.152366978010032,-0.0145496585447996,-0.0200742577702179,-0.0653651109927359,-0.0631438815917158,-0.203628505590801,0.0224148458967805,0.193763464850486,-0.0826801728931429,-0.0193921930860713,-0.0701332081687637,-0.0146765408993547,-0.0049548373921006,-0.084981152774214,-0.114225611521368,0.249842976766115,-0.0021930355170108,-0.0888320336541918,0.103724069292866,0.0729978237059302,0.0150600981249897,-0.114502056886021,0.104705115232646,-0.0401026297083758,0.166129562835199,0.143522174154312,-0.220471123617946,-0.074534565612823,-0.0414255590801707,-0.0986797924872027,-0.0216441813959334,-0.075542862690333,2.6089426900703e-05,-0.0438973048146022,-0.0227380828295924,0.181713993294216,0.0624143939478874,0.146218216357628,0.0396524946628625,-0.0888459646722586,0.0714426243737636,0.134468395506519,0.0474123270085137,0.102854400343436,0.0359396516177963,-0.104218785738834,-0.0948756536902089,-0.0983491220818364,-0.148168324357541,-0.0177447615953098,-0.112887381301353,-0.0461370160318499,-0.135508642282445,0.050179753369237,9.50816705238638,2.60797448451,3.46548726091902,3.10133535010155,0.0360515915906,0.87846,0.7053,0.69857
150100,150000,nationwide_score,0.802,15.0538850788626,5.30761779345016,0.139643210857,0.108839140968,0.791304347826,0.121799161462483,-0.286411040344395,0.232795612338064,-0.197247958920751,-0.0188758156636446,-0.0114061534044834,-0.150491145335138,0.047168819860016,-0.222511869372936,0.0065328925979646,0.130580654626164,-0.070507375795827,0.051011505708531,-0.0464546724422525,-0.118951408432004,-0.13837637307014,0.0607086515542272,0.195755429401647,0.0016680328076499,-0.0269389328153804,-0.0188295509067636,-0.0636190309962891,0.0076499226000881,-0.0520929729262271,-0.127469512562577,0.230963396119697,0.0108461386891897,-0.0894976068990575,0.146489196855695,0.0883292103369784,0.0250069471086347,-0.100711106256284,0.0601487578449974,-0.0853824600701005,0.176441239460045,0.148669278926461,-0.208316219388347,-0.0556154886626725,-0.0751991515450201,-0.161351721632507,-0.0838030896073917,-0.148543622685145,-0.0247399587283579,-0.0420184114186489,-0.0374103557675839,0.191161696278355,0.0153719381001231,0.059045494130735,0.0213285554283549,-0.0721174828050916,0.0795228528567273,0.0802692799528599,0.0024703864691154,0.106123893328021,0.0855546210927132,-0.116527203290476,-0.0931433306938248,-0.104636136436769,-0.103739877644118,-0.021990922315735,-0.10486419348105,-0.0327700932644297,-0.20761837849051,0.0544633068128142,10.3069888979751,1.90234973413,2.89506435809982,2.65397872935475,0.0136338586888,0.88215,0.74279,0.78772
150200,150000,nationwide_score,0.817,14.8124595618595,4.59714558351288,0.132584508546,0.125246169299,0.863468634686,0.129976717576402,-0.273133425021324,0.185979734360766,-0.170598088023251,0.0100839075239917,-0.0003831432710587,-0.151438750814779,0.0550853379491274,-0.25272731011805,0.0382866797921839,0.115834761022609,-0.0769480343501383,0.0382785226736764,-0.0445927239441208,-0.139696762059238,-0.161025089493619,0.0583484556663563,0.164386159119558,0.0024070640789804,-0.0188689901859117,-0.0265857018141493,-0.0858876321883929,-0.0150321790898267,-0.0894462212089516,-0.118978782617002,0.248266272024633,0.0312824858812168,-0.0791032009260127,0.149852944871094,0.0935151869611269,0.0026999454399221,-0.0936207903472787,0.0514520965744586,-0.103268731027661,0.211201576025539,0.151578666258695,-0.196895644677445,-0.0515991520434651,-0.0922458984825769,-0.129452603295852,-0.0633071878919543,-0.152331561804896,-0.0167771417614342,-0.052595335468927,-0.0320323546337821,0.1769181183895,0.0036279278531845,0.0746218065786401,0.0066417664759838,-0.0556842040575993,0.0757257647785032,0.0751972890731465,0.0321722995025384,0.0953950990374291,0.0916034008771779,-0.102842620604187,-0.094087670197801,-0.0912969139628832,-0.131118332868551,-0.0238959018449859,-0.0774965586001204,-0.0393230117351912,-0.209375370148463,0.0774168820361012,10.5037287273685,1.76426312319,2.38074600166225,2.83434767541789,0.0180753047079998,0.91231,0.72609,0.82272
150300,150000,nationwide_score,0.805,13.235693848424,5.82804553025439,0.136301296882,0.104394049578,0.946428571429,0.111427064258222,-0.175583902953322,0.170529203735217,-0.110299219388868,-0.0098871635180039,0.0350759278823688,-0.157167993568578,0.0705187055931978,-0.242585862621575,0.0195852601235621,0.159237274758692,-0.0876228006056865,0.0485419081858753,-0.0575608583099966,-0.130316298830066,-0.186785857082192,0.0234338090727494,0.184748452615304,0.0212526864744814,-0.0354007521017487,-0.08026110302778,-0.0366612441405984,0.0207547065546528,-0.0551342605828555,-0.175312529055798,0.184317813610615,-0.0135594216659662,-0.107182840633647,0.162514943494826,0.133469694594703,0.0295755546904956,-0.0448585617492899,0.0972962990893747,-0.138226063819826,0.131973914193565,0.182222984717815,-0.19734641869721,-0.0070946582245466,-0.0837211971570772,-0.13773268300765,0.0032337177180638,-0.164906725668244,0.0046136050906742,-0.115861356409521,-0.0145264284370779,0.155617388220922,0.0215248326974821,0.0922300843807961,0.0065645099868784,-0.0880252831572421,0.057934440564145,0.0526069937295039,0.0537281985295963,0.0360124092505719,0.108031492996364,-0.0447806332761622,-0.154729952209574,-0.113172121981068,-0.253647514534259,-0.0515778919242005,-0.0347772212301455,-0.122165769047261,-0.156220392770552,0.0625176653791515,10.0352353242041,2.08603430534,3.01552721532554,2.25185516224319,0.000890196870024,0.87369,0.72931,0.82019
150400,150000,nationwide_score,0.738,15.2117554974621,3.8602355247888,0.155178976825,0.122013598815,0.529702970297,0.0272046011879709,-0.145314651378781,0.201140320539153,-0.170397954316771,-0.0315396468711527,0.0204230886498296,-0.118059016998969,0.24310681425001,-0.137106152233558,-0.024554349945834,0.166454669786658,-0.12068645358514,0.104956727378948,-0.0771810167684579,-0.113258676878976,-0.128438608832396,0.020645155346323,0.15125165520173,-0.0303341369444143,0.0201386884813902,-0.057676836089682,-0.0783072225295835,0.130372196096396,-0.0348353655925417,-0.0472687208501943,0.239236616610501,0.0226745928540947,-0.101286626396052,0.116986186427859,0.0374829393906889,0.0467747207424082,-0.115703904764677,0.0369372737652717,-0.0005359355575835,0.0950652334188084,0.21564404921224,-0.155987165944017,-0.0327633050635818,0.0489975249901816,-0.134518484988782,0.0176702616320455,-0.131623504386056,0.0259141890804321,-0.0005741136618837,-0.054173772737043,0.24828140351035,0.0977977372124518,0.0618438481428224,0.033426727183868,-0.185540072976045,0.150497672561509,0.110310513219239,-0.0415580241661334,0.0105250420032433,0.0966132079749306,-0.128532273735524,-0.0367709257779675,0.0290927449620208,-0.159895842867269,-0.0643416748337931,-0.144276991539577,-0.0328776799456137,-0.199708737958268,-0.050285368916303,9.57790139154953,3.18225681202,4.2408535083724,3.62643127279699,0.122808386764,0.85077,0.68129,0.69292
150500,150000,nationwide_score,0.745,14.8698229361678,3.9068002737941,0.145966030991,0.110724903566,0.498257839721,0.0207955627679254,-0.0825007048362534,0.228861536287572,-0.232272707850102,-0.0331685904886186,0.0190804255141866,-0.183408715965807,0.222596174174734,-0.148098506800612,-0.0396401521880014,0.183190447424618,-0.11974808468809,0.0252392642761936,-0.0206972209062064,-0.164650550790883,-0.0530596378065371,0.0554269730708194,0.158632504951723,-0.0563242470989226,0.0516484423255208,-0.028740371347942,-0.052741758654518,0.112401343314099,-0.0350259501967351,0.0072335009709926,0.305850424902139,0.0639807319638513,-0.0883151560026447,0.158888181934321,-0.0108304041705634,0.0236400792056099,-0.0579439783806256,-0.0145151991614765,-0.0099281610750533,0.0514763974630948,0.187484742486587,-0.121092769420874,-0.0233125812723993,0.0683406731994023,-0.0900107808470977,0.0033180817039092,-0.16467182758093,0.0128421272885569,0.0314755293166124,-0.0230251964684945,0.234610490623067,0.124424236132975,0.0209366033497764,0.0854579527014059,-0.147605072705682,0.161823794254084,0.0734774804890873,-0.0174891647772011,0.0099952746369998,0.0575508693028069,-0.129951438286329,0.0486632241638554,0.0398484730421048,-0.038298432668097,-0.0693873027657443,-0.175910041996065,-0.0332777734287574,-0.216704612100788,-0.0608911855871933,9.27966749653744,3.33687966019,4.30813707410123,3.63735291928058,0.143541454123,0.86154,0.69055,0.6952
150600,150000,nationwide_score,0.818,14.5856192426232,3.25319750192436,0.182079499993,0.0895848668399999,0.773148148148,0.109222971744646,-0.25174991711213,0.186368452736363,-0.151676111557513,-0.002955932585589,0.0074917174512644,-0.153959662449022,0.0715102514139764,-0.24254451158269,0.0303513427007976,0.118760808725244,-0.0914267758219431,0.0532852932175505,-0.0462370779352611,-0.131024660666571,-0.182893449561051,0.0374997182540294,0.184252466192712,0.0098575054074483,-0.044093280229173,-0.0448667341016941,-0.0773664785985893,0.0294980120554599,-0.081135393667137,-0.146934985711645,0.222781320298713,0.0218825846219554,-0.101725122243499,0.121334331735268,0.114398698834277,0.0324559513016226,-0.0715325853622482,0.0857060509076744,-0.100962873414607,0.171990005438642,0.161918746566058,-0.188423529472212,-0.0373774047107253,-0.0746712552856344,-0.107708247710444,-0.0200319221072439,-0.145875132042518,-0.006193921265297,-0.0690436605276466,-0.0293684213472902,0.173681363783424,0.0302028759787561,0.0734544114295223,0.0088041251652579,-0.121115307541713,0.0841553003969162,0.0787786320352278,0.0254453090975625,0.106446193349453,0.0920500087464758,-0.100783691917487,-0.137550018811095,-0.0919527367567877,-0.156376996676258,-0.0198225662743437,-0.0828621686766468,-0.0320743272098579,-0.177938661084569,0.0465788733066741,10.1727499784329,2.71775438723,3.61750323738259,3.02192088827739,0.0359956866073999,0.85846,0.71327,0.89341
150700,150000,nationwide_score,0.761,14.6219868702597,2.28831830776317,0.116370802293,0.128275760264,0.736607142857,0.0280450014552533,-0.155569761690275,0.235967812377584,-0.252912615015381,-0.040699276498364,0.00913777490567,-0.231376147222897,0.140657100459426,-0.110739892668062,0.0599456032937385,0.15413821536086,-0.127286707501679,0.0313356071035831,-0.0147852837195974,-0.229993760300976,-0.0218166022395935,0.142158584339254,0.153957878077374,-0.0845329585867813,0.0472375917325693,0.0334082734458642,-0.0284613017786778,0.0537164715106891,-0.060210118705939,-0.0582947439352605,0.294789283123203,0.0622331734458162,-0.0267904737398112,0.245827517419478,-0.047348294093974,0.0675244801761146,0.0076213947217535,-0.0176873090973436,-0.020717878939956,0.0411123381685999,0.115266924035037,-0.0784521063212022,-0.0276984257662972,-0.017205072822674,-0.0538856002969099,-0.0785431209597561,-0.155307723561489,-0.0616937985784936,0.0603058026136539,-0.0297192939146898,0.190907427730724,0.065894003090294,-0.112779799806927,0.028850010197399,-0.0829827936550658,0.140463378050696,-0.0044859726142305,-0.0031318936654761,0.0488817391291155,0.079915432180239,-0.0937736056752684,0.0204400700716357,-0.0632927135461825,-0.0390717602193108,-0.106166520404907,-0.165673003817313,-0.0325368704697977,-0.198025147588412,0.0299897223877781,9.50728687444014,3.61490161935,4.72887707430902,4.15000334979853,0.207344145357,0.86615,0.70854,0.71943
150800,150000,nationwide_score,0.763,14.2472936237402,3.20446508268622,0.128637894632,0.132278188656,0.597402597403,0.0999595514334757,-0.15524000510771,0.225953510147223,-0.158785852022311,-0.056330228374579,0.0459616670076286,-0.132001199845829,0.087757990559864,-0.254294824039847,0.0004908703771288,0.110800923364813,-0.0883900310727864,0.0704582848310821,0.0194406099826009,-0.13210016381508,-0.148425430357173,0.0011132402366479,0.141475885971738,0.0230546959162613,-0.0302036505782396,-0.020502780172868,-0.089877455838697,0.0355347179566545,-0.0692033417880481,-0.141201175245789,0.212422208059453,0.0473810114686052,-0.112922329153071,0.12827978006317,0.11902466380679,0.0112540278273355,-0.0800780071887529,0.0555945804474876,-0.117855571483834,0.143122022912016,0.171032561689673,-0.205936633532785,-0.0044189961844733,-0.125117964730738,-0.178212267144965,-0.0204869228132326,-0.159593160712467,-0.0299957297305716,-0.125072891781455,-0.0946148130338889,0.196769773390455,0.0509134504366096,0.0412043025879432,0.0112698020083227,-0.0837587621828977,0.0801176917951519,0.0925298738514727,0.039093072980003,0.0517524680591177,0.0669829234563756,-0.0759883871405924,-0.13751979743061,-0.0803006464456207,-0.179487658192132,-0.0477092466381167,-0.0976607884956872,-0.110919619246173,-0.207119987282607,0.0467822453525771,9.55968258796625,2.84844840535,3.77255957196207,3.57983397816913,0.0579299998119999,0.88028,0.68818,0.73239
150900,150000,nationwide_score,0.746,14.3461393972616,3.47315347298802,0.112402946859,0.192158328796,0.6,0.0615447901189867,-0.209287152284741,0.173709413498783,-0.201987466943027,-0.0311598097272118,0.0325785065650544,-0.11904707830568,0.106028611640701,-0.171026956064499,0.0245242921751466,0.106502612952326,-0.126231104310094,0.0802801817673435,-0.0433634441977699,-0.119637214215566,-0.149372954265038,0.0234546939750522,0.166966777522907,0.0428159953508838,-0.0535248296924799,-0.0294212771867171,-0.0623284115963993,0.0901422290126688,-0.054551626523104,-0.138133864602401,0.201691885419341,0.0216974058942247,-0.130655427453314,0.105659295133631,0.100499418626684,0.0608143731588416,-0.087105287185147,0.0741692799945393,-0.0669023675746063,0.145907253024269,0.195782250065635,-0.163171833870474,-0.0201739288087291,-0.0431036336363815,-0.135980627380618,-0.0050614610518888,-0.138997902461776,-0.0155246903653735,-0.0718640173531262,-0.0749761483723987,0.198113876821448,0.0621170405683042,0.0202262583210545,-0.0218541250201891,-0.167351843185475,0.129632809368509,0.0536251651016431,0.0073742916471673,0.127296414217799,0.105481010903204,-0.111344954609842,-0.167842916265865,-0.0751986605926394,-0.158939067090648,-0.0276742830221051,-0.129103418365478,-0.0185087748751211,-0.180034866510777,-0.0098911964827023,9.50741685491533,3.17896259331,4.08082637613042,3.40367314126863,0.0950411282277,0.87846,0.66841,0.70695
210100,210000,nationwide_score,0.826,16.0204829323449,6.55939638710942,0.115437967717,0.142270897046,0.845644983462,0.0902312151705848,-0.273541473114182,0.228226768010283,-0.213358319962083,-0.0484728066771932,-0.0293260931129946,-0.169541252594472,0.0759359581535468,-0.16908014074445,-0.0433430898911087,0.195123334492539,-0.0112725219483505,-0.023786189690015,-0.076258448145358,-0.128017225862138,-0.107513513511486,0.0660757895028716,0.179263703855972,-0.105880336305538,0.0687250256251478,-0.0256652375748036,-0.0111812052948903,-0.0593580940214729,0.006001833378348,-0.0197353893571547,0.332894878608743,0.0453894419186979,-0.0585153349865456,0.150736504864686,-0.0211460344107941,0.0036174967078547,-0.0245236519103897,-0.025996896103672,-0.0347271739349019,0.127536136964973,0.106797852196234,-0.193502288310826,-0.105145138170588,0.0681431561363677,-0.103105171129756,-0.0874218485200883,-0.133968685343124,0.0591822309861477,0.0511670476341671,0.0420962990000065,0.150251778110204,0.0241976606702801,0.095558198602609,0.12108778362228,-0.0618396105978051,0.0455025453670236,0.0721492685431096,-0.0265598558173841,0.0193993958468454,0.0722209019972601,-0.176879989245778,0.0984449177038674,0.0086044317529798,-0.0111645198647092,-0.0062269141805119,-0.100698911781513,-0.0291824783391807,-0.262195587302289,0.0802655850837152,10.5993098727755,1.72855158039,2.62615129907646,2.50228472569096,0.00985477251245,0.93754,0.7792,0.77066
210200,210000,nationwide_score,0.835,15.8237247245839,6.29124161226343,0.118366802838,0.155050461914,0.824161073826,0.0583242890309854,-0.245065844823136,0.214470106733811,-0.152591363573211,-0.0392937089069352,-0.0494117039616497,-0.14046483824755,0.101230077548184,-0.144402969559748,-0.0594661759128976,0.158117521056899,0.0219267363030785,-0.0445365454722084,-0.0984220157602533,-0.109967888840646,-0.176037457997767,0.0547462412608025,0.194354575030711,-0.116021443683229,0.0955891758337625,-0.0391597540581356,0.020940935936098,-0.0375181135696257,0.0042223219228587,-0.0569558586998798,0.294593621455557,0.0252898425244855,-0.0870523290483923,0.127255728592925,0.028790951946608,0.0420040369076605,-0.0188252773756922,-0.0229318198140717,-0.0205382461436836,0.111576707804218,0.123674976962863,-0.210234315903258,-0.0978767816348929,0.111664285755576,-0.0321656353127049,-0.0217770172885956,-0.0626899077870829,0.0204744322730244,0.0177092699380401,0.0630685964394008,0.131773379309154,0.038441182085767,0.14120955123595,0.140968378011277,-0.0802581627834867,0.0217034274663955,0.156770969019146,-0.086992306216654,0.0159195373964302,0.093395128158113,-0.22942647633386,0.0890588445627775,0.02492042010151,-0.0814952640389312,0.0112902677611273,-0.0976649783757674,-0.0705022137402049,-0.211590246827235,0.0650587241954674,10.1079723622017,1.69499205992,2.60474129942222,2.19347147511069,0.0022938794278899,0.94615,0.75917,0.81008
210300,210000,nationwide_score,0.785,15.0154756420974,5.88438028455605,0.106093710728,0.170654404887,0.746987951807,0.0710373828063591,-0.251472127512096,0.221491366627965,-0.207200119571984,-0.0532618734513935,-0.0263069948789795,-0.157750728011929,0.105044156893902,-0.162245807985254,-0.0459164725062889,0.179301000761711,-0.0079935431566208,-0.0149333709667201,-0.0669224421780128,-0.117154769264846,-0.12780371159976,0.0406899898527974,0.170258130467799,-0.13249780528629,0.0855898456722492,-0.0415941997565393,-0.014107349007394,-0.0615007109922388,0.0068851290827641,-0.0264161954065604,0.331825511449892,0.0426481746955373,-0.0771890986766059,0.13638100444576,-0.0166055521771953,-0.0008295560816219,-0.0299477862373273,-0.0261760875438524,-0.0095911870750415,0.11666484277804,0.134472374978015,-0.186625490796151,-0.109046661713289,0.0895101472397628,-0.0844139115627395,-0.0468865959360062,-0.0940947015861063,0.0616319229304394,0.0374237076604623,0.0235154677662205,0.129556428659547,0.0563277273725618,0.107558767541113,0.112247078182672,-0.0972898280176561,0.0542421604241665,0.101121067627385,-0.0277464581756048,0.0175222144294383,0.0658136206558734,-0.169881121553759,0.0942414390146282,0.0165211905205497,-0.0493185703910938,-0.0097618393658597,-0.115655448157995,-0.0421646081398282,-0.256524992122924,0.092039547270969,9.94957225300796,1.97939705505,2.90728043560207,2.46843185523748,0.0062274867813398,0.91385,0.73466,0.71961
210400,210000,nationwide_score,0.761,14.4360875833236,5.11226829785694,0.0925124205409,0.183976676528,0.779569892473,0.0575612423339087,-0.224694518267195,0.261645823392119,-0.250200815329581,-0.029381049694004,-0.0405573295150072,-0.217784016678001,0.100326346780436,-0.134328011010155,-0.0008833512259521,0.136440643884276,0.0185877517152592,-0.0356655868273363,-0.0031329022436208,-0.148833465350917,-0.0778718360162976,0.0686992225377096,0.180193883688014,-0.145644829585227,0.059217055658929,-0.01024900184494,0.0022340035396983,-0.0367917008319875,-0.0042101244761718,-0.080644252502478,0.326208573827229,0.0089363729089507,-0.0755781437347964,0.182668595009104,-0.0492737496393568,0.0040590860325684,0.0086416960671532,0.0247019590229309,-0.0424910210559895,0.114309760416411,0.138633935108345,-0.140920704218129,-0.07954447208362,0.044129377160068,-0.0423490141310653,-0.0937516769924338,-0.105143381708965,0.0359175827126084,0.0378103340398586,0.0053067811358608,0.147575905505038,0.121615631301551,0.0572068223289631,0.114138762958037,-0.122113646229796,0.101752347634617,0.0796530414972357,0.0152594003618995,0.0794952742490316,0.0414730242734167,-0.131457612715948,0.0759737676850458,-0.0284613854066756,-0.0117728022845663,-0.0340966756877025,-0.165225948890428,-0.0472254006578226,-0.217163739577488,0.0597539032749455,9.16971381086654,2.16110408641,2.99040720360214,2.6845818313292,0.0142287128168,0.86538,0.7333,0.69479
210500,210000,nationwide_score,0.798,14.093143052138,5.06028381802671,0.0917073274676,0.177519980644,0.795454545455,0.067366325912626,-0.240387420875476,0.236002111236064,-0.220588052646876,-0.0074890028301637,-0.0618787932732098,-0.172530183503359,0.117969420389543,-0.128472832973355,0.016654932849183,0.134356911837963,0.0132899558028856,-0.0305624405056221,-0.0490522516910272,-0.135383643690276,-0.123989535151579,0.0836208858927231,0.189279928804168,-0.158114690339911,0.0557562843382268,-0.0118728729250013,-0.0171542244861691,-0.0593517334362491,-0.0007265040766581,-0.0584114628417041,0.295596391003437,-0.0127763797038386,-0.087048190526889,0.163275271043682,-0.0334283762388119,-0.0109918729306655,0.0081165431375246,0.0368325483311365,-0.01680716952488,0.138077845706145,0.113056436830041,-0.139871264135277,-0.0819273210960765,0.0536811306307272,-0.0757683734782127,-0.0840693291072303,-0.0996064199746114,0.0386363338588855,0.0276645592407086,-0.0039167212801005,0.136288511740976,0.0848979018097899,0.0849638784674616,0.0967432042881876,-0.110725518365655,0.0800096347660392,0.0873129394950066,0.0053588532825465,0.10671495841638,0.0744529596493831,-0.127986573443926,0.064404733758687,-0.0422525316608478,-0.0492701362155346,-0.0190177515709477,-0.125176598860549,-0.0605585754540649,-0.202271678336096,0.0810398456948767,9.28948337433695,1.9434991186,2.71189956886389,2.59506656390833,0.0107827090092,0.92308,0.74178,0.7417
210600,210000,nationwide_score,0.761,14.5948358934808,5.00079278618562,0.100132415598,0.185216610782,0.688073394495,0.0229077933844431,-0.209458090794768,0.258619479527389,-0.188470131283379,-0.0637383570137938,-0.0465363003865247,-0.167016249552629,0.147601034421346,-0.103117477157252,-0.0081342198643007,0.15105735444986,0.015212968240091,-0.0133111605508774,-0.0384564508943103,-0.127242611280617,-0.165433038558517,0.03078530968751,0.180787920085766,-0.16439774354036,0.0756725966117323,-0.0236178136419463,0.0256345822700054,-0.0328064911443854,0.02377817646824,-0.0665856310311984,0.286078344713633,-0.0174637397990876,-0.100340690580776,0.121464941587771,-0.0050567871477751,0.0137723272998276,0.0188301577745064,0.0004761279914108,-0.0220600254077628,0.0717734753073265,0.117580151151514,-0.135335179971124,-0.108976642671615,0.120908262174225,-0.0534551605665329,-0.0224660944002532,-0.0671575560020806,0.0386701226794855,0.0309699461684883,0.0323794714383559,0.13726265358946,0.129964373822421,0.0797803715027177,0.144719085113738,-0.130745051860333,0.0500455747705636,0.139292220915441,-0.0339828845194965,0.0490111498555259,0.0757439901160412,-0.16060032057077,0.0884796038693101,-0.0030994327141154,-0.0888338302924282,-0.043242208378752,-0.141936679071979,-0.0729756458307093,-0.211564820492122,0.0569834047928525,9.39030786043003,2.2167464871,3.13055027462778,2.66504501161741,0.0123158074616999,0.926,0.72019,0.66142
210700,210000,nationwide_score,0.776,14.8087627013449,5.5935116742737,0.0985507697891998,0.183596348414,0.596296296296,0.0815946630074718,-0.203075279802652,0.286124769929374,-0.246578266961325,-0.0676738475804219,0.0281132518808012,-0.165538894984377,0.120218333147395,-0.154062926195175,-0.0963531010813794,0.168308502339113,-0.0498411996923696,-0.0087930569948874,-0.0342525409801266,-0.0922717428162464,-0.109371496725766,0.0181893680095336,0.17212758350819,-0.0822956181171922,0.0836687976470194,-0.0317624127455607,-0.0059114835295562,-0.0036884045650937,-0.005170907510474,-0.0511070725021741,0.338419249207798,0.0779877537331757,-0.106697199902604,0.132061129192711,0.0089995454573779,0.0276089613510507,-0.0481881502754797,-0.0106893264038795,-0.0103345836679342,0.0663506775004808,0.151962305017255,-0.194142225758502,-0.0909005439549663,0.0656554053226878,-0.0881113454451435,-0.0169229809589895,-0.10725211083539,0.0428062786763278,-0.0074428584826743,-0.0002563216093111,0.142289199714879,0.0780682627023266,0.0796870607276936,0.0967654229744503,-0.120746132974802,0.0935371911749098,0.103138396767786,-0.0499055323893377,0.0008319549504103,0.0375010514457699,-0.147398465278405,0.074806428402422,0.0080940681815718,-0.0501198926303358,-0.0080106451966618,-0.111147282525816,-0.0412574407379112,-0.268887652188134,0.0544005738735434,9.36898316934086,2.63554377975,3.52034757405817,2.96131472792805,0.0328358679598999,0.95077,0.7261,0.67738
210800,210000,nationwide_score,0.778,14.6613792547263,6.05096220998713,0.117619493659,0.159791013252,0.669527896996,0.0775091920194319,-0.254030257827617,0.226872398027407,-0.20213785727038,-0.0612475228195239,-0.0028567602315127,-0.157643046020121,0.0936330989651582,-0.17453915411384,-0.0497992166974288,0.190351650843005,-0.02133510857405,-0.0195518367757868,-0.0832823094566384,-0.109715612409325,-0.147372459723903,0.0509806648757097,0.167082155473583,-0.113734804377211,0.086702908285586,-0.0479143090449976,-0.008073498046058,-0.0513814579385766,-0.0033884051586257,-0.0395008592609011,0.332385814701608,0.0500110888613784,-0.0793807188237578,0.135150624434745,0.0082087975913198,0.0236747336123966,-0.0462384767067882,-0.0290230084586556,-0.0195828651021418,0.105274374660695,0.149123950683675,-0.189832056640911,-0.108245707753382,0.085069948842913,-0.0653833889323604,-0.0246356794958674,-0.0852677327621738,0.0457989288749926,0.0428830831258294,0.0441991784656047,0.133621090503113,0.0402981392690948,0.116324024339291,0.11682622339843,-0.0843524039912983,0.042236405935139,0.121626921039209,-0.042736927864971,-0.0070511267567148,0.0745473823238584,-0.193690384544937,0.101472086536899,0.0201536780280018,-0.0612607502039429,-0.0047876722206556,-0.102353358687626,-0.0520680288942137,-0.263030614609099,0.0836234260438751,9.74530080597721,1.87707754992,2.79552401908785,2.40178113705714,0.00499167627484,0.88846,0.7236,0.73283
210900,210000,nationwide_score,0.753,14.3162864519372,5.08111071436088,0.105814935825,0.161295376035,0.618181818182,0.0590192776143469,-0.170433371008667,0.276873342644745,-0.235064775839812,-0.0699318621217402,0.0300149137707603,-0.204907643310638,0.1904502240909,-0.143671386858131,-0.075810421144041,0.186141895511089,-0.0615873836616698,0.0186432942396258,-0.0018803917125726,-0.0978321072387822,-0.0775828780896921,0.0107434097331927,0.18226543165536,-0.087500553588189,0.0576800597788747,-0.0328409683677731,-0.0275344823449669,0.0546960906150532,0.001336781184173,-0.0451366447998955,0.322097447553991,0.0720338864682712,-0.111551244634694,0.147042907176225,-0.008556360640657,0.012648051721122,-0.0387945935126543,0.0068923519138472,-0.0046313480824453,0.0568238154733791,0.17373987104991,-0.149239849148552,-0.0840797754854336,0.0599225320664752,-0.0759283129828818,0.0031007231725994,-0.128150242137411,0.0551889366202104,-0.0021866927416692,-0.0339044188136383,0.178483547737579,0.119210685212114,0.0687303318092001,0.0954648554626648,-0.146172709500783,0.131715981792402,0.0961456316347342,-0.0243869370949983,0.0168914095288388,0.019575499599738,-0.129830853917866,0.0600052228947002,0.0050305859956007,-0.0586648484315519,-0.0321000539215606,-0.1415968321349,-0.0225252841204968,-0.223592195252248,0.0042459181158262,9.31410233790666,2.79919884084,3.8026770158562,3.17184189820327,0.0589947775385,0.91015,0.73503,0.63872
211000,210000,nationwide_score,0.781,14.2855148122098,5.83047777067468,0.0998680587552999,0.179821717139,0.66875,0.0810416122958209,-0.242530302176814,0.242954887718746,-0.235306924718634,-0.0498355261540098,-0.0030049594427928,-0.166333523622858,0.100936216574255,-0.158321526204336,-0.0567223353576133,0.165151885034957,-0.0181948496896493,-0.0289472799486606,-0.0481000325082976,-0.111743259184559,-0.107283482376062,0.0298486400331437,0.159492133313033,-0.119518438079178,0.0827981225088669,-0.0358261598485721,-0.004571453688184,-0.0586355669204662,-0.0071868447583923,-0.0392449412337063,0.354700723740516,0.0554008163540979,-0.0853934012330168,0.152906017748742,-0.0226574052781453,0.0063775719503177,-0.0339920578434675,-0.0147713871016536,-0.0124044124474927,0.115039212940123,0.154577674237967,-0.181357898205942,-0.0965933475424316,0.0672172787624602,-0.0957196649336311,-0.0582152576588437,-0.0990932149197693,0.0532320110115654,0.018621940187662,0.0097882607163974,0.128966765147518,0.0741339690792983,0.0990665661799574,0.101030556113531,-0.0957745804146194,0.0854476296851481,0.0903910903921883,-0.0238909272650644,0.019037442854621,0.0443059468189767,-0.154637423159443,0.0873132272834623,0.0081927842924468,-0.0295406410357698,0.0013545122129889,-0.104881197015088,-0.0419108661289065,-0.262059631484081,0.0808753771637633,9.66176624846055,2.3556138986,3.31713983151834,2.82437166922449,0.0196400003149,0.90769,0.73031,0.71895
211100,210000,nationwide_score,0.822,14.0855384585358,5.83837088952093,0.121532700325,0.145592029428,0.824427480916,0.0792814485235347,-0.257721350593421,0.268814734209539,-0.226719193837321,-0.0798755842203833,0.0078631923342739,-0.16607959710092,0.0636164501599732,-0.166653340271921,-0.0653414890908032,0.206795242278118,-0.0152242760440221,0.014419020803223,-0.0691689671587965,-0.105893867429182,-0.103545198951697,0.0382679740920295,0.16417885327877,-0.082511033302343,0.0631259664598233,-0.0374117880041795,0.0062275856721251,-0.0274631343297478,0.0115657301808698,-0.0595068225408559,0.306809451665677,0.0511618208241084,-0.0704436136831903,0.152214320692512,0.0103356100856045,0.0480237556281087,-0.058650631847176,-0.0190329906177934,-0.0449773311449207,0.0711195198648976,0.147846122450962,-0.201636977225071,-0.0843890115950193,0.0752912576037442,-0.0807525145113074,-0.0686127918157984,-0.101115567597677,0.0327501512138222,0.0304288597933275,0.0526377029423922,0.149646618724647,0.021725879419483,0.124459294923153,0.139805857348543,-0.0683479842731843,0.0462908916892929,0.112333396222825,-0.0760526413378369,-0.039955860525835,0.07464649613641,-0.194974069393929,0.10060347940435,-0.0031238432848176,-0.0291050131537263,-0.0113299801361565,-0.101584904862217,-0.0394576534215378,-0.265925146095375,0.0534780939140175,10.1945862054882,1.80410658993,2.73696423514353,2.37677054857242,0.0048017364204898,0.91538,0.75053,0.8082
211200,210000,nationwide_score,0.738,14.6826114658156,5.21670142058341,0.10172143217,0.171038187149,0.554621848739,0.0502700771111318,-0.175720355199784,0.27193427277767,-0.29009364263214,-0.0475015058378166,0.0010728617917492,-0.207843121425202,0.135405542186329,-0.137953189142161,-0.0506152453766988,0.136337274706044,-0.0306095440994465,-0.0345126124437223,0.0269816542529315,-0.141464879081051,-0.0578008369102766,0.0194250863764775,0.157105207848835,-0.116856514774556,0.0572530423099259,-0.0137061687366114,0.0047045884422563,-0.0150080640832625,-0.0066524326247623,-0.0608842848929477,0.357421563449253,0.0353877566511824,-0.0917487897140002,0.166375657587168,-0.0550080922174613,0.0035666027949454,-0.0146731180582127,0.0185984634704712,-0.0222148966209832,0.0867809783141883,0.166769669310932,-0.145121193881559,-0.0647739055282436,0.0349711976278525,-0.100534675279398,-0.0571101512580771,-0.113872775841952,0.0387235762224801,-0.0051104723688885,-0.0361779044146256,0.150982583334339,0.153881619163149,0.0333603700481162,0.0826751264361142,-0.119231525148548,0.136505613918454,0.0590139795780367,0.007123204837282,0.0481108592746567,0.0148577671596596,-0.0995416652489359,0.0645214786049576,-0.0034653534585231,0.0025885003399153,-0.0115870987928939,-0.163112795505274,-0.0521079928193159,-0.240338675984313,0.0417434843356719,8.86738066657405,2.7421038941,3.70932558577999,3.0856124372597,0.0483599331773999,0.91077,0.70819,0.62374
211300,210000,nationwide_score,0.737,14.8698229361678,4.98827473967462,0.143436043855,0.147091090589,0.501742160279,0.0631572504491234,-0.182207833608467,0.246487348916667,-0.208525988375396,-0.0561250202835231,0.010010139170245,-0.184863465854077,0.208315072154483,-0.141024667903106,-0.0640849958246187,0.177943357372698,-0.0711725603235779,0.0148296244734703,-0.0497970635173295,-0.0901224227487325,-0.10390876573704,0.0176221672537358,0.174949154910019,-0.0884271049043013,0.0570596564887425,-0.0499496266207445,-0.0281338967055749,0.0633375223802512,-0.0057953106116416,-0.052572359637999,0.302716857125351,0.0326663502432462,-0.111831144688929,0.143088061801039,0.0069130575747052,0.0180066242053402,-0.0713080130501372,0.0279621224301897,0.0107159615523645,0.109319433813978,0.191882617973842,-0.152265272322711,-0.0805017488189376,0.0506613396267798,-0.0968270510570146,-0.0055550381359777,-0.102940846191108,0.0461652162194393,0.0128324422710771,-0.0386110359612935,0.193762362752017,0.109049638531127,0.0780682060808291,0.0554199412121366,-0.152762410833841,0.135288856523376,0.108847228140117,-0.0145991055834309,0.0373638275106852,0.0376677571069823,-0.138342864233447,0.0222662530903513,0.0089136353776094,-0.10226332689546,-0.0204436587774138,-0.134039267464961,-0.0368229311431673,-0.219889396496928,-0.0089820041997405,9.14470001291149,2.84751286644,3.82361527935165,3.2436774803366,0.060108256258,0.88462,0.70941,0.63832
211400,210000,nationwide_score,0.748,14.7034022268393,5.44062601178211,0.130563852976,0.161101263644,0.547325102881,0.0602556378302354,-0.196187444028528,0.277537230970576,-0.212611126489016,-0.0724639060660094,0.0173401372689531,-0.18572076306537,0.155700513868309,-0.150195929226281,-0.0912507774952518,0.182796866122593,-0.0389478900795669,-0.0171915796980033,-0.0534835529756817,-0.0949335358406949,-0.112651813279394,0.002338984636726,0.178114760299851,-0.111070093690113,0.0891250413981924,-0.0566312169097755,0.0030184337671699,0.0153560995502143,-0.0005717326863416,-0.0617935853798146,0.335113811138093,0.0474369261917736,-0.105220711761756,0.112595254029054,0.0225453618492985,0.0204100376715436,-0.0463576949055831,0.0136740357144646,-0.001240529282769,0.0675191822485782,0.159083925789308,-0.171706876463649,-0.10573384969818,0.0698363707184997,-0.0680445210569156,0.0081043296418856,-0.0804616500469054,0.0574794908784258,-0.0033804651695975,0.0009186952642798,0.157623711018824,0.107640743727472,0.0943668196370708,0.104762139855927,-0.139514245026392,0.0917557994436171,0.134421968015272,-0.0380371842894713,0.0126485845096975,0.0396988181541485,-0.159937566707347,0.0716326538127216,0.0140474638690208,-0.076249292896326,0.0012268247051457,-0.119506511700866,-0.0519541792570796,-0.233536604550689,0.033115752145688,9.35559623072319,2.67083376793,3.58669481770859,2.91168897258744,0.0258559388753,0.90769,0.71685,0.6439
220100,220000,nationwide_score,0.817,16.0204829323449,5.90744160496857,0.12236729949,0.129894632811,0.659316427784,0.0264259606718407,-0.140985966933686,0.178806260983596,-0.241661751998379,0.0012739724979776,-0.0733226898226405,-0.225016289980745,0.169891167860787,-0.124134052717449,0.0031187958147944,0.183186902772092,-0.0809741794389009,-0.0268567252165228,-0.0413273017987926,-0.224024733275639,-0.052986425283513,0.104306547976625,0.110841628314456,-0.0793239056146158,0.0712604604961396,-0.0091726154455465,-0.0296020084100626,0.0539393701966877,-0.0568500642046415,-0.0204956035382972,0.30420889527614,0.0386313690051995,-0.0265703857735792,0.241079337649889,-0.0630826128921,0.0120716693350149,-0.0592880726920006,-0.021602322401531,-0.0148643441109703,0.112626865781182,0.188023262801891,-0.0824031270981226,-0.023871129962465,0.0724322362747162,-0.0273176109803805,-0.0864899882913995,-0.147567645172126,-0.0002293789491751,0.0508301631584822,0.0254008834969095,0.205448823009932,0.0964204032065998,0.0224385142828944,0.0990989068915883,-0.0731481993637233,0.129852625885422,0.0517225622651702,-0.025633421067973,0.0350206100816275,0.0988677799213557,-0.114325440688757,0.0870838719596713,0.0450403850917314,-0.0072659066999847,-0.0908606146106898,-0.158082890297512,-0.032580651533769,-0.183944862255538,-0.018520892037327,10.0026999014886,2.92566929334,4.06112909179402,3.49170804973555,0.0947406785119,0.91881,0.76134,0.78009
220200,220000,nationwide_score,0.765,15.101984860045,4.87997721514812,0.11096059287,0.158446200506,0.635359116022,0.0284089687577925,-0.174482302867081,0.209032286594713,-0.263974482295897,-0.0049286953871799,-0.0642682933676493,-0.215850939663634,0.132607332422031,-0.109296429591436,0.0487288412488055,0.13385250782369,-0.0524073149419039,-0.030559451260602,-0.0243757940644705,-0.225121994376676,-0.0549846384174361,0.10729173713608,0.112891291549978,-0.0991415723097387,0.0523021088274943,0.0029423540046151,-0.0046887191689633,0.0069894063498597,-0.0531438261766651,-0.06739366342782,0.300269900478299,0.0192679664550441,-0.0556991851283706,0.241888766724808,-0.0659360883527878,0.0335971800395001,-0.0359856195960191,0.0003272225447335,-0.0379885259168495,0.117532617522154,0.174483505927817,-0.0716832341127527,-0.0316509730754177,0.0641837126952896,-0.0325706138126349,-0.0978798385242884,-0.123808476121698,-0.0178715115847648,0.0500014033560492,0.0234616983719534,0.198182964482313,0.107278190007609,-0.0025259491998257,0.0856832176061193,-0.0828809253788526,0.117677324480847,0.0538429281291192,-0.0100674455081532,0.0753864655533689,0.105350028579779,-0.098010122869334,0.0693117957579073,-0.0074352639149518,0.0008204091784629,-0.0873157274090471,-0.16861303731982,-0.0498940581744644,-0.179751832380536,0.0034320844534331,9.49257309326058,2.58056829991,3.54839042843801,3.25681798897203,0.0483482330435,0.90769,0.74402,0.66227
220300,220000,nationwide_score,0.737,14.408837955728,5.18046065116411,0.119668610053,0.155945600099,0.519337016575,0.0259387242299702,-0.126488235067025,0.227945967659405,-0.271975685756551,-0.0180964244229168,-0.02134534729202,-0.221974788361336,0.18153476581564,-0.135370942795641,-0.0249776402634411,0.166251851281607,-0.0600741794453003,-0.0142308049374807,0.0199256508178487,-0.176222360863274,-0.0322362314779196,0.0499803321689312,0.138122909964392,-0.0971608490569667,0.0533213268738498,-0.012614923665415,-0.0250685524823567,0.0493341834368466,-0.0343567644005991,-0.032408819190081,0.341045109309507,0.0546506219975178,-0.0717633666603043,0.195348099432099,-0.067266291987726,-0.0027692958971353,-0.0519121873525483,0.0041283695077272,-0.0215126609654316,0.0974352239403522,0.198374036678183,-0.0967210528212533,-0.0334567578222987,0.0443737360895474,-0.0590521913079456,-0.0549329270951889,-0.13593505541915,0.0206668800852337,0.0101919028052457,-0.0389672533262155,0.188737711609627,0.156077439241367,0.0292340753209556,0.0948123059626654,-0.121237217622542,0.161497131402317,0.065050104469478,0.0036170490134907,0.0364335894969239,0.0433257186711487,-0.10182204809631,0.0635330928941133,0.0237073256908397,0.0020333077165113,-0.0610957560871557,-0.180088674202536,-0.0371355291733577,-0.208686653817138,-0.0144818177913442,9.15939421128249,2.94906609412,3.99679786941136,3.40794255982684,0.0837082497459998,0.90769,0.72593,0.6064
220400,220000,nationwide_score,0.762,13.8155115579638,5.27630921267265,0.108791687879,0.159032061231,0.58,0.0472181183197352,-0.150366728829642,0.27476430108418,-0.285012294376777,-0.0474095356467005,-0.0242043223498069,-0.215606747080528,0.13738765736902,-0.096777614364217,0.0108618363844584,0.118375261581588,-0.0412870362888362,-0.0252415734904283,0.0549722316873093,-0.162584396906925,-0.0718832367991226,0.0534851601043313,0.129502288357727,-0.133433030004858,0.0494859454067641,0.0073854894201973,-0.0020389941139517,0.0018632774216997,-0.0216276942962365,-0.0863677998415769,0.312480711733766,0.0126235035462852,-0.0881182124283491,0.196828059671716,-0.0529986192426978,0.0147682799800711,-0.0133741331912485,0.0277370419195573,-0.0255074859518469,0.0914736585156042,0.16760842798173,-0.100190063870025,-0.0474886581050273,0.0503636787945708,-0.0632671324547275,-0.0974613230766664,-0.0989882591298644,0.0088726493657314,0.005619142170079,-0.0421894046888989,0.151134479247425,0.149664882251492,-0.0038669988212509,0.0582659110076984,-0.112032723226306,0.143595055775825,0.0440572298117995,0.0129605299818295,0.0807317479313255,0.0361696769362298,-0.0781927038866569,0.0452175555922945,-0.0187300939988728,-0.0237252410086193,-0.0464966329249741,-0.195729644518266,-0.0692956430381484,-0.230173708534511,0.0473150572295068,9.28968930057913,2.80029995151,3.8440869548963,3.20719291242383,0.0686118821827,0.914,0.7251,0.66884
220500,220000,nationwide_score,0.755,14.0778755916622,4.43838627163766,0.116770607276,0.157974732554,0.607692307692,0.0481707957214997,-0.218613520689854,0.26548587536252,-0.256611162852649,-0.0198934789044558,-0.0258675341410045,-0.208327043861109,0.0976835967075341,-0.128768256781405,0.0726752442261358,0.105692789752551,-0.0244115855750188,-0.017223397460941,0.0074632719388943,-0.202154709444575,-0.0639454581287617,0.0775623008134115,0.150845246037948,-0.134339666311682,0.0386610569918306,-0.0046165355851344,-0.0161891304686164,-0.0202188224240752,-0.028611395760537,-0.103355655828987,0.323950490947945,-0.0056240887994061,-0.0583920764607388,0.183740022568085,-0.0743026454099629,0.00755694895774,0.0120693453254883,0.0343073962864561,-0.0660645328810782,0.104771820850481,0.116196643759793,-0.0970172926679325,-0.0746385849308364,0.0268736751418522,-0.0454043172142023,-0.0964935804724713,-0.124581096045698,0.0023553517250844,0.0366855156341484,-0.0083228484956215,0.174545938464853,0.130529306649872,-0.0055218281177149,0.0811347564846346,-0.112333924800607,0.110244113997258,0.0697274518204142,0.0361589495324954,0.109932532005006,0.0697887251791934,-0.0920698433838626,0.0645640660777622,-0.0588160437279142,-0.0074526560693084,-0.0786198448035844,-0.168858495067653,-0.0605843311561767,-0.197187501148402,0.0496279223177454,9.80563680205957,2.56668902674,3.3931606671824,3.18631550377087,0.0510349279757,0.89231,0.73474,0.65686
220600,220000,nationwide_score,0.772,13.7642183162077,4.01719231436228,0.117128213793,0.159887604218,0.8,0.0512118843557973,-0.270536206269181,0.248949647897922,-0.232151597932993,0.0202493729989417,-0.0725534218895582,-0.189260269163663,0.0824799263302029,-0.136125082754107,0.125736565036187,0.0611409258264717,-0.0006168483163238,-0.0171361857607068,-0.0185549938295742,-0.215031990370053,-0.053964248857356,0.106786194257443,0.165643109180722,-0.122297597742271,0.0121586148134616,0.0173879379143886,-0.026381711157426,-0.0226946961949354,-0.0593598798495832,-0.117445806536771,0.272390794346787,-0.0324836860063961,-0.0567934584077911,0.183226211580645,-0.0821307150497059,0.0116861951980667,0.0309720836191225,0.0507054434126663,-0.0717495699303565,0.129774016986496,0.103726964698176,-0.0771374805121106,-0.0614736105845922,-0.0011171200835012,-0.0278726710920609,-0.106090830806647,-0.113783882125694,-0.0255457643208335,0.0311419925738851,-0.0040200761630126,0.184934394411286,0.11366811393789,-0.0074780203102948,0.0760088974303381,-0.143589278171228,0.113274515043457,0.0855816757085923,0.0271192868358674,0.185487129845965,0.103081000906715,-0.0926381976945607,0.0266754839250064,-0.0810004847337386,-0.0199872932787282,-0.0679072167455139,-0.136952282062295,-0.0478507295242348,-0.150233879625854,0.0342386095931274,9.58543236041143,2.36471014773,3.41132852289091,2.99943573421484,0.0338766777461,0.89231,0.74121,0.69439
220700,220000,nationwide_score,0.731,14.6264412186249,4.67498265896492,0.132907334968,0.132437622512,0.471111111111,0.0123169914812091,-0.0520956615267349,0.223807191061399,-0.256192342249006,-0.0028386657965987,-0.0104349066698135,-0.242422934026108,0.206529560391709,-0.139887323089124,-0.0126755548780221,0.173741200789223,-0.112527227669096,-0.018377310112631,0.0203444886835646,-0.217464336014362,-0.0015674648358001,0.0807027164277863,0.119489498193523,-0.0897483128970324,0.0649321089227995,-0.0040723954453248,-0.0237724609450107,0.0999010655216312,-0.0536340515427256,-0.0062495315887704,0.335700702317964,0.0819173968511126,-0.0461723602209941,0.226732246011717,-0.0679174676182413,0.0001989568759101,-0.0300220938239582,-0.0264651250751412,-0.002672998602789,0.0598097669057592,0.197856608437666,-0.0624468929779504,-0.0044909065266781,0.0457204782150775,-0.0440582814536715,-0.0326568925553425,-0.153263651834181,-0.0053525896714231,0.0197556143985375,-0.0214594657945001,0.212591437333503,0.16075455969342,-0.0112812226056062,0.0887868301925375,-0.105192006904157,0.182213680723249,0.0380358805344887,0.0084103854952279,0.0218100308568954,0.0455606733374166,-0.0982715553145534,0.0563846285723383,0.0266651626159165,0.000308187713326,-0.0987663922708725,-0.193183164987566,-0.0408171381095546,-0.177782550229367,-0.0409512370203287,9.18184852921976,3.38488203643,4.44288729107432,3.65930997928734,0.167859646165,0.87692,0.71449,0.62325
220800,220000,nationwide_score,0.73,14.2537661340565,4.11367587774662,0.112093571103,0.146401247409,0.541935483871,0.0488335637796633,-0.103954187886424,0.307167113237662,-0.260328578826703,-0.054583664630275,0.0481993460005649,-0.26580641380806,0.156482810564983,-0.176414652212757,0.0209436467148369,0.157374210733104,-0.0818365517513538,0.0060551294574324,0.05674947790843,-0.191166528928216,-0.0244981512671592,0.077794362322423,0.166442496390341,-0.104583253575187,0.0340232975973765,-0.00234930243123,-0.0327553766228746,0.0427922610316353,-0.0251715681488953,-0.0427464694171158,0.349523961139346,0.0986389188635701,-0.0598462007922048,0.154084234775675,-0.0346219986767233,0.0011831889476737,0.0472096914057566,-0.0118187010620106,-0.0462114337701316,0.0213819193675043,0.106951491649796,-0.099858061295039,-0.0527070740671335,0.02257260374004,-0.0440595926789905,-0.01580568260116,-0.154828025788355,0.0097628239470308,-0.0047632437038401,-0.0105337664234879,0.165512953917071,0.136054986362563,-0.0263379363779513,0.0908883047531664,-0.0886608018299473,0.137097742994272,0.0461110093162344,0.0257250023964658,0.014732017990831,0.0132604003478306,-0.124767942942498,0.0669923632133305,-0.0276573190705351,0.0014205934859191,-0.089639398431668,-0.171081793563862,-0.0571093795175174,-0.217270733487723,0.0233022064744262,9.13419548801574,3.56082107675,4.52228270702715,3.79633682994233,0.201844665562,0.88,0.71189,0.62183
230100,230000,nationwide_score,0.793,16.1190952511915,5.24503705959108,0.105303610144,0.13458025537,0.706293706294,0.0153815116685632,-0.127187562792086,0.189466793832557,-0.241602310211656,-0.0126337822893163,-0.071824185729273,-0.230604591788275,0.157646620447151,-0.11408680011887,0.0421003156352346,0.169899396640214,-0.0951945804521588,-0.0042064417418071,-0.0494074231233808,-0.283215019259746,-0.048502440184232,0.137855291816814,0.082928684053654,-0.0762177017890176,0.076481007134453,0.0043444464370384,-0.0178035401918623,0.0434563114404263,-0.0698277505972327,-0.0210484322962899,0.292856444220428,0.0295848393653829,0.0051589014256528,0.281146862136221,-0.0678917772999159,0.0381170113430753,-0.0307911328346264,-0.0346460662172572,-0.0189373494162624,0.0835651264169481,0.168066877455908,-0.0571244522952707,-0.0292795530152985,0.0679247123355441,-0.013969471303046,-0.103923217366949,-0.145467918741427,-0.0324561913244451,0.0633435210097848,0.0415417569172306,0.214066083358072,0.0713941345105815,-0.0212131021595528,0.084130919679356,-0.0521821156873241,0.108808014070471,0.0364117475754736,-0.0270647066633196,0.0185906701832929,0.11681678076998,-0.097442041707089,0.102700735702763,0.0182785004875055,-0.0136719557671528,-0.125314121914377,-0.168600249912621,-0.0353308963542044,-0.155671408299524,0.0058562072982799,10.0085121776232,2.66000238213,3.66991431705768,3.29670265230688,0.0569747191852,0.93692,0.74213,0.71838
230200,230000,nationwide_score,0.746,15.2117554974621,4.57077226125799,0.105766091358,0.149061394258,0.539603960396,0.0369410262541734,-0.113475577136457,0.286676078355896,-0.270264333637913,-0.0471126585213832,0.0240508851044606,-0.266450091189145,0.15183409367599,-0.120292302997627,0.0370892226622548,0.145699063146681,-0.0803394776873079,0.0098902421007461,0.0571461046899248,-0.235769371061147,-0.0065826538118752,0.0868343870933735,0.136009526532871,-0.11005104562501,0.0656431799007466,0.0316888677789193,-0.0110731893760955,0.046589315454996,-0.0569960455893254,-0.0504971279971583,0.332846185738802,0.0786616088538798,-0.024313419377591,0.240472758724918,-0.0678005302719967,0.0250695558697729,0.0461880726735365,-0.0551338015265811,-0.0220134079627912,0.0082872885650968,0.10124977486126,-0.0620677671854075,-0.0339664998998817,0.0157557725506434,-0.0371259762835692,-0.0840774759623243,-0.154087402876033,-0.0247361654468593,0.0286063369958543,-0.0127755291689415,0.168728806680102,0.112471599693832,-0.072102045236853,0.0530215173795542,-0.0581852899866119,0.140585008308694,0.0137299480261937,0.0047807292415478,0.0096807457067261,0.0385748143262988,-0.0773224368518849,0.0787426507908655,-0.0526001026625813,-0.0126226428562144,-0.126676207722714,-0.16399985241244,-0.0333923639595299,-0.193207979041379,0.0596294873453809,8.95651749606769,3.71484204613,4.77776229092798,3.98761061073478,0.240764425361,0.91508,0.71852,0.63212
230300,230000,nationwide_score,0.758,14.2142873490624,4.20784618287268,0.0931521571389,0.160078170724,0.751677852349,-0.0051274527177562,-0.102632495043207,0.180043598269269,-0.269867829244708,-0.0264536430550321,-0.0706192412773951,-0.231425414927461,0.177993313945093,-0.0784188555760883,0.0449540371511662,0.164429162617253,-0.0972978335297239,-0.0213232700689738,-0.0528764685964046,-0.26495908497011,-0.0611654171974745,0.125942785436657,0.0835913899993668,-0.0877130462516011,0.080702985039624,-0.0080317016674345,0.0028058749417312,0.0592125464897282,-0.0638899199329732,-0.044369793715897,0.28149749483299,0.0042206200660426,-0.0294833118381952,0.276615982480559,-0.0531031646343912,0.0560716561515501,-0.0476025633359207,-0.0103738095265501,-0.007861220969049,0.0682957797423494,0.20338709332063,-0.0374080279821692,0.0080701339017387,0.0709138768742701,-0.0266352688405856,-0.0976597189903242,-0.110213395508217,-0.0572344353788278,0.0646081563433723,0.0240631758536656,0.210045603736301,0.109859355666801,-0.0333238645655081,0.0826045576364764,-0.069950965787874,0.137728944214351,0.0406027824903482,-0.034307092700698,0.0281143071114552,0.128912592929355,-0.0952871186930592,0.0636451077833436,0.0172394948854939,-0.030485187305744,-0.119403529762262,-0.16789692012388,-0.0498169031410311,-0.144048289374147,-0.0129152184292285,9.50506536993554,3.26393988513,4.15040508299397,3.94400925378454,0.115316532239,0.89631,0.72522,0.67076
230600,230000,nationwide_score,0.81,14.837961845379,4.8838243186513,0.112596265416,0.132039104555,0.726618705036,0.0422914694069093,-0.118819924655833,0.282215188564763,-0.269830591091377,-0.0456027292488016,0.0167182615564635,-0.258458716439037,0.14811635490999,-0.137559175324049,0.0252134058462986,0.160862210574156,-0.0989133657399248,-0.0160610688072644,0.0333740193923151,-0.232772703274812,-0.0243215049052973,0.0971851949978392,0.128144950446345,-0.112767525234267,0.0597899526106568,0.0299014813162766,-0.009793200415204,0.0322439738630395,-0.0548751240167655,-0.0365278920053864,0.345893896333988,0.0777972970951747,-0.0278508742461366,0.232013056559467,-0.0453478274639737,0.0274232694980701,0.0535447838046438,-0.043232892453577,-0.0296116938137641,0.0248447305957592,0.123811622459315,-0.0630693916421462,-0.0386749300556896,0.0187795890242168,-0.0537563163421129,-0.0741316649842429,-0.160662708608295,-0.0237766629497564,0.0471695984976622,0.0010242684951675,0.158749191520263,0.112183508333116,-0.058975847871056,0.0768961503600538,-0.0640171487585401,0.130483812132422,0.0199259898126322,0.0122942143604773,0.0111037740076717,0.0420917148860115,-0.104117133081937,0.0781276004351689,-0.038052791169301,0.0066770738218826,-0.0870697721532975,-0.169125246968086,-0.0449099942229191,-0.205710247239895,0.0473415600055874,10.0905327972391,3.3120227289,4.38929774718542,3.71160280764927,0.148087248237,0.90569,0.74457,0.78883
230700,230000,nationwide_score,0.774,13.6762496400554,3.31415553983616,0.075465422466,0.169110541939,0.850574712644,0.0138894475137353,-0.12468001900945,0.251588178083042,-0.262992393946862,-0.0467229299048754,-0.0321808418012011,-0.232794784257558,0.170828269757301,-0.0549879644480945,0.0547049281415192,0.16575284712452,-0.104098454512182,-0.0043786344597569,-0.0020822095735844,-0.239119795057911,-0.0217936724134447,0.119551628700761,0.0856627403223698,-0.0905835619177275,0.039716686509239,0.0652223776987031,-0.0121773362234846,0.0498155302266494,-0.0742222018306726,-0.0369097469528089,0.261770685922657,0.0217429907725499,-0.0194235237105815,0.298253731941219,-0.0470422198725484,0.0717748155662574,0.019324831239221,-0.0246640346115999,-0.0012637890890688,0.0168759352711312,0.157355732493232,-0.0227317333084843,-0.0368563263000616,0.0365946920462033,-0.0356791601421616,-0.10648048471196,-0.133333548787027,-0.0660819678044288,0.0966011654014711,0.002790961941864,0.175205271246954,0.106206339219276,-0.101622686632308,0.0835245148853775,-0.0838640544867272,0.11940230107249,-0.0031329381814988,-0.0281541688102218,0.0517215219850179,0.0948790243034358,-0.0440859243689232,0.0727876226423761,-0.0347413546709108,-0.0273148900630641,-0.11931706599305,-0.184620758429345,-0.0244281583702208,-0.146859731560958,0.0182293289359966,9.42629770438975,3.56576362587,4.49865858015565,3.99508034866964,0.158236467841,0.96569,0.73738,0.65119
231100,230000,nationwide_score,0.77,14.0623714171455,3.00264404711326,0.104691539249,0.144256231357,0.65625,0.0152049510506412,-0.0852243513617743,0.251380646503169,-0.256239563589654,-0.0168732506048051,-0.0150139320334076,-0.254633748001745,0.168130793764247,-0.095901249254141,0.0404906771808367,0.157447518310854,-0.093756191353533,0.0079809892682565,0.0303048070520242,-0.268888868841089,-0.0027180176377104,0.122789297861068,0.124595054127886,-0.0954053167009318,0.0836136368575986,0.0496358254984162,0.0092707311636151,0.078238344222701,-0.0828834902697877,-0.0328130265097032,0.304254343055778,0.0693419877938988,-0.0084649662934665,0.288574941977724,-0.0752076433626037,0.0416715476687961,0.0367942321983033,-0.058368049086857,-0.008830759820432,0.0127780822090522,0.11526729038422,-0.0366239867197406,-0.0107213316354479,0.0257901642408801,-0.019134024813669,-0.0800830701227155,-0.150879124778026,-0.0535925227554942,0.0614975528087242,0.0099627314047282,0.187391458740877,0.100797255689054,-0.0855939591568706,0.0671878653206652,-0.0426926072717287,0.146185205030921,0.0027144839853049,-0.0101177934401677,0.0129466564059117,0.0601096902737338,-0.0719114686865974,0.062511391196071,-0.0555841634287662,-0.0105307704676201,-0.149317476443377,-0.19234983074364,-0.0191273883425084,-0.155983555350272,0.0309523960016595,9.17263525971941,3.80539290206,4.91204692993896,4.20876041336053,0.250656823433,0.89185,0.72683,0.70456
320100,320000,development_train_only,0.879,16.0476732939579,7.25539595397974,0.128813960166,0.124857265304,0.868025751073,0.0529158819623821,-0.287376362731872,0.141908255269306,-0.0276369781309836,0.0361721757833831,-0.0369439549823224,-0.155947511883449,-0.0742685510261145,-0.145222596601245,0.0606104530121638,0.086680121616247,0.0701237913449008,-0.189196509159542,-0.120458022477177,-0.147890365025137,-0.145711703627456,0.0112661101514047,0.136324923623552,-0.0797192673775163,0.0633391226248559,-0.0939886689052769,0.122705779244887,-0.0976059691219684,-0.0394570535798768,-0.0462776371027494,0.31518105016964,0.0164621839122995,-0.0086207912559869,0.12972109435022,0.0743206080110465,0.0586326942091685,-0.0376775255714333,-0.0863138676694125,-0.0519719850853438,0.0956379850257767,0.0124696068446824,-0.255652287683618,-0.0788415683168498,0.0934329255055879,0.023375230201385,-0.0802032308470758,-0.0206558845933701,0.0023490027231848,0.0357008292107064,0.0900195611735525,0.113919103972486,-0.0395185677936173,0.161556451524142,0.134816639218665,0.0233748854556008,-0.073784026293514,0.0803833544392421,-0.131925408202246,0.0894008194993762,0.187779309351274,-0.308220965077832,-0.0022411158961701,-0.0005303270396855,0.0239715800473669,-0.0330313449806196,-0.0371974260493343,-0.13834353266187,-0.104877747298344,0.0969677265972572,11.2552781707469,0.949153924099,1.38561821591273,1.56286430126414,0.000359180414604,0.98277,0.77891,0.88869
320200,320000,development_train_only,0.868,15.8250661062282,7.37399547345882,0.131402311276,0.134059156806,0.828418230563,0.051300613403188,-0.257363908349188,0.186052034712834,-0.0284237076106322,0.042278367874273,-0.0203470911350552,-0.143555363092122,-0.0524755250112803,-0.144151976148314,0.0701233671765709,0.0901179829172437,0.0563482213917171,-0.177503077103567,-0.126433187164717,-0.127257386135772,-0.141518664812991,0.0094388622621104,0.109539157664757,-0.0832719851586548,0.0576000037269342,-0.0936815368235254,0.16615702977824,-0.0818755722918427,-0.0259984424847978,-0.0618661252066818,0.293204994290502,0.0093120326831542,0.0042419550343475,0.159230508369814,0.0588685567173465,0.0934103116734726,-0.0225979044420058,-0.0641728669382619,-0.0583617112235554,0.0972957672753244,0.0574839251281508,-0.272370621657231,-0.043397696133019,0.0761696370536745,0.0294590263376589,-0.0731505679862082,-0.019309634779751,-0.0338748780500957,0.0413844090458439,0.0985377046589816,0.116552572170455,-0.0333196669312687,0.162413529454389,0.136268147675201,0.064775540250026,-0.0632995086134132,0.100724408222474,-0.154304333639816,0.0539177950735543,0.188335046600164,-0.336477171853065,-0.0312362062823716,-0.0010449186804888,-0.0065765031169457,-0.0062845180815782,-0.0204278977781794,-0.149759375524806,-0.104972452904236,0.0753224849131222,10.6001245481299,1.06197159092,1.53166626299862,1.41182916123662,7.39400925876e-07,0.97231,0.75146,0.89475
320300,320000,development_train_only,0.795,16.0215848607096,6.70544279608716,0.225872951986,0.135084972357,0.656387665198,0.0598444772659298,-0.24254814925709,0.20820123153713,-0.125184360820885,0.0272847213605832,0.0447387739976308,-0.0841193319928228,0.0238359739881423,-0.157561057549514,-0.0345236884837916,0.118151787603974,0.0289960487489662,-0.153452009555089,-0.0952518277382271,-0.0603581221908264,-0.170365075239286,-0.0303005841805388,0.0932514862203598,-0.105900583693697,0.0628057670525425,-0.0862972269257842,0.095593554791295,-0.0734549547971318,-0.0415243181338769,-0.014238325149003,0.359803473319775,0.0433283058397461,-0.0659755881967547,0.142477892593647,0.0649226626261168,0.0580168552264473,-0.105398307715203,-0.0104058470205543,-0.037227488054295,0.137560488843153,0.135944858460447,-0.307130476330606,-0.125061176235243,0.0306166683480065,-0.0513754461381801,-0.0091700423941716,-0.0204755670717488,-0.0070779831457945,-0.0006878154677906,0.0349477432209793,0.108910437875769,0.0152807040831382,0.175105246182441,0.080290538259623,-0.0092307828010903,-0.0367518373328265,0.149617830286624,-0.0772227498146644,-0.016549775497764,0.0964973558198327,-0.267136083135987,0.001875900826225,0.0066308245171607,-0.0490921284251367,0.0460119355895075,-0.0811302167903565,-0.121286333463083,-0.154869308950743,0.0889099924930627,10.4965763379857,2.14853556259,3.08131182839827,2.59613200196134,0.0079776931550699,0.9,0.71164,0.78589
320400,320000,development_train_only,0.858,15.4794368450764,7.09814657715705,0.134083602311,0.136604546807,0.770833333333,0.0616436874883139,-0.244256944098744,0.171424455818837,-0.0314296846993633,0.0445361642788263,-0.001756412172388,-0.124172359838682,-0.0467973914116263,-0.141430710153862,0.075770963740819,0.0931382397420787,0.0380131582978517,-0.191922751595099,-0.121294239362161,-0.130077474347481,-0.161067207241039,0.0027199257365334,0.092614433313812,-0.0937192773961063,0.0692673934183981,-0.106566186748269,0.156724659994829,-0.0987262040095583,-0.0407803736443047,-0.0382259557333392,0.309270728768292,0.0231622629269188,-0.0148737321140242,0.155934251436156,0.0677328003674166,0.0885221369723816,-0.0274799459230339,-0.0759888732002462,-0.0429494763108169,0.107992251694377,0.0662227384434693,-0.278058580198081,-0.0575005633447006,0.0888221697115954,0.0163925421093975,-0.065659265471069,-0.0003642015931569,-0.0337468547567637,0.0517136372182908,0.0894473553252899,0.102053989594651,-0.0364078911923598,0.157851109357447,0.11008787568282,0.0664946395892072,-0.0639129225708842,0.0910998879784414,-0.136186797881049,0.0530783753656661,0.186762983921995,-0.326253126006656,-0.0306731078225032,0.0081660339995009,-0.0112557556035492,-0.002541079315153,-0.0282235097922815,-0.148168037386041,-0.117807881757025,0.0968123428578078,10.7333497540615,1.04049406177,1.42303700145511,1.47525355670985,7.38536431242e-05,0.96615,0.74423,0.87749
320500,320000,development_train_only,0.865,16.3610419080001,7.29882133926649,0.136408144191,0.11353896978,0.817254901961,0.0399486614350577,-0.27351568676353,0.187015662415693,-0.031996021850739,0.0211023654720508,-0.0212893693651264,-0.165555079340771,-0.0743507654824316,-0.141123101966912,0.0845179982560015,0.106119120967223,0.0610439795984655,-0.180702869973319,-0.124188298770215,-0.123565396809898,-0.120624109137765,-0.0013220956125611,0.109156945595152,-0.0845338924689022,0.0367910926239946,-0.0851885438430343,0.16724450137414,-0.0676205121911968,-0.0198419935735353,-0.0876736782236365,0.275543505612154,-0.0100982017821956,0.0258294769470742,0.159044470260778,0.0769450581623437,0.107294085091034,-0.0391723034544612,-0.0458827039067465,-0.0829617086153936,0.0652150601885816,0.0541670207782927,-0.257095112449855,-0.0261877474676931,0.0649127271149318,0.0549522234689126,-0.0859541727652994,-0.0301189979711776,-0.0328058044448598,0.0423215331071903,0.0985061562360787,0.124243051580921,-0.0236093488560101,0.167874623963881,0.157722615300929,0.0663379269232902,-0.0565561866195019,0.104565822966122,-0.161862376038024,0.056572993735973,0.19182438054412,-0.33432350612495,-0.0384427238111014,-0.0101280321483078,0.0165191233623561,-0.011464874496925,-0.0114800495352692,-0.15468100754519,-0.095474530315976,0.0672965793207394,11.0088887183965,1.0225656303,1.53903552216568,1.18383654410382,9.20015314241e-06,0.97415,0.74776,0.88787
320600,320000,development_train_only,0.841,15.8606195499297,6.66579268492141,0.111555303848,0.209640500037,0.703751617076,-0.0107321140547331,-0.224058999393687,0.220133483636934,-0.02527281400405,0.0189854991422485,0.0331795807613654,-0.168873376522863,-0.0195632425317765,-0.116981167361794,0.0488056775953446,0.0696878929885597,0.0646038595102869,-0.171261727853556,-0.0453581941732892,-0.0878502354137559,-0.107744405485741,-0.0561046841581135,0.10551530394092,-0.119221918900246,0.0556922066827352,-0.0965725674711678,0.136938386068474,-0.0212801671249687,0.0040715703547204,-0.0871153688338342,0.311201160133001,-0.0063518363383788,-0.0020632598922558,0.166059877772966,0.0728689906575017,0.0896458524055218,-0.0463194895593912,-0.0342543888931561,-0.068608936965923,0.0730172677953596,0.109057485237698,-0.249686625160415,-0.0470321545355733,0.0592045123432223,0.0728880142172958,-0.0186518581791034,-0.0041509781261804,-0.0329525843174679,0.023992673599853,0.0734821278363421,0.103937961130152,0.0196554938709104,0.167335434111401,0.152387638055329,0.0478832995806625,-0.0560281826617941,0.131972502923428,-0.14094009169417,0.0120073477563991,0.195903503378604,-0.335303171757356,-0.0690501233796015,0.0180352042406948,-0.0619590532825424,-0.0021017376595318,-0.0830270439842312,-0.171622983984618,-0.076848259988842,0.0649227544950409,10.6828718291657,1.44789300643,2.42300408289071,1.81811050713729,0,0.97169,0.71451,0.85785
320700,320000,development_train_only,0.79,15.3415670788506,6.4102695478265,0.215692284514,0.134262093584,0.615217391304,0.0501975168405867,-0.235157047498805,0.204918245978197,-0.122429583757963,0.0051288771533039,0.0424288666002692,-0.0858384434183597,0.0228231302673954,-0.150909969679669,-0.0358511525217233,0.114280823214451,0.0350404437553091,-0.140675974191657,-0.0832976145989606,-0.066305711388857,-0.160294916124993,-0.0317045767845552,0.0912464479940537,-0.10350395746853,0.0710342846907493,-0.0876657621303543,0.103774391570065,-0.0931859411272021,-0.0231072959946636,-0.0224288483406002,0.358601175847952,0.0440044214201731,-0.0797357288856158,0.135172982122496,0.0432262996514314,0.073497090622656,-0.0803228522301025,-0.0351547680124156,-0.0378429438836715,0.133068878618186,0.126065512244685,-0.285775800092187,-0.123801615837993,0.0569057554301005,-0.032987814895534,-0.0122718937328873,-0.0118011287495893,-0.0067389631793827,-0.0202895066311844,0.037693517879858,0.112943598953708,0.0244080552754782,0.16173415426965,0.0965237997962275,-0.0201079922266202,-0.0401444736048116,0.160050942238478,-0.0843088101388549,-0.0020312106496786,0.108828233722717,-0.262666401044343,-0.0103197719194053,-0.0035816327742335,-0.033328688354775,0.0450869675946678,-0.0721476377249656,-0.111212774695234,-0.150075715402721,0.0742278702318419,10.0861128675387,1.87957980534,2.81935534606863,2.36907045786406,0.00432072534713,0.88462,0.72669,0.76724
320800,320000,development_train_only,0.794,15.3328334007888,6.11882813165992,0.179704047758,0.150745271894,0.655701754386,0.0098511448691864,-0.247898736959116,0.191756439196136,-0.0681908429890636,0.0027252412557385,0.031740461873148,-0.124412922889027,-0.0199125731912728,-0.127500479815484,-0.0064706101089172,0.0894287819120378,0.0688514258965359,-0.170589863003602,-0.0617514848045266,-0.0918603463199382,-0.132298735554219,-0.0600625588288209,0.0933087218988927,-0.123972586845743,0.0418472873394334,-0.0936929831280053,0.100387743772139,-0.0736253855000089,-0.0078174897550885,-0.0498751265248592,0.344038001668753,0.0239404790504483,-0.0334323791957476,0.151400471975439,0.0646875766570786,0.0692336398096866,-0.0703995332885386,-0.0355686142925583,-0.044071506924279,0.0961824654220247,0.104098893548458,-0.268364994874856,-0.107061176011765,0.0585126934311817,0.0202339812003636,-0.0313490482129687,0.0011837825483455,-0.001573409066481,-0.0189694813043223,0.0408684965298471,0.103492482894134,0.0230659306003249,0.157826036284486,0.130922573888629,-0.0067348451549283,-0.0573451283165508,0.138891456902148,-0.113183217969494,0.0107130920005415,0.156647218850924,-0.280391689294779,-0.0312680450879015,0.0038539352332798,-0.0449713252258546,0.0131439401479445,-0.0858734662271162,-0.163787713236667,-0.12284442450928,0.0929826912920478,10.5119527581665,1.80169386653,2.73323574955209,2.33159881659848,0.0034178629396,0.88754,0.70574,0.79817
320900,320000,development_train_only,0.792,15.7191096579791,6.04031691230362,0.153181234078,0.183943456582,0.640834575261,-0.0136504675107404,-0.228300415262482,0.227975165552522,-0.031471760165909,0.0024120750657991,0.0433948138178582,-0.140475619084449,0.0140523403941177,-0.112538045956173,0.0121895955501126,0.0691746029146617,0.0717056652933239,-0.156276665477176,-0.018697982507834,-0.0640253174856921,-0.115667403791916,-0.0657468534420648,0.0982922746430021,-0.133711798459784,0.0508159778304209,-0.0926589199155111,0.108598938833715,-0.021918030608624,0.0265708234727598,-0.0702652572357406,0.305233141078305,0.0161576252094163,-0.0347480490574912,0.174045498510237,0.0499850260376429,0.0779515966677531,-0.0458856426412591,-0.0179598545799731,-0.0562012493473158,0.0797150348986186,0.134957354690132,-0.249639805337535,-0.0782285400706069,0.0421811181730116,0.0720547189062937,0.0022885203902906,0.0013784018610131,-0.0150645806663525,-0.0273872079346656,0.0431426745390933,0.102525035017993,0.0347147976188863,0.169950357470674,0.147659739706118,0.0170347453768666,-0.0666534466940643,0.164885079239136,-0.12521110612268,-0.0164166571819623,0.163034302598747,-0.306417567803489,-0.0544081658268765,0.0054346359166618,-0.0900345559268911,0.0125157680955219,-0.114971609129901,-0.171337975310299,-0.0787402041317285,0.0738397528624846,10.4051146204704,1.82108673311,2.68040088609385,2.13708996090996,0.000901879947388,0.88908,0.69704,0.80027
321000,320000,development_train_only,0.818,15.3328334007888,6.54364081880832,0.118253213539,0.183990117634,0.710526315789,0.0008070950713542,-0.241620230437639,0.222086476219702,-0.0456921892845046,0.0002580327475246,0.011100090994465,-0.166574309159957,-0.0406711260925258,-0.103645932059663,0.0325220420793544,0.0990176875134166,0.0955832878686648,-0.165770776825171,-0.050211206838733,-0.0866710119565752,-0.0970614533886122,-0.0449622367312512,0.116592000145575,-0.109544116739659,0.038838749269419,-0.0926824639045291,0.154830333625898,-0.0268448161165218,0.0218098156144925,-0.0924061023774121,0.289461370202522,0.0034825411670524,-0.0138904347225167,0.165352590759825,0.0700397734516134,0.0875024125829492,-0.0468278830824915,-0.0336871999222174,-0.0755481401575612,0.0838263457032146,0.0851656405812127,-0.260542651199957,-0.037637626688356,0.0618080008202694,0.0537995064592408,-0.0626546143910189,-0.0131012422595593,-0.0241611961740069,0.0022716854543427,0.0660010450382258,0.115162063387117,0.0095000578406098,0.18208239059324,0.168622928245536,0.0324479579618268,-0.0595928882667518,0.134317636547418,-0.148219868597908,0.0109208077232644,0.174608028661182,-0.321114760285328,-0.0525954288757564,-0.0181887038264643,-0.0396192433239234,-0.015347807276319,-0.0927755889274368,-0.151525237147688,-0.0769030536484525,0.0587339367185307,10.3172051378971,1.66684159656,2.4868728608941,1.87504037726694,0.000602997456311,0.89015,0.71333,0.86116
321100,320000,development_train_only,0.829,14.9817818066326,6.73257141244923,0.121016107466,0.159503393202,0.794392523364,0.0299223866579647,-0.242477351152645,0.193584217628884,-0.0316531386121228,0.0286686900342451,-0.0015231725105075,-0.165006726264027,-0.0395906637953349,-0.125925531814735,0.0582167905936452,0.0968898736050056,0.0740096582136728,-0.180850556191225,-0.0844873120107311,-0.114769957017428,-0.133012084179027,-0.0159615804056185,0.121747493765685,-0.0986144572874665,0.057831044599325,-0.111982729919671,0.153073401714532,-0.0555850754845016,-0.0132288812922086,-0.0640973848916475,0.30688728216272,0.01028558483403,-0.0170621114961189,0.156170142614839,0.065396393206477,0.0708130124921003,-0.0320763877192638,-0.0618531728628983,-0.0582084069498508,0.104273654322104,0.0645547649895749,-0.273942131490281,-0.0490525199223473,0.0838563188795929,0.0415995240503653,-0.0617407115382301,-0.0108541773250687,-0.028731927837835,0.0337200353829652,0.0778932614375277,0.110675644831664,-0.0184188300005048,0.179100100046364,0.140087150218971,0.0453525452363183,-0.060904161973831,0.112649147254701,-0.126271379572012,0.0445015768968283,0.181129599753449,-0.338142229653668,-0.0373080620928323,-0.0106657219334064,-0.0290336821447242,-0.02560833003019,-0.0634181751612763,-0.142605341438098,-0.0846534987051966,0.0709721289467092,10.4794068295403,1.36232961829,2.01858992333961,1.65803735377328,1.7313782682e-05,0.90385,0.7329,0.85979
321200,320000,development_train_only,0.811,15.3240227730473,6.6607502111669,0.126241764366,0.2033894556,0.679203539823,0.014606426172971,-0.24129529062283,0.218643951177251,-0.0389161296452704,0.0284468379068789,0.0257717465848139,-0.1555059637659,-0.0290345055916667,-0.123358765843233,0.0543521185271036,0.0956748223457158,0.0710418512011157,-0.163079524051925,-0.0624607785877352,-0.0898370726272545,-0.112556459241891,-0.0337687850831127,0.0941650656429726,-0.110925585652805,0.0540213104413033,-0.10059948718986,0.149804563796085,-0.0373017347139847,0.0097076117689539,-0.0834929503681226,0.30210586035589,0.006343408620078,-0.0031423511600828,0.170201435805552,0.0554262541679162,0.081886822084823,-0.04878659226043,-0.0440073371681357,-0.0723578030963886,0.0923744501037224,0.0981954051187777,-0.264052671249632,-0.0430487634935835,0.0580743000977935,0.07766871201285,-0.0526207793116162,-0.0098352404662752,-0.0307900351931548,0.0172820786736922,0.0730275986466811,0.114196964408608,-0.0028118734508718,0.183512976924776,0.141021198446826,0.0485144638224508,-0.0601031345274895,0.136354705429813,-0.144132229189267,0.0078937018259138,0.184752666304152,-0.33114016857239,-0.0509836589917534,0.0013889117682542,-0.0540788364502974,-0.0103996036131652,-0.0754933487839294,-0.150135597595326,-0.0845268510726367,0.0778576713227897,10.2920751933708,1.49008359815,2.19419212111274,1.82365175496737,0.0005254337262638,0.89385,0.70831,0.84275
321300,320000,development_train_only,0.78,15.4229466681285,6.37349551251869,0.236658645449,0.124356867829,0.62124248497,0.0504569426189987,-0.245650970342263,0.189801805929177,-0.103359124867262,0.0295891941466994,0.0566239725313169,-0.0755317832930703,0.0182274890739504,-0.13882703335625,-0.0322948129577586,0.0940014767948133,0.0198055805242608,-0.169199549802588,-0.0772186556104065,-0.0703299636638621,-0.168516476661111,-0.0580979950566379,0.0706152775847905,-0.109445497760952,0.0787047115294384,-0.0871941175589242,0.0941658582775448,-0.102701429950813,-0.0399098117947933,-0.0231447475826444,0.37030063371259,0.0492336804464886,-0.0720263090159303,0.14712566201154,0.055088212760851,0.0621873839847227,-0.0963460352581308,-0.0322968960569424,-0.0202547829616235,0.126745526815574,0.134898885535204,-0.276884618567672,-0.129727026723586,0.0497173953063327,-0.0196552005767539,-0.0102320144154929,0.0065732085565174,-0.0069394994589795,-0.0123563444622541,0.0174473878271665,0.0904879446934715,0.0177247434215655,0.161879977056931,0.0754988700800493,-0.0005293945908658,-0.0481089405572762,0.142652457160843,-0.0947789771576117,0.006698586161629,0.127670116769229,-0.255001005944358,-0.0258848726093709,0.0195227583716207,-0.0482268062243321,0.0534228369173442,-0.065080214556475,-0.143038091862359,-0.157558863619001,0.103682441147468,10.1351177159212,2.04911840761,2.9038634121642,2.60715253844785,0.0105252678275,0.88708,0.70886,0.75442
330100,330000,development_train_only,0.86,16.2979141610763,6.56563282094453,0.130980344129,0.105797826826,0.832915622389,0.0502178444572843,-0.21906954549907,0.159795182887488,-0.0112515028869682,0.0649261962780824,-0.0121895153525024,-0.146339958716344,-0.0804162589568475,-0.1322982901845,0.109741255514546,0.0751116385880992,0.067708668484948,-0.184504886402309,-0.119611020176602,-0.146206986436143,-0.151514175406105,0.0117024368091227,0.100558304027488,-0.080003704212199,0.0362562929943069,-0.103373917581647,0.18375194735583,-0.110451728026203,-0.0237098011235676,-0.0641266196131175,0.257721483875297,-0.0115346729118219,0.0035251060190444,0.15640026639072,0.0606187102084711,0.0965671196464529,-0.0126405569623737,-0.0646236802868926,-0.0722346189429824,0.0534142529948067,0.0500309615540812,-0.263273754178942,-0.0357614693660593,0.0824443440429238,0.0247133420076982,-0.0851002982387674,-0.0058138010661139,-0.0320141131060138,0.0545853974478911,0.0906178983184226,0.126225736819375,-0.0312483173349329,0.159493373917267,0.118592975495158,0.0802312172627196,-0.0791433662872094,0.0541593086764478,-0.13952429711831,0.0866489407071116,0.222878065004576,-0.33079284587805,-0.0478146586725802,-0.0245073612076924,-0.0023115634031543,-0.0366710995919944,-0.0241624894753125,-0.167910734640884,-0.0533608027447517,0.0781788549341532,10.8315034275171,1.06767950186,1.58330993568504,1.60671036518473,0.000463060635132,0.96846,0.75875,0.86546
330200,330000,development_train_only,0.84,16.0583457527097,6.81391266662671,0.123783510621,0.114774732713,0.78025477707,0.0477382105491967,-0.255045638877598,0.131915415696173,0.0028101284228762,0.0512370922161029,-0.0305056109340692,-0.150588780954949,-0.0873148637412235,-0.153558928393294,0.123340089675338,0.0655817411395542,0.0481347996047487,-0.205054425794048,-0.103599152604877,-0.145716362216605,-0.18458339615129,0.0329721042268388,0.11759572527942,-0.0881173617736349,0.0505425639059144,-0.0991087561385868,0.14861897485621,-0.0918904239522166,-0.0512456420817388,-0.0855686760682153,0.286497782527061,-0.0138155202272447,0.0146247700106061,0.141229161859417,0.0745590025050166,0.0920939140251287,-0.0344839228285414,-0.0559973572858781,-0.0784211832017819,0.058990438418393,0.0221375628208634,-0.249517170866749,-0.0436437431523482,0.104794304188126,0.052060104867673,-0.0504392213465735,-0.0243126983905023,-0.0307933080739901,0.0529061211842751,0.0962156837082843,0.117171556735619,-0.0210535308565623,0.143705238731615,0.124683462391855,0.0781492139722033,-0.06985915098003,0.0816370520613323,-0.138952712877992,0.0812562508664058,0.21688904846469,-0.324082613808083,-0.0420679836284996,-0.0277630219383477,0.0011765618956856,-0.0440574072290963,-0.0080288936381474,-0.163722197790975,-0.0820003795447922,0.0811817752295801,10.7142659997462,0.989749145057,1.51858673723725,1.37172600650172,3.05979708407e-05,0.95292,0.72253,0.86097
330300,330000,development_train_only,0.797,16.0762315511349,6.66095804405257,0.153794578784,0.106309504735,0.721584984359,0.0647165170927037,-0.243291250026714,0.132018495024426,-0.0033922999357476,0.0565859371884858,-0.0491967267047549,-0.13244698305276,-0.0962795757930829,-0.174949191988135,0.140495546198377,0.0594204788295167,0.059265846490614,-0.204695758582422,-0.115545626722824,-0.137569074193348,-0.182592737106077,0.042434583005024,0.121379084203328,-0.0678438396099917,0.0298682568112178,-0.0807293653609538,0.148834856072338,-0.128792363032845,-0.0651676433093366,-0.0730474767696051,0.247065338981231,-0.0439255982315015,0.0240056389776743,0.116963038184144,0.0689580540081583,0.111363091684572,-0.0286349499243827,-0.056290119151274,-0.0838391144379009,0.0265437768529607,0.0211325517235704,-0.231210945549923,-0.0476807690817923,0.0917649705896472,0.0492929834360758,-0.0397280553427264,-0.0274900210626993,-0.0453795028283535,0.0515156622456039,0.0853369912137605,0.122951288033633,-0.0145181589259154,0.150849346233579,0.125116735008203,0.0745522088051502,-0.0593620731274206,0.0634573660011015,-0.145136757981987,0.11095997602539,0.231095662696035,-0.313299424306938,-0.0424539812677546,-0.0296398075793398,0.0239410117334768,-0.074694948832958,0.0219386478173635,-0.164774398601113,-0.0716542295376792,0.0873252160428095,10.5043622185403,1.49507626152,1.87108644501123,2.45152997727018,0.00787183642365,0.95108,0.69347,0.76822
330400,330000,development_train_only,0.825,15.5037598356655,7.06986046070814,0.122638718156,0.127166794556,0.713493530499,0.0215550252346238,-0.235977232418253,0.187152843323485,-0.0224459093157846,0.02173980240083,-0.0023018521765959,-0.154024567742409,-0.0741930187112438,-0.11702285466198,0.0944379193524702,0.0961174084340487,0.0592101011941543,-0.179967798704233,-0.110526761729143,-0.129913435248552,-0.126305594021497,-0.0322780984198139,0.0827125112999409,-0.0927890286130853,0.0371742247301291,-0.108213401864082,0.188508605357692,-0.0757582188348019,-0.007236206832181,-0.0886294520221523,0.280933344576679,-0.0198923601077705,0.0173580018962634,0.155697803404753,0.0656722797531505,0.101442449634283,-0.0342500854074534,-0.0476417169835966,-0.0883592102255792,0.0710532191205063,0.0768485406252943,-0.244901368654373,-0.0246999126041797,0.0767764121510129,0.0534998727201402,-0.0842608307782147,-0.0100674492581691,-0.0429454166691753,0.0253471432119605,0.0786768145507384,0.120506115694141,-0.0126086766171285,0.156301251427496,0.143890116116547,0.0833571972160415,-0.0668131265064644,0.104787564142519,-0.159014126685656,0.0580816548035069,0.207482605884739,-0.335257375730584,-0.0622965308186477,-0.0199242195048483,-0.0119105187982298,-0.009567514378881,-0.0193150183952557,-0.173553141343964,-0.0822429192725799,0.0727421108813241,10.5629871965776,1.20498963771,1.73771468995781,1.58335102048721,0,0.96292,0.7082,0.82212
330500,330000,development_train_only,0.823,15.0304235990644,6.36224398181936,0.121469309431,0.141924670531,0.655786350148,0.0306152962691724,-0.225858551215873,0.16783704523397,-0.0230532997641286,0.0444667019546003,0.0106289475122076,-0.150519734072817,-0.0716331201691529,-0.126089886797864,0.101660198595704,0.0883643266311703,0.0446581577810527,-0.188261968946946,-0.125582206424246,-0.138042667708367,-0.142337212139277,-0.0163230765953108,0.0877210235994073,-0.0988982137126756,0.0417846515083407,-0.118381470262911,0.185936729888486,-0.103348073443381,-0.0269553530813687,-0.0761469993889781,0.281178920331504,-0.0050592142820105,-0.0035705383892281,0.156671220469534,0.0698723721098565,0.0983045413890277,-0.0188821701749872,-0.0512257876610605,-0.069831957892717,0.0572496410302287,0.0748365600427609,-0.255680354801044,-0.0374791625416404,0.0768508069595699,0.0380017227204419,-0.0777743897798301,0.0071533906597235,-0.0307278512468985,0.0511882123118745,0.0862388377687761,0.121319017823604,-0.0172584208488333,0.146756681326263,0.122366324945576,0.0699659695465813,-0.0658825549138986,0.0782713176068146,-0.134857343258513,0.0728740051983228,0.198658440257047,-0.32091314099146,-0.0552023567604325,-0.0113021173414406,-0.0052751333004349,-0.0129670800998068,-0.0334946707893138,-0.179227556292122,-0.0798170538469703,0.0791803867305786,10.6518089550336,1.72850883441,2.62318585674395,1.93404885353942,0.0003509387049809,0.97385,0.70657,0.8115
330600,330000,development_train_only,0.832,15.4813289928704,6.46144026401949,0.120794422834,0.147182958707,0.706994328922,0.0460296911099442,-0.22413722906997,0.148424623336993,-0.0082401382634737,0.0688133743093,-0.0175935187581693,-0.135533024272698,-0.0839219783339463,-0.128734408089466,0.119266557431654,0.0610474411138265,0.0416814404882044,-0.203001315432988,-0.118254357574948,-0.146018938751522,-0.17776526481057,0.0088408092364949,0.0965247309753742,-0.0871286683185069,0.0395097886976796,-0.109695127851216,0.182897524433953,-0.116469834003653,-0.039343329455342,-0.0680865089659583,0.267581361300525,-0.0110645766558695,0.00149114968765,0.145541750830425,0.051632300029286,0.0915939030461966,-0.0121201159549169,-0.0627380045507398,-0.0744311022410532,0.0551144966577727,0.0456249692047928,-0.258957008981982,-0.0448668023757488,0.0965204994243999,0.0276294896610882,-0.0631828175824199,-0.0132766711654258,-0.049645721523779,0.0542042943667661,0.0792451947562793,0.112641903383205,-0.0297998372679129,0.137417095086855,0.100806888379471,0.0742238574474632,-0.0643856648042295,0.0654521094673169,-0.132303879048923,0.0956543426895407,0.217990071137781,-0.333875298284405,-0.0530633299552558,-0.026361826228228,-0.0123621472658826,-0.0509216549063129,-0.0104102268161038,-0.171588629311158,-0.063568181895208,0.0753652409249586,10.6897721640889,1.19686725373,1.69014272034781,1.71459555358649,0.0008508327907159,0.95692,0.71716,0.83779
330700,330000,development_train_only,0.795,15.7699557511125,6.47303958910822,0.144140337733,0.105373323419,0.681303116147,0.0319471475816705,-0.214304284208068,0.156531396905539,-0.0103363555798229,0.0828352069852214,-0.0078010938863569,-0.14200848630147,-0.0841133482657333,-0.130351140998846,0.116229945142196,0.053755903160019,0.0488221547605707,-0.212241208756964,-0.116152167606082,-0.148971781314182,-0.170298007479351,-0.0065744442831384,0.123816963948786,-0.0707133657325928,0.0320000260038885,-0.105570887407859,0.177754873972731,-0.105934370590687,-0.0423570406932878,-0.0618799254799107,0.263721218118039,-0.0353200132994622,0.0064313334422211,0.133995527775277,0.052812933165353,0.0984728932785428,-0.0002142624185353,-0.0498034831710086,-0.0894229047845698,0.0318504743149249,0.0437554297231912,-0.267847243784747,-0.0416096393343484,0.0975442508413461,0.0301222890333253,-0.0602644722343242,-0.033853728090247,-0.056686617959629,0.0423239178423967,0.0898669366625528,0.11112709349543,-0.0256436186385811,0.145293370504655,0.112403065901604,0.0570883495729554,-0.0544543196464529,0.0621156994645667,-0.126204139041375,0.113724229167751,0.22238792568177,-0.332603940050912,-0.0646114520941213,-0.0265386291262894,0.0137886742228474,-0.061592449988892,-0.0037449258924087,-0.16590877018477,-0.0464486782727328,0.0581589173431104,10.5185986539737,1.12203229559,1.54518992729273,1.90149880394658,0.00182596250882,0.92969,0.71169,0.75858
330800,330000,development_train_only,0.788,14.639686439527,5.55596879462219,0.150902352409,0.169228671463,0.574561403509,0.0182916362549356,-0.157085369353728,0.162946747684169,-0.0011317465074178,0.0866086516411907,0.0400223506968103,-0.163149715314341,-0.0586181546138149,-0.101888294023346,0.129314463753813,0.0576478529233424,0.0421751305557204,-0.222118099759616,-0.0880198011619342,-0.128649399755767,-0.178743886457101,-0.0268737648670091,0.110602920840494,-0.0926583445589943,0.01283701832156,-0.145824233858662,0.183633228378276,-0.120005880250328,-0.0553005471081096,-0.0689484585576959,0.253341692472456,-0.0286276826803097,-0.0293678366197298,0.137750072362653,0.088803946593223,0.0791191243966323,-0.0107383316770727,-0.0315796801561835,-0.070728099912187,-0.0198567325198999,0.0731601040744484,-0.249418146714127,-0.0435882754662205,0.088416658676117,0.0279023683186226,-0.032405761513579,0.0210589456995739,-0.0534296765500626,0.0703835845567494,0.0787712310193263,0.127333778786166,0.0051750373742816,0.138270423025626,0.115831480367876,0.0651285614176062,-0.0752802753393017,0.0431603958104756,-0.0796894951810776,0.121433589620488,0.209875021996791,-0.320320424786648,-0.0827903255049824,-0.0364138078263358,-0.0078646201539165,-0.0776945038631483,-0.0540010587690299,-0.206774716113316,0.0013008213968038,0.0607267334350898,10.4035217365529,1.20116237164,1.81264808449669,1.22659323670431,6.85164175471e-07,0.92,0.69064,0.76911
330900,330000,development_train_only,0.83,13.9639314251511,6.57478249294038,0.0999284345974,0.15750406045,0.715517241379,0.0385432345967251,-0.242900386290034,0.143687219801695,0.006806809751783,0.0270833575543009,-0.0474398267802405,-0.18535356915379,-0.0746586225823515,-0.148302034623698,0.0991640204812081,0.0663587238173738,0.0652754288135629,-0.216479739690816,-0.110916219081391,-0.129483689914882,-0.16235011855251,0.0579562802557586,0.150283267506314,-0.115853267618545,0.0610655453658899,-0.0841114505462091,0.151350261033019,-0.0704762272134897,-0.0403982007819803,-0.111425981572138,0.249729149169779,-0.0425307262237016,-0.009437306014561,0.121378947357938,0.0960877458432596,0.103713996291965,-0.0048889798505773,-0.0252136054772982,-0.0752915321656744,0.0341737875762861,0.006592524989612,-0.220621295287623,-0.0330976344928154,0.0936047996818206,0.0773620503989842,-0.0320217514363709,-0.0040015130710615,-0.0148995140713651,0.0540517831828733,0.118362748354808,0.132925574393807,0.0021286506336823,0.14758705949693,0.159062232314053,0.0502446174552737,-0.056062128089758,0.0944962581412615,-0.128214064984493,0.11353939239609,0.193060535020526,-0.308237950113585,-0.0261576005221469,-0.0157180613645643,0.0080167898293516,-0.0055765515202431,-0.0355635147589759,-0.182055991676717,-0.0740578639706388,0.0604657741202059,10.6945492772183,2.45993629617,3.46680511515404,2.96224640132681,0.0353046709553,0.93092,0.71516,0.85811
331000,330000,development_train_only,0.797,15.7071155129916,6.46230275295467,0.148441587816,0.125762538274,0.619909502262,0.0273238949303576,-0.229248187978202,0.160211042369997,0.0028668450096329,0.036519004231452,-0.0318108554676654,-0.161848182691653,-0.103225328899869,-0.157281328512979,0.0985467805755231,0.0613196471076415,0.0512304778547594,-0.224151853946454,-0.0985732833304732,-0.128462938344212,-0.177132855344537,0.0243315559675505,0.12944467496315,-0.0909809302785534,0.0340915286721736,-0.105274156029149,0.166188111713934,-0.0931860504115268,-0.0643546894111089,-0.113590836620115,0.274272615897008,-0.0473253502608904,0.0060275141473544,0.103861618175402,0.085189173496626,0.117720419946982,-0.0319432727698751,-0.0194194462212995,-0.0731667454085653,0.0049603981822278,0.016016394115912,-0.212293762736552,-0.0267112073862671,0.0765468471673455,0.0544244704295406,-0.0269287222280893,-0.0226418500557214,-0.0334251131207315,0.0464537787403705,0.0878519333505979,0.12829515663703,0.0146731890161681,0.12812801385872,0.153514306835555,0.0570378023179738,-0.0587026689154049,0.0754980930778358,-0.142602081657405,0.120855618509146,0.216234140280454,-0.302827490712621,-0.082151540110295,-0.028799869115322,0.0346158414306983,-0.0601105870781284,0.0034184269004979,-0.193063756139092,-0.0604230062249026,0.0546347305871965,10.4951781841513,0.994795202373,1.27769589142841,1.71457646239276,0.000786254152388,0.93585,0.68932,0.78441
331100,330000,development_train_only,0.786,14.7357937095143,4.9865498494646,0.161635443402,0.140139445437,0.617529880478,0.0288800790699324,-0.186466742984916,0.160552642043014,-0.0029344922417463,0.096441680834343,0.0026840976034883,-0.164919282756445,-0.0652740622280575,-0.112080013981664,0.120734215041451,0.0424577436863061,0.0366697975727316,-0.242992610319165,-0.0914634644476485,-0.107907095009507,-0.186030533543084,0.0031995431810162,0.123980966866988,-0.0796361573698109,0.0066629867120988,-0.116388583725655,0.160721665210952,-0.1152876784827,-0.0603481142484531,-0.082444702156211,0.212980801260085,-0.0473697939330321,-0.0207442133696469,0.118599370610811,0.0348189117190687,0.0814202954887197,0.0015470348774091,-0.0330298947091133,-0.073201827684596,-0.0263994351584676,0.0317955294914377,-0.244210211923118,-0.0402393622646022,0.0741657940721558,0.037139449345657,-0.0443498803779664,-0.008683087018076,-0.0660917415798488,0.0736132328218314,0.0758086221590492,0.147678530345392,-0.0015184067277397,0.151494346928971,0.118106819393603,0.0546740313554231,-0.0466481680243572,0.0439204922490592,-0.0861725353289737,0.142736082751443,0.225617682565445,-0.307078520539385,-0.0921786801028484,-0.0476332471002971,-0.0148098670797866,-0.110495860867022,-0.0070437585971228,-0.197370820446354,-0.0120009544884237,0.0393172338999698,10.2745131156706,2.36785277079,3.32966594757856,2.98110296298679,0.022044483661,0.93846,0.69345,0.74566
340100,340000,development_train_only,0.822,16.0530237609382,6.70640636448137,0.166530543277,0.108985439339,0.822838847385,0.0246542199858728,-0.240106417464825,0.162386123185361,-0.0514992203058673,0.0372862354054242,-0.0001572408515882,-0.166494667068492,-0.0415244296864607,-0.136973193824492,0.0462225651731042,0.093486310892314,0.0634323467337339,-0.179251487926592,-0.0957584526443831,-0.144620429165213,-0.163526373725469,-0.013252863076699,0.13842388630971,-0.0979236276695707,0.0609997696099683,-0.0961757636080192,0.125322676783937,-0.0807763008996318,-0.0543477196922506,-0.0562734433887907,0.320959589601306,0.0238000205108732,-0.0251618804170912,0.149724790005559,0.0844617214662938,0.0635475362679234,-0.0484668191213172,-0.0393080713319689,-0.0496286522360476,0.0710140800779991,0.0494721879587293,-0.273646467065722,-0.0629463709355862,0.0704454945270946,0.0175519716039593,-0.0639520740918706,-0.0164094061612557,-0.0130193373128486,0.0224975593147311,0.0624202736046313,0.109353145030407,-0.0116682932345147,0.160187404495833,0.141463954731918,0.0270855274529152,-0.0584229338747677,0.0945768785378044,-0.10728055809467,0.0677088851012578,0.170665266383168,-0.302541374064624,-0.0381724558105913,0.0023611728598897,0.0033003623168143,-0.0201420872986053,-0.0651976774361847,-0.171186145238441,-0.0928107145307683,0.0776526584255831,10.782563724927,1.43239474938,2.27013020489376,2.11441896167563,0.00210008365597,0.91923,0.72836,0.83055
340200,340000,development_train_only,0.806,15.1102379995312,6.41073687205944,0.147477525681,0.147369147812,0.723287671233,0.0065792113611053,-0.218179025466334,0.153660324700737,-0.0379544694820511,0.035038118503339,0.0297005829505025,-0.161035347746135,-0.059533279476518,-0.115439098073095,0.0919423996543746,0.0864347425627477,0.0569923956152421,-0.200848045520957,-0.0782686943814473,-0.137607797984535,-0.14553458175416,-0.0502369030073345,0.109629092355623,-0.108910070951362,0.0396328634102381,-0.126658410146106,0.158575125901873,-0.093819092340151,-0.0371776803382421,-0.0723709746814805,0.307445135495582,-5.75259753654696e-05,-0.023025055463411,0.137518982106302,0.0870092904066377,0.0670440099337469,-0.0383511204700976,-0.0534526823649353,-0.0611366782137904,0.0441529664131448,0.0659981519966717,-0.251053523358142,-0.0504139974620196,0.0932508941962472,0.045088421647676,-0.0601325284223623,0.0197307367247686,-0.0208971496002041,0.0272493907858435,0.0688093314083672,0.113514442593816,0.0008978866123369,0.159228829546864,0.12710277437179,0.0440741218294993,-0.0731890831819086,0.0824276691961656,-0.102582380043594,0.0799753708709897,0.195039730716198,-0.31408019409367,-0.0634192046531474,-0.0146429480708285,-0.0004588860764329,-0.0361746135830513,-0.0690646235042042,-0.188456301542359,-0.0546569310439034,0.0836960610648013,10.6783942380945,1.73674470964,2.70295600736902,2.35483616992033,0.0050175141800099,0.93231,0.68355,0.82277
340300,340000,development_train_only,0.767,15.009433329467,6.31700569436754,0.224538957701,0.131254337675,0.551515151515,0.0039878555955694,-0.213601964773384,0.21178185730253,-0.0730340383048789,0.0359479695972483,0.0711084778326844,-0.138616609557269,0.0160900937651737,-0.154873709930644,0.0012178022276,0.0829062216101516,0.0407051928563351,-0.174041022795677,-0.0480404648402936,-0.0926591420387667,-0.153962035769864,-0.0751241217297023,0.106783153117305,-0.131082135462746,0.0548828356915296,-0.114265560287682,0.107031651371205,-0.0439539178874754,-0.0404321075477204,-0.0303733787148134,0.363168067778105,0.0410876986002321,-0.0489218899410809,0.14625491227738,0.0695282306427881,0.0633052361068102,-0.0697321220873646,-0.0024599920216271,-0.023303052109604,0.0793033359362821,0.12634216447399,-0.291816307782853,-0.101206028496871,0.0449416128962668,0.0104391110945054,0.0122468097317225,0.0029279763455942,-0.0070479909388674,-0.00324620444472,0.0312604306211849,0.103148017054833,0.051387946883418,0.167751439961902,0.112351707006576,-0.0135629362608005,-0.0530251193012628,0.129124671648625,-0.0800369338641219,0.001537148019583,0.121834719598413,-0.290321889270513,-0.0538408346156412,0.0131883547418109,-0.05240769388766,0.0111787922037369,-0.119631648061709,-0.180518781496596,-0.0874420105797903,0.0811960024016537,10.503435324047,2.2725648752,3.12532310251444,2.61995340654728,0.0103236904519,0.88462,0.67978,0.74897
340400,340000,development_train_only,0.747,14.9240735075185,6.30776583585517,0.199913158303,0.149539751191,0.610561056106,-0.0085965732584667,-0.192733525557836,0.216388868103377,-0.0694411740169963,0.0307624032940112,0.0664031299106271,-0.157472381045344,0.0142094788938943,-0.134111868170908,0.026210971142073,0.0961827777167182,0.0440597095481424,-0.171674152611779,-0.0438210863595772,-0.0884847476362624,-0.151395807838348,-0.0690609714955084,0.103856340273801,-0.144808906792956,0.0465557743491601,-0.132842101657877,0.13630643285146,-0.0390840885932914,-0.035225890814607,-0.0539623527673064,0.346810345786742,0.0162540878096427,-0.0446167335191686,0.151889332654725,0.0667026067103178,0.0548813878281935,-0.0646127328535643,-0.0068026690777114,-0.0403558095691356,0.0786657104219792,0.11265973186372,-0.2906114263411,-0.062593691132844,0.0635550235834873,0.015552993809851,-0.0139548975337023,0.0037857109294361,-0.0179545765059514,0.0046887665365324,0.0429863625723348,0.114932142803436,0.0490805721467651,0.167130600242678,0.128070924791013,0.0162527581803933,-0.0397456221898403,0.135318596646883,-0.0731148028332982,0.005184300605705,0.128997720931449,-0.300377996196751,-0.0664354744424991,-0.0071602549312072,-0.0628781854541981,-0.0215102803669342,-0.112945911314396,-0.186120988796896,-0.0791502482734767,0.0648956719093343,10.1486266268753,2.00565384749,2.98276373683562,2.39812525211474,0.00412561765849,0.88462,0.67865,0.69459
340500,340000,development_train_only,0.799,14.5856192426232,6.28162880362395,0.145835667443,0.159794767871,0.717592592593,0.0055521083667558,-0.240100658943431,0.152542158381109,-0.0337932874819028,0.0296206020485812,0.0233546414966015,-0.170816612979768,-0.0698669929467257,-0.117813973197395,0.0850994866748753,0.0882453346753497,0.0675376291950455,-0.198056819285349,-0.0876668313668975,-0.132482262221444,-0.138877455784744,-0.0494403057024819,0.112877800885267,-0.103663388242645,0.0419090065439251,-0.125945903106907,0.147199363596689,-0.0968737040687373,-0.0339831425560643,-0.0777184822788717,0.31733357609524,-0.0032685355482875,-0.0148552646672673,0.139692352725801,0.0805999566245236,0.0690213643313292,-0.0517290271597789,-0.0524993305029982,-0.0604052458292671,0.0513652274030163,0.0684102958731823,-0.241794923718365,-0.0590404952719165,0.0918902693646792,0.0612608915606757,-0.0676339338536459,0.0099713091098174,-0.0092975884382914,0.0237062557598987,0.066959338537158,0.112180583612281,-0.0073565061350716,0.162665985543755,0.134863965231833,0.033206300919632,-0.0675169545022553,0.093507392427105,-0.104369232502378,0.0845244242056779,0.187660914486008,-0.31198557238391,-0.0533651907025186,-0.0082998946027303,-0.0019914342788558,-0.0446606618943601,-0.0595321236306248,-0.179046745595287,-0.0729591162977782,0.0867029347485913,10.5144228051516,1.69368442279,2.5859230552575,2.09887778315414,0.00165303400707,0.912,0.68142,0.82021
340600,340000,development_train_only,0.76,14.4935446083283,6.57659358208908,0.208000086051,0.122930182744,0.639593908629,0.0411719559231006,-0.253415776648393,0.214840064136182,-0.0915402529997506,0.0376442936240994,0.0360888553541141,-0.115754247850983,0.031809555663534,-0.152626022587685,-0.023208680721259,0.118263220334009,0.0482964867569914,-0.153097724064816,-0.0827335734479521,-0.058651935500954,-0.14930946085131,-0.0336401777885323,0.118415437240166,-0.127191010669609,0.0456801726346958,-0.104874148415664,0.0946214120808198,-0.022964362839002,-0.0353718999104258,-0.0192939574821664,0.3466212048808,0.0458358394468427,-0.0435711263355697,0.1397394824648,0.0567237616335122,0.0568418847519759,-0.103083048711457,-0.0074139125433633,-0.0358775860995094,0.135875124884099,0.125010430625528,-0.335403845299182,-0.115623172085189,0.0405439559943474,-0.0278721438404577,-0.0040638318175151,-0.0251410682810779,-0.0049324683524315,0.0192792391912153,0.0544800743245398,0.12073029962191,0.0215489037419435,0.174770759299741,0.0923658755519041,-0.0318618615106907,-0.0340507059576157,0.15939725511843,-0.0823737938359153,-0.029149210640993,0.0908624657251109,-0.286896362640048,-0.000237381396351,0.0058064767918329,-0.0573636897384002,0.0258393798574823,-0.114055462118062,-0.121440554482751,-0.125732326723952,0.0741759888959121,10.0601545706161,1.91153821548,2.84076033373421,2.31341301801314,0.000558530252413,0.87692,0.68193,0.73288
340700,340000,development_train_only,0.774,14.0855384585358,6.08745498502813,0.146295854167,0.160212735455,0.664122137405,0.0032162058927095,-0.160549798309798,0.147567320741147,-0.0249739386561947,0.0684407184364752,0.067119677109613,-0.174242814680985,-0.0179604899240784,-0.115455591716606,0.110372656436567,0.0669945237812469,0.0418777636345459,-0.212126474228149,-0.0727754884178837,-0.144883371252935,-0.174647637628145,-0.0698600384942263,0.108486488859337,-0.12429179987127,0.0525330827688031,-0.153346249155834,0.151428259457268,-0.103401086334243,-0.0792510137111269,-0.0458306164952559,0.319232840141472,-0.0092905017853487,-0.0508162750814347,0.1359487300628,0.102295290789965,0.0521609747078061,-0.0210752844677461,-0.0298218299101732,-0.0337343311634982,0.0140560506736994,0.0857856649200847,-0.254403292688951,-0.0675391492583563,0.0901418313590502,0.0306310416843986,-0.0227084172045289,0.054143844069638,-0.0272659383062106,0.0501919750209079,0.0626547405236258,0.097744416057004,0.0156769733871697,0.155726391227476,0.107525391272585,0.0477596875161187,-0.0687750470401499,0.0566274167903413,-0.0500487587048491,0.100738598135659,0.1827422628587,-0.304330106956782,-0.0826333711191457,0.0014335242987539,-0.0272291074054973,-0.0379025473168075,-0.0964876471876535,-0.21933724676469,-0.0334934524453551,0.0851839055697614,10.1940437350486,2.20414768087,3.10092253431828,2.71322218491284,0.0174490713254999,0.9,0.66187,0.7779
340800,340000,development_train_only,0.761,15.2434268335831,5.73704324009969,0.169872372942,0.156927643927,0.553956834532,-0.0025359862959118,-0.134370988025401,0.160194293682573,-0.0235267768190001,0.0589936408134161,0.0715268871063638,-0.176256604261839,-0.0025991677852073,-0.118093889337429,0.110769398637433,0.0560903442966194,0.0221474874964404,-0.219856696967724,-0.047461019287472,-0.137977512997169,-0.181154842542707,-0.0761123498591557,0.113693518441155,-0.128311937498196,0.0361919849870891,-0.161900315224707,0.144369135579326,-0.0891499866054924,-0.0869711401112434,-0.0463977625728651,0.302004961748935,-0.0240636865972401,-0.0559766240907009,0.11133971749805,0.108215480387172,0.0605661728135698,-0.008924714083474,-0.0145568168604286,-0.035255943266671,-0.0124626015320782,0.102349896288409,-0.266403614470797,-0.0592236368598522,0.0849941236068859,0.0280193856593435,-0.0085906165715237,0.0573962993721437,-0.0457553642743107,0.059977869475383,0.0546073186464122,0.102198804924521,0.0423979338523804,0.140926056498092,0.0992306436983999,0.0421793640904792,-0.0481457080970063,0.0570822336784384,-0.0476697102322374,0.0762003513536114,0.171479829564639,-0.296078201894232,-0.113871797996598,0.0060544416827086,-0.0339465583431351,-0.0553556271436937,-0.099907594311806,-0.232664171127313,-0.0454031700255435,0.0759977564900272,10.2058407031023,2.71677747198,3.72838912551236,3.17209066394712,0.0508297393085,0.88154,0.67593,0.73925
341000,340000,development_train_only,0.773,14.1006902520774,4.93082322158523,0.146191205735,0.166982634221,0.586466165414,0.0182292828898074,-0.15641284174973,0.136567258836907,-0.0128947980655544,0.0889917589215655,0.0216103286504369,-0.184974355591064,-0.0618615891572126,-0.0867271999337047,0.116622007601299,0.0537073577155186,0.036922275736624,-0.233779309806721,-0.0618125060066271,-0.125570624038443,-0.219291129133159,-0.0191434829373651,0.12830422555071,-0.107519675506422,0.0152787835325561,-0.135726820719197,0.143839722714773,-0.130693270314518,-0.0836513948610607,-0.0907067520755322,0.235418936338429,-0.0506068845251151,-0.0692361527014041,0.124726839223,0.0751537545651303,0.0491189472493708,-0.0221404646631267,-0.0256914146312612,-0.056909868270453,-0.0668340205850027,0.0379754433467343,-0.224146018283624,-0.0483601747397128,0.0931734502360361,0.0450245881609343,-0.0183270503350172,0.0323262349893101,-0.0313435690648031,0.0637036788556983,0.0716170886121388,0.135692518537964,0.0237679482028204,0.155954437930716,0.131073059610002,0.0509968365726354,-0.0736379373783666,0.0224434896168303,-0.0477286922072916,0.162512782988003,0.203735350822314,-0.288673462889245,-0.0896185445107497,-0.0340075191192534,-0.02069552146967,-0.135279838858047,-0.0505321332733491,-0.223351580817404,-0.003720184156648,0.0582857962787782,10.456239451106,1.76586120668,2.53659695149813,2.51891603520664,0.0113484019953,0.90138,0.68162,0.75071
341100,340000,development_train_only,0.788,15.1993020394926,5.691030044924,0.166086733402,0.146087165127,0.619047619048,-0.0297032592968829,-0.186669154285114,0.189325720003648,-0.0785432352674278,0.0136340018855871,0.049573845178302,-0.159879315854811,-0.0112497366486935,-0.124736954791204,0.0161327177633063,0.0814147114428493,0.0556525814354325,-0.182617857441224,-0.0526289702559874,-0.120658118406822,-0.148059360812493,-0.0855103274963469,0.118760067611079,-0.136366666174355,0.0556069631172898,-0.129787819186896,0.135384912748304,-0.069277024339871,-0.0387138540363445,-0.0712619444547582,0.342442752602465,0.0083846531153935,-0.04404833015992,0.14227479705134,0.0728498442676508,0.0611292821306226,-0.0541950703527425,-0.0047201616833791,-0.042168386857994,0.0441686119692908,0.0989388885803297,-0.253608764649211,-0.0799131083884572,0.0608496851789639,0.0206268138222162,-0.0155916457821102,0.0156786279306227,-0.0035962606038717,-0.0181948359285665,0.0222889811086527,0.116530897144018,0.0666616857515232,0.147296640763671,0.16245776509624,-0.0079190128680431,-0.0435109120510575,0.13205911430292,-0.0708357510864856,0.0570168539243232,0.131227642570608,-0.274359270311387,-0.076262412655006,-0.0096096451085332,-0.020800359149783,-0.027069604598718,-0.106873211920282,-0.209385384668638,-0.0761122250577917,0.0610691917962302,10.2968709472262,2.23557616909,3.05714671937731,2.63260162645418,0.013576846672,0.9,0.70015,0.77697
341200,340000,development_train_only,0.723,15.9196448341857,6.69868252958685,0.246268981255,0.125995258929,0.419512195122,0.025267805630297,-0.221648695833276,0.208222409210519,-0.0558588355107805,0.0543655075960165,0.0848962642292344,-0.108614847762283,0.0518144682933601,-0.143435493951987,-0.0043739464919682,0.0831521002711763,0.0283963260617471,-0.178218652497154,-0.0364185182574148,-0.0489885923898115,-0.148942692031288,-0.0847483453151612,0.0812512055498877,-0.147429389972873,0.0443239451916795,-0.118343718037917,0.0855366299356575,-0.0236247787609833,-0.0397184730698737,-0.0089569676933152,0.349968860992003,0.041433368438148,-0.0495514005266076,0.151866961746108,0.0626008524096469,0.0590940548292714,-0.0986932662291536,-0.0061419717339157,-0.0248420196788244,0.119895950929412,0.152195223241511,-0.309053257668793,-0.103928740215197,0.0457745563550373,0.0150710288816139,0.0156363301693133,-0.0030971409131052,-0.0143542523143626,0.0168436613467351,0.0391589686061759,0.104269217316987,0.0454897603169418,0.17313072340041,0.0749106822023159,-0.0107106930658136,-0.0481948994452585,0.148729141059981,-0.0825030408160887,-0.0385537976925044,0.121265210190896,-0.297237896589524,-0.0486226603975575,0.0186883117941945,-0.084209686987577,0.0249736636285212,-0.113534384361936,-0.1710628412383,-0.115473114316995,0.0919871499189665,10.0167284726678,2.07778784588,2.88398062166384,2.41987479702684,0.0056426383460799,0.88462,0.65059,0.65629
341300,340000,development_train_only,0.745,15.4888619837593,6.28780317043107,0.237371374378,0.135361998825,0.437148217636,0.035887404025936,-0.23667713248318,0.216414090229379,-0.0935454137798488,0.0401017697925063,0.0670938774201788,-0.101945652368801,0.0409190537416118,-0.156858512086216,-0.039803127791657,0.0981842609832589,0.0340917332941358,-0.164035537283924,-0.0610336525797323,-0.0551936852489698,-0.150482653967771,-0.0667207248835489,0.106584966534031,-0.121755762629997,0.0524467227653211,-0.101931660591364,0.0773487385096135,-0.0242686108401842,-0.034117755096358,-0.0108449171941367,0.360059232384978,0.0518773037888346,-0.0583154874643099,0.146898580611899,0.060099954522791,0.0577419216139812,-0.101651373304666,0.0041236042458737,-0.0242408667374589,0.120668956620798,0.145977057496736,-0.31969905682322,-0.126887699299881,0.0207280690645343,-0.0234881651959043,0.0180624978480138,-0.0159783807007428,-0.0078230616700279,0.0002111218749227,0.0288361257725125,0.110530197339833,0.0366348868888519,0.175807886641168,0.0816372829685609,-0.0321643709275197,-0.0427384407682884,0.152017724624642,-0.078960067005157,-0.0292014318362058,0.0974904476680872,-0.282035760964758,-0.0172885501424336,0.016488286015814,-0.0685726376730802,0.0378971979758627,-0.112657999893189,-0.145184275903226,-0.11926353249091,0.0825554630894706,9.91895788657242,2.77710170711,3.77941351612471,3.04689034194317,0.0491501714972999,0.88769,0.69131,0.67378
341500,340000,development_train_only,0.737,15.2948400128418,5.65394483495552,0.188330744373,0.154749981236,0.485193621868,-0.0280454465990734,-0.15086961225047,0.18606383543087,-0.049920736108214,0.0268548586764029,0.0569040609418653,-0.170910868149849,0.0307055121805705,-0.113599919812541,0.0726330688613023,0.0710657486476628,0.0383395397043319,-0.183036441233699,-0.0276925233063424,-0.103362271838821,-0.159388984317533,-0.0699008495526639,0.103369813691767,-0.181143072338961,0.04666423857072,-0.156706580279566,0.139399593672198,-0.0618645850827542,-0.0437116154098752,-0.0713975086928433,0.297747557729025,-0.0176533480725245,-0.0580276710898196,0.153096275059566,0.0759139047939638,0.0389024067776819,-0.0359688916042108,-0.0126743800549949,-0.0509564848604193,0.0516677836815924,0.116949992338979,-0.269743134786742,-0.0453491444053692,0.0874478866751456,0.0264486426435095,-0.0294376441436667,0.0381513934780353,-0.0247372303202506,0.0246218100529908,0.0426643431291757,0.121950177638318,0.0667724524589041,0.153501173965787,0.135864169884272,0.0184352537599403,-0.0349107218614774,0.126022376202226,-0.0510701054767734,0.0411469415863066,0.13941655288456,-0.292878273488557,-0.0894098483740499,-0.0162223987481663,-0.0744067694510154,-0.0433433784204539,-0.125186725131702,-0.229221193351654,-0.0607609427193629,0.0476950759382583,9.9664796764536,2.66201063167,3.46868745622102,3.00751351034973,0.0328280001845999,0.88462,0.67253,0.67216
341600,340000,development_train_only,0.717,15.4249486703984,6.37572555470229,0.257466717316,0.124230515069,0.426,0.0265942871800906,-0.230766328228578,0.207120109024414,-0.0745783962221466,0.0418199323328888,0.07198440609538,-0.105331586535725,0.0676249921046002,-0.135100392060276,-0.0369311531035929,0.0917496453196945,0.0352139862033724,-0.16815596203711,-0.0259163780777284,-0.034768128877295,-0.1447075276729,-0.0939305049065206,0.0876649834387158,-0.153452757557776,0.0411004805083482,-0.104898177748112,0.0768887139768116,-0.0183974855083518,-0.0361817308552647,-0.011048838276066,0.352463788636066,0.0502078206410619,-0.0653907210724475,0.148651622495887,0.0510252438049818,0.0493434101243844,-0.114889715943369,-0.0001918479402282,-0.021892893918015,0.132104917382195,0.161803090638555,-0.322303123700614,-0.11976337860992,0.0395420035645489,-0.0188247230374805,0.015380463232915,-0.0117446603188981,0.0006393011559372,0.0077680460098061,0.0240545143597239,0.100265378234966,0.0550902676149375,0.17520884365318,0.0757080246303795,-0.0341701413585606,-0.0374916204735224,0.151935359777134,-0.0762206723137648,-0.0461486388720731,0.0965362874651493,-0.276256303437347,-0.0367159311440744,0.0195454766191583,-0.100260530545338,0.0349617579643049,-0.125795946384278,-0.15805585038849,-0.129471911946764,0.0830520665774513,9.89520887868551,2.38285181345,3.26308324447285,2.6738797779459,0.0124281351922,0.85677,0.64697,0.6646
341700,340000,development_train_only,0.761,14.1081809181955,5.07880921698995,0.157827547427,0.153604778962,0.597014925373,-0.0073847614313179,-0.135758820637585,0.157611209044265,-0.0308889664618304,0.0688749240556368,0.0678341360231639,-0.1773136024034,-0.0351672388262981,-0.10340177507734,0.105646999471771,0.0599918802557848,0.0419623719922407,-0.222658658647072,-0.0566236581630351,-0.141600376066383,-0.182200035895383,-0.0704334792403175,0.111949061283858,-0.125363059056639,0.0257564404522195,-0.153293017687307,0.155208152371825,-0.110215624156042,-0.0847853578722913,-0.064528545668516,0.294892826525309,-0.0369841220087753,-0.0615421356498103,0.123876204062889,0.108040736599904,0.0631526300653239,-0.0247512417219936,-0.0077374239123775,-0.0499051172350867,-0.0314217055549773,0.0855223475651403,-0.243967134152161,-0.0550822715327798,0.0791697891905148,0.0286204674406962,-0.013891813058567,0.0461671863478104,-0.0342220335635749,0.0473682611984553,0.0590886747877536,0.105346931191958,0.0355303134406135,0.142838042707134,0.122523400335988,0.0500179712975463,-0.0717269162079565,0.0446863443557976,-0.0504464981595551,0.108013419757288,0.18402759623847,-0.293411389724297,-0.102408928632956,-0.0129909012502511,-0.017848380251423,-0.0741729978007327,-0.0905649966087742,-0.236604344883207,-0.0277486111498457,0.0702283808526718,10.3196984486447,2.63339009001,3.56728659661334,3.15404304811529,0.0471501790663,0.88462,0.66114,0.75258
341800,340000,development_train_only,0.77,14.7318016898383,5.31778830596669,0.139291529259,0.166331055105,0.608,-0.0040772897242359,-0.166087095991134,0.159985802508624,-0.0117490052086007,0.064839000568738,0.0342810623529887,-0.16885883727534,-0.0390773709341971,-0.097774360148533,0.109246036258324,0.0648378293350381,0.0354415141411117,-0.222927461890132,-0.062389323511836,-0.136152419657667,-0.170584723192943,-0.0602701169587437,0.117196014576276,-0.121880953113193,0.0224994739813132,-0.147411528623738,0.164785830246074,-0.0897636010350544,-0.0618020894962445,-0.0752164799474408,0.275842015825355,-0.0201338070212138,-0.0418668551080788,0.137385823641833,0.0857742277130062,0.0631271296568447,-0.0148784760609182,-0.0255239540129169,-0.060318152464605,0.0054467395564424,0.0714381255193814,-0.260144834785563,-0.0431525160017806,0.0847779606102304,0.019392159111658,-0.0271429187088634,0.0198242287941338,-0.0446454596512568,0.0532460183119945,0.0624960906242632,0.120612540060579,0.0167826461684084,0.145120858343613,0.123887754783241,0.0448162094597923,-0.0553930931862087,0.0651803516767427,-0.0667479401958173,0.0995256614858459,0.189952546816756,-0.318021415223101,-0.0931239403001013,-0.0131748552060661,-0.0227188055542967,-0.0780086590658751,-0.0815550799832983,-0.215087824233437,-0.015678396727998,0.0561145484016958,10.1292647527505,2.14130019301,2.97912207767762,2.7635087600868,0.0192334615987998,0.90769,0.66839,0.75162
350100,350000,nationwide_score,0.827,15.9341729329897,6.52272516327931,0.171347759192,0.10643655806,0.724759615385,0.049486185830647,-0.24574661607117,0.131619158244419,0.0515983543865818,0.0490487373318861,-0.10199016796654,-0.141195878953357,-0.0632813379601936,-0.18881298934903,0.0921690873196778,0.039387162294888,0.067599287707761,-0.225482531681957,-0.112926283317848,-0.127250669755664,-0.181814384827939,0.0543890943769865,0.153558436912672,-0.0561491483610573,0.0044183293467915,-0.0644638579370294,0.158823367130987,-0.0887062123056543,-0.0835690912231236,-0.118273706347208,0.197347764527514,-0.01411276446947,0.0251875838714811,0.109752848419152,0.0913548916811316,0.155248003478882,-0.0423563755920258,-0.0278356267415476,-0.060952942961842,0.0382707461254457,0.0410426159534922,-0.224589223094454,-0.0267617516357603,0.043694249691887,0.0396962671324397,-0.0207315898803393,-0.0739199361665268,-0.0671887425070331,0.0857500806683052,0.0684012794981346,0.140664184742062,0.0099964503780666,0.132415334981381,0.156719204092921,0.0531385211991488,-0.0318143765951513,0.0681378576705538,-0.158955507200572,0.129071321826159,0.205876619106488,-0.309535955778269,-0.041152404169726,-0.0388190898322111,0.0161726329159889,-0.0411055724593864,0.0344259496841902,-0.162925582065632,-0.0182587799870987,0.028285661614527,10.8354454635794,1.32984168549,2.16275354189176,1.85427327309893,0.000605738240303,0.91538,0.72854,0.84714
350200,350000,nationwide_score,0.845,15.4603158072858,7.98400427143356,0.171316989455,0.0560321926609999,0.893822393822,0.0876915356071983,-0.28140710036625,0.169731875410553,0.0348303878682869,0.0023232258237321,-0.147669792661571,-0.0897780683220511,-0.0686763642051666,-0.262053723281776,0.0870025086236836,0.04924572664147,0.0830056170967346,-0.238763640621288,-0.13528731511894,-0.128222783028094,-0.0975774264728664,0.104187337286334,0.140780071398111,-0.0344338808432761,0.0176036547966374,-0.0061857846807525,0.166027247147717,-0.0545578738805449,-0.0875052495064743,-0.044529979479024,0.168508181000304,-0.0079848271117861,0.0730972871763891,0.0533614866203181,0.10551339161252,0.193363618887511,-0.0106058640840436,-0.0460736248551634,-0.0522843691057108,0.0615971047633928,0.0244702215954195,-0.250995103204781,-0.0071696947066744,0.0116592405943193,-0.0141898119130074,-0.0005469385074331,-0.115444879247535,-0.0753009387677027,0.118353964230286,0.0760239660401222,0.125934417769308,-0.0241013922189017,0.123907325333994,0.126330744957248,0.0378501273442787,-0.0172225817919469,0.0652722147138248,-0.206354032137915,0.102036676001606,0.172410315747569,-0.301515622343329,0.0186183555302652,-0.0276071281170749,0.0660134705637434,-0.0181899380460805,0.063320747880662,-0.126348330520677,-0.0707576230385548,0.0391575253017858,10.6983834250843,0.976306018637,1.52108759972524,1.1336408603057,1.65159490851e-05,0.93677,0.75629,0.85078
350300,350000,nationwide_score,0.795,14.9817818066326,6.67358592516115,0.208489016154,0.115549829168,0.626168224299,0.0516260440170125,-0.255361652697062,0.150882335394625,0.063393407976491,0.0133040273496162,-0.133883446844628,-0.109903126715286,-0.0547898378020096,-0.229966425702243,0.0821044298402641,0.0005243946985611,0.0476085141930524,-0.254811905068602,-0.115169810817001,-0.109923276354934,-0.152782584547235,0.0394641433889639,0.161052309600868,-0.0337278766142087,0.0111838305428194,-0.0596249921890582,0.16242048350492,-0.0665872662425616,-0.0996857414124205,-0.0933857818867452,0.17563205977544,-0.0459302623093138,0.0409360896961164,0.0497717402051818,0.109401399489218,0.207440113290042,-0.0267072574361892,0.0049909747708237,-0.0595163533160053,0.0382313980855052,0.0931916687370815,-0.207049887303116,-0.0239690195319302,0.0123397427948293,0.0278791104437664,0.0436574243084987,-0.112510324001792,-0.0932655424925237,0.102839144206904,0.0576167815880641,0.114180303245484,0.0169867430894578,0.0877391119125693,0.12149295922928,0.0143244606107803,-0.0070157727711087,0.0733609140212655,-0.16599069601553,0.145861654779717,0.173408847110923,-0.301475476869418,-0.0336163576660997,-0.0237305101071997,0.0267243455352265,-0.0738418380472162,0.0491680930933812,-0.150874093856126,-0.0160284413429104,0.0449949036653053,10.8243143360949,1.35885077602,1.81762837888529,2.17736687466442,0.0032799339783099,0.93077,0.68537,0.78899
350400,350000,nationwide_score,0.809,14.7277936700472,4.69507846054324,0.209080503655,0.125566128887,0.630522088353,0.0362803350963651,-0.177893940714853,0.143478399872428,0.0304234276446986,0.0807103736475812,-0.0519794336127291,-0.162352643254264,-0.0381084717078386,-0.137349452550241,0.10793784760311,0.0473832523268948,0.0177119041900095,-0.268577114617522,-0.0652801847476067,-0.0997395197150218,-0.208322476529061,0.0192038391427695,0.127138527169038,-0.069528205702888,-0.0384289605759863,-0.112651914587766,0.136844707756492,-0.0960170866281501,-0.106901660921832,-0.104973862924684,0.143819413133726,-0.0546508817363537,-0.0057897373233229,0.0443998704882953,0.0886560485344425,0.102495045073847,-0.0340992842317113,0.010177279100936,-0.0487955792188303,-0.0693581933801037,0.0497533373810064,-0.224524914312618,-0.0494706075376253,0.0539954859110502,0.0416684114195137,-0.0107706950490055,-0.0051707137923217,-0.0670352560052655,0.114436088868931,0.0437358599475702,0.150272027601392,0.0251208022733865,0.152776836097678,0.115311620225756,0.0367264079216628,-0.0144176632556164,0.0393857669141564,-0.0704643236032733,0.150584900452801,0.22035096552921,-0.276325667205439,-0.085083858097483,-0.0592138446603698,-0.0193250769919389,-0.164432305620415,-0.0043871354623942,-0.209796500102963,0.0218454150421699,0.0510238335655308,10.3544072494758,2.49484284955,3.42669286722635,3.19523057918887,0.0531918174073,0.92308,0.68948,0.8309
350500,350000,nationwide_score,0.807,15.989125383427,6.64992885550668,0.20691444586,0.0827376568024,0.684869169511,0.0432147883842882,-0.253603739608655,0.134605868657395,0.0826155858172022,0.023940610688045,-0.133693753718053,-0.11561010152961,-0.0532331706219469,-0.255676654068491,0.0952041258111142,0.0141794382808094,0.0394494452249758,-0.262520175088512,-0.115060936710193,-0.118976020048998,-0.146886372829299,0.0809846263273935,0.151035570624419,-0.0393391890063456,-0.0020505979737668,-0.0352928127056642,0.143842421128652,-0.0800458475810968,-0.118071519719998,-0.0840668108062917,0.167737572888476,-0.0273309804156269,0.0588233875424213,0.0072074738964913,0.112870863916252,0.194264914977591,-0.027390588780503,0.0072196390576635,-0.0531756712897897,0.0256280253320471,0.0857711793122826,-0.210487948839718,-0.0253716966743124,-0.0090254538256444,0.0585789847278073,0.0474312581468059,-0.10275606127832,-0.0879129453954617,0.119085781212976,0.0410347972654797,0.110647740263932,0.0260216105589015,0.0901551404895189,0.117239372875993,0.005131126433149,0.0040694957094046,0.079620936393918,-0.163791321601726,0.138545409188717,0.175969974692017,-0.280220344777584,-0.0142258563082982,-0.0070239748044292,0.0235850589539317,-0.0742191155696901,0.0399239205102901,-0.157928991790047,-0.0314312572139568,0.0410690158273608,10.9935233117978,2.05456122939,2.84524526472487,2.67283216243768,0.0124607853509,0.89862,0.69586,0.84045
350600,350000,nationwide_score,0.788,15.4348989992713,5.9207550946125,0.200760929387,0.112615801955,0.613861386139,0.0268423263035897,-0.225158355802897,0.15594786689974,0.0606935810974545,0.0031446959601617,-0.107344641770038,-0.112851141525829,-0.0549429036668031,-0.234221267788738,0.124336696101281,0.014795086398726,0.0507050545414258,-0.265209407468007,-0.100290429203181,-0.10445411696624,-0.123444081916272,0.0527951595600341,0.136837059629128,-0.0494294877149908,0.0013687705369941,-0.0816961883329595,0.186072681304543,-0.0503213924595027,-0.105082416078754,-0.0915141225413721,0.158477827216882,-0.0493732303780837,0.0509159306255019,0.0164224352495002,0.111946933891684,0.201041089590177,-0.0027183973541345,0.0192016467225465,-0.0341198650194817,0.0145078119037499,0.0864990181156629,-0.183151861079718,-0.0063593303567808,0.0061016254591454,0.0165109002415239,0.0662098739582695,-0.0949666219622986,-0.086788678167492,0.155387370913787,0.0473892646406752,0.124097514880278,0.036917030401109,0.080655241239316,0.126760746833538,0.0238096639961982,-0.0082413679262514,0.0648639916486289,-0.150370685693013,0.120276454189893,0.180018805202703,-0.304002777008047,-0.0360857255318349,-0.0248027390503564,0.0314480210407073,-0.0750244263521543,0.0395397636795401,-0.194534861378636,-0.0110684309016002,0.0254931622162781,10.4225167025055,1.77273952146,2.5416084363808,2.52706308801407,0.0088893380382099,0.89862,0.67952,0.80231
350700,350000,nationwide_score,0.784,14.8013277256213,4.63460000425387,0.183190571125,0.135555233889,0.597014925373,0.0182495717377248,-0.16943714714454,0.142684010188835,0.0031563822683869,0.0856880272486816,-0.0068739969875045,-0.161566303451006,-0.0461263451185719,-0.122350664806808,0.125555050797315,0.0310559975730257,0.0244847685283602,-0.251141283045794,-0.0768864712575527,-0.101077594777328,-0.204916058956236,0.0072979089902762,0.132425345610044,-0.0859810013865572,-0.0092257169023252,-0.126023160768156,0.1606603331156,-0.126469277028207,-0.0941639631563781,-0.0884183162198396,0.189116750554279,-0.0460812757117718,-0.0194340801765543,0.0822380674089396,0.070931379961933,0.0942029455584536,-0.0233590678384154,-0.0168453068168749,-0.0596034792121327,-0.0874618582367899,0.0459182774590741,-0.228200179547422,-0.0509641328684813,0.0756644902047057,0.0376769871148619,0.006971092919386,0.0052838163546678,-0.0445850503324669,0.104716386806986,0.0711326748907665,0.160340627475487,0.0355827116921696,0.136840876288488,0.137820788092538,0.054449217239259,-0.0457362692638879,0.025841871860646,-0.0627353133667911,0.150798146013759,0.212283490486255,-0.281670511158058,-0.0915291792842189,-0.0531655355451804,-0.0009348930574474,-0.136759835201041,-0.0083696781133311,-0.214181696256299,0.013511377876836,0.0489105064310083,10.1738564337862,2.47514124518,3.2981265225834,3.24119591324355,0.0486965991198,0.90769,0.68412,0.77464
350800,350000,nationwide_score,0.802,14.8198125334614,4.97270614802547,0.221943000019,0.122051746088,0.626373626374,0.051963640895987,-0.216140332485731,0.170900451262917,0.0385937767722525,0.0485643351312011,-0.0824035420383714,-0.151753190220294,-0.0550355172999377,-0.171592161116913,0.108687176729972,0.0444214923620807,0.018568332745303,-0.282755040540478,-0.077854258076223,-0.10585009997719,-0.19212344440346,0.0287673024773542,0.14094297382674,-0.0407630161668376,-0.0321409142700224,-0.098679171438031,0.145881233303802,-0.0768837612068772,-0.118349095061026,-0.0881721330327871,0.163179921266767,-0.0590328961989868,0.0161167541607549,-0.0030820098178263,0.0975196723567073,0.125258142491568,-0.0337442628419924,0.0167850992922755,-0.0603559350842757,-0.0410329723258692,0.0571593624613054,-0.22101188467204,-0.0427385136644311,0.0356198305852973,0.0224751374011701,0.0057725822516488,-0.0298544570643329,-0.100354427018531,0.13216400264188,0.0417373001479264,0.1222878935067,0.0065678722721439,0.149513984535742,0.0972054610648838,0.0259096005048768,0.0012753130838693,0.0474113611025509,-0.0984560390522309,0.138402090964916,0.221622303769512,-0.278900157697182,-0.0766639369832691,-0.039650358261695,-0.002023308245355,-0.170901585458695,0.0207966357816833,-0.198261521542376,-0.0098120625480756,0.0585154286581658,10.7391268994668,2.42260477375,3.07065321542612,3.26434551584503,0.0371473693714,0.89415,0.69787,0.82628
350900,350000,nationwide_score,0.785,14.9629133282621,5.45474865262672,0.208309222448,0.115860488031,0.609523809524,0.0455024540765137,-0.210786581998812,0.140698570988365,0.0186141569749434,0.0672620150684106,-0.0632384577356135,-0.16674268907458,-0.0717684846637585,-0.137695556081618,0.119612502559893,0.0411396203062994,0.0436369122837509,-0.25655422350609,-0.0977782394688882,-0.0943501832939824,-0.193092776899807,0.0187619196882743,0.146860907461519,-0.0701118272100594,-0.0096335233058248,-0.0925380753981234,0.15656223138309,-0.103994951313359,-0.0856007053339046,-0.103560605676388,0.168542380378305,-0.0617678082201034,0.0094910916926898,0.0890359090187946,0.0579944415705563,0.123878578732144,-0.0034657937082682,-0.0052131328721156,-0.0656301335528607,-0.0473074988834968,0.0246447198514802,-0.21757226396498,-0.0301345492368547,0.0542527585931515,0.043802392323665,-0.0120658193876406,-0.0395610624837806,-0.0703513794449501,0.0829016968251741,0.0782896299606301,0.143547211330622,0.0200213077838866,0.141649476631459,0.139527400898916,0.0481575357141958,-0.0194623930600163,0.0408366913169901,-0.0896324853731801,0.146198483451045,0.209043907686424,-0.293398490008832,-0.0772496097464661,-0.0453578538958652,0.0016003739723387,-0.135082347089793,0.0321402968151693,-0.196155334693123,-0.0105995669845398,0.0363110431959532,10.1736685613467,1.95017021576,2.75013933679269,2.63887789914715,0.0135656826108,0.90308,0.67647,0.7906
360100,360000,nationwide_score,0.815,15.6496909028207,6.77017616556798,0.173759895792,0.0949298461744998,0.779552715655,0.0425890873819927,-0.194104582487942,0.154290814383413,-0.0340719254375262,0.0509342017308545,0.0310315867008824,-0.139890439184872,-0.0589521640380695,-0.152184044078708,0.129330812421816,0.0757116217824502,0.0377359236245463,-0.195974693657965,-0.0849056172640176,-0.153892928943843,-0.186204109888273,-0.0095786452999519,0.115727971962248,-0.0825536519603637,0.032231800157284,-0.127497181505015,0.154074559515895,-0.105002130345518,-0.0619922980995327,-0.0424999107504447,0.29118138486476,-0.0201050998218032,-0.011836620415369,0.12778160851735,0.108854588263398,0.0921256515875936,-0.0344584603982918,-0.0521708921774151,-0.0745171012891484,0.0299673193072525,0.0610981145751188,-0.298889152479145,-0.0505670911308849,0.109391740763396,0.0117318919597094,-0.0464278376059285,0.0125370533778281,-0.0576530473419513,0.0504037225044945,0.0733948934872407,0.114284249631348,-0.0121690082348581,0.164311040033427,0.0839303794190866,0.082317208353113,-0.0611395704723264,0.0605207767764997,-0.105217322851621,0.0564306408774835,0.215351753986651,-0.307312882872868,-0.0625999508883189,-0.0184914679732968,0.0167200413311696,-0.0386708041063497,-0.0484661019393718,-0.186793521718214,-0.0512742488853786,0.0906573933707543,10.5759761613091,1.31594677286,2.05964651513952,2.0131143061768,0.00192670123592,0.92554,0.72375,0.80688
360200,360000,nationwide_score,0.76,14.2979373244923,5.73534438982465,0.213831092833,0.103632478536,0.648148148148,0.0196046176801281,-0.170277922605505,0.142548113991359,-0.0313442927864945,0.0778294742859336,0.0299535722021265,-0.151260527088064,-0.0728873693711755,-0.118601422209363,0.104586402740926,0.0568321339686488,0.0328772821449579,-0.237584429178597,-0.0748895678442376,-0.151381491761403,-0.200592841800942,-0.0432638540595765,0.135680917491165,-0.0859214700918162,0.0193815385229024,-0.136758303823734,0.156844479679644,-0.114320643690188,-0.0904838806730588,-0.0700987529453559,0.27524018724289,-0.0477269897562336,-0.0395340724743902,0.107439114754009,0.099006263760498,0.0893429803968065,-0.0335372138628595,-0.0161154257323712,-0.0724376078588559,-0.0477446757218844,0.0436355221587853,-0.26408537259152,-0.054924809295044,0.0943322979935074,0.023883126234646,-0.0194781458176975,0.0147658546531338,-0.0408863166534749,0.0478173868333314,0.0755693033948257,0.117681150725473,0.0190217345006035,0.143000337565612,0.123353283241965,0.0456360617609236,-0.065062017382918,0.0318274746817718,-0.0780012395477391,0.129474317646612,0.202080655729299,-0.301661938505395,-0.0946081927128767,-0.0223189157342282,0.0272520754667599,-0.0968223495361784,-0.0302431970093296,-0.21788547510866,-0.0267903265036908,0.0597446011916959,10.2706540571966,1.83918628368,2.67105158594162,2.05630479710554,0.000673996241936,0.86815,0.68466,0.73897
360300,360000,nationwide_score,0.77,14.408837955728,6.16230128856238,0.202430123552,0.124233936334,0.674033149171,0.0296970216417716,-0.134955722226883,0.14564967873042,-0.0058785605763034,0.0659972965970053,0.0523472737186719,-0.197270546078513,-0.0336833794849576,-0.114714469394237,0.127163088993694,0.050510410103882,0.0298991893529285,-0.246456649683148,-0.0642341761511632,-0.112876653696886,-0.193846730188261,-0.0349440893523117,0.0998789401340069,-0.128076394181375,-0.0078630740851395,-0.162564757544126,0.162662988640461,-0.108053793945244,-0.0996720404131401,-0.0704037533323649,0.264859132351798,-0.0294443842156954,-0.0220054782337819,0.132556885352611,0.11890288725644,0.0985261275318495,-0.0115852523577571,-0.0161749917356846,-0.057744767850489,-0.0306149974942879,0.0921020833117123,-0.257257752556678,-0.0347031552804854,0.0867473206546335,0.0406743854379416,-0.0162779315445279,0.0543260391030888,-0.0552634022262458,0.102368175793846,0.0821775544781116,0.11369087466638,0.0334513699202432,0.138954906842679,0.0966694091395917,0.0762718505456599,-0.0443083053846054,0.0302109775558262,-0.0606089890122431,0.0897252011711576,0.222552074523365,-0.301147802733793,-0.104259933329847,-0.0352370519666982,-0.0448473540819356,-0.0612450242432033,-0.0480803483694305,-0.22735497291337,-0.009643822819474,0.0811690123134906,9.81792545130797,2.19053737702,2.96463948800933,2.62804805668986,0.0139021565707,0.9,0.70244,0.72329
360400,360000,nationwide_score,0.763,15.3415670788506,5.48813693211786,0.210934005664,0.115359306729,0.610869565217,0.0126386480684609,-0.129767970950365,0.152409561365494,-0.0185456595139205,0.0554766969790917,0.0644258508855217,-0.179000972865556,-0.0205135497428721,-0.115028931606492,0.128999229362045,0.0507689108276177,0.0279868834399215,-0.23637694091999,-0.0450229418320384,-0.116219888227024,-0.180370527972527,-0.0499577030626222,0.106116118027516,-0.128983720426377,0.0138290734160709,-0.164279710331664,0.164945764661783,-0.09436003784307,-0.0767419732187642,-0.0650561788267982,0.271342323520842,-0.0388404168338757,-0.0356185045786288,0.116946430025945,0.10700972604984,0.0732860081956051,-0.0010256671805209,-0.0130305813998958,-0.0605992492494993,-0.0129833091609025,0.0917288640724493,-0.267011394103568,-0.0364417798672281,0.0994353733804922,0.0334654339901682,-0.0232737256660868,0.0635194674560002,-0.0606946054011761,0.083071116119451,0.0713326656636876,0.110128912719945,0.0371597012881935,0.15033049895642,0.0965777658045045,0.0709685021958799,-0.0445954292572621,0.0532989951153369,-0.0538086237903036,0.0712308715158458,0.200951896970777,-0.292798591348574,-0.122054007041973,-0.0211054756712751,-0.0318188573704465,-0.0522546812261374,-0.0829045182483488,-0.22894388084537,-0.0186830975858883,0.0709013939950805,10.1659747191498,2.43847492198,3.47345464037295,3.00088368237437,0.0311137882206,0.83846,0.69212,0.76519
360500,360000,nationwide_score,0.794,13.9978329480912,5.94064657356273,0.208901967063,0.11152809884,0.741666666667,0.0282316202446244,-0.18139969472758,0.151800894643845,-0.0173867909484162,0.0254781207572054,0.0300300865836637,-0.187628486934228,-0.0627885946111239,-0.113684283260098,0.122331568849454,0.0657750718843194,0.0488766549329582,-0.227072886001357,-0.0623404010716388,-0.131980040540975,-0.168564521466948,-0.0276274036444701,0.100196059154331,-0.108662793219197,-0.005242942442034,-0.134631828605205,0.171864428820132,-0.0723752091624649,-0.0548000544109934,-0.094383513689784,0.262042314608389,-0.044860987685094,0.006077656142712,0.148063320332434,0.11347042020712,0.109304894621151,-0.0221637513968786,-0.0288304896705222,-0.0816698263327749,0.0039913118855862,0.0927158796872787,-0.267385551763944,-0.0258023562441583,0.10771795066517,0.0522795208014107,-0.0551404481443883,0.0181675523793596,-0.0596534173562165,0.0693623459603158,0.0715329671382346,0.110505218085994,0.0097559327767149,0.14870267330034,0.0860533560597599,0.0801502256114814,-0.0322999952263855,0.0640483796346925,-0.10147188723125,0.0550831830294278,0.222737682259962,-0.304717162209055,-0.0865241815746977,-0.0317435110018753,-0.0327499016981435,-0.0448844409500025,-0.0482219363867858,-0.190562434136141,-0.0267085374486992,0.0787888832363764,10.2575488338325,2.31429035557,3.25238801343964,2.84110895332319,0.0293071969975,0.90923,0.69556,0.7911
360600,360000,nationwide_score,0.784,13.9552733699043,5.78535374383752,0.220090427074,0.1108975455,0.64347826087,-0.0087494492850288,-0.142696948373532,0.143271593714161,-0.034197759969061,0.0540303381231829,0.0761734754837344,-0.14758204145938,-0.0424076288521162,-0.104063712007097,0.12269460294291,0.0511554292164172,0.0221838562515119,-0.228507425081169,-0.0671459064513497,-0.154015786599266,-0.179679402761917,-0.0957287235614633,0.11588454287205,-0.108170186203365,0.0189436211315455,-0.162448083961096,0.166218189773753,-0.113487111568735,-0.0894655612860883,-0.0635198776105322,0.265476007216948,-0.0461646498706337,-0.0434489417611431,0.117018035842077,0.137950513450783,0.102351170191027,-0.0447496042867757,0.0053445367442185,-0.070385443202647,-0.0480510876667638,0.0986112709870413,-0.252993968015688,-0.0538205645965852,0.104494719835477,0.0267297257882502,-0.0119848379170158,0.0368362411111991,-0.0436144157461168,0.055591806908944,0.048308038992861,0.13011324900285,0.0338334938055611,0.125481415916657,0.112764350910068,0.0492602039173178,-0.0557466431816846,0.0516642641285494,-0.0568892154544137,0.111289356053802,0.188352236428184,-0.282525497809479,-0.0955883632708768,-0.0096353822676065,0.0059847570295729,-0.0771383436200675,-0.0697523763971841,-0.237297195368851,-0.0056988937216132,0.0619604592077753,10.3035199591947,2.73629652815,3.81539323739251,3.20637354381202,0.0667980482077999,0.86154,0.7035,0.79425
360700,360000,nationwide_score,0.744,16.0093963455177,5.43331934847671,0.231123459203,0.100837331379,0.552954292085,0.0304200626549397,-0.168466083849501,0.160124984218875,0.0063389394899783,0.0428173200770407,-0.0030320005545807,-0.166261528085781,-0.0404827983510507,-0.150677884974247,0.119253125586166,0.0384329439463405,0.0192825215558228,-0.257890898859959,-0.0708567488816747,-0.119002753004811,-0.184687498175074,-0.0190814880308681,0.128706962169669,-0.0715018682852686,-0.0160646401536887,-0.130858117264554,0.159586163797236,-0.0811804719273208,-0.117166329698767,-0.0854723411542281,0.22061140447984,-0.0527678519287661,-0.0030662890012224,0.0467370230683414,0.121748895092427,0.129933483591637,-0.0236989800525228,0.0084501043026715,-0.0534055061637087,-0.0538882468582126,0.0962356202360719,-0.236928557641548,-0.0396836857654916,0.0764144289303295,0.0218862499819548,0.0027289943091374,0.0036138261816616,-0.0790813974566907,0.114513175905597,0.0565660756685416,0.126214457057775,0.0367886007592653,0.135701907887528,0.0947865108299148,0.0378571722018657,-0.0085773369007196,0.0443015529643218,-0.074202556848753,0.120095113033333,0.202595179239487,-0.279972135243182,-0.106196835304992,-0.0277303061116069,0.008341318410259,-0.123153873107051,-0.020676651281803,-0.210959700299319,-0.0041103457635966,0.0678619452556342,9.84054899937336,2.54041414333,3.49610184970083,3.25068134113136,0.0505520488664,0.87692,0.68896,0.68274
360800,360000,nationwide_score,0.75,15.3128991903034,5.1808174692335,0.251107743926,0.114560645535,0.523489932886,-0.0037661193627923,-0.131461115696147,0.141861477329966,-0.0050967544057603,0.044325747400574,0.0789798578700665,-0.184076294180209,-0.0349236072173689,-0.123363684698235,0.147432861231293,0.0233445538062587,0.0273956006400477,-0.236030088457399,-0.0523826515872174,-0.131173967948093,-0.173040439772745,-0.0561096254332173,0.08751874860574,-0.118122858438552,-0.0197612443933962,-0.17179560770447,0.169443996240448,-0.104856371990415,-0.0829629160134223,-0.0804289400036635,0.272494134454607,-0.0635498208549815,-0.0153597264929063,0.121251485007465,0.124408115769733,0.100290634625324,-0.0223175894936735,0.0013355054401389,-0.0742185280658017,-0.0551995487618586,0.112760587901528,-0.23924906544281,-0.040047366644796,0.097236320146494,0.041939714283584,-0.0210014903587692,0.0417085747081544,-0.0494620694984455,0.0811682937151478,0.0595977960443142,0.125397236342802,0.0417952994568897,0.121396402451487,0.0910833390560275,0.065199681789306,-0.0333023851151161,0.0463231931044727,-0.0499202467874719,0.0897251347484611,0.203864691403319,-0.285066659401011,-0.101764641382267,-0.034342567582168,-0.0420262771781282,-0.0740936896547541,-0.0604566484615866,-0.236306445711557,0.0100246733011288,0.0686304709101873,9.88216073740997,2.61628470165,3.48561067716236,3.19610538261261,0.0365640997857,0.88,0.67629,0.70842
360900,360000,nationwide_score,0.749,15.4269466726618,5.59649399572558,0.230002012371,0.114041803715,0.562874251497,0.0069109711221959,-0.136795228627617,0.145505936445944,-0.0208961710912166,0.0485275260927063,0.0747759308016139,-0.17326316729375,-0.0382226500033777,-0.131955233034679,0.141782875050865,0.0391074843495397,0.0234060953682853,-0.234007689267836,-0.0460567922247844,-0.133621802495584,-0.180319286531283,-0.0529101389608353,0.0998764079054211,-0.117568509301431,-0.0027192982332633,-0.171068518527392,0.168010284637329,-0.101933541982733,-0.0776041716712934,-0.0704356384204957,0.270234723300729,-0.0450314098965475,-0.0190792115050021,0.12425257874676,0.111357601540013,0.098273901078558,-0.0145216099296689,-0.0085060750198054,-0.0734648198621776,-0.0221906768809234,0.100642027776422,-0.267056610361008,-0.0426784770950663,0.0999677765922302,0.0442648733774677,-0.0202253363050289,0.0518445645699611,-0.0607166636933019,0.0738519319441328,0.0628133762977069,0.118401022120477,0.0342081877662099,0.130459523916315,0.0830916358366099,0.0679197138644034,-0.041861897919516,0.0514091425702673,-0.062697844121604,0.0670265948364679,0.210564307676585,-0.287243562268843,-0.102303001697716,-0.0312158044401329,-0.0314143937175545,-0.0664208453987302,-0.0676959944833484,-0.233610170298877,-0.0084982657510748,0.07625092403272,9.806803305381,2.23712250197,3.02622387110669,2.64897892050805,0.0150331852432999,0.83846,0.6881,0.72926
361000,360000,nationwide_score,0.742,15.101984860045,5.2656014743261,0.226069577218,0.107573520985,0.569060773481,0.0018969163882256,-0.118560373038501,0.147238287794439,-0.0315495966863672,0.0554505104168552,0.0502513214903788,-0.164738988158962,-0.049829524857449,-0.116908091042285,0.136207676325197,0.0590700473903874,0.0180286735150293,-0.23434980464914,-0.0584396468814054,-0.16385116113426,-0.19650357600354,-0.0809378247891029,0.118938925083076,-0.110040584579934,0.0004359469609775,-0.165288658961057,0.167271705735956,-0.106791723279545,-0.105825757417007,-0.0632251453426801,0.250462895539352,-0.0446550148245488,-0.0411145037099758,0.0987600225250789,0.131398273523988,0.107359279215293,-0.0258821344258553,0.0182676507748569,-0.0596250640709133,-0.0624321908330206,0.0971801162542385,-0.264456112524564,-0.0474681092404418,0.0872570509616782,0.0147799346478907,0.007682796078405,0.0322133230178474,-0.0677141901356224,0.0622359094574428,0.0414930610046095,0.111860432358275,0.0381191642500543,0.122121140982935,0.0902139507089838,0.0545148315849827,-0.0381225042908179,0.0308028144765204,-0.0494665726133662,0.100028222711763,0.188692745683831,-0.275382795029819,-0.116403916590429,-0.0110157595978628,-0.0013956193067209,-0.105651591640741,-0.0701517119011051,-0.240370533523756,-0.0015060638522776,0.0777349721317172,9.60896519568037,2.61760062357,3.64094767653742,3.15673198051038,0.0456866540975999,0.88,0.67155,0.69191
361100,360000,nationwide_score,0.741,15.6857732427635,5.65662567457535,0.232810976436,0.113592559911,0.543913713405,-0.0027964456234905,-0.131418980514876,0.144801255165896,-0.0290991657134301,0.0633518246699341,0.0597209186921835,-0.155497416851745,-0.0574914121048893,-0.106485930452588,0.126193438289411,0.0568503129378105,0.0263085537573192,-0.238927882815648,-0.0575126208187676,-0.144242246445435,-0.192267503989175,-0.0675458143283051,0.114859082167352,-0.109039578173581,0.0120695890586744,-0.1605724881911,0.169491744873003,-0.119267025728792,-0.0881867734583958,-0.0728748801435537,0.259489268890882,-0.0473453106668675,-0.0397714764693565,0.110005461598088,0.114361872429785,0.0887362214222453,-0.0292098966951832,-0.0053787742075537,-0.0744618796939702,-0.0648397155962076,0.0701471886430125,-0.252629198385967,-0.0490019735124943,0.0989757177677546,0.0326716033166316,-0.0084967201150214,0.039466900405667,-0.0487168867948894,0.0583994964967595,0.0591454721118701,0.124203769754458,0.0365795446066534,0.13495053977596,0.115047437706751,0.058558193277155,-0.0598658553524175,0.0285903303478769,-0.0510575111946437,0.11874381466637,0.204861523527734,-0.285866907708584,-0.111540352383734,-0.0261842067583368,-0.000554493773884,-0.096914105285385,-0.0610376901646296,-0.236940197262766,-0.0006790773648362,0.0664455297553694,9.84924717383361,2.49652542024,3.43648553801708,3.02580926900053,0.0360732809834,0.88,0.67815,0.68139
370100,370000,nationwide_score,0.83,16.039052551843,6.80786340302665,0.16655468744,0.128904658654,0.734848484848,0.0698011478650898,-0.25757845130836,0.211745800347767,-0.155348645870881,0.0119053135987511,-0.0017255867214819,-0.0914273024023553,0.0771442264383946,-0.158359306174995,-0.0628467415488808,0.159800988969628,0.0388038435245672,-0.113181663641867,-0.115300561825831,-0.0493748165630447,-0.155713670676543,0.0229083174961402,0.134426784643535,-0.104877969846568,0.0694652250956755,-0.0647554862992347,0.0738899188880929,-0.0628988931413094,-0.0303096914870214,-0.0109523942450664,0.334738330664679,0.037516714202721,-0.0917111634569375,0.12304780802138,0.0387272236792352,0.0315375370857549,-0.0995989017627626,-0.011528540896488,-0.0381995038010807,0.171444994049701,0.126375781834964,-0.297503866698975,-0.121429940844965,0.0379149824338661,-0.0901379909947723,-0.043091686687463,-0.053442178237014,0.0145515471702377,0.0093321837732419,0.0532452921754345,0.141274384059466,0.0112733032839363,0.181983912072295,0.0965205522779024,-0.0390927323240803,-0.0015032547976326,0.166982792755375,-0.0657679656839407,-0.0007454727140911,0.0607555356531056,-0.247650515739336,0.0420820634695361,-0.0049223800917584,-0.0549622113080855,0.0357511252316758,-0.0942386448630689,-0.0572344315690091,-0.180213718135209,0.0579931479564438,10.7865987962115,2.00022052328,2.78893659855403,2.72354491279042,0.0164319823495998,0.91692,0.749,0.833
370200,370000,nationwide_score,0.844,16.1290356899086,6.80301394347003,0.156335003594,0.130071203111,0.762611275964,0.0530721200798886,-0.248859851102959,0.248458868409939,-0.148114904399073,-0.022107175766521,-0.0278027850613737,-0.134235333951993,0.0415492765916596,-0.165196784577664,-0.061380904177186,0.142368668489713,0.0467761687746213,-0.0778414469042574,-0.0940753316457093,-0.0923618231069819,-0.135569212104383,0.0198213171533847,0.181036585500471,-0.0857268942674852,0.0798885271737945,-0.0526688809676951,0.0761132886485057,-0.0435205523328036,0.0014597907448361,-0.0477381766755671,0.314165876659933,0.0334418101835525,-0.0718890475577224,0.140879814541356,0.0373453951885766,0.0646804151704929,-0.0578993334973186,-0.0081317431005355,-0.0613202197495213,0.132379168633895,0.111024907181364,-0.26951500218829,-0.102369718380213,0.0543069514426059,-0.0600776513907862,-0.0456500402127605,-0.0740072589258367,0.0028933337825998,-0.0316325453633853,0.0509098386613265,0.150142821535369,0.0133961195475426,0.170056688541466,0.144138171162183,-0.0547679245163119,-0.018720484266003,0.17040706000959,-0.0840208303117191,0.0073951558775494,0.0895549274880432,-0.263303996819256,0.045494120494895,-0.0189163576676447,-0.0177326751956302,0.0198899647085328,-0.0830709047937042,-0.0858167644970411,-0.149731279429776,0.0305652685038709,10.8487505107241,1.46854488486,2.33117847762334,2.04117191716573,0.00131283525205,0.94508,0.74866,0.85061
370300,370000,nationwide_score,0.806,15.3651986783068,6.67273129215794,0.151854261855,0.151614644838,0.740976645435,0.0956834875137095,-0.253673204675261,0.189143036667734,-0.160831550353245,0.0115472951569318,0.0050133069181937,-0.0602103045423626,0.0637772824514251,-0.142047247241582,-0.0733421573578926,0.137162678873714,0.0002184960300619,-0.134490589338069,-0.125046907417983,-0.0451555339551785,-0.185936145932566,0.0225265530286962,0.106701750649297,-0.0918956607321136,0.0973033245090152,-0.0649953144155082,0.07388657977192,-0.104227793222257,-0.0477174746286541,0.0024110280429489,0.352060143874296,0.0603573271135428,-0.108610675206902,0.133227945631404,0.0376442054724281,0.0393828761033841,-0.108731125953185,-0.0356274364705616,-0.0163004121960096,0.18718858022374,0.138045104870626,-0.285600759868291,-0.130398505024945,0.0508273073461172,-0.107199861090902,-0.0355841210834465,-0.0414140417508405,0.0033669027732142,0.0099673725559096,0.0323752427770958,0.117514756708143,-0.0009084999857705,0.156966641356557,0.0502116908552457,-0.0274610857130662,-0.0073193543022751,0.150669226958309,-0.0589136889621195,0.0113620392557158,0.0721836760157597,-0.226146822822348,0.0401953442788209,0.0117447391821392,-0.0640375405399542,0.0427217741944112,-0.0595588315148057,-0.0681566748317406,-0.216759153215965,0.0959365701977578,10.0896280640234,1.61043943911,2.55406837094793,2.29045548203037,0.00425940753559,0.91585,0.73274,0.78097
370400,370000,nationwide_score,0.75,15.1661780005083,6.739777000346,0.227145318923,0.125966685755,0.593264248705,0.0618404129812542,-0.245156183546341,0.245040683794934,-0.139643536373763,0.0113450938186461,0.0249165809722222,-0.105546870925445,0.0391081970682916,-0.150381057870239,-0.0713404610093485,0.150265602905601,0.0574524259199694,-0.137885565831681,-0.0825482381409631,-0.0336826219040415,-0.153448446788261,-0.0203019062776907,0.118540561321152,-0.102797196644104,0.053713692873455,-0.077794996587905,0.101807013281578,-0.0327676619657425,-0.033733095857759,-0.0371293351220185,0.338227667424654,0.0337392874432923,-0.0702718945038691,0.135659373684437,0.0587979889137545,0.056210893223074,-0.128384481457765,0.0100162450395145,-0.0456007122181333,0.146616337982561,0.139813454513875,-0.33624175647797,-0.109930849870488,0.0146296518426657,-0.07656160743216,-0.0265590398463221,-0.0374151030133702,-0.0119306367503752,0.0071449637663069,0.0386238377300021,0.120861131611791,0.0241955213783872,0.193448561473412,0.0934259242007855,-0.0351925792199317,-0.0078309943152465,0.16870724334678,-0.0711636255527067,-0.033608884698303,0.0657199112176923,-0.25713261422328,0.0069169366593802,-0.0117319617125808,-0.0601392417529661,0.0331516364948183,-0.105493498774131,-0.0853020541749565,-0.147832724528618,0.0642433211301106,10.0544924308911,2.02776810544,2.8450384985477,2.34533720942906,0.00341216254859,0.86923,0.69598,0.69747
370500,370000,nationwide_score,0.845,14.5994125584136,5.63442978311978,0.176704754622,0.142435019566,0.716894977169,0.0799094557306864,-0.24617117793484,0.226212391057788,-0.18596697346825,-0.0198563888437776,0.0332878475316309,-0.0831348641806967,0.067554193943575,-0.173978995897959,-0.0753972537704511,0.168210846558501,-0.0055925339862311,-0.0999204225014187,-0.106222007325158,-0.055112681586631,-0.159436060711114,-0.0018373340201691,0.117734581021506,-0.082757095819813,0.0768543114650129,-0.0647621814104553,0.0770327449291529,-0.0830502681527172,-0.0394361857457332,-0.0293169392417329,0.34884573283087,0.0712264070443284,-0.0959364891869142,0.125406933894455,0.0520543347619726,0.0647854961889488,-0.111334423404521,-0.007840983589094,-0.0476432229324852,0.140113565894126,0.171594987333147,-0.275127494665599,-0.118847841925203,0.0380526008837491,-0.103704396263498,-0.0204847484904406,-0.0596799724813163,0.0054003895107301,-0.0060249940326188,0.0398773840695255,0.141227592211719,0.0173304632162167,0.16883577706263,0.0825109335416315,-0.0442594548014789,0.0006106963322067,0.171475349633071,-0.067289894621459,-0.0416514218649724,0.0507525662254272,-0.225310108546952,0.050402049595652,0.0040782520337824,-0.0478192669305689,0.0370094579425509,-0.0718145008147064,-0.0650603440445833,-0.203559130271094,0.0687477600500045,10.3034873726105,2.19723442323,3.0579849387859,2.4613573097233,0.0058121692861,0.93923,0.74309,0.86514
370600,370000,nationwide_score,0.829,15.7756054828566,6.21951923550013,0.123535465656,0.166949059779,0.67323943662,0.052183187443213,-0.206693955382089,0.22610195335401,-0.168074255604059,-0.0250772360317476,-0.0120183571637052,-0.122896947872131,0.0543375223773264,-0.147587521532413,-0.0765331887965914,0.118903434319179,0.013681962595156,-0.100985154688387,-0.0897285768830198,-0.0983004261938217,-0.161675312839525,0.015745760694035,0.178803605418081,-0.100008753538539,0.0995274246923996,-0.0515543838298287,0.0655851833923813,-0.0465381344396254,-0.0109514808219872,-0.0570214333057018,0.321280174782872,0.0305895449085449,-0.0954108247802427,0.142515416892482,0.0560231417884801,0.0645898740247805,-0.0361420624241189,-0.0049936136617638,-0.0387608002309227,0.115221030431797,0.140695458304702,-0.248258902529237,-0.0980029341391585,0.067062322378395,-0.0406492347368236,-0.0107894269944857,-0.042034480007477,-0.0070492198585506,-0.04255834863811,0.0421412520839457,0.124364703840893,0.0520493072016818,0.135655797799158,0.125293329139326,-0.0731394589815902,0.0071385857730091,0.170337599645253,-0.0771374221433118,0.0217835231352093,0.0821083965423185,-0.24905311150048,0.0502411195738049,-0.0002097712321263,-0.0357604480284142,0.0357716202311466,-0.0939895708297333,-0.119115558684518,-0.178907897867645,0.0468800765158364,10.5824577409321,2.02808567238,2.87248769023955,2.62820836077625,0.0127654247203999,0.93154,0.7331,0.83304
370700,370000,nationwide_score,0.788,16.0551559576807,6.37423770183523,0.176917510895,0.145547758053,0.644302449414,0.0603746513631273,-0.242342976617237,0.223750897531685,-0.176700785961505,-0.0132218141812781,0.0172633361428536,-0.101404306805883,0.0553330113637738,-0.150703811249024,-0.101419259093706,0.160915060592509,0.0084714396766242,-0.111899919541142,-0.0987474220838453,-0.0662915302858473,-0.140952255832131,-0.0219397148220002,0.134620723441354,-0.0911384698499742,0.0964634715738267,-0.0625763440974279,0.0738892799819605,-0.0737872791399796,-0.0324496137278384,-0.0259769960218074,0.360780892543317,0.0655631261870588,-0.0861218845650018,0.13959386781785,0.054427163731017,0.0518443690491777,-0.114999684129084,-0.0142865683343082,-0.0318011293475712,0.148823938073664,0.139492118066737,-0.286183533874794,-0.133378612127007,0.0327933774048729,-0.10470502441904,-0.0309467374763183,-0.0664879503939532,0.0164747855526191,-0.0330556286190353,0.015182328759325,0.132194749506493,0.0358116502487285,0.146430861351291,0.0990584633798588,-0.0579703405730309,-0.0097478114753554,0.15761006526776,-0.0565100648388264,0.0034705503948777,0.0654187982930324,-0.219747271418757,0.0285114105276287,0.0006570700805107,-0.0142035867742497,0.0358607469479556,-0.0724115946133124,-0.0916597047624254,-0.189288406716851,0.0617998848179959,10.1445181386694,2.08478685106,2.94290027219012,2.49601474014591,0.0073047345255498,0.912,0.71699,0.74739
370800,370000,nationwide_score,0.773,15.9389691046781,6.61601409068114,0.210706121472,0.132930681247,0.6004784689,0.0491982359296955,-0.252830680788443,0.211701975195609,-0.138047768005748,0.0098876169428856,0.0286292758406593,-0.0901533598032685,0.0480620326257069,-0.165615430006488,-0.0712217818872363,0.1553599555099,0.0397945490180668,-0.131957777540341,-0.0955134618887431,-0.0460392355180377,-0.146747750022748,-0.0274257038040665,0.111972193739493,-0.109356229831096,0.0653945564204153,-0.0861795866408888,0.0844922737669354,-0.0470158885109591,-0.0359966692403451,-0.0127909776539713,0.362707432882039,0.0468386565322298,-0.0701766548036557,0.11534504625116,0.0498026381675491,0.0365517997226329,-0.131676913427926,-0.0107274502799936,-0.0301824554273721,0.164318355363039,0.133556255440187,-0.331799150199809,-0.134053502290044,0.0160357167956861,-0.0712259594896966,-0.0149530613755959,-0.0348255783419151,0.0177441134624742,0.0092573362946898,0.0429971557074904,0.126663408719442,0.03484426481922,0.179406629191258,0.107243753160796,-0.0514189684472074,-0.0060615293384199,0.164259648877409,-0.0611229662509099,-0.0298124974592109,0.0633327911304409,-0.253037339986054,0.031423839150068,0.0088481619682123,-0.0516189645391195,0.0400761052689129,-0.106429506516961,-0.0856725358448905,-0.176275299996331,0.0656791330226698,10.1443626320888,2.29725889296,3.10770401593379,2.63754951502682,0.0122088522044,0.91031,0.69896,0.72459
370900,370000,nationwide_score,0.77,15.5166158414059,6.56432286641869,0.176981250539,0.144065095176,0.638686131387,0.0522988693156958,-0.255642202900043,0.19838324949091,-0.142335465312191,0.0017653625007088,0.0251793193720108,-0.105840784459582,0.0700711475713181,-0.168134245021288,-0.0783100131686616,0.164945400861767,0.0317785907529242,-0.134435918858893,-0.0979917443846465,-0.0439852646259367,-0.160533907702943,-0.011292595630056,0.12486639207974,-0.121609020135493,0.0798907374736003,-0.0884576370542266,0.069741765682353,-0.0507775489471763,-0.0450338920104055,-0.0177726089677974,0.376847407291331,0.0483867943533574,-0.0801401402902896,0.104981891883227,0.0519205668620487,0.0193958197814572,-0.12653695383363,-0.0173890398642691,-0.0257486457815441,0.167757873967313,0.138806752772442,-0.308224227648821,-0.141750174212754,0.0305925852270249,-0.0621999190092528,0.0018236113865859,-0.034625804433838,0.0237102408247774,0.0168962620610481,0.0363865250756492,0.122758407414839,0.0442401262022272,0.170917912827811,0.102110147213725,-0.0654140920149288,0.0116850721182904,0.172187002852707,-0.0366462485490489,-0.0114348571032679,0.0492046324429974,-0.241618851089746,0.0392650182203372,0.0167457117322675,-0.0750592133030848,0.0325993180740023,-0.105881320180564,-0.0679923792146739,-0.186515087060933,0.0750422097417811,9.83398099334696,2.3484763806,3.17008392882627,2.66329244856789,0.0131655071903999,0.90769,0.70253,0.71496
371000,370000,nationwide_score,0.833,14.8836639827902,6.19315169723397,0.120618086537,0.177738879418,0.701030927835,0.0241801096619105,-0.214594056363009,0.244612939899964,-0.139698904949932,-0.0363044323681172,-0.0539780590617287,-0.151930313489398,0.065544282490156,-0.142365274333006,-0.0644017070959479,0.105123204518218,0.060302515947579,-0.0941328452539219,-0.0748981699514213,-0.0950984177301348,-0.138069765117158,0.0418627236136835,0.218552938317928,-0.0958229457116354,0.0804199515389451,-0.0200777561469216,0.0745069270628509,0.0189318859229934,0.0108945794835178,-0.0896513391267843,0.255537634434836,-0.0006498556583947,-0.073980874214833,0.142024707142605,0.0403688330695695,0.0840292472859319,0.0066138020642092,0.0097990660884604,-0.0788724865098099,0.0777634162359107,0.13050053455407,-0.237607608916724,-0.0614416741942232,0.0627106013411065,0.0335431026557968,0.0027366987525435,-0.0425301962862425,-0.0329715557348781,-0.0477904995185528,0.0676374299418825,0.138042732884213,0.0649792669659638,0.155529351973734,0.189525760166989,-0.0773018518861531,0.0141436306792851,0.195967543877578,-0.114011293998697,0.0271549040280993,0.0987633008590301,-0.276252041243248,0.0396815984620907,0.0022181352028312,-0.0494393349490102,0.0208078711624483,-0.0933584382548352,-0.116600561838495,-0.123910769579821,-0.0088474605028076,10.5987243867363,1.64565848858,2.51360620821992,2.25633130230034,0.00413462430624,0.95338,0.736,0.82435
371100,370000,nationwide_score,0.785,14.9040728474792,6.3071973244412,0.18718907867,0.147103356939,0.612794612795,0.0717871777006824,-0.234752884669712,0.219136916430352,-0.169748487969585,-0.0107094886742379,0.0200324614126625,-0.0932171486188726,0.0450303005269972,-0.157244457342481,-0.0752534012983723,0.129314048567896,0.010494192462962,-0.132345801451306,-0.10877489937575,-0.0599022227350372,-0.171720289979137,-0.0062919931563539,0.131573295011873,-0.0961242845217239,0.0942930817167263,-0.0750053591600098,0.0933779516246453,-0.0916626588848729,-0.0380212940962689,-0.0303629382302791,0.354897297768688,0.0379354781003611,-0.0937735370609427,0.126052974057468,0.0531456032944068,0.0683722770096601,-0.0862181530993898,-0.0149524415787703,-0.0277009043306056,0.135627861358047,0.127284938222699,-0.270974213007037,-0.126512740454813,0.0574072244224374,-0.0688734259543733,-0.0111499334347688,-0.0343786550195695,-0.0051087738527788,-0.0322893618485039,0.0223659750903732,0.120180646499494,0.0348774572730432,0.139621201134914,0.0771135188457911,-0.0543588609852201,-0.0052692364680044,0.163806988679611,-0.0665094052361818,0.0283734065649267,0.0726709809704518,-0.226931385200975,0.0053924230457796,-0.0031282348918952,-0.0219916793015219,0.0367804769389885,-0.0657935935826515,-0.100752637145986,-0.174634168751409,0.0752932367818307,9.88790310709768,2.69763120362,3.37891407229048,2.64893667297716,0.0124926884625,0.91462,0.69741,0.75945
371300,370000,nationwide_score,0.747,16.2161294818915,6.46491162364259,0.238077197827,0.129481294708,0.55031731641,0.0906201701624334,-0.240032183473022,0.185429386248803,-0.154197262209051,0.0131767164958805,0.0383053744545213,-0.0601831580002621,0.0516645995910578,-0.15324465110054,-0.0732053691713952,0.120877887983151,-0.0150266205485248,-0.146028014599314,-0.113577447903603,-0.0530369766926751,-0.2064486508659,-0.0144743665598358,0.0918171260756607,-0.0942891118883512,0.105401094409513,-0.0737454288268676,0.0811172311767003,-0.115081642169428,-0.0581489186434046,0.0014549545858084,0.373650320002829,0.0607830150258295,-0.100205118080964,0.119273436489841,0.0534825635554315,0.049970942149062,-0.109643350087292,-0.0319369150494276,-0.0069000541463213,0.155448440211114,0.129431031170734,-0.293266105348701,-0.138359379493218,0.0481108682963591,-0.102077459782567,0.004359142402107,-0.0306409653559216,0.0008477140802738,-0.0088639876914722,0.0067061214455772,0.103184485192449,0.0213464266697246,0.136921803866013,0.0397822106658619,-0.0402546944758408,-0.0098268106537006,0.145687670194923,-0.0545061433968028,0.0143137348865555,0.0762091375439828,-0.214913973990644,0.0079138051117035,0.0191778411562822,-0.0566319448883448,0.04483881277289,-0.0495764903429007,-0.0975868416594779,-0.203031674036154,0.112497976133363,10.039858715856,1.93400074619,2.73839038994288,2.24820359471715,0.0028658968211199,0.89231,0.67384,0.6938
371400,370000,nationwide_score,0.765,15.540061455752,6.29539798241561,0.198262990918,0.14121411785,0.532976827094,0.0745297895928313,-0.236136931327019,0.183306426948371,-0.198660539508359,-0.0077239216889944,0.0557991500668381,-0.0097485492519883,0.0825394226075603,-0.169348595105488,-0.114538066616388,0.116423904946365,-0.0187641092001653,-0.136165260734301,-0.0926549919612935,-0.0270192773260082,-0.161233816726987,-0.0453946826024044,0.0845643788218666,-0.091333142290516,0.0844765597874885,-0.0458588183077399,0.0582012149702924,-0.109630928470972,-0.0411949477000714,0.0360918341326349,0.372189274620481,0.0740489352572103,-0.119689825596639,0.12094143097036,0.0298859732609004,0.0380417259525945,-0.112332307336233,-0.0256637750223455,-0.0098614681984874,0.161174497941012,0.151931189790817,-0.299458178742278,-0.157568087417442,0.0281974392925223,-0.140860233866064,0.0031276745773245,-0.0502829130541033,0.0212287247412675,-0.0209094061738723,0.0167126479077245,0.117935308798448,0.0392547439116977,0.132727936750578,0.0592554303395242,-0.0461331143692388,-0.0083321052961646,0.140194417218493,-0.0524154894118988,-0.0149250171314171,0.0302757595668439,-0.186236848620066,0.0283688460918666,0.0280797254871624,-0.0552010907847137,0.0734681153279849,-0.064736767865178,-0.0767863911138452,-0.23720512909128,0.103751448459877,9.89677433841626,2.98614109662,3.88672726375629,3.10134582830173,0.0611625542344,0.87846,0.70002,0.72717
371500,370000,nationwide_score,0.751,15.598901945589,6.53618578421773,0.238128321042,0.128424368852,0.529411764706,0.0692555980109459,-0.257214174250862,0.179791312573739,-0.145235797762137,-0.0131982261620595,0.0565757280503679,-0.0586474507316401,0.0953455631089996,-0.175801710108687,-0.0964992714743122,0.141239490031518,-0.002775324887191,-0.13947791210261,-0.0832713147792089,-0.0212681358581146,-0.148830292479293,-0.0512069984217774,0.085629259027086,-0.104728653843052,0.0862840823472418,-0.0746765604513427,0.0508777723692583,-0.0760744507230806,-0.0483527184467135,0.0196179526819396,0.399876492627262,0.070279017114067,-0.0999249050240514,0.113495852792215,0.0326494594167519,0.0190363203029895,-0.139011151460382,-0.0259844210400116,-0.0161315340265971,0.180207779639294,0.15594918495035,-0.307266105496329,-0.167688073880157,0.0022319372619853,-0.110959317929437,0.0218716620685311,-0.0457573466602625,0.025934932181896,0.0069067840139504,0.0016877672848572,0.128837168238225,0.0526768477211379,0.157690097680974,0.0635850961459881,-0.0535638180686095,-0.0040080582579826,0.157627559471363,-0.0186706740394342,-0.0141393936356996,0.028580478657675,-0.208638280400674,0.020661532639805,0.0372530922399153,-0.0696546437377515,0.0652331759714538,-0.0826927793808036,-0.0665385536476847,-0.201207798579054,0.0870936586876833,9.50776762069981,2.70128516283,3.50372131270611,2.81084329041782,0.0224169510347,0.89538,0.69926,0.67571
371600,370000,nationwide_score,0.774,15.1841502382983,6.06685960837878,0.184451309403,0.14719747504,0.595419847328,0.0527340637271894,-0.237032602335599,0.237156472501477,-0.179872283405744,-0.0129941945377016,0.0321302623120833,-0.064462371147938,0.0927435681731097,-0.169109729726891,-0.0988208942422894,0.163527389282898,0.0224732144499506,-0.0974681888469663,-0.0894826624806616,-0.0366603287967438,-0.138968724664958,-0.0245876149538329,0.123425548689082,-0.0931593689628094,0.0698530376852393,-0.0585661579320604,0.0790475037354798,-0.0510257402674075,-0.0221220742249607,-0.004664709711258,0.338134888284337,0.0534267803637617,-0.0967744535679901,0.11796202940702,0.0326791539695165,0.0468418012254647,-0.117219833865549,0.0049788284579712,-0.042004778201819,0.145840878760722,0.149066047751272,-0.302925208599581,-0.13197604189024,0.0254104234505655,-0.114287450344436,-0.0151827827850076,-0.0671518985042377,0.0103129588135895,-0.0235596842933392,0.0349532580532337,0.152723677220523,0.0399787297144042,0.173102954968891,0.103344899613429,-0.0492624143590704,-0.004087124143937,0.18540715760291,-0.0629210152467732,-0.036785238577307,0.0256842717677748,-0.216656747976691,0.0392357558833191,-0.0073002442234481,-0.0514803421504517,0.0365454690427021,-0.0899595025435436,-0.0608277391750224,-0.176955808139372,0.0451692858190438,9.81297706983172,2.58410835696,3.51936441295463,2.93552237288135,0.0307439188551,0.89231,0.6934,0.75072
371700,370000,nationwide_score,0.748,15.9902623930848,6.5868174322582,0.253545933336,0.130880011024,0.506818181818,0.04611047409102,-0.24068552707379,0.19240516759514,-0.143606278876853,0.0098910041429502,0.0605076058792548,-0.0545981801504215,0.0830664840453375,-0.176758042670752,-0.0969845254694882,0.135471191308367,0.0163319587158239,-0.140790527557605,-0.0760887975117698,-0.0238692811341983,-0.154494514135417,-0.0716079408572446,0.0944910582034941,-0.116064833100708,0.0765836958386173,-0.0894013403962493,0.0670712809737523,-0.0556874421351643,-0.0391125882128574,0.0147379153353776,0.389281673713477,0.0576206269691889,-0.0928087627245729,0.116451015148867,0.0331529827067611,0.0260518072037839,-0.142163541011821,-0.0080665879289052,-0.0032460392208876,0.170224656323759,0.155436834330468,-0.328006303285226,-0.157753082400717,0.0012466378282841,-0.11301477053074,0.0269924589243306,-0.0395260559431147,0.0263264711152794,0.0013101062862947,0.0051913269006665,0.125659512301061,0.065603641307023,0.166413900417306,0.0779817453160343,-0.0633405320376381,-0.0147747506205279,0.155988441174103,-0.0301607479262015,-0.0234868086169343,0.0419469507594622,-0.227502845486042,0.0080022452006951,0.0262466500296074,-0.0696138584267473,0.0512144826653442,-0.104170204155663,-0.102168549810847,-0.172773667426016,0.0711429932550332,9.83130375943049,2.71699188565,3.60779974774953,2.77960068452115,0.0191890611389998,0.92308,0.66809,0.67885
410100,410000,nationwide_score,0.832,16.3507934943166,7.42661298142734,0.190306419213,0.0812442706850999,0.782884310618,0.099422662450769,-0.277442946088577,0.191168412387995,-0.113319727965653,0.0170739856198426,0.0037613012563966,-0.095715774006515,0.0567539950081108,-0.194402054486661,-0.0368043971858083,0.153333263924953,0.0398345774352107,-0.136367283683711,-0.115353813207904,-0.0444639378630262,-0.180448479745892,0.0209538931237078,0.108607813281338,-0.0811772638742592,0.0597862974230447,-0.087016059743926,0.0586804656416044,-0.0580529459694788,-0.0715513191517005,-0.0168915536634246,0.337462963328078,0.0368087298910675,-0.070699223338629,0.137898002094616,0.0459738946503797,0.0289052358362514,-0.136638468281338,-0.0190633092178541,-0.0248138191600087,0.189409763348087,0.130584842168706,-0.324123200916419,-0.12628464744175,0.0204841247440052,-0.102621497451791,-0.0218380746814791,-0.0464145045710503,-0.0315119434575149,0.0523159671800707,0.03935963739439,0.149469032582197,-0.0059450866833912,0.202751008270915,0.0618001853286839,0.0063624217727594,0.005625728659648,0.159038909218003,-0.0368685702909891,-0.0103732453412004,0.0772146329391929,-0.24530773634197,0.0004765637732855,-0.0024451481756655,-0.0791714264776339,0.0176632828403865,-0.0793497562672995,-0.0627455883739032,-0.158004874438448,0.0798674759037264,10.6022510437833,1.56411954904,2.464838894495,2.25295295012371,0.0051705032149299,0.93231,0.76001,0.81237
410200,410000,nationwide_score,0.75,15.3903572326681,6.65193743599196,0.23684440678,0.129685151548,0.51966873706,0.0633927532622083,-0.249999201339697,0.177109616390006,-0.135402447496302,0.0263148225727235,0.0521647238085482,-0.0502911992495807,0.0803689983398957,-0.201426982861785,-0.0736850551469849,0.128188097333684,0.0011298302915922,-0.146519332653207,-0.0957574085072922,-0.0456961900833292,-0.164661308291559,-0.0594597079563628,0.09274230923822,-0.0963885681539544,0.086950072588492,-0.0917457828978301,0.0588981322139524,-0.0518512343574045,-0.0531168809265378,0.0325022894715547,0.388487025837715,0.0518874465275116,-0.0782657691575828,0.126640674947404,0.031722113881642,0.0292104148167406,-0.133989345098482,-0.0167491642338187,-0.0056945151962412,0.180603161037459,0.1352834951425,-0.329650045136144,-0.162398476669368,0.0100546910458899,-0.115480166474873,0.0315324498870418,-0.0562671811768603,0.0174973691653464,0.0165700436344741,0.0165560563216396,0.136478609532981,0.0450213829800689,0.169771980209903,0.0759990306824188,-0.0376248517139498,-0.012660337085155,0.144881663587949,-0.0204938693651581,-0.012082986275418,0.0498862857274699,-0.243244941516448,0.0001199221527881,0.025155540960333,-0.0591135865751538,0.0452891534113536,-0.0826954224989861,-0.0867415867027166,-0.167578208532673,0.0721394170439118,9.93719570731998,2.42105002619,3.25392587143547,2.67024145176483,0.014224319227,0.86923,0.68226,0.71109
410300,410000,nationwide_score,0.789,15.7699557511125,6.14317396676081,0.209798193198,0.118479024342,0.650141643059,0.0803575278539796,-0.25134433364944,0.186055221189558,-0.0910870754394396,0.0438975174970684,0.0241167341502358,-0.130418156708226,0.0673346115635277,-0.186765237569769,-0.0239280013314415,0.117565080601692,0.0367790741826839,-0.133960202712827,-0.0756697985902832,-0.0574682446391698,-0.218175167373177,-0.0140484645630425,0.125807195325251,-0.103192589022691,0.0558749513742324,-0.0930459668951762,0.0391735422543834,-0.0376423927564396,-0.0753390325757097,-0.0544836840440726,0.315417038013648,0.0218640135224335,-0.0844438452667852,0.128489863536525,0.0638302709536376,0.0164894205847378,-0.126945263505269,0.0376332300903286,-0.0307548894879535,0.167850480779051,0.140432034123652,-0.293470565865828,-0.109574121293678,0.0014060219751626,-0.0660817832720041,-0.0013125701164328,-0.044718561977668,-0.0227138946894702,0.0075976008698405,-0.0062139273381971,0.141073932436753,0.0340800661265397,0.18922184610932,0.0680741334651447,-0.0499690871651341,0.0032291936112662,0.161890466541675,-0.0055121994370913,0.0350758857734289,0.0740451331342268,-0.225712081345988,-0.0440548519120605,-0.0293623410291278,-0.121954439949036,0.0083231947262503,-0.100980351933517,-0.118614028759767,-0.110504763084181,0.0760454970344444,10.3031011071722,2.61476915409,3.35786324969511,3.38579929615535,0.0475531314858,0.88769,0.71688,0.77053
410400,410000,nationwide_score,0.763,15.4229466681285,6.44946179541238,0.250001292396,0.124153476204,0.533066132265,0.0707640136520955,-0.254529586035689,0.187770859291535,-0.097001181927711,0.0350003212454517,0.0530085273638266,-0.0927358824993252,0.07732002865794,-0.16957681168066,-0.0516279101449879,0.125422441689382,0.0255521936498316,-0.168554006464221,-0.066749206969992,-0.0273172184848823,-0.176796702296832,-0.0603199579251479,0.0992479260367219,-0.107980141582304,0.0709443943398595,-0.0996593891692278,0.0660323389267195,-0.0279621383504348,-0.0664310634207474,-0.016637411208821,0.354671943971656,0.0347245662771824,-0.079642332291404,0.128867893567753,0.0505174824113651,0.0358810830207246,-0.133690226333644,0.0034988393923352,-0.0122487295210448,0.161238960771748,0.160303435005286,-0.315089727116333,-0.124582177865254,0.0321392818869673,-0.0634539666618135,0.0200218258885227,-0.0264326434257179,-0.0162819734375809,0.034650098991027,0.013081465276239,0.124712534820975,0.0338821673721821,0.19402041738684,0.0608279974132888,-0.0162176144786222,0.0060812647526939,0.15830447336,-0.0365812976451847,-0.0198165228155523,0.0851574888619213,-0.249257837595075,-0.0252959972692886,0.0211104683016001,-0.109446443863302,0.0334266216215212,-0.0990225778226356,-0.0965767735444508,-0.136674402864687,0.0870734441705722,9.89970535895062,2.6653344295,3.65903854764794,3.11775326199812,0.048353731524,0.89554,0.69623,0.71174
410500,410000,nationwide_score,0.75,15.5166158414059,6.6163380300544,0.245227686445,0.121710976499,0.53102189781,0.0849387221475814,-0.276838000989584,0.189317303944517,-0.137379953137422,0.0107508168544822,0.0384739247165274,-0.0878403943022988,0.075656990811819,-0.203148506099177,-0.0674432011626327,0.145505091298308,0.0072847800274118,-0.134755800133286,-0.0853431063541372,-0.0323632404711824,-0.167055306511308,-0.0226409559772287,0.10152398299655,-0.0772396920858005,0.0707634361477536,-0.081637906076138,0.0389971883961894,-0.0437183748453044,-0.0657990312100649,-0.0172317817134796,0.37703428543075,0.0414232402394874,-0.0829540211659816,0.130819756315568,0.034877670541945,0.027640328481247,-0.14404925590813,-0.0142551110844922,-0.0338595677890558,0.188689766251724,0.141814590271113,-0.313248177195109,-0.14858244577888,0.0013549398615416,-0.0918780400279866,0.0072250668426714,-0.0637087125653292,0.0026599353884234,0.0260521349741711,0.0186008292509155,0.147411905784887,0.027551680796166,0.180404792121734,0.060465503699796,-0.0351118071368644,0.0129068014030293,0.150954383814787,-0.0127372343169255,-0.0003485532982801,0.048492688067384,-0.22122050009749,-0.0056780576379989,0.0117393042104609,-0.0796464183725953,0.020693661297732,-0.075900431754339,-0.0566054581799654,-0.182785175556463,0.0768685243790263,9.65691333155383,2.02642159241,2.7855026640511,2.16085681801834,0.0020878717140099,0.88969,0.68821,0.68796
410600,410000,nationwide_score,0.772,14.266586814267,6.59887601331896,0.217692386382,0.109563960208,0.611464968153,0.0757815866949633,-0.275769648320343,0.208015453912077,-0.128741157003172,0.0131187789901893,0.0461496828427972,-0.095194332047708,0.0853658685108951,-0.192066894603044,-0.071048394141916,0.140301085784051,0.0209243738404815,-0.144059765992267,-0.0741914858345381,-0.0134907220128674,-0.164378628782296,-0.0365813390364005,0.103160820821512,-0.0808240436526014,0.0636680533108875,-0.0830738017047697,0.0480645344826068,-0.0378599412510559,-0.0606432125822602,-0.0205045167763282,0.375746580563106,0.0347588141305461,-0.0874213850110394,0.125282819559647,0.0332009438231834,0.028601534798109,-0.146001352697369,-0.0084493635357697,-0.0312841212658155,0.182633293374982,0.152069434321671,-0.310702269047715,-0.146179630440803,-0.0034111414359078,-0.0700093114299091,0.0144135158984789,-0.0525922415296914,-0.0050454592875107,0.0239465403887888,0.0139162685676846,0.141410811346289,0.0328877494668579,0.1969889652201,0.0582358626668481,-0.0387014795938301,0.0130959893971837,0.159642704053228,-0.0181773176996789,-0.0096566993502187,0.0471398921686843,-0.229088568030592,-0.0146898669265591,0.0164172436079376,-0.0952051359431539,0.0265216377140773,-0.0866769170974373,-0.0576812940043361,-0.170148499618648,0.0731761278896742,9.81336630727749,1.47509458412,2.0959438003453,1.63919850741703,0.0007954448186979,0.88154,0.69823,0.7479
410700,410000,nationwide_score,0.764,15.6496909028207,6.63064255913691,0.233058071189,0.119388668935,0.575079872204,0.0688986843413839,-0.270393864837709,0.198684038830774,-0.125106048229211,0.0132546368160109,0.0495750469074998,-0.0735696230677066,0.0763959449393621,-0.195326522592322,-0.0752367734419067,0.142848927406548,0.0117640782501577,-0.142863918897948,-0.078121439937465,-0.0299356177077601,-0.159066242089044,-0.037125973997345,0.100948685126085,-0.0827452467743083,0.0710823660102623,-0.082469684760215,0.0538037804769897,-0.040114857326415,-0.0588785604619367,0.0016387378647826,0.382444881745295,0.0540281929016977,-0.0807102598853022,0.122288059427216,0.035171515896848,0.0412547602046054,-0.143040387850757,-0.0188884733234094,-0.0213418961161752,0.171645029818237,0.142683354644305,-0.320303799376429,-0.152229130894467,0.0085607311484359,-0.0860065397805635,0.0186357941332863,-0.0552906278819118,0.0034144576341065,0.0312615850160242,0.018394065374684,0.137656973013449,0.0335753701668402,0.182035394292279,0.06783027903584,-0.0412725656987724,0.001347714000433,0.15273574368412,-0.0358151379902783,-0.0232917221371936,0.0544139371775866,-0.240234272357258,0.0031109156521327,0.0228173082475021,-0.0721229069945692,0.0252706635530292,-0.0870628027983932,-0.0607316944722713,-0.173316313631967,0.0733887272865051,9.64476244901741,2.17944180947,2.89761226838259,2.00076642266476,5.72392837283e-05,0.88308,0.71298,0.70818
410800,410000,nationwide_score,0.784,15.0739718316651,6.7671629907728,0.188476110637,0.121564580473,0.630681818182,0.0725788131067006,-0.256090682082516,0.241847657706319,-0.137170131749327,-0.0044073575714807,0.0271499104796139,-0.091240434235837,0.0544246222585695,-0.164990992816934,-0.0982589918982923,0.157308200876899,0.0652526932269953,-0.13535987308958,-0.0714355661652155,-0.0087023407760432,-0.143343844682649,-0.0266507270528892,0.123861335170539,-0.0668910126250719,0.037104057161591,-0.0641513358051096,0.0934970705555862,-0.0229109154628154,-0.0407191153602665,-0.0487745578471215,0.319112359534368,0.0228275142613134,-0.085603068821997,0.144739289783139,0.052729258788353,0.0634452491299176,-0.154922422224921,0.0230908561999336,-0.0413500468317553,0.154055021602522,0.149752380299099,-0.324594695838706,-0.111645538956875,-0.0035383237994493,-0.112056039973579,-0.0272212608702805,-0.0589922543622492,-0.0245022862776339,0.0106287855583987,0.0280412090365864,0.148229325382919,0.0262947347642258,0.205828891735588,0.092742805581483,-0.0188306622520197,0.0057324543372193,0.165990777079167,-0.0716632490128675,-0.0379996370756015,0.0541714099114528,-0.230862942753323,-0.0178462530995053,-0.0244250649743623,-0.0611728538109282,0.0260686482945337,-0.0984181696704277,-0.0674882164171049,-0.143455552171062,0.0462664891121123,10.0479593593862,2.38045686492,3.13089598923967,2.50425600451058,0.0050217440113499,0.89754,0.72361,0.74213
410900,410000,nationwide_score,0.75,15.1425858246761,6.78836054618209,0.258304878907,0.121163456792,0.501326259947,0.06608277281296,-0.25563644164512,0.186859565908558,-0.142759770536581,0.001121574195148,0.0479776210693835,-0.0621119364419732,0.0941833029137099,-0.193168767451424,-0.0877610007035527,0.129602254528931,0.0024051867617617,-0.1360474633464,-0.0842218268104581,-0.0310234032018876,-0.15444261903374,-0.0520073998342974,0.103218571080903,-0.0983850550169148,0.0884578914959361,-0.0818186406555117,0.0487492092766948,-0.0554449830861861,-0.0482017412329533,0.0226874025172154,0.390092648837315,0.0539186656513167,-0.0952752472252438,0.122036947384873,0.0314931717674561,0.0239955606885505,-0.137819841364797,-0.0170137864244371,-0.0152650738345323,0.187881362175649,0.14487092214698,-0.32245837858591,-0.161826726850272,-0.0016824025104558,-0.122843545686503,0.0221199753558322,-0.0590686301372595,0.014691816992555,0.0179481869968431,0.007453724812907,0.14114387444817,0.0490106195484417,0.168977824336159,0.0697915839259474,-0.0540341610523871,-0.0066041452606338,0.155259121425837,-0.0175512887557884,-0.0087991351953236,0.0355426340546842,-0.224190935051654,0.0114120359603338,0.030691075085121,-0.0665334438679221,0.0511472533459647,-0.0897764713558207,-0.0781573080016687,-0.183859779385098,0.0696290037170544,9.76582973446055,2.12838772792,2.87803264516038,2.3176158279229,0.0033917085667,0.88785,0.6847,0.694
411000,410000,nationwide_score,0.783,15.2925595106631,6.77918938695995,0.225247118938,0.137272702555,0.536529680365,0.0638653275425956,-0.265595263052574,0.207969672461784,-0.114169861264707,0.026315798835082,0.0408998138734163,-0.0642959391482272,0.0618734984465248,-0.16656530063724,-0.0773964030592028,0.137052158197469,0.0307846003548533,-0.159371670070868,-0.0859210537444517,-0.0275728270299133,-0.147972844933991,-0.0482227667188955,0.112815078541225,-0.0899771074549492,0.0712677039024239,-0.0888667382497604,0.0806738314099055,-0.0299691620253837,-0.0441381939644986,0.0004454414180829,0.354188078993163,0.0393744402834447,-0.0757487942471804,0.135805982135115,0.0448683809908693,0.0518186572751363,-0.135655591112917,-0.0127067706514313,-0.0089229937245347,0.162417204102831,0.139161978814165,-0.330670616639754,-0.13947952759923,0.0322946184280551,-0.0907706071330427,0.0068035193896741,-0.040309377946326,-0.0132802125416885,0.0336169963752561,0.0356566065614081,0.129849898148054,0.0272555251558395,0.189457588303197,0.0834256828015712,-0.0175175750635758,-0.0095650795031712,0.154722762786445,-0.0669480497846772,-0.0210765986883053,0.0793482256076639,-0.266480395920486,-0.0064511431940351,0.018800151179757,-0.0626854635129577,0.0472587995685091,-0.0939913152654521,-0.0816646222025892,-0.14902718189121,0.0622811373693444,10.2342839763508,2.35865842368,3.13159996422076,2.74890464266725,0.0190078472927,0.88462,0.69445,0.78249
411100,410000,nationwide_score,0.782,14.6784009350522,6.7814346674211,0.20619341664,0.14725105856,0.548523206751,0.0609416559222493,-0.266824472299923,0.210452299563006,-0.115111294416436,0.0302620520689597,0.0477326923588357,-0.0537286632672158,0.0483414514826853,-0.166448180254958,-0.0743339431923465,0.121051177184527,0.0270438416004146,-0.156547369104749,-0.0734916772831135,-0.0321647008140917,-0.145470864311232,-0.0639884313723454,0.106663178470513,-0.0935246717315779,0.0677247648449983,-0.07538775028083,0.0779950491499589,-0.0363552976321992,-0.0411825254652671,0.0029741312804761,0.353101978407884,0.0338143992477557,-0.0666162746271828,0.152026138837786,0.0521857214173777,0.0707164453801914,-0.147416377652412,-0.0068596044523496,-0.022588593957898,0.157802722293719,0.138629317368609,-0.339884532803806,-0.128316980112697,0.0317479927440595,-0.093019980164991,-0.0138789214154366,-0.0547187716129799,-0.011648895267925,0.0210211822884628,0.035215621695019,0.124967893531648,0.0200443719986373,0.18885078892889,0.0862553176889721,-0.0112246632701128,-0.0170751082945551,0.145226412378208,-0.0866524544044219,-0.0353563028808913,0.0956500767303106,-0.268318667865563,-0.0111290511759651,0.0238353841047784,-0.0573584048065701,0.0594709999281771,-0.0881501858194258,-0.0960454632493674,-0.156038750642941,0.0576199737668933,10.2084339752557,2.3389348143,3.24678049590524,2.62954721619196,0.0107427840776999,0.90108,0.7006,0.75611
411200,410000,nationwide_score,0.786,14.5284608560164,5.33023310989474,0.185177771527,0.125648096052,0.573529411765,0.0662955557072363,-0.214437690054156,0.190764925693187,-0.0886346327132055,0.0432012970384188,0.0111857971181188,-0.150714113007993,0.0753002136506947,-0.200847519770585,-0.0074626201239449,0.0977052840649902,0.0131892158555138,-0.111928126020977,-0.0645608547316294,-0.0900614503685812,-0.230870332368117,-0.0187320480734326,0.140054862511474,-0.132742885220071,0.0441741835655524,-0.0983203200558701,0.0321260072215436,-0.0132173588886719,-0.0808232718509277,-0.0755471513595406,0.266177591321565,0.0172545071418688,-0.103686118355046,0.113263604546941,0.0891462547472377,0.0055044484530273,-0.106615471340571,0.0832913193124439,-0.0293283122569804,0.157216707949846,0.124930745041206,-0.268350222001504,-0.084865479230438,-0.023935043255006,-0.0711353256750711,-0.0062163447847666,-0.0424155608230017,-0.0290121624934056,-0.0195788439091378,-0.0323332026329439,0.16548993984715,0.0686600685154297,0.15611669865343,0.0828160915309624,-0.0829144840749471,0.0237949104219099,0.165048889966194,0.0204748359518709,0.0925730795991049,0.0614166025517335,-0.192119577979305,-0.0671643886411396,-0.0681730007314531,-0.160302268870628,-0.0198252876900545,-0.122245998799677,-0.15741354375473,-0.0808440784406812,0.0609716364889388,10.0728805100082,2.66696001156,3.47537546458639,3.25806116836137,0.0431342512977999,0.88462,0.71523,0.76774
411300,410000,nationwide_score,0.74,16.0896962793173,5.90623987591939,0.263786300027,0.130732062594,0.506172839506,0.0304993535075978,-0.196923788808234,0.202356059626224,-0.0585480053547227,0.054905115634559,0.0786841447906548,-0.127184038044287,0.074776699036486,-0.145313396463928,-0.0160658720658941,0.093757092907746,0.0395855762298809,-0.181488300792766,-0.0109333158053276,-0.0526520208475812,-0.181513847142442,-0.102746028293986,0.112416302684321,-0.135092850545555,0.0640752066464599,-0.113450856607334,0.0879035202666871,-0.0067490723578004,-0.0560143043137094,-0.0285937786064279,0.315512157212615,0.0431051792579226,-0.0757973357611639,0.148557840625416,0.0651788291123429,0.0461489187083353,-0.0963140097915981,0.019646697362535,0.0010758336019805,0.100288230825853,0.159331080953094,-0.307321935443384,-0.0909889440017113,0.0446154621766094,-0.0263014680738412,0.0433068821572002,0.0004873536967543,-0.0363913994349179,0.0272045590870669,-0.0020020302435702,0.106524766103371,0.0515968965784184,0.181872169523781,0.0830949279351362,-0.0133980235724469,-0.0211560316646733,0.148661155070275,-0.0470123809378613,-0.0063360439450722,0.116779098865819,-0.272826160824807,-0.0833267524632909,0.0085348243106284,-0.129318864529151,-0.0018043603433257,-0.136326726612749,-0.166801012255818,-0.077563885816133,0.0889001410339188,9.93130120549788,2.86560881654,3.82979583678379,3.16584686893965,0.0537054730126999,0.88231,0.67547,0.6811
411400,410000,nationwide_score,0.737,15.8721952403987,6.59507220361477,0.255809117941,0.128387532131,0.461636828645,0.0400016769154186,-0.242755975603419,0.197923247597826,-0.119862493304864,0.0309610221590182,0.0562718490462317,-0.0711354824837449,0.0785965980700249,-0.165874029026985,-0.071245544520183,0.10694747064941,0.0230269931639625,-0.150641994439615,-0.0687589408977879,-0.0256102319027652,-0.142905553032632,-0.0824737883197172,0.104134133366336,-0.125437717377285,0.0639559321265723,-0.100234644764467,0.0595477800778519,-0.0338774756526666,-0.0358683890243579,0.0124480157933149,0.365964415910546,0.0542653948116681,-0.0864707584620417,0.131957049503685,0.0338955083155055,0.0348071336797957,-0.124976837825017,0.0004128913603589,-0.0013185748708152,0.153833884417034,0.15708635489735,-0.324706382784997,-0.15445498478,0.0120798136342166,-0.0834150865626362,0.0282419647477579,-0.0287222204938445,0.0155917774854114,0.0128357079015403,0.0163997346008258,0.119332623222825,0.0487601076961539,0.173623544703832,0.0774579616905823,-0.0517183204166305,-0.0348680518044204,0.14668893237117,-0.0529444486152465,-0.024912115498975,0.0627014411026441,-0.257821430744582,-0.0082852103518151,0.0236709504847711,-0.0750006778122029,0.0497061311302431,-0.108921542855416,-0.131662828857342,-0.15399922619121,0.072942385082576,9.80001627132671,2.98357754151,3.7975536796041,2.99904355823969,0.0448683397825999,0.88923,0.67294,0.66992
411500,410000,nationwide_score,0.74,15.646490900602,5.8019530429703,0.239176573133,0.139625741115,0.5,-0.0093287623971646,-0.157300224144472,0.191340328031896,-0.0608773284327307,0.0361888848502349,0.0756197048382551,-0.150099403356791,0.0331980461401575,-0.131545004683501,0.0456021562657651,0.0815283903866445,0.0242030439369338,-0.179056208152864,-0.0438220510255543,-0.0944657665757296,-0.167673650521828,-0.0731264264433929,0.0990867403134652,-0.180716406038085,0.0539612907934078,-0.158195724013119,0.117662403523682,-0.060839502763205,-0.0541669771995163,-0.0449296516809596,0.317247946054555,-7.845359074596e-05,-0.0604637038120536,0.142931507414922,0.0839255353054991,0.0410941535773456,-0.0569842575530858,0.0022124717537101,-0.0341138478187862,0.0640946483251107,0.133653514711927,-0.304397980811099,-0.0640636577432411,0.0727953519631557,0.0036740934284525,-0.0032238193901261,0.024282714244082,-0.026234286315746,0.0337884696961285,0.0350003017510471,0.116486991503993,0.0654966836085925,0.149842771260268,0.118029868179217,0.0020679753726919,-0.0324359926586761,0.130965376775103,-0.0329691010154102,0.0222233978583919,0.120107099390299,-0.286991051183523,-0.0857619441843789,0.0016665475645766,-0.0710861412516141,-0.0045876588589339,-0.129686906314847,-0.217711586193278,-0.0779583215297759,0.0666148861751755,9.83062025520019,2.62348543072,3.5925375246632,2.98929006534985,0.0410490896853999,0.87508,0.66368,0.69745
411600,410000,nationwide_score,0.729,16.0149550029035,6.62619835301298,0.251002073479,0.139150045725,0.425720620843,0.0449376603444795,-0.243403200773203,0.213258959366608,-0.117299843868837,0.034324033088012,0.0691126221886979,-0.069459352876904,0.0672955097203811,-0.153438797116223,-0.0673980028984653,0.102681137924386,0.0268683463706553,-0.162862328950478,-0.0508252216081739,-0.0163270480571896,-0.137516824854948,-0.0933531599095378,0.103752737084626,-0.123480105810008,0.0649047968194365,-0.0948026224060738,0.072343154637896,-0.0233325692474131,-0.0323057574026851,0.0016316236565048,0.361875619103887,0.0414397358879868,-0.0796757207598607,0.147640514466556,0.0425048734657826,0.0580560096813946,-0.134069218662114,0.009107063896639,-0.0111204639413757,0.150300941975916,0.163762906414972,-0.32854853652485,-0.132586554169691,0.0281609682340112,-0.0768511151713076,0.0127589496874818,-0.0346807186862149,-0.0013287130762351,0.0232516657239581,0.019515985941642,0.108257813837457,0.0413523869984768,0.181359683934229,0.0736388167322539,-0.0330000638116402,-0.0325813319623788,0.139879824764091,-0.066406564954812,-0.0352742450029555,0.0796663395284266,-0.269506564624861,-0.0263680598822581,0.0225346327672431,-0.080091444793328,0.0571475542512091,-0.105867916804374,-0.127455274008753,-0.150175297491421,0.0659765421127838,9.81469826057567,2.97103711071,3.7904064325704,3.04592501303084,0.0481937814774,0.88646,0.65797,0.6649
411700,410000,nationwide_score,0.745,15.7628484016641,6.14354341488677,0.253153315556,0.144423895372,0.440798858773,0.0401964167246949,-0.218166583115197,0.229792550200738,-0.0963219979399404,0.0301761072749918,0.0795944958210563,-0.0809356291262759,0.0543098868056415,-0.147071545839596,-0.0516787456232873,0.0851411933695458,0.0388889535926956,-0.177985401239424,-0.0212904919282419,-0.021985380055546,-0.138254400078362,-0.100223434571636,0.0989116805294537,-0.122103339995614,0.03391503323129,-0.0956722529259591,0.0809838148819336,-0.0018078765789812,-0.025786031912647,-0.0205225279722616,0.325110693560589,0.0212985047818688,-0.0659029915491551,0.166205841838042,0.060646690671728,0.0743066538968059,-0.122800338552705,0.0341470429836845,-0.0343468297868037,0.11958848040668,0.171881082111017,-0.327112317920471,-0.100755904773,0.0269166959670476,-0.050417440172979,0.0083066357717747,-0.0314074061362162,-0.0371352218443787,0.0089005140037255,0.015553420663643,0.113909817371501,0.0402584703609869,0.192462488438359,0.0765151461634426,-0.0051079448959134,-0.029768193537957,0.147070754719444,-0.0797927916903,-0.0534682666182698,0.105821687915741,-0.279265240390783,-0.0585056981922668,0.0100701256943007,-0.102416908899681,0.0403381264365449,-0.11240234849532,-0.151771051307883,-0.111409394621636,0.0669761706535699,9.56185350023185,2.9760774393,3.9037403551823,3.15762620760279,0.0659139432162,0.89692,0.67537,0.68258
420100,420000,nationwide_score,0.859,16.3275459562435,7.27166481498103,0.131503392446,0.107401219561,0.842660178427,0.0797485223313782,-0.225815733103897,0.151798635980311,-0.0315199272932735,0.0631883356408653,0.023013341608243,-0.128523032634918,-0.0267936779041603,-0.175876143855653,0.118814116173912,0.0775034410060899,0.0255650457982234,-0.183838399896647,-0.114351220093491,-0.146514633055679,-0.183828727751645,0.0214010042479494,0.11454581053892,-0.0951169696950225,0.0663791896792498,-0.114721579440754,0.125854410696804,-0.105846578642691,-0.0735062951239867,-0.0013082322312762,0.30785367584261,0.0123173055431202,-0.0063340338372241,0.138433969868481,0.0861343076103868,0.0608201617274263,-0.0268929137827172,-0.0713380133707659,-0.0496240804044679,0.0862469939231546,0.0561458064704101,-0.320127912686326,-0.0708500738730863,0.119234531765419,-0.0067163045004624,-0.0539109562393396,0.0075661860190612,-0.0474924511671665,0.0793094588343112,0.0967746546721406,0.115100818610689,-0.0349990326336043,0.17784586942351,0.0844110252974834,0.0802615391157691,-0.0526047225568449,0.0767891779532392,-0.0915571531524381,0.0350466891963399,0.191752775543524,-0.300863334700264,-0.0373905407774997,0.0029857322857932,0.0012372629499269,-0.0015185708440305,-0.0422669612537052,-0.155255534658323,-0.0857450822192587,0.102963627798542,10.8173366523611,1.24865716985,1.90988301459924,2.00568055990683,0.00186816456893,0.92923,0.79243,0.85963
420200,420000,nationwide_score,0.791,14.7197291134624,6.29532045767582,0.21925330516,0.11515725346,0.65991902834,0.0311087965438367,-0.171761032965245,0.171063170521315,-0.0178843651297747,0.0580045244034777,0.0495398829159302,-0.190551848072549,-0.0127490327221232,-0.128541601299849,0.103193351985244,0.0637154572041587,0.0334714343124757,-0.225096801244058,-0.0711081281219243,-0.111086697248357,-0.193422204633164,-0.0175317686342755,0.118731894155275,-0.127944555862037,0.039192876332464,-0.152793428154614,0.157337435475115,-0.0762750121405782,-0.0748943782240942,-0.0497253557996895,0.287694120068172,-0.0117892157167578,-0.0243453159381775,0.134629919675888,0.0898316928632957,0.065339269396615,-0.0105396141922584,-0.0263055981136858,-0.0521191032664649,0.0317350724998816,0.0847367813194225,-0.296983858405637,-0.0342401699041782,0.107048992461676,0.0218677490251731,-0.0378346815395214,0.040867753349713,-0.0714699283448814,0.0911129843594552,0.0876462989911781,0.107241713791639,0.0203681940987709,0.162765027381917,0.100082753641998,0.0711455406085436,-0.0340098806283336,0.0798514097156417,-0.0601006027082557,0.0589582023454383,0.198306302457308,-0.302143685325118,-0.103933708835005,-0.02695408966723,-0.0458477628152099,-0.0270622752872876,-0.0715396219595169,-0.199905893805387,-0.0277496224513538,0.0686800768913361,10.3327298087372,2.23763405635,3.07909113900721,2.65050086610725,0.0130939618551,0.91077,0.71872,0.75665
420300,420000,nationwide_score,0.783,14.9692424613108,4.90346413058843,0.189503197806,0.129247389045,0.618296529968,0.0305139272532649,-0.142337321583009,0.174457263812762,-0.0189894796743088,0.0780681004876068,0.0117298783295427,-0.219835148335259,0.0392182985772578,-0.138242183676646,0.075976607359317,0.067808915645451,0.070316655243053,-0.170838901188474,-0.0417838461830838,-0.131003829829847,-0.253467591644883,0.0278557933180421,0.148759707213469,-0.155056264354029,0.0384913345228652,-0.13209048351786,0.0892397785737639,-0.0672681878596221,-0.097110626781609,-0.0793426548444392,0.215316668700013,0.0079867938202435,-0.077344449169935,0.13691798663522,0.0921618943303027,0.0300861877865791,-0.029910495163177,0.0397413966450684,-0.0060193123145506,0.0227048685756204,0.0729016187963014,-0.274081553461637,-0.0457653099935717,0.0510739804770258,0.0364697357844623,-0.0124711349385409,0.0462846579635666,-0.0434888986260043,0.0321602020213774,0.0093041714791182,0.13488387252975,0.0302390922028996,0.18496146695646,0.108946333421022,0.01694201025107,-0.0170487831569368,0.0819480362903624,-0.0031032578050406,0.107874384181097,0.153110829763809,-0.248594590874312,-0.0968190441432591,-0.0570915054067918,-0.135333814631786,-0.0636625994736852,-0.118824037458081,-0.214927511767091,-0.0140869412487228,0.0738305265964677,10.3328878886996,2.90905373738,3.84778424404506,3.70582967565623,0.0756959671497998,0.90846,0.71282,0.74035
420500,420000,nationwide_score,0.829,15.1993020394926,5.24180626145556,0.119727202094,0.165549500081,0.639097744361,0.0207889890121238,-0.110394500288597,0.166201604406763,0.0091052926568032,0.0742687062325775,0.040444816583471,-0.196732129192837,0.0161495882906777,-0.110181260462242,0.115014392747747,0.0518461076231413,0.0409457943679001,-0.186388857652986,-0.0248981851494294,-0.140819847187989,-0.238527397351991,0.0101136385054946,0.120300949751829,-0.140833251363022,0.0327295164021282,-0.140017160773171,0.12347637758303,-0.081849938146701,-0.102058932667353,-0.0714656700382829,0.221560258544747,0.0311195741554695,-0.0689264746995549,0.145049355873262,0.102482167365464,0.037054376040216,-0.0140868524069312,-0.0157721193698248,-0.0252760600320458,-0.0105509439108052,0.0680270331071238,-0.276931891720232,-0.0432708737097075,0.0742103798391967,0.0251242915856415,-0.0072377175639003,0.064116241020404,-0.0746889011056793,0.0767946388878179,0.0193391771558664,0.122335065437073,0.0021085438528718,0.164051482436689,0.0856612451533922,0.0627706327861132,-0.0430821678458163,0.0402959176309762,-0.0285535943570027,0.0784103920750512,0.187548203835467,-0.272507509845681,-0.102096789871224,-0.0244770227996703,-0.122230780929603,-0.0695539884394947,-0.116561842036227,-0.232196165535516,-0.0027306919570993,0.0712712001562842,10.4592756159087,2.57303082714,3.37688920870348,3.42718450481532,0.0423688881222,0.93231,0.73821,0.82723
420600,420000,nationwide_score,0.801,15.4756417748279,5.58998951962802,0.177592165677,0.137206856482,0.615969581749,0.0178679330279372,-0.175258377835615,0.201407567557483,-0.0510489598331328,0.0601961481898433,0.0661743231412224,-0.14785613106772,0.0195080639032727,-0.13927273768237,0.0446859208791401,0.0713284234714591,0.046890490362427,-0.175502148010427,-0.0253852462284911,-0.0975544975350471,-0.198699874580419,-0.0547586279251312,0.121793329556758,-0.129812452303828,0.0534951973426953,-0.12023071238251,0.111961725316417,-0.0381928242844058,-0.06562164397552,-0.0508972939812835,0.293729138287823,0.0295950934881347,-0.0556536092036974,0.161489763047891,0.0758044476542779,0.0676587146214343,-0.0655191841771185,0.005072815945527,-0.0312064848354602,0.06324905427334,0.118008496672215,-0.308698418813015,-0.0648799259326117,0.0733667509765304,0.0032613837526207,0.0059073510645479,0.0072822534266607,-0.0559291205247487,0.0363960168489581,0.0288642593880816,0.113309081107893,0.027500791431113,0.168281758799346,0.105141823467994,0.0231989113404044,-0.0341296923094364,0.121439906233054,-0.062473382916367,0.0154284980578093,0.150207190079231,-0.285719307614388,-0.0846149055682592,-0.0072140653373469,-0.10014443287524,-0.0302750115165505,-0.126406600322731,-0.18623390395025,-0.0605697310571248,0.0750604080668096,10.3021580196314,2.59646191801,3.41343715625597,3.19002764511723,0.0334920690092,0.89846,0.71687,0.79812
420700,420000,nationwide_score,0.809,13.8924725250259,6.52420669748711,0.180471409709,0.123971306147,0.666666666667,0.0459834019243421,-0.197288630741164,0.170847410461641,-0.0257922777549805,0.0575194609679179,0.0429265933541953,-0.170067647396431,-0.0249798504994681,-0.138729845229853,0.107996741798483,0.0732570280718307,0.038621963775074,-0.209536910941465,-0.0990537745873244,-0.124645260644275,-0.179269436741833,-0.0185440639718255,0.118275521789209,-0.110434811181792,0.0453271575512623,-0.14028703062661,0.163131808649771,-0.0812050324134039,-0.066020909133533,-0.0359847666245773,0.299661761800133,-0.0165646993867768,-0.0067192653592469,0.135255663039656,0.0941607374071573,0.0695217711227794,-0.0123632917828858,-0.0388434401250232,-0.0589449829764656,0.0533592111016378,0.0809642565119429,-0.301958242072318,-0.0449420777593619,0.109973645367842,0.0212423946410751,-0.0432880978693537,0.018670082078304,-0.0585392692377331,0.0775499498711823,0.101716326407148,0.108284387154868,0.0042899748448947,0.160913222871255,0.105643719064011,0.0715859508236338,-0.0407779199545712,0.0933481627687669,-0.0839344636963794,0.0498988610409909,0.184413205044443,-0.309552772049942,-0.0838616097420409,-0.0164705757322775,-0.0083488391650051,-0.0002973963220452,-0.055530374787587,-0.177215608603325,-0.0506130018550565,0.0811130190614216,10.3168715320962,2.03159224255,2.9570845163481,2.57970924922702,0.0094270153796799,0.9,0.72791,0.80758
420800,420000,nationwide_score,0.803,14.7476750326954,5.33147000333803,0.138371530174,0.149371599039,0.602362204724,-0.0043320601314333,-0.1528929691762,0.188483153955054,-0.046641756330852,0.0517028299761299,0.0761097893996628,-0.152749370976762,0.0194726465840211,-0.117746546655081,0.0854904035386001,0.0506364726612622,0.0342424812616537,-0.191202072465402,-0.0151004231148388,-0.10828523136008,-0.176243239992393,-0.0735684561893298,0.110968353241204,-0.141814777922,0.0492920944803315,-0.143433366440934,0.126236150827524,-0.0478320668239601,-0.0637337661447552,-0.0542062344198094,0.274560475056812,0.0188665197820026,-0.0468343355098111,0.152752773568326,0.0811600414079578,0.0691703655237388,-0.0415822625717718,-0.0124073938037698,-0.055666210491645,0.0373962749738195,0.14249332961899,-0.290269276348928,-0.050897317657536,0.0903046871259916,0.0275476307857747,-0.0002076125248156,0.0426284836703992,-0.0797903723174091,0.0677290018776715,0.036703301992114,0.101410561207702,0.0299189574772288,0.166563238569324,0.0960618560581759,0.049030964043478,-0.0359151306905403,0.101577340111696,-0.0649897926406582,0.0144920673878518,0.181211232121845,-0.290110581269004,-0.100461433278046,0.0183955424441448,-0.106055130605485,-0.0285429470573238,-0.12964306288486,-0.204543993001791,-0.0424841950445937,0.0737836646363978,10.3314476101572,2.8430233534,3.82459686403565,3.19905655348279,0.0643864589335998,0.90308,0.7418,0.77164
420900,420000,nationwide_score,0.767,15.2362065873474,6.14337838906261,0.169931773772,0.13835903894,0.6038647343,0.0100869840725952,-0.164584880408279,0.165946941193444,-0.0510135948798118,0.0497703361156135,0.0755630890921231,-0.140307610227094,0.0013738311125306,-0.151072965504253,0.10139922090666,0.063162031988567,0.0031942199030474,-0.194307917307265,-0.0676171056535182,-0.135761390536536,-0.185852751588709,-0.0622825312639982,0.115868033600198,-0.140774404138016,0.0694225809753927,-0.16553426384298,0.133924333632019,-0.0873794468858285,-0.0760220826761844,-0.0231949172258882,0.308144602446761,0.0116135889092408,-0.0402222304628221,0.128492446505108,0.0883098057578428,0.062964137312602,-0.0248389169470881,-0.0270433199105869,-0.0388284139709693,0.0457026510741134,0.114276954474949,-0.30930429123108,-0.0639800153220248,0.110297542103259,0.0132624579687477,-0.000334319092405,0.0345452835291283,-0.054280667549727,0.0686947600393306,0.0647443755381086,0.113349760318757,0.0327410926622405,0.149021922365884,0.105477477269103,0.051104459221656,-0.0376458964565494,0.0944378521484607,-0.040281803473104,0.0339143093915856,0.159733135507188,-0.284605189975268,-0.0850421296786424,0.0106423097191121,-0.0486057513812642,-0.0222336585261821,-0.0954179923411112,-0.205683782485127,-0.0664941851915954,0.0910381766192177,10.0733285713442,2.6617746966,3.39017725728813,2.81053780363628,0.0222572798453,0.89385,0.70348,0.7177
421000,420000,nationwide_score,0.765,15.4564473312562,5.90620635075243,0.154277762276,0.152718391695,0.562015503876,-0.0068302721977554,-0.158092314072398,0.158431756059947,-0.018113605753352,0.0553429396757718,0.0906809299044555,-0.140332061837732,-0.0191731848147301,-0.132971148026134,0.14530752137963,0.0650914903130342,0.017521442538272,-0.194042487708366,-0.0277188752322409,-0.13113051024585,-0.161137666963442,-0.0882688532874355,0.0843710442793045,-0.140992320074041,0.0355022998470282,-0.161550757190011,0.148958313322177,-0.0813218367691348,-0.0507546333630068,-0.0473386149665048,0.292798777865408,0.0223275714562384,-0.0129518194486438,0.13629292583259,0.0906556893489075,0.0785902671542419,-0.0283107353121864,-0.0441431461419442,-0.0677376121560377,0.0326410866422603,0.12636485214993,-0.278182090608756,-0.0397267309543592,0.110031946208725,0.0467527335543042,-0.0067481014505439,0.044780731622469,-0.0716244885560472,0.0801731676753907,0.0593326333594997,0.115255247112241,0.0162888732901907,0.152869434896159,0.0764387693973555,0.0812691754349864,-0.0545881394245368,0.0820114407412106,-0.0767238527998886,0.0032034229810041,0.214705781495685,-0.296829415300529,-0.100290094981819,0.0123566520833116,-0.0901571141299514,-0.0415887370612274,-0.101536803326433,-0.196979253692988,-0.028166464332849,0.0983959565502542,10.1223918206963,2.86637180882,3.86846419760271,3.2558239593504,0.0687755849748,0.90923,0.70499,0.69867
421100,420000,nationwide_score,0.748,15.5716430222607,5.80842537767278,0.195355822204,0.143412465527,0.474956822107,-0.0047264237763338,-0.130435317036043,0.171337511596241,-0.0304283830427882,0.0562955403156881,0.078977617094446,-0.178580596740787,0.0133914407028133,-0.119215501836639,0.115102361119476,0.043986621625735,0.0080753908075005,-0.225792800005688,-0.0578760301755234,-0.105940959579252,-0.182783394970162,-0.0621250886585123,0.115749795627276,-0.1497447897171,0.0339100550166178,-0.1755651378999,0.158716140482577,-0.0820999493208704,-0.0811559228885807,-0.0395032617962344,0.278607696828907,-0.036077802599985,-0.0378127693932388,0.110047170697613,0.0972831505037783,0.061466277290063,0.0119935393497159,-0.0081098298607786,-0.0514905652118255,-0.0071657312689831,0.10109619006079,-0.285242195110923,-0.0476014393893195,0.101773324418104,0.0314844774432437,-0.0022697966346277,0.0564447571197448,-0.0600880398216237,0.0807176606488705,0.0785514932381153,0.114107361705792,0.0560458787747585,0.13654800347883,0.0984606500055178,0.0396731100850595,-0.0319594058884907,0.0837739601267492,-0.0356166742873962,0.0658077521093527,0.165044831792906,-0.283175165753917,-0.121299418032977,-0.0113140481745879,-0.0413676041634127,-0.0366996101379718,-0.0956991266602272,-0.235039787516812,-0.0332789823336544,0.0649736727875608,9.89671423353536,2.66149921394,3.61724007753129,3.0074616428507,0.0372872605486,0.90846,0.69099,0.66765
421200,420000,nationwide_score,0.776,14.8013277256213,5.62104809863083,0.218690948177,0.113988670729,0.563432835821,0.0185409100964222,-0.1391932769355,0.154080824505938,-0.0077168882960296,0.0767116084649172,0.061773010771151,-0.16793201841969,-0.0060614253854753,-0.116817230000879,0.133214056376811,0.058155260407399,0.0104383336419009,-0.241758772507792,-0.0508967496326701,-0.114234424521119,-0.185986861634753,-0.0497837436082388,0.103309238203041,-0.139080294398468,0.0105351427479878,-0.161978693568551,0.162591051731355,-0.0949549052075389,-0.0870687581717041,-0.0498459327430652,0.264661880122003,-0.0132376311217677,-0.0195202067606341,0.116761562628203,0.0976983529245437,0.0723712541395201,0.0028908038333315,-0.0206796452274319,-0.0520873457744825,-0.0034260555346968,0.0853548674380154,-0.296782104392794,-0.0315872713108581,0.0959623659719259,0.0156178353560899,-0.0095415178606165,0.0537083565511111,-0.0773861363626335,0.102878857129433,0.081009447219802,0.119927086283488,0.0323095676100298,0.145104080872422,0.0849753101194179,0.0758409418134187,-0.0436425491921037,0.0601227005099573,-0.0529833276614834,0.058064161379763,0.203962658075858,-0.291070835609259,-0.125531755002146,-0.0165460279688506,-0.0441393042729024,-0.0444720711643823,-0.0708972832422629,-0.220045068771343,-0.0122642971387421,0.0766584180185817,10.0230393381229,2.72746172522,3.68746491805687,3.38765630715243,0.0608472765128999,0.89308,0.71339,0.73436
421300,420000,nationwide_score,0.771,14.5136457775476,5.34760977781229,0.182883989701,0.134789281386,0.577114427861,0.0018983810231982,-0.16801771560366,0.182715862677678,-0.0775205803585164,0.0465312136403731,0.0568514946851287,-0.166332591580456,0.0297178730136132,-0.141226539412696,0.0536109566092998,0.0516407123518577,0.0233154962174569,-0.184482696523837,-0.0522361797645103,-0.105954155128559,-0.191722795711599,-0.058664928689504,0.142156154850471,-0.153943488398957,0.0741086179834972,-0.139361964733001,0.118466266674271,-0.0606018765712618,-0.0703482657251892,-0.0445757288716147,0.292254044538128,0.0066600474118812,-0.0680853963801116,0.137611662133953,0.0810931406819975,0.0544876483319735,-0.038417646545952,0.0035501305895869,-0.0318343471102454,0.0548343426207974,0.123725032152752,-0.308844950858577,-0.0722349464862352,0.0979446071145071,0.0088240809192882,0.0050272225253117,0.0284123006836307,-0.0466234189968432,0.0528553225897396,0.0481850635193787,0.107227443084845,0.0469250624281929,0.158199257894427,0.119575086552119,0.0098250608452574,-0.014786313660047,0.123806238200384,-0.0353026872860299,0.0408089282592011,0.135362627715683,-0.272804951583671,-0.0857249382114267,0.0075512634786687,-0.075825300121859,-0.0129234946290387,-0.135313784629594,-0.191145230508041,-0.0728336053584665,0.0753009991894287,10.15999870869,2.59175202446,3.42216892913885,3.15488489350931,0.0399508042638999,0.88462,0.71535,0.724
430100,430000,nationwide_score,0.84,16.1240778220394,6.74778762667698,0.167633393935,0.101192071624,0.826043737575,0.0382887455283819,-0.167326203601773,0.140005299995351,-0.0007885310033907,0.0550697257607651,0.028909663057931,-0.167336974378136,-0.035564858712985,-0.12328093141322,0.138018168826359,0.058933616348837,0.0401540640139928,-0.227920930107727,-0.0534237472771505,-0.138899868768444,-0.180350270733692,-0.0248900112806792,0.110209182426564,-0.121205354994177,0.0249564794319461,-0.141426161546714,0.146914577626977,-0.0984063555508577,-0.0672824065898005,-0.0539551689745527,0.266647458460661,0.0044379833823873,-0.0159714604413138,0.146569157010649,0.107335968956148,0.0855957639148473,-0.0035489937131312,-0.0524069700982479,-0.0611979342542028,0.0113120790204293,0.0720810728768445,-0.283652516026389,-0.0423025673859754,0.110985069111426,0.0262878706112584,-0.0339849102786725,0.0455668859984964,-0.058258376493091,0.106937007641541,0.0783724675460107,0.111181568662722,0.0011264736088223,0.163002965709228,0.0918199729969293,0.079780037676356,-0.0582846595577095,0.0304549886207493,-0.07286144056102,0.0589111305660942,0.2301680651119,-0.303909562156746,-0.0857480833879638,-0.0119513754344011,-0.0424645379431234,-0.0373951144460313,-0.0682811237409626,-0.188836588940686,-0.0181898839930784,0.0934163257671189,10.7017161491731,1.5093565524,2.44933390092264,2.10770121485178,0.00144305911414,0.92308,0.75609,0.84997
430200,430000,nationwide_score,0.803,15.1764873675101,5.84935602218058,0.185139190247,0.133423981307,0.712820512821,0.0160243206364822,-0.121495241046824,0.13714863198804,-0.0054593498637428,0.0611716116867655,0.060501224434065,-0.192635935861791,-0.0274522609297165,-0.111253702286,0.149231087819384,0.0400559731099412,0.0311221697341564,-0.243669080697332,-0.0465042945732281,-0.127718730884984,-0.180629219720916,-0.0499386695278423,0.0993618433584229,-0.135663919336731,-0.002640660482564,-0.16501918581041,0.163756871873264,-0.112212219228149,-0.0901945813138327,-0.0694284720293304,0.260276303965471,-0.0287111660555249,-0.0334624543996316,0.139627356114664,0.11817706999985,0.0922600034755576,6.25154010233315e-05,-0.0199494396201692,-0.0565221754019403,-0.0383129399370762,0.087440405479701,-0.253720926642639,-0.0417032411449095,0.0906554661950689,0.039443916333177,-0.0114874257762702,0.0620179199019203,-0.0491972216220875,0.105793958973106,0.0752410613762794,0.117808966032287,0.0362397080324356,0.137994285704463,0.0881685120518792,0.0720588643292358,-0.0488725071617154,0.0176257523302546,-0.050434667904581,0.0829329051453002,0.2107932143392,-0.290166255113557,-0.110487759433186,-0.0247590934945971,-0.0429292905621848,-0.0628787306943428,-0.0712777692977338,-0.230447136554519,0.0032292572873362,0.0774159113170238,10.2384705856059,2.34651344637,3.0580542957404,2.80460860242655,0.0125006623866999,0.92,0.71714,0.78386
430300,430000,nationwide_score,0.804,14.8198125334614,6.30135996407238,0.158264875219,0.15406686561,0.641025641026,0.005687756891615,-0.110055383269638,0.13646002627935,-0.002711435077343,0.0520525572662472,0.0718819568125543,-0.180191568909223,-0.0265151689938495,-0.110488717203261,0.154826793739428,0.0558215842978253,0.0421738196607483,-0.234586419155998,-0.0217774019680015,-0.13308618766308,-0.15906434456484,-0.0699604129260484,0.0837750379295758,-0.147885504534407,0.0022378648387909,-0.171193595390714,0.147464923459095,-0.109484937867295,-0.0722215881633685,-0.0634828561283899,0.255006657726604,-0.0123105247497504,-0.0248893981432929,0.128834350521992,0.121187121676892,0.0803495709704789,-0.0064577465067976,-0.0255630912754586,-0.0583664579518223,-0.028157969798406,0.11058833126795,-0.251142464629362,-0.0437089304842272,0.0952394396268596,0.0474385639701322,-0.0085170948533953,0.080161944360859,-0.0562157077018765,0.119836858873893,0.0494969572145625,0.113050955122065,0.0307211600666264,0.151137425695775,0.0817415278579697,0.0724591767456311,-0.0610494661629895,0.0103235506986348,-0.0395769474261167,0.0599811286324351,0.230715669899651,-0.289895691942353,-0.122951847862841,-0.0139613303847029,-0.0641844262698414,-0.0548119056164277,-0.102672609162518,-0.223305460557135,0.0135484232532509,0.0922490834934015,10.2217017611319,2.14865404092,3.0036539807746,2.46756519925853,0.0057989026898099,0.91077,0.71705,0.79539
430400,430000,nationwide_score,0.759,15.708622672055,6.07524493345352,0.211478979526,0.135087754555,0.542168674699,0.0014625763253753,-0.0848080435318262,0.122074079971019,-0.003757701331019,0.05459302021327,0.0741851104531245,-0.187170478002385,-0.0288297905231469,-0.116907076159576,0.155643910170746,0.0518740905348426,0.0343209174433576,-0.239962852127456,-0.0237565223909663,-0.140183380760153,-0.176935901118287,-0.0605735494062603,0.0786478819442953,-0.165594194518936,-0.0109690404919328,-0.174207768597483,0.141294898415559,-0.127115897054272,-0.0847889433007881,-0.0726589928340032,0.235810846360376,-0.015575603408013,-0.0361274691195247,0.123285152556315,0.123369552754912,0.0808899219808632,-0.015688041836711,0.0021369934333836,-0.0518059678723664,-0.050866458865201,0.110442522335559,-0.241463423332803,-0.0479715563146898,0.0783481609142528,0.052799172413069,-0.0001313807660659,0.0806906456376197,-0.0500604597271678,0.112392038885073,0.0327708539051315,0.12022063889546,0.0437128691608962,0.136814627732969,0.0759486704432105,0.069114407169888,-0.0518208383676396,0.0061995336520093,-0.0185693333852838,0.072965644097747,0.220670991632089,-0.264733100344246,-0.130506721310598,-0.0207391714078662,-0.0666505150826328,-0.0675557631649978,-0.105862602170972,-0.245852380986272,0.0226283181817872,0.0927499227625504,10.0863172633305,2.57665739963,3.48124319977701,2.89202366709811,0.0279313147356,0.88338,0.68664,0.72114
430500,430000,nationwide_score,0.734,15.6965013133593,5.75628672108161,0.227466998159,0.142891103363,0.521341463415,-0.0038732658705205,-0.062233822812759,0.124881844639635,-0.0050261715186391,0.0752901835987098,0.0535980923378637,-0.16948870241152,-0.0273991068764842,-0.104913501639677,0.135148816745165,0.0290257298995332,0.0100705785578717,-0.256503049694155,0.0149575758806864,-0.13093436485959,-0.218761210556877,-0.0370172914120632,0.0919110982269953,-0.168762616821457,-0.0163034959989005,-0.180750009277757,0.122598077759909,-0.11430325151473,-0.101596460616564,-0.100340603011524,0.199550172606227,-0.015585347004559,-0.0643309570100712,0.107236476515686,0.101557859451712,0.0566353919718678,-0.0079714709231752,0.0134617168599633,-0.0518370145128598,-0.0593542415892262,0.0980548027812711,-0.249317608857015,-0.0365981572158056,0.0771403097446703,0.0363320290450683,0.0109272739002227,0.0786093278687357,-0.0863889932762378,0.126932086387832,0.0082492352335206,0.115420041185289,0.0499795153055539,0.128316738850027,0.0664159581506673,0.0620507543186231,-0.0372298081901927,-0.0057066934124841,-0.0048963187903979,0.0880807600743918,0.229264069045307,-0.261112631760023,-0.156473756078782,-0.0252221315782564,-0.109187875633416,-0.115708765057856,-0.110357896033703,-0.268010530317938,0.0256021084243552,0.0743264976220491,9.82163984411501,3.58710162072,4.27087936047307,3.58833692712235,0.138497163011,0.87846,0.68783,0.65565
430600,430000,nationwide_score,0.79,15.4348989992713,5.83111631301056,0.187400930784,0.137518966031,0.605940594059,-0.0007105406398629,-0.12359917875822,0.149421743548677,-0.0099096990684774,0.0563032704921601,0.0760347573582495,-0.159832660225237,-0.0215592940313042,-0.10902539186581,0.149952018312788,0.0519289680884103,0.0240875261286188,-0.239420705628017,-0.0265130522190992,-0.131979876968825,-0.155017332772506,-0.0818707973917911,0.097419608571466,-0.143959204399086,0.0022851892293306,-0.172029235641869,0.166934645819361,-0.0972464319905996,-0.0628375895316493,-0.0527198242298163,0.256431304812225,-0.0107386120573337,-0.0239370983277223,0.124188362722356,0.10709624909172,0.0862283582059959,0.0038169398065701,-0.0211499975145667,-0.0673686118925627,-0.0166485953771528,0.105882379472433,-0.278462050542917,-0.0338818255231335,0.105003398608847,0.0351124584338694,-0.0149988503280402,0.069051408722229,-0.0703342175122081,0.0952403995570498,0.0635794647018104,0.11690376023145,0.0300899858840403,0.148211071186358,0.0858963527063989,0.0791441094121664,-0.0488224656933465,0.0443989688166707,-0.0510122075686924,0.0428342800794096,0.220407930515273,-0.28356424278053,-0.119154930375793,-0.007792992094846,-0.0642674057542551,-0.0463227261365735,-0.0946072189949236,-0.219245220530882,0.0024252083786676,0.0903006113203443,10.3471945374424,2.36659637011,3.214429997945,2.81796991305779,0.0214438728313,0.87692,0.71857,0.78247
430700,430000,nationwide_score,0.781,15.4794368450764,5.67440097414354,0.151866117941,0.17684726522,0.5625,-0.0056029905077756,-0.112151976755933,0.148284464542789,-0.0091723684297615,0.0665575988609925,0.0819284825820385,-0.164385309410604,-0.0094011276665628,-0.108356916750525,0.142471846882235,0.0585954334853676,0.0286568701162938,-0.211977127257944,-0.0165863167016165,-0.123979408513374,-0.185800152901621,-0.0704840370927841,0.0849638084752179,-0.14852179602703,0.0298527508542726,-0.173993839281578,0.149754017085996,-0.0881477872492513,-0.0695050123561604,-0.0657570501356797,0.257767293062346,0.0122023446612004,-0.033951086916698,0.13845510079033,0.103679774173951,0.0655356098026649,-0.0139928977343357,-0.0287636687510151,-0.045767903700838,-0.0057303520902326,0.124584783727013,-0.26714938194339,-0.0451251826595233,0.107511664158002,0.0355999841305807,-0.0016828069769178,0.0725511470342664,-0.0743446275229249,0.111925294276794,0.0446205995922179,0.107805556380377,0.0285052731750036,0.145787252560795,0.0749271516627687,0.0802329492773473,-0.0610397833346113,0.0434295963248966,-0.0512861848317297,0.0310050461110878,0.21760554892306,-0.284838342829142,-0.131684779750583,-0.0052416565029287,-0.0983521503387527,-0.0542753676336239,-0.121295700625397,-0.227019241906377,0.0003019678252053,0.100727539658734,10.2058391276078,2.35717407476,3.26999199098887,2.80418562898656,0.0184830172459998,0.89231,0.69633,0.76552
430800,430000,nationwide_score,0.754,14.234221550717,5.07878607591248,0.182151947148,0.156892535032,0.513157894737,0.0194817757538035,-0.0760470430480566,0.158430838445247,0.0126317945472446,0.0945744062907663,0.018281030109497,-0.194132572894447,-0.0216293449172013,-0.0802755012095152,0.125349431922855,0.0453508218380218,0.0451517946736209,-0.216537430490134,0.0048172379687378,-0.134997024757873,-0.24843403703571,0.0133987110057941,0.110165184600735,-0.16236364151712,0.0037468723496652,-0.158817509658756,0.133752228917758,-0.0923465619812383,-0.100879261133109,-0.113580162895256,0.191230765583179,0.0032386677346916,-0.0820154954870104,0.126611310937319,0.0912427778391354,0.032432606478424,0.0037190237726167,-0.0154457606275779,-0.03946659258797,-0.0378030969057753,0.0489859867183363,-0.256152960056436,-0.0368878840574709,0.0790463377027744,0.0238096750156935,0.0109420525823619,0.0727326667249467,-0.082394929626219,0.106922192577304,0.0075203898682943,0.124575980534103,0.0366693417497891,0.138497795126983,0.0749574388504915,0.057560530187779,-0.0526279861416914,-0.0031888033434582,-0.0109648997352106,0.109623466490717,0.221017323391747,-0.2701293573054,-0.127109557898706,-0.0510937261746516,-0.128020774859765,-0.124018158219595,-0.126087115570888,-0.2435413316156,0.030071164066875,0.0601789632408819,9.46960469488548,2.93734564025,3.80139086428142,3.34043022166472,0.0634276455599998,0.94,0.68331,0.66695
430900,430000,nationwide_score,0.757,15.1635839660042,5.74712212707917,0.180176359826,0.157937396158,0.503896103896,-0.0001043978294887,-0.12265258961901,0.135335559137819,-0.0112545633153002,0.0608132766357045,0.0711222638026798,-0.16705659438414,-0.0223709525354154,-0.111533910492937,0.148832217514677,0.0611250718429927,0.0320005184183485,-0.223066535734733,-0.012190873615906,-0.122019292100405,-0.17108721911822,-0.0690899456800664,0.0780754873228515,-0.154963871428853,0.0144235838977334,-0.169720305914986,0.148115767156978,-0.0991879084991942,-0.06131376452387,-0.0753379046069747,0.245166540129296,-0.0005617982775875,-0.0338331623781238,0.136580780723717,0.0975714329543402,0.0681851549803684,-0.0164526481394248,-0.030939103341805,-0.057601640366304,-0.0090957145869499,0.108441242275758,-0.261092252520385,-0.0366357645591352,0.111402985420879,0.0429880097881904,-0.0207950405927551,0.0732061491121681,-0.0649947239495799,0.111685991839178,0.0412968699322321,0.121595061277691,0.0267685872885239,0.152440053752821,0.0764379220654385,0.086105998701798,-0.0590304955565532,0.0354532174982668,-0.0537831448276397,0.0377808123619317,0.229800440206506,-0.282590402020326,-0.123991763011528,-0.0201282798666762,-0.096470676199488,-0.0633789609498756,-0.104128431344688,-0.223554571626032,0.004882057547732,0.101540104404497,9.82273179849765,2.94139884119,3.77800556766511,3.18219736291048,0.0522210839165,0.89231,0.68817,0.70678
431000,430000,nationwide_score,0.766,15.358808881569,5.49318590869319,0.23284891297,0.113042956677,0.581196581197,0.019109653460927,-0.10097116734495,0.119913423446578,0.0170804973993412,0.0670928717453935,0.0220900289047568,-0.195104199246463,-0.0406588012700003,-0.113771465238882,0.132524160077167,0.0523918046210108,0.0318268219487047,-0.258072189878584,-0.0292626159948246,-0.120879384225559,-0.210797438493602,-0.0214359718621329,0.099261466543212,-0.146461702180698,-0.0370727879480482,-0.171760376333716,0.140629830117194,-0.112199402175941,-0.104817069940768,-0.112614158614479,0.20178704981104,-0.0298799902856324,-0.0438108739903772,0.117279336253701,0.110005234402474,0.089823544647813,-0.0240372781007149,0.0153452508417445,-0.0362017738129043,-0.0572029083114949,0.0804303889034938,-0.220070677606805,-0.0323052590775319,0.0577046539084753,0.0481921255622426,0.0012324948212654,0.0463200201633065,-0.0565645581108918,0.121787240358548,0.0226112799854867,0.126548870830113,0.0554145840357009,0.126117991614492,0.0958039841874815,0.0584236976392908,-0.0195752910312569,0.0070306265615126,-0.0229237359998025,0.112779177144928,0.208726256499524,-0.275566800863141,-0.127097719592132,-0.0524452762631169,-0.0639930535943129,-0.13046282274783,-0.0723590412281497,-0.247390429972495,0.0286891305673439,0.0650264333423152,9.88846144180788,2.67602002977,3.50068078999802,2.92987652161672,0.0260759209495999,0.89231,0.69493,0.72407
431100,430000,nationwide_score,0.745,15.4832175672016,5.47500057703603,0.231225841324,0.131923536008,0.467924528302,0.0064596948131335,-0.0970001187162246,0.120883044003911,0.0009578933352558,0.0680494917914115,0.0570956717456334,-0.17305249600627,-0.0438798156165786,-0.116144828239021,0.13741321016402,0.0432230142285048,0.0010550351159807,-0.262553671696002,-0.0253475091818957,-0.131656890299312,-0.207511742662113,-0.0518102787565453,0.0928949919462845,-0.138295200414151,-0.0089238697129685,-0.178703341521782,0.147646216227719,-0.118129253830684,-0.0980684442111068,-0.0901717900575687,0.217184885825506,-0.0202585500698217,-0.0339253317728864,0.103562361418127,0.117446622373654,0.0903672817005332,-0.0310085939840385,0.0146935955197062,-0.0599251428971995,-0.0669805716486059,0.106848216178864,-0.248192004896701,-0.0438837455931685,0.0816675211708906,0.0468239833918825,0.0133375265789675,0.0638287829791148,-0.0751842079354496,0.120060801462113,0.0208096126639701,0.115252103108223,0.048021402719963,0.114004211041166,0.0836544804034684,0.066840494823458,-0.0420355297270826,0.0021684104621118,-0.021485623518774,0.092419084544585,0.232061944750194,-0.256046399532079,-0.1403192222974,-0.0394601164228301,-0.0589783501100753,-0.0976943197480009,-0.0779444556679934,-0.257180463351345,0.0347848596519846,0.0815635694921675,9.60061419663313,3.43966821735,4.11365272740478,3.38563452317404,0.100913922462,0.89277,0.6823,0.67938
431200,430000,nationwide_score,0.737,15.337209774431,5.11980406262187,0.20565620155,0.145557131774,0.471615720524,0.0239030371487666,-0.0938749559643863,0.140992725620567,0.0025510518639485,0.0886582847061725,0.0114826618934547,-0.195764611552837,-0.0552695953498972,-0.094526306836661,0.140692087469693,0.0461598507547948,0.0589293315702629,-0.223486718352465,-0.0002142575138583,-0.158933037653289,-0.231306627067682,0.0065025519974979,0.101540794000055,-0.149399582352618,-0.0005012624509383,-0.157288603622108,0.139901996090361,-0.103510517706587,-0.0974785225723615,-0.123483771054141,0.197972746231835,-0.0201144823370597,-0.0720934854904636,0.128010036796998,0.0849445558003148,0.0436087547440977,-0.0066438847509283,-0.0167829052993789,-0.0513249952552301,-0.0446116680605619,0.025406473112557,-0.237429106120349,-0.0330193080660417,0.0707601413748972,0.0424180704657149,-0.0008606144338401,0.0532372876847846,-0.073201473681025,0.093163840561373,0.0080794769045327,0.134514363511197,0.0289503091462711,0.145272714934986,0.061589868918748,0.0498173527787579,-0.0539647081555538,-0.0181360219387871,-0.0192629898990254,0.120682011262988,0.221023061343461,-0.272876905955993,-0.124453993361713,-0.049909840159073,-0.0909843364166475,-0.142344778371767,-0.0901528922273658,-0.24208291238442,0.035064923720264,0.0663870745900377,9.49206208572429,2.95653261207,3.82651966824304,3.55932985776359,0.0749286677902998,0.88308,0.68126,0.66553
431300,430000,nationwide_score,0.748,15.1583756222534,6.15987735244342,0.22719008705,0.135588854286,0.469973890339,0.0157295516722519,-0.0837369603727289,0.134702483760496,-0.017595970809846,0.0743878062936092,0.0482031301440165,-0.186202063440422,-0.0138374432741184,-0.111986686418483,0.129953572254129,0.0366826872110839,0.0213255385632461,-0.245864172625241,-0.0069809292553273,-0.125325465872256,-0.213908545861711,-0.0340412386262961,0.110335105484642,-0.151570267771463,0.0074628752002324,-0.170747441110664,0.127318598837703,-0.0965414462367422,-0.0981095843589584,-0.0848655594174513,0.214782918318504,-0.0134872479424169,-0.0537674906302983,0.120061980297878,0.112825249906578,0.0666804444605112,-0.0093895728463954,0.0013541310414415,-0.0470420343905477,-0.0355846632200341,0.105440454836258,-0.260674220058423,-0.0336043045495977,0.102255850751026,0.0388368158129871,-0.0015794692870336,0.0798928204924582,-0.0821732648010837,0.139075864139292,0.0396829690633076,0.10939129730394,0.0297487370500184,0.155677904297832,0.0726887200406343,0.0734028549549592,-0.0343526620646166,0.0096674997101521,-0.0230602099161068,0.0686739182323988,0.23807427949306,-0.276725290729887,-0.141290166857942,-0.0188336135309632,-0.0990816302878881,-0.0858245204258336,-0.106912787324018,-0.237588249778073,0.0086288166662189,0.086588705705041,9.78275978069715,2.87071950495,3.65983430243245,2.90562199207956,0.0282471898983998,0.86462,0.69783,0.69402
440100,440000,nationwide_score,0.863,16.7461708881363,7.83746875804437,0.138745408425,0.0701146270339,0.861792956243,0.100280532589925,-0.269726104973552,0.152352241584542,0.0017078073189124,0.0260512673627988,-0.10768385106953,-0.103244024129816,-0.086208910989563,-0.233205736580541,0.12113570323904,0.10080182033487,0.0837897444670042,-0.22321948438249,-0.140586827572276,-0.137483204988664,-0.112192473347556,0.0692484859564799,0.127633545261669,-0.0318881758105239,0.0492645211321446,-0.0454749724950952,0.16183094135773,-0.0576967181423526,-0.1027889067627,-0.0365671448631344,0.216790200791867,-0.0345849972437605,0.0652777984426737,0.0396167335611184,0.0994200080883188,0.174478750409606,-0.014888370438787,-0.0644992608943877,-0.0226593076075201,0.0514748346905912,0.0178241135003712,-0.232221462713929,-0.0141092138568533,0.0629458603316781,-0.003437043718272,-0.0085064070854599,-0.0782468521126788,-0.0419786175274198,0.130076347334719,0.09394950657216,0.101533409604368,-0.0216703776826082,0.161031248432905,0.125386128598797,0.0431222642967768,-0.0244884986659894,0.0293820252667026,-0.165116204016193,0.107166136286326,0.211145894465766,-0.306030610647705,-0.0147030574917576,-0.0376358441815171,0.0943440924615286,-0.0584161282853502,0.0710241429261779,-0.137149056113237,-0.0810271703802167,0.0640309534417342,10.8035152613047,0.889778364446,1.49959654755348,1.32068073874804,0.0002577834597228,0.96769,0.76773,0.86372
440200,440000,nationwide_score,0.764,14.8663325324463,5.05223249451764,0.218670147361,0.119922161185,0.573426573427,0.0387836618615424,-0.182816889516586,0.159588234975766,0.0116581241584678,0.0486800383674615,-0.0098371870058777,-0.165042726699822,-0.042640216247765,-0.156513145934005,0.12696084642498,0.0363305401031611,0.0266894672950803,-0.259089258492722,-0.0738542440359326,-0.0992876279200247,-0.177713436199804,0.0083849190432494,0.117389524166471,-0.073166590376725,-0.017341261075856,-0.140643233227238,0.16355869022892,-0.0922008642413269,-0.122455516317966,-0.0933537718792088,0.216066822775529,-0.0447736767853595,0.0018036095192076,0.042954124357742,0.104274727574769,0.12980771784875,-0.029278440216717,-0.0060751238640599,-0.0382672906625337,-0.0420500957580566,0.09278021621419,-0.203455502071023,-0.036303450886009,0.0684411747653262,0.0296064336454566,0.0098694488263554,0.0028228100340946,-0.066067050052841,0.148683932145851,0.0521320648257351,0.125157874271407,0.0410007971511817,0.133771003194731,0.0987580981681236,0.0427852337623422,-0.0166037529075292,0.0255989888097752,-0.082171340114542,0.128001475177844,0.212561234980766,-0.280294591350447,-0.0919618656616914,-0.0529478435966449,0.005482539238841,-0.130045107181847,-0.0067508435504465,-0.215414190074432,-0.0002979397437356,0.0717486346431827,9.65305522759514,2.27608032871,3.0557387233862,2.9898835422516,0.0274491172253998,0.89846,0.70206,0.70569
440300,440000,nationwide_score,0.88,16.6851126110955,9.01858786865299,0.14923017235,0.0288601091731,0.998298355077,0.101937715643085,-0.280213066089199,0.142691184713319,0.0034473519700469,-0.000596553868917,-0.155742565507224,-0.0688530316549977,-0.0829590354716908,-0.274299464851748,0.111243003573476,0.086201568918824,0.113308606329578,-0.232486880108119,-0.128417605105112,-0.139945762496666,-0.107219643346032,0.116855587441845,0.14533005517363,-0.0518880821120792,0.0606186394013099,-0.037568844051984,0.15678398638338,-0.0480780854261715,-0.0912364946985181,-0.0334601083061203,0.184749479938909,-0.046878465780435,0.0645149460147705,0.0471316619760839,0.10488221119884,0.170463417989494,0.0017574419750827,-0.0676742352114846,-0.0187822131244696,0.0900130302678515,0.0116174974607571,-0.206779849956563,-0.009591239841742,0.0670453867450264,-0.001605332398032,0.0031248455775886,-0.11375205171354,-0.0473840846139078,0.137814295221428,0.0705397029364554,0.0879600161797344,-0.0369666027873973,0.162633203861625,0.138758049550847,0.0397491945207519,-0.0040794248261415,0.0432404555933272,-0.160197930724003,0.122549908149737,0.193310688732697,-0.298181992846133,0.012588228406625,-0.0481292824408348,0.069319921720488,-0.0455719198292915,0.0754551075254474,-0.136301767242003,-0.0780328822912477,0.0527149042464886,10.8026160841686,0.76133408901,1.06058519371924,1.4249472750937,1.00760195698e-07,0.97738,0.78427,0.88867
440400,440000,nationwide_score,0.864,14.7115989906841,7.13435066595104,0.15823192613,0.0605848820813,0.90612244898,0.0697881627169038,-0.246557623272133,0.162726037435577,0.0038827753380934,-0.0167984185701596,-0.0855444010204372,-0.0846958786812209,-0.0817275563510343,-0.247211028913759,0.134155492650334,0.092569866153222,0.0938605847529069,-0.241422856812853,-0.117862623460203,-0.134255052334854,-0.0892534216640628,0.0653266327477069,0.142139024224833,-0.0678956046427253,0.0661953966487756,-0.0608356996596739,0.192564948950808,-0.0448581106284966,-0.0885623004589121,-0.0642730131583599,0.200527289179021,-0.0476438922212835,0.0343660454298613,0.0418653079486833,0.129099438015717,0.17961130544511,0.0108490115924137,-0.0575456319087506,-0.0105274554223093,0.0671771342998832,0.0417427856994322,-0.17806855894,0.0075693013729252,0.059039544581916,0.0177250476932473,0.0169038853643758,-0.0870434270664214,-0.047101790848085,0.15172619374252,0.0807190021350543,0.112690259441501,0.0046489279039411,0.157950061678043,0.147300089857415,0.0496429575235549,-0.0090613536124821,0.0320475836159102,-0.147269698896001,0.11925491127159,0.194509291152933,-0.304612462341937,-0.0227220908385923,-0.0499522434924803,0.0697526311802832,-0.0203645963124485,0.0441284441656189,-0.152177862518151,-0.0472291199383132,0.0346163375188286,10.5348523558802,0.849222814202,1.31767176176215,1.37426691597477,0.0003779441551368,0.96923,0.76124,0.87513
440500,440000,nationwide_score,0.761,15.5202588320209,7.75958421028202,0.222842644676,0.0969035039045,0.707272727273,0.0471136798991926,-0.245798749224122,0.131396374467456,0.0221395163321965,-0.0154386206761593,-0.143922966464007,-0.0489386425685636,-0.0939859170727762,-0.29502764267972,0.132261080607316,0.0445657146747421,0.0790093484764379,-0.239560580204159,-0.106284128448775,-0.157744725751339,-0.138831784284904,0.0965908695348167,0.151455152777753,-0.0402540070783223,0.0512325157672782,-0.0495369002496924,0.179773476927066,-0.0492519918399233,-0.102064638789193,-0.0417800342475274,0.183389922845782,-0.051747573077032,0.0625015926545742,0.022697398925374,0.0911296669637658,0.198143367903555,0.0283965009452822,-0.0242253385041575,-0.050455541452678,0.0490147658418187,0.0305535257918662,-0.215822142634485,7.85316024240122e-05,0.0597732424413062,0.0356875800019423,0.074339322040515,-0.118008495759606,-0.0711737512302358,0.105772431358868,0.0482142962335005,0.0992806898510914,0.024478942958363,0.101235803375718,0.150533805230324,0.0239924742923043,-0.0014817877521933,0.0829322685344059,-0.15834254760791,0.120910687312286,0.183497346205867,-0.290238535829243,-0.0028704401485145,-0.0345526884288338,0.0525938571448303,-0.0520888268432494,0.0781312554637892,-0.149631766469934,-0.0666940069288574,0.0416439303815834,10.1567979471463,1.96486890737,2.59935708670081,1.84722559958648,1.54988310557e-05,0.89692,0.68818,0.7126
440600,440000,nationwide_score,0.839,16.0689055118096,7.82701757864914,0.151265524358,0.0671820456395,0.951680672269,0.0741107926193206,-0.260953687492629,0.158973908620942,0.0034393145191382,0.010847170202368,-0.0868279670999513,-0.10502059770712,-0.0914603505217505,-0.25345273417065,0.136297096902693,0.119192566484942,0.0778949338090565,-0.223076234487013,-0.1387916799893,-0.14076977727517,-0.0970427434516626,0.0601153004206846,0.119743912386967,-0.0466914481317987,0.0488474612144455,-0.0626265952642047,0.17213726895587,-0.0589598175102736,-0.107873159250272,-0.0537130716499021,0.220261099953032,-0.0389493479225966,0.0691259642393243,0.0270319742957173,0.112951839571669,0.182658336262866,-0.0151247188372659,-0.048043201853269,-0.0207254708567587,0.0488399349165928,0.047841249212375,-0.220527188831152,-0.0017463852390129,0.0503543217887948,0.032233695204143,0.0078313682019062,-0.0704173882372903,-0.0462170085637932,0.143197672816031,0.0821710972463946,0.110782953967785,0.0033398289334932,0.154529234201045,0.125005551561564,0.0381148156567566,-0.0210382630088383,0.0485316580458718,-0.160834921217716,0.107830149527885,0.203861283669728,-0.30244289374696,-0.0216737017793459,-0.0322738620406509,0.0974001872242603,-0.0416550053992127,0.0497628488869796,-0.153940123452945,-0.072695384502429,0.0566396561648441,10.4501717372056,1.03421928208,1.50598202975079,1.19714416883027,0.00020660503255,0.95923,0.73387,0.83833
440700,440000,nationwide_score,0.796,15.3841266842114,6.20658116163479,0.161791613452,0.118228636237,0.677083333333,0.0283913525917519,-0.207914011206626,0.153168892374787,0.0174648023296018,-0.0090799105211988,-0.0513822612393212,-0.102263156472348,-0.0644598918433177,-0.236391370618165,0.145413386962002,0.085073075142836,0.0707263795367683,-0.238328927933639,-0.0937395112595522,-0.127660961595361,-0.0966221123600146,0.0290333219687116,0.124836883983868,-0.0698063232760671,0.0590130660725618,-0.114730237247131,0.192797900220138,-0.061423435502506,-0.127906311027353,-0.0821032900187289,0.203422251012724,-0.0546697889957158,0.0300442341779629,0.0043326239470416,0.129412206184606,0.188737327183709,-0.0032436938957127,-0.0158958828212908,0.0065489028652094,0.0213925585618547,0.0918703539888097,-0.167019571285066,0.0077403083281131,0.0418175726306191,0.0555611982350188,0.0645966296072151,-0.068427932069969,-0.0410826413674685,0.165225355329904,0.0453294601815928,0.106385725985387,0.0455894631502354,0.119448634515538,0.135625146736783,0.0373520573245828,-0.0013497943871766,0.0310331729158792,-0.117533148517143,0.125725267448274,0.190394083154095,-0.283425597045945,-0.0606690734738011,-0.0323010433123694,0.0657615961618713,-0.0535159228956808,0.0257792612814044,-0.198159633070225,-0.0268172916616547,0.0434453361551376,10.0950246749849,1.55447472054,2.18133621723335,2.02544331313312,0.00171938704492,0.93077,0.7157,0.7578
440800,440000,nationwide_score,0.754,15.758559618005,6.24982824356386,0.262547967628,0.107523020112,0.454154727794,0.012533245156101,-0.15838473890022,0.169566173605114,0.037865383101112,-0.0639321198586189,-0.0233053108149158,0.0134728799820488,-0.0675364877564202,-0.218582099203558,0.127796879227056,0.0313459128649067,0.0669339419021099,-0.328355892056981,-0.0067440951738644,-0.149549877822688,-0.0744622342374458,0.0229350268352116,0.125689000290631,-0.111824001533774,0.0174489305512491,-0.115707542219986,0.276850538223079,-0.0066540122511892,-0.0835860558205306,-0.0418361311964259,0.178954940457588,0.027859238123284,-0.0288017285016458,0.0007244199523811,0.149659023001954,0.1830083921525,0.0682055803181668,-0.0279783395074563,0.0173728410629826,0.0504775513672136,0.0742191500616959,-0.211924366258415,0.0210242397342765,0.0960386581149263,-0.0086653562482488,0.053862986269358,-0.0730684975146799,-0.0823657535500681,0.175138208424739,0.0070474303204645,0.090919027826069,0.0251277585428419,0.0479298493720871,0.0771165127010991,0.0264570405075636,0.0138266295679235,0.0221785573405788,-0.108954052226863,0.107781368395722,0.150498839891816,-0.225468571470302,-0.0269586676526334,-0.0323296853793097,0.0152056541532777,-0.0685945482223217,0.0217747436069798,-0.170776954128239,-0.0085338105168243,0.0361107262314481,10.063860646274,2.12327322326,2.98032032840194,2.31120663179,0.00261220395524,0.88615,0.69533,0.69571
440900,440000,nationwide_score,0.761,15.6368289912462,6.29333468002305,0.272002862577,0.109048348856,0.435275080906,0.0315948533647925,-0.15210022275504,0.187772541027862,0.0174403357377672,-0.0309835051668241,-0.0402022858571433,-0.03561708446938,-0.0635419365262137,-0.205382906736142,0.116278094144055,0.0244754791223872,0.0514469646003075,-0.333227779428352,-0.0265695662355003,-0.119296277789462,-0.103336592918655,0.0238677313574182,0.13340383490708,-0.100147045994665,0.0305985240880461,-0.129378324109241,0.244549169695901,-0.0397902617153846,-0.11273835561362,-0.0598500463580016,0.189100926033506,-0.0096626991123538,-0.0300116164467534,-0.0441858384897344,0.150287334430037,0.187748350823123,0.0411339382732809,-0.0051558538702535,0.0229427779170718,0.0185442963818221,0.0948378833180023,-0.187625041680843,0.0069584985337403,0.0715161180695239,-0.0095170492985131,0.0672566435590941,-0.0562687195785603,-0.0748258651634791,0.202495168624224,0.0093455867810826,0.0698259692400612,0.0272097741851085,0.0747431958429599,0.0891920065374385,0.0320179198040539,0.0183840391006721,-0.011892203493203,-0.0934525561599478,0.12563113916844,0.193051281309076,-0.234194537912959,-0.0594772833930508,-0.0347243433421005,0.0219943949871941,-0.0817278712677616,0.0199342456901462,-0.202005003271962,-0.0116344807814469,0.0476593495720559,9.99654475498562,2.5496276211,3.33484603399505,2.92969195863244,0.0263126735168,0.88154,0.69175,0.72331
441200,440000,nationwide_score,0.768,15.2313639640441,5.6261190579551,0.222987991343,0.107902017155,0.509708737864,0.0267750735300062,-0.181240676172331,0.171337532689711,0.0177641074900492,0.0123058060440298,-0.0411378085472573,-0.133671782884142,-0.0580588199119263,-0.200035357096991,0.137721479602526,0.0619407171988741,0.0540902321352386,-0.263660941327841,-0.0764631005760126,-0.108420216303506,-0.115242565779638,0.0212355166459432,0.124084390450823,-0.0741965869843883,0.0122661138649711,-0.135165651563302,0.191275880885323,-0.0816733396612015,-0.128974728474962,-0.0833273473171558,0.189749716615267,-0.0512984176680204,0.0172770423566886,-0.0199723414902944,0.110833833203048,0.167543196511051,-0.0084786092848602,0.0109280724405977,0.0015345547373865,-0.0331431060214364,0.100702224977294,-0.171715609320815,-0.0054086312246059,0.030168329817407,0.0306227660692631,0.0617648658527853,-0.0480404093345038,-0.0589054419670565,0.18648830245079,0.0430346165730995,0.109868890242509,0.0497717878902882,0.114097973681869,0.118293862780544,0.0366380530019321,-0.0015434240761296,0.015425510634339,-0.0875419209214405,0.120890177695201,0.202391093413018,-0.259985971954971,-0.0868551359488643,-0.0382513592515055,0.052427497605915,-0.117503380272064,0.0200074314685692,-0.216410559287545,0.0033287291374269,0.0569499074537212,10.1574185788086,2.24970001888,2.94605059405409,2.88936526952886,0.0195729168663,0.88923,0.69512,0.7316
441300,440000,nationwide_score,0.794,15.617220523062,6.27072534641509,0.206217170057,0.0612082313047,0.726072607261,0.0646490950059424,-0.246485307255487,0.160701865652591,0.0189098461270645,0.0001343307192718,-0.101512123484337,-0.0921597160396956,-0.0646535654110231,-0.248922896109791,0.126283359867714,0.05298199258266,0.066061979583403,-0.25287570227563,-0.105679365520212,-0.121270770912222,-0.121055091260268,0.0703274424711231,0.140323510740986,-0.0407097847266457,0.0390192193651158,-0.0764691893606612,0.184677834471721,-0.0517845764579371,-0.117862896162339,-0.054902356887243,0.198143969151724,-0.0420574820021264,0.0488514992316129,0.0045259717808845,0.1208304223965,0.18543693010565,-0.0048039297816587,-0.0229413563924113,-0.0239619675449661,0.0379185149406178,0.0732303218015242,-0.189970719103332,-0.0032106988944217,0.0470212830831012,0.0157636178462536,0.042693823407104,-0.0794696839308063,-0.0624607818659881,0.156104762946089,0.054071884907962,0.088950485532589,0.0116462456055349,0.13121258557127,0.117718997917947,0.0303672595995918,-0.0016289523378617,0.0431886599288604,-0.145190309495152,0.119037700971614,0.194582873782331,-0.289342790843915,-0.030045710188399,-0.035431007034915,0.0616228397557707,-0.0750031302749196,0.0508946273469889,-0.167341705517243,-0.0550005737928687,0.0578994953480803,10.2686238177904,1.30619583541,2.01280024821601,1.99257955104651,0.00152279452713,0.90923,0.71854,0.76486
441400,440000,nationwide_score,0.749,15.1687653234039,5.50125391900805,0.23720342069,0.131473577214,0.516795865633,0.0406980405438221,-0.215550405956546,0.19327874250178,0.0274614135823918,0.0041855839023937,-0.0500344414778219,-0.138353386251272,-0.0291879276535127,-0.171498615380891,0.13165882318285,0.022015162625507,0.0264046907650464,-0.306484384690232,-0.0652576723248204,-0.0818970333677107,-0.131380931977696,0.0107533640709906,0.132496105384035,-0.0770386732513208,0.0004242354085841,-0.126086887091236,0.19390652370811,-0.0625238280022133,-0.112613565733014,-0.0648573006577514,0.187042257973847,-0.0653744379238315,0.0040489476172479,-0.0232997813547023,0.129783529204259,0.155430151388001,-0.0042843009662283,0.0128858442560616,-0.0446792603552288,-0.0331348813096935,0.108740020092267,-0.182803172544967,-0.0151002630657971,0.06109160683012,0.0051776532536931,0.0404919245795262,-0.0378764882629965,-0.089558152471977,0.201028236898709,0.0565279138285261,0.103354978487892,0.0205509975467275,0.132572755530187,0.0847953514905338,0.0469004364457041,0.008112632990418,0.0309958256973859,-0.0935573521539181,0.11322672788149,0.208437641273072,-0.272103701482351,-0.0821760405133117,-0.0298029846746956,0.0010081288907086,-0.118617645808473,0.031558879657067,-0.194362107593716,-0.0111874414251595,0.0573759560682145,9.7054151581508,2.17690022436,2.82316130371522,2.88971864891692,0.0188307359379999,0.93108,0.70225,0.64147
441500,440000,nationwide_score,0.738,14.7975894049082,6.21684046048169,0.258465842121,0.095164546951,0.569288389513,0.0277956360928507,-0.218933305167377,0.146567691493754,0.0247308424865435,-0.0296409914603092,-0.105933375979819,-0.0577515965542861,-0.0741097225550134,-0.248874245701716,0.131447841849747,0.025255149109609,0.0771668017535247,-0.253699224571347,-0.0858603875948885,-0.124349051414742,-0.118866875602581,0.0610004955735634,0.161444451836084,-0.0454253816893537,0.0538569321349698,-0.0618218517107587,0.221262027345497,-0.037660937410454,-0.122049345841089,-0.0614122997642853,0.173376384921664,-0.050880368050868,0.0421584998392318,-0.0169098773787323,0.124981577893809,0.20976757933197,0.0323087913138152,0.0001111313678418,-0.0184316905084743,0.0120960777423978,0.0783202390060342,-0.183581695873976,0.0201755398054894,0.0426720830565214,0.0287207746804357,0.101357985159155,-0.126951015575159,-0.0787147766162902,0.131009092935068,0.0251452167411166,0.0704088396140494,0.0466612133879646,0.0871825676645716,0.131626170205436,0.0192175301799473,0.0285608826953601,0.05716255756971,-0.132519908844638,0.131608236521299,0.164752078070159,-0.277868789758788,-0.0421451596541518,-0.0166757944474522,0.0422552195648846,-0.0724497966291917,0.0538797561475558,-0.180122865594322,-0.0335091695338284,0.0442487328475654,9.69998183929301,1.712852322,2.50790177083659,2.16818626184091,0.0018245312946,0.89231,0.65465,0.68711
441600,440000,nationwide_score,0.75,14.85931496225,5.20638276481444,0.253789948398,0.106766893961,0.485915492958,0.0277749422242,-0.18372771411306,0.18612237749949,0.0196798852221604,0.0086734276735589,-0.0249458072072194,-0.150767227516058,-0.019764359318189,-0.176443032719945,0.138585244187738,0.0173634252145532,0.023042406064195,-0.289177000843332,-0.0668740435904734,-0.0827159482439866,-0.13716136941328,0.0060125049363776,0.13441466738135,-0.0657271661052319,-0.0156263462881188,-0.133971731126554,0.188812897845117,-0.0797971754347553,-0.123178432279713,-0.0646516411436881,0.184646595570437,-0.0726909880554863,0.0045812403432905,-0.0324970581489512,0.13693429086934,0.16363527345279,-0.0046679573677133,0.0294240979315761,-0.0302136826775406,-0.0427825573860051,0.131288704275441,-0.179927208808257,-0.0156244490722829,0.0470968397190847,0.0166223529555553,0.0526145456380292,-0.0153412984800793,-0.0844508004422447,0.189979220213465,0.0515736038654981,0.109145298665193,0.0433533125751687,0.130831028354179,0.0789299379786974,0.0293311118558142,0.0107488211321208,0.0362269226662856,-0.0871487616976693,0.116352558350853,0.209299805402419,-0.260470041329452,-0.094488001146604,-0.0175251233305007,0.0173868180933019,-0.133164892805464,0.00326601468146,-0.209195487000407,0.0026375261854081,0.0625911516624055,9.4496009490876,2.29402907726,3.1117936538564,3.1146265834275,0.0288891641935998,0.89585,0.6986,0.67533
441700,440000,nationwide_score,0.767,14.7748611624406,5.78162244033429,0.226951294963,0.113295216685,0.540229885057,0.0151609767853542,-0.174297851704403,0.161640254256026,0.0024727394583342,-0.0437700320088939,-0.0483481867981172,-0.0815623371309379,-0.0588330180321417,-0.220206476340681,0.147330606651147,0.0526360457910519,0.0754782861656633,-0.264795460586781,-0.0528052662521772,-0.117363842322884,-0.0824402271475342,0.0309947479526342,0.144722434747289,-0.0682199959565297,0.0587041057893907,-0.125891530575123,0.225188214514057,-0.0462551888417528,-0.119945541425927,-0.0890721617981118,0.177489041621696,-0.0539207032782528,0.0080679489246655,-0.0251773508573598,0.147461110353648,0.197243745817467,0.0195886484666235,-0.0088592158332535,0.0242228758014079,0.0148845783564062,0.109171153467246,-0.13382519942426,0.0293450334114965,0.0438682062853502,0.0293709237262663,0.0872516790683889,-0.0852387219751915,-0.0518587271548388,0.200113184701531,0.0251472551152278,0.0856123351349906,0.0678029090875474,0.0938410881322718,0.136925862515452,0.0410235883025508,0.0149127699986289,-0.009369693680003,-0.101486895167907,0.138160073848645,0.181856786205841,-0.262129610904214,-0.0768460806298434,-0.0361226255964813,0.0466429086104005,-0.0707327123780158,0.0182742845425942,-0.204178517853808,-0.0059176821265385,0.0302353700691743,9.7577503898201,2.53222029678,3.23363123354293,3.21073488188459,0.0265475712438,0.90154,0.69401,0.72058
441800,440000,nationwide_score,0.753,15.1942769045525,5.3453107258675,0.235133841312,0.105874932583,0.546599496222,0.039057261346984,-0.184634670347827,0.168965375185204,0.0169072311584768,0.0371333997031914,-0.0363458289686187,-0.153964853239179,-0.0474590851695303,-0.174465950030355,0.130142229190954,0.0596854030795141,0.0388687493008859,-0.253517781274313,-0.0880965617014665,-0.0977266580211839,-0.144222908348681,0.0024010668633035,0.121497513666256,-0.0591097545678841,-0.0032384691285909,-0.136926289065763,0.181523148503855,-0.0838026579289231,-0.122503308186734,-0.0855555507394826,0.19867026653618,-0.056434640085502,0.0139535771557171,0.0042297476083715,0.108183440960079,0.149519193972972,-0.026496931469972,0.0040383102817187,-0.0158052445250085,-0.0372522615909884,0.100831692301125,-0.18456227954935,-0.0160693404574236,0.0435040821279917,0.0247279841879628,0.0354755349657182,-0.0181958353282528,-0.0632208581169168,0.161594621408884,0.0528844154908817,0.116913533453051,0.0403839578651161,0.129080626106137,0.110219223946933,0.0438896809343159,-0.0110212326319169,0.0285007795704951,-0.0926109209959232,0.119189704484987,0.215551978938247,-0.275992963216952,-0.0916254944787565,-0.0446339579604826,0.0359376459485062,-0.130199015766989,0.0116710475229586,-0.215022250977111,-0.0024129663609201,0.0700133322104848,9.48048806261614,1.90469934455,2.6351826151237,2.51560096187571,0.0084681371395599,0.88923,0.68923,0.69713
441900,440000,nationwide_score,0.815,16.164979332277,8.35715715958365,0.13201463787,0.0325636951514,0.921755725191,0.0792123816873268,-0.284532451822043,0.151836280221814,0.013276780127788,0.0039070135110304,-0.140865010249181,-0.0990850403889226,-0.0917052931678299,-0.265395258788602,0.117644401061402,0.0950021373875631,0.0937892572308334,-0.213968676394649,-0.142357994853068,-0.14115580577765,-0.110400605256675,0.092657408779864,0.145107732264352,-0.0261537213013272,0.0478210659743506,-0.0433363284012607,0.158927264998249,-0.0504299516658841,-0.105703565922782,-0.0571369831462298,0.194313584257136,-0.0495671002327949,0.081624234535744,0.0189126436250174,0.113297287441518,0.187703118641452,-0.0119349447536303,-0.0461019680819752,-0.0332777426862178,0.0623409423122897,0.0448990572252563,-0.219484361578821,-0.0016980633026106,0.053051220950691,0.0307634487406572,0.0190805237683958,-0.100218975161443,-0.0490625954881207,0.121996280674348,0.0782687064131598,0.0901874618160662,-0.0083181922431858,0.150096539796649,0.141452328881621,0.0296318332695854,-0.0015319326130308,0.0623247848598114,-0.17300533023573,0.113062717908894,0.190449265879213,-0.300302770334693,-0.0023358625198246,-0.0389631014345118,0.0806704271686642,-0.0636487070324214,0.0579038964305783,-0.136239625823349,-0.0892886066477242,0.0589004444822559,10.4826079301158,0.593373594043,0.945064685561857,0.706370324985561,0,0.91538,0.73368,0.80602
442000,440000,nationwide_score,0.805,15.3039103677549,7.79976537993045,0.156517242076,0.0546111918235,0.869074492099,0.0677510476281017,-0.263735954480457,0.145081709166856,0.0213433341634075,0.0029306434971407,-0.109644153417456,-0.0925564515158415,-0.0884751710648623,-0.272051081878577,0.127468976580073,0.109576335921535,0.0830073860814277,-0.224790050285159,-0.133213903727479,-0.149046634187643,-0.0965984363852523,0.0738787760668035,0.13204400307291,-0.0484391425547639,0.0666265220262838,-0.0678585581825416,0.166195657434429,-0.0488057436169035,-0.11044312221404,-0.0603570623200294,0.211195944042044,-0.0425843125845493,0.0672070930415904,0.0181091537146951,0.111197353097124,0.183273770143805,-0.0109385508979795,-0.0575854065340101,-0.0130131943782057,0.0716190457639496,0.0451801880249448,-0.199892763533171,0.0013463356523855,0.0489647340669499,0.036340155916598,0.0347231583150602,-0.0948538163432085,-0.0406602778649468,0.148554259348871,0.0786566085343814,0.108186306186881,0.0046814656765529,0.140684289607961,0.139929480784584,0.0315160714183027,-0.0117505683739678,0.0500238501825841,-0.155684874400001,0.119912594206513,0.195029278044831,-0.305980434335901,-0.0069988947253828,-0.0347101182709189,0.0762463714988356,-0.0422662943551237,0.0508462293580524,-0.149517308326268,-0.0715483565262353,0.0487562261505023,10.3661755486201,0.870712992814,1.40754618194533,0.90270819889217,0,0.93738,0.72462,0.76761
445100,440000,nationwide_score,0.748,14.7594168459764,6.67174078345291,0.194464347014,0.121091355797,0.642023346304,0.0347347019547349,-0.253121932604164,0.14869257767526,0.0375462936242442,-0.0137386588995395,-0.131883750809551,-0.0853281222799502,-0.0878634679548733,-0.270263333042207,0.131978559132243,0.0333415228113479,0.0823447521125858,-0.243707951811731,-0.112429885504302,-0.145165147674411,-0.119222190974076,0.0741570279914431,0.154375701955585,-0.0310847981509249,0.0351649721551789,-0.0631683935270816,0.183953331071146,-0.042052662484484,-0.0950563290013579,-0.0631593249462111,0.184634302353518,-0.0643350426920936,0.0635417000594961,0.0181513751130802,0.0922200916730351,0.190979848789798,0.0184911687952123,-0.0072192431359996,-0.0544810907641487,0.0384752743315119,0.0428804749959923,-0.186616963676943,0.0044146239726576,0.0402724759157321,0.0353419059883478,0.066050471519892,-0.111905392225166,-0.0619755851213242,0.119351521137573,0.0660900429025951,0.109524735277723,0.0240368314536082,0.110649278742077,0.157423199707228,0.0310469798585593,-0.0003007274370896,0.0763220222501196,-0.152654122312692,0.121491132730341,0.181007136917968,-0.297122061422912,-0.0051554014833804,-0.0357412726323064,0.0473097786364158,-0.0599141125819956,0.072493771804336,-0.157988007699333,-0.0600865453852079,0.0228247440814918,9.75911562304823,1.56261275397,2.20325635344449,1.7789190774373,0.00057475126715,0.89846,0.67688,0.68945
445200,440000,nationwide_score,0.739,15.5346995135689,6.96040700184565,0.254931650236,0.101975622856,0.507168458781,0.0406707039002236,-0.236873429770103,0.154432929118381,0.0360740616163082,-0.0199412083546504,-0.123069557208522,-0.0824874383275742,-0.0875379483952525,-0.252089955172021,0.126658996599067,0.0371598920478463,0.0752501956325566,-0.263261693202632,-0.0920888682763056,-0.126844139470891,-0.125670949437077,0.0640052486451947,0.157222059654854,-0.0488853721819324,0.0267274362543018,-0.0784227742650204,0.202877683261456,-0.038564609465822,-0.106225618344883,-0.070184069630356,0.18783255729931,-0.058244274289684,0.0470348158394168,0.006964377515933,0.106723904882798,0.195911281487343,0.0130940012094338,0.0025629096594742,-0.0488946534469446,0.0264849266360422,0.0716928365906517,-0.191202148831694,0.0074757230893435,0.0526244210300474,0.0350846831512349,0.0731973684924336,-0.107143188976607,-0.081389973631726,0.135510524381314,0.0437692915136585,0.0883056733758097,0.0322881463982298,0.100837209710113,0.140339929559379,0.0256349294010348,0.0100962202872889,0.0677195212552394,-0.144176679337699,0.12244214092932,0.186521471633827,-0.294311375780586,-0.0385328535612587,-0.0364693950211829,0.0330148809756819,-0.0678831536446444,0.0711089754465335,-0.166453458832246,-0.0447165237545481,0.046408343371885,9.74791984470651,1.67241174802,2.28160602704732,1.96130928362569,0.0022774557227699,0.89846,0.67145,0.67015
445300,440000,nationwide_score,0.762,14.6826114658156,5.72568910926326,0.252336254023,0.114023197131,0.436974789916,0.0348232289025647,-0.173883936179689,0.178981140202707,0.0221235693270271,-0.0053115717715541,-0.0348517429175448,-0.120684769073908,-0.0534365141900962,-0.199484168345991,0.126386191433355,0.051871024944621,0.0623949582892365,-0.309708400358797,-0.0379521146924058,-0.101303756586985,-0.114820719672176,0.0322216509749632,0.127057234416156,-0.105509640287302,0.0205601750368525,-0.153022107763929,0.197883407198162,-0.071255837832882,-0.119177800934316,-0.094305223230481,0.180320105024672,-0.0348381496710407,0.0022165882923465,-0.0139119195488503,0.124451120143388,0.170274207324724,-0.0143246437731087,0.0103674561833689,-0.0061347794089266,0.0079995222385135,0.115267610607935,-0.163116648569732,-0.003497081195589,0.0382823682699911,0.0359709772913781,0.0538055568155217,-0.0438807336350763,-0.0710563793625668,0.205271404841729,0.0212432987801176,0.0867810518880625,0.0481922866010196,0.106851110777696,0.0993344131529266,0.0521311577635112,0.0101939250264922,-5.189020935174e-05,-0.0801917203397057,0.122220165150783,0.212956770263612,-0.247062691021324,-0.079783520998485,-0.0450686988485926,0.0114119604925925,-0.0895578700146848,0.0065277044694741,-0.223328923073754,0.0180015034479179,0.0552582620454576,9.55894608233542,2.44595191013,3.16369451124211,3.09605407026927,0.0257642548037998,0.93262,0.68934,0.68746
450100,450000,nationwide_score,0.776,15.9845643726195,5.98453111323311,0.205020926158,0.0967842520817999,0.689142857143,0.0488865926879253,-0.165390594490052,0.172049616018496,0.0276657603078295,0.0026582703482711,-0.0393459007615123,-0.109078610776102,-0.084143586731846,-0.207721450205635,0.131471827869182,0.0444285150721233,0.0925450461957115,-0.262292982638714,-0.0693072829052802,-0.156165962150962,-0.113907296949435,0.0261895435984186,0.115720617725748,-0.0623568567363054,0.0251014231530996,-0.125748302775041,0.216959756134994,-0.0690272348620406,-0.130582002506704,-0.0707327687053167,0.235637280009465,-0.0209100424281654,0.0106531454798015,0.0352490470030118,0.108678529487369,0.16137635271007,0.0129290799745628,-0.0182188958642514,-0.0064583565038688,0.0045446546512441,0.0539887825962068,-0.228294406601625,-0.011243601146151,0.0427497731027446,-0.0020137624469245,0.0256986498580612,-0.0506957611134765,-0.0825185220041427,0.149389944096515,0.0409039302038151,0.103804364322793,0.0287809856309043,0.118359805667575,0.0870014466365514,0.0299533941015826,-0.0110938725373412,-0.004922173070018,-0.109527233913202,0.109017756155602,0.196098441206101,-0.276665296890888,-0.0929759599708659,-0.0391004546733065,0.0775169087101002,-0.0744487401462132,0.0241888790587314,-0.214709266619603,-0.0076183515110343,0.063754141748202,10.1234018038407,2.28058345595,3.22302165323711,2.9852770202729,0.0278149670185,0.88769,0.72429,0.72711
450200,450000,nationwide_score,0.782,15.241025872622,5.41465516577842,0.192835127143,0.113546099933,0.699519230769,0.0418916151786232,-0.140069783072726,0.169853828637728,0.0135652281468637,0.0475939321211431,-0.0068691647612715,-0.158577496918521,-0.0788955994384115,-0.141526489568708,0.11971727343475,0.0550661442140019,0.0680696531466793,-0.250218971287675,-0.0699235366728182,-0.14517224655645,-0.174365001064917,0.0040585480340162,0.107883351570373,-0.0632320051116173,0.011310596957849,-0.142653630377517,0.190137894271195,-0.0914633117361486,-0.11838898542131,-0.0924279369697826,0.245364339724511,-0.0317114064151352,-0.015552064891941,0.0610590450331631,0.106278902421024,0.1234160476809,-0.0064977224648394,-0.0183285656665392,-0.0206988488366082,-0.0551719973118108,0.0448471945944595,-0.220104500954285,-0.0207480249435755,0.0505537648041182,0.0117951282424634,0.0133305088114254,-0.0096189451447659,-0.0803256656695051,0.113426011253376,0.0535194427247888,0.116057518898358,0.0370330100113323,0.132930593417127,0.0806117243180832,0.0481944726816467,-0.0384024837631583,-0.0153666275793879,-0.0931767726537571,0.121588969151573,0.210641495728744,-0.28730220203699,-0.118308330018438,-0.0469320999081831,0.0419474523424956,-0.108624261822468,0.0071889656740573,-0.225724255644656,0.0030882204944493,0.069507949092815,10.3266111325354,2.82936145241,3.59981585039866,3.83578254239021,0.0639817971441,0.87692,0.70142,0.77822
450300,450000,nationwide_score,0.757,15.4108497488586,5.18901340036424,0.198621133851,0.135745936704,0.525354969574,0.0331406082080657,-0.120526413264963,0.137252278212595,0.0077526163638427,0.0807376296004925,0.0218269425114051,-0.161200076062882,-0.0586122826555785,-0.132056944277213,0.141623462757337,0.0399187700105105,0.0062108780789774,-0.262195420893685,-0.0530746784897749,-0.135467467601638,-0.217727392102319,-0.0171667452582959,0.104780132487465,-0.100787907221088,0.0085774398591662,-0.172955214875804,0.167367719655901,-0.126595293532598,-0.104757275394666,-0.0783987157365817,0.238375429560055,-0.0090835014596664,-0.0325324769227249,0.0866739779809841,0.0882841114388458,0.0846186042870729,-0.0157639278788518,-0.0143160169796492,-0.034160502139459,-0.0572580964269481,0.0758744248756269,-0.246728368353917,-0.0418626405692654,0.0658914500193092,0.0173810409291217,0.0316728318310825,0.051654185016072,-0.0918043724395132,0.13768742933858,0.0422119759256813,0.111792374534804,0.0427307221623171,0.118248546254952,0.0741459386665642,0.0724119034521712,-0.0561439894796105,-0.0190071330301854,-0.0512159174145405,0.107604184744937,0.232795869245101,-0.266606761795601,-0.131888791405447,-0.0355221178801691,-0.0155221985497072,-0.102834999800126,-0.0369419727554683,-0.24148896961385,0.024314707706293,0.0819230083576168,9.79988591285837,2.40909484931,3.1814450615345,3.06859278752197,0.0238823358421999,0.90462,0.6948,0.69153
450400,450000,nationwide_score,0.741,14.8522477975242,5.41890416353097,0.267137276996,0.111967905227,0.567375886525,0.0417756158224872,-0.159602643470747,0.165892327905921,0.015743317110843,0.0267426006197035,-0.0239220408871668,-0.139668613248903,-0.0484582011128593,-0.167041528696667,0.143632216953922,0.0328741756447203,0.0224147096629049,-0.311811506029516,-0.0481818805537172,-0.106739849351637,-0.147415699747086,0.0165577330508663,0.126790103051617,-0.0916177801412508,-0.0064162525508115,-0.15059634374436,0.185264603947168,-0.074168744194163,-0.106809692192866,-0.0629237428854756,0.181397532181303,-0.0268204144450667,0.0046141177125497,-0.0004190471317662,0.107284657804216,0.143841901048339,0.00769150555076,0.0100762799778824,-0.0256535200972189,-0.0379367189489961,0.0815722182427952,-0.228472497973598,-0.021584346784763,0.0603713667947294,0.0173711089146839,0.0413514001630748,0.0041669523224166,-0.0885207177285025,0.197421961935698,0.0536013230327144,0.103724717176107,0.0297127920843992,0.12894250415097,0.0895786231477271,0.0479949732321029,-0.0073986516912094,-0.0061360757049329,-0.0664665619436443,0.100671052985512,0.223290555879936,-0.25370138940447,-0.09532319709858,-0.0363594170101837,0.0263156642376959,-0.112978004819097,0.0052706400857611,-0.213463097471702,0.0158833083833354,0.0644581720616034,9.21753992480211,3.33076210661,4.45466324521196,3.98887279900798,0.128307011762,0.88923,0.67937,0.67302
450500,450000,nationwide_score,0.792,14.4306967375949,6.18727096824684,0.219290720795,0.104437437114,0.583783783784,0.0194665665092141,-0.148195757856285,0.16877549146841,0.0445099361418585,-0.046049034510983,-0.0165646332233841,-0.0580747757241795,-0.0489874246435427,-0.212947174588396,0.153172545263388,0.0352061347716535,0.0606405973778384,-0.305760613925389,-0.0239225809183002,-0.138089471289019,-0.0743051664753896,-0.0124898065607303,0.117875106024771,-0.0709804536138423,0.0327821489316538,-0.135001932608575,0.268651707932253,-0.0148243707234407,-0.109356616328946,-0.0654002179673057,0.21829243018314,-0.0047883938913462,-0.0114190794909835,0.0002998353466043,0.144014294124938,0.198161997541561,0.0747135160772509,-0.0204411043785683,0.0311617679808688,0.0320154834297087,0.111168432196639,-0.187765327277585,0.0357246226384837,0.0557268066581095,0.006139049779764,0.0728039629711678,-0.0550120980580436,-0.0793647193377178,0.190054182304776,0.021649278720927,0.0940707223305523,0.0551601254998872,0.068889128474656,0.0825595940293753,0.0314436586737272,-0.0047500070357217,0.0016801559043355,-0.111156555581197,0.11742084273733,0.171864923109135,-0.273224317889387,-0.088787033126148,-0.0172679196476961,0.0529118647486405,-0.0517953539459212,0.0193266047242734,-0.200424157438013,-0.0033669741503214,0.0481296104032212,9.74016002912377,2.3769129547,3.09053340852152,2.68156010027503,0.0103356377473,0.92308,0.70512,0.76309
450600,450000,nationwide_score,0.775,13.8643016745142,5.13410103044618,0.241139220281,0.0911043432703999,0.609523809524,0.0278564664605696,-0.139849803942762,0.158046343345547,0.0263591915011103,-0.0255632999464613,-0.0253683025059663,-0.0967698196790539,-0.061801399539388,-0.191784889798958,0.138342114804805,0.0386024404330159,0.0963113349031342,-0.280994216427095,-0.0280639124243306,-0.123021212099176,-0.0922185943829721,0.010185063900121,0.113326468530798,-0.0883885731606817,0.0222892956511383,-0.157303421305305,0.244076888146333,-0.0586924080741002,-0.115178765984749,-0.0945890813381038,0.21081074749928,-0.0382947662109433,-0.0200894642052573,0.0293179738905778,0.117180900539858,0.16803835354626,0.0441499927250059,0.0039705784069923,0.0025391891015859,-0.0229515448929877,0.062410871524259,-0.165064938590476,0.0098224580361317,0.0408258617117652,-0.0029469366823883,0.0475204677278888,-0.0565716586868408,-0.0525293324574164,0.182113903637732,0.0331683450641754,0.0936984860343404,0.0289527993462124,0.0997346055845304,0.0936352033158927,0.0311347358365397,-0.014705906318223,-0.0289657709215772,-0.065168702170714,0.123516025174318,0.181587418491068,-0.26490720500926,-0.106538751736639,-0.0447092639119362,0.0506302638816851,-0.0845426956951132,0.0250428933357111,-0.219361430125705,0.0122560441710128,0.0375188197168082,9.41892512306926,2.86347682058,3.5148602058677,3.20472413277196,0.0412043063655,0.87738,0.69253,0.76595
450700,450000,nationwide_score,0.739,15.012459049468,5.71527916149504,0.288904196134,0.104214510181,0.419939577039,0.0220969124433078,-0.119278310164897,0.171815361031447,0.030228525924729,-0.0073766478217642,0.0021528660737099,-0.124191483842399,-0.0451064000169516,-0.169716247762083,0.147155416181365,0.0192957509017952,0.0718777383674308,-0.311766043327661,-0.0226188825690455,-0.116124287955782,-0.107014568285867,-0.0100093225609988,0.106505584693625,-0.07938390296349,0.0060835076509225,-0.166500728290112,0.233938995987442,-0.0687339343356349,-0.128947963183397,-0.0854707870825068,0.234530684115178,-0.0419855568150626,-0.0201709954281569,-0.0030567771251972,0.125760671845087,0.164402006127603,0.044806678275137,0.0120033160571037,0.004616252920787,-0.0403157275126279,0.0930370109721859,-0.187373242129168,0.0047161088303946,0.0598461712749391,-0.0095424974563437,0.0523644505043996,-0.0200935555541353,-0.0784857426003286,0.19573080627329,0.0371177192133936,0.079273468890954,0.0447362750698623,0.104464357446865,0.0710054035421289,0.0349433970181271,-0.0018639042131067,-0.0414854239418401,-0.0691789558252327,0.11162120730149,0.205218450990288,-0.257435521060575,-0.139851503906489,-0.0299595821901699,0.0342711907373602,-0.0943197785874042,0.0198148851569361,-0.231283300847693,0.0068572752847374,0.0592164963778829,9.40603609258824,2.74889193169,3.57353226877172,3.03814197422232,0.0412579597736999,0.87692,0.67007,0.68748
450800,450000,nationwide_score,0.721,15.2787661917017,6.01179639858666,0.26553808411,0.110685388942,0.5,0.0217479793290113,-0.148721313249413,0.166038104894945,0.0173666596276909,0.0203937886507807,0.0186157998459932,-0.139607238657276,-0.0546136210086309,-0.156521454154938,0.162142685854954,0.0337293656426439,0.0146586576222854,-0.292760216869157,-0.0416823331305434,-0.128570613582096,-0.13547123206253,-0.0390514023170747,0.104532899126477,-0.0867825955721907,-0.0089346006149585,-0.17234758643348,0.203417845133816,-0.08142512925733,-0.102260842639453,-0.0623840243063534,0.225066541382305,-0.010417375013018,0.001357858605265,0.013155576852035,0.108206182838514,0.139913756978901,0.004845419537488,-0.001610898392259,-0.0260342088261188,-0.0319560507241925,0.107955661127023,-0.252621556462029,-0.0216477104308257,0.0581260082928824,0.0155710264095654,0.0481792496407944,0.0266777198628063,-0.112871877283428,0.172056029035178,0.0469991466006367,0.104823505046429,0.0545334577471631,0.105170959892942,0.0611009048760675,0.0587401296719952,-0.0174155767774226,-0.0016522253029885,-0.0835432251255049,0.076719959627056,0.223656589112434,-0.269952252527836,-0.129077545259841,-0.0247548622938422,0.0273365018613095,-0.094682568531813,-0.0071694787803872,-0.225985852147054,0.015051229275845,0.0841404977741971,9.16174373074664,3.1623143259,4.12948897068621,3.73941248464952,0.103202693546,0.86831,0.67204,0.64318
450900,450000,nationwide_score,0.729,15.5733686479304,6.11568522172631,0.291419715519,0.105411125176,0.498275862069,0.0218473425179931,-0.148644896067567,0.18185747023096,0.0380952527751263,0.0144496528442852,-0.025820836641799,-0.10394038926958,-0.0476503361250371,-0.15897754879085,0.127829159013974,0.0157650935043163,0.0343077975710048,-0.323927780049014,-0.0360457979417735,-0.109315041197851,-0.13172050002701,-0.0071433110224302,0.124988919269357,-0.094269887441113,-0.0142135391919872,-0.151511954086189,0.222698028787973,-0.0773396606381071,-0.112603379106909,-0.0814356884235029,0.192504010710192,-0.0166665646283016,-0.0237655938522633,-0.0243405547621819,0.114887410738928,0.166924797133725,0.0221969235597981,0.0148366611823262,0.0035646260073845,-0.0323958023806422,0.113771341984499,-0.209638349015892,-0.0129498904610774,0.0472814388029979,-0.0038421431808889,0.0733550239379524,-0.0155647676234449,-0.0850562894070426,0.191845230700768,0.0307958005199024,0.0923395215306999,0.0485656366053987,0.0851976630639521,0.0934377798062971,0.0382288236009669,0.000665379096686,-0.0176322457166931,-0.0917888953451234,0.110122664932511,0.214679784843991,-0.258011059187992,-0.10980206730389,-0.0341680929530743,0.018107453732299,-0.114963377092472,0.0092560706177765,-0.228347511231756,0.0069718686967913,0.0582217521363017,9.472092114673,3.0892935697,4.0643189826093,3.59023201919851,0.0943663366355999,0.89231,0.68012,0.63845
451000,450000,nationwide_score,0.73,15.0908736377065,4.60336896524343,0.225055561398,0.11307781247,0.432960893855,0.0544809784769013,-0.0661983388847097,0.165113045689527,0.0310313646154539,0.076072061434643,-0.0379634992013291,-0.145686751932525,-0.0365931745532468,-0.154664386366543,0.123701641417929,0.0335974802380651,0.0023091475511548,-0.298674162186515,-0.0080364118308693,-0.105719852926548,-0.188345399588393,0.0223159249189845,0.110033303172381,-0.129667884881967,-0.0554491558217858,-0.181706478197723,0.181868232590277,-0.0966870651754386,-0.127818426135926,-0.0941482518108523,0.14056757263466,0.0567173386573377,-0.0465956034889336,-0.0094675476667567,0.0632507140235244,0.0788447278458049,0.0316050291399444,0.0182374762126697,-0.009277461532803,-0.0363138518989094,0.0261697492893096,-0.228668528047843,-0.0253376094936756,-0.0245765548681668,-0.0239778033454756,0.0195389462881816,-0.0010560964382044,-0.163049802509686,0.170865760292219,-0.0163424918543147,0.105651875082854,0.0201567001116263,0.114457241184569,0.0095155321647917,0.0277012853441858,0.0039068962282629,-0.0375159006494325,0.0013898251486364,0.0909488579668965,0.210916212893069,-0.212917484777784,-0.119654637004451,-0.075690265251928,-0.06638598482851,-0.190130574991249,-0.0344640164439336,-0.227463894014604,0.0483516537926873,0.0558587980596895,9.27046430981209,3.40083713039,4.39311519347997,3.75440258680695,0.145852157445,0.88462,0.65559,0.66949
451100,450000,nationwide_score,0.741,14.5136457775476,5.14761517266373,0.274930164146,0.113954077614,0.492537313433,0.0190571645374853,-0.141901166285181,0.168727126006008,-0.000951660285556,0.0577054330927239,0.0133229529890276,-0.140930849417807,-0.0478389902259551,-0.148025519592131,0.136159743211988,0.0319808572871979,-0.0262452870802544,-0.285508006182398,-0.0336686287510804,-0.107828344109203,-0.177287515599276,-0.0496441318355626,0.121691165385244,-0.0690948260998934,-0.0046519053840716,-0.170612688292118,0.188714822172788,-0.0739376481700266,-0.0969841334014521,-0.0910255790889668,0.199404234951982,-0.0237368132353092,-0.0081956487213928,0.023350555937948,0.0968100991822466,0.121357894154576,-0.0154683521514151,0.0090506752271781,-0.0502998587833425,-0.050167402215434,0.10353977530167,-0.254446131970276,-0.0286039707214319,0.0711959198932472,0.0196933557344685,0.0431733528158246,0.02845344482777,-0.122198293209522,0.150987071527493,0.0402516096043748,0.130780008743368,0.0563975061232003,0.119066890982613,0.0725098863699131,0.0586080720075005,-0.011745804502109,0.0208478396403918,-0.0640721111952809,0.0799180852330728,0.237932641096944,-0.264484069937811,-0.133336732994405,-0.0313997739194786,-0.0163435416637747,-0.135744958449092,-0.0290227393208675,-0.222690107979666,0.0369521028117979,0.062488222183917,9.10839854986749,3.15598297975,4.0050717745242,3.79529234853068,0.0826998431628998,0.91062,0.6654,0.67033
451200,450000,nationwide_score,0.713,15.0451514014364,4.63634224043278,0.252292523157,0.120855964589,0.450292397661,0.0337895965385717,-0.0547152917533366,0.172159279281075,0.0356326456481761,0.0758585186117545,-0.0191777643646553,-0.162289878061026,-0.0548603645383778,-0.13493084136316,0.106042242839641,0.0295444891461843,0.0448630423122765,-0.277791845912077,-0.0089537793731603,-0.123111839380093,-0.191021623003517,0.0098636333970668,0.116850013087471,-0.112287625497837,-0.0396373979763189,-0.177671226514362,0.181093307523717,-0.115378643443403,-0.127500811628986,-0.106884756157539,0.16908532334737,-0.0064477823195058,-0.0550429706194235,0.0128440581078001,0.0906287619897369,0.0816892954834386,0.0195105972534234,0.0220236980973961,-7.63474417930822e-05,-0.0962682026067569,0.0398944775655951,-0.213066998965735,-0.0205654204044747,-0.0002586575679846,-0.0041924506662688,0.0472263199767948,0.0090549909332883,-0.112596990461441,0.135902031774671,0.0122057949997094,0.130466029871461,0.0569846928584539,0.127348151807395,0.0720122645030049,0.0388046944573378,-0.0274237365262351,-0.0486367969698868,-0.0268529839216293,0.118982826616696,0.21601180828574,-0.238754934140279,-0.154534518519202,-0.06588823434068,-0.0072217519941751,-0.177761220280894,-0.0419738863143448,-0.241730871860302,0.0573799487088873,0.0653018876690223,9.00197739862778,3.51755146585,4.60845397302294,3.91192103699154,0.176008179761,0.89138,0.65415,0.62121
451300,450000,nationwide_score,0.732,14.5478789324466,5.05320902607428,0.235184595468,0.119727788731,0.485576923077,0.0123194838531534,-0.130120999880213,0.190520163843666,0.0128261210542711,0.0059210628521537,0.0064596084358034,-0.149145064681948,-0.0562660329422011,-0.159405706023889,0.124645276832109,0.0309596462430706,0.0485496496758194,-0.277684347353575,-0.053876196679918,-0.125900740635709,-0.129329351375668,-0.0337696780772937,0.117591357169095,-0.0656348429618929,0.0052649069486071,-0.174910146770598,0.21989684758369,-0.0708311016532132,-0.123901889747624,-0.0885848075386539,0.242116341652946,-0.0392504122646932,-0.0162902351381012,0.0060506433648772,0.119721285006561,0.146197091680305,0.0001068968680799,0.009611801123437,-0.0134062341475625,-0.0504730665003497,0.0985366569950247,-0.216532700534853,-0.0109309394200448,0.0502081122172095,-0.0061491271859996,0.040966473514526,-0.0068533827722138,-0.107650621176181,0.150650105996199,0.0389825491312414,0.108911599114272,0.0565007824955585,0.097368336632537,0.0712390154495192,0.0375511216402436,-0.0034651664391171,0.0020364108201369,-0.0830913486105271,0.101954597050585,0.206748255055144,-0.261754679839241,-0.140557777430629,-0.0320133824676691,0.0308237724046433,-0.117487054541103,0.0010469532875394,-0.238076111286937,0.0152765000622923,0.0788954690640855,8.73875472276574,2.71445818005,3.58969531751111,3.08333298361943,0.03921944773,0.88462,0.67552,0.6551
451400,450000,nationwide_score,0.707,14.5526751024098,4.79932964656988,0.211132055095,0.120719485763,0.44019138756,0.0458581013199162,-0.0758067154043263,0.198019389531912,0.0407497958357061,0.0349332247125163,-0.0228525086086888,-0.088277030853272,-0.0420630690820579,-0.166079527669104,0.112627670298305,0.0239758588803326,0.0682237803246577,-0.309278435221502,0.0169458530644736,-0.125406085702157,-0.123763197392438,0.0104206203352359,0.106253513100085,-0.0942254901021389,-0.0057089510876497,-0.192749259769821,0.24559911471119,-0.0603509755948971,-0.128341483209024,-0.108896395567698,0.181375644994904,0.0181944873900651,-0.0492179656938207,-0.0118143179842284,0.0859111595104287,0.132732433743134,0.0444910006095284,0.0275721644135619,0.0122549116830812,-0.0130229337047039,0.066461163110935,-0.21750453441496,-0.0013637753601874,0.0083833164712142,-0.0336320745489607,0.0649523692201708,-0.0465833187297615,-0.117060831597292,0.204594453089133,-0.0274292634748804,0.108130738796482,0.0454616419713425,0.0840700385673506,0.0376232274083771,0.0261393619840742,-0.0023581625484771,-0.044373795397678,-0.0391040174135836,0.0968894639765307,0.192468934885706,-0.225445628854937,-0.135174063097864,-0.0704481003224811,0.0096674088443056,-0.139420642088938,-0.0191250163032591,-0.234825273059571,0.0570115209331863,0.0557697657603696,9.29498183768002,3.11299927734,3.98403993549812,3.38172441716722,0.07632139323,0.88462,0.59098,0.67501
460100,460000,nationwide_score,0.801,14.8767674061093,7.05731758467039,0.184172775679,0.0789205776636,0.81660899654,0.0536619907590791,-0.174687826929035,0.160991080087753,0.0627819124404591,-0.0556172411847709,-0.0701798994105622,0.0439011581001973,-0.07811108322811,-0.228141618864372,0.107081519277108,0.0515416089442865,0.10768034841738,-0.31346430137001,-0.0167227680918509,-0.194844615777131,-0.0827309445140758,0.0930829488555092,0.0852811462631701,-0.129820980742945,0.0266864939396684,-0.135061167989796,0.293306568928675,-0.0089564387519681,-0.0471351550429867,-0.0498932914753763,0.186450835219051,0.0865665442682627,-0.0296315886165168,0.0878981512696559,0.107853107976309,0.161854869930874,0.0390965947075428,-0.0524161023671593,0.0164053849770845,0.114506316493371,-0.0060808843331197,-0.213842643630029,0.0013355643648517,0.1043977708486,-0.0394040759891382,-0.0261374656879949,-0.10208795297227,-0.0613139550244079,0.205661512001366,0.0135873817354648,0.114471918583031,-0.0410027666895042,0.0636252762174275,0.0680676776171276,0.0400972210824739,-0.025456722321505,0.0151209274467482,-0.126620469614961,0.105102959158862,0.136211041414704,-0.233945634179145,0.0492313768191809,-0.0402988595120343,-0.0161180532769791,-0.0335681661732428,0.0430624365266425,-0.122888029747397,-0.0524479438809047,0.0137724848297179,10.2724409760262,1.24470950913,2.0206493419266,1.58462145056202,0,0.90615,0.75734,0.74928
460200,460000,nationwide_score,0.794,13.8547322326556,6.04499032607296,0.176267147619,0.0627344166663,0.701923076923,0.0381093904457847,-0.187670431306927,0.158171421533838,0.0406875093865648,-0.0866250846819354,-0.0451499711174403,0.0832516821639298,-0.0400641635335511,-0.237643237935849,0.12409596977322,0.0173096520657819,0.0558156628130161,-0.335777016752854,-0.0160296201541234,-0.159693264794704,-0.0459273800426604,0.108804611432471,0.0938901185444841,-0.105960133103845,0.0548533738699914,-0.116236435921279,0.291489100434693,0.0184954756660554,-0.061846852329706,-0.0318458654231128,0.151340940134258,0.106655935555446,-0.0267705841368486,-0.0292008976362312,0.138180839788737,0.161362440722891,0.0623159700982127,-0.0454624021830747,0.0275121051429905,0.0931361445070035,-0.0008141624906151,-0.148426621526416,0.0066614862347598,0.064532699584173,-0.028961947318638,0.0502497392134725,-0.124906260078434,-0.0815811937203143,0.240483987818162,-0.0054665665717078,0.115506026489718,-0.0249619723395613,0.0475499912858917,0.040370508137265,0.024443765181878,-0.0174435832539431,0.0237585132635905,-0.142764695799173,0.098033268996824,0.14760645469325,-0.19861107711603,0.0514893775629072,-0.0086347374789376,-0.0286497025885717,-0.0269078071900662,0.0684749911097426,-0.126946574117055,-0.0597867607427422,0.0001466413267035,10.5089021170551,2.08968720489,2.32568151673008,3.28576927760395,0.024229840147,0.89231,0.7363,0.76152
510100,510000,nationwide_score,0.821,16.8576492520651,7.28792537502882,0.133996151551,0.12400182659,0.787589498807,0.0632212964849177,-0.116642408378524,0.135974090638425,0.0476260766023747,0.0821811994333016,-0.013286836294871,-0.176621607121265,0.0117907681291709,-0.120976910031193,0.114807419122522,0.0929165084671794,0.0178133152079563,-0.105008808747718,-0.022285470741714,-0.158113304501965,-0.246779367617156,0.0266298489964907,0.0864262633740894,-0.105586615039663,0.0279095157539746,-0.165959845682854,0.124037140478859,-0.0268276403555274,-0.0541405543610306,-0.101038761500204,0.18844957528059,0.104370282829706,-0.0540853190826379,0.163713331662529,0.0632833264075865,0.029392802301975,0.0018477820893316,-0.115991159925515,-0.0298492478747345,0.11159853249141,0.0384818894952457,-0.313527272566023,-0.0179524210683896,0.0697022807424818,-0.0395480342832472,-0.0329685354390285,0.0180432055352361,-0.116172328719262,0.0704308247958095,-0.0216013379390732,0.144190840502011,-0.0520081030488234,0.113376073280571,-0.0131346470609918,0.0739836902713506,-0.0543379410992631,0.0623409730170629,-0.0468903927435598,0.0088730084844454,0.224761132468735,-0.312295557913168,-0.0755018682193095,-0.0774945888331196,-0.216803694053493,-0.107633981885374,-0.0905984026384805,-0.220622067785928,0.0122882632043974,0.0954202626756198,10.5649624904005,1.2616680026,1.72043127075795,1.9863599542975,0.00196831031921,0.94646,0.73513,0.79601
510300,510000,nationwide_score,0.758,14.7277936700472,6.34767581550841,0.159793868509,0.196198683613,0.55421686747,0.0458559560875315,-0.0666578231096943,0.133957610002863,0.0478612380962929,0.0898569860980799,0.0093253940242256,-0.202166606589314,0.0624525815227137,-0.0862919971824625,0.136862269105828,0.102305092307337,0.0208388160764601,-0.214601450377199,0.0100394717500304,-0.137133878665577,-0.17818196344238,-0.0372750046661886,0.0713176850836295,-0.168501810624258,0.0080647191466159,-0.197375099620334,0.171606237144381,-0.0121195521620353,-0.0720739449045315,-0.087713627826478,0.170418095633247,0.0937495811557667,-0.0446717339870288,0.130293888327692,0.107215894074662,0.0554203169135475,0.0426899793279404,-0.0564177452801404,-0.0200280938424333,0.0445929441010056,0.069527791278652,-0.313521508573125,0.0114323535957572,0.09463091413503,-0.0212355131561503,-0.0282497939299915,0.0838854503030223,-0.0991255410809721,0.136354072029843,0.0128341345668516,0.11006514195661,-0.0315408703507714,0.138704327336534,-0.0622984124210021,0.0767354937446556,-0.0096962533998059,0.0277599545504274,-0.0389545704321901,-0.0159527685229421,0.228115679908442,-0.292001502636336,-0.117114905259393,-0.0219911321605776,-0.178809919306276,-0.0681486636322302,-0.109175025550139,-0.22313541669016,0.0306335925638304,0.115777756626905,10.0617483628333,2.28416242881,3.18375640669132,2.94519815537714,0.0292376323788,0.88615,0.66694,0.7362
510400,510000,nationwide_score,0.79,14.0061317440189,5.10296852247615,0.141722853028,0.143970342667,0.694214876033,0.109898839567213,-0.211860415556662,0.169219849315398,-0.0056906489159229,0.0503858561981928,-0.0906364708149487,-0.0837719381774073,0.0695197579379633,-0.173414982047953,0.0775789406580809,0.0830679884668509,-0.0771730958561692,-0.317425208337651,-0.0458953572985196,-0.0224901070735008,-0.169797110278432,0.0099926981454768,0.0814625262406779,-0.0940054707169098,-0.0484064183831758,-0.128742217392153,0.131907165115711,0.110543210077814,-0.115689853982822,-0.0570420162289738,0.0388151057342996,0.064865833233598,0.023052029709136,0.0607080817198166,0.0203539214675038,0.0503434067164231,0.0988610356485053,-0.0382418459980119,-0.0422560397069612,0.0883629966810363,-0.108894863151441,-0.103892421989215,0.0009042535814514,0.0549601250876014,-0.0445467238036612,-0.0536289881507313,-0.0301138547065453,-0.223357268184183,0.178556223420505,0.0938136496330503,0.109592486421257,-0.0734282883079413,0.151111758097609,-0.0961325137847478,0.0207566957271985,0.0169922441628743,0.0971904417935048,-0.0340227017937009,0.0448541042523376,0.224139672348334,-0.163732330924346,-0.056702813494836,-0.0687532882654521,-0.207047861135622,-0.196501748172175,0.0865156697243751,-0.164247409035237,-0.0162689260726895,-0.0303335102637835,9.87480405305574,2.65273899733,3.19036375549354,3.79082842135848,0.0541957102319999,0.90123,0.68726,0.79521
510500,510000,nationwide_score,0.751,15.2647799529873,5.85552581130935,0.183903990426,0.16182050728,0.50234741784,0.0428374335563191,-0.0435794804708795,0.1101946929869,0.047319433536602,0.100915574014868,0.0005042175728143,-0.176404860500592,0.0262273657838099,-0.079509028524156,0.144173208910432,0.0782110243504574,0.0298631119238979,-0.218802160179409,0.0073207840060992,-0.172757464919713,-0.208703080259026,-0.0159749438926265,0.0622429588717696,-0.180594221224141,-0.0044475268372188,-0.189585464076135,0.15510817967078,-0.070480397391086,-0.065374429487001,-0.0999887755628232,0.151458372095514,0.0844845523641413,-0.0645686787163689,0.138015925746304,0.0912017644382887,0.042702313382019,0.0488586082036197,-0.0439217141875496,-0.0237807359886483,0.0478099651920817,0.0505195438490021,-0.282090302863659,-0.0097109544755805,0.0688498239320391,-0.0237688873903841,-0.0283867889648965,0.0646881329577331,-0.0970611035024753,0.11198410494154,-0.0129610098851225,0.105201817469382,-0.0279878416518934,0.126967132676702,-0.0379422172865583,0.0727454297697122,-0.0359391910327287,-0.014885154691954,-0.0086531371723815,0.0376562732266459,0.221147048819048,-0.296821925803358,-0.10469821600512,-0.0514728662281704,-0.193736501038234,-0.0911194320680544,-0.116553463225635,-0.239008215830546,0.0358167192945565,0.11152878818185,10.0774103822156,2.52643109799,3.39822067069748,3.18648838508843,0.0436688076105,0.90262,0.65645,0.7159
510600,510000,nationwide_score,0.77,15.0567794360512,6.37488522136153,0.133196563557,0.186540570507,0.557803468208,0.0421925929943032,-0.0842025047143736,0.159192296234351,0.027973106378638,0.0770610595223453,0.0397409995014635,-0.18181015765948,0.0252926268013191,-0.0890385310475642,0.115007018351955,0.0762700376950376,-0.0009111424672314,-0.124981020440807,0.005195923192739,-0.107866342281759,-0.221972803079475,-0.0233368488009939,0.078707384575817,-0.140919627135872,0.012758087809001,-0.177544956277139,0.126773336537755,-0.0266716444509704,-0.0744582542041146,-0.0989239474851167,0.202830084724904,0.10675393776848,-0.0637652310315272,0.14301147759176,0.0831451169846043,0.0530189323235055,-0.0037949148198745,-0.0915424349605791,-0.0270325446936818,0.0668417735742128,0.0911701220107264,-0.300316632498273,-0.0064614778077858,0.0641030950614059,-0.0220402619799704,0.0008636766747243,0.0476530751048755,-0.132565076216738,0.0856016343500784,-0.0182943851395096,0.123042769282956,-0.0247536860120151,0.0948827045294969,-0.0452394059067415,0.0733104929247504,-0.0295909704706032,0.0603476592252506,-0.0566370203942182,-0.0129816571503715,0.222846653346158,-0.287717215559055,-0.107263933032447,-0.0403542018361085,-0.238317174141373,-0.108765564091105,-0.114202488273286,-0.239916413727367,-0.0039915685085849,0.111474479301809,10.1105785552862,2.07473600268,2.99006381045508,2.70113938765873,0.0161899257482998,0.89231,0.66946,0.76325
510700,510000,nationwide_score,0.776,15.3986047003976,5.48632687561906,0.14344043242,0.168749090237,0.517453798768,0.044818942246991,-0.0752961499127693,0.156751067863014,0.0228971376281198,0.0787643642893337,0.033355951993204,-0.205134123946028,0.0496214972902643,-0.0979204562235914,0.123421517337836,0.0705333419939522,-0.0126055587658661,-0.139596051329118,0.0055956216096287,-0.112053961291301,-0.229089792424543,-0.0110286787579353,0.094922082914695,-0.149306109473662,0.0133494045257749,-0.166585740834765,0.116942610214076,-0.0188828220906406,-0.0827702526749839,-0.0901885918651127,0.184552363099932,0.0984287230464781,-0.0655823203340252,0.128866061986205,0.0853253843081906,0.0421049287571049,0.0197488632093519,-0.0768623877570456,-0.0282610270049129,0.0438916090345083,0.0749447405186032,-0.296539182575888,-0.0057142041171377,0.0605230283068281,-0.0169787034136273,-0.0023532886531133,0.0567648306523413,-0.117940786283467,0.0892619987358979,-0.0187388380052083,0.13081926100668,-0.0203040282878614,0.100508603308055,-0.0285141984685291,0.0576143902466307,-0.0154000935717285,0.0487668114059824,-0.03717897857671,0.0034865335360087,0.218635377836268,-0.282632229031101,-0.11202842281989,-0.0391188793223146,-0.237646154391074,-0.107168689494809,-0.110522027196527,-0.24862943865252,0.0041729368193735,0.0987192540283611,10.2622299778847,2.50106958499,3.34528656015632,3.51535741898184,0.036017873608,0.92769,0.67411,0.74596
510800,510000,nationwide_score,0.739,14.6527585153983,4.95973883444748,0.155855446625,0.173344100565,0.471861471861,0.0245715199933446,-0.048337917647699,0.144012828085967,0.0073615216592494,0.0853520555382565,0.0416354095074712,-0.203754670368695,0.0798945417082747,-0.0826173684533088,0.123738758053267,0.0488866380319051,-0.0235755843339029,-0.153518049484988,0.0164987988460629,-0.110251156293979,-0.256971614759797,-0.0143159734435797,0.0913291980353886,-0.173911177253055,-0.0007230309219838,-0.15789811003661,0.0870086150230927,-0.0225325302287067,-0.0908939041606051,-0.0819290937965735,0.132564337350683,0.0658289070828652,-0.0739625490609581,0.131517843595158,0.0765722175344784,0.024862658816811,0.0478232214429017,-0.0465483103818737,-0.0167788156891236,0.0079387101369429,0.0594691510791636,-0.259055701228831,-0.0040535478294018,0.0548924353069938,0.0083261763999996,-0.0180536406745533,0.072029926231362,-0.0922583506701729,0.0851212104356245,-0.0390315270613457,0.128549280645695,-0.0045938869055748,0.106706449984851,-0.0013978022674786,0.0297224568130697,-0.0057704648230862,0.0230257183616402,0.0157200064109273,0.0525431619218512,0.198115684499571,-0.262940568440158,-0.122093954852473,-0.0536484631862896,-0.288795773425135,-0.114572671403462,-0.110670771830982,-0.281769891141399,0.002715937291522,0.0789305247132438,9.80643156397986,3.14701618121,4.24848031012216,3.72779680619059,0.118654559234,0.88308,0.6609,0.69202
510900,510000,nationwide_score,0.749,14.8522477975242,6.27353872032861,0.157540271341,0.18277764501,0.570921985816,0.0428441283271439,-0.0724591836267654,0.138569302705762,0.0359442797182434,0.0874413078138156,0.018126173945618,-0.175749256170721,0.0491582257636144,-0.100402166685574,0.127891943117823,0.0800946082688265,0.0140896153721107,-0.182537763479128,-0.008102250487517,-0.132946407035705,-0.200225736707236,-0.0106797216213899,0.084078681632434,-0.143921834190596,0.0310209825037022,-0.18193835450972,0.151827967233264,-0.0374262221692515,-0.0755566399571471,-0.0761573985589375,0.192237191736982,0.0949230528371704,-0.044033441934622,0.129938522969054,0.0827765882032969,0.0608315948118606,0.0296922667284975,-0.0783435575132843,-0.0272729308967031,0.0451038503812213,0.0810444757460857,-0.315755058527594,-0.0111431109839382,0.0974486143934368,-0.0026357474894551,-0.0130624772211087,0.0780912563839468,-0.0879959970753892,0.113735205245465,0.0159072040718257,0.135163691483661,-0.02271920455398,0.129833151512518,-0.0139664905890926,0.0678083971298339,-0.025948014160565,0.0363528738732573,-0.0440695803123571,0.0081614770394269,0.230953595382091,-0.285030232993371,-0.102706815572628,-0.0210533511979427,-0.169902963212694,-0.0831015219356685,-0.0982626512292343,-0.227832924053017,0.0160293152609002,0.0988452715701245,9.7156086674654,2.17346554797,3.12364668121036,2.74649097999351,0.0201595810232,0.89231,0.65999,0.71209
511000,510000,nationwide_score,0.743,14.9597336763557,6.37030061287177,0.157924721725,0.184851062795,0.5,0.0445562500791651,-0.0640076351370428,0.135390060118162,0.0360536715990126,0.0813718673009899,0.0170947452358865,-0.194288194636119,0.0637050657054241,-0.0816574736452018,0.131396366094374,0.0936083588111823,0.0120063027679263,-0.208359949100637,0.0101779716632676,-0.129433966964835,-0.183508032355245,-0.0403134046932522,0.0764788901128621,-0.17100754202003,0.0186513865839362,-0.202083933430476,0.162327343435836,-0.0138103145085325,-0.0772092345324911,-0.0864279399978884,0.171688587488004,0.0950786296345937,-0.0513113895522428,0.130972952466185,0.104727886539844,0.0555758312106577,0.0421461259353199,-0.0605000096310592,-0.0211025318664236,0.0419454204034679,0.0813718941009943,-0.310793177238424,0.0123238586556473,0.10138682778741,-0.0208804489476863,-0.0314476600203434,0.088908347230674,-0.101806363623099,0.127065536398843,0.0131599666577801,0.115161211818861,-0.0305782681770498,0.131296429449383,-0.06118722581757,0.0749074126681608,-0.0047958351332274,0.026189117110625,-0.0335140738853057,-0.0104022345037939,0.228826267118676,-0.285521432522198,-0.109850787138667,-0.0157144752634947,-0.19272747074998,-0.080722791960627,-0.11167269831107,-0.227211360524527,0.0206568244217835,0.107861335022082,9.78702172223216,2.77681258667,3.87142748291117,3.1870956459074,0.0671277959099998,0.88538,0.6611,0.70178
511100,510000,nationwide_score,0.767,14.9660829020187,5.51761200234272,0.143521378631,0.176446914779,0.53164556962,0.0520006572229305,-0.0804103576125049,0.130918287419017,0.0414150069473369,0.0875550053027297,-0.004556393703713,-0.195752751354705,0.0194507940889463,-0.0858042837716349,0.133482344750508,0.0903857074644974,0.0250872294816867,-0.151178668869815,-0.0095363991480616,-0.14226073010341,-0.232159194908756,0.0221440139552706,0.0647428821921193,-0.143503603949952,-0.0007112502403715,-0.185043184102651,0.15174389019555,-0.0498324427038728,-0.0600186459205356,-0.111189727296082,0.159751823780345,0.104500726871356,-0.0655996217859305,0.154160653693586,0.07283843590281,0.0381564753001528,0.0257318581492785,-0.0906101786429596,-0.0194834361681739,0.0770777009694645,0.0407888039684933,-0.300280640500125,-0.0117028649645603,0.0563038614479219,-0.0436610911605763,-0.0267126782597781,0.0429695609039477,-0.112586572747191,0.117255991983534,-0.025695342154905,0.133744374835821,-0.0231996991274595,0.11021493109901,-0.0360144447632553,0.0711220660030048,-0.0459490404344177,0.0143069926362259,-0.0335481024932992,0.0107492596740832,0.221572013813344,-0.299300290169414,-0.0962421275354683,-0.0722583727404177,-0.204088638958224,-0.0889864764269858,-0.100863689852336,-0.229068388846985,0.043771797711344,0.0878155086867834,10.0724553112856,2.3609095314,3.17897052685329,3.20041107977414,0.0325382976814,0.89492,0.67262,0.74916
511300,510000,nationwide_score,0.735,15.540061455752,6.11032243202403,0.15925060476,0.190191592166,0.502673796791,0.0391766443768662,-0.053468731100722,0.12480834023649,0.0337131878111066,0.0855618397579545,0.031037390283583,-0.188977014872086,0.0524368583260713,-0.076260770810714,0.136035279937129,0.0748463917763405,0.0121513267671671,-0.190060205701257,0.0014322338932793,-0.143908392885274,-0.203793045534484,-0.0317537625096335,0.0769339272769793,-0.159964922359134,0.0276965170420394,-0.184835388709361,0.146370783442355,-0.0499486214702966,-0.0787332288453818,-0.0794276916887343,0.186132992940473,0.0771352899010395,-0.0570451663170184,0.14255625118723,0.0908705323963604,0.0562117409376728,0.0381016306572496,-0.0678889051912804,-0.0255042143060215,0.0345557843158981,0.0816511370020492,-0.313409805489795,-0.0063272257723799,0.0936061221342896,-0.0113319471488823,-0.0320147380738694,0.0852370885801866,-0.0846701267072103,0.106747704296623,0.0146114304608169,0.12738440995287,-0.0252671849192305,0.131518908231176,-0.0200211174232429,0.0712682889762379,-0.0261349381536697,0.0216266047026574,-0.0273262966780317,0.0156838763020406,0.221855664426188,-0.291039720717694,-0.10918647114406,-0.0191702296789144,-0.183005291844784,-0.070519616616107,-0.110385845293519,-0.237576370664874,0.0176189924636505,0.1003174207832,9.98527419321959,2.44908862778,3.58703065777064,3.04429539325078,0.0378239901388,0.88,0.65585,0.68901
511400,510000,nationwide_score,0.749,14.900700164138,6.02218095923754,0.142584973058,0.183405307327,0.5,0.0496616486965449,-0.0689045293477421,0.135900515055558,0.0427484008522505,0.0766871496835518,0.0201153270852143,-0.187884038553455,0.0262622614266491,-0.0806069074561235,0.122832933747533,0.0854525260576087,0.0109269852718593,-0.147288793182592,-0.0015202555551232,-0.124126447149204,-0.214519118964468,-0.0171663834162418,0.0724823711792779,-0.137963371536109,0.0003206359540135,-0.202748971424761,0.153515582697657,-0.0297703466289428,-0.0714559918400353,-0.1091573335447,0.181079185355901,0.112020696173976,-0.0630465391067318,0.155499887305022,0.0869497061782053,0.053142604233345,0.0172876785070433,-0.08455908901987,-0.0167048775842809,0.0736674379438442,0.0772441906775414,-0.304850538700558,-0.0044383683791272,0.061670038297337,-0.0421091956562976,-0.0112893883789126,0.0551536151273128,-0.124550022926823,0.111051017410139,-0.0200949401747731,0.127292087415427,-0.0278204052051593,0.0930195142888224,-0.0537146318341913,0.0774928610950899,-0.0307675670522579,0.0319280864491362,-0.0388742414223242,-0.0132823535795645,0.227746972403746,-0.289915689150485,-0.103735563759413,-0.0433584409195417,-0.213192948249288,-0.0908148524648653,-0.0984335362765815,-0.237164113039224,0.0302483367185793,0.0927081996752708,9.81762471719415,2.50339262856,3.5346682141342,2.97737517077954,0.0401321119016,0.89477,0.66364,0.70788
511500,510000,nationwide_score,0.762,15.3393907999016,5.8490226513583,0.188566168315,0.143803442742,0.514161220044,0.0504922054605698,-0.057438416642298,0.122695801828357,0.0461556784904646,0.105410377095262,-0.0059161325768051,-0.20164610108867,0.0445210289621347,-0.0911465896113681,0.13191880501668,0.0940466341292509,0.0234831225417086,-0.213044379837556,0.0042163625507027,-0.153955721848193,-0.212472479802434,-0.0065725839921932,0.0638014863826336,-0.165258074411651,0.0036662812711184,-0.194852771783906,0.159895454561744,-0.0516434222987763,-0.0617086747445418,-0.090836760421949,0.156330214710304,0.0842121220525775,-0.0625765833964913,0.13535803614929,0.0924321913698482,0.0387919730142962,0.033112793199886,-0.0516578180948416,-0.0196554915826744,0.0529918895747226,0.0505622540744014,-0.298103463273069,0.0020609206411652,0.0781139506057232,-0.0245977085777263,-0.0351710633424506,0.0716838638875442,-0.0962351247377066,0.1219405738186,-0.0072774606499172,0.113150278585798,-0.0312043125427087,0.132502232743347,-0.0442865578940564,0.0755825171999559,-0.0263725272526047,0.0085449515931295,-0.0214473816843959,0.0098926119125614,0.229959930508709,-0.293682330338481,-0.104714568277978,-0.0542310047002426,-0.190913618256014,-0.0851462956779556,-0.102045946295448,-0.227429025529355,0.039249259291873,0.103701519406245,10.0157222300487,2.55391667301,3.60857883170179,3.16787550107636,0.0500724546085999,0.88923,0.66844,0.74411
511600,510000,nationwide_score,0.731,14.9941658619982,6.24124760410226,0.177034257976,0.179609248607,0.44,0.0184788470046571,-0.0309149988198597,0.122652227626384,0.0334450136638458,0.0977001169324606,0.0308145607985839,-0.169131068108927,0.0171404425609565,-0.0674622012996845,0.137859554590929,0.058270859787707,0.0129166926354975,-0.187891069744596,0.0038896236016845,-0.159040517091326,-0.209383548188128,-0.0446164401663346,0.0606769420429174,-0.175587008532061,0.0128691599013444,-0.198807732499558,0.172867220403854,-0.0813364967192888,-0.0787580630070203,-0.101849221798419,0.179037063621345,0.0862914751067077,-0.0776189775898322,0.144398231832874,0.0965231811332396,0.0489271661742709,0.0358891862027059,-0.074859828471873,-0.0329588590719195,0.0366438590332691,0.0708657448069004,-0.305956857491607,-0.0146778614677601,0.0698172701864395,-0.0387556253470336,-0.0110579949987595,0.0687225349737657,-0.100146562893744,0.107469692218847,-0.0058873718959564,0.121896673312941,-0.01282791773836,0.0962720759088119,-0.0335301354238587,0.0726466042026936,-0.0473043995558279,-0.0010389295161362,-0.0156780893704804,0.0208074875781543,0.211322374522711,-0.293391889697047,-0.124152000519889,-0.0309717840762261,-0.181720096000765,-0.0835760799195668,-0.136199018032221,-0.24859456988218,0.0289442018153276,0.101880488491046,9.73540493911856,2.12830324729,3.00706310026234,2.67890531217526,0.0134080926888,0.88154,0.65276,0.6802
511700,510000,nationwide_score,0.738,15.5000561284139,5.7866767433543,0.174376706113,0.164673119982,0.497217068646,0.007297461935332,-0.0386459447839172,0.131480739687233,0.015792732337417,0.0943898621987064,0.032602692181771,-0.189862190759067,0.0092885110309648,-0.0749308961883664,0.143355831892999,0.0453039666976081,0.0204425220416782,-0.170952233399937,-0.0001036146864846,-0.159962227919065,-0.234820001977697,-0.0086628442041458,0.0865533930004844,-0.193011725208648,0.0048520597118813,-0.177682804850018,0.140281414668707,-0.108766466898971,-0.101911608232944,-0.0896216187565174,0.172160831147468,0.0474865662775238,-0.0993354935001405,0.142144429444779,0.099502449266077,0.0233674060013462,0.0158354637983296,-0.0564397474221325,-0.0334769191902887,-0.0067168286418644,0.051925917312317,-0.305452607048475,-0.0259883376070935,0.0678506083133454,-0.0191598752523617,0.0011771728427008,0.0670448858817599,-0.0983875162314438,0.102753436301289,-0.000798216644654,0.124411722486206,0.0100040576475167,0.12539522102875,0.0225324348643888,0.0766090115208708,-0.0480008068703323,-0.0120736828378549,0.015515182082177,0.0489619496689035,0.199201738671531,-0.274673904536736,-0.122298062695462,-0.0389217656304505,-0.169152375059734,-0.091569519186865,-0.144266255556997,-0.24762246144949,0.0323811495604138,0.0817660976580936,9.91001619449883,2.56702121282,3.32995389660054,3.42540716259588,0.0478950424195,0.89538,0.66246,0.6768
511800,510000,nationwide_score,0.756,14.1731857015365,4.56806677113417,0.156062407568,0.155530585356,0.531468531469,0.0423107029881889,-0.123984698822619,0.135824629049802,0.011040711832109,0.0972878681921835,-0.00546000904841,-0.181095227690892,0.0113325789912163,-0.0933432567952107,0.133728640226286,0.0491320346254231,-0.0385661874146578,-0.135556608115841,-0.0239005795154002,-0.110369451591766,-0.285248233617153,0.0276428966141942,0.0748781875180443,-0.122217650618862,-0.0226131201482056,-0.151733392968055,0.118757944252465,-0.0463947305847471,-0.0747262374241629,-0.117605733605266,0.117447179109258,0.0741738629650361,-0.0768756150167539,0.143026112062918,0.0340603072037599,0.0119000342397662,0.0001785849526922,-0.0922238684016181,-0.0318572096762697,0.050296701768284,-0.001874380148513,-0.217811714365162,-0.0121306531310069,0.0300084019747426,-0.0345197584537594,-0.0179103270154061,0.0234358497973318,-0.12966398765355,0.0908624652050024,-0.0364100532941266,0.154931569007994,-0.000494231297548,0.0992137390334969,-0.0022763177626774,0.0627622920873375,-0.0497863587348924,0.0196226116362168,-0.0134928697191458,0.0755619795301909,0.234763580490225,-0.273347773273944,-0.101869406144417,-0.0988878862768818,-0.272436221204873,-0.14759728207286,-0.0624231691421554,-0.245397661960633,0.0281983329217919,0.0376783202924038,9.8227574874745,2.72670089137,3.39681130184501,3.83918857891542,0.0562224878171,0.89231,0.67113,0.72061
511900,510000,nationwide_score,0.722,14.8124595618595,5.40018192148126,0.175274133927,0.180081228696,0.461254612546,0.019224838787282,-0.0297860695028273,0.132901464632259,0.0309330568672675,0.0993540286070873,0.02349182466943,-0.209071331341844,0.0545703029523665,-0.0711943765027101,0.144847910665892,0.0569031282958312,-0.0151482958030212,-0.172387990367971,0.0013791865329202,-0.146050664781015,-0.239430887013912,-0.017818870628119,0.0697344492835982,-0.161054787317816,-0.0071397014849353,-0.178023502400405,0.121458450159667,-0.0516845622630332,-0.0878328301505012,-0.087182864323717,0.148878560105164,0.0522258292692165,-0.0675988179601192,0.146604455557592,0.0805453140721862,0.0317180778535732,0.0559285936082233,-0.039645984071265,-0.0233271429245429,0.0170363960288034,0.0452077680956775,-0.288664817840548,0.0002800366751755,0.0495469643909559,-0.0265730866594897,-0.0428178427458649,0.0600124336402733,-0.100349069819997,0.0942624988893609,-0.0063629299855854,0.153492173556197,-0.0206437132362398,0.132349114031574,0.0041144187852726,0.0590357300095529,-0.0250708638708013,0.0075525755118215,0.0089453858472115,0.0345173548348583,0.21689601705136,-0.307158079504159,-0.115862752068967,-0.0366002232299807,-0.211479142914797,-0.109169064505289,-0.109840602028672,-0.264295939432125,0.0291114833604559,0.0625243637917389,9.78622168017572,2.91491994122,4.02524405598381,3.50727504608732,0.0891164068583999,0.89692,0.67155,0.62578
512000,510000,nationwide_score,0.719,14.6527585153983,5.99823463396094,0.169965912692,0.208385683723,0.411255411255,0.0466827318946674,-0.0544775108170879,0.134390273032264,0.0329276912286134,0.0817164294820053,0.0253973650877105,-0.190132013235015,0.0676298234360183,-0.0846357457239875,0.128219032110066,0.0858360926593454,0.0012195275877961,-0.200695804490912,0.0024636774767482,-0.128737696425245,-0.195321296081876,-0.0389920836187902,0.0812071379830874,-0.157041939294693,0.0212807304827256,-0.195189891467308,0.15284420023527,-0.0177155726200579,-0.0811380823373654,-0.0755380795741238,0.186181864889657,0.0932744127110671,-0.0517426304944509,0.126194060504279,0.101117291929974,0.0526550045212422,0.042878288687185,-0.0697747165190296,-0.0154920221583196,0.042066761576885,0.0861758087219307,-0.312875381513055,0.0030109964217629,0.0962830602114432,-0.0268319568069888,-0.0169858959127879,0.0896604468409859,-0.102769104738457,0.123508478499521,0.0132574465526992,0.119176357143651,-0.031487985268721,0.120311396142516,-0.04995401839534,0.0683287825742292,-0.0135026186429015,0.0262029955981856,-0.0342575793338162,-0.0062302692746664,0.227299543296307,-0.287802881350846,-0.109344459147706,-0.0082489348008461,-0.18755736371874,-0.0806256342693773,-0.107729754849006,-0.231789957995531,0.0201237235564507,0.103398577578586,9.70113793524563,2.60461433076,3.71979786382071,3.10206799927737,0.0522423560407,0.87385,0.64668,0.65891
520100,520000,nationwide_score,0.775,15.6056021370365,6.61404826732624,0.185948945867,0.0853577824223999,0.801335559265,0.0676017234327325,-0.127019121652575,0.0959406375626782,0.0254300574013926,0.133966335525721,-0.065827845117443,-0.137061032476414,-0.0692313378217922,-0.158646993298642,0.129201716384831,0.0674325397044704,-0.0178401380509826,-0.22450900537155,-0.0289005733033645,-0.172912355154917,-0.286221078490482,0.0252969546425704,0.141443996437433,-0.0893844944857577,-0.0528100559168003,-0.109624869458287,0.109349628537924,-0.0745215627927604,-0.124637470788846,-0.098601841626325,0.122988716559979,0.0610651540385033,-0.0352317887825471,0.0823523784627241,0.0592899031595277,0.0203855320393788,-0.0052915743549994,-0.0355431194741336,-0.0483619373135574,0.013231547453982,-0.0545941675363072,-0.294251440847507,-0.034055078369662,0.0005870587458807,-0.0008514611160232,-0.017608180454431,-0.0155869249242466,-0.181753673714324,0.0716489005423119,-0.0253423354700834,0.105293588636603,-0.0277542381537469,0.166546703319576,0.0275449569387914,0.0387712794060147,0.0054447926896233,-0.013889102465667,-0.0259688112097346,0.117132704083377,0.233189746454173,-0.286136620114225,-0.111552610633456,-0.0737075778200162,-0.151541872623897,-0.187904373276301,-0.0543639148888339,-0.177118234348253,0.0133565516350538,0.0634905438164241,10.5059683160854,1.72878572173,2.45598789431273,2.44953249293032,0.0100380633601,0.84923,0.71312,0.76922
520200,520000,nationwide_score,0.719,14.9240735075185,5.72617048394528,0.264304787848,0.0895192245228,0.488448844884,0.0653293481601601,-0.149167167402931,0.113155320642781,-0.003899287814676,0.0821598763785486,-0.0829891962062878,-0.0933861046633476,-0.0159448474703149,-0.126852556320313,0.111245041058488,0.100626524846088,-0.123184012711705,-0.251141364577406,-0.0213841917865892,-0.0916829019389218,-0.239756257789475,-0.0506138491426443,0.10327071267272,-0.105427708907224,-0.0973448593215349,-0.121686943310872,0.112873197482055,0.0474257287914559,-0.107676681663957,-0.111151420771921,0.0245994062225734,0.0621023013185108,-0.0154622693417809,0.0563152015148796,0.0198423892822496,0.0377816728023462,0.057745855403209,-0.0437319029799296,-0.0131989248976717,0.0268185484369291,-0.100172990233569,-0.199320923410347,-0.0104418297290429,0.0217571067715422,-0.0538858029942564,-0.0416724778129511,-0.0212350394603338,-0.224923491272911,0.117874317750098,-0.0069107711716172,0.126790038374413,-0.0308678559620817,0.12480767348799,-0.0466592630133464,0.0144708716107476,0.0240106633302001,0.0198168000632237,-0.0093781349940116,0.102408536867693,0.231499295861391,-0.274435061736472,-0.0927175773012057,-0.101738637049485,-0.254459956777476,-0.276906820562102,-0.0206667635159849,-0.199478831878723,-0.0229705753075599,0.0240147579339178,9.57899586888831,2.91526484125,3.75747233818692,3.43662673640858,0.0777121756795,0.83985,0.6354,0.69508
520300,520000,nationwide_score,0.738,15.7040943631138,5.37457932956987,0.224562949002,0.122541839935,0.567322239032,0.040652013923828,-0.0531119799318794,0.105386854890753,0.0262656758382588,0.127216818630016,-0.026347496173272,-0.160383336831001,-0.0449982177064185,-0.104637463570994,0.139506459243659,0.046010713865787,0.008060111814698,-0.217097948933858,0.0071630935467172,-0.169260507844386,-0.282011597997141,0.0137583649495013,0.110696236220458,-0.150144983667882,-0.0463344171860819,-0.158266543819566,0.122074368417415,-0.113978355031731,-0.119236441585704,-0.112323752006011,0.126759167288497,0.0473056358034924,-0.0770557279150844,0.0996150039732012,0.0703278343314516,0.0181861062808753,0.0163479872524364,-0.0252960710722256,-0.0307581593921432,-0.0168991296410025,0.0021563628207008,-0.267838687008877,-0.0297118328388435,0.0269114204179478,-0.0056878416222564,0.002546772221471,0.0295723834005852,-0.141227207334361,0.0813471375353424,-0.0348298796138959,0.107243997392935,0.0047862158723475,0.144149384564503,0.0134027028571948,0.0524916371178278,-0.0242666376958714,-0.0431578571885313,0.0196118854988538,0.106808483125008,0.220340718136052,-0.277565264562772,-0.125131109531279,-0.0612051382868228,-0.175537411190595,-0.174036226846363,-0.108447264012122,-0.222851199582846,0.0362945947465124,0.0744833569395104,9.66105563463623,3.05416352297,3.91068269110407,3.79164534098131,0.0777903864301,0.84615,0.64966,0.73164
520400,520000,nationwide_score,0.707,14.7197291134624,5.59100659657779,0.251794622487,0.105331275243,0.465587044534,0.0520431299010691,-0.0859164838622171,0.100020899643424,0.0207670998127327,0.124949560988793,-0.0589191496529092,-0.118466755477459,-0.0588301799573659,-0.145148978589421,0.101495059214556,0.0739208775426023,-0.0727103165839825,-0.255758078178184,-0.0171595495324819,-0.117400341145677,-0.254021005651442,-0.0279867460450392,0.112141587710597,-0.114790723161561,-0.0935805029916902,-0.145612443299976,0.12993382503808,-0.0421747903798861,-0.119102770706572,-0.119353401825944,0.088055802816919,0.0815447167150428,-0.0304349778778835,0.0261725341716108,0.0425369440478321,0.0409676841120651,0.0280169689638336,-0.003376345167497,-0.0263168708318554,0.0009375300918876,-0.0380626653088385,-0.241766627597741,-0.0364198311996557,-0.0187138620989058,-0.0222987420321587,0.0032771529007885,-0.0189493823090804,-0.203592259691147,0.0825173914305436,-0.0350972929256448,0.111825696915488,0.0009639739134708,0.11345089270228,-0.0138024631119098,0.0149606715903181,0.0115124660701812,-0.0158602540006496,0.0152245868179992,0.102707620718667,0.22486101185822,-0.275155611950917,-0.130761274134739,-0.0786527588614509,-0.201457918039871,-0.245665332416454,-0.0513614982204069,-0.217945050382376,0.0145775054666044,0.0656703783610827,9.90159020715552,3.00450937313,4.01012829205932,3.3555951989196,0.086547679687,0.83077,0.62926,0.67671
520500,520000,nationwide_score,0.686,15.747032114495,5.55306820589212,0.282690423485,0.0933179092943,0.421739130435,0.0394632728189047,-0.0820313169933822,0.10615994214883,-0.00232224477967,0.0872319368667622,-0.0485534260849025,-0.112949757645384,-0.023704465558317,-0.114853427970065,0.111351655361173,0.0852393495478007,-0.0916504856735502,-0.219171573267087,-0.0038909767541598,-0.130357380637766,-0.25514277654847,-0.0478813195307783,0.0969482023225584,-0.129341783355612,-0.101584083272244,-0.145592831854889,0.10548914134958,0.0020122423699689,-0.108138650997125,-0.123482304959065,0.0435427390568034,0.0694843994813768,-0.0452737861096108,0.0612619497300269,0.049149257761728,0.020363719546002,0.042572690124971,-0.0126547759776309,-0.011781727366273,0.0181510555430734,-0.0540836197585972,-0.200104250325526,-0.0190139065090557,-0.0094462235220704,-0.0384930830396293,-0.0097619096250193,-0.0043207932006416,-0.205315621129393,0.0744730557532496,-0.0545404845212982,0.114986775223455,0.0016089417946979,0.106384356533255,-0.0247984427108084,0.0173106270312383,0.0157702373132224,-0.0045488656181605,0.0261943355836115,0.121795309182657,0.21854949379863,-0.275684779446544,-0.109515435213295,-0.0999591705530576,-0.262285014206034,-0.259964233152708,-0.0747577845054141,-0.234754040562039,0.0013387290193973,0.0489276328828508,9.47607731491651,3.73644162951,4.49431167726161,3.73869347216843,0.178378028701,0.84615,0.60345,0.63287
520600,520000,nationwide_score,0.717,15.009433329467,5.21592576440204,0.238664501343,0.12615330511,0.460606060606,0.0316731330444435,-0.0460318241681847,0.144923304789917,0.0185341735107359,0.11244706717069,-0.0167262916212024,-0.184902223727961,-0.0399613326596267,-0.0983330102059729,0.134520282553012,0.0562238631204846,0.0279041621661932,-0.229209617564325,0.0090079985958731,-0.159009699283159,-0.26680403737454,0.0212590241412964,0.11228325035759,-0.14881171517035,-0.0390149778265535,-0.153782826414452,0.128150060506495,-0.112747528753494,-0.127414394786644,-0.116713218869042,0.133532967001018,0.0074205947681105,-0.0741948852470752,0.0783229075359535,0.0968229192546709,0.0390952300579241,0.0104895814930395,0.005176557108383,-0.0265955426062394,-0.0681062928253736,0.0247585121408961,-0.238299702495045,-0.0241435434352562,0.0278404772042582,0.0263092603900962,0.0176467021509861,0.0441449387438343,-0.126289609483334,0.0843598081857125,-0.0247633749637577,0.128440077991373,0.0529415972411604,0.146257117438866,0.0520104148377644,0.0464807136987239,-0.0277763098588557,-0.0364881344823202,0.0051335923217472,0.135289995933599,0.212732576698321,-0.271048290041013,-0.145937640160014,-0.0625335261999515,-0.12024686461917,-0.193771667206597,-0.115376473201572,-0.237571648986939,0.0349654585814742,0.0697028993655592,9.86268670678214,3.66904973231,4.60335533824372,3.93398933181279,0.191191506458,0.84615,0.64087,0.68093
530100,530000,nationwide_score,0.805,15.9508598497857,6.00027029688202,0.150250975996,0.0946756690162,0.796690307329,0.100367419216631,-0.205570534673563,0.130988774831819,0.005357686040504,0.0710667167822829,-0.114857985872274,-0.0045452864416069,-0.0117085061279377,-0.21301590126819,0.0739811260709429,0.0880920362315444,-0.122475574285944,-0.260589285331707,-0.043447879709445,-0.0969475418537607,-0.19594986144748,-0.0043650281093249,0.0993516672869229,-0.0156283903816224,-0.0665711443021126,-0.0395395837900935,0.0990265393549477,0.122363672516454,-0.113438362822738,-0.0734113028723048,0.049698172213606,0.072996443791883,0.0229413805208437,0.016180843711169,0.0092509507641696,0.0307542572376267,0.0765679650035289,-0.0785569718346077,-0.066362028651216,0.108737466883106,-0.149326160537681,-0.19216355901452,-0.0494740343883447,0.0034443268703895,-0.0975334451023095,-0.037393429389578,-0.0874353785032897,-0.258885220169432,0.10305649886019,0.0410270551141526,0.105946197462346,-0.0962470411886805,0.138711851098372,-0.0603158642153548,0.0032615904686772,0.0351431894602412,0.0999082029433955,-0.0701347232928404,0.0649095426982282,0.223257655149757,-0.223060590273817,-0.0423059506801526,-0.0683870153625878,-0.182585340220152,-0.265096008013304,0.0541504341102347,-0.133240221197321,-0.0759970781863791,-0.0140831584840233,10.4994233499864,1.9799675817,2.73262911064327,3.06403709589941,0.024322176487,0.92308,0.71988,0.78573
530300,530000,nationwide_score,0.736,15.5681828117945,5.30114710120264,0.223952975185,0.0981334224362,0.490467937608,0.0714906087895815,-0.17547681585386,0.136854458435501,-0.0158351884743465,0.0447285259795865,-0.0899631876250478,-0.0392809646646451,-0.014820436262362,-0.153646260791401,0.0659766577067882,0.0905001735070783,-0.14031526266201,-0.273145248066214,-0.0193743943919038,-0.0680946105891776,-0.181074971733145,-0.0720766279361913,0.0854285376171218,-0.0676933661169459,-0.0990601229331058,-0.0834993545558166,0.109305317182908,0.144098366972695,-0.109157133810795,-0.109237223663185,0.0293703056664628,0.0542862680473362,0.0076455553769721,0.0216769666984397,0.0212695767852964,0.0383769918008373,0.0720211359020781,-0.05311760248663,-0.0530216808537817,0.0766550903792923,-0.134134696300315,-0.168001484170491,-0.0144656017603464,0.0153616329702037,-0.0844466943205228,-0.0446725668093044,-0.0642314847727223,-0.27431637425346,0.120291390792085,0.0250856678936208,0.10576621197784,-0.0552842704362692,0.11415120937478,-0.0704251995356775,-0.022375729324118,0.050272358618726,0.0805661282317848,-0.0375284720469553,0.0708883706967643,0.219823102722378,-0.230213573358347,-0.0595951324471498,-0.0668676016152836,-0.236379066694647,-0.287260165945829,0.0140655580034416,-0.168380537576669,-0.0536550944093136,-0.0147716079374984,9.692955860763,3.13126179764,4.16831264327628,3.65115582565992,0.108677615216,0.85846,0.64677,0.71734
530400,530000,nationwide_score,0.782,14.6264412186249,5.02134654618545,0.161591342414,0.11652345905,0.537777777778,0.0926129737529666,-0.18306885052238,0.131055935985154,-0.006318751136153,0.0572793274463372,-0.0974782120770819,0.0021586516331846,-0.0071780914576621,-0.215038267694131,0.0744410920456326,0.0865060878144202,-0.114908070079152,-0.30133798271173,-0.040650702687212,-0.0694234934841576,-0.164085590026237,-0.0022869981647889,0.0934865498178554,-0.0392662335383408,-0.08195232273013,-0.080092762862306,0.121704390956397,0.110418745773488,-0.117475666569105,-0.062857471570238,0.058656220088584,0.0866906152073872,0.015200535721589,-0.022628997823334,0.0239874941858447,0.0393944204579202,0.0799541949959122,-0.0331946339492278,-0.0616756857942835,0.0994556687841444,-0.120410605022665,-0.186061856148604,-0.0527925099827208,8.80512274230651e-07,-0.0969595071753124,-0.0270234777219705,-0.0709011244170403,-0.273349730333189,0.139342561288411,0.0458030959254526,0.0946782354894209,-0.0789313223022567,0.118636717257002,-0.0952534647660888,-0.0083963794776371,0.0566731123650105,0.102763267623713,-0.0340751273353527,0.0455434861688638,0.202922102596041,-0.19789296820839,-0.0280418604274058,-0.06008146225155,-0.169365932573023,-0.270079249659769,0.0593582502321961,-0.150316434242343,-0.0566056379302313,-0.0187112422432203,10.4666689127648,2.56334605295,3.20693786095318,3.55608382387559,0.0510291858345,0.89,0.66721,0.80457
530500,530000,nationwide_score,0.73,14.7034022268393,4.8557141442587,0.185958922993,0.11448250704,0.349794238683,0.0618213427858217,-0.18323195762131,0.178140942932,-0.0772401739248472,0.062016140903844,-0.0439533657255293,-0.0030363773461406,-0.0252898313891435,-0.151416849560391,0.115047897526761,0.0986654555792785,-0.131067642921384,-0.301834296152837,-0.0622669004775119,-0.006688355647828,-0.14964755150384,-0.0713367859304045,0.110066572573341,-0.0675288400848647,-0.0952170904590458,-0.094921334570914,0.176372854936565,0.107258548551358,-0.109935149619535,-0.0319672695729491,0.0364047705861915,0.0315821865514122,-0.0146776274556747,-0.0665396812870236,-0.0078520027332322,0.0363703301965963,0.106001774400296,-0.0147837416385683,-0.0648667091203113,0.0387510232342088,-0.0972712776991972,-0.172906093718338,-0.0162646937243365,-0.000683478227924,-0.0856700363501201,-0.0049538922456458,-0.0238840576423088,-0.290967271888959,0.172500938562185,0.0741403019053727,0.0994812604975433,-0.0422609152505606,0.147139056598017,-0.062267606850922,0.0249009838640664,0.0737987286009802,0.089325191128761,0.0052022679337728,0.0449451194815927,0.206334604388,-0.20430800952838,-0.0507541228446082,-0.060117856692325,-0.191321634318237,-0.28147971403357,0.0458614235964311,-0.126109701018512,-0.0433073883234678,-0.0639617810071378,9.77608665390116,3.19997898695,4.15113890290537,3.88661051646534,0.103304910619,0.86769,0.64749,0.69155
530600,530000,nationwide_score,0.68,15.4427885849903,5.42857101688574,0.254243312162,0.0844643079178,0.39489194499,0.0445739482940226,-0.101437742900309,0.136624139793753,0.0016549916299753,0.0731866081020144,-0.0484218717523191,-0.110699076719179,0.0135721273874759,-0.128792486517209,0.104815183755139,0.071341437630638,-0.0877533889266723,-0.211520998722542,0.0008512774050881,-0.114112872211517,-0.250068874138857,-0.0105204533587488,0.0925399394985762,-0.132203481110467,-0.0708206041185687,-0.14303995520434,0.103201511113656,0.012702041098107,-0.0967566199046405,-0.113383680160644,0.0436913466636922,0.0760333238748616,-0.0510262287850394,0.0763729862786553,0.0560905200189288,0.0340044877857857,0.0464363046520005,-0.0257606304938693,-0.0224219947428967,0.0290758724620561,-0.0566462294813445,-0.200950760194555,-0.0068936573823552,0.0064587192353008,-0.0473060457931032,-0.017912276564445,0.0144097663047679,-0.18933138186936,0.0915888952904467,-0.034290855741246,0.13419076237527,-0.0208570722070003,0.113493984199337,-0.0317161401443027,0.0337195311105979,0.0035704886109854,0.0172581691334181,0.0052308841580565,0.104062815460349,0.234803227008437,-0.256677065999369,-0.0937009762824498,-0.108138968913265,-0.262665317558567,-0.227399471212893,-0.0511822801443673,-0.229709749504807,-0.0124013646979485,0.0448983423121827,9.05463189788483,3.3202148167,4.33612291141777,3.87122925600274,0.129872169704,0.83077,0.62115,0.61046
530700,530000,nationwide_score,0.726,14.0466230725781,4.13176969752925,0.171251704703,0.0964133873925999,0.47619047619,0.054428769510741,-0.221098762235558,0.17733212362301,-0.0632118234802005,0.017979888768727,-0.0612198381893846,-0.0190204975217861,0.002714690203175,-0.159117817297038,0.0651209557670268,0.0944434955971637,-0.134491478141506,-0.2654794935888,-0.0645612094568474,-0.0023559726843822,-0.14644437250467,-0.0724563090021356,0.0767787631341105,-0.051685547246487,-0.109999971860863,-0.0620516638013999,0.121726240850581,0.189418339864657,-0.111681674744924,-0.0761017860778212,0.0111661308303492,0.0161889679564658,0.0208967468521843,-0.0091727032586206,0.0077168459040399,0.0296038548921336,0.121291244288392,-0.0490137475028349,-0.0763481819067189,0.0734594851693005,-0.148838555770396,-0.0988428194331871,-0.009674382641677,-0.0066633403997742,-0.075227369332307,-0.0084808367200377,-0.0476388153868712,-0.265455109173793,0.131775783127526,0.0934581027315454,0.112603546057579,-0.0236377852671625,0.125698244467316,-0.0392786734159003,-0.0161088048994468,0.0442086564779041,0.128325065983019,-0.0389037261675053,0.0743652250570183,0.197550087957559,-0.193565944901149,-0.0630070733578316,-0.0826043873399978,-0.225616683988865,-0.263728663523568,0.0257790088576501,-0.142135184107962,-0.068494294038445,-0.0708381763865226,9.82757924279809,3.0690520789,3.65582818545121,3.95068406045972,0.0714116131141,0.84615,0.66131,0.68306
530800,530000,nationwide_score,0.711,14.6951377204045,4.01585099439812,0.192815489124,0.0969649922054,0.402489626556,0.0862890585136538,-0.145431776351419,0.177235418312294,-0.0462924934697433,0.0520441490387306,-0.0806513035856725,-0.0253174621109515,0.0334682586770739,-0.152872912673103,0.0899880490391205,0.0706480542194964,-0.0927940449909552,-0.335878344699268,-0.0142369542281495,-0.0296040354135881,-0.115938314538481,-0.0075667397479155,0.113956060052176,-0.106390171398466,-0.105167020593198,-0.142618154205611,0.16703277366436,0.100494765934877,-0.11742886395518,-0.0471197242082397,0.0187233097207843,0.079460246179386,-0.0052348812256766,-0.0643668039439491,0.0413497461565865,0.051641452235085,0.100817844618103,0.0223399981205721,-0.0281208124217455,0.0280321098969378,-0.083387166758598,-0.199614299559796,-0.0042790238503793,0.0141569553065607,-0.109982315630514,-0.0128800890494062,-0.0509679372423201,-0.273342247183153,0.240198815486899,0.0473364263921403,0.100424318106905,-0.0638780394248637,0.124173485899642,-0.117647530181666,-0.0053046160918062,0.0913757808766769,0.0741744685282469,0.0049932348088499,0.0145636398860808,0.164580213645193,-0.165795605787127,-0.0336905513801312,-0.068880334353924,-0.146821476994071,-0.278967625339358,0.0484270602379112,-0.160070141703623,-0.0062102215002385,-0.0620016422746223,9.40337200545302,3.92596876375,5.05970908619187,4.51002532119749,0.203763917304,0.83692,0.63589,0.67676
530900,530000,nationwide_score,0.704,14.6308758137262,4.56966308871936,0.20398399578,0.0954366999761,0.349557522124,0.0746414940869683,-0.163044657477065,0.177664109248917,-0.0518700527383007,0.0605399569644227,-0.0809673700253354,-0.0146664037638549,0.0156800038653288,-0.150197397339856,0.0853984510343649,0.0825146350042457,-0.113280364250275,-0.334336911203138,-0.0530426692249918,-0.0071025924619343,-0.136392149240608,-0.0407248553593453,0.116514591754114,-0.097957983360716,-0.0929874533557955,-0.126676828876681,0.165980264702939,0.105540239008824,-0.119763283292989,-0.0283325367690251,0.0193043700198921,0.0653882485686601,-0.0004532006662062,-0.0851335277180186,0.0200100988162034,0.0484471845070493,0.126705303464006,0.0183924320802278,-0.0345910771875769,0.0208621514294185,-0.0901161999563711,-0.179504415992103,-0.01245285448164,0.0070942864201799,-0.0968306501749931,-0.0034690343032218,-0.0451899036739411,-0.287342034999765,0.203007228583193,0.0717665035829661,0.095309126170121,-0.0469948399518601,0.122391403918227,-0.0906409991775528,0.0098469150669466,0.0881859920584013,0.0813920137376749,-0.0013409008424846,0.0339796279912554,0.184935915139899,-0.176034294048166,-0.0444994943938024,-0.0716624843347782,-0.162206580379757,-0.285566627155587,0.0546901530154505,-0.147327311903647,-0.0223803535181491,-0.0615712525539643,9.54885508516454,3.63371689793,4.78449717666618,4.12689085230792,0.185554863674,0.83385,0.62888,0.6649
540100,540000,nationwide_score,0.735,13.6762496400554,3.41164492062828,0.163917382324,0.0500935094842,0.701149425287,-0.0545740044661145,-0.302907388106315,0.0979843308061342,-0.123853052378238,-0.115814980984113,0.107686962928243,0.0544718300747078,-0.0252776285345095,-0.20875145472179,0.127724559214275,0.152370332726767,-0.115043660945175,-0.0476087929677018,-0.105885963084397,-0.0392979229277758,-0.119256843973547,-0.102280183896283,0.0452857236623219,0.0880537019799614,-0.156772350779094,0.0280665725538671,0.0448845380155956,0.124074775895528,-0.109872018699089,-0.0752943648748303,-0.0036742912939285,-0.0622173162844113,0.0413588172220244,-0.0204528905118952,0.0082281719240045,-0.0310776302592696,0.160668073809963,-0.112318972716693,-0.136924839507789,0.032532641012313,-0.150101085262513,-0.0788008306028688,-0.121716536176671,-0.122967502173427,-0.137821502999075,0.0567713364825667,-0.0238144280435412,-0.118139372227796,0.0390201035660798,0.132798885739372,0.147577284799459,0.0258750460179222,0.128263479239393,0.0158542036956316,0.0227429146586817,0.0259554396278503,0.116083378542713,0.0128293323965987,0.0781657808412115,0.208934525092549,-0.0988711439061758,-0.169120085202522,-0.112094273437126,-0.255861260249065,-0.13940762445569,0.02470198352194,-0.0113578417759875,-0.279555473803189,-0.0834849842641028,10.6562086340655,3.0655554249,4.29393136582018,3.63250086346312,0.122941239595,0.77846,0.65179,0.78107
540300,540000,nationwide_score,0.659,13.5410750280511,2.06962197801324,0.286344869442,0.0545170090377999,0.171052631579,-0.0929948980891031,-0.300208189903773,0.0848984725651103,-0.164269975400941,-0.1255269589324,0.142615967677761,0.0314701026040823,0.0379324664040399,-0.143222577240989,0.156298445362061,0.134587973217836,-0.114329959789171,-0.0007708982300302,-0.0937091319498328,-0.0329781458837044,-0.0961232301294188,-0.115686888661477,0.0681574271545375,0.0194576385202143,-0.18881200978624,0.0414150828767514,0.01572373274352,0.112414954309579,-0.0925124058050814,-0.0471890617821258,-0.0347277919689049,-0.0376998374933423,0.0275298474933962,-0.0385319536251109,0.0261543235522987,0.0011207890524135,0.169311338214992,-0.0524398527123487,-0.0819297414257021,-0.0075391609962452,-0.119616957927395,-0.0127193861293955,-0.104099417649875,-0.132285070325127,-0.0845776099639293,0.0378959536420482,0.0058068111301179,-0.0954349659597426,0.0059628712358094,0.113682522259511,0.168504341209311,0.0727648109690681,0.111018261301451,0.0118332678260696,0.0034326873210766,0.0272946266389588,0.0806582818547186,0.0493444977224693,0.142548965848945,0.203115887563765,-0.0896980706153915,-0.209246217696926,-0.165807460476246,-0.231709575266595,-0.0875492780765413,-0.0196790652586142,0.0243978483204828,-0.240807481369958,-0.0770699091513368,9.1656760270027,4.65825152356,5.52813664461522,4.95778239960306,0.521521695265,0.78462,0.56004,0.65192
540400,540000,nationwide_score,0.729,12.3883983689821,1.1289922183346,0.266555865712,0.0385668565324999,0.416666666667,-0.0383441966241873,-0.221206679497165,0.160234005326069,-0.149749460752815,0.0279861469872518,0.0723938534519043,-0.0209226153766469,0.0354181105467568,-0.0786920499739276,0.181324527599188,0.0880389174538291,-0.0738578099397326,-0.193986151964081,-0.0876355134064193,0.0491629213158121,-0.119221090263008,-0.109827925910003,0.0460597731922513,-0.024778553885904,-0.136919276969519,-0.107122680558315,0.179540550030488,0.017198487113707,-0.0979116841109118,0.0148891212935418,0.0239951953214149,-0.0872850185957755,-0.0063417278795511,-0.0836304136035718,-0.0728610380280528,-0.0003986656910187,0.12606729489995,-0.0332605029844268,-0.0848713493113565,-0.0388526618779757,-0.0656285398587517,-0.0544700134259864,-0.0503037839015689,-0.0496935475100266,-0.0262367408487827,0.0682371146279236,0.0044929145013384,-0.152349726149689,0.145825844019382,0.12394221944584,0.173614518272846,0.0877597591279174,0.167680700202703,0.0631118223685367,0.100573279199546,0.0101576215963174,0.0621544320461514,0.0647327537272512,0.0925736858328576,0.200724307484905,-0.170190659519894,-0.126907655275628,-0.126865379020226,-0.173552452838601,-0.170440674917202,0.0821462659397938,-0.0733970447388754,-0.0514709438611327,-0.100860154857506,9.97205505578906,4.52658375862,5.32583088231547,4.97895700665331,0.440217866088,0.78615,0.6289,0.78478
540500,540000,nationwide_score,0.705,12.7938620882062,1.71623988971378,0.266647975366,0.047180372774,0.305555555556,-0.0203751589286646,-0.196813745727461,0.158585572842658,-0.127958377377271,0.0031224398413073,0.0550192171362868,-0.0215390444932196,0.026828191263714,-0.095208859290205,0.162575166490481,0.101264748296239,-0.0683827197699996,-0.221894239513526,-0.0783375497910429,0.0320648984611579,-0.103929156931906,-0.117577538251188,0.0542572868513915,-0.0255524708584072,-0.122121298811316,-0.101282182607813,0.17487231953711,0.0271527116238368,-0.103668278198261,0.006713058986123,0.0208636115576834,-0.0661665155890091,-0.0080016853756721,-0.0972077479205135,-0.0259700595051046,0.0153739188438246,0.138021456131773,-0.0318750891740471,-0.0760468471786928,-0.0417719304479363,-0.0501198197975703,-0.0776606262879097,-0.0585064234075702,-0.0453569377822277,-0.0395292328341137,0.0622966452491424,0.0202474241431683,-0.162747142690278,0.142661543345484,0.112270442589125,0.142929229248111,0.0598699936974585,0.176636834074984,0.0277970197635047,0.0858821655611698,0.0184574856448941,0.0532716293778253,0.0599005392853093,0.0751633905392478,0.221335446574895,-0.162172675091741,-0.111593416131497,-0.115763368639684,-0.165562181048741,-0.179330797089642,0.0742309636287278,-0.0579999321248215,-0.0695820947661279,-0.07621553118331,9.85829113146283,4.58709415341,5.31150953748437,5.25851751275038,0.379370757858,0.77846,0.60505,0.74327
540600,540000,nationwide_score,0.611,13.1223653774023,0.882271843930983,0.338613946924,0.0420427799468,0.24,-0.0793493033210686,-0.277521518708617,0.0584029470204383,-0.160339494240959,-0.158191206486337,0.176623832684786,0.0310632994199961,-0.0320053219144129,-0.135085272717803,0.179882452194309,0.102158992997336,-0.115718458163276,0.0266435500252925,-0.0647239625888713,-0.0902468602523028,-0.0651220606496776,-0.127269091979306,0.0528152820755713,0.0901193772013381,-0.211085219056668,0.0371190240179638,-0.008510880044551,0.0937444329042101,-0.0959672415178397,-0.10872009972085,-0.0116087610696405,-0.0145838570324184,0.0213298041226606,-0.0027917547389572,0.0406040610107549,-0.0011055975577643,0.187561146607799,-0.0891852072090732,-0.122213523263621,-0.0013406714892579,-0.123106695112838,-0.0380488666565891,-0.0910551241228442,-0.138857152511096,-0.14217847916011,0.0531784680548907,-0.0147156508457172,-0.0701999382801529,-0.035151145682293,0.10164040719614,0.139575885670699,0.0418221658637945,0.0291651153992717,-0.0206435658020152,0.0148770977491897,0.0525638504111682,0.0486002793680586,0.0453363502712413,0.131597127276951,0.207655655591492,-0.084822861091867,-0.247730543970073,-0.135163145367832,-0.21236733043526,-0.0685635003169932,-0.0559018621211679,0.0372542698695144,-0.313657176269376,-0.0353392452158841,8.66864652238098,4.77197618027,5.5524488173509,4.87792818902862,0.615953890179,0.68154,0.51024,0.65516
610100,610000,nationwide_score,0.826,16.3773783260489,7.15792291249827,0.156174808328,0.0990657368418998,0.791666666667,0.0732329425800692,-0.248251104938068,0.205212434387723,-0.065479414421345,0.0217921099575931,-0.0200797479164434,-0.133713329128397,0.019751886068343,-0.168529159716958,0.002827692824129,0.134930696648738,0.0069032717713075,-0.0836618375197233,-0.052915150460878,-0.0950194267321549,-0.218927998157462,0.0241807550779244,0.122642852963999,-0.10615501799403,0.0494255694879931,-0.110047505239084,0.0522603030976778,-0.0060932016491533,-0.0500617480900504,-0.0673929577810716,0.246681923466964,0.0565574970913228,-0.0672564383544595,0.169509325175265,0.0858823040127269,0.0269301154145259,-0.113841872746584,-0.0386648205310751,-0.0521125321470305,0.168560919441352,0.0743971617490402,-0.372395530392151,-0.0468742910780425,0.0366876780159404,-0.102617202344538,-0.0829479618588247,-0.0528883415728226,-0.0818762478686448,0.0336425599590769,0.0104667881528504,0.158275139336774,-0.0397483478503419,0.161278479417425,0.0687409384278632,0.0157345064159028,0.0028376682337468,0.141238712928975,-0.055496558891375,-0.0079510407586419,0.136653290568138,-0.257386626512122,-0.0414732081359917,-0.0515621629194998,-0.145041548927591,-0.0472343177880866,-0.101448761750331,-0.131036274837519,-0.121099783902671,0.0694270508363399,10.5583859425347,1.07085970323,1.51127724688811,1.92832773264978,0.00124039355604,0.92123,0.78158,0.78307
610200,610000,nationwide_score,0.773,13.4730216574672,5.21072055570822,0.151616908712,0.135893953264,0.633802816901,0.0645613313357543,-0.205376471146229,0.217563060299223,-0.0777215228693515,0.0106672635791743,-0.034322369228965,-0.162962066096974,0.105320122912723,-0.197889326632483,0.0209072032839998,0.123205012803748,-0.010100458389613,-0.0685485270082503,-0.0084855687534856,-0.0894019354723122,-0.239420361010302,-0.0207289759700548,0.192164082124453,-0.16399459985774,0.0065636022382636,-0.0945160864052145,0.0114293727497154,0.0584138566181575,-0.0570502769444728,-0.0928581253126179,0.172902120447537,0.0233169189968872,-0.110720893076882,0.087874345407708,0.0913584472459083,0.0145177827150285,-0.0691637199684607,0.0578608860817449,-0.0136561060278858,0.15506046283646,0.0880785404012718,-0.281910194804178,-0.0360242091520493,-0.0003055399229926,-0.0657907572298176,-0.0242146725129451,-0.0412899705396137,-0.0649194702246227,0.0294438923996172,-0.0441035610909226,0.175598928103993,0.0742438301319084,0.11787851124053,0.0510961938769593,-0.10268382318207,0.0800918652753157,0.127429771065313,0.0320468599495758,0.0776643526562343,0.0726392310614633,-0.192187330364616,-0.102254558621938,-0.090925933199385,-0.230261541409526,-0.0835955846706277,-0.164618020738102,-0.10394478102537,-0.110910011284725,0.044833510898287,9.83884160778847,2.7201420901,3.54939569321972,3.11936920785414,0.0458295934788999,0.88154,0.72628,0.72249
610300,610000,nationwide_score,0.787,15.0154756420974,5.21736696634374,0.162785670115,0.14494652824,0.569277108434,0.07473891701282,-0.194603314592512,0.170223332736718,-0.0683683183388926,0.0543795706509163,0.0535206715177213,-0.0832711187687771,0.0619780174778005,-0.161194134475317,0.0144068141467198,0.0502112108770758,-0.073909300652536,-0.101617414675593,-0.0329289737061861,-0.0851190040409738,-0.288510130501509,-0.0221912910224014,0.0822976532271341,-0.0940836549627561,0.0503328197906136,-0.0967578159462348,0.0141467172466986,-0.0085409035859542,-0.0750773092398037,-0.0411627902587881,0.224218838824838,0.0733839908987932,-0.111250131176799,0.170160002389547,0.0963957160185359,0.0358579823880858,-0.084599213155769,-0.0340179909687609,-0.046870496240965,0.140537487928884,0.116439070464193,-0.288695557224199,-0.0470145561939559,0.0115908166222948,-0.0643084911425453,-0.015509351410908,-0.0345785818623078,-0.0912509001710738,-0.005196333609358,-0.0373497255204025,0.133867756104882,-0.0126909436806368,0.10817117099662,-0.0015758522663626,-0.0187779935711346,-0.0008492699162787,0.126126718619595,-0.0521257123687123,0.0223837062954679,0.139859281405062,-0.227880361506044,-0.0791364636220821,-0.0389575510934986,-0.258652379592501,-0.0565792629775677,-0.063395814727286,-0.192646433022198,-0.127078100077472,0.101111009134813,10.0922835865232,2.29819310688,3.11104805838646,2.90350865133865,0.0170166219418,0.89046,0.7199,0.75933
610400,610000,nationwide_score,0.771,15.1917548357559,5.95190928494066,0.175463272022,0.129966343156,0.555555555556,0.0419126571488749,-0.196103304638129,0.239147714148463,-0.078902171953677,0.0089255962256028,0.0163873199552502,-0.118355660211021,0.0595990061585759,-0.150918310896309,-0.0413112336343662,0.101893634771892,-0.009685218246361,-0.0940404192150291,-0.0054466292179065,-0.0650870674429167,-0.214190087221879,-0.0430846744939137,0.142008429130864,-0.116117904408063,0.041311107856307,-0.111878062393403,0.0602729694820889,0.0558735143295149,-0.04009815352905,-0.0735193211049661,0.230721025686972,0.0561252471862401,-0.105428394660782,0.15423705379526,0.0936929468103716,0.0435743180824745,-0.105525695012745,-0.0011795197986567,-0.0469790803412474,0.139471809778239,0.114335155678784,-0.346998242449465,-0.0444803864168258,0.0191654107919863,-0.0838171040137471,-0.0169159990662675,-0.0399272110251213,-0.0942505152894803,0.0098889539799694,-0.021380290459859,0.156858860029581,0.0355095487653121,0.134508850820268,0.0731286567453632,-0.047411412468827,0.0176049580659992,0.162945659861159,-0.0526803879318834,-0.0144420364493818,0.0998365080208389,-0.242189554563122,-0.0749815262129019,-0.0505565702541554,-0.179279795438288,-0.0526617801475643,-0.141233621810104,-0.148609384715894,-0.114131603325543,0.0412373933712768,9.95781251570772,2.58138887786,3.33252407624424,2.68260751239073,0.0139674980458999,0.87692,0.7176,0.72854
610500,610000,nationwide_score,0.752,15.3609433536421,5.89164956596342,0.170544469626,0.145205210709,0.492537313433,0.0661439206870513,-0.217969413209409,0.247909188090403,-0.100236537011792,-0.0056627337012573,0.0160201184826654,-0.128796765118146,0.068221822469025,-0.182563447851648,-0.0621659203780164,0.122019872956034,0.0025154651578808,-0.0817604938651435,-0.0162455657914176,-0.050491431697986,-0.202089272857429,-0.0433217951354718,0.144557899178708,-0.106952698497945,0.0421675263760238,-0.096866498555906,0.047722496829829,0.0390260738832417,-0.04882423870261,-0.0955769761748073,0.270671364330029,0.0388130513465749,-0.111757290496842,0.12971025351424,0.0965009213186051,0.0341534656145228,-0.128646905183646,0.0392256303235194,-0.0539758923548405,0.153027304059533,0.145371962632306,-0.316659121442497,-0.0564955840057674,-0.0113441181665535,-0.102494904110873,-0.0103748917903664,-0.0585084693018092,-0.0596596673008097,-0.015854279015607,-0.0256650307779604,0.155780802440169,0.0548981806087305,0.158706392420118,0.076903992016273,-0.069339680130554,0.0366344322839947,0.172686247695023,-0.0196866566573118,-0.0067433133587485,0.0593233196064682,-0.203260518526075,-0.0728665576313247,-0.0575245319019343,-0.172441307394172,-0.0312044328899017,-0.143051513476937,-0.11853222898903,-0.123545193433377,0.0521131216354297,9.5111931642783,2.76823381426,3.60273582158516,2.97673430555267,0.0328104052307,0.88308,0.71268,0.67689
610600,610000,nationwide_score,0.777,14.639686439527,4.13605679245033,0.211680586474,0.094088586835,0.614035087719,0.0768751703309698,-0.212288657810475,0.210773177171564,-0.154342680689866,0.0009361435712498,-0.0379459558343457,-0.167544786706218,0.137915605801152,-0.23385803479782,0.0417532776992435,0.116617443321277,-0.0356307018428677,-0.0180800548011657,-0.0301551295699586,-0.0758541896884281,-0.205869144672774,0.0208286693298465,0.201338253717755,-0.132082695939937,-0.030226943638872,-0.0465515807943826,-0.0159092752963408,0.0363171899994344,-0.0758057187696847,-0.112765374902164,0.16024419773305,-0.0021229270178995,-0.10712033572811,0.085425665445311,0.0911229439007264,0.0230487448398402,-0.0717354650959145,0.120206061553205,-0.0197583686959839,0.160634136218832,0.134906842712953,-0.203513133713963,-0.020583343195941,-0.0608380010717918,-0.0629628756695631,-0.0259530654313964,-0.0437610948619388,-0.0401752346715368,-0.001389309338161,-0.0477327957896642,0.203772711889931,0.098168051880441,0.112276334890869,0.0420928808782073,-0.102175587080298,0.0972986046517012,0.119198209469209,0.0450259003784163,0.139782670207133,0.0658887420879893,-0.119639699980106,-0.140294166502118,-0.115539743737883,-0.181786151039141,-0.0140832402906802,-0.150371440954743,-0.0749986588781962,-0.126369258639939,0.0185198348863785,9.73326201670173,2.6788380339,3.55368041196889,3.32751974520485,0.0558788169197,0.8652,0.71033,0.76431
610700,610000,nationwide_score,0.75,14.9817818066326,4.78411540609513,0.163478901616,0.162681955066,0.510903426791,0.0064284142290281,-0.0861056675660331,0.176116114265085,-0.0160152026604425,0.0754735697254452,0.0322134428549999,-0.181054398609704,0.0464224755554163,-0.0994129650485839,0.0865227667170923,0.0815840815808571,-0.0372792363042463,-0.113811870168359,-0.0060160331517648,-0.123562519372718,-0.263604176084465,-0.0223300997120021,0.0942368109360887,-0.153011972656209,0.0183747003762359,-0.160906391309372,0.0986221746375094,-0.0031091050973499,-0.0682278616728251,-0.084067860370818,0.152739844109301,0.0628673985676975,-0.0680076646867048,0.14776504758969,0.074818077813839,0.0230754687051452,-0.0059180563323099,-0.0457138459691799,-0.0490814690697788,0.0538042672663066,0.054004712640634,-0.315922596524094,-9.72855589129458e-05,0.0378116540612583,-0.0457018960421235,-0.0241155678341074,0.0132114276245145,-0.1203907522348,0.0427063767985335,-0.0362162773472677,0.155652907139246,0.0066717654059964,0.0982424445206227,0.0399057341471188,0.0373170013267025,-0.0120482882223913,0.0820590547957773,-0.0057074166505567,0.0372061175865836,0.192245083264108,-0.269170804934046,-0.117884169204233,-0.0714258794697267,-0.264400188498471,-0.121252510275382,-0.103938581912342,-0.258030304313555,-0.005737804786172,0.0646739728449643,9.69247879858926,2.98599928475,3.81676063026676,3.59213787530067,0.0667816919987,0.86154,0.68792,0.71113
610800,610000,nationwide_score,0.799,15.1047434817231,4.44916455456486,0.215441903574,0.101238921553,0.617079889807,0.101753172222117,-0.211788351006123,0.189224808782763,-0.172977773875829,-0.0043130817174407,-0.0043911242046533,-0.161584739552486,0.101884752320466,-0.242634129547303,0.0096794385255487,0.106612244065433,-0.0598050057246323,0.0053571515182068,-0.0416057867505133,-0.0874358891367244,-0.183703951575417,0.0217781762001971,0.205556936521709,-0.0568528074913621,-0.0433449788275827,-0.057441065874925,-0.0418426830568739,0.0263840902390932,-0.082936905554887,-0.138502027809716,0.206647528585762,0.0172173125379365,-0.110143499875981,0.111632065552146,0.114982265997331,0.0563396323569004,-0.0713205060489586,0.118637068647922,-0.0689786579672127,0.160580539717835,0.171760295003798,-0.193136668364941,-0.0151518848159908,-0.0624571815552653,-0.0765963159099592,-0.0081545770029043,-0.0982337049344824,-0.0132792653906149,-0.0623807907634638,-0.0222516781293513,0.196989093030687,0.0708567540947265,0.104972233753073,0.0128050432997574,-0.11832347844401,0.0920896556960968,0.0990059425541009,0.041224524837596,0.102382539736751,0.0653770358826326,-0.0950579622901546,-0.144809768384159,-0.106876181769025,-0.144345217057976,0.0079803233013887,-0.120694695063515,-0.0452389237447935,-0.143751078366846,0.0250074555838737,9.79956279784413,3.00373753225,3.92456246496333,3.40865669942769,0.0745854573288999,0.87231,0.69808,0.83676
610900,610000,nationwide_score,0.733,14.7277936700472,4.67189091420984,0.191569491413,0.136862375357,0.497991967871,0.0142908082010537,-0.102705170586431,0.164139410900131,-0.0226961732374878,0.0753097319237914,0.005035760681738,-0.221186703028661,0.0476257036967181,-0.124439232071325,0.112536885185345,0.0745999761679955,0.0316503404663674,-0.135243574900595,-0.0172832006491628,-0.118522112397196,-0.259029656231865,0.0408933854367279,0.116312616567552,-0.191376550674642,0.0190831214623115,-0.151211267727928,0.0830015810050266,-0.0631458735303941,-0.0886203766753274,-0.0771260215870677,0.144025326728148,0.0185749729791325,-0.0859573999368636,0.125428133724864,0.0789363176316393,0.0031664279048015,-0.0231969930530529,0.0124923920253797,-0.0315160613761854,0.0261961389803059,0.0700598056493876,-0.290343497026834,-0.0137562597403814,0.0501704764828486,0.0149599663572748,-0.0393322396986715,0.0598216897205868,-0.0801335463765258,0.0583743920642668,-0.0153158427474652,0.141006333621154,0.0291477007213629,0.164495675925254,0.0807230246227935,0.0472820416198584,-0.0091411603070594,0.0580424441184196,0.0356426691903313,0.0870306289973401,0.183030511675643,-0.247911670121319,-0.103967389878742,-0.0761387824250102,-0.228617001383143,-0.0989352279558335,-0.130973697196719,-0.232426561624535,-0.0084755688607694,0.0770009326181088,9.77307281272961,3.73355739083,4.73101713762693,4.19814637249661,0.163321682159,0.85077,0.66815,0.69217
611000,610000,nationwide_score,0.72,14.5333508389194,4.66123476504126,0.207935018068,0.125910449373,0.478048780488,0.0226740107269466,-0.140670449130818,0.191661933069635,-0.0461916970456794,0.0487134973826411,-0.0250714460543893,-0.211560142151028,0.110595690076427,-0.165794508705095,0.067289568408839,0.104505992880584,0.0237830156265714,-0.115996959918053,-0.0087820028833256,-0.11493269197697,-0.264038140073626,0.0019272623403741,0.139654526362903,-0.201998284409908,0.0022096968683031,-0.119681391352945,0.038499978420282,-0.0069244382075452,-0.0763360417583894,-0.082556870877356,0.124249176134233,-0.0046613894290592,-0.106051766031028,0.102084419552209,0.0927372098894007,-0.0096879520547391,-0.0404151086453867,0.0879960524292278,0.0141296037223956,0.0615595506223255,0.0956002752976227,-0.259177546810342,-0.0138348923732115,-0.0076078730593107,-0.025208409496906,-0.0158365157054899,0.0218418468958061,-0.0497595304911692,0.032261165098773,-0.0638941651462782,0.154799083499522,0.0995606497280055,0.131192242854927,0.104630826637981,-0.0557682685326132,0.0434513946067995,0.101297601882102,0.0566740512880953,0.139741831580273,0.0974741818790648,-0.193746656545753,-0.124869725651185,-0.117333127550113,-0.250707960033236,-0.0996914344646333,-0.156028177431396,-0.204670822484333,-0.0251680804726799,0.0606918626970882,9.03960644294313,3.4603086656,4.26417197551135,3.72490123654126,0.118892461247,0.82201,0.68542,0.66138
620100,620000,nationwide_score,0.778,15.2902737959047,5.80536191666135,0.143438239522,0.105922857797,0.830663615561,0.0787199675848819,-0.242472021953384,0.165382966225325,-0.0474187217176015,0.0130474445972727,0.0135968467428517,-0.0904317349946141,0.0634684820562152,-0.265902241045086,0.0774617461154111,0.0888394269198256,-0.104213954659392,0.0422733785787049,-0.0747897649518991,-0.165454462456069,-0.284912512399276,0.0378670195734692,0.131543775712613,-0.0316164455588536,0.0124967469155551,-0.0327045328278391,-0.0336488460695609,-0.0007435026500872,-0.0916521326243667,-0.0669996956733245,0.164490711434608,0.065996824892264,-0.0582606881204304,0.0750840012559698,0.11666865141507,0.0191669245037486,-0.0258829652436245,-0.0025807701631978,-0.0937586772566377,0.163149158440212,0.035520644744832,-0.241205709235308,-0.0289779473908084,-0.0289074245773677,-0.120933719017455,-0.0436927624917577,-0.104122417674695,-0.0568011685232787,-0.0696223496307819,-0.0087507984814383,0.168866378215316,-0.0309212824447646,0.0991166713151402,0.0237435109878213,-0.0311752722289727,0.0388803118853727,0.114687182066377,-0.0322228492816597,0.0718522783946841,0.17777252568659,-0.131616218417466,-0.130194013816953,-0.097330267787047,-0.267033863460062,-0.0695625863775761,-0.0241134635759764,-0.129057403227867,-0.171798564926949,0.0870205561826562,10.5336409526333,1.42060799179,2.15780879968843,2.24142029042851,0.0035641664011599,0.83846,0.7422,0.75711
620200,620000,nationwide_score,0.817,12.6443308022626,5.53782992541305,0.161057318603,0.101663760056,0.967741935484,0.0830055951012789,-0.189315323875079,0.154353194612269,-0.0187200084807568,-0.0116552986834902,0.0265080900931756,-0.108055335648524,0.0986568102108511,-0.291314834843277,0.053503117851778,0.178369944714036,-0.0983657039193887,0.121194716212162,-0.0988918023204485,-0.198700325276794,-0.208551000497397,0.0882239973541826,0.133099436652876,0.0476549881872187,-0.0154270952714063,-0.0550112506092439,-0.0983548762519453,0.0729276786016381,-0.0783440601900136,-0.107436359730414,0.137384556996868,-0.0327174192755001,-0.0637473581910118,0.120392991115192,0.114613870600451,-0.0163701855880009,-0.0375970763694573,0.0226589300841848,-0.129042031033433,0.130535873023075,0.0951432567347268,-0.219971244568825,-0.0627295935636824,-0.0763548614848051,-0.146972284154813,-0.0175695849728442,-0.157712013175511,-0.0072260713202565,-0.0295915098331436,0.0210282229886694,0.17576428496864,-0.060010301390205,0.116729614226599,0.0394455408274217,-0.0283159096679036,0.046002630147493,0.0743548542233153,-0.0058128752012203,0.0177014954421701,0.176579242899615,-0.100913880312277,-0.095539934737849,-0.038547704607734,-0.348080616103171,-0.0776786222964743,-0.0159777251758982,-0.107305692567651,-0.22199856963469,0.0450897365561828,10.0592525967784,0.947688476912,1.50522628497585,1.51478450170534,0.000799765660133,0.89523,0.75806,0.80408
620300,620000,nationwide_score,0.783,12.9945322786191,4.072523468903,0.143462024786,0.125642741978,0.772727272727,0.0710681277856848,-0.152102543891408,0.155356158838905,-0.0385162646265286,-0.0356384931360424,0.078001978693289,-0.0672272536819728,0.104086492457703,-0.245726575019856,0.0421120662653125,0.143121896704064,-0.118034203219612,0.12301969704229,-0.048955757637946,-0.151189036174866,-0.196603374175045,0.0097495228479759,0.124747507524276,0.0493831384471358,-0.0345812409498537,-0.0514313005847849,-0.101639858238799,0.0700059874359223,-0.0786996588836526,-0.125211473314774,0.128924271012264,0.0103206393812336,-0.102913259664815,0.090047908391525,0.16213814299403,0.0215966974366879,-0.0260855702957386,0.0408122841271983,-0.119778201816081,0.0902611732791126,0.121919915607889,-0.205432690510591,-0.0221710860495444,-0.0735150231241499,-0.137264025856771,0.025342575073893,-0.134067697600502,-0.0133064193957326,-0.0923261216454208,-0.0288820722347248,0.150538468117644,0.0125972411658,0.0712569398475561,-0.0014378336988312,-0.107198546779483,0.0674085021410679,0.0532954906217718,-0.0078461253813394,0.0122112701176744,0.170710771360103,-0.0734685990141959,-0.156045142072049,-0.0725855899413088,-0.31252946869016,-0.0411676705066285,-0.0319550338266017,-0.14111359025011,-0.224915609076353,0.0468668353727907,10.0375832745332,3.20774272736,3.99658777950839,3.70909239229952,0.0843622713305998,0.86154,0.70677,0.78769
620400,620000,nationwide_score,0.724,14.2276208710425,4.3324272349882,0.191503469059,0.127703767337,0.562913907285,0.0573102563120161,-0.168656760932775,0.200947326614375,-0.0700557890550464,-0.0337711928502926,0.0498718610205746,-0.111892115287373,0.0885562187724696,-0.227410759929253,0.0479083449179634,0.0901213359202949,-0.120145662145594,0.0437984878183654,-0.0182037942298849,-0.136159208596143,-0.222567654532577,-0.0388335744279376,0.142770336498062,-0.0135051109292696,-0.0407332588216653,-0.0411427561593663,-0.0402314230846141,0.0651488836154185,-0.0826057974203214,-0.145715225142015,0.154199485433898,0.0643104435749106,-0.0829135142888727,0.047694217298347,0.158212692369808,0.0603915371396496,-0.0201846520903856,0.046245640241468,-0.109134912892294,0.122902634782109,0.09146471772789,-0.211170752928076,0.0183500602048725,-0.0638059157713216,-0.106391043907823,0.0226028048732434,-0.116111081900259,-0.0517576063213915,-0.122202967355579,-0.067307772585699,0.162311944005138,0.0726114995403547,0.0464513583098442,0.0084962565178788,-0.129756792945342,0.0776454158973801,0.115715899625384,0.0006826066651492,0.0731490041025335,0.138820149247811,-0.0980246964213749,-0.192541390734757,-0.0993688795013194,-0.274269129806533,-0.0609676808545255,-0.0625821178292588,-0.158317901131877,-0.151817826000753,0.0493120457744286,9.30078321677105,3.42262798537,4.29974786003756,3.4130884666898,0.170872693019,0.85138,0.68742,0.64948
620500,620000,nationwide_score,0.687,14.907434194052,5.34579808783103,0.209047278439,0.117593265011,0.456375838926,0.0306689395221796,-0.138473459954267,0.128227365445935,-0.0603634927192777,0.0276804467749441,0.0265533099616082,-0.0874830680547481,0.100178327430644,-0.156074880508983,0.0682838596595207,0.0725203636379893,-0.115770625012907,-0.0471321523413231,-0.0413977924120002,-0.151193102626724,-0.314966844449827,-0.0241535959250456,0.146501314728145,-0.0999557328999559,-0.0116743578846756,-0.0857051894308028,0.0152983517352279,0.0544474590391616,-0.101784435955234,-0.080924164563972,0.114158693741749,0.0633078991345335,-0.105304475345649,0.0835387429822364,0.13135443029919,0.0350369166846201,-0.0165450594659723,0.0022587833404209,-0.0270167951987826,0.117090039486735,0.0639343858820546,-0.227142544786315,0.0134405645897823,0.0016057909950515,-0.0685362955430694,-0.0050555991907136,-0.0399158720435218,-0.104467718961977,-0.020944476194945,-0.0682993206501177,0.15463133328875,0.0598736309531691,0.0497856406793674,0.0220630933392637,-0.062156452439699,0.0710959156302983,0.117351797028979,-0.0230566179413611,0.12177090415255,0.174457264441772,-0.182610122657694,-0.14143999885964,-0.10077388064252,-0.314312598927304,-0.10337445866232,-0.0765447815580657,-0.226082767912035,-0.115692591536014,0.0660944590899406,9.11519779557529,2.56774419149,3.40452271311061,2.74830217830066,0.0177510849775,0.84923,0.64677,0.59133
620600,620000,nationwide_score,0.723,14.1939476786158,3.82993725600438,0.178527538158,0.124618635697,0.472602739726,0.0412744275344378,-0.150346241854973,0.162858717782093,-0.0508662443585569,-0.0376649254063779,0.0646345918742914,-0.0606118038652964,0.123592648358854,-0.203623704914652,0.0320028045585872,0.118792780851127,-0.148779472802463,0.120870893228243,-0.0230929359023655,-0.141235546321936,-0.207714131146753,-0.0515805847452639,0.0791486473953781,0.0471439537456397,-0.0481290233256198,-0.0419551704821128,-0.0901473008102357,0.098144166148061,-0.0808603279293021,-0.123478597520741,0.128287897420527,0.0309899255400218,-0.115612991566062,0.0767526395308173,0.168406857122318,0.0390823732276947,-0.057509359691334,0.0395109080906913,-0.0923943221905395,0.0925976547069323,0.157532346787125,-0.202029062641424,0.004413268288166,-0.0645877328264316,-0.143606235912257,0.0356634766897554,-0.127738019357373,-0.0285990656393202,-0.10675296767683,-0.0752565289560506,0.172718333023388,0.0756442086385111,0.0443098177530712,0.0044832666501344,-0.145087093177456,0.0878310521020865,0.0904435547349088,-0.0352546693391577,0.0275719452864474,0.155255552597508,-0.0930914020092985,-0.179008065292158,-0.0666687101659436,-0.304061653467174,-0.0506859468620684,-0.0649393143934832,-0.135354075964717,-0.19361255532873,0.0360597479783907,9.19555697654966,3.32236046592,4.03263981782563,4.03710097511384,0.0869045187363998,0.85631,0.66777,0.66219
620700,620000,nationwide_score,0.728,13.9377290756439,3.41365752125457,0.170319991034,0.120935605396,0.513274336283,0.0536694499058343,-0.138970679004247,0.184294696625976,-0.0622865500286649,-0.0486649100639784,0.0655229668205787,-0.0577838279947094,0.113738946679091,-0.229518631016484,0.0130362198670385,0.128047627963122,-0.122323825174581,0.132393049697308,-0.0288908402680516,-0.148104675451905,-0.183767103201202,-0.0125442661748634,0.0814895595537906,0.0538937161274448,-0.0324919850733513,-0.0252741998178629,-0.0947376798501611,0.0956152686907338,-0.0845591859163335,-0.111269997319217,0.131832073485322,0.0115476969817706,-0.119213885724306,0.0975227886753495,0.151618079130729,-0.0008920400167452,-0.0678799788748823,0.0248110385125814,-0.109344464779827,0.0957729071093583,0.143766236042809,-0.200279676863279,-0.0073255864331852,-0.0815161866151058,-0.172795914225857,0.003607020476326,-0.140515231639294,-0.0391849029454209,-0.105101099308554,-0.0668886155587773,0.173231349568493,0.0413379324483139,0.0584750284451355,0.0295386056565785,-0.100616279802706,0.0783894652135653,0.0887203057789337,-0.0248317439017256,0.020611863733305,0.139318545175838,-0.0648900803669053,-0.141015252053442,-0.0636616189880649,-0.311131399092704,-0.0448775051446956,-0.0495761495518842,-0.151052773000015,-0.228262393491528,0.0434597896375363,9.78659173380586,3.14646299079,4.00715554327871,3.86269167455823,0.0831879683592998,0.83385,0.67726,0.6843
620800,620000,nationwide_score,0.69,14.4252766730633,5.1145902638453,0.198373675329,0.131637556412,0.451086956522,0.0368036741090642,-0.169905572916882,0.15498445617326,-0.0799516794904627,0.0202208398425412,0.0344366743251995,-0.101002861614715,0.11881821342269,-0.193068735068762,0.068384310017208,0.0779925677301777,-0.111958441305961,-0.0016675102193342,-0.0374856690962451,-0.14387599276934,-0.28116949346112,-0.0391065637410579,0.133693361977585,-0.0878681425168477,-0.0132079806847518,-0.0734619592758144,-0.0107947511564306,0.0772662849396019,-0.0875058099632425,-0.0751506034791901,0.147252448509657,0.0497629532810803,-0.116244086456029,0.0761017467157882,0.124526599314322,0.0100972669092522,-0.0217944154493281,0.0335758526088413,-0.0449405336409301,0.14440758263029,0.0883767570192839,-0.21523298178566,-0.0016066714063856,-0.0277218845213564,-0.10317231808464,0.0026740732000982,-0.0823885090539647,-0.0738094200485259,-0.0392221755622418,-0.075982923198901,0.170450117817611,0.0793172304379303,0.0572665070044799,0.0252763924266795,-0.0995913589479537,0.084781766999254,0.13174789918631,-0.0069323512564282,0.118451593103486,0.135863086106979,-0.158954706256505,-0.144496868544635,-0.10351320691064,-0.312582487069738,-0.0886792995439894,-0.0802929735791846,-0.188353447092108,-0.117087198318446,0.0539595829422987,9.10558655629667,2.66229387782,3.50132327328424,2.9631974968898,0.0341801899136999,0.83077,0.6465,0.61264
620900,620000,nationwide_score,0.764,13.873780409484,1.99077284993185,0.151106273829,0.109963528976,0.641509433962,0.0886413876614614,-0.111274213483517,0.167596649874095,-0.0536778130438184,-0.0330587401148187,0.0899221618357251,-0.0593961522893824,0.120203816175734,-0.249566221451435,0.0278232987911065,0.13835189048012,-0.124977793896768,0.0813894067500345,-0.0421311107048438,-0.140019530385061,-0.171850357172441,0.0182012279272957,0.075987068688413,0.0795379955746971,-0.0263271190467784,-0.0405131736406389,-0.113885041544038,0.0462515294502701,-0.0956730391377093,-0.108916979355344,0.150828477777412,0.0262215697659353,-0.12478492581357,0.097040713874779,0.157457289343535,-0.0096297062895595,-0.0634753103779889,0.029492636751017,-0.124299395769493,0.0682020076648346,0.160780403484662,-0.202278912253769,-0.0053921580414955,-0.106545056308231,-0.185606113120531,0.027096763432839,-0.129236542264862,-0.0249512093396759,-0.10422295175761,-0.0499533422593061,0.162632876406373,0.0115314011875404,0.0534279387623262,-0.0069024581493108,-0.073714206046351,0.060567155038877,0.0765031797629103,0.0039468074927073,-0.0176386439668996,0.13688859500193,-0.0477613751732033,-0.111440591965715,-0.0279712895213709,-0.313026757180089,-0.0205834757893013,-0.0458278152911997,-0.159565143026192,-0.254047907109942,0.060302316714416,10.0438526763734,3.68091811214,4.53935619358009,4.38510434889886,0.143845111807,0.85538,0.69756,0.74657
621000,620000,nationwide_score,0.727,14.5948358934808,4.39966951698432,0.219860580236,0.119166647092,0.417431192661,0.0427609855665608,-0.171093275474862,0.200348058558344,-0.104893355849123,0.0164360293134016,0.0192181704330512,-0.117764469237271,0.121014642271385,-0.212132974242053,0.0454433591336261,0.0756888569553722,-0.082068922837369,0.0107714946371329,-0.0113729703376827,-0.119836529777079,-0.23670819838337,-0.049628982020806,0.153087306755473,-0.0718125976987975,-0.0286954087642594,-0.066723193190001,-0.0192578675642916,0.0941630847427262,-0.0740948607495528,-0.0908476529237774,0.14683081212293,0.0328726185657404,-0.123519425527351,0.0761131635501347,0.11785634825678,0.0311758295272251,-0.0572180217051431,0.069005592202847,-0.0559965188231496,0.151019390523433,0.126230301680819,-0.232164884285416,-0.0016313190983287,-0.055065316648101,-0.0728997054208964,0.0001161198702356,-0.0791895409258261,-0.0683173823151182,-0.0589022759385201,-0.0881835440595472,0.193540469806192,0.100465128213402,0.0816056171490038,0.0342265388397969,-0.140521545938624,0.0897068674253311,0.141329832090037,-0.0082938262712023,0.0969441113503902,0.102415381919592,-0.161281063388488,-0.161891209026648,-0.0914366565549785,-0.253082481080445,-0.0652054484791646,-0.123510738889374,-0.149566758902714,-0.104997506487233,0.0109590584815667,9.00232944911739,3.17848717955,4.07866679686348,3.56074618888758,0.0934536292632,0.88138,0.66164,0.65798
621100,620000,nationwide_score,0.663,14.7397698563129,4.86312292023074,0.205376786102,0.121997172487,0.384920634921,0.007827876731407,-0.165482190803083,0.140875114620205,-0.0555027639654365,-0.0179545625955892,0.0285073532445505,-0.108893472890405,0.0728542029965406,-0.196200645868729,0.116961991772311,0.0710462428100424,-0.139273644170502,0.049973363020905,-0.0343708188884827,-0.180368795543792,-0.256501846107072,-0.0465546111431489,0.139297860685249,-0.0495164012641656,-0.0415578533096938,-0.038032207346156,-0.0097055820902036,0.0988770428131387,-0.100112881028776,-0.106285754832125,0.0814445837884271,0.0424878984199502,-0.0616133476775963,0.0516019352895816,0.131167058324171,0.0448034905992658,0.0180064269844458,0.0207250532327056,-0.062915944479905,0.133894206368192,0.0439613720790472,-0.178550479368625,0.0319686384969046,-0.0479666994838742,-0.0786383873986538,-0.0124706107450441,-0.0905206881993796,-0.109552301157726,-0.0578590473260676,-0.0602889293931149,0.152318220862198,0.0773380186998905,0.0355290770176409,0.0322346141521934,-0.103304564025767,0.0851756658270477,0.105543099910228,-0.0211565507542308,0.143023664466038,0.18748484940726,-0.153597799704159,-0.192895697152503,-0.121270144681483,-0.314184295143505,-0.108418064024108,-0.0749770975866399,-0.184604340075705,-0.125998112835797,0.0459073446673056,8.75130682691432,2.86124719468,3.66398792104107,2.88694120017837,0.0281535832143,0.82,0.64172,0.55444
621200,620000,nationwide_score,0.663,14.6909797119848,4.4667237374311,0.216822815303,0.114651804227,0.3625,0.0031163727773001,-0.110792003335359,0.145060239589246,-0.0405104934319858,0.0307826359391237,0.0162995778814687,-0.139206384328413,0.0910953017136264,-0.136523322993239,0.115552950421593,0.0664191937790533,-0.106306574307233,-0.0416866704069064,-0.0277049162981647,-0.147904845221162,-0.302276935862836,-0.0071937709665021,0.125910861646368,-0.146491655955986,-0.0172262105549021,-0.0996430312346849,0.0325042835712642,0.0410584886196132,-0.0892074341187305,-0.0751295541907744,0.0568170635677652,0.0464486886722203,-0.0759409828595428,0.0783008138789472,0.114608546248371,0.0224813168412565,0.013812392413164,-0.0173910230890628,-0.0276537749680734,0.0651317036111794,0.0190563538328301,-0.206775640006937,0.0232777833084439,0.001219633319619,-0.041618220099752,-0.011040231898992,-0.003588305374573,-0.107629190717923,0.0066266391684596,-0.069576178728348,0.151902040842613,0.062559630671207,0.0476175515750409,0.0466324178077788,-0.0325184583687866,0.0359323145584527,0.0839491455084713,-0.0037380460045676,0.123005957268484,0.192400729405433,-0.209139168872176,-0.141101265312938,-0.12323402609911,-0.345471265459129,-0.13679638227674,-0.0938574855862246,-0.261083092758215,-0.0746650652557446,0.0591021960367083,8.66775458029579,3.45802809384,4.18862759874381,3.74071188233734,0.111707599612,0.85203,0.6043,0.56514
630100,630000,nationwide_score,0.761,14.7197291134624,5.78738077312113,0.164376020998,0.091966481045,0.785425101215,0.023420499258892,-0.264914367674246,0.14570233030408,-0.0283629645656837,-0.0235058854233336,0.0116613080964854,-0.0787715820742065,0.0686190188630027,-0.248488683084188,0.153364996289207,0.0891499733599457,-0.127018538103939,0.111475673864349,-0.0724189469921752,-0.189625294039064,-0.244164742438507,0.0019633961215825,0.140466131678859,-0.0031238880978307,-0.0352223405472957,-0.0271219295386347,-0.0379160810619774,0.0843405598206748,-0.0744545253600328,-0.0766753649862118,0.105355100740168,0.0068587427116009,-0.0476350771877846,0.0592768807288954,0.0684399159245531,-0.0168121835511356,0.0297388506042417,-0.0245466167930878,-0.0870526873594122,0.162499480173754,0.0044131374131076,-0.161297305972512,-0.0198002954071037,-0.0457812408749638,-0.122916731321952,-0.050546313466485,-0.117172890783087,-0.0764217333393648,-0.0144293721543422,-0.0090828448807721,0.183094659393525,-0.0146621696617894,0.0751629876322695,0.0359793118166591,-0.0279419358378513,0.0646611150373562,0.0970631366448585,-0.023680891082805,0.128017228012381,0.201727696531631,-0.172687845908575,-0.151950782828448,-0.104693311921032,-0.324951148287316,-0.102138051695625,-0.0401733484417864,-0.110170997924226,-0.187289915458485,0.0321115958384314,10.0528804892009,1.42988762774,2.29396391935205,2.23841370491249,0.00441371482121,0.84769,0.71145,0.72975
630200,630000,nationwide_score,0.707,14.1229959930061,4.65967447426535,0.227101054475,0.0927450929150999,0.404411764706,0.0083258922625029,-0.23259506187859,0.151126170521997,-0.0572038032763191,-0.0552597803343545,0.0404963908708233,-0.0871764644689235,0.0820937216630449,-0.206661522956962,0.135140650937832,0.0651662176343702,-0.159507122230176,0.0913265461665197,-0.0518326730702235,-0.156668523218061,-0.228587467770598,-0.0603883902290329,0.124866754221159,-0.0242268132001017,-0.0499166872266598,-0.0284062791418284,-0.0281720854359249,0.0994114991992174,-0.078565163273563,-0.100951987303521,0.0983816310810099,0.0132265368714345,-0.0598122713789649,0.047577603779184,0.126779944780591,0.0156615536583182,0.0368005166996293,-0.0137860850793225,-0.0695112113895373,0.144895541878324,0.0456661073727399,-0.14398727947359,0.0065847780950426,-0.0499099186910189,-0.116962613380681,-0.0204337794560585,-0.0968222067492217,-0.0915916683148583,-0.0268769378108594,-0.0352242200725863,0.160960512929461,0.0612660132445721,0.0307106801662035,0.0071648312294844,-0.0978978267059927,0.0964442501835515,0.0906089319255704,-0.0154884810385058,0.132910797006324,0.188970486800689,-0.151384094592476,-0.192062074128393,-0.0973187125992561,-0.3388052961288,-0.0638001311453824,-0.0585118071593493,-0.143040442971499,-0.192068295561422,0.0419619055904425,9.09580060065931,2.42782757354,3.3263381797963,2.90240608267742,0.0181398632724,0.85077,0.61833,0.6717
640100,640000,nationwide_score,0.796,14.8663325324463,6.03141100310788,0.1811288865,0.079851411651,0.804195804196,0.129461893636947,-0.22511044554936,0.159980357008892,-0.0787632712682917,-0.0063760798082117,0.0373211869218354,-0.0296692108869579,0.0619618401345584,-0.242012469133215,-0.0154191256488882,0.103268746448562,-0.120565192180937,0.0034482724162659,-0.0596122724984153,-0.133199651485475,-0.277505129263271,0.0175319796739638,0.0714605408999058,-0.0109179402719848,0.0309797524053787,-0.0421431182582542,-0.0588711149810652,-0.0391978261600435,-0.0972462156343762,-0.0661094284668097,0.221652746420228,0.061902332529827,-0.112044737752865,0.107062609557562,0.134506015621261,-0.0050313721982425,-0.114970106507691,-0.0041324188603115,-0.08133441865646,0.177776488834113,0.127225358691119,-0.239955492510326,-0.049003873852543,-0.043733462955653,-0.191648034636588,-0.0548702325173915,-0.100504257871294,-0.0387904045410854,-0.0777980899220405,-0.0511966480126951,0.156333045685524,-0.0442095873475575,0.0941745676466209,-0.0140515925635863,-0.0212278990925213,0.0241539553415057,0.111284231872322,-0.0204741774779363,0.0364119443981085,0.146079880038203,-0.0977718918818501,-0.0968032631694009,-0.0397263978786787,-0.268652754826037,-0.0273546225181098,-0.0013920637208343,-0.14328636672491,-0.233513497191802,0.130819359859379,10.201905278842,1.7846719341,2.71211038559971,2.28853404319065,0.00519917615673,0.88923,0.74296,0.7629
640200,640000,nationwide_score,0.778,13.5278298188449,5.21947249288817,0.155358040391,0.110493072615,0.786666666667,0.0976155706566433,-0.225017482698862,0.196816314994265,-0.0798599957463906,-0.0013961213116645,0.0271624757522848,-0.13493767079595,0.0800700912111891,-0.246251420839596,0.0045028345158124,0.150325469937377,-0.0663077037416245,0.0413672717896894,-0.0298823544386065,-0.140394657514291,-0.220767520156096,-0.0127737563182337,0.132331328185297,-0.0034538907503115,-0.0167871742297529,-0.0821574214245795,-0.0204570026564517,0.0091220121776733,-0.0496216420402933,-0.143835061587559,0.200520990195448,0.0295313042987887,-0.0931318307600337,0.108346732848269,0.119528040146431,-0.0192175554199499,-0.0879514971950544,0.0552520807727442,-0.125885535513819,0.153562254708174,0.147415404537769,-0.217951095685893,-0.0248880420996527,-0.0753284269625192,-0.12888314475419,-0.0266565139652567,-0.136545816885033,2.39975952008088e-05,-0.119610491516037,-0.051176827799316,0.168497100134956,0.0301948104573941,0.111416064310095,0.0308708592350924,-0.0833707335284949,0.0534900980386198,0.114048276800752,0.0392380761996286,0.0262719970193992,0.0937338762739006,-0.0767898262869103,-0.114483212782213,-0.101663222036949,-0.291867679562311,-0.0628536054425355,-0.0350866797446683,-0.120863369697066,-0.157815473532953,0.0826085047706676,9.54174646399722,2.26080340307,3.24492577139175,2.52979558483502,0.0072172132860499,0.86923,0.70428,0.7685
640300,640000,nationwide_score,0.74,14.1375947817708,4.42021180126955,0.229663915386,0.083552185281,0.557971014493,0.0908444445202559,-0.159402103432829,0.172673520197246,-0.0862979914725232,-0.0321421848681379,0.0479005365112774,-0.0785236606148458,0.0844516657379809,-0.231436853646318,-0.0116976337511729,0.0949585080029949,-0.122540670250537,0.0328713181591254,-0.0148699761430609,-0.129299505813978,-0.232977835784262,-0.0229778245453059,0.0973574026243993,0.007473963229398,-0.0147825903591104,-0.0467140003673507,-0.0700180472984179,0.0367696664956429,-0.0858263492599972,-0.123684530483774,0.198454412433525,0.0680870996422194,-0.119341378028025,0.0924109346192771,0.157631485333491,0.0370816775792502,-0.0901727504244197,0.0415488054265876,-0.108435722279628,0.146764869795164,0.143978944380051,-0.227808456034205,-0.0047266763901017,-0.0626913188366355,-0.163803754050061,-0.0010396394064162,-0.127573674367936,-0.0351911386594414,-0.126558976696089,-0.0814338664560612,0.179226602417537,0.0282471267392939,0.0628461767999163,-0.0065513791783127,-0.0974777491527569,0.0567780200120475,0.113731100576583,-0.0102813426670175,0.0410127969443257,0.132118207249569,-0.0902120940890482,-0.156149527356903,-0.056698930932835,-0.25487627517772,-0.0391442753284391,-0.0512116519769258,-0.151302059684208,-0.18811002715061,0.0638213035672828,9.45958042801167,3.01681244708,4.04052180490548,3.20745294823464,0.0927688667668998,0.86923,0.66938,0.69761
640400,640000,nationwide_score,0.714,13.9465396975633,4.69404672432088,0.241350796038,0.0939248112247998,0.438596491228,0.0336322324339335,-0.164495904456114,0.149548868075219,-0.0998385315569318,-0.0035935562964878,0.0322386069117204,-0.0829989649690409,0.0971661837105613,-0.192194098070589,0.0803115420530527,0.0740518141697786,-0.148267765075592,0.0396425725027895,-0.0286798558526992,-0.15574495107049,-0.239704154072686,-0.0485756426037225,0.126853645645283,-0.024753747542891,-0.0541949181749066,-0.0330814730087615,-0.0252087656975463,0.110310302717249,-0.104143542255249,-0.114953740657698,0.113787681956813,0.0406789286923706,-0.113614063110067,0.0689970943160537,0.148690502666284,0.0510135825414363,-0.0232674369131915,0.0410201361845217,-0.0473803259958518,0.14331521965222,0.11013938408283,-0.186815003483757,0.0232581324939671,-0.0659474538344746,-0.097200068203189,0.0013247682648433,-0.0881439166511924,-0.0827116604737213,-0.0599044779328221,-0.0880942850858603,0.183887281999735,0.0892011887641162,0.0251341218664768,0.0043047644408481,-0.134499952389339,0.104805463356903,0.117339789252836,-0.0365837243708278,0.140952994946298,0.166980485186941,-0.133086031924728,-0.185116350696367,-0.0933891179453597,-0.271648739237204,-0.0840896752327941,-0.0861575441166352,-0.152771800059193,-0.145792241464688,0.028210163959754,9.26856541948917,3.17208518785,3.87137210133776,3.04253432191596,0.0420414110113,0.87385,0.6517,0.64004
640500,640000,nationwide_score,0.733,13.8831701410171,4.37504511587068,0.227895574444,0.0888553102149999,0.495327102804,0.0749813403411883,-0.162118883530722,0.18913753174007,-0.0829137353660353,-0.0386764596507259,0.0525643655947364,-0.0906451285309809,0.080854776046619,-0.230256884945501,0.0124353125790112,0.0901693818173325,-0.118297731954605,0.0481486642983188,-0.0047011858612157,-0.137456125109873,-0.22803622237049,-0.0341048316399121,0.104307731159823,-0.0008437615934546,-0.0224686008541554,-0.0422458224357611,-0.0672631275720164,0.0578232528143667,-0.0827081174603616,-0.133878162327777,0.18524115322369,0.0713723800954649,-0.108588409369451,0.0705792875514691,0.155030994856797,0.0373184654435633,-0.0620916143805346,0.0396178503476076,-0.110800460312989,0.147502133693105,0.122957464036483,-0.226000468114098,-0.002957608398767,-0.0672894669920069,-0.151043485678951,-0.0014819784553829,-0.125381597004282,-0.0504538590110631,-0.123264505328739,-0.0853903937316477,0.174493138550881,0.0519567422199901,0.0491036520696072,0.0003235224040204,-0.105764745852991,0.0688892487274462,0.121298551020468,-0.0054186147977235,0.0595306235514282,0.136479726023263,-0.0949950747552733,-0.164485948120441,-0.076377813897215,-0.269955297187749,-0.0631968440398309,-0.0611626564530495,-0.155654816858904,-0.177441788116842,0.0633986632589154,9.39105861923392,2.83723194222,3.7223699512662,3.03074787977423,0.0266500672857,0.86031,0.66814,0.6841
650200,650000,nationwide_score,0.871,13.038983942376,4.18042358164358,0.143174350813,0.0885439904825,0.913043478261,0.107546581993562,-0.221966881007901,0.143148810013604,-0.167524533667813,0.0771940288747392,-0.0375866720646953,-0.153663979456073,0.106405263096272,-0.241514077983746,0.01843229939674,0.161504317953402,-0.120586942076521,0.0131346888047305,-0.0837430813316063,-0.205459163628678,-0.0257326082488611,0.103023466882418,0.071581139734769,0.0660016069424237,0.0178659532345195,-0.0310633098501603,-0.0513617124382346,-0.0058747992571922,-0.110619899514823,-0.0950687806030363,0.24655137991546,0.0464312194084569,-0.0607331583955248,0.236927783729353,0.0153640884012449,-0.0161775939677527,-0.16257313739722,0.0788792997562819,-0.075741088096926,0.136434567111097,0.217827930306672,-0.14493883301201,-0.0106963251029164,-0.189717997331238,-0.0254696832897357,-0.101109473824154,-0.160740084525408,0.0130032694818251,-0.073104590043923,-0.0508168651979709,0.225215205581151,0.0554684326917456,0.0366158583557177,0.0385513028168863,-0.108687637392308,0.0877539855084834,0.0274400794114693,0.0139224150696059,0.0066484251410562,0.0993501349323211,-0.0543971013557573,0.0011645214464838,-0.0908684022225651,-0.109195884854575,-0.0148929811093956,-0.0139270596819409,-0.0506916946092845,-0.186705066270672,0.0231839801241097,9.94168244707522,1.82929630448,2.07984027685315,2.57379203470445,0.0097313728558599,0.94985,0.76586,0.90785
