country,unit,province,method,observed,predicted,signed_relative_error_pct,absolute_relative_error_pct,pass5,pass8
China,130100,130000,A,0.778,0.79884027729,2.67869888046,2.67869888046,True,True
China,130200,130000,A,0.799,0.797953545216,-0.130970561202,0.130970561202,True,True
China,130300,130000,A,0.778,0.788439503261,1.34183846542,1.34183846542,True,True
China,130400,130000,A,0.745,0.762091731943,2.29419220711,2.29419220711,True,True
China,130500,130000,A,0.732,0.763094098409,4.2478276515,4.2478276515,True,True
China,130600,130000,A,0.74,0.769000016928,3.91892120649,3.91892120649,True,True
China,130700,130000,A,0.742,0.76098591576,2.55874875472,2.55874875472,True,True
China,130800,130000,A,0.751,0.750435978683,-0.0751027053262,0.0751027053262,True,True
China,130900,130000,A,0.757,0.760128384027,0.413260769749,0.413260769749,True,True
China,131000,130000,A,0.78,0.793633511106,1.74788603923,1.74788603923,True,True
China,131100,130000,A,0.743,0.757155351311,1.90516168385,1.90516168385,True,True
China,140100,140000,A,0.822,0.830485692991,1.0323227483,1.0323227483,True,True
China,140200,140000,A,0.761,0.781157308887,2.64879223219,2.64879223219,True,True
China,140300,140000,A,0.775,0.784626885436,1.24217876594,1.24217876594,True,True
China,140400,140000,A,0.766,0.757536358944,-1.10491397598,1.10491397598,True,True
China,140500,140000,A,0.779,0.785199419133,0.795817603723,0.795817603723,True,True
China,140600,140000,A,0.786,0.766380258746,-2.49615028677,2.49615028677,True,True
China,140700,140000,A,0.761,0.776716680231,2.06526678463,2.06526678463,True,True
China,140800,140000,A,0.749,0.761868050689,1.7180307996,1.7180307996,True,True
China,140900,140000,A,0.748,0.756035461496,1.07425955829,1.07425955829,True,True
China,141100,140000,A,0.756,0.760878723608,0.645333810582,0.645333810582,True,True
China,150100,150000,A,0.802,0.811073251496,1.13132811671,1.13132811671,True,True
China,150200,150000,A,0.817,0.82698473557,1.22212185679,1.22212185679,True,True
China,150300,150000,A,0.805,0.824461728417,2.41760601453,2.41760601453,True,True
China,150400,150000,A,0.738,0.743529884119,0.749306791192,0.749306791192,True,True
China,150500,150000,A,0.745,0.729288548755,-2.1089196302,2.1089196302,True,True
China,150600,150000,A,0.818,0.791925147131,-3.18763482506,3.18763482506,True,True
China,150700,150000,A,0.761,0.769718282568,1.14563502865,1.14563502865,True,True
China,150800,150000,A,0.763,0.752760003837,-1.34207027038,1.34207027038,True,True
China,150900,150000,A,0.746,0.756572589844,1.4172372445,1.4172372445,True,True
China,210100,210000,A,0.826,0.827177086883,0.142504465254,0.142504465254,True,True
China,210200,210000,A,0.835,0.810881069492,-2.88849467162,2.88849467162,True,True
China,210300,210000,A,0.785,0.794726294539,1.23901841261,1.23901841261,True,True
China,210400,210000,A,0.761,0.778622511231,2.31570449816,2.31570449816,True,True
China,210500,210000,A,0.798,0.783351059878,-1.83570678221,1.83570678221,True,True
China,210600,210000,A,0.761,0.762920653254,0.252385447306,0.252385447306,True,True
China,210700,210000,A,0.776,0.768572732781,-0.957122064304,0.957122064304,True,True
China,210800,210000,A,0.778,0.790864050267,1.65347689807,1.65347689807,True,True
China,210900,210000,A,0.753,0.75861385843,0.745532328021,0.745532328021,True,True
China,211000,210000,A,0.781,0.784692772199,0.472826145839,0.472826145839,True,True
China,211100,210000,A,0.822,0.819601414007,-0.291798782603,0.291798782603,True,True
China,211200,210000,A,0.738,0.742509979931,0.611108391734,0.611108391734,True,True
China,211300,210000,A,0.737,0.744634111346,1.03583600353,1.03583600353,True,True
China,211400,210000,A,0.748,0.756770767515,1.17256250201,1.17256250201,True,True
China,220100,220000,A,0.817,0.787134777284,-3.65547401665,3.65547401665,True,True
China,220200,220000,A,0.765,0.775629211051,1.38943935307,1.38943935307,True,True
China,220300,220000,A,0.737,0.745361321964,1.13450772917,1.13450772917,True,True
China,220400,220000,A,0.762,0.752504549834,-1.24612206903,1.24612206903,True,True
China,220500,220000,A,0.755,0.772551994107,2.32476743139,2.32476743139,True,True
China,220600,220000,A,0.772,0.787136905727,1.96073908381,1.96073908381,True,True
China,220700,220000,A,0.731,0.738515026031,1.02804733666,1.02804733666,True,True
China,220800,220000,A,0.73,0.745592248187,2.13592440918,2.13592440918,True,True
China,230100,230000,A,0.793,0.795050919627,0.258627947919,0.258627947919,True,True
China,230200,230000,A,0.746,0.737812976907,-1.09745617869,1.09745617869,True,True
China,230300,230000,A,0.758,0.784851702231,3.54244092757,3.54244092757,True,True
China,230600,230000,A,0.81,0.777979017233,-3.95320774901,3.95320774901,True,True
China,230700,230000,A,0.774,0.780190386212,0.799791500258,0.799791500258,True,True
China,231100,230000,A,0.77,0.756450935925,-1.75961871104,1.75961871104,True,True
China,350100,350000,A,0.827,0.825009809941,-0.240651760459,0.240651760459,True,True
China,350200,350000,A,0.845,0.842264528696,-0.323724414675,0.323724414675,True,True
China,350300,350000,A,0.795,0.805083911328,1.26841651925,1.26841651925,True,True
China,350400,350000,A,0.809,0.77825069198,-3.80090333993,3.80090333993,True,True
China,350500,350000,A,0.807,0.806965412604,-0.00428592267658,0.00428592267658,True,True
China,350600,350000,A,0.788,0.78737852821,-0.0788669784264,0.0788669784264,True,True
China,350700,350000,A,0.784,0.77514316583,-1.12969823597,1.12969823597,True,True
China,350800,350000,A,0.802,0.788605247605,-1.67016862781,1.67016862781,True,True
China,350900,350000,A,0.785,0.785385081205,0.0490549305732,0.0490549305732,True,True
China,360100,360000,A,0.815,0.817718244618,0.333526946994,0.333526946994,True,True
China,360200,360000,A,0.76,0.786144212116,3.44002791,3.44002791,True,True
China,360300,360000,A,0.77,0.777383364119,0.958878457013,0.958878457013,True,True
China,360400,360000,A,0.763,0.775204846911,1.59958675111,1.59958675111,True,True
China,360500,360000,A,0.794,0.800222316337,0.783667044962,0.783667044962,True,True
China,360600,360000,A,0.784,0.775977321394,-1.0233008426,1.0233008426,True,True
China,360700,360000,A,0.744,0.764172625033,2.71137433239,2.71137433239,True,True
China,360800,360000,A,0.75,0.754634046682,0.617872890933,0.617872890933,True,True
China,360900,360000,A,0.749,0.761311723034,1.64375474419,1.64375474419,True,True
China,361000,360000,A,0.742,0.751333887609,1.25793633544,1.25793633544,True,True
China,361100,360000,A,0.741,0.757993180735,2.29327675236,2.29327675236,True,True
China,370100,370000,A,0.83,0.813471908692,-1.99133630217,1.99133630217,True,True
China,370200,370000,A,0.844,0.822228926245,-2.57951110841,2.57951110841,True,True
China,370300,370000,A,0.806,0.799070932313,-0.859685817246,0.859685817246,True,True
China,370400,370000,A,0.75,0.779012182308,3.8682909744,3.8682909744,True,True
China,370500,370000,A,0.845,0.800375900794,-5.28095848592,5.28095848592,False,True
China,370600,370000,A,0.829,0.800530995744,-3.43413802847,3.43413802847,True,True
China,370700,370000,A,0.788,0.786982368862,-0.12914100736,0.12914100736,True,True
China,370800,370000,A,0.773,0.777300140699,0.556292457827,0.556292457827,True,True
China,370900,370000,A,0.77,0.773812626818,0.49514634,0.49514634,True,True
China,371000,370000,A,0.833,0.807179889779,-3.09965308776,3.09965308776,True,True
China,371100,370000,A,0.785,0.776933315812,-1.02760308127,1.02760308127,True,True
China,371300,370000,A,0.747,0.765494362251,2.47581823976,2.47581823976,True,True
China,371400,370000,A,0.765,0.757502534968,-0.980060788497,0.980060788497,True,True
China,371500,370000,A,0.751,0.745986231995,-0.667612250999,0.667612250999,True,True
China,371600,370000,A,0.774,0.77133980384,-0.343694594315,0.343694594315,True,True
China,371700,370000,A,0.748,0.745031652478,-0.396837904011,0.396837904011,True,True
China,410100,410000,A,0.832,0.814370745907,-2.11890073233,2.11890073233,True,True
China,410200,410000,A,0.75,0.755329349983,0.710579997733,0.710579997733,True,True
China,410300,410000,A,0.789,0.782063164731,-0.87919331673,0.87919331673,True,True
China,410400,410000,A,0.763,0.758092861379,-0.643137433945,0.643137433945,True,True
China,410500,410000,A,0.75,0.759106594527,1.2142126036,1.2142126036,True,True
China,410600,410000,A,0.772,0.770001506404,-0.258872227461,0.258872227461,True,True
China,410700,410000,A,0.764,0.759771644722,-0.553449643717,0.553449643717,True,True
China,410800,410000,A,0.784,0.788403289235,0.561644035077,0.561644035077,True,True
China,410900,410000,A,0.75,0.748966239836,-0.137834688533,0.137834688533,True,True
China,411000,410000,A,0.783,0.773830315081,-1.17109641367,1.17109641367,True,True
China,411100,410000,A,0.782,0.778957217845,-0.389102577366,0.389102577366,True,True
China,411200,410000,A,0.786,0.764206696669,-2.77268490216,2.77268490216,True,True
China,411300,410000,A,0.74,0.743031069572,0.409603996216,0.409603996216,True,True
China,411400,410000,A,0.737,0.744146632287,0.969692304885,0.969692304885,True,True
China,411500,410000,A,0.74,0.74623712581,0.842854839189,0.842854839189,True,True
China,411600,410000,A,0.729,0.74584027245,2.31005109053,2.31005109053,True,True
China,411700,410000,A,0.745,0.74149542496,-0.470412757047,0.470412757047,True,True
China,420100,420000,A,0.859,0.835655786683,-2.71760341292,2.71760341292,True,True
China,420200,420000,A,0.791,0.787366358194,-0.459373173957,0.459373173957,True,True
China,420300,420000,A,0.783,0.775818448052,-0.917184156833,0.917184156833,True,True
China,420500,420000,A,0.829,0.784677044744,-5.34655672569,5.34655672569,False,True
China,420600,420000,A,0.801,0.774929669675,-3.25472288702,3.25472288702,True,True
China,420700,420000,A,0.809,0.800371525965,-1.06656044932,1.06656044932,True,True
China,420800,420000,A,0.803,0.776444276118,-3.30706399527,3.30706399527,True,True
China,420900,420000,A,0.767,0.771523954992,0.589824640417,0.589824640417,True,True
China,421000,420000,A,0.765,0.770969310608,0.780302040261,0.780302040261,True,True
China,421100,420000,A,0.748,0.750443163419,0.326626125535,0.326626125535,True,True
China,421200,420000,A,0.776,0.763938571617,-1.55430778131,1.55430778131,True,True
China,421300,420000,A,0.771,0.766262944448,-0.614404092348,0.614404092348,True,True
China,430100,430000,A,0.84,0.811582542019,-3.38303071202,3.38303071202,True,True
China,430200,430000,A,0.803,0.778969719735,-2.99256292217,2.99256292217,True,True
China,430300,430000,A,0.804,0.772738622514,-3.8882310306,3.8882310306,True,True
China,430400,430000,A,0.759,0.751002385085,-1.05370420487,1.05370420487,True,True
China,430500,430000,A,0.734,0.733073560289,-0.126217944278,0.126217944278,True,True
China,430600,430000,A,0.79,0.770028888275,-2.52798882595,2.52798882595,True,True
China,430700,430000,A,0.781,0.764996098038,-2.04915518079,2.04915518079,True,True
China,430800,430000,A,0.754,0.740681636021,-1.76636127042,1.76636127042,True,True
China,430900,430000,A,0.757,0.753472475791,-0.465987345971,0.465987345971,True,True
China,431000,430000,A,0.766,0.748507164311,-2.28366001162,2.28366001162,True,True
China,431100,430000,A,0.745,0.732495409304,-1.6784685498,1.6784685498,True,True
China,431200,430000,A,0.737,0.739530555726,0.343358985889,0.343358985889,True,True
China,431300,430000,A,0.748,0.74348181126,-0.604035927807,0.604035927807,True,True
China,440100,440000,A,0.863,0.852126761109,-1.25993498158,1.25993498158,True,True
China,440200,440000,A,0.764,0.765418186628,0.18562652199,0.18562652199,True,True
China,440300,440000,A,0.88,0.864593870178,-1.75069657068,1.75069657068,True,True
China,440400,440000,A,0.864,0.845264953359,-2.16840817604,2.16840817604,True,True
China,440500,440000,A,0.761,0.804450799527,5.70969770394,5.70969770394,False,True
China,440600,440000,A,0.839,0.847386299335,0.999558919547,0.999558919547,True,True
China,440700,440000,A,0.796,0.799621807298,0.455000916834,0.455000916834,True,True
China,440800,440000,A,0.754,0.749221332352,-0.633775550133,0.633775550133,True,True
China,440900,440000,A,0.761,0.746243043236,-1.93915331984,1.93915331984,True,True
China,441200,440000,A,0.768,0.770418567442,0.314917635677,0.314917635677,True,True
China,441300,440000,A,0.794,0.812140416644,2.28468723476,2.28468723476,True,True
China,441400,440000,A,0.749,0.76268840111,1.82755689052,1.82755689052,True,True
China,441500,440000,A,0.738,0.770049844453,4.34279735136,4.34279735136,True,True
China,441600,440000,A,0.75,0.749330372764,-0.0892836314667,0.0892836314667,True,True
China,441700,440000,A,0.767,0.761969154152,-0.655912105346,0.655912105346,True,True
China,441800,440000,A,0.753,0.762288557311,1.23354014754,1.23354014754,True,True
China,441900,440000,A,0.815,0.853952055505,4.7793933135,4.7793933135,True,True
China,442000,440000,A,0.805,0.839942697154,4.34070772099,4.34070772099,True,True
China,445100,440000,A,0.748,0.79778169447,6.65530674733,6.65530674733,False,True
China,445200,440000,A,0.739,0.775383285146,4.92331328092,4.92331328092,True,True
China,445300,440000,A,0.762,0.74927466304,-1.66999172703,1.66999172703,True,True
China,450100,450000,A,0.776,0.783444622034,0.959358509536,0.959358509536,True,True
China,450200,450000,A,0.782,0.787193976921,0.664191422123,0.664191422123,True,True
China,450300,450000,A,0.757,0.753845495791,-0.416711256143,0.416711256143,True,True
China,450400,450000,A,0.741,0.741223908915,0.0302171275304,0.0302171275304,True,True
China,450500,450000,A,0.792,0.752046124579,-5.04468124003,5.04468124003,False,True
China,450600,450000,A,0.775,0.749780202116,-3.2541674689,3.2541674689,True,True
China,450700,450000,A,0.739,0.72381403009,-2.05493503518,2.05493503518,True,True
China,450800,450000,A,0.721,0.725756176934,0.65966392982,0.65966392982,True,True
China,450900,450000,A,0.729,0.727575376896,-0.195421550617,0.195421550617,True,True
China,451000,450000,A,0.73,0.721210384456,-1.20405692384,1.20405692384,True,True
China,451100,450000,A,0.741,0.723776567645,-2.32434984548,2.32434984548,True,True
China,451200,450000,A,0.713,0.714518464746,0.212968407574,0.212968407574,True,True
China,451300,450000,A,0.732,0.718492686261,-1.84526143975,1.84526143975,True,True
China,451400,450000,A,0.707,0.722879532589,2.24604421344,2.24604421344,True,True
China,460100,460000,A,0.801,0.831266623128,3.77860463521,3.77860463521,True,True
China,460200,460000,A,0.794,0.834930795311,5.1550120039,5.1550120039,False,True
China,510100,510000,A,0.821,0.805616664102,-1.87373153447,1.87373153447,True,True
China,510300,510000,A,0.758,0.774677279134,2.20016875119,2.20016875119,True,True
China,510400,510000,A,0.79,0.782875945935,-0.90177899557,0.90177899557,True,True
China,510500,510000,A,0.751,0.761398610659,1.38463524088,1.38463524088,True,True
China,510600,510000,A,0.77,0.768672773542,-0.172367072468,0.172367072468,True,True
China,510700,510000,A,0.776,0.76791659761,-1.04167556572,1.04167556572,True,True
China,510800,510000,A,0.739,0.744127074995,0.693785520298,0.693785520298,True,True
China,510900,510000,A,0.749,0.769972074868,2.80000999573,2.80000999573,True,True
China,511000,510000,A,0.743,0.764519358995,2.8962798109,2.8962798109,True,True
China,511100,510000,A,0.767,0.772734850378,0.74769887588,0.74769887588,True,True
China,511300,510000,A,0.735,0.768110823791,4.50487398517,4.50487398517,True,True
China,511400,510000,A,0.749,0.762817988838,1.84485832283,1.84485832283,True,True
China,511500,510000,A,0.762,0.766328175973,0.568002096194,0.568002096194,True,True
China,511600,510000,A,0.731,0.745990661551,2.05070609453,2.05070609453,True,True
China,511700,510000,A,0.738,0.750141908509,1.64524505542,1.64524505542,True,True
China,511800,510000,A,0.756,0.753778757135,-0.293815193783,0.293815193783,True,True
China,511900,510000,A,0.722,0.751101614535,4.03069453393,4.03069453393,True,True
China,512000,510000,A,0.719,0.754461966772,4.93212333408,4.93212333408,True,True
China,520100,520000,A,0.775,0.819242191095,5.70866981871,5.70866981871,False,True
China,520200,520000,A,0.719,0.732773094362,1.9155903146,1.9155903146,True,True
China,520300,520000,A,0.738,0.751680328927,1.85370310664,1.85370310664,True,True
China,520400,520000,A,0.707,0.741208325378,4.83851844102,4.83851844102,True,True
China,520500,520000,A,0.686,0.719132353419,4.82978912813,4.82978912813,True,True
China,520600,520000,A,0.717,0.740412829036,3.26538759219,3.26538759219,True,True
China,530100,530000,A,0.805,0.781342794698,-2.93878326733,2.93878326733,True,True
China,530300,530000,A,0.736,0.719292031327,-2.27010443927,2.27010443927,True,True
China,530400,530000,A,0.782,0.755593370858,-3.37680679565,3.37680679565,True,True
China,530500,530000,A,0.73,0.717892042512,-1.65862431342,1.65862431342,True,True
China,530600,530000,A,0.68,0.700725971105,3.04793692721,3.04793692721,True,True
China,530700,530000,A,0.726,0.727663126791,0.229080825207,0.229080825207,True,True
China,530800,530000,A,0.711,0.718217087856,1.01506158312,1.01506158312,True,True
China,530900,530000,A,0.704,0.71236219194,1.18781135511,1.18781135511,True,True
China,540100,540000,A,0.735,0.803539485106,9.32510001442,9.32510001442,False,False
China,540300,540000,A,0.659,0.661380633251,0.361249355235,0.361249355235,True,True
China,540400,540000,A,0.729,0.722787251422,-0.852228885871,0.852228885871,True,True
China,540500,540000,A,0.705,0.704912763287,-0.012374001844,0.012374001844,True,True
China,540600,540000,A,0.611,0.645262548964,5.60761848838,5.60761848838,False,True
China,610100,610000,A,0.826,0.824311709659,-0.204393503753,0.204393503753,True,True
China,610200,610000,A,0.773,0.770260169921,-0.354441148642,0.354441148642,True,True
China,610300,610000,A,0.787,0.770498405588,-2.09677184396,2.09677184396,True,True
China,610400,610000,A,0.771,0.764835330445,-0.799568035668,0.799568035668,True,True
China,610500,610000,A,0.752,0.74205475885,-1.32250547207,1.32250547207,True,True
China,610600,610000,A,0.777,0.75346183021,-3.02936548134,3.02936548134,True,True
China,610700,610000,A,0.75,0.747950821747,-0.273223767067,0.273223767067,True,True
China,610800,610000,A,0.799,0.757528017464,-5.19048592441,5.19048592441,False,True
China,610900,610000,A,0.733,0.744245685884,1.53419998417,1.53419998417,True,True
China,611000,610000,A,0.72,0.714382712179,-0.780178864028,0.780178864028,True,True
China,620100,620000,A,0.778,0.808793145406,3.95798784139,3.95798784139,True,True
China,620200,620000,A,0.817,0.808450347488,-1.04646909572,1.04646909572,True,True
China,620300,620000,A,0.783,0.776656352974,-0.810172033972,0.810172033972,True,True
China,620400,620000,A,0.724,0.735019074046,1.52197155331,1.52197155331,True,True
China,620500,620000,A,0.687,0.717833310277,4.48810921063,4.48810921063,True,True
China,620600,620000,A,0.723,0.720758106536,-0.310082083541,0.310082083541,True,True
China,620700,620000,A,0.728,0.745350441591,2.38330241635,2.38330241635,True,True
China,620800,620000,A,0.69,0.716959912686,3.90723372261,3.90723372261,True,True
China,620900,620000,A,0.764,0.76698257964,0.390390005236,0.390390005236,True,True
China,621000,620000,A,0.727,0.715267673691,-1.6138000425,1.6138000425,True,True
China,621100,620000,A,0.663,0.701174455298,5.75783639487,5.75783639487,False,True
China,621200,620000,A,0.663,0.695504292329,4.90260819442,4.90260819442,True,True
China,630100,630000,A,0.761,0.798354531334,4.9086112134,4.9086112134,True,True
China,630200,630000,A,0.707,0.701532196918,-0.773380916832,0.773380916832,True,True
China,640100,640000,A,0.796,0.802492411698,0.815629610302,0.815629610302,True,True
China,640200,640000,A,0.778,0.778104563449,0.0134400320051,0.0134400320051,True,True
China,640300,640000,A,0.74,0.731624046475,-1.13188561149,1.13188561149,True,True
China,640400,640000,A,0.714,0.714677486951,0.094886127591,0.094886127591,True,True
China,640500,640000,A,0.733,0.723844559024,-1.24903696808,1.24903696808,True,True
China,650200,650000,A,0.871,0.804805729639,-7.59980141917,7.59980141917,False,True
China,130100,130000,B,0.778,0.80231109303,3.12481915553,3.12481915553,True,True
China,130200,130000,B,0.799,0.801597394423,0.325080653692,0.325080653692,True,True
China,130300,130000,B,0.778,0.790484224129,1.60465605771,1.60465605771,True,True
China,130400,130000,B,0.745,0.758331331784,1.78944050792,1.78944050792,True,True
China,130500,130000,B,0.732,0.760626218133,3.9106855373,3.9106855373,True,True
China,130600,130000,B,0.74,0.766255073349,3.547982885,3.547982885,True,True
China,130700,130000,B,0.742,0.760339648958,2.47165080296,2.47165080296,True,True
China,130800,130000,B,0.751,0.753293716311,0.30542161265,0.30542161265,True,True
China,130900,130000,B,0.757,0.753946396598,-0.403382219551,0.403382219551,True,True
China,131000,130000,B,0.78,0.796629481863,2.13198485423,2.13198485423,True,True
China,131100,130000,B,0.743,0.754535883986,1.55260888102,1.55260888102,True,True
China,140100,140000,B,0.822,0.825482122694,0.423615899513,0.423615899513,True,True
China,140200,140000,B,0.761,0.782273522991,2.79546951261,2.79546951261,True,True
China,140300,140000,B,0.775,0.788276568673,1.71310563523,1.71310563523,True,True
China,140400,140000,B,0.766,0.75350241422,-1.63153861358,1.63153861358,True,True
China,140500,140000,B,0.779,0.787346117042,1.07138858049,1.07138858049,True,True
China,140600,140000,B,0.786,0.764409782484,-2.74684701221,2.74684701221,True,True
China,140700,140000,B,0.761,0.77350761409,1.64357609593,1.64357609593,True,True
China,140800,140000,B,0.749,0.753682610421,0.625181631642,0.625181631642,True,True
China,140900,140000,B,0.748,0.749506297784,0.201376709091,0.201376709091,True,True
China,141100,140000,B,0.756,0.75722037069,0.161424694444,0.161424694444,True,True
China,150100,150000,B,0.802,0.82194530367,2.48694559476,2.48694559476,True,True
China,150200,150000,B,0.817,0.838038686749,2.57511465716,2.57511465716,True,True
China,150300,150000,B,0.805,0.814010649757,1.11933537354,1.11933537354,True,True
China,150400,150000,B,0.738,0.741220309257,0.436356267886,0.436356267886,True,True
China,150500,150000,B,0.745,0.736179601774,-1.1839460706,1.1839460706,True,True
China,150600,150000,B,0.818,0.808829944632,-1.12103366357,1.12103366357,True,True
China,150700,150000,B,0.761,0.77789447569,2.22003622733,2.22003622733,True,True
China,150800,150000,B,0.763,0.767707472086,0.616968818611,0.616968818611,True,True
China,150900,150000,B,0.746,0.761669957514,2.10053049786,2.10053049786,True,True
China,210100,210000,B,0.826,0.831524748114,0.668855703874,0.668855703874,True,True
China,210200,210000,B,0.835,0.81497043589,-2.39875019281,2.39875019281,True,True
China,210300,210000,B,0.785,0.794263958703,1.18012212777,1.18012212777,True,True
China,210400,210000,B,0.761,0.77356079968,1.65056500394,1.65056500394,True,True
China,210500,210000,B,0.798,0.772351417782,-3.21410804737,3.21410804737,True,True
China,210600,210000,B,0.761,0.75304772067,-1.04497757293,1.04497757293,True,True
China,210700,210000,B,0.776,0.767747056902,-1.0635235951,1.0635235951,True,True
China,210800,210000,B,0.778,0.788200846929,1.31116284434,1.31116284434,True,True
China,210900,210000,B,0.753,0.762866373375,1.31027534861,1.31027534861,True,True
China,211000,210000,B,0.781,0.783807236827,0.359441335083,0.359441335083,True,True
China,211100,210000,B,0.822,0.829167600296,0.871970838929,0.871970838929,True,True
China,211200,210000,B,0.738,0.731810395549,-0.838699790108,0.838699790108,True,True
China,211300,210000,B,0.737,0.742278324265,0.716190537992,0.716190537992,True,True
China,211400,210000,B,0.748,0.756234514339,1.10087090094,1.10087090094,True,True
China,220100,220000,B,0.817,0.786609897158,-3.71971883011,3.71971883011,True,True
China,220200,220000,B,0.765,0.764690615425,-0.0404424281046,0.0404424281046,True,True
China,220300,220000,B,0.737,0.73326059846,-0.507381484396,0.507381484396,True,True
China,220400,220000,B,0.762,0.748198052322,-1.81127922283,1.81127922283,True,True
China,220500,220000,B,0.755,0.768872848599,1.8374633906,1.8374633906,True,True
China,220600,220000,B,0.772,0.790305075529,2.37112377319,2.37112377319,True,True
China,220700,220000,B,0.731,0.723351742126,-1.04627330698,1.04627330698,True,True
China,220800,220000,B,0.73,0.733901567799,0.534461342329,0.534461342329,True,True
China,230100,230000,B,0.793,0.801578432438,1.08176953821,1.08176953821,True,True
China,230200,230000,B,0.746,0.724874985335,-2.83177140282,2.83177140282,True,True
China,230300,230000,B,0.758,0.801119657367,5.68860915132,5.68860915132,False,True
China,230600,230000,B,0.81,0.787126399281,-2.82390132333,2.82390132333,True,True
China,230700,230000,B,0.774,0.801656926634,3.57324633514,3.57324633514,True,True
China,231100,230000,B,0.77,0.760780076431,-1.1973926713,1.1973926713,True,True
China,350100,350000,B,0.827,0.828049128041,0.126859497098,0.126859497098,True,True
China,350200,350000,B,0.845,0.837434161433,-0.895365510888,0.895365510888,True,True
China,350300,350000,B,0.795,0.800198146505,0.653854906289,0.653854906289,True,True
China,350400,350000,B,0.809,0.78064215597,-3.5052959246,3.5052959246,True,True
China,350500,350000,B,0.807,0.808366531276,0.169334730607,0.169334730607,True,True
China,350600,350000,B,0.788,0.783035611656,-0.629998520812,0.629998520812,True,True
China,350700,350000,B,0.784,0.772432866717,-1.47539965344,1.47539965344,True,True
China,350800,350000,B,0.802,0.790693215459,-1.40982350885,1.40982350885,True,True
China,350900,350000,B,0.785,0.78060151274,-0.560316848408,0.560316848408,True,True
China,360100,360000,B,0.815,0.818181507458,0.390369013252,0.390369013252,True,True
China,360200,360000,B,0.76,0.783542179189,3.09765515645,3.09765515645,True,True
China,360300,360000,B,0.77,0.778159510484,1.05967668623,1.05967668623,True,True
China,360400,360000,B,0.763,0.782466781358,2.55134749122,2.55134749122,True,True
China,360500,360000,B,0.794,0.805047781611,1.39140826335,1.39140826335,True,True
China,360600,360000,B,0.784,0.775854290873,-1.0389935111,1.0389935111,True,True
China,360700,360000,B,0.744,0.762343089283,2.46546898965,2.46546898965,True,True
China,360800,360000,B,0.75,0.751946244009,0.2594992012,0.2594992012,True,True
China,360900,360000,B,0.749,0.758490293388,1.26706186756,1.26706186756,True,True
China,361000,360000,B,0.742,0.743287950578,0.173578245013,0.173578245013,True,True
China,361100,360000,B,0.741,0.750973962317,1.34601380796,1.34601380796,True,True
China,370100,370000,B,0.83,0.816640609518,-1.60956511831,1.60956511831,True,True
China,370200,370000,B,0.844,0.828161129011,-1.87664348211,1.87664348211,True,True
China,370300,370000,B,0.806,0.797517533744,-1.05241516824,1.05241516824,True,True
China,370400,370000,B,0.75,0.77556364327,3.40848576933,3.40848576933,True,True
China,370500,370000,B,0.845,0.803777514005,-4.87840070947,4.87840070947,True,True
China,370600,370000,B,0.829,0.80779805996,-2.55753197105,2.55753197105,True,True
China,370700,370000,B,0.788,0.785256495506,-0.348160468782,0.348160468782,True,True
China,370800,370000,B,0.773,0.774397940068,0.180846063131,0.180846063131,True,True
China,370900,370000,B,0.77,0.769228455925,-0.100200529221,0.100200529221,True,True
China,371000,370000,B,0.833,0.816100298362,-2.02877570684,2.02877570684,True,True
China,371100,370000,B,0.785,0.772574799752,-1.58282805707,1.58282805707,True,True
China,371300,370000,B,0.747,0.761655744508,1.96194705596,1.96194705596,True,True
China,371400,370000,B,0.765,0.752980987756,-1.57111271163,1.57111271163,True,True
China,371500,370000,B,0.751,0.738461627058,-1.66955698296,1.66955698296,True,True
China,371600,370000,B,0.774,0.764037211704,-1.28718195039,1.28718195039,True,True
China,371700,370000,B,0.748,0.740036023082,-1.06470279652,1.06470279652,True,True
China,410100,410000,B,0.832,0.820108968337,-1.42921053642,1.42921053642,True,True
China,410200,410000,B,0.75,0.746473476556,-0.470203125867,0.470203125867,True,True
China,410300,410000,B,0.789,0.786959476974,-0.258621422814,0.258621422814,True,True
China,410400,410000,B,0.763,0.758405400967,-0.602175495806,0.602175495806,True,True
China,410500,410000,B,0.75,0.749915917452,-0.0112110064,0.0112110064,True,True
China,410600,410000,B,0.772,0.768455778389,-0.459096063601,0.459096063601,True,True
China,410700,410000,B,0.764,0.753243600158,-1.40790573848,1.40790573848,True,True
China,410800,410000,B,0.784,0.788925233133,0.628218511862,0.628218511862,True,True
China,410900,410000,B,0.75,0.739936820943,-1.3417572076,1.3417572076,True,True
China,411000,410000,B,0.783,0.772209169896,-1.37813922146,1.37813922146,True,True
China,411100,410000,B,0.782,0.774751754993,-0.926885550767,0.926885550767,True,True
China,411200,410000,B,0.786,0.766394215788,-2.49437458168,2.49437458168,True,True
China,411300,410000,B,0.74,0.751039497086,1.49182393054,1.49182393054,True,True
China,411400,410000,B,0.737,0.737504237236,0.0684175354138,0.0684175354138,True,True
China,411500,410000,B,0.74,0.742372714074,0.320637037027,0.320637037027,True,True
China,411600,410000,B,0.729,0.740577811803,1.58817720206,1.58817720206,True,True
China,411700,410000,B,0.745,0.736518386215,-1.13847164899,1.13847164899,True,True
China,420100,420000,B,0.859,0.835258358802,-2.7638697553,2.7638697553,True,True
China,420200,420000,B,0.791,0.791358370269,0.0453059758533,0.0453059758533,True,True
China,420300,420000,B,0.783,0.782328845582,-0.0857157621967,0.0857157621967,True,True
China,420500,420000,B,0.829,0.78766597758,-4.9860099421,4.9860099421,True,True
China,420600,420000,B,0.801,0.778882599861,-2.76122348801,2.76122348801,True,True
China,420700,420000,B,0.809,0.799948469777,-1.11885416848,1.11885416848,True,True
China,420800,420000,B,0.803,0.781622343516,-2.66222372154,2.66222372154,True,True
China,420900,420000,B,0.767,0.770653425045,0.476326602999,0.476326602999,True,True
China,421000,420000,B,0.765,0.769513481294,0.589997554771,0.589997554771,True,True
China,421100,420000,B,0.748,0.746926776278,-0.143479107219,0.143479107219,True,True
China,421200,420000,B,0.776,0.764226690551,-1.51717905271,1.51717905271,True,True
China,421300,420000,B,0.771,0.773559400153,0.331958515305,0.331958515305,True,True
China,430100,430000,B,0.84,0.824805934467,-1.80881732536,1.80881732536,True,True
China,430200,430000,B,0.803,0.785585837007,-2.16863798169,2.16863798169,True,True
China,430300,430000,B,0.804,0.777232373034,-3.32930683657,3.32930683657,True,True
China,430400,430000,B,0.759,0.751402057263,-1.00104647391,1.00104647391,True,True
China,430500,430000,B,0.734,0.732975782493,-0.139539169891,0.139539169891,True,True
China,430600,430000,B,0.79,0.775812087127,-1.79593833835,1.79593833835,True,True
China,430700,430000,B,0.781,0.769879867331,-1.42383260807,1.42383260807,True,True
China,430800,430000,B,0.754,0.734467543362,-2.59051149045,2.59051149045,True,True
China,430900,430000,B,0.757,0.751620420861,-0.710644536196,0.710644536196,True,True
China,431000,430000,B,0.766,0.751689188884,-1.86825210392,1.86825210392,True,True
China,431100,430000,B,0.745,0.728296856364,-2.24203270282,2.24203270282,True,True
China,431200,430000,B,0.737,0.728828415211,-1.10876320068,1.10876320068,True,True
China,431300,430000,B,0.748,0.743505875859,-0.600818735428,0.600818735428,True,True
China,440100,440000,B,0.863,0.855632593095,-0.853697207995,0.853697207995,True,True
China,440200,440000,B,0.764,0.761034103515,-0.388206346204,0.388206346204,True,True
China,440300,440000,B,0.88,0.872184716373,-0.888100412159,0.888100412159,True,True
China,440400,440000,B,0.864,0.856664441883,-0.849022930208,0.849022930208,True,True
China,440500,440000,B,0.761,0.798072285753,4.87152243798,4.87152243798,True,True
China,440600,440000,B,0.839,0.853391435962,1.71530821955,1.71530821955,True,True
China,440700,440000,B,0.796,0.803865111021,0.988079273995,0.988079273995,True,True
China,440800,440000,B,0.754,0.74659678139,-0.981859232095,0.981859232095,True,True
China,440900,440000,B,0.761,0.746518231935,-1.90299186137,1.90299186137,True,True
China,441200,440000,B,0.768,0.770362938185,0.307674242839,0.307674242839,True,True
China,441300,440000,B,0.794,0.815532538874,2.71190665919,2.71190665919,True,True
China,441400,440000,B,0.749,0.756497042852,1.00094030067,1.00094030067,True,True
China,441500,440000,B,0.738,0.762834414558,3.36509682358,3.36509682358,True,True
China,441600,440000,B,0.75,0.742559295489,-0.9920939348,0.9920939348,True,True
China,441700,440000,B,0.767,0.768184400596,0.154419895176,0.154419895176,True,True
China,441800,440000,B,0.753,0.755532979711,0.336385087782,0.336385087782,True,True
China,441900,440000,B,0.815,0.855697973839,4.99361642196,4.99361642196,True,True
China,442000,440000,B,0.805,0.842934270308,4.71233171528,4.71233171528,True,True
China,445100,440000,B,0.748,0.785170881226,4.96936914786,4.96936914786,True,True
China,445200,440000,B,0.739,0.761564471175,3.05337904939,3.05337904939,True,True
China,445300,440000,B,0.762,0.744893790686,-2.24490935879,2.24490935879,True,True
China,450100,450000,B,0.776,0.783822540638,1.00805936057,1.00805936057,True,True
China,450200,450000,B,0.782,0.790570237351,1.09593828018,1.09593828018,True,True
China,450300,450000,B,0.757,0.75322354286,-0.498871484808,0.498871484808,True,True
China,450400,450000,B,0.741,0.737553350357,-0.465134904588,0.465134904588,True,True
China,450500,450000,B,0.792,0.757248314843,-4.38783903497,4.38783903497,True,True
China,450600,450000,B,0.775,0.748982052441,-3.35715452374,3.35715452374,True,True
China,450700,450000,B,0.739,0.717774136927,-2.87224128187,2.87224128187,True,True
China,450800,450000,B,0.721,0.716684401931,-0.598557291123,0.598557291123,True,True
China,450900,450000,B,0.729,0.724645711737,-0.597296058025,0.597296058025,True,True
China,451000,450000,B,0.73,0.720158047026,-1.34821273616,1.34821273616,True,True
China,451100,450000,B,0.741,0.719182117312,-2.94438362861,2.94438362861,True,True
China,451200,450000,B,0.713,0.707322715202,-0.796253127349,0.796253127349,True,True
China,451300,450000,B,0.732,0.702382205743,-4.04614675642,4.04614675642,True,True
China,451400,450000,B,0.707,0.721152050385,2.00170443918,2.00170443918,True,True
China,460100,460000,B,0.801,0.830668329689,3.70391132197,3.70391132197,True,True
China,460200,460000,B,0.794,0.82918695621,4.43160657557,4.43160657557,True,True
China,510100,510000,B,0.821,0.81370618178,-0.888406604141,0.888406604141,True,True
China,510300,510000,B,0.758,0.787921569418,3.94743659868,3.94743659868,True,True
China,510400,510000,B,0.79,0.798241410857,1.04321656418,1.04321656418,True,True
China,510500,510000,B,0.751,0.768839535405,2.37543747071,2.37543747071,True,True
China,510600,510000,B,0.77,0.770937551396,0.121759921558,0.121759921558,True,True
China,510700,510000,B,0.776,0.777497689028,0.193001163402,0.193001163402,True,True
China,510800,510000,B,0.739,0.75384720376,2.00909387821,2.00909387821,True,True
China,510900,510000,B,0.749,0.776275860984,3.64163698051,3.64163698051,True,True
China,511000,510000,B,0.743,0.773887220582,4.15709563688,4.15709563688,True,True
China,511100,510000,B,0.767,0.778069918503,1.44327490261,1.44327490261,True,True
China,511300,510000,B,0.735,0.778615258011,5.93404870898,5.93404870898,False,True
China,511400,510000,B,0.749,0.766003968106,2.27022271108,2.27022271108,True,True
China,511500,510000,B,0.762,0.776862270126,1.95042915039,1.95042915039,True,True
China,511600,510000,B,0.731,0.743444511937,1.70239561382,1.70239561382,True,True
China,511700,510000,B,0.738,0.749357018692,1.53889142168,1.53889142168,True,True
China,511800,510000,B,0.756,0.754714123374,-0.170089500794,0.170089500794,True,True
China,511900,510000,B,0.722,0.758649468909,5.07610372701,5.07610372701,False,True
China,512000,510000,B,0.719,0.760442260958,5.76387495939,5.76387495939,False,True
China,520100,520000,B,0.775,0.81860387906,5.62630697548,5.62630697548,False,True
China,520200,520000,B,0.719,0.73215206132,1.82921576078,1.82921576078,True,True
China,520300,520000,B,0.738,0.751462333869,1.82416448089,1.82416448089,True,True
China,520400,520000,B,0.707,0.740305274336,4.71078844922,4.71078844922,True,True
China,520500,520000,B,0.686,0.719895956488,4.94110152886,4.94110152886,True,True
China,520600,520000,B,0.717,0.739509516503,3.13940258061,3.13940258061,True,True
China,530100,530000,B,0.805,0.821550249873,2.05593166124,2.05593166124,True,True
China,530300,530000,B,0.736,0.739845016755,0.522420754755,0.522420754755,True,True
China,530400,530000,B,0.782,0.776886011929,-0.653962668926,0.653962668926,True,True
China,530500,530000,B,0.73,0.723107219809,-0.944216464521,0.944216464521,True,True
China,530600,530000,B,0.68,0.699145809675,2.81556024632,2.81556024632,True,True
China,530700,530000,B,0.726,0.74189370061,2.18921496006,2.18921496006,True,True
China,530800,530000,B,0.711,0.71519288031,0.589715936709,0.589715936709,True,True
China,530900,530000,B,0.704,0.712139596685,1.15619271094,1.15619271094,True,True
China,540100,540000,B,0.735,0.748056126524,1.77634374476,1.77634374476,True,True
China,540300,540000,B,0.659,0.642467652137,-2.50870225539,2.50870225539,True,True
China,540400,540000,B,0.729,0.708330469313,-2.83532656886,2.83532656886,True,True
China,540500,540000,B,0.705,0.699369835278,-0.798604925106,0.798604925106,True,True
China,540600,540000,B,0.611,0.625284297376,2.33785554435,2.33785554435,True,True
China,610100,610000,B,0.826,0.815002417638,-1.33142643608,1.33142643608,True,True
China,610200,610000,B,0.773,0.754928402948,-2.33785214127,2.33785214127,True,True
China,610300,610000,B,0.787,0.770728908316,-2.06748306023,2.06748306023,True,True
China,610400,610000,B,0.771,0.759626245943,-1.47519507873,1.47519507873,True,True
China,610500,610000,B,0.752,0.746268571589,-0.762158033378,0.762158033378,True,True
China,610600,610000,B,0.777,0.760440918917,-2.13115586654,2.13115586654,True,True
China,610700,610000,B,0.75,0.731660362888,-2.44528494827,2.44528494827,True,True
China,610800,610000,B,0.799,0.771557241624,-3.43463809462,3.43463809462,True,True
China,610900,610000,B,0.733,0.744732952621,1.60067566453,1.60067566453,True,True
China,611000,610000,B,0.72,0.705764212309,-1.97719273486,1.97719273486,True,True
China,620100,620000,B,0.778,0.808465364917,3.91585667314,3.91585667314,True,True
China,620200,620000,B,0.817,0.795991212661,-2.57145499865,2.57145499865,True,True
China,620300,620000,B,0.783,0.778656558172,-0.554717985696,0.554717985696,True,True
China,620400,620000,B,0.724,0.734850529064,1.49869185967,1.49869185967,True,True
China,620500,620000,B,0.687,0.710961336482,3.48782190422,3.48782190422,True,True
China,620600,620000,B,0.723,0.717701904971,-0.732793226694,0.732793226694,True,True
China,620700,620000,B,0.728,0.745057059925,2.34300273695,2.34300273695,True,True
China,620800,620000,B,0.69,0.707373253336,2.51786280232,2.51786280232,True,True
China,620900,620000,B,0.764,0.776601875932,1.64946020052,1.64946020052,True,True
China,621000,620000,B,0.727,0.71080923947,-2.22706472215,2.22706472215,True,True
China,621100,620000,B,0.663,0.689601969687,4.01236345204,4.01236345204,True,True
China,621200,620000,B,0.663,0.681746327301,2.82750034706,2.82750034706,True,True
China,630100,630000,B,0.761,0.800958766189,5.25082341511,5.25082341511,False,True
China,630200,630000,B,0.707,0.706487724331,-0.0724576618105,0.0724576618105,True,True
China,640100,640000,B,0.796,0.803061215307,0.887087350126,0.887087350126,True,True
China,640200,640000,B,0.778,0.777231755181,-0.0987461206941,0.0987461206941,True,True
China,640300,640000,B,0.74,0.737727119572,-0.307146003784,0.307146003784,True,True
China,640400,640000,B,0.714,0.707089080822,-0.967915851261,0.967915851261,True,True
China,640500,640000,B,0.733,0.722203999069,-1.47285142306,1.47285142306,True,True
China,650200,650000,B,0.871,0.806890904305,-7.36040134271,7.36040134271,False,True
China,130100,130000,C,0.778,0.794031728214,2.06063344653,2.06063344653,True,True
China,130200,130000,C,0.799,0.801342660765,0.293199094493,0.293199094493,True,True
China,130300,130000,C,0.778,0.786071884373,1.03751727159,1.03751727159,True,True
China,130400,130000,C,0.745,0.753495241941,1.14030093168,1.14030093168,True,True
China,130500,130000,C,0.732,0.753603082963,2.95124084194,2.95124084194,True,True
China,130600,130000,C,0.74,0.758037671227,2.43752313878,2.43752313878,True,True
China,130700,130000,C,0.742,0.761988601911,2.69388165916,2.69388165916,True,True
China,130800,130000,C,0.751,0.756677040141,0.755930777763,0.755930777763,True,True
China,130900,130000,C,0.757,0.75275534793,-0.560720220608,0.560720220608,True,True
China,131000,130000,C,0.78,0.795745349119,2.01863450244,2.01863450244,True,True
China,131100,130000,C,0.743,0.751674874007,1.16754697268,1.16754697268,True,True
China,140100,140000,C,0.822,0.826238469285,0.515628866788,0.515628866788,True,True
China,140200,140000,C,0.761,0.784329173872,3.06559446413,3.06559446413,True,True
China,140300,140000,C,0.775,0.783517406876,1.09902024206,1.09902024206,True,True
China,140400,140000,C,0.766,0.756291540296,-1.26742293786,1.26742293786,True,True
China,140500,140000,C,0.779,0.779341190708,0.0437985504493,0.0437985504493,True,True
China,140600,140000,C,0.786,0.76668229598,-2.45772315776,2.45772315776,True,True
China,140700,140000,C,0.761,0.765262808322,0.560158780815,0.560158780815,True,True
China,140800,140000,C,0.749,0.748226265465,-0.103302341121,0.103302341121,True,True
China,140900,140000,C,0.748,0.744222797795,-0.504973556818,0.504973556818,True,True
China,141100,140000,C,0.756,0.745123468488,-1.43869464444,1.43869464444,True,True
China,150100,150000,C,0.802,0.815967065202,1.74152932693,1.74152932693,True,True
China,150200,150000,C,0.817,0.83285967504,1.94120869523,1.94120869523,True,True
China,150300,150000,C,0.805,0.807428604263,0.301689970559,0.301689970559,True,True
China,150400,150000,C,0.738,0.752498959875,1.96462870935,1.96462870935,True,True
China,150500,150000,C,0.745,0.747149396333,0.288509574899,0.288509574899,True,True
China,150600,150000,C,0.818,0.799115855636,-2.30857510562,2.30857510562,True,True
China,150700,150000,C,0.761,0.782803527738,2.86511534008,2.86511534008,True,True
China,150800,150000,C,0.763,0.756987826147,-0.787965118349,0.787965118349,True,True
China,150900,150000,C,0.746,0.755972898197,1.33684962426,1.33684962426,True,True
China,210100,210000,C,0.826,0.8360244705,1.21361628329,1.21361628329,True,True
China,210200,210000,C,0.835,0.809468428454,-3.05767323904,3.05767323904,True,True
China,210300,210000,C,0.785,0.795817359608,1.37800759338,1.37800759338,True,True
China,210400,210000,C,0.761,0.775426697214,1.89575521866,1.89575521866,True,True
China,210500,210000,C,0.798,0.7779965639,-2.50669625313,2.50669625313,True,True
China,210600,210000,C,0.761,0.764856176177,0.506724859001,0.506724859001,True,True
China,210700,210000,C,0.776,0.758451489673,-2.26140596997,2.26140596997,True,True
China,210800,210000,C,0.778,0.782281417867,0.55031077982,0.55031077982,True,True
China,210900,210000,C,0.753,0.755768577554,0.367672981939,0.367672981939,True,True
China,211000,210000,C,0.781,0.779873294603,-0.144264455442,0.144264455442,True,True
China,211100,210000,C,0.822,0.821947634377,-0.00637051374695,0.00637051374695,True,True
China,211200,210000,C,0.738,0.731246256093,-0.915141450813,0.915141450813,True,True
China,211300,210000,C,0.737,0.732239246758,-0.645963804885,0.645963804885,True,True
China,211400,210000,C,0.748,0.748127324512,0.0170219935829,0.0170219935829,True,True
China,220100,220000,C,0.817,0.79215857814,-3.04056571114,3.04056571114,True,True
China,220200,220000,C,0.765,0.773888484021,1.16189333608,1.16189333608,True,True
China,220300,220000,C,0.737,0.73991441386,0.395442857531,0.395442857531,True,True
China,220400,220000,C,0.762,0.758208571627,-0.497562778609,0.497562778609,True,True
China,220500,220000,C,0.755,0.782431474654,3.63330790119,3.63330790119,True,True
China,220600,220000,C,0.772,0.795144080467,2.99793788433,2.99793788433,True,True
China,220700,220000,C,0.731,0.735780179547,0.653923330643,0.653923330643,True,True
China,220800,220000,C,0.73,0.74290874413,1.7683211137,1.7683211137,True,True
China,230100,230000,C,0.793,0.809406297535,2.06888997919,2.06888997919,True,True
China,230200,230000,C,0.746,0.735122974345,-1.45804633445,1.45804633445,True,True
China,230300,230000,C,0.758,0.79714480434,5.16422220844,5.16422220844,False,True
China,230600,230000,C,0.81,0.807024127003,-0.367391728025,0.367391728025,True,True
China,230700,230000,C,0.774,0.807067873924,4.2723351323,4.2723351323,True,True
China,231100,230000,C,0.77,0.764455727645,-0.720035370779,0.720035370779,True,True
China,350100,350000,C,0.827,0.82767532507,0.0816596215236,0.0816596215236,True,True
China,350200,350000,C,0.845,0.842468760643,-0.299554953491,0.299554953491,True,True
China,350300,350000,C,0.795,0.811927543698,2.12925077962,2.12925077962,True,True
China,350400,350000,C,0.809,0.792011844738,-2.09989558245,2.09989558245,True,True
China,350500,350000,C,0.807,0.823286383897,2.01813926853,2.01813926853,True,True
China,350600,350000,C,0.788,0.792421876453,0.561151834137,0.561151834137,True,True
China,350700,350000,C,0.784,0.780990630267,-0.38384818023,0.38384818023,True,True
China,350800,350000,C,0.802,0.807974823927,0.744990514589,0.744990514589,True,True
China,350900,350000,C,0.785,0.781969259359,-0.386081610318,0.386081610318,True,True
China,360100,360000,C,0.815,0.818602621901,0.442039497055,0.442039497055,True,True
China,360200,360000,C,0.76,0.785966501674,3.41664495711,3.41664495711,True,True
China,360300,360000,C,0.77,0.775972226395,0.775613817532,0.775613817532,True,True
China,360400,360000,C,0.763,0.77998694036,2.22633556488,2.22633556488,True,True
China,360500,360000,C,0.794,0.799098062776,0.642073397481,0.642073397481,True,True
China,360600,360000,C,0.784,0.782400825991,-0.203976276658,0.203976276658,True,True
China,360700,360000,C,0.744,0.762404203939,2.47368332513,2.47368332513,True,True
China,360800,360000,C,0.75,0.756072124661,0.809616621467,0.809616621467,True,True
China,360900,360000,C,0.749,0.759980411204,1.46600950654,1.46600950654,True,True
China,361000,360000,C,0.742,0.748040031385,0.814020402291,0.814020402291,True,True
China,361100,360000,C,0.741,0.754906672098,1.87674387287,1.87674387287,True,True
China,370100,370000,C,0.83,0.817098468754,-1.55440135494,1.55440135494,True,True
China,370200,370000,C,0.844,0.826007405999,-2.13182393377,2.13182393377,True,True
China,370300,370000,C,0.806,0.794949216467,-1.37106495447,1.37106495447,True,True
China,370400,370000,C,0.75,0.773085314895,3.078041986,3.078041986,True,True
China,370500,370000,C,0.845,0.799613586021,-5.37117325195,5.37117325195,False,True
China,370600,370000,C,0.829,0.805772608364,-2.8018566509,2.8018566509,True,True
China,370700,370000,C,0.788,0.783405591348,-0.583046783249,0.583046783249,True,True
China,370800,370000,C,0.773,0.773748219853,0.0967942888745,0.0967942888745,True,True
China,370900,370000,C,0.77,0.768334519713,-0.216296141169,0.216296141169,True,True
China,371000,370000,C,0.833,0.809736876223,-2.79269193001,2.79269193001,True,True
China,371100,370000,C,0.785,0.76994236586,-1.91816995414,1.91816995414,True,True
China,371300,370000,C,0.747,0.765490723871,2.47533117416,2.47533117416,True,True
China,371400,370000,C,0.765,0.754713280064,-1.34466927268,1.34466927268,True,True
China,371500,370000,C,0.751,0.738791260678,-1.62566435712,1.62566435712,True,True
China,371600,370000,C,0.774,0.763210320583,-1.39401542855,1.39401542855,True,True
China,371700,370000,C,0.748,0.744160819385,-0.513259440508,0.513259440508,True,True
China,410100,410000,C,0.832,0.823671920268,-1.00097112163,1.00097112163,True,True
China,410200,410000,C,0.75,0.754842568612,0.645675814933,0.645675814933,True,True
China,410300,410000,C,0.789,0.791886589621,0.365854197845,0.365854197845,True,True
China,410400,410000,C,0.763,0.758688085407,-0.565126421101,0.565126421101,True,True
China,410500,410000,C,0.75,0.74998017263,-0.00264364933333,0.00264364933333,True,True
China,410600,410000,C,0.772,0.767525298952,-0.579624488083,0.579624488083,True,True
China,410700,410000,C,0.764,0.752691840341,-1.48012560982,1.48012560982,True,True
China,410800,410000,C,0.784,0.782510439311,-0.189994985842,0.189994985842,True,True
China,410900,410000,C,0.75,0.746317223407,-0.491036879067,0.491036879067,True,True
China,411000,410000,C,0.783,0.774434707546,-1.09390708225,1.09390708225,True,True
China,411100,410000,C,0.782,0.775833065085,-0.788610602941,0.788610602941,True,True
China,411200,410000,C,0.786,0.774525398404,-1.45987297659,1.45987297659,True,True
China,411300,410000,C,0.74,0.751775709929,1.59131215257,1.59131215257,True,True
China,411400,410000,C,0.737,0.737554659718,0.0752591204885,0.0752591204885,True,True
China,411500,410000,C,0.74,0.747806844445,1.05497897905,1.05497897905,True,True
China,411600,410000,C,0.729,0.737260778456,1.133165769,1.133165769,True,True
China,411700,410000,C,0.745,0.730220312183,-1.98385071369,1.98385071369,True,True
China,420100,420000,C,0.859,0.832447521598,-3.09109178137,3.09109178137,True,True
China,420200,420000,C,0.791,0.78719740065,-0.480733166877,0.480733166877,True,True
China,420300,420000,C,0.783,0.78018997321,-0.358879538953,0.358879538953,True,True
China,420500,420000,C,0.829,0.788893505871,-4.83793656562,4.83793656562,True,True
China,420600,420000,C,0.801,0.777847080616,-2.89050179576,2.89050179576,True,True
China,420700,420000,C,0.809,0.791670435308,-2.1420969953,2.1420969953,True,True
China,420800,420000,C,0.803,0.77642915603,-3.30894694521,3.30894694521,True,True
China,420900,420000,C,0.767,0.769960261422,0.385953249283,0.385953249283,True,True
China,421000,420000,C,0.765,0.761947578411,-0.399009358039,0.399009358039,True,True
China,421100,420000,C,0.748,0.747026735601,-0.130115561364,0.130115561364,True,True
China,421200,420000,C,0.776,0.759211869173,-2.16341892101,2.16341892101,True,True
China,421300,420000,C,0.771,0.770197166228,-0.104128893904,0.104128893904,True,True
China,430100,430000,C,0.84,0.828084844728,-1.41847086571,1.41847086571,True,True
China,430200,430000,C,0.803,0.791183334765,-1.47156478643,1.47156478643,True,True
China,430300,430000,C,0.804,0.783237728434,-2.58237208532,2.58237208532,True,True
China,430400,430000,C,0.759,0.760332080346,0.175504656917,0.175504656917,True,True
China,430500,430000,C,0.734,0.744529551798,1.43454384169,1.43454384169,True,True
China,430600,430000,C,0.79,0.781602254911,-1.06300570747,1.06300570747,True,True
China,430700,430000,C,0.781,0.774623948752,-0.816395806402,0.816395806402,True,True
China,430800,430000,C,0.754,0.738968720362,-1.99353841353,1.99353841353,True,True
China,430900,430000,C,0.757,0.75101544314,-0.790562332893,0.790562332893,True,True
China,431000,430000,C,0.766,0.755768347344,-1.33572488982,1.33572488982,True,True
China,431100,430000,C,0.745,0.733434190661,-1.5524576294,1.5524576294,True,True
China,431200,430000,C,0.737,0.731226285757,-0.783407631343,0.783407631343,True,True
China,431300,430000,C,0.748,0.745970474063,-0.271326996925,0.271326996925,True,True
China,440100,440000,C,0.863,0.844237231148,-2.17413312306,2.17413312306,True,True
China,440200,440000,C,0.764,0.755618561202,-1.09704696309,1.09704696309,True,True
China,440300,440000,C,0.88,0.86242438127,-1.99722940114,1.99722940114,True,True
China,440400,440000,C,0.864,0.840700879651,-2.6966574478,2.6966574478,True,True
China,440500,440000,C,0.761,0.794561835324,4.41022803206,4.41022803206,True,True
China,440600,440000,C,0.839,0.841098014167,0.250061283313,0.250061283313,True,True
China,440700,440000,C,0.796,0.788581678301,-0.931949962186,0.931949962186,True,True
China,440800,440000,C,0.754,0.751606822834,-0.317397502122,0.317397502122,True,True
China,440900,440000,C,0.761,0.747367431154,-1.79140195085,1.79140195085,True,True
China,441200,440000,C,0.768,0.7638235476,-0.54380890625,0.54380890625,True,True
China,441300,440000,C,0.794,0.80288433973,1.11893447481,1.11893447481,True,True
China,441400,440000,C,0.749,0.750567979209,0.209343018558,0.209343018558,True,True
China,441500,440000,C,0.738,0.752666926094,1.98738835962,1.98738835962,True,True
China,441600,440000,C,0.75,0.735306415392,-1.9591446144,1.9591446144,True,True
China,441700,440000,C,0.767,0.753568994582,-1.75110892021,1.75110892021,True,True
China,441800,440000,C,0.753,0.743332844439,-1.2838187996,1.2838187996,True,True
China,441900,440000,C,0.815,0.840567735553,3.13714546663,3.13714546663,True,True
China,442000,440000,C,0.805,0.828255006445,2.8888206764,2.8888206764,True,True
China,445100,440000,C,0.748,0.772779175534,3.31272400187,3.31272400187,True,True
China,445200,440000,C,0.739,0.750914644061,1.6122657728,1.6122657728,True,True
China,445300,440000,C,0.762,0.735149007105,-3.52375234843,3.52375234843,True,True
China,450100,450000,C,0.776,0.787588917594,1.49341721572,1.49341721572,True,True
China,450200,450000,C,0.782,0.792610752998,1.35687378491,1.35687378491,True,True
China,450300,450000,C,0.757,0.754040137981,-0.390998945707,0.390998945707,True,True
China,450400,450000,C,0.741,0.732312411898,-1.17241404885,1.17241404885,True,True
China,450500,450000,C,0.792,0.757358755282,-4.3738945351,4.3738945351,True,True
China,450600,450000,C,0.775,0.744494970102,-3.93613289006,3.93613289006,True,True
China,450700,450000,C,0.739,0.721373109574,-2.38523551096,2.38523551096,True,True
China,450800,450000,C,0.721,0.716411034355,-0.636472350208,0.636472350208,True,True
China,450900,450000,C,0.729,0.728960566502,-0.0054092589849,0.0054092589849,True,True
China,451000,450000,C,0.73,0.714308607556,-2.14950581425,2.14950581425,True,True
China,451100,450000,C,0.741,0.71595959587,-3.37927181242,3.37927181242,True,True
China,451200,450000,C,0.713,0.703140874839,-1.38276650224,1.38276650224,True,True
China,451300,450000,C,0.732,0.7015011974,-4.16650308743,4.16650308743,True,True
China,451400,450000,C,0.707,0.724945663603,2.53828339505,2.53828339505,True,True
China,460100,460000,C,0.801,0.820596131606,2.44645837778,2.44645837778,True,True
China,460200,460000,C,0.794,0.814795490293,2.61907938199,2.61907938199,True,True
China,510100,510000,C,0.821,0.811772291845,-1.12395958039,1.12395958039,True,True
China,510300,510000,C,0.758,0.770079104736,1.59354943747,1.59354943747,True,True
China,510400,510000,C,0.79,0.782278378754,-0.977420410886,0.977420410886,True,True
China,510500,510000,C,0.751,0.755293374337,0.571687661385,0.571687661385,True,True
China,510600,510000,C,0.77,0.76762461927,-0.308491003896,0.308491003896,True,True
China,510700,510000,C,0.776,0.772043717108,-0.509830269588,0.509830269588,True,True
China,510800,510000,C,0.739,0.743923363776,0.666219726116,0.666219726116,True,True
China,510900,510000,C,0.749,0.760379962183,1.51935409653,1.51935409653,True,True
China,511000,510000,C,0.743,0.752186877784,1.23645730606,1.23645730606,True,True
China,511100,510000,C,0.767,0.764071243069,-0.381845753716,0.381845753716,True,True
China,511300,510000,C,0.735,0.760818261722,3.51268866966,3.51268866966,True,True
China,511400,510000,C,0.749,0.749287726095,0.0384146989319,0.0384146989319,True,True
China,511500,510000,C,0.762,0.758513186461,-0.457587078609,0.457587078609,True,True
China,511600,510000,C,0.731,0.734057446192,0.418255293023,0.418255293023,True,True
China,511700,510000,C,0.738,0.750125621245,1.64303810908,1.64303810908,True,True
China,511800,510000,C,0.756,0.74976818582,-0.824314044974,0.824314044974,True,True
China,511900,510000,C,0.722,0.741278585138,2.67016414654,2.67016414654,True,True
China,512000,510000,C,0.719,0.739620990556,2.86800981307,2.86800981307,True,True
China,520100,520000,C,0.775,0.806355853186,4.04591654013,4.04591654013,True,True
China,520200,520000,C,0.719,0.71801346166,-0.137209783032,0.137209783032,True,True
China,520300,520000,C,0.738,0.741077404545,0.416992485772,0.416992485772,True,True
China,520400,520000,C,0.707,0.728595689127,3.05455291754,3.05455291754,True,True
China,520500,520000,C,0.686,0.704011665212,2.62560717376,2.62560717376,True,True
China,520600,520000,C,0.717,0.745364602968,3.95601157155,3.95601157155,True,True
China,530100,530000,C,0.805,0.790769661409,-1.76774392435,1.76774392435,True,True
China,530300,530000,C,0.736,0.715700490048,-2.7580855913,2.7580855913,True,True
China,530400,530000,C,0.782,0.762481581864,-2.49596139847,2.49596139847,True,True
China,530500,530000,C,0.73,0.712661176314,-2.37518132685,2.37518132685,True,True
China,530600,530000,C,0.68,0.684997357252,0.734905478235,0.734905478235,True,True
China,530700,530000,C,0.726,0.725442392361,-0.0768054599173,0.0768054599173,True,True
China,530800,530000,C,0.711,0.709035767872,-0.276263309142,0.276263309142,True,True
China,530900,530000,C,0.704,0.703942601203,-0.00815323821022,0.00815323821022,True,True
China,540100,540000,C,0.735,0.77213660413,5.05259920136,5.05259920136,False,True
China,540300,540000,C,0.659,0.640769288817,-2.76642051335,2.76642051335,True,True
China,540400,540000,C,0.729,0.727351811759,-0.226088921948,0.226088921948,True,True
China,540500,540000,C,0.705,0.710848080753,0.829515000426,0.829515000426,True,True
China,540600,540000,C,0.611,0.619585144479,1.40509729607,1.40509729607,True,True
China,610100,610000,C,0.826,0.825611691927,-0.0470106625908,0.0470106625908,True,True
China,610200,610000,C,0.773,0.768010393145,-0.645486009702,0.645486009702,True,True
China,610300,610000,C,0.787,0.772375201917,-1.85829708806,1.85829708806,True,True
China,610400,610000,C,0.771,0.76520399572,-0.751751527886,0.751751527886,True,True
China,610500,610000,C,0.752,0.742305758834,-1.28912781463,1.28912781463,True,True
China,610600,610000,C,0.777,0.760473827806,-2.12692048829,2.12692048829,True,True
China,610700,610000,C,0.75,0.740244142141,-1.30078104787,1.30078104787,True,True
China,610800,610000,C,0.799,0.760733275963,-4.78932716358,4.78932716358,True,True
China,610900,610000,C,0.733,0.749955863691,2.31321469181,2.31321469181,True,True
China,611000,610000,C,0.72,0.715721495704,-0.594236707778,0.594236707778,True,True
China,620100,620000,C,0.778,0.814764666885,4.72553558933,4.72553558933,True,True
China,620200,620000,C,0.817,0.812672070384,-0.529734347124,0.529734347124,True,True
China,620300,620000,C,0.783,0.778306270087,-0.599454650447,0.599454650447,True,True
China,620400,620000,C,0.724,0.723694913869,-0.0421389683702,0.0421389683702,True,True
China,620500,620000,C,0.687,0.70964975923,3.29690818486,3.29690818486,True,True
China,620600,620000,C,0.723,0.711204433015,-1.63147537828,1.63147537828,True,True
China,620700,620000,C,0.728,0.745905097317,2.4594913897,2.4594913897,True,True
China,620800,620000,C,0.69,0.710142781352,2.9192436742,2.9192436742,True,True
China,620900,620000,C,0.764,0.768951116164,0.648051853927,0.648051853927,True,True
China,621000,620000,C,0.727,0.703251112602,-3.26669702861,3.26669702861,True,True
China,621100,620000,C,0.663,0.682059799576,2.87478123318,2.87478123318,True,True
China,621200,620000,C,0.663,0.678019660968,2.26540889412,2.26540889412,True,True
China,630100,630000,C,0.761,0.784243925611,3.05439232733,3.05439232733,True,True
China,630200,630000,C,0.707,0.695062705076,-1.68844341216,1.68844341216,True,True
China,640100,640000,C,0.796,0.809144844636,1.65136239146,1.65136239146,True,True
China,640200,640000,C,0.778,0.772607717726,-0.693095407969,0.693095407969,True,True
China,640300,640000,C,0.74,0.736504623204,-0.472348215676,0.472348215676,True,True
China,640400,640000,C,0.714,0.708026963116,-0.836559787675,0.836559787675,True,True
China,640500,640000,C,0.733,0.723476797501,-1.29920907217,1.29920907217,True,True
China,650200,650000,C,0.871,0.806468483312,-7.40889973456,7.40889973456,False,True
Indonesia,ID7401,ID74,A,0.6598,0.644789432258,-2.2750178451,2.2750178451,True,True
Indonesia,ID7402,ID74,A,0.6902,0.689134424884,-0.154386426543,0.154386426543,True,True
Indonesia,ID7403,ID74,A,0.7135,0.667484915553,-6.44920594912,6.44920594912,False,True
Indonesia,ID7404,ID74,A,0.7345,0.702906413035,-4.30137331042,4.30137331042,True,True
Indonesia,ID7405,ID74,A,0.682,0.652169413326,-4.37398631584,4.37398631584,True,True
Indonesia,ID7406,ID74,A,0.6605,0.644057874731,-2.48934523376,2.48934523376,True,True
Indonesia,ID7407,ID74,A,0.6948,0.704531849938,1.40066924842,1.40066924842,True,True
Indonesia,ID7408,ID74,A,0.6931,0.672934053194,-2.90952918857,2.90952918857,True,True
Indonesia,ID7409,ID74,A,0.6787,0.668689433937,-1.47496184809,1.47496184809,True,True
Indonesia,ID7410,ID74,A,0.6986,0.639212714759,-8.50089969095,8.50089969095,False,False
Indonesia,ID7411,ID74,A,0.6702,0.650510268411,-2.93788892704,2.93788892704,True,True
Indonesia,ID7412,ID74,A,0.6541,0.63388602075,-3.09034998471,3.09034998471,True,True
Indonesia,ID7413,ID74,A,0.6508,0.646312962168,-0.689464940381,0.689464940381,True,True
Indonesia,ID7414,ID74,A,0.6437,0.680687736554,5.74611411434,5.74611411434,False,True
Indonesia,ID7471,ID74,A,0.8353,0.741569972745,-11.221121424,11.221121424,False,False
Indonesia,ID7472,ID74,A,0.759,0.735393168621,-3.11025446364,3.11025446364,True,True
Indonesia,ID1101,ID11,A,0.6603,0.665669933545,0.813256632591,0.813256632591,True,True
Indonesia,ID1102,ID11,A,0.6894,0.673691716693,-2.27854414085,2.27854414085,True,True
Indonesia,ID1103,ID11,A,0.6712,0.666043149416,-0.768303126341,0.768303126341,True,True
Indonesia,ID1104,ID11,A,0.6937,0.702348794672,1.24676296266,1.24676296266,True,True
Indonesia,ID1105,ID11,A,0.6763,0.680376529996,0.602769480408,0.602769480408,True,True
Indonesia,ID1106,ID11,A,0.7324,0.742118554556,1.32694628017,1.32694628017,True,True
Indonesia,ID1107,ID11,A,0.7138,0.708383210049,-0.758866622443,0.758866622443,True,True
Indonesia,ID1108,ID11,A,0.7356,0.70768054104,-3.79546750408,3.79546750408,True,True
Indonesia,ID1109,ID11,A,0.7063,0.669645409904,-5.1896630463,5.1896630463,False,True
Indonesia,ID1110,ID11,A,0.7228,0.690227584506,-4.50642162341,4.50642162341,True,True
Indonesia,ID1111,ID11,A,0.6933,0.689514644177,-0.545991031732,0.545991031732,True,True
Indonesia,ID1112,ID11,A,0.6675,0.709143530244,6.2387311227,6.2387311227,False,True
Indonesia,ID1113,ID11,A,0.6722,0.699685768102,4.0889271202,4.0889271202,True,True
Indonesia,ID1114,ID11,A,0.6924,0.691256176321,-0.165196949596,0.165196949596,True,True
Indonesia,ID1115,ID11,A,0.6918,0.679323922993,-1.80342252197,1.80342252197,True,True
Indonesia,ID1116,ID11,A,0.6975,0.697496829123,-0.000454606021501,0.000454606021501,True,True
Indonesia,ID1117,ID11,A,0.7298,0.728099071224,-0.233067796109,0.233067796109,True,True
Indonesia,ID1118,ID11,A,0.732,0.667898008455,-8.75710267008,8.75710267008,False,False
Indonesia,ID1171,ID11,A,0.8541,0.799525174051,-6.38974662791,6.38974662791,False,True
Indonesia,ID1172,ID11,A,0.7578,0.707094377187,-6.69116162747,6.69116162747,False,True
Indonesia,ID1173,ID11,A,0.7717,0.761279115175,-1.35038030647,1.35038030647,True,True
Indonesia,ID1174,ID11,A,0.7731,0.758622131345,-1.87270322791,1.87270322791,True,True
Indonesia,ID1175,ID11,A,0.6493,0.689487145665,6.18930319806,6.18930319806,False,True
Indonesia,ID1202,ID12,A,0.6679,0.676378686372,1.26945446504,1.26945446504,True,True
Indonesia,ID1203,ID12,A,0.7012,0.70235180395,0.16426182972,0.16426182972,True,True
Indonesia,ID1204,ID12,A,0.6923,0.688137346247,-0.601278889643,0.601278889643,True,True
Indonesia,ID1205,ID12,A,0.7347,0.677822747887,-7.74156146903,7.74156146903,False,True
Indonesia,ID1206,ID12,A,0.7516,0.678442096185,-9.73362211482,9.73362211482,False,False
Indonesia,ID1207,ID12,A,0.7201,0.721520606844,0.197279106235,0.197279106235,True,True
Indonesia,ID1208,ID12,A,0.7029,0.727387568582,3.48379123375,3.48379123375,True,True
Indonesia,ID1209,ID12,A,0.7325,0.729086625828,-0.465989648055,0.465989648055,True,True
Indonesia,ID1210,ID12,A,0.7157,0.698631376183,-2.38488526156,2.38488526156,True,True
Indonesia,ID1211,ID12,A,0.7443,0.726126731551,-2.44165906879,2.44165906879,True,True
Indonesia,ID1212,ID12,A,0.7544,0.762905878165,1.12750240787,1.12750240787,True,True
Indonesia,ID1213,ID12,A,0.71,0.715709717113,0.804185508873,0.804185508873,True,True
Indonesia,ID1215,ID12,A,0.6887,0.679123895654,-1.39046091854,1.39046091854,True,True
Indonesia,ID1216,ID12,A,0.6759,0.675850363035,-0.00734383266754,0.00734383266754,True,True
Indonesia,ID1217,ID12,A,0.7063,0.680720824899,-3.6215737082,3.6215737082,True,True
Indonesia,ID1218,ID12,A,0.7024,0.705877689075,0.495115187215,0.495115187215,True,True
Indonesia,ID1219,ID12,A,0.6836,0.71790619617,5.01846052809,5.01846052809,False,True
Indonesia,ID1220,ID12,A,0.6985,0.668838987052,-4.24638696464,4.24638696464,True,True
Indonesia,ID1221,ID12,A,0.6825,0.676708212153,-0.848613603956,0.848613603956,True,True
Indonesia,ID1222,ID12,A,0.714,0.69120372517,-3.19275557843,3.19275557843,True,True
Indonesia,ID1223,ID12,A,0.7161,0.68379404446,-4.5113748834,4.5113748834,True,True
Indonesia,ID1271,ID12,A,0.7363,0.766521607695,4.10452365816,4.10452365816,True,True
Indonesia,ID1272,ID12,A,0.6865,0.763713768207,11.2474534897,11.2474534897,False,False
Indonesia,ID1273,ID12,A,0.7875,0.792720155496,0.662876888381,0.662876888381,True,True
Indonesia,ID1274,ID12,A,0.7517,0.773272889309,2.86988017946,2.86988017946,True,True
Indonesia,ID1275,ID12,A,0.8098,0.821053525604,1.38966727636,1.38966727636,True,True
Indonesia,ID1276,ID12,A,0.7589,0.779475787696,2.7112646852,2.7112646852,True,True
Indonesia,ID1277,ID12,A,0.7522,0.738343548765,-1.84212326974,1.84212326974,True,True
Indonesia,ID1278,ID12,A,0.6931,0.717995450263,3.59189875386,3.59189875386,True,True
Indonesia,ID1302,ID13,A,0.699,0.675782229976,-3.32156938827,3.32156938827,True,True
Indonesia,ID1303,ID13,A,0.6908,0.676715300329,-2.03889688347,2.03889688347,True,True
Indonesia,ID1304,ID13,A,0.6774,0.687793714146,1.53435402214,1.53435402214,True,True
Indonesia,ID1305,ID13,A,0.7233,0.711653870359,-1.61013820559,1.61013820559,True,True
Indonesia,ID1306,ID13,A,0.7061,0.707114643493,0.143696854978,0.143696854978,True,True
Indonesia,ID1307,ID13,A,0.7246,0.743430963395,2.59880808653,2.59880808653,True,True
Indonesia,ID1308,ID13,A,0.6947,0.711082051548,2.35814762459,2.35814762459,True,True
Indonesia,ID1309,ID13,A,0.6664,0.67415042003,1.16302821579,1.16302821579,True,True
Indonesia,ID1310,ID13,A,0.6904,0.674131450232,-2.35639480997,2.35639480997,True,True
Indonesia,ID1311,ID13,A,0.7151,0.707506546787,-1.0618729147,1.0618729147,True,True
Indonesia,ID1312,ID13,A,0.6849,0.667548487473,-2.53343736706,2.53343736706,True,True
Indonesia,ID1371,ID13,A,0.8282,0.780451684809,-5.76531214574,5.76531214574,False,True
Indonesia,ID1372,ID13,A,0.7829,0.74001259357,-5.47801844808,5.47801844808,False,True
Indonesia,ID1373,ID13,A,0.7264,0.733933426725,1.03709068351,1.03709068351,True,True
Indonesia,ID1374,ID13,A,0.7793,0.793223748204,1.78669937174,1.78669937174,True,True
Indonesia,ID1375,ID13,A,0.8058,0.807886487343,0.25893364892,0.25893364892,True,True
Indonesia,ID1376,ID13,A,0.789,0.763054382668,-3.2884179128,3.2884179128,True,True
Indonesia,ID1377,ID13,A,0.769,0.738500770945,-3.96608960403,3.96608960403,True,True
Indonesia,ID1401,ID14,A,0.7031,0.702011827959,-0.154767748684,0.154767748684,True,True
Indonesia,ID1402,ID14,A,0.6983,0.702940548899,0.664549462838,0.664549462838,True,True
Indonesia,ID1403,ID14,A,0.6654,0.693834759758,4.27333329696,4.27333329696,True,True
Indonesia,ID1404,ID14,A,0.7156,0.698066365125,-2.45020051356,2.45020051356,True,True
Indonesia,ID1405,ID14,A,0.7368,0.730012977763,-0.921148512079,0.921148512079,True,True
Indonesia,ID1406,ID14,A,0.7283,0.705735440754,-3.09825061733,3.09825061733,True,True
Indonesia,ID1407,ID14,A,0.6938,0.686929992544,-0.990199979245,0.990199979245,True,True
Indonesia,ID1408,ID14,A,0.7346,0.748886359443,1.94478075728,1.94478075728,True,True
Indonesia,ID1409,ID14,A,0.6915,0.698353540425,0.991112136659,0.991112136659,True,True
Indonesia,ID1410,ID14,A,0.655,0.726878511263,10.9738185134,10.9738185134,False,False
Indonesia,ID1471,ID14,A,0.8132,0.805906997356,-0.896827673881,0.896827673881,True,True
Indonesia,ID1473,ID14,A,0.744,0.770582457827,3.57291099825,3.57291099825,True,True
Indonesia,ID1501,ID15,A,0.7121,0.710064884619,-0.285790672799,0.285790672799,True,True
Indonesia,ID1502,ID15,A,0.6919,0.67379250143,-2.61706873392,2.61706873392,True,True
Indonesia,ID1503,ID15,A,0.6986,0.679613825693,-2.7177461075,2.7177461075,True,True
Indonesia,ID1504,ID15,A,0.6984,0.680603853507,-2.54813094115,2.54813094115,True,True
Indonesia,ID1505,ID15,A,0.6918,0.691164734479,-0.0918279157271,0.0918279157271,True,True
Indonesia,ID1506,ID15,A,0.6443,0.674007567903,4.61082848099,4.61082848099,True,True
Indonesia,ID1507,ID15,A,0.6754,0.703823804954,4.20844017678,4.20844017678,True,True
Indonesia,ID1508,ID15,A,0.6914,0.6874451974,-0.571999218976,0.571999218976,True,True
Indonesia,ID1509,ID15,A,0.6992,0.711533640494,1.76396460154,1.76396460154,True,True
Indonesia,ID1571,ID15,A,0.7837,0.77754513197,-0.785360218196,0.785360218196,True,True
Indonesia,ID1572,ID15,A,0.7542,0.775369673181,2.80690442601,2.80690442601,True,True
Indonesia,ID1601,ID16,A,0.6932,0.69961348117,0.925199245528,0.925199245528,True,True
Indonesia,ID1602,ID16,A,0.6682,0.64918908255,-2.84509390153,2.84509390153,True,True
Indonesia,ID1603,ID16,A,0.6874,0.704450788904,2.48047554612,2.48047554612,True,True
Indonesia,ID1604,ID16,A,0.6744,0.702824951626,4.21485047835,4.21485047835,True,True
Indonesia,ID1605,ID16,A,0.6679,0.674339748134,0.964178489894,0.964178489894,True,True
Indonesia,ID1606,ID16,A,0.6769,0.681809543842,0.72529824819,0.72529824819,True,True
Indonesia,ID1607,ID16,A,0.6674,0.659216727743,-1.22614208226,1.22614208226,True,True
Indonesia,ID1608,ID16,A,0.653,0.663248748566,1.56948676355,1.56948676355,True,True
Indonesia,ID1609,ID16,A,0.6928,0.648271926952,-6.42726227598,6.42726227598,False,True
Indonesia,ID1610,ID16,A,0.6706,0.669473163252,-0.168034110945,0.168034110945,True,True
Indonesia,ID1611,ID16,A,0.6525,0.663333088638,1.66024346943,1.66024346943,True,True
Indonesia,ID1612,ID16,A,0.647,0.68923339178,6.52757214529,6.52757214529,False,True
Indonesia,ID1671,ID16,A,0.7833,0.78979786358,0.829549799566,0.829549799566,True,True
Indonesia,ID1672,ID16,A,0.7455,0.748999346634,0.469395926761,0.469395926761,True,True
Indonesia,ID1673,ID16,A,0.6831,0.684474474657,0.201211339043,0.201211339043,True,True
Indonesia,ID1674,ID16,A,0.7478,0.755071676365,0.972409249131,0.972409249131,True,True
Indonesia,ID1701,ID17,A,0.7063,0.697987656742,-1.17688563755,1.17688563755,True,True
Indonesia,ID1702,ID17,A,0.7044,0.722389751571,2.55391135307,2.55391135307,True,True
Indonesia,ID1703,ID17,A,0.6882,0.674339290115,-2.01405258428,2.01405258428,True,True
Indonesia,ID1704,ID17,A,0.6699,0.654600005595,-2.28392213838,2.28392213838,True,True
Indonesia,ID1705,ID17,A,0.6689,0.65707660276,-1.76758816565,1.76758816565,True,True
Indonesia,ID1706,ID17,A,0.6845,0.661118671468,-3.41582593601,3.41582593601,True,True
Indonesia,ID1707,ID17,A,0.6701,0.672062787564,0.292909649903,0.292909649903,True,True
Indonesia,ID1708,ID17,A,0.6817,0.704101922546,3.28618491213,3.28618491213,True,True
Indonesia,ID1709,ID17,A,0.6761,0.666821903412,-1.37229649283,1.37229649283,True,True
Indonesia,ID1771,ID17,A,0.8036,0.75366651692,-6.21372362867,6.21372362867,False,True
Indonesia,ID1801,ID18,A,0.678,0.668469811186,-1.40563256844,1.40563256844,True,True
Indonesia,ID1802,ID18,A,0.6642,0.677149334191,1.94961369934,1.94961369934,True,True
Indonesia,ID1803,ID18,A,0.6836,0.697741377071,2.06866253233,2.06866253233,True,True
Indonesia,ID1804,ID18,A,0.6937,0.692626036978,-0.154816638605,0.154816638605,True,True
Indonesia,ID1805,ID18,A,0.7016,0.694338464569,-1.03499649815,1.03499649815,True,True
Indonesia,ID1806,ID18,A,0.6767,0.693597939353,2.49710940638,2.49710940638,True,True
Indonesia,ID1807,ID18,A,0.6744,0.667864712732,-0.969052086002,0.969052086002,True,True
Indonesia,ID1808,ID18,A,0.6852,0.68508339187,-0.0170181158786,0.0170181158786,True,True
Indonesia,ID1809,ID18,A,0.6579,0.679413073501,3.26996101246,3.26996101246,True,True
Indonesia,ID1810,ID18,A,0.703,0.701295413147,-0.242473236558,0.242473236558,True,True
Indonesia,ID1811,ID18,A,0.6363,0.680248529837,6.90688823464,6.90688823464,False,True
Indonesia,ID1812,ID18,A,0.6597,0.698036683581,5.8112298895,5.8112298895,False,True
Indonesia,ID1871,ID18,A,0.7744,0.782963562302,1.10583190883,1.10583190883,True,True
Indonesia,ID1872,ID18,A,0.7719,0.739938263371,-4.14065767962,4.14065767962,True,True
Indonesia,ID1901,ID19,A,0.724,0.693065678591,-4.27269632721,4.27269632721,True,True
Indonesia,ID1902,ID19,A,0.7251,0.685665151465,-5.43853930975,5.43853930975,False,True
Indonesia,ID1903,ID19,A,0.6908,0.671018234167,-2.86360246569,2.86360246569,True,True
Indonesia,ID1904,ID19,A,0.7045,0.673113056741,-4.4552084115,4.4552084115,True,True
Indonesia,ID1905,ID19,A,0.669,0.661012566938,-1.19393618266,1.19393618266,True,True
Indonesia,ID1971,ID19,A,0.7822,0.767193117892,-1.91854795551,1.91854795551,True,True
Indonesia,ID2101,ID21,A,0.7144,0.740195382022,3.61077575896,3.61077575896,True,True
Indonesia,ID2103,ID21,A,0.7272,0.694793736579,-4.45630685107,4.45630685107,True,True
Indonesia,ID2104,ID21,A,0.6529,0.704911802388,7.96627391454,7.96627391454,False,True
Indonesia,ID2105,ID21,A,0.688,0.686773206972,-0.178312940116,0.178312940116,True,True
Indonesia,ID2171,ID21,A,0.8111,0.788742822733,-2.75640207952,2.75640207952,True,True
Indonesia,ID2172,ID21,A,0.7891,0.779099583348,-1.26731930706,1.26731930706,True,True
Indonesia,ID3171,ID31,A,0.8472,0.839957533401,-0.854870939448,0.854870939448,True,True
Indonesia,ID3172,ID31,A,0.8266,0.820603428059,-0.725450271111,0.725450271111,True,True
Indonesia,ID3173,ID31,A,0.8139,0.872097622895,7.15046355756,7.15046355756,False,True
Indonesia,ID3174,ID31,A,0.8138,0.83265819871,2.31730138978,2.31730138978,True,True
Indonesia,ID3175,ID31,A,0.8029,0.828155871648,3.14558122406,3.14558122406,True,True
Indonesia,ID3201,ID32,A,0.704,0.741124699855,5.27339486577,5.27339486577,False,True
Indonesia,ID3202,ID32,A,0.6688,0.693902259181,3.75332822682,3.75332822682,True,True
Indonesia,ID3203,ID32,A,0.6536,0.686753477105,5.07244141753,5.07244141753,False,True
Indonesia,ID3204,ID32,A,0.7239,0.728789018315,0.675372056223,0.675372056223,True,True
Indonesia,ID3205,ID32,A,0.6612,0.699623012936,5.81110298488,5.81110298488,False,True
Indonesia,ID3206,ID32,A,0.6567,0.682856447231,3.98301313096,3.98301313096,True,True
Indonesia,ID3207,ID32,A,0.7049,0.713403550583,1.20634850092,1.20634850092,True,True
Indonesia,ID3208,ID32,A,0.6938,0.707238916442,1.93700150504,1.93700150504,True,True
Indonesia,ID3209,ID32,A,0.6875,0.71337861075,3.76416156364,3.76416156364,True,True
Indonesia,ID3210,ID32,A,0.6759,0.69508810885,2.8388975958,2.8388975958,True,True
Indonesia,ID3211,ID32,A,0.7164,0.709934233807,-0.902535761167,0.902535761167,True,True
Indonesia,ID3212,ID32,A,0.6729,0.69689862174,3.56644698172,3.56644698172,True,True
Indonesia,ID3213,ID32,A,0.6895,0.687295465674,-0.319729416389,0.319729416389,True,True
Indonesia,ID3214,ID32,A,0.7082,0.722115052721,1.96484788492,1.96484788492,True,True
Indonesia,ID3215,ID32,A,0.7066,0.725615807569,2.69117004939,2.69117004939,True,True
Indonesia,ID3216,ID32,A,0.7407,0.75165331489,1.47877884299,1.47877884299,True,True
Indonesia,ID3217,ID32,A,0.6808,0.719774652268,5.72483141422,5.72483141422,False,True
Indonesia,ID3218,ID32,A,0.6806,0.699634018064,2.79665266882,2.79665266882,True,True
Indonesia,ID3271,ID32,A,0.7611,0.781897901947,2.73261095086,2.73261095086,True,True
Indonesia,ID3272,ID32,A,0.7421,0.760844355841,2.5258530981,2.5258530981,True,True
Indonesia,ID3273,ID32,A,0.8151,0.825163535263,1.23463811348,1.23463811348,True,True
Indonesia,ID3274,ID32,A,0.7489,0.793865291798,6.00417836801,6.00417836801,False,True
Indonesia,ID3275,ID32,A,0.815,0.785433938743,-3.62773757755,3.62773757755,True,True
Indonesia,ID3276,ID32,A,0.8097,0.778515852702,-3.85132114339,3.85132114339,True,True
Indonesia,ID3277,ID32,A,0.7783,0.804120937046,3.31760722678,3.31760722678,True,True
Indonesia,ID3278,ID32,A,0.7304,0.752196572398,2.98419665909,2.98419665909,True,True
Indonesia,ID3279,ID32,A,0.717,0.737630382932,2.87731979526,2.87731979526,True,True
Indonesia,ID3301,ID33,A,0.6995,0.720702944914,3.03115724289,3.03115724289,True,True
Indonesia,ID3302,ID33,A,0.7198,0.720496346355,0.0967416442067,0.0967416442067,True,True
Indonesia,ID3303,ID33,A,0.6897,0.710913375032,3.07573945658,3.07573945658,True,True
Indonesia,ID3304,ID33,A,0.6745,0.695167108602,3.06406354366,3.06406354366,True,True
Indonesia,ID3305,ID33,A,0.6981,0.687328807101,-1.54292979502,1.54292979502,True,True
Indonesia,ID3306,ID33,A,0.7268,0.693602568956,-4.56761571877,4.56761571877,True,True
Indonesia,ID3307,ID33,A,0.6822,0.709895288787,4.0597022555,4.0597022555,True,True
Indonesia,ID3308,ID33,A,0.6987,0.708779596073,1.44262145026,1.44262145026,True,True
Indonesia,ID3309,ID33,A,0.7425,0.724264071431,-2.45601731569,2.45601731569,True,True
Indonesia,ID3310,ID33,A,0.7556,0.735184731559,-2.70186189002,2.70186189002,True,True
Indonesia,ID3311,ID33,A,0.7698,0.741705162842,-3.64962810574,3.64962810574,True,True
Indonesia,ID3312,ID33,A,0.7025,0.712473139051,1.41966392185,1.41966392185,True,True
Indonesia,ID3313,ID33,A,0.7586,0.731232277214,-3.60766184893,3.60766184893,True,True
Indonesia,ID3314,ID33,A,0.7395,0.713171761669,-3.56027563638,3.56027563638,True,True
Indonesia,ID3315,ID33,A,0.6987,0.693682964438,-0.718052892801,0.718052892801,True,True
Indonesia,ID3316,ID33,A,0.6884,0.700913297852,1.81773646891,1.81773646891,True,True
Indonesia,ID3317,ID33,A,0.7002,0.697322266774,-0.410987321622,0.410987321622,True,True
Indonesia,ID3318,ID33,A,0.7177,0.709525005554,-1.13905454173,1.13905454173,True,True
Indonesia,ID3319,ID33,A,0.75,0.750363398857,0.0484531809333,0.0484531809333,True,True
Indonesia,ID3320,ID33,A,0.7199,0.717282524916,-0.363588704542,0.363588704542,True,True
Indonesia,ID3321,ID33,A,0.7222,0.702568664232,-2.71826859153,2.71826859153,True,True
Indonesia,ID3322,ID33,A,0.741,0.73995873844,-0.140521128205,0.140521128205,True,True
Indonesia,ID3323,ID33,A,0.6957,0.704405486315,1.25132762901,1.25132762901,True,True
Indonesia,ID3324,ID33,A,0.7229,0.710636351666,-1.69645156094,1.69645156094,True,True
Indonesia,ID3325,ID33,A,0.6865,0.694990192246,1.23673594261,1.23673594261,True,True
Indonesia,ID3326,ID33,A,0.6963,0.699213370562,0.418407376418,0.418407376418,True,True
Indonesia,ID3327,ID33,A,0.6632,0.696270896159,4.98656455956,4.98656455956,True,True
Indonesia,ID3328,ID33,A,0.6839,0.705684538646,3.185339764,3.185339764,True,True
Indonesia,ID3329,ID33,A,0.6611,0.700425854481,5.94854855256,5.94854855256,False,True
Indonesia,ID3371,ID33,A,0.7899,0.798136436037,1.04271882985,1.04271882985,True,True
Indonesia,ID3372,ID33,A,0.8221,0.827539401499,0.661647183919,0.661647183919,True,True
Indonesia,ID3373,ID33,A,0.8314,0.788000642692,-5.22003335434,5.22003335434,False,True
Indonesia,ID3374,ID33,A,0.8305,0.791224543475,-4.72913383805,4.72913383805,True,True
Indonesia,ID3375,ID33,A,0.7498,0.776214691219,3.52289826874,3.52289826874,True,True
Indonesia,ID3376,ID33,A,0.7507,0.783215864744,4.33140598695,4.33140598695,True,True
Indonesia,ID3401,ID34,A,0.7446,0.712481537468,-4.31351900779,4.31351900779,True,True
Indonesia,ID3402,ID34,A,0.8001,0.741448889394,-7.33047251669,7.33047251669,False,True
Indonesia,ID3403,ID34,A,0.6998,0.710162074053,1.48071935596,1.48071935596,True,True
Indonesia,ID3404,ID34,A,0.8384,0.755249099124,-9.91780783349,9.91780783349,False,False
Indonesia,ID3471,ID34,A,0.8661,0.825017047414,-4.74344216442,4.74344216442,True,True
Indonesia,ID3501,ID35,A,0.6839,0.712299302054,4.15255184296,4.15255184296,True,True
Indonesia,ID3502,ID35,A,0.7081,0.725668388508,2.48106037396,2.48106037396,True,True
Indonesia,ID3503,ID35,A,0.6974,0.708539415605,1.59727783266,1.59727783266,True,True
Indonesia,ID3504,ID35,A,0.73,0.73722741167,0.990056393151,0.990056393151,True,True
Indonesia,ID3505,ID35,A,0.7058,0.729460158515,3.35224688509,3.35224688509,True,True
Indonesia,ID3506,ID35,A,0.7205,0.721790345798,0.179090325885,0.179090325885,True,True
Indonesia,ID3507,ID35,A,0.7036,0.738863829267,5.01191433584,5.01191433584,False,True
Indonesia,ID3508,ID35,A,0.6546,0.71076696904,8.5803496853,8.5803496853,False,False
Indonesia,ID3509,ID35,A,0.6711,0.716845539362,6.81650117151,6.81650117151,False,True
Indonesia,ID3510,ID35,A,0.7062,0.726630163603,2.89297133999,2.89297133999,True,True
Indonesia,ID3511,ID35,A,0.6643,0.688742234049,3.67939696658,3.67939696658,True,True
Indonesia,ID3512,ID35,A,0.6738,0.698285089528,3.63388090353,3.63388090353,True,True
Indonesia,ID3513,ID35,A,0.6607,0.693214810277,4.92126688013,4.92126688013,True,True
Indonesia,ID3514,ID35,A,0.686,0.724743835555,5.6477894395,5.6477894395,False,True
Indonesia,ID3515,ID35,A,0.8029,0.767852651381,-4.36509510761,4.36509510761,True,True
Indonesia,ID3516,ID35,A,0.7383,0.713696344665,-3.33247397196,3.33247397196,True,True
Indonesia,ID3517,ID35,A,0.7297,0.706654691936,-3.15818940167,3.15818940167,True,True
Indonesia,ID3518,ID35,A,0.7172,0.71144696904,-0.802151556051,0.802151556051,True,True
Indonesia,ID3519,ID35,A,0.7173,0.714786856219,-0.350361603374,0.350361603374,True,True
Indonesia,ID3520,ID35,A,0.7392,0.725666083754,-1.83088693804,1.83088693804,True,True
Indonesia,ID3521,ID35,A,0.7054,0.700419398345,-0.706067714063,0.706067714063,True,True
Indonesia,ID3522,ID35,A,0.6904,0.710891359909,2.96804170177,2.96804170177,True,True
Indonesia,ID3523,ID35,A,0.684,0.710346891052,3.85188465673,3.85188465673,True,True
Indonesia,ID3524,ID35,A,0.7258,0.68828650578,-5.16857181317,5.16857181317,False,True
Indonesia,ID3525,ID35,A,0.7611,0.734030381224,-3.55664416975,3.55664416975,True,True
Indonesia,ID3526,ID35,A,0.6411,0.681897493754,6.36367083981,6.36367083981,False,True
Indonesia,ID3527,ID35,A,0.627,0.674000557597,7.49610169011,7.49610169011,False,True
Indonesia,ID3528,ID35,A,0.6626,0.696596787356,5.1308160815,5.1308160815,False,True
Indonesia,ID3571,ID35,A,0.7823,0.82489257484,5.44453212834,5.44453212834,False,True
Indonesia,ID3572,ID35,A,0.7857,0.787339877054,0.20871541988,0.20871541988,True,True
Indonesia,ID3573,ID35,A,0.8145,0.813252418242,-0.153171486556,0.153171486556,True,True
Indonesia,ID3574,ID35,A,0.7327,0.77882287885,6.29492000136,6.29492000136,False,True
Indonesia,ID3575,ID35,A,0.7526,0.761291923107,1.15491936048,1.15491936048,True,True
Indonesia,ID3576,ID35,A,0.7804,0.774628841406,-0.739512890056,0.739512890056,True,True
Indonesia,ID3577,ID35,A,0.8091,0.812091648521,0.369750157088,0.369750157088,True,True
Indonesia,ID3578,ID35,A,0.8223,0.820863458598,-0.174697969354,0.174697969354,True,True
Indonesia,ID3579,ID35,A,0.759,0.763379550119,0.577015825955,0.577015825955,True,True
Indonesia,ID3601,ID36,A,0.65,0.676741143984,4.11402215138,4.11402215138,True,True
Indonesia,ID3602,ID36,A,0.6391,0.671234052588,5.02801636489,5.02801636489,False,True
Indonesia,ID3603,ID36,A,0.7192,0.742882045552,3.29283169522,3.29283169522,True,True
Indonesia,ID3604,ID36,A,0.667,0.703960916759,5.54136683043,5.54136683043,False,True
Indonesia,ID3671,ID36,A,0.7825,0.800475920476,2.29724223335,2.29724223335,True,True
Indonesia,ID3672,ID36,A,0.7305,0.768880101992,5.25394962245,5.25394962245,False,True
Indonesia,ID3673,ID36,A,0.7216,0.744706888129,3.20217407553,3.20217407553,True,True
Indonesia,ID3674,ID36,A,0.8136,0.791485023661,-2.71816326684,2.71816326684,True,True
Indonesia,ID5101,ID51,A,0.7236,0.700046221392,-3.25508272637,3.25508272637,True,True
Indonesia,ID5102,ID51,A,0.7617,0.71739340337,-5.81680407378,5.81680407378,False,True
Indonesia,ID5103,ID51,A,0.816,0.753050785256,-7.71436455196,7.71436455196,False,True
Indonesia,ID5104,ID51,A,0.7736,0.730315710193,-5.59517706916,5.59517706916,False,True
Indonesia,ID5105,ID51,A,0.7173,0.722531759617,0.729368411683,0.729368411683,True,True
Indonesia,ID5106,ID51,A,0.6936,0.693528591535,-0.0102953380911,0.0102953380911,True,True
Indonesia,ID5107,ID51,A,0.6735,0.678322354287,0.716013999555,0.716013999555,True,True
Indonesia,ID5108,ID51,A,0.7255,0.702132504286,-3.22088155948,3.22088155948,True,True
Indonesia,ID5171,ID51,A,0.8393,0.780133687536,-7.049483196,7.049483196,False,True
Indonesia,ID5201,ID52,A,0.682,0.682674336023,0.0988762497067,0.0988762497067,True,True
Indonesia,ID5202,ID52,A,0.6643,0.665746065937,0.217682664007,0.217682664007,True,True
Indonesia,ID5203,ID52,A,0.663,0.672147621511,1.37973175128,1.37973175128,True,True
Indonesia,ID5204,ID52,A,0.6761,0.680589824789,0.664077028398,0.664077028398,True,True
Indonesia,ID5205,ID52,A,0.6784,0.686027265173,1.1243020597,1.1243020597,True,True
Indonesia,ID5206,ID52,A,0.663,0.66655680887,0.536471926094,0.536471926094,True,True
Indonesia,ID5207,ID52,A,0.7163,0.700764583081,-2.16884223356,2.16884223356,True,True
Indonesia,ID5271,ID52,A,0.7891,0.768541242343,-2.60534249867,2.60534249867,True,True
Indonesia,ID5272,ID52,A,0.7581,0.719915584791,-5.03685730233,5.03685730233,False,True
Indonesia,ID5305,ID53,A,0.6353,0.640252043328,0.779481084212,0.779481084212,True,True
Indonesia,ID5309,ID53,A,0.6422,0.637706829601,-0.699652818281,0.699652818281,True,True
Indonesia,ID5310,ID53,A,0.6511,0.662903651588,1.81287845001,1.81287845001,True,True
Indonesia,ID5311,ID53,A,0.6704,0.665822796721,-0.682757052357,0.682757052357,True,True
Indonesia,ID5312,ID53,A,0.6788,0.652621215382,-3.85662707985,3.85662707985,True,True
Indonesia,ID5313,ID53,A,0.6454,0.646400655234,0.155044194918,0.155044194918,True,True
Indonesia,ID5315,ID53,A,0.6389,0.608856199674,-4.70242609579,4.70242609579,True,True
Indonesia,ID5318,ID53,A,0.6581,0.641248016015,-2.5607026265,2.5607026265,True,True
Indonesia,ID5371,ID53,A,0.7971,0.776613645581,-2.57011095459,2.57011095459,True,True
Indonesia,ID6101,ID61,A,0.6703,0.697431520539,4.04766828868,4.04766828868,True,True
Indonesia,ID6102,ID61,A,0.6787,0.669398557963,-1.37047915677,1.37047915677,True,True
Indonesia,ID6103,ID61,A,0.6598,0.677051987494,2.61472984147,2.61472984147,True,True
Indonesia,ID6104,ID61,A,0.6574,0.697677510188,6.12678889382,6.12678889382,False,True
Indonesia,ID6105,ID61,A,0.6577,0.694206726325,5.55066539836,5.55066539836,False,True
Indonesia,ID6106,ID61,A,0.6717,0.686165480725,2.15356271029,2.15356271029,True,True
Indonesia,ID6107,ID61,A,0.6688,0.692003733928,3.46945782416,3.46945782416,True,True
Indonesia,ID6108,ID61,A,0.6569,0.68893505148,4.87670139747,4.87670139747,True,True
Indonesia,ID6109,ID61,A,0.6476,0.684535727417,5.70347860053,5.70347860053,False,True
Indonesia,ID6110,ID61,A,0.6555,0.687968859987,4.95329671808,4.95329671808,True,True
Indonesia,ID6111,ID61,A,0.6268,0.648734515402,3.49944406541,3.49944406541,True,True
Indonesia,ID6112,ID61,A,0.6795,0.691236013463,1.72715429919,1.72715429919,True,True
Indonesia,ID6171,ID61,A,0.7944,0.802651184275,1.03866871538,1.03866871538,True,True
Indonesia,ID6172,ID61,A,0.7194,0.767499620552,6.68607458326,6.68607458326,False,True
Indonesia,ID6201,ID62,A,0.7287,0.721123552662,-1.0397210564,1.0397210564,True,True
Indonesia,ID6202,ID62,A,0.7131,0.710746778628,-0.329998790072,0.329998790072,True,True
Indonesia,ID6203,ID62,A,0.6948,0.661675270084,-4.76752013759,4.76752013759,True,True
Indonesia,ID6204,ID62,A,0.7022,0.681135889573,-2.99973090672,2.99973090672,True,True
Indonesia,ID6205,ID62,A,0.7059,0.711823967103,0.839207692733,0.839207692733,True,True
Indonesia,ID6206,ID62,A,0.6803,0.664789704767,-2.27991992253,2.27991992253,True,True
Indonesia,ID6207,ID62,A,0.7051,0.67550744722,-4.19692990781,4.19692990781,True,True
Indonesia,ID6208,ID62,A,0.6758,0.660009897606,-2.33650523735,2.33650523735,True,True
Indonesia,ID6209,ID62,A,0.6868,0.656993235058,-4.33994830256,4.33994830256,True,True
Indonesia,ID6210,ID62,A,0.6845,0.642290265085,-6.16650619649,6.16650619649,False,True
Indonesia,ID6211,ID62,A,0.7081,0.664102470466,-6.21346272193,6.21346272193,False,True
Indonesia,ID6212,ID62,A,0.7139,0.672412418958,-5.81139950161,5.81139950161,False,True
Indonesia,ID6213,ID62,A,0.6798,0.664801699323,-2.20628135878,2.20628135878,True,True
Indonesia,ID6271,ID62,A,0.8077,0.690539319475,-14.5054699177,14.5054699177,False,False
Indonesia,ID6301,ID63,A,0.6938,0.68131468003,-1.79955606371,1.79955606371,True,True
Indonesia,ID6302,ID63,A,0.6886,0.687699461213,-0.130778214784,0.130778214784,True,True
Indonesia,ID6303,ID63,A,0.6918,0.683239618766,-1.23740694334,1.23740694334,True,True
Indonesia,ID6304,ID63,A,0.6622,0.67427978644,1.82419003926,1.82419003926,True,True
Indonesia,ID6305,ID63,A,0.7011,0.679128141358,-3.13391222964,3.13391222964,True,True
Indonesia,ID6306,ID63,A,0.6885,0.692022181695,0.511573230937,0.511573230937,True,True
Indonesia,ID6307,ID63,A,0.6884,0.694560475014,0.894897590645,0.894897590645,True,True
Indonesia,ID6308,ID63,A,0.6559,0.694645569079,5.90723724333,5.90723724333,False,True
Indonesia,ID6309,ID63,A,0.7219,0.709136988647,-1.76797497617,1.76797497617,True,True
Indonesia,ID6310,ID63,A,0.7071,0.70087686196,-0.880093061802,0.880093061802,True,True
Indonesia,ID6311,ID63,A,0.6882,0.695458413897,1.05469542241,1.05469542241,True,True
Indonesia,ID6371,ID63,A,0.771,0.792675722008,2.81137769235,2.81137769235,True,True
Indonesia,ID6372,ID63,A,0.791,0.750188602518,-5.15946870822,5.15946870822,False,True
Indonesia,ID6401,ID64,A,0.7204,0.711677397891,-1.21079984856,1.21079984856,True,True
Indonesia,ID6402,ID64,A,0.7119,0.70252054226,-1.31752461582,1.31752461582,True,True
Indonesia,ID6403,ID64,A,0.7359,0.713338610144,-3.06582278244,3.06582278244,True,True
Indonesia,ID6404,ID64,A,0.73,0.715909897884,-1.93015097479,1.93015097479,True,True
Indonesia,ID6405,ID64,A,0.7471,0.715594757299,-4.21700477861,4.21700477861,True,True
Indonesia,ID6409,ID64,A,0.7141,0.697823262562,-2.27933586865,2.27933586865,True,True
Indonesia,ID6411,ID64,A,0.6709,0.679609627004,1.29820047757,1.29820047757,True,True
Indonesia,ID6471,ID64,A,0.8001,0.796195154552,-0.488044675416,0.488044675416,True,True
Indonesia,ID6472,ID64,A,0.8011,0.77669125366,-3.04690379978,3.04690379978,True,True
Indonesia,ID6474,ID64,A,0.8002,0.798608745167,-0.19885713984,0.19885713984,True,True
Indonesia,ID6501,ID65,A,0.7194,0.660975174294,-8.12132689825,8.12132689825,False,False
Indonesia,ID6502,ID65,A,0.711,0.70580261143,-0.730996985935,0.730996985935,True,True
Indonesia,ID6503,ID65,A,0.6697,0.695276648318,3.81912025056,3.81912025056,True,True
Indonesia,ID6504,ID65,A,0.6579,0.700247531205,6.43677324897,6.43677324897,False,True
Indonesia,ID6571,ID65,A,0.7583,0.756420375036,-0.247873528155,0.247873528155,True,True
Indonesia,ID7101,ID71,A,0.6789,0.681170912714,0.334498853145,0.334498853145,True,True
Indonesia,ID7102,ID71,A,0.7529,0.737254314163,-2.07805629393,2.07805629393,True,True
Indonesia,ID7104,ID71,A,0.694,0.654629611589,-5.67296662983,5.67296662983,False,True
Indonesia,ID7105,ID71,A,0.7211,0.704333623879,-2.32511109707,2.32511109707,True,True
Indonesia,ID7106,ID71,A,0.739,0.71189809652,-3.66737530176,3.66737530176,True,True
Indonesia,ID7107,ID71,A,0.6699,0.677748310979,1.17156455874,1.17156455874,True,True
Indonesia,ID7108,ID71,A,0.6764,0.667641497916,-1.29487020757,1.29487020757,True,True
Indonesia,ID7109,ID71,A,0.7051,0.713251272986,1.15604495618,1.15604495618,True,True
Indonesia,ID7110,ID71,A,0.65,0.678610521496,4.40161869169,4.40161869169,True,True
Indonesia,ID7111,ID71,A,0.6599,0.70450346209,6.75912442643,6.75912442643,False,True
Indonesia,ID7171,ID71,A,0.7893,0.787134854237,-0.274312145319,0.274312145319,True,True
Indonesia,ID7172,ID71,A,0.741,0.777640213588,4.94469819001,4.94469819001,True,True
Indonesia,ID7173,ID71,A,0.7669,0.743390778732,-3.06548719103,3.06548719103,True,True
Indonesia,ID7174,ID71,A,0.7297,0.756598149557,3.6861928953,3.6861928953,True,True
Indonesia,ID7201,ID72,A,0.6542,0.658731711741,0.6927104465,0.6927104465,True,True
Indonesia,ID7202,ID72,A,0.7052,0.69930193225,-0.836368087068,0.836368087068,True,True
Indonesia,ID7203,ID72,A,0.7221,0.715372054381,-0.931719376679,0.931719376679,True,True
Indonesia,ID7204,ID72,A,0.7128,0.671750795795,-5.75886703213,5.75886703213,False,True
Indonesia,ID7206,ID72,A,0.6569,0.692713799607,5.45194087487,5.45194087487,False,True
Indonesia,ID7207,ID72,A,0.6782,0.660574575512,-2.59885350752,2.59885350752,True,True
Indonesia,ID7208,ID72,A,0.6544,0.666838754534,1.90078767329,1.90078767329,True,True
Indonesia,ID7211,ID72,A,0.6543,0.66546772416,1.70682013755,1.70682013755,True,True
Indonesia,ID7212,ID72,A,0.6836,0.674290230332,-1.3618738543,1.3618738543,True,True
Indonesia,ID7271,ID72,A,0.8147,0.785767896482,-3.55125856364,3.55125856364,True,True
Indonesia,ID7301,ID73,A,0.6738,0.678521602727,0.700742464678,0.700742464678,True,True
Indonesia,ID7302,ID73,A,0.6899,0.685581613629,-0.625943813741,0.625943813741,True,True
Indonesia,ID7303,ID73,A,0.6873,0.687827278702,0.0767174017169,0.0767174017169,True,True
Indonesia,ID7304,ID73,A,0.6426,0.651652426841,1.40871877389,1.40871877389,True,True
Indonesia,ID7305,ID73,A,0.6731,0.67387821746,0.115616915763,0.115616915763,True,True
Indonesia,ID7306,ID73,A,0.7014,0.692261021439,-1.30296244098,1.30296244098,True,True
Indonesia,ID7307,ID73,A,0.676,0.706307288472,4.48332669704,4.48332669704,True,True
Indonesia,ID7308,ID73,A,0.6986,0.692131208035,-0.925965067993,0.925965067993,True,True
Indonesia,ID7310,ID73,A,0.71,0.68870599211,-2.99915604085,2.99915604085,True,True
Indonesia,ID7311,ID73,A,0.6606,0.69322658413,4.93893189979,4.93893189979,True,True
Indonesia,ID7312,ID73,A,0.6867,0.718192395949,4.58604863099,4.58604863099,True,True
Indonesia,ID7313,ID73,A,0.6915,0.713345780453,3.15918733955,3.15918733955,True,True
Indonesia,ID7314,ID73,A,0.7121,0.712291784202,0.0269322008145,0.0269322008145,True,True
Indonesia,ID7315,ID73,A,0.7126,0.706346009144,-0.877629926466,0.877629926466,True,True
Indonesia,ID7316,ID73,A,0.7276,0.690862180106,-5.04917810528,5.04917810528,False,True
Indonesia,ID7317,ID73,A,0.7051,0.682685925661,-3.17885042391,3.17885042391,True,True
Indonesia,ID7318,ID73,A,0.6875,0.69276297661,0.765523870545,0.765523870545,True,True
Indonesia,ID7322,ID73,A,0.6957,0.688376037426,-1.05274724364,1.05274724364,True,True
Indonesia,ID7325,ID73,A,0.7322,0.710387839176,-2.97898945971,2.97898945971,True,True
Indonesia,ID7326,ID73,A,0.6933,0.716194034476,3.30218296207,3.30218296207,True,True
Indonesia,ID7371,ID73,A,0.8225,0.794701152526,-3.37979908498,3.37979908498,True,True
Indonesia,ID7372,ID73,A,0.7786,0.756200219433,-2.8769304607,2.8769304607,True,True
Indonesia,ID7373,ID73,A,0.7806,0.740433796623,-5.14555513413,5.14555513413,False,True
Indonesia,ID7501,ID75,A,0.6591,0.695076265671,5.45839260674,5.45839260674,False,True
Indonesia,ID7502,ID75,A,0.6692,0.713992505486,6.69344074806,6.69344074806,False,True
Indonesia,ID7503,ID75,A,0.6537,0.683995498647,4.6344651441,4.6344651441,True,True
Indonesia,ID7504,ID75,A,0.6998,0.71012794203,1.47584195913,1.47584195913,True,True
Indonesia,ID7505,ID75,A,0.6486,0.661422619565,1.97696878893,1.97696878893,True,True
Indonesia,ID7571,ID75,A,0.7713,0.793484132696,2.87620027175,2.87620027175,True,True
Indonesia,ID7601,ID76,A,0.6691,0.690491776306,3.1970970417,3.1970970417,True,True
Indonesia,ID7602,ID76,A,0.6384,0.690668869087,8.18747949358,8.18747949358,False,False
Indonesia,ID7603,ID76,A,0.6602,0.664073851258,0.586769351409,0.586769351409,True,True
Indonesia,ID7604,ID76,A,0.6815,0.685411906655,0.574014182685,0.574014182685,True,True
Indonesia,ID7605,ID76,A,0.6779,0.693512465623,2.30306322806,2.30306322806,True,True
Indonesia,ID7606,ID76,A,0.6571,0.671255108229,2.15417869868,2.15417869868,True,True
Indonesia,ID8102,ID81,A,0.662,0.68984509681,4.20620797734,4.20620797734,True,True
Indonesia,ID8103,ID81,A,0.7125,0.687775674268,-3.47008080449,3.47008080449,True,True
Indonesia,ID8104,ID81,A,0.6895,0.672826395667,-2.41821672705,2.41821672705,True,True
Indonesia,ID8171,ID81,A,0.8084,0.768694470544,-4.9116191806,4.9116191806,True,True
Indonesia,ID8172,ID81,A,0.6796,0.739249937364,8.77721267863,8.77721267863,False,False
Indonesia,ID8201,ID82,A,0.6531,0.673494968243,3.12279409631,3.12279409631,True,True
Indonesia,ID8202,ID82,A,0.6542,0.695602705965,6.32875358682,6.32875358682,False,True
Indonesia,ID8204,ID82,A,0.6384,0.672085746565,5.27658937422,5.27658937422,False,True
Indonesia,ID8205,ID82,A,0.675,0.684643514188,1.42866876859,1.42866876859,True,True
Indonesia,ID8206,ID82,A,0.6675,0.665672277237,-0.27381614427,0.27381614427,True,True
Indonesia,ID8207,ID82,A,0.625,0.664504905625,6.3207849,6.3207849,False,True
Indonesia,ID8271,ID82,A,0.7982,0.763955871948,-4.29016888649,4.29016888649,True,True
Indonesia,ID8272,ID82,A,0.7053,0.700498996027,-0.680703810152,0.680703810152,True,True
Indonesia,ID9101,ID91,A,0.6836,0.735836887528,7.6414405395,7.6414405395,False,True
Indonesia,ID9102,ID91,A,0.65,0.690719479817,6.26453535646,6.26453535646,False,True
Indonesia,ID9105,ID91,A,0.7201,0.724478250242,0.60800586613,0.60800586613,True,True
Indonesia,ID9171,ID91,A,0.7845,0.792477251395,1.01685804908,1.01685804908,True,True
Indonesia,ID9401,ID94,A,0.7009,0.708421579273,1.07313158411,1.07313158411,True,True
Indonesia,ID9403,ID94,A,0.7169,0.695376842304,-3.00225382843,3.00225382843,True,True
Indonesia,ID9408,ID94,A,0.6766,0.653487279705,-3.41600950266,3.41600950266,True,True
Indonesia,ID9409,ID94,A,0.7219,0.678234941994,-6.04862972794,6.04862972794,False,True
Indonesia,ID9412,ID94,A,0.7419,0.753858590615,1.61188712967,1.61188712967,True,True
Indonesia,ID9471,ID94,A,0.7994,0.745848168417,-6.69900320028,6.69900320028,False,True
Indonesia,ID7301,ID73,B,0.6738,0.681876093024,1.19858905076,1.19858905076,True,True
Indonesia,ID7302,ID73,B,0.6899,0.686352119297,-0.514260139585,0.514260139585,True,True
Indonesia,ID7303,ID73,B,0.6873,0.690967185623,0.53356403652,0.53356403652,True,True
Indonesia,ID7304,ID73,B,0.6426,0.65565596626,2.0317407812,2.0317407812,True,True
Indonesia,ID7305,ID73,B,0.6731,0.677841078284,0.704364623979,0.704364623979,True,True
Indonesia,ID7306,ID73,B,0.7014,0.690547137018,-1.54731436869,1.54731436869,True,True
Indonesia,ID7307,ID73,B,0.676,0.699737225416,3.51142387811,3.51142387811,True,True
Indonesia,ID7308,ID73,B,0.6986,0.695005809924,-0.514484694532,0.514484694532,True,True
Indonesia,ID7310,ID73,B,0.71,0.684932744405,-3.53059937958,3.53059937958,True,True
Indonesia,ID7311,ID73,B,0.6606,0.699343468462,5.86489077536,5.86489077536,False,True
Indonesia,ID7312,ID73,B,0.6867,0.721527386643,5.07170331193,5.07170331193,False,True
Indonesia,ID7313,ID73,B,0.6915,0.715621954527,3.48835206464,3.48835206464,True,True
Indonesia,ID7314,ID73,B,0.7121,0.714856855235,0.387144394748,0.387144394748,True,True
Indonesia,ID7315,ID73,B,0.7126,0.709685227106,-0.409033524277,0.409033524277,True,True
Indonesia,ID7316,ID73,B,0.7276,0.687582047977,-5.49999340613,5.49999340613,False,True
Indonesia,ID7317,ID73,B,0.7051,0.684939390167,-2.85925540108,2.85925540108,True,True
Indonesia,ID7318,ID73,B,0.6875,0.69202845365,0.658684167273,0.658684167273,True,True
Indonesia,ID7322,ID73,B,0.6957,0.688063944766,-1.09760747937,1.09760747937,True,True
Indonesia,ID7325,ID73,B,0.7322,0.70368967,-3.8937899481,3.8937899481,True,True
Indonesia,ID7326,ID73,B,0.6933,0.717487731227,3.48878281076,3.48878281076,True,True
Indonesia,ID7371,ID73,B,0.8225,0.798148742764,-2.96063917763,2.96063917763,True,True
Indonesia,ID7372,ID73,B,0.7786,0.755254212109,-2.9984315298,2.9984315298,True,True
Indonesia,ID7373,ID73,B,0.7806,0.737494335458,-5.52211946477,5.52211946477,False,True
Indonesia,ID8201,ID82,B,0.6531,0.688435226082,5.41038525218,5.41038525218,False,True
Indonesia,ID8202,ID82,B,0.6542,0.693427924807,5.99631990324,5.99631990324,False,True
Indonesia,ID8204,ID82,B,0.6384,0.689266706206,7.96784245081,7.96784245081,False,True
Indonesia,ID8205,ID82,B,0.675,0.698895470556,3.540069712,3.540069712,True,True
Indonesia,ID8206,ID82,B,0.6675,0.684181059993,2.49903520494,2.49903520494,True,True
Indonesia,ID8207,ID82,B,0.625,0.671935388236,7.50966211776,7.50966211776,False,True
Indonesia,ID8271,ID82,B,0.7982,0.777523693249,-2.59036666888,2.59036666888,True,True
Indonesia,ID8272,ID82,B,0.7053,0.705440922482,0.0199805021976,0.0199805021976,True,True
Indonesia,ID1101,ID11,B,0.6603,0.669675528951,1.41988928532,1.41988928532,True,True
Indonesia,ID1102,ID11,B,0.6894,0.672935348152,-2.38825817348,2.38825817348,True,True
Indonesia,ID1103,ID11,B,0.6712,0.669615693265,-0.236040931913,0.236040931913,True,True
Indonesia,ID1104,ID11,B,0.6937,0.70255166413,1.27600751478,1.27600751478,True,True
Indonesia,ID1105,ID11,B,0.6763,0.68819412206,1.75870502144,1.75870502144,True,True
Indonesia,ID1106,ID11,B,0.7324,0.733935934493,0.209712519525,0.209712519525,True,True
Indonesia,ID1107,ID11,B,0.7138,0.713532465495,-0.0374803173158,0.0374803173158,True,True
Indonesia,ID1108,ID11,B,0.7356,0.711137095444,-3.32557158184,3.32557158184,True,True
Indonesia,ID1109,ID11,B,0.7063,0.691536180809,-2.09030428869,2.09030428869,True,True
Indonesia,ID1110,ID11,B,0.7228,0.703926701302,-2.61113706392,2.61113706392,True,True
Indonesia,ID1111,ID11,B,0.6933,0.697776518853,0.645682800087,0.645682800087,True,True
Indonesia,ID1112,ID11,B,0.6675,0.708073818326,6.07847465558,6.07847465558,False,True
Indonesia,ID1113,ID11,B,0.6722,0.707274243829,5.21782859699,5.21782859699,False,True
Indonesia,ID1114,ID11,B,0.6924,0.696924322149,0.653426075823,0.653426075823,True,True
Indonesia,ID1115,ID11,B,0.6918,0.685279251693,-0.942577089766,0.942577089766,True,True
Indonesia,ID1116,ID11,B,0.6975,0.687154746008,-1.48319053649,1.48319053649,True,True
Indonesia,ID1117,ID11,B,0.7298,0.719816351709,-1.36799784749,1.36799784749,True,True
Indonesia,ID1118,ID11,B,0.732,0.690157725774,-5.71615768115,5.71615768115,False,True
Indonesia,ID1171,ID11,B,0.8541,0.798866052353,-6.46691811814,6.46691811814,False,True
Indonesia,ID1172,ID11,B,0.7578,0.715040090886,-5.64263778226,5.64263778226,False,True
Indonesia,ID1173,ID11,B,0.7717,0.770736280141,-0.124882708177,0.124882708177,True,True
Indonesia,ID1174,ID11,B,0.7731,0.75792924381,-1.96232779589,1.96232779589,True,True
Indonesia,ID1175,ID11,B,0.6493,0.685259298323,5.53816391853,5.53816391853,False,True
Indonesia,ID1202,ID12,B,0.6679,0.676680225731,1.31460184623,1.31460184623,True,True
Indonesia,ID1203,ID12,B,0.7012,0.70308035878,0.2681629749,0.2681629749,True,True
Indonesia,ID1204,ID12,B,0.6923,0.689133365533,-0.457407838654,0.457407838654,True,True
Indonesia,ID1205,ID12,B,0.7347,0.6785106603,-7.64792972642,7.64792972642,False,True
Indonesia,ID1206,ID12,B,0.7516,0.678947238168,-9.66641322938,9.66641322938,False,False
Indonesia,ID1207,ID12,B,0.7201,0.722167599146,0.287126669351,0.287126669351,True,True
Indonesia,ID1208,ID12,B,0.7029,0.72862025358,3.65916255228,3.65916255228,True,True
Indonesia,ID1209,ID12,B,0.7325,0.730034906394,-0.336531550307,0.336531550307,True,True
Indonesia,ID1210,ID12,B,0.7157,0.699119039836,-2.31674726338,2.31674726338,True,True
Indonesia,ID1211,ID12,B,0.7443,0.726951259331,-2.33088011138,2.33088011138,True,True
Indonesia,ID1212,ID12,B,0.7544,0.763791538142,1.24490166251,1.24490166251,True,True
Indonesia,ID1213,ID12,B,0.71,0.716848625561,0.964595149437,0.964595149437,True,True
Indonesia,ID1215,ID12,B,0.6887,0.679723259498,-1.30343262698,1.30343262698,True,True
Indonesia,ID1216,ID12,B,0.6759,0.673930667942,-0.291364411599,0.291364411599,True,True
Indonesia,ID1217,ID12,B,0.7063,0.681022475969,-3.57886507589,3.57886507589,True,True
Indonesia,ID1218,ID12,B,0.7024,0.707022648506,0.65812193992,0.65812193992,True,True
Indonesia,ID1219,ID12,B,0.6836,0.71899280966,5.17741510532,5.17741510532,False,True
Indonesia,ID1220,ID12,B,0.6985,0.668860481679,-4.24330970952,4.24330970952,True,True
Indonesia,ID1221,ID12,B,0.6825,0.676884400679,-0.822798435311,0.822798435311,True,True
Indonesia,ID1222,ID12,B,0.714,0.691489299254,-3.15275920812,3.15275920812,True,True
Indonesia,ID1223,ID12,B,0.7161,0.684565184644,-4.40368878034,4.40368878034,True,True
Indonesia,ID1271,ID12,B,0.7363,0.766507469404,4.10260347739,4.10260347739,True,True
Indonesia,ID1272,ID12,B,0.6865,0.764314466847,11.3349551125,11.3349551125,False,False
Indonesia,ID1273,ID12,B,0.7875,0.793058950552,0.705898482794,0.705898482794,True,True
Indonesia,ID1274,ID12,B,0.7517,0.773783170292,2.93776377438,2.93776377438,True,True
Indonesia,ID1275,ID12,B,0.8098,0.821745950247,1.47517291269,1.47517291269,True,True
Indonesia,ID1276,ID12,B,0.7589,0.779440609287,2.70662923798,2.70662923798,True,True
Indonesia,ID1277,ID12,B,0.7522,0.739139988105,-1.73624194297,1.73624194297,True,True
Indonesia,ID1278,ID12,B,0.6931,0.71846754095,3.66001167941,3.66001167941,True,True
Indonesia,ID1302,ID13,B,0.699,0.671166546639,-3.98189604592,3.98189604592,True,True
Indonesia,ID1303,ID13,B,0.6908,0.680121088706,-1.5458759835,1.5458759835,True,True
Indonesia,ID1304,ID13,B,0.6774,0.686444695172,1.33520743608,1.33520743608,True,True
Indonesia,ID1305,ID13,B,0.7233,0.714301151334,-1.24413779428,1.24413779428,True,True
Indonesia,ID1306,ID13,B,0.7061,0.70262561381,-0.49205299391,0.49205299391,True,True
Indonesia,ID1307,ID13,B,0.7246,0.740758039874,2.22992545874,2.22992545874,True,True
Indonesia,ID1308,ID13,B,0.6947,0.708989626781,2.05694929912,2.05694929912,True,True
Indonesia,ID1309,ID13,B,0.6664,0.674123993638,1.15906267077,1.15906267077,True,True
Indonesia,ID1310,ID13,B,0.6904,0.676640821844,-1.99292846987,1.99292846987,True,True
Indonesia,ID1311,ID13,B,0.7151,0.707628126558,-1.04487112879,1.04487112879,True,True
Indonesia,ID1312,ID13,B,0.6849,0.665546916187,-2.82568021799,2.82568021799,True,True
Indonesia,ID1371,ID13,B,0.8282,0.774766389627,-6.45177618607,6.45177618607,False,True
Indonesia,ID1372,ID13,B,0.7829,0.746312664834,-4.67330887291,4.67330887291,True,True
Indonesia,ID1373,ID13,B,0.7264,0.728909504051,0.34547137266,0.34547137266,True,True
Indonesia,ID1374,ID13,B,0.7793,0.797344918042,2.31552906993,2.31552906993,True,True
Indonesia,ID1375,ID13,B,0.8058,0.805793358499,-0.000824212087359,0.000824212087359,True,True
Indonesia,ID1376,ID13,B,0.789,0.764032110771,-3.16449800114,3.16449800114,True,True
Indonesia,ID1377,ID13,B,0.769,0.732079350574,-4.80112476281,4.80112476281,True,True
Indonesia,ID1401,ID14,B,0.7031,0.70197464155,-0.160056670459,0.160056670459,True,True
Indonesia,ID1402,ID14,B,0.6983,0.703090429571,0.686013113418,0.686013113418,True,True
Indonesia,ID1403,ID14,B,0.6654,0.694550816583,4.38094628539,4.38094628539,True,True
Indonesia,ID1404,ID14,B,0.7156,0.698247025756,-2.42495447792,2.42495447792,True,True
Indonesia,ID1405,ID14,B,0.7368,0.730284450468,-0.88430368241,0.88430368241,True,True
Indonesia,ID1406,ID14,B,0.7283,0.70585065281,-3.08243130441,3.08243130441,True,True
Indonesia,ID1407,ID14,B,0.6938,0.68696881923,-0.984603743154,0.984603743154,True,True
Indonesia,ID1408,ID14,B,0.7346,0.749112103327,1.97551093479,1.97551093479,True,True
Indonesia,ID1409,ID14,B,0.6915,0.698406245321,0.998733958207,0.998733958207,True,True
Indonesia,ID1410,ID14,B,0.655,0.727612839902,11.085929756,11.085929756,False,False
Indonesia,ID1471,ID14,B,0.8132,0.805738072081,-0.9176005803,0.9176005803,True,True
Indonesia,ID1473,ID14,B,0.744,0.770581089464,3.57272707849,3.57272707849,True,True
Indonesia,ID1501,ID15,B,0.7121,0.712096023103,-0.000558474511998,0.000558474511998,True,True
Indonesia,ID1502,ID15,B,0.6919,0.677990933746,-2.01027117416,2.01027117416,True,True
Indonesia,ID1503,ID15,B,0.6986,0.680476088524,-2.59431884855,2.59431884855,True,True
Indonesia,ID1504,ID15,B,0.6984,0.685837326465,-1.79877914304,1.79877914304,True,True
Indonesia,ID1505,ID15,B,0.6918,0.696026730875,0.610975842006,0.610975842006,True,True
Indonesia,ID1506,ID15,B,0.6443,0.683213420667,6.03964312696,6.03964312696,False,True
Indonesia,ID1507,ID15,B,0.6754,0.707575233348,4.76387819781,4.76387819781,True,True
Indonesia,ID1508,ID15,B,0.6914,0.688955439439,-0.353566757449,0.353566757449,True,True
Indonesia,ID1509,ID15,B,0.6992,0.709439081263,1.46439949414,1.46439949414,True,True
Indonesia,ID1571,ID15,B,0.7837,0.7733999263,-1.31428782697,1.31428782697,True,True
Indonesia,ID1572,ID15,B,0.7542,0.766754271131,1.66458116295,1.66458116295,True,True
Indonesia,ID1601,ID16,B,0.6932,0.702378896955,1.32413400967,1.32413400967,True,True
Indonesia,ID1602,ID16,B,0.6682,0.657572966015,-1.59039718423,1.59039718423,True,True
Indonesia,ID1603,ID16,B,0.6874,0.705109760717,2.57633993555,2.57633993555,True,True
Indonesia,ID1604,ID16,B,0.6744,0.703182210908,4.26782486773,4.26782486773,True,True
Indonesia,ID1605,ID16,B,0.6679,0.67115516225,0.487372698009,0.487372698009,True,True
Indonesia,ID1606,ID16,B,0.6769,0.683488606577,0.973350063082,0.973350063082,True,True
Indonesia,ID1607,ID16,B,0.6674,0.668104675404,0.105585166916,0.105585166916,True,True
Indonesia,ID1608,ID16,B,0.653,0.664223487828,1.7187577072,1.7187577072,True,True
Indonesia,ID1609,ID16,B,0.6928,0.657397214361,-5.1101018532,5.1101018532,False,True
Indonesia,ID1610,ID16,B,0.6706,0.670590452043,-0.00142379317028,0.00142379317028,True,True
Indonesia,ID1611,ID16,B,0.6525,0.669607241727,2.62179949839,2.62179949839,True,True
Indonesia,ID1612,ID16,B,0.647,0.69239478212,7.01619507264,7.01619507264,False,True
Indonesia,ID1671,ID16,B,0.7833,0.789271841201,0.762395148857,0.762395148857,True,True
Indonesia,ID1672,ID16,B,0.7455,0.744732602935,-0.102937232059,0.102937232059,True,True
Indonesia,ID1673,ID16,B,0.6831,0.688567080731,0.80033387952,0.80033387952,True,True
Indonesia,ID1674,ID16,B,0.7478,0.748357782502,0.0745897970045,0.0745897970045,True,True
Indonesia,ID1701,ID17,B,0.7063,0.697010039264,-1.31529955203,1.31529955203,True,True
Indonesia,ID1702,ID17,B,0.7044,0.722553357595,2.57713764835,2.57713764835,True,True
Indonesia,ID1703,ID17,B,0.6882,0.676590745508,-1.686901263,1.686901263,True,True
Indonesia,ID1704,ID17,B,0.6699,0.652301117317,-2.62709101105,2.62709101105,True,True
Indonesia,ID1705,ID17,B,0.6689,0.655983480781,-1.93100900269,1.93100900269,True,True
Indonesia,ID1706,ID17,B,0.6845,0.667047853363,-2.54961966939,2.54961966939,True,True
Indonesia,ID1707,ID17,B,0.6701,0.669327606634,-0.115265388151,0.115265388151,True,True
Indonesia,ID1708,ID17,B,0.6817,0.700350129154,2.73582648584,2.73582648584,True,True
Indonesia,ID1709,ID17,B,0.6761,0.667093463971,-1.33213075418,1.33213075418,True,True
Indonesia,ID1771,ID17,B,0.8036,0.754091948601,-6.16078290182,6.16078290182,False,True
Indonesia,ID1801,ID18,B,0.678,0.667895542994,-1.49033289174,1.49033289174,True,True
Indonesia,ID1802,ID18,B,0.6642,0.676690124453,1.88047643074,1.88047643074,True,True
Indonesia,ID1803,ID18,B,0.6836,0.701436978227,2.60927124444,2.60927124444,True,True
Indonesia,ID1804,ID18,B,0.6937,0.696204431515,0.361025157128,0.361025157128,True,True
Indonesia,ID1805,ID18,B,0.7016,0.699157194675,-0.348176357611,0.348176357611,True,True
Indonesia,ID1806,ID18,B,0.6767,0.698080861877,3.1595776381,3.1595776381,True,True
Indonesia,ID1807,ID18,B,0.6744,0.67059537836,-0.564149116251,0.564149116251,True,True
Indonesia,ID1808,ID18,B,0.6852,0.687931792338,0.398685396672,0.398685396672,True,True
Indonesia,ID1809,ID18,B,0.6579,0.680153431413,3.38249451482,3.38249451482,True,True
Indonesia,ID1810,ID18,B,0.703,0.702414650863,-0.0832644576102,0.0832644576102,True,True
Indonesia,ID1811,ID18,B,0.6363,0.68061794224,6.96494456074,6.96494456074,False,True
Indonesia,ID1812,ID18,B,0.6597,0.703618799346,6.65738962347,6.65738962347,False,True
Indonesia,ID1871,ID18,B,0.7744,0.786468913788,1.55848576808,1.55848576808,True,True
Indonesia,ID1872,ID18,B,0.7719,0.742116684323,-3.85844224343,3.85844224343,True,True
Indonesia,ID1901,ID19,B,0.724,0.700279966122,-3.2762477732,3.2762477732,True,True
Indonesia,ID1902,ID19,B,0.7251,0.7082825419,-2.31932948559,2.31932948559,True,True
Indonesia,ID1903,ID19,B,0.6908,0.679746232482,-1.60014005761,1.60014005761,True,True
Indonesia,ID1904,ID19,B,0.7045,0.683162484788,-3.02874594918,3.02874594918,True,True
Indonesia,ID1905,ID19,B,0.669,0.682575987417,2.02929557803,2.02929557803,True,True
Indonesia,ID1971,ID19,B,0.7822,0.770076641036,-1.54990526259,1.54990526259,True,True
Indonesia,ID2101,ID21,B,0.7144,0.743176604256,4.02808010302,4.02808010302,True,True
Indonesia,ID2103,ID21,B,0.7272,0.696437890955,-4.23021301499,4.23021301499,True,True
Indonesia,ID2104,ID21,B,0.6529,0.707484260448,8.36027882493,8.36027882493,False,False
Indonesia,ID2105,ID21,B,0.688,0.684225693849,-0.54859101032,0.54859101032,True,True
Indonesia,ID2171,ID21,B,0.8111,0.787566595286,-2.90141840883,2.90141840883,True,True
Indonesia,ID2172,ID21,B,0.7891,0.775636390722,-1.70619810898,1.70619810898,True,True
Indonesia,ID3171,ID31,B,0.8472,0.840906432483,-0.742866798513,0.742866798513,True,True
Indonesia,ID3172,ID31,B,0.8266,0.821000395902,-0.677426094604,0.677426094604,True,True
Indonesia,ID3173,ID31,B,0.8139,0.870401173518,6.94202893697,6.94202893697,False,True
Indonesia,ID3174,ID31,B,0.8138,0.833315078075,2.39801893278,2.39801893278,True,True
Indonesia,ID3175,ID31,B,0.8029,0.829611770165,3.32691121746,3.32691121746,True,True
Indonesia,ID3201,ID32,B,0.704,0.74234714675,5.44703789063,5.44703789063,False,True
Indonesia,ID3202,ID32,B,0.6688,0.694853043935,3.89549101899,3.89549101899,True,True
Indonesia,ID3203,ID32,B,0.6536,0.687607148246,5.20305205722,5.20305205722,False,True
Indonesia,ID3204,ID32,B,0.7239,0.729547698857,0.780176662108,0.780176662108,True,True
Indonesia,ID3205,ID32,B,0.6612,0.700510512828,5.94532861887,5.94532861887,False,True
Indonesia,ID3206,ID32,B,0.6567,0.683240729629,4.04153032267,4.04153032267,True,True
Indonesia,ID3207,ID32,B,0.7049,0.714018224017,1.29354859086,1.29354859086,True,True
Indonesia,ID3208,ID32,B,0.6938,0.707905822488,2.03312517844,2.03312517844,True,True
Indonesia,ID3209,ID32,B,0.6875,0.714406775194,3.91371275549,3.91371275549,True,True
Indonesia,ID3210,ID32,B,0.6759,0.695402576211,2.88542331869,2.88542331869,True,True
Indonesia,ID3211,ID32,B,0.7164,0.710513939333,-0.821616508515,0.821616508515,True,True
Indonesia,ID3212,ID32,B,0.6729,0.696631473583,3.5267459627,3.5267459627,True,True
Indonesia,ID3213,ID32,B,0.6895,0.687122545033,-0.344808552139,0.344808552139,True,True
Indonesia,ID3214,ID32,B,0.7082,0.722866569268,2.07096431347,2.07096431347,True,True
Indonesia,ID3215,ID32,B,0.7066,0.725490612922,2.67345215426,2.67345215426,True,True
Indonesia,ID3216,ID32,B,0.7407,0.752254895275,1.55999666194,1.55999666194,True,True
Indonesia,ID3217,ID32,B,0.6808,0.720931958051,5.8948234505,5.8948234505,False,True
Indonesia,ID3218,ID32,B,0.6806,0.700711367713,2.95494676947,2.95494676947,True,True
Indonesia,ID3271,ID32,B,0.7611,0.783069060951,2.88648810288,2.88648810288,True,True
Indonesia,ID3272,ID32,B,0.7421,0.761916102123,2.67027383412,2.67027383412,True,True
Indonesia,ID3273,ID32,B,0.8151,0.825302341886,1.25166751147,1.25166751147,True,True
Indonesia,ID3274,ID32,B,0.7489,0.795089887961,6.16769768474,6.16769768474,False,True
Indonesia,ID3275,ID32,B,0.815,0.786510693779,-3.49562039521,3.49562039521,True,True
Indonesia,ID3276,ID32,B,0.8097,0.779837384505,-3.68810861986,3.68810861986,True,True
Indonesia,ID3277,ID32,B,0.7783,0.804703310861,3.39243361956,3.39243361956,True,True
Indonesia,ID3278,ID32,B,0.7304,0.75321305174,3.12336414841,3.12336414841,True,True
Indonesia,ID3279,ID32,B,0.717,0.738907236195,3.05540253766,3.05540253766,True,True
Indonesia,ID3301,ID33,B,0.6995,0.725280781239,3.6856013208,3.6856013208,True,True
Indonesia,ID3302,ID33,B,0.7198,0.722784827932,0.414674622395,0.414674622395,True,True
Indonesia,ID3303,ID33,B,0.6897,0.71223493831,3.26735367696,3.26735367696,True,True
Indonesia,ID3304,ID33,B,0.6745,0.699654799585,3.7293994937,3.7293994937,True,True
Indonesia,ID3305,ID33,B,0.6981,0.695789188957,-0.331014330755,0.331014330755,True,True
Indonesia,ID3306,ID33,B,0.7268,0.699624399453,-3.73907547427,3.73907547427,True,True
Indonesia,ID3307,ID33,B,0.6822,0.716590681955,5.04114364629,5.04114364629,False,True
Indonesia,ID3308,ID33,B,0.6987,0.712735236529,2.00876435223,2.00876435223,True,True
Indonesia,ID3309,ID33,B,0.7425,0.724198237749,-2.46488380485,2.46488380485,True,True
Indonesia,ID3310,ID33,B,0.7556,0.735171316231,-2.7036373437,2.7036373437,True,True
Indonesia,ID3311,ID33,B,0.7698,0.741528400077,-3.67259027319,3.67259027319,True,True
Indonesia,ID3312,ID33,B,0.7025,0.714474615951,1.70457166562,1.70457166562,True,True
Indonesia,ID3313,ID33,B,0.7586,0.73283031474,-3.39700570261,3.39700570261,True,True
Indonesia,ID3314,ID33,B,0.7395,0.716325069613,-3.13386482583,3.13386482583,True,True
Indonesia,ID3315,ID33,B,0.6987,0.699923608539,0.175126454702,0.175126454702,True,True
Indonesia,ID3316,ID33,B,0.6884,0.705300525288,2.45504434747,2.45504434747,True,True
Indonesia,ID3317,ID33,B,0.7002,0.703481410946,0.468639095401,0.468639095401,True,True
Indonesia,ID3318,ID33,B,0.7177,0.714559491493,-0.43757956068,0.43757956068,True,True
Indonesia,ID3319,ID33,B,0.75,0.75168582684,0.224776912,0.224776912,True,True
Indonesia,ID3320,ID33,B,0.7199,0.721170152552,0.17643458147,0.17643458147,True,True
Indonesia,ID3321,ID33,B,0.7222,0.708129849006,-1.9482346987,1.9482346987,True,True
Indonesia,ID3322,ID33,B,0.741,0.739269928067,-0.233477993657,0.233477993657,True,True
Indonesia,ID3323,ID33,B,0.6957,0.709986506107,2.05354407173,2.05354407173,True,True
Indonesia,ID3324,ID33,B,0.7229,0.716784434856,-0.845976641859,0.845976641859,True,True
Indonesia,ID3325,ID33,B,0.6865,0.702577064339,2.3418884689,2.3418884689,True,True
Indonesia,ID3326,ID33,B,0.6963,0.706576147597,1.47582185796,1.47582185796,True,True
Indonesia,ID3327,ID33,B,0.6632,0.704987525896,6.30089353076,6.30089353076,False,True
Indonesia,ID3328,ID33,B,0.6839,0.712396935165,4.16682777672,4.16682777672,True,True
Indonesia,ID3329,ID33,B,0.6611,0.708524534851,7.17357961746,7.17357961746,False,True
Indonesia,ID3371,ID33,B,0.7899,0.790055889394,0.0197353328269,0.0197353328269,True,True
Indonesia,ID3372,ID33,B,0.8221,0.816283124454,-0.707563014962,0.707563014962,True,True
Indonesia,ID3373,ID33,B,0.8314,0.777961791206,-6.42749684797,6.42749684797,False,True
Indonesia,ID3374,ID33,B,0.8305,0.787791237301,-5.14253614678,5.14253614678,False,True
Indonesia,ID3375,ID33,B,0.7498,0.77198032122,2.95816500667,2.95816500667,True,True
Indonesia,ID3376,ID33,B,0.7507,0.778742081485,3.73545777075,3.73545777075,True,True
Indonesia,ID3401,ID34,B,0.7446,0.712934876373,-4.2526354589,4.2526354589,True,True
Indonesia,ID3402,ID34,B,0.8001,0.742227739011,-7.23312848256,7.23312848256,False,True
Indonesia,ID3403,ID34,B,0.6998,0.710214398285,1.48819638254,1.48819638254,True,True
Indonesia,ID3404,ID34,B,0.8384,0.756018466825,-9.82604164778,9.82604164778,False,False
Indonesia,ID3471,ID34,B,0.8661,0.825843202179,-4.64805424558,4.64805424558,True,True
Indonesia,ID3501,ID35,B,0.6839,0.70800973501,3.52533045913,3.52533045913,True,True
Indonesia,ID3502,ID35,B,0.7081,0.718248379304,1.43318448016,1.43318448016,True,True
Indonesia,ID3503,ID35,B,0.6974,0.706109434622,1.2488435076,1.2488435076,True,True
Indonesia,ID3504,ID35,B,0.73,0.728288447149,-0.234459294658,0.234459294658,True,True
Indonesia,ID3505,ID35,B,0.7058,0.722529820763,2.37033448045,2.37033448045,True,True
Indonesia,ID3506,ID35,B,0.7205,0.71576305366,-0.657452649549,0.657452649549,True,True
Indonesia,ID3507,ID35,B,0.7036,0.739920565903,5.16210430685,5.16210430685,False,True
Indonesia,ID3508,ID35,B,0.6546,0.706216198167,7.88515095738,7.88515095738,False,True
Indonesia,ID3509,ID35,B,0.6711,0.711895332309,6.07887532544,6.07887532544,False,True
Indonesia,ID3510,ID35,B,0.7062,0.71873311892,1.77472655338,1.77472655338,True,True
Indonesia,ID3511,ID35,B,0.6643,0.688744276679,3.67970445266,3.67970445266,True,True
Indonesia,ID3512,ID35,B,0.6738,0.69632637128,3.34318362719,3.34318362719,True,True
Indonesia,ID3513,ID35,B,0.6607,0.69010711474,4.45090279098,4.45090279098,True,True
Indonesia,ID3514,ID35,B,0.686,0.723430676463,5.45636683134,5.45636683134,False,True
Indonesia,ID3515,ID35,B,0.8029,0.764090819188,-4.83362570831,4.83362570831,True,True
Indonesia,ID3516,ID35,B,0.7383,0.718451305732,-2.68843210998,2.68843210998,True,True
Indonesia,ID3517,ID35,B,0.7297,0.706613673887,-3.16381062258,3.16381062258,True,True
Indonesia,ID3518,ID35,B,0.7172,0.707447805726,-1.35975938009,1.35975938009,True,True
Indonesia,ID3519,ID35,B,0.7173,0.712250187591,-0.704002845253,0.704002845253,True,True
Indonesia,ID3520,ID35,B,0.7392,0.720813505437,-2.48735045495,2.48735045495,True,True
Indonesia,ID3521,ID35,B,0.7054,0.703083130057,-0.328447681174,0.328447681174,True,True
Indonesia,ID3522,ID35,B,0.6904,0.708698960058,2.65048668279,2.65048668279,True,True
Indonesia,ID3523,ID35,B,0.684,0.708241202496,3.54403545263,3.54403545263,True,True
Indonesia,ID3524,ID35,B,0.7258,0.691465167272,-4.73061900358,4.73061900358,True,True
Indonesia,ID3525,ID35,B,0.7611,0.737010139819,-3.16513732506,3.16513732506,True,True
Indonesia,ID3526,ID35,B,0.6411,0.685935187314,6.99347797754,6.99347797754,False,True
Indonesia,ID3527,ID35,B,0.627,0.67990795424,8.43827021372,8.43827021372,False,False
Indonesia,ID3528,ID35,B,0.6626,0.698295684326,5.38721465832,5.38721465832,False,True
Indonesia,ID3571,ID35,B,0.7823,0.805610938791,2.97979532034,2.97979532034,True,True
Indonesia,ID3572,ID35,B,0.7857,0.777521931437,-1.04086401464,1.04086401464,True,True
Indonesia,ID3573,ID35,B,0.8145,0.807383201794,-0.873762824555,0.873762824555,True,True
Indonesia,ID3574,ID35,B,0.7327,0.76664201531,4.63245739184,4.63245739184,True,True
Indonesia,ID3575,ID35,B,0.7526,0.760833304316,1.09398143981,1.09398143981,True,True
Indonesia,ID3576,ID35,B,0.7804,0.77063766997,-1.25093926576,1.25093926576,True,True
Indonesia,ID3577,ID35,B,0.8091,0.796167138381,-1.59842561105,1.59842561105,True,True
Indonesia,ID3578,ID35,B,0.8223,0.812552722577,-1.18536755722,1.18536755722,True,True
Indonesia,ID3579,ID35,B,0.759,0.764208603257,0.686245488406,0.686245488406,True,True
Indonesia,ID3601,ID36,B,0.65,0.677387832408,4.21351267815,4.21351267815,True,True
Indonesia,ID3602,ID36,B,0.6391,0.672148469155,5.17109515803,5.17109515803,False,True
Indonesia,ID3603,ID36,B,0.7192,0.743911003347,3.43590146649,3.43590146649,True,True
Indonesia,ID3604,ID36,B,0.667,0.704441853523,5.6134712928,5.6134712928,False,True
Indonesia,ID3671,ID36,B,0.7825,0.801302056963,2.40281878121,2.40281878121,True,True
Indonesia,ID3672,ID36,B,0.7305,0.769926256398,5.39716035565,5.39716035565,False,True
Indonesia,ID3673,ID36,B,0.7216,0.745813508255,3.35553052314,3.35553052314,True,True
Indonesia,ID3674,ID36,B,0.8136,0.792614584751,-2.57932832461,2.57932832461,True,True
Indonesia,ID5101,ID51,B,0.7236,0.697063310142,-3.66731479519,3.66731479519,True,True
Indonesia,ID5102,ID51,B,0.7617,0.722465961893,-5.15085179296,5.15085179296,False,True
Indonesia,ID5103,ID51,B,0.816,0.761153556444,-6.72137788676,6.72137788676,False,True
Indonesia,ID5104,ID51,B,0.7736,0.738877141921,-4.4884770009,4.4884770009,True,True
Indonesia,ID5105,ID51,B,0.7173,0.730853596184,1.88952965063,1.88952965063,True,True
Indonesia,ID5106,ID51,B,0.6936,0.693876155826,0.0398148538062,0.0398148538062,True,True
Indonesia,ID5107,ID51,B,0.6735,0.678377948978,0.724268593615,0.724268593615,True,True
Indonesia,ID5108,ID51,B,0.7255,0.70739622862,-2.49535098277,2.49535098277,True,True
Indonesia,ID5171,ID51,B,0.8393,0.788690893427,-6.02991857179,6.02991857179,False,True
Indonesia,ID5201,ID52,B,0.682,0.683722705925,0.252596176686,0.252596176686,True,True
Indonesia,ID5202,ID52,B,0.6643,0.665864390491,0.235494579407,0.235494579407,True,True
Indonesia,ID5203,ID52,B,0.663,0.674016856596,1.66166766154,1.66166766154,True,True
Indonesia,ID5204,ID52,B,0.6761,0.687146422331,1.63384445067,1.63384445067,True,True
Indonesia,ID5205,ID52,B,0.6784,0.68910886142,1.5785467895,1.5785467895,True,True
Indonesia,ID5206,ID52,B,0.663,0.670705284048,1.16218462262,1.16218462262,True,True
Indonesia,ID5207,ID52,B,0.7163,0.705142233568,-1.5576946017,1.5576946017,True,True
Indonesia,ID5271,ID52,B,0.7891,0.77729480506,-1.4960328146,1.4960328146,True,True
Indonesia,ID5272,ID52,B,0.7581,0.728662302612,-3.88308895766,3.88308895766,True,True
Indonesia,ID5305,ID53,B,0.6353,0.654431047753,3.011340745,3.011340745,True,True
Indonesia,ID5309,ID53,B,0.6422,0.649951803368,1.20706997322,1.20706997322,True,True
Indonesia,ID5310,ID53,B,0.6511,0.673350902339,3.41743239733,3.41743239733,True,True
Indonesia,ID5311,ID53,B,0.6704,0.679226744449,1.3166384918,1.3166384918,True,True
Indonesia,ID5312,ID53,B,0.6788,0.659837173944,-2.79358073895,2.79358073895,True,True
Indonesia,ID5313,ID53,B,0.6454,0.653225092891,1.21244079501,1.21244079501,True,True
Indonesia,ID5315,ID53,B,0.6389,0.622591449045,-2.55259836516,2.55259836516,True,True
Indonesia,ID5318,ID53,B,0.6581,0.649653087223,-1.28353028066,1.28353028066,True,True
Indonesia,ID5371,ID53,B,0.7971,0.769341022247,-3.4824962681,3.4824962681,True,True
Indonesia,ID6101,ID61,B,0.6703,0.698126781215,4.15139209533,4.15139209533,True,True
Indonesia,ID6102,ID61,B,0.6787,0.670320312199,-1.23466742316,1.23466742316,True,True
Indonesia,ID6103,ID61,B,0.6598,0.675826289603,2.42896174644,2.42896174644,True,True
Indonesia,ID6104,ID61,B,0.6574,0.699438584626,6.39467365774,6.39467365774,False,True
Indonesia,ID6105,ID61,B,0.6577,0.692163815933,5.24005107693,5.24005107693,False,True
Indonesia,ID6106,ID61,B,0.6717,0.685396080341,2.03901746926,2.03901746926,True,True
Indonesia,ID6107,ID61,B,0.6688,0.691674888727,3.42028838621,3.42028838621,True,True
Indonesia,ID6108,ID61,B,0.6569,0.688816354419,4.85863212346,4.85863212346,True,True
Indonesia,ID6109,ID61,B,0.6476,0.68307299023,5.47760812693,5.47760812693,False,True
Indonesia,ID6110,ID61,B,0.6555,0.688682096154,5.06210467643,5.06210467643,False,True
Indonesia,ID6111,ID61,B,0.6268,0.65103016447,3.86569311902,3.86569311902,True,True
Indonesia,ID6112,ID61,B,0.6795,0.691942887985,1.83118292642,1.83118292642,True,True
Indonesia,ID6171,ID61,B,0.7944,0.802311906452,0.995960026687,0.995960026687,True,True
Indonesia,ID6172,ID61,B,0.7194,0.76978331164,7.00351843759,7.00351843759,False,True
Indonesia,ID6201,ID62,B,0.7287,0.717921053348,-1.47920223027,1.47920223027,True,True
Indonesia,ID6202,ID62,B,0.7131,0.710326895044,-0.38888023503,0.38888023503,True,True
Indonesia,ID6203,ID62,B,0.6948,0.661593939722,-4.77922571647,4.77922571647,True,True
Indonesia,ID6204,ID62,B,0.7022,0.681828653222,-2.90107473341,2.90107473341,True,True
Indonesia,ID6205,ID62,B,0.7059,0.710175239709,0.60564381768,0.60564381768,True,True
Indonesia,ID6206,ID62,B,0.6803,0.663920462525,-2.4076932934,2.4076932934,True,True
Indonesia,ID6207,ID62,B,0.7051,0.665839954352,-5.56801101234,5.56801101234,False,True
Indonesia,ID6208,ID62,B,0.6758,0.657014846377,-2.77969127301,2.77969127301,True,True
Indonesia,ID6209,ID62,B,0.6868,0.657048518695,-4.33189885047,4.33189885047,True,True
Indonesia,ID6210,ID62,B,0.6845,0.641076675016,-6.34380204295,6.34380204295,False,True
Indonesia,ID6211,ID62,B,0.7081,0.660019338312,-6.79009485779,6.79009485779,False,True
Indonesia,ID6212,ID62,B,0.7139,0.671138748524,-5.98980970388,5.98980970388,False,True
Indonesia,ID6213,ID62,B,0.6798,0.663673007688,-2.37231425596,2.37231425596,True,True
Indonesia,ID6271,ID62,B,0.8077,0.691749613358,-14.3556254354,14.3556254354,False,False
Indonesia,ID6301,ID63,B,0.6938,0.683160272587,-1.53354387619,1.53354387619,True,True
Indonesia,ID6302,ID63,B,0.6886,0.688104778957,-0.0719170843741,0.0719170843741,True,True
Indonesia,ID6303,ID63,B,0.6918,0.685090322896,-0.969886832032,0.969886832032,True,True
Indonesia,ID6304,ID63,B,0.6622,0.678084482388,2.39874394262,2.39874394262,True,True
Indonesia,ID6305,ID63,B,0.7011,0.678436522517,-3.23255990344,3.23255990344,True,True
Indonesia,ID6306,ID63,B,0.6885,0.698088741967,1.39270035832,1.39270035832,True,True
Indonesia,ID6307,ID63,B,0.6884,0.69437791656,0.868378349797,0.868378349797,True,True
Indonesia,ID6308,ID63,B,0.6559,0.701494538324,6.95144661137,6.95144661137,False,True
Indonesia,ID6309,ID63,B,0.7219,0.708469207178,-1.86047829644,1.86047829644,True,True
Indonesia,ID6310,ID63,B,0.7071,0.701624759101,-0.77432341946,0.77432341946,True,True
Indonesia,ID6311,ID63,B,0.6882,0.691709052161,0.509888427928,0.509888427928,True,True
Indonesia,ID6371,ID63,B,0.771,0.79303020771,2.8573550856,2.8573550856,True,True
Indonesia,ID6372,ID63,B,0.791,0.755080278521,-4.5410520201,4.5410520201,True,True
Indonesia,ID6401,ID64,B,0.7204,0.712747792816,-1.06221643309,1.06221643309,True,True
Indonesia,ID6402,ID64,B,0.7119,0.705298111989,-0.92736170965,0.92736170965,True,True
Indonesia,ID6403,ID64,B,0.7359,0.714943673965,-2.84771382457,2.84771382457,True,True
Indonesia,ID6404,ID64,B,0.73,0.715072992015,-2.04479561438,2.04479561438,True,True
Indonesia,ID6405,ID64,B,0.7471,0.715977469212,-4.1657784484,4.1657784484,True,True
Indonesia,ID6409,ID64,B,0.7141,0.702412289651,-1.63670499216,1.63670499216,True,True
Indonesia,ID6411,ID64,B,0.6709,0.686155466584,2.27388084424,2.27388084424,True,True
Indonesia,ID6471,ID64,B,0.8001,0.794194739954,-0.738065247594,0.738065247594,True,True
Indonesia,ID6472,ID64,B,0.8011,0.780557622575,-2.56427130508,2.56427130508,True,True
Indonesia,ID6474,ID64,B,0.8002,0.80444476143,0.530462563109,0.530462563109,True,True
Indonesia,ID6501,ID65,B,0.7194,0.666470964959,-7.35738602182,7.35738602182,False,True
Indonesia,ID6502,ID65,B,0.711,0.707864287975,-0.441028414205,0.441028414205,True,True
Indonesia,ID6503,ID65,B,0.6697,0.689931288965,3.02094803121,3.02094803121,True,True
Indonesia,ID6504,ID65,B,0.6579,0.699300802734,6.29287167259,6.29287167259,False,True
Indonesia,ID6571,ID65,B,0.7583,0.757165686073,-0.149586433733,0.149586433733,True,True
Indonesia,ID7101,ID71,B,0.6789,0.682064968209,0.46619063323,0.46619063323,True,True
Indonesia,ID7102,ID71,B,0.7529,0.738452344745,-1.91893415527,1.91893415527,True,True
Indonesia,ID7104,ID71,B,0.694,0.655916250634,-5.48757195476,5.48757195476,False,True
Indonesia,ID7105,ID71,B,0.7211,0.705644158545,-2.14337005339,2.14337005339,True,True
Indonesia,ID7106,ID71,B,0.739,0.712962569563,-3.52333294141,3.52333294141,True,True
Indonesia,ID7107,ID71,B,0.6699,0.678567624079,1.29386835035,1.29386835035,True,True
Indonesia,ID7108,ID71,B,0.6764,0.669130132005,-1.07478829021,1.07478829021,True,True
Indonesia,ID7109,ID71,B,0.7051,0.714219841744,1.29341111105,1.29341111105,True,True
Indonesia,ID7110,ID71,B,0.65,0.679197320653,4.49189548508,4.49189548508,True,True
Indonesia,ID7111,ID71,B,0.6599,0.705435758019,6.90040279118,6.90040279118,False,True
Indonesia,ID7171,ID71,B,0.7893,0.788089303295,-0.153388661472,0.153388661472,True,True
Indonesia,ID7172,ID71,B,0.741,0.777996031853,4.99271684926,4.99271684926,True,True
Indonesia,ID7173,ID71,B,0.7669,0.744544080514,-2.91510229313,2.91510229313,True,True
Indonesia,ID7174,ID71,B,0.7297,0.757212973362,3.77044996053,3.77044996053,True,True
Indonesia,ID7201,ID72,B,0.6542,0.657697385601,0.534604952767,0.534604952767,True,True
Indonesia,ID7202,ID72,B,0.7052,0.696137354242,-1.28511709558,1.28511709558,True,True
Indonesia,ID7203,ID72,B,0.7221,0.71384376842,-1.14336401883,1.14336401883,True,True
Indonesia,ID7204,ID72,B,0.7128,0.670534100112,-5.92955946801,5.92955946801,False,True
Indonesia,ID7206,ID72,B,0.6569,0.691225538089,5.22538256797,5.22538256797,False,True
Indonesia,ID7207,ID72,B,0.6782,0.658640694603,-2.88400256517,2.88400256517,True,True
Indonesia,ID7208,ID72,B,0.6544,0.661814460383,1.13301656219,1.13301656219,True,True
Indonesia,ID7211,ID72,B,0.6543,0.661352618837,1.0778876413,1.0778876413,True,True
Indonesia,ID7212,ID72,B,0.6836,0.677658691227,-0.869120651404,0.869120651404,True,True
Indonesia,ID7271,ID72,B,0.8147,0.786195827427,-3.49873236443,3.49873236443,True,True
Indonesia,ID7401,ID74,B,0.6598,0.655960199987,-0.581964233556,0.581964233556,True,True
Indonesia,ID7402,ID74,B,0.6902,0.694920485614,0.683930109244,0.683930109244,True,True
Indonesia,ID7403,ID74,B,0.7135,0.675453876171,-5.33232289124,5.33232289124,False,True
Indonesia,ID7404,ID74,B,0.7345,0.702173180822,-4.40120070497,4.40120070497,True,True
Indonesia,ID7405,ID74,B,0.682,0.659405933909,-3.31291291657,3.31291291657,True,True
Indonesia,ID7406,ID74,B,0.6605,0.650347851576,-1.53703988251,1.53703988251,True,True
Indonesia,ID7407,ID74,B,0.6948,0.703789152479,1.2937755439,1.2937755439,True,True
Indonesia,ID7408,ID74,B,0.6931,0.675677175098,-2.51375341249,2.51375341249,True,True
Indonesia,ID7409,ID74,B,0.6787,0.680057728215,0.200048359363,0.200048359363,True,True
Indonesia,ID7410,ID74,B,0.6986,0.648640671266,-7.15134966132,7.15134966132,False,True
Indonesia,ID7411,ID74,B,0.6702,0.652778038115,-2.59951684348,2.59951684348,True,True
Indonesia,ID7412,ID74,B,0.6541,0.644042766958,-1.53756811527,1.53756811527,True,True
Indonesia,ID7413,ID74,B,0.6508,0.652037626907,0.19017008405,0.19017008405,True,True
Indonesia,ID7414,ID74,B,0.6437,0.691471856656,7.42144735995,7.42144735995,False,True
Indonesia,ID7471,ID74,B,0.8353,0.749935354385,-10.2196391255,10.2196391255,False,False
Indonesia,ID7472,ID74,B,0.759,0.750335612192,-1.14155307088,1.14155307088,True,True
Indonesia,ID7501,ID75,B,0.6591,0.691987354446,4.9897366782,4.9897366782,True,True
Indonesia,ID7502,ID75,B,0.6692,0.71059386771,6.18557497161,6.18557497161,False,True
Indonesia,ID7503,ID75,B,0.6537,0.683260613394,4.52204579991,4.52204579991,True,True
Indonesia,ID7504,ID75,B,0.6998,0.707191942691,1.05629361117,1.05629361117,True,True
Indonesia,ID7505,ID75,B,0.6486,0.650764916768,0.333783035461,0.333783035461,True,True
Indonesia,ID7571,ID75,B,0.7713,0.793443766372,2.87096672786,2.87096672786,True,True
Indonesia,ID7601,ID76,B,0.6691,0.694571661529,3.80685421148,3.80685421148,True,True
Indonesia,ID7602,ID76,B,0.6384,0.68793584226,7.75937378759,7.75937378759,False,True
Indonesia,ID7603,ID76,B,0.6602,0.661553970004,0.205084823387,0.205084823387,True,True
Indonesia,ID7604,ID76,B,0.6815,0.684968051399,0.508885018195,0.508885018195,True,True
Indonesia,ID7605,ID76,B,0.6779,0.685181231615,1.07408638664,1.07408638664,True,True
Indonesia,ID7606,ID76,B,0.6571,0.664620974755,1.14457080429,1.14457080429,True,True
Indonesia,ID8102,ID81,B,0.662,0.690705290131,4.33614654547,4.33614654547,True,True
Indonesia,ID8103,ID81,B,0.7125,0.688595310765,-3.35504410316,3.35504410316,True,True
Indonesia,ID8104,ID81,B,0.6895,0.673587827542,-2.30778425787,2.30778425787,True,True
Indonesia,ID8171,ID81,B,0.8084,0.769386073283,-4.82606713471,4.82606713471,True,True
Indonesia,ID8172,ID81,B,0.6796,0.740244687885,8.92358562169,8.92358562169,False,False
Indonesia,ID9101,ID91,B,0.6836,0.734654676904,7.46850159508,7.46850159508,False,True
Indonesia,ID9102,ID91,B,0.65,0.690709354877,6.26297767338,6.26297767338,False,True
Indonesia,ID9105,ID91,B,0.7201,0.721979754286,0.26104072851,0.26104072851,True,True
Indonesia,ID9171,ID91,B,0.7845,0.796037790551,1.47071899949,1.47071899949,True,True
Indonesia,ID9401,ID94,B,0.7009,0.691516153582,-1.33882813782,1.33882813782,True,True
Indonesia,ID9403,ID94,B,0.7169,0.692505284943,-3.40280583861,3.40280583861,True,True
Indonesia,ID9408,ID94,B,0.6766,0.671882028999,-0.697305793822,0.697305793822,True,True
Indonesia,ID9409,ID94,B,0.7219,0.686645470168,-4.88357526416,4.88357526416,True,True
Indonesia,ID9412,ID94,B,0.7419,0.749409206067,1.01215879054,1.01215879054,True,True
Indonesia,ID9471,ID94,B,0.7994,0.755881883828,-5.44384740706,5.44384740706,False,True
Indonesia,ID3501,ID35,C,0.6839,0.705107651997,3.1009872784,3.1009872784,True,True
Indonesia,ID3502,ID35,C,0.7081,0.718678696848,1.49395521085,1.49395521085,True,True
Indonesia,ID3503,ID35,C,0.6974,0.706455484503,1.29846350774,1.29846350774,True,True
Indonesia,ID3504,ID35,C,0.73,0.730682857283,0.0935420935616,0.0935420935616,True,True
Indonesia,ID3505,ID35,C,0.7058,0.721529102648,2.22854953925,2.22854953925,True,True
Indonesia,ID3506,ID35,C,0.7205,0.713476000661,-0.974878464816,0.974878464816,True,True
Indonesia,ID3507,ID35,C,0.7036,0.736728852373,4.70847816558,4.70847816558,True,True
Indonesia,ID3508,ID35,C,0.6546,0.701406841293,7.15044932676,7.15044932676,False,True
Indonesia,ID3509,ID35,C,0.6711,0.708253867037,5.53626390061,5.53626390061,False,True
Indonesia,ID3510,ID35,C,0.7062,0.714333928831,1.15178827967,1.15178827967,True,True
Indonesia,ID3511,ID35,C,0.6643,0.684333253706,3.01569376878,3.01569376878,True,True
Indonesia,ID3512,ID35,C,0.6738,0.693358971881,2.90278597225,2.90278597225,True,True
Indonesia,ID3513,ID35,C,0.6607,0.68452565458,3.60612298774,3.60612298774,True,True
Indonesia,ID3514,ID35,C,0.686,0.712271197968,3.82962069504,3.82962069504,True,True
Indonesia,ID3515,ID35,C,0.8029,0.759639986982,-5.38797023515,5.38797023515,False,True
Indonesia,ID3516,ID35,C,0.7383,0.707693247485,-4.14557124678,4.14557124678,True,True
Indonesia,ID3517,ID35,C,0.7297,0.70243935456,-3.73587028094,3.73587028094,True,True
Indonesia,ID3518,ID35,C,0.7172,0.709391231478,-1.08878534886,1.08878534886,True,True
Indonesia,ID3519,ID35,C,0.7173,0.711270455376,-0.840588961941,0.840588961941,True,True
Indonesia,ID3520,ID35,C,0.7392,0.720976434552,-2.46530917857,2.46530917857,True,True
Indonesia,ID3521,ID35,C,0.7054,0.698408953752,-0.99107545336,0.99107545336,True,True
Indonesia,ID3522,ID35,C,0.6904,0.70503256304,2.11943265353,2.11943265353,True,True
Indonesia,ID3523,ID35,C,0.684,0.709645719113,3.74937413933,3.74937413933,True,True
Indonesia,ID3524,ID35,C,0.7258,0.691091606194,-4.78208787627,4.78208787627,True,True
Indonesia,ID3525,ID35,C,0.7611,0.730172667706,-4.06350444015,4.06350444015,True,True
Indonesia,ID3526,ID35,C,0.6411,0.680253279552,6.10720317454,6.10720317454,False,True
Indonesia,ID3527,ID35,C,0.627,0.677558830402,8.06360931451,8.06360931451,False,False
Indonesia,ID3528,ID35,C,0.6626,0.699618791306,5.58689877845,5.58689877845,False,True
Indonesia,ID3571,ID35,C,0.7823,0.804520855276,2.84045190796,2.84045190796,True,True
Indonesia,ID3572,ID35,C,0.7857,0.784683585035,-0.129364256714,0.129364256714,True,True
Indonesia,ID3573,ID35,C,0.8145,0.812081176743,-0.296970320074,0.296970320074,True,True
Indonesia,ID3574,ID35,C,0.7327,0.770563562524,5.16767606442,5.16767606442,False,True
Indonesia,ID3575,ID35,C,0.7526,0.75978076171,0.954127253521,0.954127253521,True,True
Indonesia,ID3576,ID35,C,0.7804,0.774227075548,-0.790994932342,0.790994932342,True,True
Indonesia,ID3577,ID35,C,0.8091,0.804959162359,-0.511783171549,0.511783171549,True,True
Indonesia,ID3578,ID35,C,0.8223,0.810830559075,-1.39480006385,1.39480006385,True,True
Indonesia,ID3579,ID35,C,0.759,0.760552800673,0.204585068906,0.204585068906,True,True
Indonesia,ID7201,ID72,C,0.6542,0.664527469112,1.57864095261,1.57864095261,True,True
Indonesia,ID7202,ID72,C,0.7052,0.700418907633,-0.677976796228,0.677976796228,True,True
Indonesia,ID7203,ID72,C,0.7221,0.728558919889,0.894463355352,0.894463355352,True,True
Indonesia,ID7204,ID72,C,0.7128,0.676014701342,-5.16067601824,5.16067601824,False,True
Indonesia,ID7206,ID72,C,0.6569,0.689399705325,4.94743573223,4.94743573223,True,True
Indonesia,ID7207,ID72,C,0.6782,0.664917683496,-1.95846601357,1.95846601357,True,True
Indonesia,ID7208,ID72,C,0.6544,0.673963288218,2.98950003331,2.98950003331,True,True
Indonesia,ID7211,ID72,C,0.6543,0.676269554987,3.35771893428,3.35771893428,True,True
Indonesia,ID7212,ID72,C,0.6836,0.683187005674,-0.0604146176126,0.0604146176126,True,True
Indonesia,ID7271,ID72,C,0.8147,0.774158638303,-4.97623195004,4.97623195004,True,True
Indonesia,ID7401,ID74,C,0.6598,0.654433209619,-0.813396541528,0.813396541528,True,True
Indonesia,ID7402,ID74,C,0.6902,0.689124827772,-0.155776909302,0.155776909302,True,True
Indonesia,ID7403,ID74,C,0.7135,0.670343828702,-6.04851735081,6.04851735081,False,True
Indonesia,ID7404,ID74,C,0.7345,0.709391574825,-3.41843773656,3.41843773656,True,True
Indonesia,ID7405,ID74,C,0.682,0.657918071116,-3.53107461642,3.53107461642,True,True
Indonesia,ID7406,ID74,C,0.6605,0.652089096111,-1.27341466904,1.27341466904,True,True
Indonesia,ID7407,ID74,C,0.6948,0.710041567429,2.19366255455,2.19366255455,True,True
Indonesia,ID7408,ID74,C,0.6931,0.681640416648,-1.6533809482,1.6533809482,True,True
Indonesia,ID7409,ID74,C,0.6787,0.671146887078,-1.11287946398,1.11287946398,True,True
Indonesia,ID7410,ID74,C,0.6986,0.651085215802,-6.80142917234,6.80142917234,False,True
Indonesia,ID7411,ID74,C,0.6702,0.650322257219,-2.96594192495,2.96594192495,True,True
Indonesia,ID7412,ID74,C,0.6541,0.648671141212,-0.829973824797,0.829973824797,True,True
Indonesia,ID7413,ID74,C,0.6508,0.645221623497,-0.857156807468,0.857156807468,True,True
Indonesia,ID7414,ID74,C,0.6437,0.682125688874,5.96950269908,5.96950269908,False,True
Indonesia,ID7471,ID74,C,0.8353,0.747498303862,-10.5113966405,10.5113966405,False,False
Indonesia,ID7472,ID74,C,0.759,0.740154168344,-2.48298177286,2.48298177286,True,True
Indonesia,ID1302,ID13,C,0.699,0.670961665857,-4.01120660129,4.01120660129,True,True
Indonesia,ID1303,ID13,C,0.6908,0.681328676965,-1.37106587073,1.37106587073,True,True
Indonesia,ID1304,ID13,C,0.6774,0.687524711542,1.49464297933,1.49464297933,True,True
Indonesia,ID1305,ID13,C,0.7233,0.7140636008,-1.27698039541,1.27698039541,True,True
Indonesia,ID1306,ID13,C,0.7061,0.699115400904,-0.989179874805,0.989179874805,True,True
Indonesia,ID1307,ID13,C,0.7246,0.740591003099,2.20687318507,2.20687318507,True,True
Indonesia,ID1308,ID13,C,0.6947,0.706133876161,1.64587248611,1.64587248611,True,True
Indonesia,ID1309,ID13,C,0.6664,0.672648813445,0.937697095588,0.937697095588,True,True
Indonesia,ID1310,ID13,C,0.6904,0.678009188469,-1.79472936428,1.79472936428,True,True
Indonesia,ID1311,ID13,C,0.7151,0.708454045579,-0.929374132429,0.929374132429,True,True
Indonesia,ID1312,ID13,C,0.6849,0.667054308789,-2.60559077398,2.60559077398,True,True
Indonesia,ID1371,ID13,C,0.8282,0.773582055785,-6.59477713294,6.59477713294,False,True
Indonesia,ID1372,ID13,C,0.7829,0.745435318917,-4.78537247196,4.78537247196,True,True
Indonesia,ID1373,ID13,C,0.7264,0.728095660094,0.233433382985,0.233433382985,True,True
Indonesia,ID1374,ID13,C,0.7793,0.796983405944,2.26913973361,2.26913973361,True,True
Indonesia,ID1375,ID13,C,0.8058,0.80652283594,0.0897041375031,0.0897041375031,True,True
Indonesia,ID1376,ID13,C,0.789,0.761516576371,-3.48332365387,3.48332365387,True,True
Indonesia,ID1377,ID13,C,0.769,0.729236231346,-5.17084117737,5.17084117737,False,True
Indonesia,ID1701,ID17,C,0.7063,0.697654782741,-1.22401490287,1.22401490287,True,True
Indonesia,ID1702,ID17,C,0.7044,0.725908436472,3.05344072572,3.05344072572,True,True
Indonesia,ID1703,ID17,C,0.6882,0.678163356927,-1.45839044943,1.45839044943,True,True
Indonesia,ID1704,ID17,C,0.6699,0.657393011224,-1.86699339842,1.86699339842,True,True
Indonesia,ID1705,ID17,C,0.6689,0.657915888677,-1.64211561115,1.64211561115,True,True
Indonesia,ID1706,ID17,C,0.6845,0.668179549109,-2.38428793148,2.38428793148,True,True
Indonesia,ID1707,ID17,C,0.6701,0.673245797847,0.469451999254,0.469451999254,True,True
Indonesia,ID1708,ID17,C,0.6817,0.702751135109,3.0880350754,3.0880350754,True,True
Indonesia,ID1709,ID17,C,0.6761,0.665588669548,-1.55470055495,1.55470055495,True,True
Indonesia,ID1771,ID17,C,0.8036,0.752157394294,-6.4015188783,6.4015188783,False,True
Indonesia,ID5101,ID51,C,0.7236,0.693943608028,-4.09845107407,4.09845107407,True,True
Indonesia,ID5102,ID51,C,0.7617,0.720200972377,-5.44821158238,5.44821158238,False,True
Indonesia,ID5103,ID51,C,0.816,0.759402968403,-6.93591073493,6.93591073493,False,True
Indonesia,ID5104,ID51,C,0.7736,0.737761321526,-4.63271438392,4.63271438392,True,True
Indonesia,ID5105,ID51,C,0.7173,0.728830498656,1.60748621999,1.60748621999,True,True
Indonesia,ID5106,ID51,C,0.6936,0.69220671933,-0.200876682526,0.200876682526,True,True
Indonesia,ID5107,ID51,C,0.6735,0.674022402914,0.0775653918337,0.0775653918337,True,True
Indonesia,ID5108,ID51,C,0.7255,0.704502263674,-2.89424346327,2.89424346327,True,True
Indonesia,ID5171,ID51,C,0.8393,0.79123125024,-5.72724291195,5.72724291195,False,True
Indonesia,ID5201,ID52,C,0.682,0.683590024277,0.233141389589,0.233141389589,True,True
Indonesia,ID5202,ID52,C,0.6643,0.667453703728,0.474740889357,0.474740889357,True,True
Indonesia,ID5203,ID52,C,0.663,0.676120287175,1.97892717572,1.97892717572,True,True
Indonesia,ID5204,ID52,C,0.6761,0.688828193808,1.8825904168,1.8825904168,True,True
Indonesia,ID5205,ID52,C,0.6784,0.687402454653,1.32701277314,1.32701277314,True,True
Indonesia,ID5206,ID52,C,0.663,0.672913221143,1.4952068089,1.4952068089,True,True
Indonesia,ID5207,ID52,C,0.7163,0.702449623523,-1.93359995491,1.93359995491,True,True
Indonesia,ID5271,ID52,C,0.7891,0.778232288908,-1.37722862654,1.37722862654,True,True
Indonesia,ID5272,ID52,C,0.7581,0.729862673848,-3.72474952539,3.72474952539,True,True
Indonesia,ID6101,ID61,C,0.6703,0.698666864959,4.2319655317,4.2319655317,True,True
Indonesia,ID6102,ID61,C,0.6787,0.670988582381,-1.1362041578,1.1362041578,True,True
Indonesia,ID6103,ID61,C,0.6598,0.678111356123,2.77528889406,2.77528889406,True,True
Indonesia,ID6104,ID61,C,0.6574,0.698422390948,6.24009597627,6.24009597627,False,True
Indonesia,ID6105,ID61,C,0.6577,0.693574545857,5.45454551574,5.45454551574,False,True
Indonesia,ID6106,ID61,C,0.6717,0.687223124364,2.3110204502,2.3110204502,True,True
Indonesia,ID6107,ID61,C,0.6688,0.694238677926,3.80363007267,3.80363007267,True,True
Indonesia,ID6108,ID61,C,0.6569,0.689935647936,5.02902236809,5.02902236809,False,True
Indonesia,ID6109,ID61,C,0.6476,0.685651594885,5.87578673332,5.87578673332,False,True
Indonesia,ID6110,ID61,C,0.6555,0.691973389097,5.56420886301,5.56420886301,False,True
Indonesia,ID6111,ID61,C,0.6268,0.652969422715,4.17508339422,4.17508339422,True,True
Indonesia,ID6112,ID61,C,0.6795,0.692410334662,1.8999756677,1.8999756677,True,True
Indonesia,ID6171,ID61,C,0.7944,0.802453141971,1.01373891881,1.01373891881,True,True
Indonesia,ID6172,ID61,C,0.7194,0.769785116048,7.00376925883,7.00376925883,False,True
Indonesia,ID1401,ID14,C,0.7031,0.706936240632,0.545618067416,0.545618067416,True,True
Indonesia,ID1402,ID14,C,0.6983,0.702273902104,0.569082357726,0.569082357726,True,True
Indonesia,ID1403,ID14,C,0.6654,0.692976361825,4.1443284979,4.1443284979,True,True
Indonesia,ID1404,ID14,C,0.7156,0.696832064232,-2.62268526663,2.62268526663,True,True
Indonesia,ID1405,ID14,C,0.7368,0.729067560724,-1.04946244245,1.04946244245,True,True
Indonesia,ID1406,ID14,C,0.7283,0.708587235287,-2.70668195977,2.70668195977,True,True
Indonesia,ID1407,ID14,C,0.6938,0.685788085619,-1.15478731349,1.15478731349,True,True
Indonesia,ID1408,ID14,C,0.7346,0.746604838612,1.63420073673,1.63420073673,True,True
Indonesia,ID1409,ID14,C,0.6915,0.699594000909,1.17049904685,1.17049904685,True,True
Indonesia,ID1410,ID14,C,0.655,0.71789296204,9.6019789374,9.6019789374,False,False
Indonesia,ID1471,ID14,C,0.8132,0.799387106173,-1.69858507464,1.69858507464,True,True
Indonesia,ID1473,ID14,C,0.744,0.767365329696,3.14050130323,3.14050130323,True,True
Indonesia,ID1801,ID18,C,0.678,0.671357558253,-0.979711172124,0.979711172124,True,True
Indonesia,ID1802,ID18,C,0.6642,0.682590996303,2.76889435456,2.76889435456,True,True
Indonesia,ID1803,ID18,C,0.6836,0.697555997571,2.04154440769,2.04154440769,True,True
Indonesia,ID1804,ID18,C,0.6937,0.685694200083,-1.15407235361,1.15407235361,True,True
Indonesia,ID1805,ID18,C,0.7016,0.689570821422,-1.7145351451,1.7145351451,True,True
Indonesia,ID1806,ID18,C,0.6767,0.689340778903,1.86800338451,1.86800338451,True,True
Indonesia,ID1807,ID18,C,0.6744,0.65929294414,-2.2400735261,2.2400735261,True,True
Indonesia,ID1808,ID18,C,0.6852,0.677314707386,-1.15080160741,1.15080160741,True,True
Indonesia,ID1809,ID18,C,0.6579,0.683251637247,3.8534180342,3.8534180342,True,True
Indonesia,ID1810,ID18,C,0.703,0.698660476185,-0.617286460171,0.617286460171,True,True
Indonesia,ID1811,ID18,C,0.6363,0.666397194255,4.73003210042,4.73003210042,True,True
Indonesia,ID1812,ID18,C,0.6597,0.686484431037,4.06009262347,4.06009262347,True,True
Indonesia,ID1871,ID18,C,0.7744,0.783025314673,1.11380613029,1.11380613029,True,True
Indonesia,ID1872,ID18,C,0.7719,0.735086469728,-4.76920977743,4.76920977743,True,True
Indonesia,ID6301,ID63,C,0.6938,0.676387187979,-2.5097740013,2.5097740013,True,True
Indonesia,ID6302,ID63,C,0.6886,0.690862778698,0.328605677897,0.328605677897,True,True
Indonesia,ID6303,ID63,C,0.6918,0.680772102769,-1.59408748641,1.59408748641,True,True
Indonesia,ID6304,ID63,C,0.6622,0.674860005052,1.91180988402,1.91180988402,True,True
Indonesia,ID6305,ID63,C,0.7011,0.680250767878,-2.97378863529,2.97378863529,True,True
Indonesia,ID6306,ID63,C,0.6885,0.695507862519,1.01784495556,1.01784495556,True,True
Indonesia,ID6307,ID63,C,0.6884,0.691602700829,0.465238354009,0.465238354009,True,True
Indonesia,ID6308,ID63,C,0.6559,0.695827673777,6.08746360375,6.08746360375,False,True
Indonesia,ID6309,ID63,C,0.7219,0.703364316094,-2.56762486577,2.56762486577,True,True
Indonesia,ID6310,ID63,C,0.7071,0.694801675201,-1.73926245213,1.73926245213,True,True
Indonesia,ID6311,ID63,C,0.6882,0.694193999633,0.870967688608,0.870967688608,True,True
Indonesia,ID6371,ID63,C,0.771,0.78463289291,1.76820919715,1.76820919715,True,True
Indonesia,ID6372,ID63,C,0.791,0.744555803457,-5.87157984109,5.87157984109,False,True
Indonesia,ID6501,ID65,C,0.7194,0.681233471632,-5.3053278243,5.3053278243,False,True
Indonesia,ID6502,ID65,C,0.711,0.711681066512,0.095789945429,0.095789945429,True,True
Indonesia,ID6503,ID65,C,0.6697,0.691351067382,3.23295018396,3.23295018396,True,True
Indonesia,ID6504,ID65,C,0.6579,0.704928184546,7.14822686518,7.14822686518,False,True
Indonesia,ID6571,ID65,C,0.7583,0.759036559307,0.0971329694052,0.0971329694052,True,True
Indonesia,ID7101,ID71,C,0.6789,0.676732521471,-0.319263297835,0.319263297835,True,True
Indonesia,ID7102,ID71,C,0.7529,0.744799593908,-1.07589402205,1.07589402205,True,True
Indonesia,ID7104,ID71,C,0.694,0.669295301401,-3.55975484135,3.55975484135,True,True
Indonesia,ID7105,ID71,C,0.7211,0.707570959603,-1.87616702219,1.87616702219,True,True
Indonesia,ID7106,ID71,C,0.739,0.721628596332,-2.35066355453,2.35066355453,True,True
Indonesia,ID7107,ID71,C,0.6699,0.667494558889,-0.359074654575,0.359074654575,True,True
Indonesia,ID7108,ID71,C,0.6764,0.695492628532,2.82268310645,2.82268310645,True,True
Indonesia,ID7109,ID71,C,0.7051,0.718473058959,1.89661877166,1.89661877166,True,True
Indonesia,ID7110,ID71,C,0.65,0.675775465545,3.96545623769,3.96545623769,True,True
Indonesia,ID7111,ID71,C,0.6599,0.704617537662,6.77641122322,6.77641122322,False,True
Indonesia,ID7171,ID71,C,0.7893,0.795196795456,0.747091784619,0.747091784619,True,True
Indonesia,ID7172,ID71,C,0.741,0.781203486406,5.42557171471,5.42557171471,False,True
Indonesia,ID7173,ID71,C,0.7669,0.751443016151,-2.01551491055,2.01551491055,True,True
Indonesia,ID7174,ID71,C,0.7297,0.754623829968,3.4156269656,3.4156269656,True,True
Indonesia,ID9401,ID94,C,0.7009,0.690954297957,-1.41899016165,1.41899016165,True,True
Indonesia,ID9403,ID94,C,0.7169,0.690738408201,-3.64926653634,3.64926653634,True,True
Indonesia,ID9408,ID94,C,0.6766,0.678999299928,0.354611281111,0.354611281111,True,True
Indonesia,ID9409,ID94,C,0.7219,0.687484178711,-4.76739455451,4.76739455451,True,True
Indonesia,ID9412,ID94,C,0.7419,0.756881489059,2.01934075468,2.01934075468,True,True
Indonesia,ID9471,ID94,C,0.7994,0.75051872901,-6.11474493245,6.11474493245,False,True
Indonesia,ID2101,ID21,C,0.7144,0.736848975563,3.14235380221,3.14235380221,True,True
Indonesia,ID2103,ID21,C,0.7272,0.707617237601,-2.69289911977,2.69289911977,True,True
Indonesia,ID2104,ID21,C,0.6529,0.696435783736,6.66806306264,6.66806306264,False,True
Indonesia,ID2105,ID21,C,0.688,0.709701514798,3.15428994157,3.15428994157,True,True
Indonesia,ID2171,ID21,C,0.8111,0.788336899516,-2.80644809321,2.80644809321,True,True
Indonesia,ID2172,ID21,C,0.7891,0.771926874183,-2.17629271537,2.17629271537,True,True
Indonesia,ID3401,ID34,C,0.7446,0.706555376786,-5.10940413833,5.10940413833,False,True
Indonesia,ID3402,ID34,C,0.8001,0.741016922921,-7.38446157718,7.38446157718,False,True
Indonesia,ID3403,ID34,C,0.6998,0.700181944376,0.0545790763075,0.0545790763075,True,True
Indonesia,ID3404,ID34,C,0.8384,0.754234695917,-10.0388005824,10.0388005824,False,False
Indonesia,ID3471,ID34,C,0.8661,0.820856632909,-5.2238040747,5.2238040747,False,True
Indonesia,ID6201,ID62,C,0.7287,0.709429553566,-2.64449656018,2.64449656018,True,True
Indonesia,ID6202,ID62,C,0.7131,0.702453143862,-1.4930383029,1.4930383029,True,True
Indonesia,ID6203,ID62,C,0.6948,0.657596553155,-5.35455481362,5.35455481362,False,True
Indonesia,ID6204,ID62,C,0.7022,0.678707631445,-3.34553810239,3.34553810239,True,True
Indonesia,ID6205,ID62,C,0.7059,0.70631167001,0.0583184601218,0.0583184601218,True,True
Indonesia,ID6206,ID62,C,0.6803,0.66216761128,-2.66535186241,2.66535186241,True,True
Indonesia,ID6207,ID62,C,0.7051,0.662961554643,-5.97623675464,5.97623675464,False,True
Indonesia,ID6208,ID62,C,0.6758,0.655039121782,-3.07204472004,3.07204472004,True,True
Indonesia,ID6209,ID62,C,0.6868,0.653986563561,-4.7777280779,4.7777280779,True,True
Indonesia,ID6210,ID62,C,0.6845,0.637024813512,-6.9357467477,6.9357467477,False,True
Indonesia,ID6211,ID62,C,0.7081,0.654785721764,-7.52920184098,7.52920184098,False,True
Indonesia,ID6212,ID62,C,0.7139,0.670514184123,-6.0772959626,6.0772959626,False,True
Indonesia,ID6213,ID62,C,0.6798,0.664099327053,-2.30960178685,2.30960178685,True,True
Indonesia,ID6271,ID62,C,0.8077,0.69321749587,-14.1738893314,14.1738893314,False,False
Indonesia,ID1501,ID15,C,0.7121,0.710149296749,-0.273936701446,0.273936701446,True,True
Indonesia,ID1502,ID15,C,0.6919,0.677783643327,-2.04023076644,2.04023076644,True,True
Indonesia,ID1503,ID15,C,0.6986,0.679968938403,-2.66691405626,2.66691405626,True,True
Indonesia,ID1504,ID15,C,0.6984,0.683388020652,-2.14948157904,2.14948157904,True,True
Indonesia,ID1505,ID15,C,0.6918,0.694614702369,0.406866488725,0.406866488725,True,True
Indonesia,ID1506,ID15,C,0.6443,0.682338150163,5.90379484138,5.90379484138,False,True
Indonesia,ID1507,ID15,C,0.6754,0.706968064441,4.67398052132,4.67398052132,True,True
Indonesia,ID1508,ID15,C,0.6914,0.686234172451,-0.747154693231,0.747154693231,True,True
Indonesia,ID1509,ID15,C,0.6992,0.708429465919,1.32000370695,1.32000370695,True,True
Indonesia,ID1571,ID15,C,0.7837,0.771687052683,-1.53285023823,1.53285023823,True,True
Indonesia,ID1572,ID15,C,0.7542,0.764298733976,1.33899946645,1.33899946645,True,True
Indonesia,ID9101,ID91,C,0.6836,0.728666021341,6.59245484801,6.59245484801,False,True
Indonesia,ID9102,ID91,C,0.65,0.695381837803,6.98182120046,6.98182120046,False,True
Indonesia,ID9105,ID91,C,0.7201,0.723419920115,0.461035983197,0.461035983197,True,True
Indonesia,ID9171,ID91,C,0.7845,0.78318424284,-0.167719204589,0.167719204589,True,True
Indonesia,ID8201,ID82,C,0.6531,0.685625700136,4.98020213382,4.98020213382,True,True
Indonesia,ID8202,ID82,C,0.6542,0.699235557712,6.88406568511,6.88406568511,False,True
Indonesia,ID8204,ID82,C,0.6384,0.690330008451,8.13439982002,8.13439982002,False,False
Indonesia,ID8205,ID82,C,0.675,0.696413799613,3.17241475748,3.17241475748,True,True
Indonesia,ID8206,ID82,C,0.6675,0.682774405144,2.2883003961,2.2883003961,True,True
Indonesia,ID8207,ID82,C,0.625,0.671028208534,7.36451336544,7.36451336544,False,True
Indonesia,ID8271,ID82,C,0.7982,0.774899072347,-2.9191841209,2.9191841209,True,True
Indonesia,ID8272,ID82,C,0.7053,0.7067306663,0.202845073019,0.202845073019,True,True
Indonesia,ID8102,ID81,C,0.662,0.690456487368,4.29856304653,4.29856304653,True,True
Indonesia,ID8103,ID81,C,0.7125,0.68839448326,-3.38323041965,3.38323041965,True,True
Indonesia,ID8104,ID81,C,0.6895,0.673303289322,-2.34905158492,2.34905158492,True,True
Indonesia,ID8171,ID81,C,0.8084,0.769179980217,-4.85156108152,4.85156108152,True,True
Indonesia,ID8172,ID81,C,0.6796,0.740223853742,8.92051997381,8.92051997381,False,False
Indonesia,ID6401,ID64,C,0.7204,0.716083566435,-0.59917178859,0.59917178859,True,True
Indonesia,ID6402,ID64,C,0.7119,0.708284265397,-0.507899227841,0.507899227841,True,True
Indonesia,ID6403,ID64,C,0.7359,0.717904602471,-2.44535908806,2.44535908806,True,True
Indonesia,ID6404,ID64,C,0.73,0.722663214813,-1.00503906671,1.00503906671,True,True
Indonesia,ID6405,ID64,C,0.7471,0.716792299805,-4.05671264824,4.05671264824,True,True
Indonesia,ID6409,ID64,C,0.7141,0.698716964042,-2.15418512225,2.15418512225,True,True
Indonesia,ID6411,ID64,C,0.6709,0.688396411251,2.60790151304,2.60790151304,True,True
Indonesia,ID6471,ID64,C,0.8001,0.789671167678,-1.30344111011,1.30344111011,True,True
Indonesia,ID6472,ID64,C,0.8011,0.77621415197,-3.10645962177,3.10645962177,True,True
Indonesia,ID6474,ID64,C,0.8002,0.810629550872,1.303368017,1.303368017,True,True
Indonesia,ID7301,ID73,C,0.6738,0.685815501061,1.7832444436,1.7832444436,True,True
Indonesia,ID7302,ID73,C,0.6899,0.695055049737,0.747216949848,0.747216949848,True,True
Indonesia,ID7303,ID73,C,0.6873,0.697227720433,1.44445226728,1.44445226728,True,True
Indonesia,ID7304,ID73,C,0.6426,0.663065146269,3.18474109384,3.18474109384,True,True
Indonesia,ID7305,ID73,C,0.6731,0.68483348247,1.74320048581,1.74320048581,True,True
Indonesia,ID7306,ID73,C,0.7014,0.696726219443,-0.666350236242,0.666350236242,True,True
Indonesia,ID7307,ID73,C,0.676,0.705850816939,4.41580132234,4.41580132234,True,True
Indonesia,ID7308,ID73,C,0.6986,0.698381512577,-0.0312750390782,0.0312750390782,True,True
Indonesia,ID7310,ID73,C,0.71,0.690380476379,-2.76331318606,2.76331318606,True,True
Indonesia,ID7311,ID73,C,0.6606,0.704810723019,6.69251029655,6.69251029655,False,True
Indonesia,ID7312,ID73,C,0.6867,0.725304005698,5.62166968079,5.62166968079,False,True
Indonesia,ID7313,ID73,C,0.6915,0.721294669288,4.30870127086,4.30870127086,True,True
Indonesia,ID7314,ID73,C,0.7121,0.719720492904,1.07014364612,1.07014364612,True,True
Indonesia,ID7315,ID73,C,0.7126,0.714880713717,0.320055250772,0.320055250772,True,True
Indonesia,ID7316,ID73,C,0.7276,0.692399741503,-4.83785850701,4.83785850701,True,True
Indonesia,ID7317,ID73,C,0.7051,0.694838963301,-1.45525977861,1.45525977861,True,True
Indonesia,ID7318,ID73,C,0.6875,0.700132848445,1.83750522836,1.83750522836,True,True
Indonesia,ID7322,ID73,C,0.6957,0.692137286538,-0.512104852954,0.512104852954,True,True
Indonesia,ID7325,ID73,C,0.7322,0.708615947365,-3.22098506351,3.22098506351,True,True
Indonesia,ID7326,ID73,C,0.6933,0.722081805829,4.15142158214,4.15142158214,True,True
Indonesia,ID7371,ID73,C,0.8225,0.796989472965,-3.10158383404,3.10158383404,True,True
Indonesia,ID7372,ID73,C,0.7786,0.752499793982,-3.3521970226,3.3521970226,True,True
Indonesia,ID7373,ID73,C,0.7806,0.744974215167,-4.56389762145,4.56389762145,True,True
Indonesia,ID3601,ID36,C,0.65,0.668636604624,2.86716994215,2.86716994215,True,True
Indonesia,ID3602,ID36,C,0.6391,0.66390427751,3.88112619465,3.88112619465,True,True
Indonesia,ID3603,ID36,C,0.7192,0.741593418353,3.11365661193,3.11365661193,True,True
Indonesia,ID3604,ID36,C,0.667,0.701860776381,5.22650320555,5.22650320555,False,True
Indonesia,ID3671,ID36,C,0.7825,0.799634713321,2.18973972153,2.18973972153,True,True
Indonesia,ID3672,ID36,C,0.7305,0.765504251969,4.79182094031,4.79182094031,True,True
Indonesia,ID3673,ID36,C,0.7216,0.734913058899,1.84493610019,1.84493610019,True,True
Indonesia,ID3674,ID36,C,0.8136,0.792532991379,-2.58935700848,2.58935700848,True,True
Indonesia,ID7501,ID75,C,0.6591,0.694398019661,5.35548773494,5.35548773494,False,True
Indonesia,ID7502,ID75,C,0.6692,0.711736405313,6.35630683099,6.35630683099,False,True
Indonesia,ID7503,ID75,C,0.6537,0.685064270317,4.7979608868,4.7979608868,True,True
Indonesia,ID7504,ID75,C,0.6998,0.709815536982,1.43119991169,1.43119991169,True,True
Indonesia,ID7505,ID75,C,0.6486,0.658057473344,1.45813650077,1.45813650077,True,True
Indonesia,ID7571,ID75,C,0.7713,0.79320472991,2.8399753546,2.8399753546,True,True
Indonesia,ID1202,ID12,C,0.6679,0.681207012117,1.99236594056,1.99236594056,True,True
Indonesia,ID1203,ID12,C,0.7012,0.70569899255,0.641613312892,0.641613312892,True,True
Indonesia,ID1204,ID12,C,0.6923,0.697833471617,0.799288114546,0.799288114546,True,True
Indonesia,ID1205,ID12,C,0.7347,0.67123653023,-8.63801140193,8.63801140193,False,False
Indonesia,ID1206,ID12,C,0.7516,0.678063667619,-9.7839718442,9.7839718442,False,False
Indonesia,ID1207,ID12,C,0.7201,0.721389200869,0.17903081086,0.17903081086,True,True
Indonesia,ID1208,ID12,C,0.7029,0.729007813857,3.71429988007,3.71429988007,True,True
Indonesia,ID1209,ID12,C,0.7325,0.7312179364,-0.17502574744,0.17502574744,True,True
Indonesia,ID1210,ID12,C,0.7157,0.69630425519,-2.71003839737,2.71003839737,True,True
Indonesia,ID1211,ID12,C,0.7443,0.722720736783,-2.89926954414,2.89926954414,True,True
Indonesia,ID1212,ID12,C,0.7544,0.760661798792,0.830036955461,0.830036955461,True,True
Indonesia,ID1213,ID12,C,0.71,0.723552137933,1.90875182155,1.90875182155,True,True
Indonesia,ID1215,ID12,C,0.6887,0.672762807423,-2.31409794932,2.31409794932,True,True
Indonesia,ID1216,ID12,C,0.6759,0.654939776234,-3.10108355763,3.10108355763,True,True
Indonesia,ID1217,ID12,C,0.7063,0.676429276271,-4.22918359465,4.22918359465,True,True
Indonesia,ID1218,ID12,C,0.7024,0.716723131464,2.03917019704,2.03917019704,True,True
Indonesia,ID1219,ID12,C,0.6836,0.740830984129,8.3719988486,8.3719988486,False,False
Indonesia,ID1220,ID12,C,0.6985,0.681522221413,-2.4306053811,2.4306053811,True,True
Indonesia,ID1221,ID12,C,0.6825,0.680210561294,-0.335448894652,0.335448894652,True,True
Indonesia,ID1222,ID12,C,0.714,0.697668332288,-2.28734841905,2.28734841905,True,True
Indonesia,ID1223,ID12,C,0.7161,0.699737309519,-2.28497283634,2.28497283634,True,True
Indonesia,ID1271,ID12,C,0.7363,0.781703400003,6.16642672864,6.16642672864,False,True
Indonesia,ID1272,ID12,C,0.6865,0.773337807019,12.6493528068,12.6493528068,False,False
Indonesia,ID1273,ID12,C,0.7875,0.792392178026,0.621228955683,0.621228955683,True,True
Indonesia,ID1274,ID12,C,0.7517,0.780892379129,3.88351458414,3.88351458414,True,True
Indonesia,ID1275,ID12,C,0.8098,0.82034966573,1.30274953445,1.30274953445,True,True
Indonesia,ID1276,ID12,C,0.7589,0.78835518803,3.88130030702,3.88130030702,True,True
Indonesia,ID1277,ID12,C,0.7522,0.740747668698,-1.52251147328,1.52251147328,True,True
Indonesia,ID1278,ID12,C,0.6931,0.728001633307,5.035584087,5.035584087,False,True
Indonesia,ID1901,ID19,C,0.724,0.691176344465,-4.53365407942,4.53365407942,True,True
Indonesia,ID1902,ID19,C,0.7251,0.698168242827,-3.71421282209,3.71421282209,True,True
Indonesia,ID1903,ID19,C,0.6908,0.683780425437,-1.01615150014,1.01615150014,True,True
Indonesia,ID1904,ID19,C,0.7045,0.680842478736,-3.35805837672,3.35805837672,True,True
Indonesia,ID1905,ID19,C,0.669,0.671098537454,0.31368272855,0.31368272855,True,True
Indonesia,ID1971,ID19,C,0.7822,0.762090130693,-2.57093701189,2.57093701189,True,True
Indonesia,ID3201,ID32,C,0.704,0.742890902437,5.52427591435,5.52427591435,False,True
Indonesia,ID3202,ID32,C,0.6688,0.696330898212,4.11646205323,4.11646205323,True,True
Indonesia,ID3203,ID32,C,0.6536,0.690757816486,5.68510044155,5.68510044155,False,True
Indonesia,ID3204,ID32,C,0.7239,0.72619034072,0.316389103467,0.316389103467,True,True
Indonesia,ID3205,ID32,C,0.6612,0.701621123126,6.11329750847,6.11329750847,False,True
Indonesia,ID3206,ID32,C,0.6567,0.694272294179,5.721378739,5.721378739,False,True
Indonesia,ID3207,ID32,C,0.7049,0.717186965796,1.74307927309,1.74307927309,True,True
Indonesia,ID3208,ID32,C,0.6938,0.708143040581,2.0673163132,2.0673163132,True,True
Indonesia,ID3209,ID32,C,0.6875,0.719474220955,4.65079577527,4.65079577527,True,True
Indonesia,ID3210,ID32,C,0.6759,0.699963523837,3.56021953499,3.56021953499,True,True
Indonesia,ID3211,ID32,C,0.7164,0.709427654873,-0.973247505165,0.973247505165,True,True
Indonesia,ID3212,ID32,C,0.6729,0.709617414284,5.45659299807,5.45659299807,False,True
Indonesia,ID3213,ID32,C,0.6895,0.695538926678,0.875841432632,0.875841432632,True,True
Indonesia,ID3214,ID32,C,0.7082,0.730876805814,3.20203414487,3.20203414487,True,True
Indonesia,ID3215,ID32,C,0.7066,0.741356043427,4.91877206722,4.91877206722,True,True
Indonesia,ID3216,ID32,C,0.7407,0.75898053115,2.46800744566,2.46800744566,True,True
Indonesia,ID3217,ID32,C,0.6808,0.713447701881,4.79549087559,4.79549087559,True,True
Indonesia,ID3218,ID32,C,0.6806,0.707907700582,4.01229805789,4.01229805789,True,True
Indonesia,ID3271,ID32,C,0.7611,0.784048355288,3.01515639049,3.01515639049,True,True
Indonesia,ID3272,ID32,C,0.7421,0.756349879054,1.92021008678,1.92021008678,True,True
Indonesia,ID3273,ID32,C,0.8151,0.819094077606,0.490010747884,0.490010747884,True,True
Indonesia,ID3274,ID32,C,0.7489,0.798900390533,6.6765109538,6.6765109538,False,True
Indonesia,ID3275,ID32,C,0.815,0.779995226647,-4.29506421509,4.29506421509,True,True
Indonesia,ID3276,ID32,C,0.8097,0.778065430945,-3.90694937075,3.90694937075,True,True
Indonesia,ID3277,ID32,C,0.7783,0.79580708102,2.24940010536,2.24940010536,True,True
Indonesia,ID3278,ID32,C,0.7304,0.760418147512,4.10982304381,4.10982304381,True,True
Indonesia,ID3279,ID32,C,0.717,0.740989462954,3.34581073278,3.34581073278,True,True
Indonesia,ID3301,ID33,C,0.6995,0.727436724111,3.99381331108,3.99381331108,True,True
Indonesia,ID3302,ID33,C,0.7198,0.722327399099,0.351125187413,0.351125187413,True,True
Indonesia,ID3303,ID33,C,0.6897,0.715178023715,3.69407332391,3.69407332391,True,True
Indonesia,ID3304,ID33,C,0.6745,0.702196401005,4.10621215789,4.10621215789,True,True
Indonesia,ID3305,ID33,C,0.6981,0.694847111815,-0.465963069045,0.465963069045,True,True
Indonesia,ID3306,ID33,C,0.7268,0.696763640471,-4.13268568093,4.13268568093,True,True
Indonesia,ID3307,ID33,C,0.6822,0.711088873693,4.2346633968,4.2346633968,True,True
Indonesia,ID3308,ID33,C,0.6987,0.709204352677,1.50341386532,1.50341386532,True,True
Indonesia,ID3309,ID33,C,0.7425,0.720970270856,-2.89962682074,2.89962682074,True,True
Indonesia,ID3310,ID33,C,0.7556,0.730470219351,-3.32580474444,3.32580474444,True,True
Indonesia,ID3311,ID33,C,0.7698,0.738899990372,-4.0140308688,4.0140308688,True,True
Indonesia,ID3312,ID33,C,0.7025,0.706503027705,0.569826007829,0.569826007829,True,True
Indonesia,ID3313,ID33,C,0.7586,0.729715475013,-3.80760941036,3.80760941036,True,True
Indonesia,ID3314,ID33,C,0.7395,0.717129200433,-3.02512502596,3.02512502596,True,True
Indonesia,ID3315,ID33,C,0.6987,0.695734116691,-0.424485946615,0.424485946615,True,True
Indonesia,ID3316,ID33,C,0.6884,0.70089407898,1.81494465137,1.81494465137,True,True
Indonesia,ID3317,ID33,C,0.7002,0.702301381005,0.300111540274,0.300111540274,True,True
Indonesia,ID3318,ID33,C,0.7177,0.713614998634,-0.569179513167,0.569179513167,True,True
Indonesia,ID3319,ID33,C,0.75,0.760356923673,1.3809231564,1.3809231564,True,True
Indonesia,ID3320,ID33,C,0.7199,0.71584396536,-0.563416396722,0.563416396722,True,True
Indonesia,ID3321,ID33,C,0.7222,0.707614970569,-2.01952775284,2.01952775284,True,True
Indonesia,ID3322,ID33,C,0.741,0.739027744148,-0.266161383536,0.266161383536,True,True
Indonesia,ID3323,ID33,C,0.6957,0.71015405621,2.07762774328,2.07762774328,True,True
Indonesia,ID3324,ID33,C,0.7229,0.720662780808,-0.309478377646,0.309478377646,True,True
Indonesia,ID3325,ID33,C,0.6865,0.70797729698,3.12852104588,3.12852104588,True,True
Indonesia,ID3326,ID33,C,0.6963,0.706037462645,1.39845794126,1.39845794126,True,True
Indonesia,ID3327,ID33,C,0.6632,0.703131482228,6.02103169903,6.02103169903,False,True
Indonesia,ID3328,ID33,C,0.6839,0.711283614517,4.00403780041,4.00403780041,True,True
Indonesia,ID3329,ID33,C,0.6611,0.707021342387,6.94620214597,6.94620214597,False,True
Indonesia,ID3371,ID33,C,0.7899,0.794773252283,0.616945471958,0.616945471958,True,True
Indonesia,ID3372,ID33,C,0.8221,0.809589891114,-1.52172593188,1.52172593188,True,True
Indonesia,ID3373,ID33,C,0.8314,0.780737860902,-6.09359382944,6.09359382944,False,True
Indonesia,ID3374,ID33,C,0.8305,0.791718273264,-4.66968413438,4.66968413438,True,True
Indonesia,ID3375,ID33,C,0.7498,0.767868458002,2.40977033902,2.40977033902,True,True
Indonesia,ID3376,ID33,C,0.7507,0.778604324431,3.71710729066,3.71710729066,True,True
Indonesia,ID5305,ID53,C,0.6353,0.657602727424,3.51058199654,3.51058199654,True,True
Indonesia,ID5309,ID53,C,0.6422,0.660244063975,2.80972656104,2.80972656104,True,True
Indonesia,ID5310,ID53,C,0.6511,0.672899656355,3.34812722393,3.34812722393,True,True
Indonesia,ID5311,ID53,C,0.6704,0.681594242597,1.66978559024,1.66978559024,True,True
Indonesia,ID5312,ID53,C,0.6788,0.655437163874,-3.44178493312,3.44178493312,True,True
Indonesia,ID5313,ID53,C,0.6454,0.653336607269,1.22971913062,1.22971913062,True,True
Indonesia,ID5315,ID53,C,0.6389,0.626489787974,-1.94243418782,1.94243418782,True,True
Indonesia,ID5318,ID53,C,0.6581,0.651693633325,-0.973464013828,0.973464013828,True,True
Indonesia,ID5371,ID53,C,0.7971,0.775473481273,-2.71315000966,2.71315000966,True,True
Indonesia,ID1601,ID16,C,0.6932,0.686275507391,-0.998916994951,0.998916994951,True,True
Indonesia,ID1602,ID16,C,0.6682,0.647825261928,-3.04919755642,3.04919755642,True,True
Indonesia,ID1603,ID16,C,0.6874,0.695610294841,1.19439843483,1.19439843483,True,True
Indonesia,ID1604,ID16,C,0.6744,0.693884674553,2.88918661818,2.88918661818,True,True
Indonesia,ID1605,ID16,C,0.6679,0.663883977418,-0.601290998952,0.601290998952,True,True
Indonesia,ID1606,ID16,C,0.6769,0.676744206156,-0.0230157843108,0.0230157843108,True,True
Indonesia,ID1607,ID16,C,0.6674,0.654022152397,-2.00447222101,2.00447222101,True,True
Indonesia,ID1608,ID16,C,0.653,0.661721615125,1.33562253063,1.33562253063,True,True
Indonesia,ID1609,ID16,C,0.6928,0.651160470367,-6.01032471608,6.01032471608,False,True
Indonesia,ID1610,ID16,C,0.6706,0.664722528043,-0.876449740083,0.876449740083,True,True
Indonesia,ID1611,ID16,C,0.6525,0.669212667294,2.56132832092,2.56132832092,True,True
Indonesia,ID1612,ID16,C,0.647,0.677501633103,4.71431732658,4.71431732658,True,True
Indonesia,ID1671,ID16,C,0.7833,0.778242947399,-0.645608655815,0.645608655815,True,True
Indonesia,ID1672,ID16,C,0.7455,0.728165447397,-2.32522503058,2.32522503058,True,True
Indonesia,ID1673,ID16,C,0.6831,0.685653084128,0.373749689357,0.373749689357,True,True
Indonesia,ID1674,ID16,C,0.7478,0.740851952526,-0.929131783097,0.929131783097,True,True
Indonesia,ID3171,ID31,C,0.8472,0.843627680845,-0.421661845491,0.421661845491,True,True
Indonesia,ID3172,ID31,C,0.8266,0.822245998995,-0.526736148681,0.526736148681,True,True
Indonesia,ID3173,ID31,C,0.8139,0.877971671766,7.87217984593,7.87217984593,False,True
Indonesia,ID3174,ID31,C,0.8138,0.834153028668,2.50098656525,2.50098656525,True,True
Indonesia,ID3175,ID31,C,0.8029,0.837468374106,4.3054395449,4.3054395449,True,True
Indonesia,ID7601,ID76,C,0.6691,0.695909594297,4.00681427246,4.00681427246,True,True
Indonesia,ID7602,ID76,C,0.6384,0.69411252365,8.72689906798,8.72689906798,False,False
Indonesia,ID7603,ID76,C,0.6602,0.662751488493,0.386472052863,0.386472052863,True,True
Indonesia,ID7604,ID76,C,0.6815,0.688279467057,0.994786068525,0.994786068525,True,True
Indonesia,ID7605,ID76,C,0.6779,0.688066761209,1.49974350332,1.49974350332,True,True
Indonesia,ID7606,ID76,C,0.6571,0.662236690799,0.781721320804,0.781721320804,True,True
Indonesia,ID1101,ID11,C,0.6603,0.670129964923,1.48871193745,1.48871193745,True,True
Indonesia,ID1102,ID11,C,0.6894,0.671526543547,-2.59261045155,2.59261045155,True,True
Indonesia,ID1103,ID11,C,0.6712,0.675628722528,0.659821592372,0.659821592372,True,True
Indonesia,ID1104,ID11,C,0.6937,0.706315618141,1.81859854995,1.81859854995,True,True
Indonesia,ID1105,ID11,C,0.6763,0.696052268715,2.92063710114,2.92063710114,True,True
Indonesia,ID1106,ID11,C,0.7324,0.725192454346,-0.984099625068,0.984099625068,True,True
Indonesia,ID1107,ID11,C,0.7138,0.714916626745,0.156434119501,0.156434119501,True,True
Indonesia,ID1108,ID11,C,0.7356,0.723288324914,-1.67369155601,1.67369155601,True,True
Indonesia,ID1109,ID11,C,0.7063,0.706957369692,0.0930723052527,0.0930723052527,True,True
Indonesia,ID1110,ID11,C,0.7228,0.713940828259,-1.22567400955,1.22567400955,True,True
Indonesia,ID1111,ID11,C,0.6933,0.708229178173,2.15335037834,2.15335037834,True,True
Indonesia,ID1112,ID11,C,0.6675,0.713151114028,6.83911820644,6.83911820644,False,True
Indonesia,ID1113,ID11,C,0.6722,0.702966348099,4.57696341848,4.57696341848,True,True
Indonesia,ID1114,ID11,C,0.6924,0.70238161747,1.44159697718,1.44159697718,True,True
Indonesia,ID1115,ID11,C,0.6918,0.687979206924,-0.552297351258,0.552297351258,True,True
Indonesia,ID1116,ID11,C,0.6975,0.691203063825,-0.902786548387,0.902786548387,True,True
Indonesia,ID1117,ID11,C,0.7298,0.716192528396,-1.86454804111,1.86454804111,True,True
Indonesia,ID1118,ID11,C,0.732,0.701202022734,-4.20737394344,4.20737394344,True,True
Indonesia,ID1171,ID11,C,0.8541,0.803909772796,-5.87638768341,5.87638768341,False,True
Indonesia,ID1172,ID11,C,0.7578,0.735101762039,-2.99528080773,2.99528080773,True,True
Indonesia,ID1173,ID11,C,0.7717,0.772535274426,0.10823823066,0.10823823066,True,True
Indonesia,ID1174,ID11,C,0.7731,0.767675388948,-0.701670036477,0.701670036477,True,True
Indonesia,ID1175,ID11,C,0.6493,0.682741578131,5.15040476375,5.15040476375,False,True
