adm1_code,adm2_code,outer_test_province,method,predicted_hdi,city_code,province_code,city_name,province_name,role,hdi,absolute_error,relative_error,pass5
130000,130100,130000,mean_train,0.770758364312268,130100,130000,石家庄市,河北省,nationwide_score,0.778,0.0072416356877323,0.0093080150227922,True
130000,130200,130000,mean_train,0.770758364312268,130200,130000,唐山市,河北省,nationwide_score,0.799,0.0282416356877324,0.0353462273939079,True
130000,130300,130000,mean_train,0.770758364312268,130300,130000,秦皇岛市,河北省,nationwide_score,0.778,0.0072416356877323,0.0093080150227922,True
130000,130400,130000,mean_train,0.770758364312268,130400,130000,邯郸市,河北省,nationwide_score,0.745,0.0257583643122676,0.0345749856540505,True
130000,130500,130000,mean_train,0.770758364312268,130500,130000,邢台市,河北省,nationwide_score,0.732,0.0387583643122677,0.0529485851260488,False
130000,130600,130000,mean_train,0.770758364312268,130600,130000,保定市,河北省,nationwide_score,0.74,0.0307583643122677,0.0415653571787402,True
130000,130700,130000,mean_train,0.770758364312268,130700,130000,张家口市,河北省,nationwide_score,0.742,0.0287583643122677,0.0387579033858055,True
130000,130800,130000,mean_train,0.770758364312268,130800,130000,承德市,河北省,nationwide_score,0.751,0.0197583643122676,0.0263094065409688,True
130000,130900,130000,mean_train,0.770758364312268,130900,130000,沧州市,河北省,nationwide_score,0.757,0.0137583643122676,0.0181748537810668,True
130000,131000,130000,mean_train,0.770758364312268,131000,130000,廊坊市,河北省,nationwide_score,0.78,0.0092416356877323,0.0118482508817082,True
130000,131100,130000,mean_train,0.770758364312268,131100,130000,衡水市,河北省,nationwide_score,0.743,0.0277583643122677,0.0373598442964572,True
130000,130100,130000,ridge_pmae,0.800541235382181,130100,130000,石家庄市,河北省,nationwide_score,0.778,0.0225412353821813,0.0289733102598731,True
130000,130200,130000,ridge_pmae,0.799266301933174,130200,130000,唐山市,河北省,nationwide_score,0.799,0.0002663019331738,0.0003332940340098,True
130000,130300,130000,ridge_pmae,0.788630243459402,130300,130000,秦皇岛市,河北省,nationwide_score,0.778,0.0106302434594016,0.0136635520043723,True
130000,130400,130000,ridge_pmae,0.758345198047055,130400,130000,邯郸市,河北省,nationwide_score,0.745,0.0133451980470554,0.0179130175128261,True
130000,130500,130000,ridge_pmae,0.760344430778607,130500,130000,邢台市,河北省,nationwide_score,0.732,0.0283444307786072,0.0387218999707749,True
130000,130600,130000,ridge_pmae,0.767214905423443,130600,130000,保定市,河北省,nationwide_score,0.74,0.0272149054234434,0.0367768992208694,True
130000,130700,130000,ridge_pmae,0.760949444358957,130700,130000,张家口市,河北省,nationwide_score,0.742,0.0189494443589572,0.0255383347155758,True
130000,130800,130000,ridge_pmae,0.752282531252747,130800,130000,承德市,河北省,nationwide_score,0.751,0.0012825312527467,0.0017077646507946,True
130000,130900,130000,ridge_pmae,0.755315905170376,130900,130000,沧州市,河北省,nationwide_score,0.757,0.0016840948296236,0.0022246959440206,True
130000,131000,130000,ridge_pmae,0.795106186142393,131000,130000,廊坊市,河北省,nationwide_score,0.78,0.0151061861423926,0.0193669053107598,True
130000,131100,130000,ridge_pmae,0.754357250276485,131100,130000,衡水市,河北省,nationwide_score,0.743,0.0113572502764849,0.0152856665901546,True
130000,130100,130000,ridge_p5,0.800541235382181,130100,130000,石家庄市,河北省,nationwide_score,0.778,0.0225412353821813,0.0289733102598731,True
130000,130200,130000,ridge_p5,0.799266301933174,130200,130000,唐山市,河北省,nationwide_score,0.799,0.0002663019331738,0.0003332940340098,True
130000,130300,130000,ridge_p5,0.788630243459402,130300,130000,秦皇岛市,河北省,nationwide_score,0.778,0.0106302434594016,0.0136635520043723,True
130000,130400,130000,ridge_p5,0.758345198047055,130400,130000,邯郸市,河北省,nationwide_score,0.745,0.0133451980470554,0.0179130175128261,True
130000,130500,130000,ridge_p5,0.760344430778607,130500,130000,邢台市,河北省,nationwide_score,0.732,0.0283444307786072,0.0387218999707749,True
130000,130600,130000,ridge_p5,0.767214905423443,130600,130000,保定市,河北省,nationwide_score,0.74,0.0272149054234434,0.0367768992208694,True
130000,130700,130000,ridge_p5,0.760949444358957,130700,130000,张家口市,河北省,nationwide_score,0.742,0.0189494443589572,0.0255383347155758,True
130000,130800,130000,ridge_p5,0.752282531252747,130800,130000,承德市,河北省,nationwide_score,0.751,0.0012825312527467,0.0017077646507946,True
130000,130900,130000,ridge_p5,0.755315905170376,130900,130000,沧州市,河北省,nationwide_score,0.757,0.0016840948296236,0.0022246959440206,True
130000,131000,130000,ridge_p5,0.795106186142393,131000,130000,廊坊市,河北省,nationwide_score,0.78,0.0151061861423926,0.0193669053107598,True
130000,131100,130000,ridge_p5,0.754357250276485,131100,130000,衡水市,河北省,nationwide_score,0.743,0.0113572502764849,0.0152856665901546,True
130000,130100,130000,rf_pmae,0.782885095238095,130100,130000,石家庄市,河北省,nationwide_score,0.778,0.0048850952380951,0.0062790427224872,True
130000,130200,130000,rf_pmae,0.790430464285714,130200,130000,唐山市,河北省,nationwide_score,0.799,0.0085695357142862,0.0107253263007336,True
130000,130300,130000,rf_pmae,0.772856238095238,130300,130000,秦皇岛市,河北省,nationwide_score,0.778,0.0051437619047617,0.0066115191577914,True
130000,130400,130000,rf_pmae,0.770175559523809,130400,130000,邯郸市,河北省,nationwide_score,0.745,0.0251755595238094,0.0337926973473952,True
130000,130500,130000,rf_pmae,0.7481875,130500,130000,邢台市,河北省,nationwide_score,0.732,0.0161874999999997,0.022114071038251,True
130000,130600,130000,rf_pmae,0.749012674603175,130600,130000,保定市,河北省,nationwide_score,0.74,0.0090126746031746,0.0121792900042901,True
130000,130700,130000,rf_pmae,0.772529392857143,130700,130000,张家口市,河北省,nationwide_score,0.742,0.0305293928571427,0.0411447343088177,True
130000,130800,130000,rf_pmae,0.745605642857143,130800,130000,承德市,河北省,nationwide_score,0.751,0.0053943571428567,0.0071828989918198,True
130000,130900,130000,rf_pmae,0.74496888095238,130900,130000,沧州市,河北省,nationwide_score,0.757,0.0120311190476195,0.0158931559413732,True
130000,131000,130000,rf_pmae,0.780022761904762,131000,130000,廊坊市,河北省,nationwide_score,0.78,2.27619047616923e-05,2.91819291816567e-05,True
130000,131100,130000,rf_pmae,0.752640380952381,131100,130000,衡水市,河北省,nationwide_score,0.743,0.0096403809523808,0.0129749407165287,True
130000,130100,130000,rf_p5,0.782885095238095,130100,130000,石家庄市,河北省,nationwide_score,0.778,0.0048850952380951,0.0062790427224872,True
130000,130200,130000,rf_p5,0.790430464285714,130200,130000,唐山市,河北省,nationwide_score,0.799,0.0085695357142862,0.0107253263007336,True
130000,130300,130000,rf_p5,0.772856238095238,130300,130000,秦皇岛市,河北省,nationwide_score,0.778,0.0051437619047617,0.0066115191577914,True
130000,130400,130000,rf_p5,0.770175559523809,130400,130000,邯郸市,河北省,nationwide_score,0.745,0.0251755595238094,0.0337926973473952,True
130000,130500,130000,rf_p5,0.7481875,130500,130000,邢台市,河北省,nationwide_score,0.732,0.0161874999999997,0.022114071038251,True
130000,130600,130000,rf_p5,0.749012674603175,130600,130000,保定市,河北省,nationwide_score,0.74,0.0090126746031746,0.0121792900042901,True
130000,130700,130000,rf_p5,0.772529392857143,130700,130000,张家口市,河北省,nationwide_score,0.742,0.0305293928571427,0.0411447343088177,True
130000,130800,130000,rf_p5,0.745605642857143,130800,130000,承德市,河北省,nationwide_score,0.751,0.0053943571428567,0.0071828989918198,True
130000,130900,130000,rf_p5,0.74496888095238,130900,130000,沧州市,河北省,nationwide_score,0.757,0.0120311190476195,0.0158931559413732,True
130000,131000,130000,rf_p5,0.780022761904762,131000,130000,廊坊市,河北省,nationwide_score,0.78,2.27619047616923e-05,2.91819291816567e-05,True
130000,131100,130000,rf_p5,0.752640380952381,131100,130000,衡水市,河北省,nationwide_score,0.743,0.0096403809523808,0.0129749407165287,True
130000,130100,130000,svr_pmae,0.78479871921235,130100,130000,石家庄市,河北省,nationwide_score,0.778,0.0067987192123505,0.0087387136405533,True
130000,130200,130000,svr_pmae,0.786390166487619,130200,130000,唐山市,河北省,nationwide_score,0.799,0.012609833512381,0.0157820194147448,True
130000,130300,130000,svr_pmae,0.774312190662917,130300,130000,秦皇岛市,河北省,nationwide_score,0.778,0.0036878093370826,0.0047401148291551,True
130000,130400,130000,svr_pmae,0.748202580422205,130400,130000,邯郸市,河北省,nationwide_score,0.745,0.0032025804222048,0.0042987656673891,True
130000,130500,130000,svr_pmae,0.746616294476789,130500,130000,邢台市,河北省,nationwide_score,0.732,0.0146162944767895,0.0199676154054502,True
130000,130600,130000,svr_pmae,0.749099017304279,130600,130000,保定市,河北省,nationwide_score,0.74,0.009099017304279,0.0122959693301068,True
130000,130700,130000,svr_pmae,0.765239706171527,130700,130000,张家口市,河北省,nationwide_score,0.742,0.0232397061715274,0.0313203587217351,True
130000,130800,130000,svr_pmae,0.749285067669666,130800,130000,承德市,河北省,nationwide_score,0.751,0.0017149323303343,0.0022835317314705,True
130000,130900,130000,svr_pmae,0.741355053457479,130900,130000,沧州市,河北省,nationwide_score,0.757,0.0156449465425205,0.0206670363837788,True
130000,131000,130000,svr_pmae,0.783098830791537,131000,130000,廊坊市,河北省,nationwide_score,0.78,0.0030988307915368,0.0039728599891497,True
130000,131100,130000,svr_pmae,0.750612590493443,131100,130000,衡水市,河北省,nationwide_score,0.743,0.0076125904934435,0.0102457476358594,True
130000,130100,130000,svr_p5,0.784473259898875,130100,130000,石家庄市,河北省,nationwide_score,0.778,0.0064732598988752,0.0083203854741327,True
130000,130200,130000,svr_p5,0.789651620980793,130200,130000,唐山市,河北省,nationwide_score,0.799,0.0093483790192072,0.0117000988976311,True
130000,130300,130000,svr_p5,0.775802444182419,130300,130000,秦皇岛市,河北省,nationwide_score,0.778,0.0021975558175806,0.0028246218734969,True
130000,130400,130000,svr_p5,0.742664310895156,130400,130000,邯郸市,河北省,nationwide_score,0.745,0.0023356891048437,0.003135153160864,True
130000,130500,130000,svr_p5,0.741627399122184,130500,130000,邢台市,河北省,nationwide_score,0.732,0.0096273991221845,0.0131521845931483,True
130000,130600,130000,svr_p5,0.746036341448891,130600,130000,保定市,河北省,nationwide_score,0.74,0.0060363414488907,0.0081572181741767,True
130000,130700,130000,svr_p5,0.76455799297912,130700,130000,张家口市,河北省,nationwide_score,0.742,0.02255799297912,0.0304016077885715,True
130000,130800,130000,svr_p5,0.750168307405468,130800,130000,承德市,河北省,nationwide_score,0.751,0.0008316925945318,0.0011074468635577,True
130000,130900,130000,svr_p5,0.739752995739552,130900,130000,沧州市,河北省,nationwide_score,0.757,0.017247004260448,0.0227833609781347,True
130000,131000,130000,svr_p5,0.781423594080576,131000,130000,廊坊市,河北省,nationwide_score,0.78,0.0014235940805756,0.0018251206161226,True
130000,131100,130000,svr_p5,0.748126704534112,131100,130000,衡水市,河北省,nationwide_score,0.743,0.005126704534112,0.0069000061024387,True
140000,140100,140000,mean_train,0.770281481481481,140100,140000,太原市,山西省,nationwide_score,0.822,0.0517185185185184,0.0629179057402901,False
140000,140200,140000,mean_train,0.770281481481481,140200,140000,大同市,山西省,nationwide_score,0.761,0.0092814814814814,0.0121964277023409,True
140000,140300,140000,mean_train,0.770281481481481,140300,140000,阳泉市,山西省,nationwide_score,0.775,0.0047185185185185,0.0060884109916368,True
140000,140400,140000,mean_train,0.770281481481481,140400,140000,长治市,山西省,nationwide_score,0.766,0.0042814814814814,0.0055894014118556,True
140000,140500,140000,mean_train,0.770281481481481,140500,140000,晋城市,山西省,nationwide_score,0.779,0.0087185185185185,0.0111919364807683,True
140000,140600,140000,mean_train,0.770281481481481,140600,140000,朔州市,山西省,nationwide_score,0.786,0.0157185185185185,0.0199981151635096,True
140000,140700,140000,mean_train,0.770281481481481,140700,140000,晋中市,山西省,nationwide_score,0.761,0.0092814814814814,0.0121964277023409,True
140000,140800,140000,mean_train,0.770281481481481,140800,140000,运城市,山西省,nationwide_score,0.749,0.0212814814814814,0.0284131928991741,True
140000,140900,140000,mean_train,0.770281481481481,140900,140000,忻州市,山西省,nationwide_score,0.748,0.0222814814814814,0.0297880768469003,True
140000,141100,140000,mean_train,0.770281481481481,141100,140000,吕梁市,山西省,nationwide_score,0.756,0.0142814814814814,0.0188908485204781,True
140000,140100,140000,ridge_pmae,0.830485692991488,140100,140000,太原市,山西省,nationwide_score,0.822,0.0084856929914879,0.0103232274835619,True
140000,140200,140000,ridge_pmae,0.781157308887092,140200,140000,大同市,山西省,nationwide_score,0.761,0.0201573088870916,0.0264879223220652,True
140000,140300,140000,ridge_pmae,0.784626885435897,140300,140000,阳泉市,山西省,nationwide_score,0.775,0.0096268854358966,0.0124217876592214,True
140000,140400,140000,ridge_pmae,0.75753635894385,140400,140000,长治市,山西省,nationwide_score,0.766,0.0084636410561501,0.0110491397599871,True
140000,140500,140000,ridge_pmae,0.785199419132509,140500,140000,晋城市,山西省,nationwide_score,0.779,0.0061994191325094,0.0079581760365974,True
140000,140600,140000,ridge_pmae,0.766380258746478,140600,140000,朔州市,山西省,nationwide_score,0.786,0.0196197412535223,0.0249615028670768,True
140000,140700,140000,ridge_pmae,0.776716680231057,140700,140000,晋中市,山西省,nationwide_score,0.761,0.0157166802310573,0.0206526678463302,True
140000,140800,140000,ridge_pmae,0.76186805068892,140800,140000,运城市,山西省,nationwide_score,0.749,0.01286805068892,0.0171803079958879,True
140000,140900,140000,ridge_pmae,0.756035461495655,140900,140000,忻州市,山西省,nationwide_score,0.748,0.0080354614956551,0.0107425955824266,True
140000,141100,140000,ridge_pmae,0.760878723608453,141100,140000,吕梁市,山西省,nationwide_score,0.756,0.0048787236084528,0.0064533381064191,True
140000,140100,140000,ridge_p5,0.829857230796836,140100,140000,太原市,山西省,nationwide_score,0.822,0.007857230796836,0.0095586749353237,True
140000,140200,140000,ridge_p5,0.783657179319372,140200,140000,大同市,山西省,nationwide_score,0.761,0.0226571793193718,0.0297729031792008,True
140000,140300,140000,ridge_p5,0.789156036542226,140300,140000,阳泉市,山西省,nationwide_score,0.775,0.0141560365422261,0.0182658536028725,True
140000,140400,140000,ridge_p5,0.75603587168349,140400,140000,长治市,山西省,nationwide_score,0.766,0.0099641283165096,0.0130080004131979,True
140000,140500,140000,ridge_p5,0.787251544750568,140500,140000,晋城市,山西省,nationwide_score,0.779,0.0082515447505683,0.0105924836335922,True
140000,140600,140000,ridge_p5,0.766596749685486,140600,140000,朔州市,山西省,nationwide_score,0.786,0.0194032503145143,0.0246860691024356,True
140000,140700,140000,ridge_p5,0.776409151777596,140700,140000,晋中市,山西省,nationwide_score,0.761,0.0154091517775954,0.0202485568693764,True
140000,140800,140000,ridge_p5,0.758638006392326,140800,140000,运城市,山西省,nationwide_score,0.749,0.0096380063923261,0.0128678322995008,True
140000,140900,140000,ridge_p5,0.753387585670772,140900,140000,忻州市,山西省,nationwide_score,0.748,0.0053875856707723,0.0072026546400699,True
140000,141100,140000,ridge_p5,0.759349432751019,141100,140000,吕梁市,山西省,nationwide_score,0.756,0.0033494327510192,0.0044304666018773,True
140000,140100,140000,rf_pmae,0.812360023809524,140100,140000,太原市,山西省,nationwide_score,0.822,0.0096399761904764,0.0117274649519177,True
140000,140200,140000,rf_pmae,0.786465214285714,140200,140000,大同市,山西省,nationwide_score,0.761,0.0254652142857145,0.0334628308616485,True
140000,140300,140000,rf_pmae,0.787915059523809,140300,140000,阳泉市,山西省,nationwide_score,0.775,0.0129150595238095,0.0166645929339478,True
140000,140400,140000,rf_pmae,0.753652261904762,140400,140000,长治市,山西省,nationwide_score,0.766,0.0123477380952384,0.0161197625264209,True
140000,140500,140000,rf_pmae,0.779809984126984,140500,140000,晋城市,山西省,nationwide_score,0.779,0.0008099841269839,0.0010397742323285,True
140000,140600,140000,rf_pmae,0.772203952380952,140600,140000,朔州市,山西省,nationwide_score,0.786,0.0137960476190476,0.0175522234339028,True
140000,140700,140000,rf_pmae,0.771227876984127,140700,140000,晋中市,山西省,nationwide_score,0.761,0.010227876984127,0.0134400485993785,True
140000,140800,140000,rf_pmae,0.742698166666667,140800,140000,运城市,山西省,nationwide_score,0.749,0.0063018333333334,0.0084136626613263,True
140000,140900,140000,rf_pmae,0.74769925,140900,140000,忻州市,山西省,nationwide_score,0.748,0.0003007499999999,0.0004020721925133,True
140000,141100,140000,rf_pmae,0.748497214285714,141100,140000,吕梁市,山西省,nationwide_score,0.756,0.0075027857142855,0.0099243197278909,True
140000,140100,140000,rf_p5,0.812360023809524,140100,140000,太原市,山西省,nationwide_score,0.822,0.0096399761904764,0.0117274649519177,True
140000,140200,140000,rf_p5,0.786465214285714,140200,140000,大同市,山西省,nationwide_score,0.761,0.0254652142857145,0.0334628308616485,True
140000,140300,140000,rf_p5,0.787915059523809,140300,140000,阳泉市,山西省,nationwide_score,0.775,0.0129150595238095,0.0166645929339478,True
140000,140400,140000,rf_p5,0.753652261904762,140400,140000,长治市,山西省,nationwide_score,0.766,0.0123477380952384,0.0161197625264209,True
140000,140500,140000,rf_p5,0.779809984126984,140500,140000,晋城市,山西省,nationwide_score,0.779,0.0008099841269839,0.0010397742323285,True
140000,140600,140000,rf_p5,0.772203952380952,140600,140000,朔州市,山西省,nationwide_score,0.786,0.0137960476190476,0.0175522234339028,True
140000,140700,140000,rf_p5,0.771227876984127,140700,140000,晋中市,山西省,nationwide_score,0.761,0.010227876984127,0.0134400485993785,True
140000,140800,140000,rf_p5,0.742698166666667,140800,140000,运城市,山西省,nationwide_score,0.749,0.0063018333333334,0.0084136626613263,True
140000,140900,140000,rf_p5,0.74769925,140900,140000,忻州市,山西省,nationwide_score,0.748,0.0003007499999999,0.0004020721925133,True
140000,141100,140000,rf_p5,0.748497214285714,141100,140000,吕梁市,山西省,nationwide_score,0.756,0.0075027857142855,0.0099243197278909,True
140000,140100,140000,svr_pmae,0.824440118808046,140100,140000,太原市,山西省,nationwide_score,0.822,0.0024401188080457,0.0029685143650191,True
140000,140200,140000,svr_pmae,0.79108426507526,140200,140000,大同市,山西省,nationwide_score,0.761,0.0300842650752602,0.039532542805861,True
140000,140300,140000,svr_pmae,0.788291248073622,140300,140000,阳泉市,山西省,nationwide_score,0.775,0.0132912480736218,0.0171499975143507,True
140000,140400,140000,svr_pmae,0.761887519791195,140400,140000,长治市,山西省,nationwide_score,0.766,0.0041124802088055,0.005368773118545,True
140000,140500,140000,svr_pmae,0.777494902486313,140500,140000,晋城市,山西省,nationwide_score,0.779,0.0015050975136871,0.0019320892345148,True
140000,140600,140000,svr_pmae,0.766524882041294,140600,140000,朔州市,山西省,nationwide_score,0.786,0.0194751179587059,0.0247775037642569,True
140000,140700,140000,svr_pmae,0.764411419405964,140700,140000,晋中市,山西省,nationwide_score,0.761,0.003411419405964,0.0044828113087569,True
140000,140800,140000,svr_pmae,0.743986337116015,140800,140000,运城市,山西省,nationwide_score,0.749,0.0050136628839851,0.0066938089238787,True
140000,140900,140000,svr_pmae,0.74703254516594,140900,140000,忻州市,山西省,nationwide_score,0.748,0.0009674548340604,0.0012933888155888,True
140000,141100,140000,svr_pmae,0.743015436269238,141100,140000,吕梁市,山西省,nationwide_score,0.756,0.0129845637307615,0.0171753488502136,True
140000,140100,140000,svr_p5,0.825178857631291,140100,140000,太原市,山西省,nationwide_score,0.822,0.0031788576312913,0.0038672233957315,True
140000,140200,140000,svr_p5,0.792418929800227,140200,140000,大同市,山西省,nationwide_score,0.761,0.0314189298002269,0.041286372930653,True
140000,140300,140000,svr_p5,0.789918537646824,140300,140000,阳泉市,山西省,nationwide_score,0.775,0.014918537646824,0.0192497259959019,True
140000,140400,140000,svr_p5,0.761482309773358,140400,140000,长治市,山西省,nationwide_score,0.766,0.0045176902266422,0.0058977679198985,True
140000,140500,140000,svr_p5,0.776806649568113,140500,140000,晋城市,山西省,nationwide_score,0.779,0.002193350431887,0.0028155974735392,True
140000,140600,140000,svr_p5,0.768386874464526,140600,140000,朔州市,山西省,nationwide_score,0.786,0.0176131255354736,0.0224085566609079,True
140000,140700,140000,svr_p5,0.764531989029884,140700,140000,晋中市,山西省,nationwide_score,0.761,0.0035319890298838,0.0046412470826331,True
140000,140800,140000,svr_p5,0.743012627571927,140800,140000,运城市,山西省,nationwide_score,0.749,0.0059873724280729,0.0079938216663189,True
140000,140900,140000,svr_p5,0.748704480918784,140900,140000,忻州市,山西省,nationwide_score,0.748,0.0007044809187842,0.0009418194101394,True
140000,141100,140000,svr_p5,0.742939764161528,141100,140000,吕梁市,山西省,nationwide_score,0.756,0.0130602358384718,0.0172754442307828,True
150000,150100,150000,mean_train,0.770051660516605,150100,150000,呼和浩特市,内蒙古自治区,nationwide_score,0.802,0.031948339483395,0.0398358347673254,True
150000,150200,150000,mean_train,0.770051660516605,150200,150000,包头市,内蒙古自治区,nationwide_score,0.817,0.0469483394833949,0.0574643078132129,False
150000,150300,150000,mean_train,0.770051660516605,150300,150000,乌海市,内蒙古自治区,nationwide_score,0.805,0.034948339483395,0.0434140863147764,True
150000,150400,150000,mean_train,0.770051660516605,150400,150000,赤峰市,内蒙古自治区,nationwide_score,0.738,0.0320516605166051,0.0434304343043429,True
150000,150500,150000,mean_train,0.770051660516605,150500,150000,通辽市,内蒙古自治区,nationwide_score,0.745,0.025051660516605,0.0336263899551745,True
150000,150600,150000,mean_train,0.770051660516605,150600,150000,鄂尔多斯市,内蒙古自治区,nationwide_score,0.818,0.0479483394833949,0.0586165519356906,False
150000,150700,150000,mean_train,0.770051660516605,150700,150000,呼伦贝尔市,内蒙古自治区,nationwide_score,0.761,0.0090516605166049,0.0118944290625558,True
150000,150800,150000,mean_train,0.770051660516605,150800,150000,巴彦淖尔市,内蒙古自治区,nationwide_score,0.763,0.0070516605166049,0.0092420190256946,True
150000,150900,150000,mean_train,0.770051660516605,150900,150000,乌兰察布市,内蒙古自治区,nationwide_score,0.746,0.024051660516605,0.0322408317916957,True
150000,150100,150000,ridge_pmae,0.811073251495972,150100,150000,呼和浩特市,内蒙古自治区,nationwide_score,0.802,0.0090732514959722,0.0113132811670477,True
150000,150200,150000,ridge_pmae,0.82698473556952,150200,150000,包头市,内蒙古自治区,nationwide_score,0.817,0.0099847355695197,0.0122212185673436,True
150000,150300,150000,ridge_pmae,0.82446172841653,150300,150000,乌海市,内蒙古自治区,nationwide_score,0.805,0.0194617284165296,0.0241760601447572,True
150000,150400,150000,ridge_pmae,0.743529884119136,150400,150000,赤峰市,内蒙古自治区,nationwide_score,0.738,0.0055298841191365,0.0074930679121091,True
150000,150500,150000,ridge_pmae,0.729288548755093,150500,150000,通辽市,内蒙古自治区,nationwide_score,0.745,0.0157114512449068,0.0210891963018883,True
150000,150600,150000,ridge_pmae,0.791925147131486,150600,150000,鄂尔多斯市,内蒙古自治区,nationwide_score,0.818,0.0260748528685142,0.0318763482500174,True
150000,150700,150000,ridge_pmae,0.769718282568132,150700,150000,呼伦贝尔市,内蒙古自治区,nationwide_score,0.761,0.008718282568132,0.0114563502866386,True
150000,150800,150000,ridge_pmae,0.752760003836833,150800,150000,巴彦淖尔市,内蒙古自治区,nationwide_score,0.763,0.0102399961631675,0.0134207027040203,True
150000,150900,150000,ridge_pmae,0.756572589843587,150900,150000,乌兰察布市,内蒙古自治区,nationwide_score,0.746,0.0105725898435871,0.0141723724444867,True
150000,150100,150000,ridge_p5,0.811073251495972,150100,150000,呼和浩特市,内蒙古自治区,nationwide_score,0.802,0.0090732514959722,0.0113132811670477,True
150000,150200,150000,ridge_p5,0.82698473556952,150200,150000,包头市,内蒙古自治区,nationwide_score,0.817,0.0099847355695197,0.0122212185673436,True
150000,150300,150000,ridge_p5,0.82446172841653,150300,150000,乌海市,内蒙古自治区,nationwide_score,0.805,0.0194617284165296,0.0241760601447572,True
150000,150400,150000,ridge_p5,0.743529884119136,150400,150000,赤峰市,内蒙古自治区,nationwide_score,0.738,0.0055298841191365,0.0074930679121091,True
150000,150500,150000,ridge_p5,0.729288548755093,150500,150000,通辽市,内蒙古自治区,nationwide_score,0.745,0.0157114512449068,0.0210891963018883,True
150000,150600,150000,ridge_p5,0.791925147131486,150600,150000,鄂尔多斯市,内蒙古自治区,nationwide_score,0.818,0.0260748528685142,0.0318763482500174,True
150000,150700,150000,ridge_p5,0.769718282568132,150700,150000,呼伦贝尔市,内蒙古自治区,nationwide_score,0.761,0.008718282568132,0.0114563502866386,True
150000,150800,150000,ridge_p5,0.752760003836833,150800,150000,巴彦淖尔市,内蒙古自治区,nationwide_score,0.763,0.0102399961631675,0.0134207027040203,True
150000,150900,150000,ridge_p5,0.756572589843587,150900,150000,乌兰察布市,内蒙古自治区,nationwide_score,0.746,0.0105725898435871,0.0141723724444867,True
150000,150100,150000,rf_pmae,0.801293202380952,150100,150000,呼和浩特市,内蒙古自治区,nationwide_score,0.802,0.0007067976190474,0.0008812937893359,True
150000,150200,150000,rf_pmae,0.810308952380953,150200,150000,包头市,内蒙古自治区,nationwide_score,0.817,0.0066910476190472,0.0081897767674997,True
150000,150300,150000,rf_pmae,0.823348011904762,150300,150000,乌海市,内蒙古自治区,nationwide_score,0.805,0.018348011904762,0.0227925613723752,True
150000,150400,150000,rf_pmae,0.739456047619048,150400,150000,赤峰市,内蒙古自治区,nationwide_score,0.738,0.0014560476190477,0.0019729642534521,True
150000,150500,150000,rf_pmae,0.730436952380952,150500,150000,通辽市,内蒙古自治区,nationwide_score,0.745,0.0145630476190475,0.019547714924896,True
150000,150600,150000,rf_pmae,0.787848746031746,150600,150000,鄂尔多斯市,内蒙古自治区,nationwide_score,0.818,0.0301512539682539,0.036859723677572,True
150000,150700,150000,rf_pmae,0.765138055555555,150700,150000,呼伦贝尔市,内蒙古自治区,nationwide_score,0.761,0.004138055555555,0.0054376551321353,True
150000,150800,150000,rf_pmae,0.763987904761905,150800,150000,巴彦淖尔市,内蒙古自治区,nationwide_score,0.763,0.0009879047619046,0.0012947637770703,True
150000,150900,150000,rf_pmae,0.760211904761905,150900,150000,乌兰察布市,内蒙古自治区,nationwide_score,0.746,0.0142119047619047,0.0190508106727945,True
150000,150100,150000,rf_p5,0.80149515079365,150100,150000,呼和浩特市,内蒙古自治区,nationwide_score,0.802,0.0005048492063496,0.0006294877884658,True
150000,150200,150000,rf_p5,0.811272988095238,150200,150000,包头市,内蒙古自治区,nationwide_score,0.817,0.0057270119047617,0.0070098064929764,True
150000,150300,150000,rf_p5,0.792835869047619,150300,150000,乌海市,内蒙古自治区,nationwide_score,0.805,0.0121641309523813,0.0151107216799768,True
150000,150400,150000,rf_p5,0.734535642857142,150400,150000,赤峰市,内蒙古自治区,nationwide_score,0.738,0.0034643571428574,0.0046942508710805,True
150000,150500,150000,rf_p5,0.729849285714286,150500,150000,通辽市,内蒙古自治区,nationwide_score,0.745,0.0151507142857144,0.0203365292425697,True
150000,150600,150000,rf_p5,0.78134880952381,150600,150000,鄂尔多斯市,内蒙古自治区,nationwide_score,0.818,0.0366511904761902,0.0448058563278609,True
150000,150700,150000,rf_p5,0.765001666666666,150700,150000,呼伦贝尔市,内蒙古自治区,nationwide_score,0.761,0.0040016666666665,0.0052584318878667,True
150000,150800,150000,rf_p5,0.768733988095239,150800,150000,巴彦淖尔市,内蒙古自治区,nationwide_score,0.763,0.0057339880952386,0.0075150564813088,True
150000,150900,150000,rf_p5,0.759783154761905,150900,150000,乌兰察布市,内蒙古自治区,nationwide_score,0.746,0.013783154761905,0.0184760787693097,True
150000,150100,150000,svr_pmae,0.81083210540349,150100,150000,呼和浩特市,内蒙古自治区,nationwide_score,0.802,0.0088321054034903,0.0110126002537285,True
150000,150200,150000,svr_pmae,0.82360322511375,150200,150000,包头市,内蒙古自治区,nationwide_score,0.817,0.0066032251137503,0.0080822828809673,True
150000,150300,150000,svr_pmae,0.816314768502291,150300,150000,乌海市,内蒙古自治区,nationwide_score,0.805,0.011314768502291,0.0140556130463243,True
150000,150400,150000,svr_pmae,0.742591572822443,150400,150000,赤峰市,内蒙古自治区,nationwide_score,0.738,0.0045915728224434,0.0062216433908448,True
150000,150500,150000,svr_pmae,0.728534713404917,150500,150000,通辽市,内蒙古自治区,nationwide_score,0.745,0.0164652865950829,0.0221010558323261,True
150000,150600,150000,svr_pmae,0.787297902889388,150600,150000,鄂尔多斯市,内蒙古自治区,nationwide_score,0.818,0.0307020971106124,0.0375331260520934,True
150000,150700,150000,svr_pmae,0.763068279964313,150700,150000,呼伦贝尔市,内蒙古自治区,nationwide_score,0.761,0.0020682799643133,0.0027178448939728,True
150000,150800,150000,svr_pmae,0.749807920402476,150800,150000,巴彦淖尔市,内蒙古自治区,nationwide_score,0.763,0.0131920795975241,0.0172897504554706,True
150000,150900,150000,svr_pmae,0.742921803887543,150900,150000,乌兰察布市,内蒙古自治区,nationwide_score,0.746,0.003078196112457,0.0041262682472614,True
150000,150100,150000,svr_p5,0.812377762430303,150100,150000,呼和浩特市,内蒙古自治区,nationwide_score,0.802,0.0103777624303035,0.0129398534043684,True
150000,150200,150000,svr_p5,0.824354926140082,150200,150000,包头市,内蒙古自治区,nationwide_score,0.817,0.007354926140082,0.0090023575765998,True
150000,150300,150000,svr_p5,0.817721199568917,150300,150000,乌海市,内蒙古自治区,nationwide_score,0.805,0.0127211995689167,0.0158027323837474,True
150000,150400,150000,svr_p5,0.741703475201597,150400,150000,赤峰市,内蒙古自治区,nationwide_score,0.738,0.0037034752015973,0.0050182590807551,True
150000,150500,150000,svr_p5,0.729520229874703,150500,150000,通辽市,内蒙古自治区,nationwide_score,0.745,0.0154797701252972,0.0207782149332848,True
150000,150600,150000,svr_p5,0.785401641075377,150600,150000,鄂尔多斯市,内蒙古自治区,nationwide_score,0.818,0.0325983589246229,0.0398512945288788,True
150000,150700,150000,svr_p5,0.762839636103101,150700,150000,呼伦贝尔市,内蒙古自治区,nationwide_score,0.761,0.0018396361031012,0.0024173930395548,True
150000,150800,150000,svr_p5,0.74927246746012,150800,150000,巴彦淖尔市,内蒙古自治区,nationwide_score,0.763,0.0137275325398796,0.0179915236433547,True
150000,150900,150000,svr_p5,0.747509852203682,150900,150000,乌兰察布市,内蒙古自治区,nationwide_score,0.746,0.0015098522036817,0.0020239305679379,True
210000,210100,210000,mean_train,0.76984962406015,210100,210000,沈阳市,辽宁省,nationwide_score,0.826,0.0561503759398496,0.0679786633654353,False
210000,210200,210000,mean_train,0.76984962406015,210200,210000,大连市,辽宁省,nationwide_score,0.835,0.0651503759398496,0.0780244023231732,False
210000,210300,210000,mean_train,0.76984962406015,210300,210000,鞍山市,辽宁省,nationwide_score,0.785,0.0151503759398498,0.0192998419615921,True
210000,210400,210000,mean_train,0.76984962406015,210400,210000,抚顺市,辽宁省,nationwide_score,0.761,0.0088496240601502,0.0116289409463209,True
210000,210500,210000,mean_train,0.76984962406015,210500,210000,本溪市,辽宁省,nationwide_score,0.798,0.0281503759398498,0.0352761603256263,True
210000,210600,210000,mean_train,0.76984962406015,210600,210000,丹东市,辽宁省,nationwide_score,0.761,0.0088496240601502,0.0116289409463209,True
210000,210700,210000,mean_train,0.76984962406015,210700,210000,锦州市,辽宁省,nationwide_score,0.776,0.0061503759398497,0.007925742190528,True
210000,210800,210000,mean_train,0.76984962406015,210800,210000,营口市,辽宁省,nationwide_score,0.778,0.0081503759398497,0.0104760616193442,True
210000,210900,210000,mean_train,0.76984962406015,210900,210000,阜新市,辽宁省,nationwide_score,0.753,0.0168496240601502,0.0223766587784199,True
210000,211000,210000,mean_train,0.76984962406015,211000,210000,辽阳市,辽宁省,nationwide_score,0.781,0.0111503759398497,0.0142770498589626,True
210000,211100,210000,mean_train,0.76984962406015,211100,210000,盘锦市,辽宁省,nationwide_score,0.822,0.0521503759398497,0.0634432797321772,False
210000,211200,210000,mean_train,0.76984962406015,211200,210000,铁岭市,辽宁省,nationwide_score,0.738,0.0318496240601503,0.0431566721682254,True
210000,211300,210000,mean_train,0.76984962406015,211300,210000,朝阳市,辽宁省,nationwide_score,0.737,0.0328496240601503,0.0445720814927413,True
210000,211400,210000,mean_train,0.76984962406015,211400,210000,葫芦岛市,辽宁省,nationwide_score,0.748,0.0218496240601502,0.029210727353142,True
210000,210100,210000,ridge_pmae,0.828527609688543,210100,210000,沈阳市,辽宁省,nationwide_score,0.826,0.0025276096885431,0.0030600601556212,True
210000,210200,210000,ridge_pmae,0.811280743484489,210200,210000,大连市,辽宁省,nationwide_score,0.835,0.0237192565155108,0.0284062952281567,True
210000,210300,210000,ridge_pmae,0.792057322434247,210300,210000,鞍山市,辽宁省,nationwide_score,0.785,0.0070573224342473,0.0089902196614616,True
210000,210400,210000,ridge_pmae,0.774260760737737,210400,210000,抚顺市,辽宁省,nationwide_score,0.761,0.0132607607377366,0.0174254411796802,True
210000,210500,210000,ridge_pmae,0.776278068009469,210500,210000,本溪市,辽宁省,nationwide_score,0.798,0.021721931990531,0.0272204661535477,True
210000,210600,210000,ridge_pmae,0.755455297761619,210600,210000,丹东市,辽宁省,nationwide_score,0.761,0.0055447022383808,0.0072860739006319,True
210000,210700,210000,ridge_pmae,0.76735771467524,210700,210000,锦州市,辽宁省,nationwide_score,0.776,0.0086422853247595,0.0111369656246901,True
210000,210800,210000,ridge_pmae,0.78730037605425,210800,210000,营口市,辽宁省,nationwide_score,0.778,0.0093003760542496,0.0119542108666447,True
210000,210900,210000,ridge_pmae,0.760378118811339,210900,210000,阜新市,辽宁省,nationwide_score,0.753,0.0073781188113389,0.009798298554235,True
210000,211000,210000,ridge_pmae,0.782313732577828,211000,210000,辽阳市,辽宁省,nationwide_score,0.781,0.0013137325778282,0.0016821159767327,True
210000,211100,210000,ridge_pmae,0.823769228838768,211100,210000,盘锦市,辽宁省,nationwide_score,0.822,0.0017692288387685,0.0021523465191831,True
210000,211200,210000,ridge_pmae,0.735660118361374,211200,210000,铁岭市,辽宁省,nationwide_score,0.738,0.0023398816386258,0.0031705713260513,True
210000,211300,210000,ridge_pmae,0.743410416600207,211300,210000,朝阳市,辽宁省,nationwide_score,0.737,0.0064104166002073,0.0086979872458715,True
210000,211400,210000,ridge_pmae,0.755734172215899,211400,210000,葫芦岛市,辽宁省,nationwide_score,0.748,0.0077341722158986,0.010339802427672,True
210000,210100,210000,ridge_p5,0.837329505699728,210100,210000,沈阳市,辽宁省,nationwide_score,0.826,0.0113295056997277,0.0137161085953121,True
210000,210200,210000,ridge_p5,0.816768257675442,210200,210000,大连市,辽宁省,nationwide_score,0.835,0.0182317423245575,0.0218344219455779,True
210000,210300,210000,ridge_p5,0.799874146601774,210300,210000,鞍山市,辽宁省,nationwide_score,0.785,0.0148741466017743,0.0189479574544895,True
210000,210400,210000,ridge_p5,0.776934490857363,210400,210000,抚顺市,辽宁省,nationwide_score,0.761,0.0159344908573627,0.0209388841752467,True
210000,210500,210000,ridge_p5,0.782436495176304,210500,210000,本溪市,辽宁省,nationwide_score,0.798,0.0155635048236963,0.0195031388768125,True
210000,210600,210000,ridge_p5,0.770568857434154,210600,210000,丹东市,辽宁省,nationwide_score,0.761,0.0095688574341543,0.0125740570751042,True
210000,210700,210000,ridge_p5,0.758856594409195,210700,210000,锦州市,辽宁省,nationwide_score,0.776,0.0171434055908052,0.0220920175139243,True
210000,210800,210000,ridge_p5,0.780302685682984,210800,210000,营口市,辽宁省,nationwide_score,0.778,0.0023026856829839,0.0029597502351979,True
210000,210900,210000,ridge_p5,0.756378500053764,210900,210000,阜新市,辽宁省,nationwide_score,0.753,0.0033785000537637,0.0044867198589159,True
210000,211000,210000,ridge_p5,0.778711965215314,211000,210000,辽阳市,辽宁省,nationwide_score,0.781,0.0022880347846856,0.0029296220034387,True
210000,211100,210000,ridge_p5,0.81520892059323,211100,210000,盘锦市,辽宁省,nationwide_score,0.822,0.0067910794067701,0.0082616537795257,True
210000,211200,210000,ridge_p5,0.733897820085599,211200,210000,铁岭市,辽宁省,nationwide_score,0.738,0.0041021799144008,0.0055585093691068,True
210000,211300,210000,ridge_p5,0.730308024592587,211300,210000,朝阳市,辽宁省,nationwide_score,0.737,0.0066919754074123,0.0090800209055799,True
210000,211400,210000,ridge_p5,0.746786855100521,211400,210000,葫芦岛市,辽宁省,nationwide_score,0.748,0.0012131448994792,0.0016218514698919,True
210000,210100,210000,rf_pmae,0.827372841269841,210100,210000,沈阳市,辽宁省,nationwide_score,0.826,0.001372841269841,0.0016620354356429,True
210000,210200,210000,rf_pmae,0.804441972222222,210200,210000,大连市,辽宁省,nationwide_score,0.835,0.0305580277777777,0.0365964404524284,True
210000,210300,210000,rf_pmae,0.78761355952381,210300,210000,鞍山市,辽宁省,nationwide_score,0.785,0.0026135595238098,0.0033293751895666,True
210000,210400,210000,rf_pmae,0.769276119047619,210400,210000,抚顺市,辽宁省,nationwide_score,0.761,0.0082761190476189,0.0108753206933231,True
210000,210500,210000,rf_pmae,0.772869023809524,210500,210000,本溪市,辽宁省,nationwide_score,0.798,0.0251309761904763,0.0314924513665116,True
210000,210600,210000,rf_pmae,0.771305666666667,210600,210000,丹东市,辽宁省,nationwide_score,0.761,0.0103056666666667,0.0135422689443715,True
210000,210700,210000,rf_pmae,0.761545333333333,210700,210000,锦州市,辽宁省,nationwide_score,0.776,0.0144546666666671,0.0186271477663236,True
210000,210800,210000,rf_pmae,0.777865321428572,210800,210000,营口市,辽宁省,nationwide_score,0.778,0.0001346785714283,0.0001731087036354,True
210000,210900,210000,rf_pmae,0.76721769047619,210900,210000,阜新市,辽宁省,nationwide_score,0.753,0.0142176904761901,0.0188813950547013,True
210000,211000,210000,rf_pmae,0.774655523809524,211000,210000,辽阳市,辽宁省,nationwide_score,0.781,0.0063444761904759,0.0081235290531062,True
210000,211100,210000,rf_pmae,0.810695436507936,211100,210000,盘锦市,辽宁省,nationwide_score,0.822,0.0113045634920636,0.0137525103309776,True
210000,211200,210000,rf_pmae,0.744601142857142,211200,210000,铁岭市,辽宁省,nationwide_score,0.738,0.0066011428571425,0.0089446380178083,True
210000,211300,210000,rf_pmae,0.742730857142857,211300,210000,朝阳市,辽宁省,nationwide_score,0.737,0.0057308571428569,0.00777592556697,True
210000,211400,210000,rf_pmae,0.747705285714286,211400,210000,葫芦岛市,辽宁省,nationwide_score,0.748,0.0002947142857144,0.000394003055768,True
210000,210100,210000,rf_p5,0.826999227231102,210100,210000,沈阳市,辽宁省,nationwide_score,0.826,0.0009992272311023,0.0012097181974604,True
210000,210200,210000,rf_p5,0.799030831043956,210200,210000,大连市,辽宁省,nationwide_score,0.835,0.0359691689560439,0.0430768490491544,True
210000,210300,210000,rf_p5,0.784880479932349,210300,210000,鞍山市,辽宁省,nationwide_score,0.785,0.0001195200676514,0.0001522548632502,True
210000,210400,210000,rf_p5,0.767785064132462,210400,210000,抚顺市,辽宁省,nationwide_score,0.761,0.0067850641324621,0.0089159844053379,True
210000,210500,210000,rf_p5,0.771595905953524,210500,210000,本溪市,辽宁省,nationwide_score,0.798,0.0264040940464763,0.0330878371509728,True
210000,210600,210000,rf_p5,0.7687927700698,210600,210000,丹东市,辽宁省,nationwide_score,0.761,0.0077927700697998,0.0102401709195792,True
210000,210700,210000,rf_p5,0.759581368707273,210700,210000,锦州市,辽宁省,nationwide_score,0.776,0.0164186312927269,0.0211580300164006,True
210000,210800,210000,rf_p5,0.777504883997538,210800,210000,营口市,辽宁省,nationwide_score,0.778,0.0004951160024615,0.0006363958900534,True
210000,210900,210000,rf_p5,0.767315095043845,210900,210000,阜新市,辽宁省,nationwide_score,0.753,0.014315095043845,0.0190107503902325,True
210000,211000,210000,rf_p5,0.772661722409127,211000,210000,辽阳市,辽宁省,nationwide_score,0.781,0.0083382775908729,0.0106764117680831,True
210000,211100,210000,rf_p5,0.806092075285825,211100,210000,盘锦市,辽宁省,nationwide_score,0.822,0.0159079247141744,0.0193527064649324,True
210000,211200,210000,rf_p5,0.743014442935376,211200,210000,铁岭市,辽宁省,nationwide_score,0.738,0.0050144429353756,0.0067946381238152,True
210000,211300,210000,rf_p5,0.741394164200179,211300,210000,朝阳市,辽宁省,nationwide_score,0.737,0.0043941642001789,0.0059622309364707,True
210000,211400,210000,rf_p5,0.745989273281457,211400,210000,葫芦岛市,辽宁省,nationwide_score,0.748,0.0020107267185426,0.0026881373242548,True
210000,210100,210000,svr_pmae,0.849460208073528,210100,210000,沈阳市,辽宁省,nationwide_score,0.826,0.0234602080735284,0.0284021889510029,True
210000,210200,210000,svr_pmae,0.821158909871363,210200,210000,大连市,辽宁省,nationwide_score,0.835,0.0138410901286365,0.0165761558426785,True
210000,210300,210000,svr_pmae,0.799947634735546,210300,210000,鞍山市,辽宁省,nationwide_score,0.785,0.0149476347355459,0.0190415729115234,True
210000,210400,210000,svr_pmae,0.766230510275864,210400,210000,抚顺市,辽宁省,nationwide_score,0.761,0.0052305102758635,0.0068732066699914,True
210000,210500,210000,svr_pmae,0.770996803419371,210500,210000,本溪市,辽宁省,nationwide_score,0.798,0.0270031965806292,0.0338385922063022,True
210000,210600,210000,svr_pmae,0.76221451082854,210600,210000,丹东市,辽宁省,nationwide_score,0.761,0.0012145108285395,0.0015959406419704,True
210000,210700,210000,svr_pmae,0.754656520984707,210700,210000,锦州市,辽宁省,nationwide_score,0.776,0.0213434790152929,0.0275044832671301,True
210000,210800,210000,svr_pmae,0.780077698686978,210800,210000,营口市,辽宁省,nationwide_score,0.778,0.0020776986869783,0.0026705638650107,True
210000,210900,210000,svr_pmae,0.75349856185809,210900,210000,阜新市,辽宁省,nationwide_score,0.753,0.0004985618580901,0.0006621007411555,True
210000,211000,210000,svr_pmae,0.772724222975442,211000,210000,辽阳市,辽宁省,nationwide_score,0.781,0.0082757770245576,0.0105963854347728,True
210000,211100,210000,svr_pmae,0.811347708323318,211100,210000,盘锦市,辽宁省,nationwide_score,0.822,0.0106522916766818,0.0129589923073987,True
210000,211200,210000,svr_pmae,0.732860619522602,211200,210000,铁岭市,辽宁省,nationwide_score,0.738,0.0051393804773979,0.006963930186176,True
210000,211300,210000,svr_pmae,0.730811969791322,211300,210000,朝阳市,辽宁省,nationwide_score,0.737,0.0061880302086778,0.0083962418028193,True
210000,211400,210000,svr_pmae,0.745141332153228,211400,210000,葫芦岛市,辽宁省,nationwide_score,0.748,0.0028586678467721,0.0038217484582515,True
210000,210100,210000,svr_p5,0.844782665845609,210100,210000,沈阳市,辽宁省,nationwide_score,0.826,0.0187826658456092,0.022739304897832,True
210000,210200,210000,svr_p5,0.819218341995381,210200,210000,大连市,辽宁省,nationwide_score,0.835,0.015781658004619,0.0189001892270886,True
210000,210300,210000,svr_p5,0.799406980032317,210300,210000,鞍山市,辽宁省,nationwide_score,0.785,0.0144069800323166,0.0183528408054989,True
210000,210400,210000,svr_p5,0.766777077170475,210400,210000,抚顺市,辽宁省,nationwide_score,0.761,0.0057770771704751,0.0075914286077203,True
210000,210500,210000,svr_p5,0.772967954751556,210500,210000,本溪市,辽宁省,nationwide_score,0.798,0.0250320452484439,0.0313684777549422,True
210000,210600,210000,svr_p5,0.762010710359444,210600,210000,丹东市,辽宁省,nationwide_score,0.761,0.0010107103594441,0.0013281345064968,True
210000,210700,210000,svr_p5,0.754560675970643,210700,210000,锦州市,辽宁省,nationwide_score,0.776,0.0214393240293568,0.0276279948831918,True
210000,210800,210000,svr_p5,0.776793198861611,210800,210000,营口市,辽宁省,nationwide_score,0.778,0.0012068011383886,0.0015511582755638,True
210000,210900,210000,svr_p5,0.754641288842295,210900,210000,阜新市,辽宁省,nationwide_score,0.753,0.0016412888422947,0.0021796664572307,True
210000,211000,210000,svr_p5,0.774902130039172,211000,210000,辽阳市,辽宁省,nationwide_score,0.781,0.0060978699608281,0.0078077720369118,True
210000,211100,210000,svr_p5,0.813890244306027,211100,210000,盘锦市,辽宁省,nationwide_score,0.822,0.008109755693973,0.0098658828393833,True
210000,211200,210000,svr_p5,0.72811625045996,211200,210000,铁岭市,辽宁省,nationwide_score,0.738,0.0098837495400401,0.0133926145528998,True
210000,211300,210000,svr_p5,0.728279130204218,211300,210000,朝阳市,辽宁省,nationwide_score,0.737,0.0087208697957819,0.0118329305234489,True
210000,211400,210000,svr_p5,0.74412119760088,211400,210000,葫芦岛市,辽宁省,nationwide_score,0.748,0.0038788023991198,0.0051855647047056,True
220000,220100,220000,mean_train,0.770625,220100,220000,长春市,吉林省,nationwide_score,0.817,0.046375,0.0567625458996328,False
220000,220200,220000,mean_train,0.770625,220200,220000,吉林市,吉林省,nationwide_score,0.765,0.0056249999999998,0.0073529411764704,True
220000,220300,220000,mean_train,0.770625,220300,220000,四平市,吉林省,nationwide_score,0.737,0.033625,0.0456241519674355,True
220000,220400,220000,mean_train,0.770625,220400,220000,辽源市,吉林省,nationwide_score,0.762,0.0086249999999998,0.0113188976377951,True
220000,220500,220000,mean_train,0.770625,220500,220000,通化市,吉林省,nationwide_score,0.755,0.0156249999999998,0.0206953642384104,True
220000,220600,220000,mean_train,0.770625,220600,220000,白山市,吉林省,nationwide_score,0.772,0.0013750000000001,0.0017810880829017,True
220000,220700,220000,mean_train,0.770625,220700,220000,松原市,吉林省,nationwide_score,0.731,0.039625,0.0542065663474692,False
220000,220800,220000,mean_train,0.770625,220800,220000,白城市,吉林省,nationwide_score,0.73,0.040625,0.0556506849315068,False
220000,220100,220000,ridge_pmae,0.787134777283906,220100,220000,长春市,吉林省,nationwide_score,0.817,0.0298652227160935,0.0365547401665772,True
220000,220200,220000,ridge_pmae,0.775629211050764,220200,220000,吉林市,吉林省,nationwide_score,0.765,0.0106292110507639,0.0138943935304104,True
220000,220300,220000,ridge_pmae,0.74536132196371,220300,220000,四平市,吉林省,nationwide_score,0.737,0.0083613219637104,0.0113450772913302,True
220000,220400,220000,ridge_pmae,0.752504549834103,220400,220000,辽源市,吉林省,nationwide_score,0.762,0.0094954501658965,0.012461220690153,True
220000,220500,220000,ridge_pmae,0.772551994106952,220500,220000,通化市,吉林省,nationwide_score,0.755,0.0175519941069516,0.0232476743138432,True
220000,220600,220000,ridge_pmae,0.787136905726824,220600,220000,白山市,吉林省,nationwide_score,0.772,0.015136905726824,0.0196073908378549,True
220000,220700,220000,ridge_pmae,0.738515026031437,220700,220000,松原市,吉林省,nationwide_score,0.731,0.0075150260314368,0.0102804733672186,True
220000,220800,220000,ridge_pmae,0.745592248187442,220800,220000,白城市,吉林省,nationwide_score,0.73,0.0155922481874425,0.021359244092387,True
220000,220100,220000,ridge_p5,0.784727843642034,220100,220000,长春市,吉林省,nationwide_score,0.817,0.0322721563579662,0.0395008033757236,True
220000,220200,220000,ridge_p5,0.771323416297193,220200,220000,吉林市,吉林省,nationwide_score,0.765,0.0063234162971935,0.0082659036564621,True
220000,220300,220000,ridge_p5,0.739138760046513,220300,220000,四平市,吉林省,nationwide_score,0.737,0.0021387600465135,0.0029019810671826,True
220000,220400,220000,ridge_p5,0.749941981540999,220400,220000,辽源市,吉林省,nationwide_score,0.762,0.0120580184590012,0.0158241712060383,True
220000,220500,220000,ridge_p5,0.769417542486472,220500,220000,通化市,吉林省,nationwide_score,0.755,0.0144175424864723,0.0190960827635394,True
220000,220600,220000,ridge_p5,0.786496586449555,220600,220000,白山市,吉林省,nationwide_score,0.772,0.0144965864495548,0.0187779617222213,True
220000,220700,220000,ridge_p5,0.733916081894425,220700,220000,松原市,吉林省,nationwide_score,0.731,0.0029160818944253,0.0039891681182289,True
220000,220800,220000,ridge_p5,0.74104426995212,220800,220000,白城市,吉林省,nationwide_score,0.73,0.01104426995212,0.0151291369207123,True
220000,220100,220000,rf_pmae,0.780192952380953,220100,220000,长春市,吉林省,nationwide_score,0.817,0.0368070476190471,0.0450514658739867,True
220000,220200,220000,rf_pmae,0.760898071428572,220200,220000,吉林市,吉林省,nationwide_score,0.765,0.0041019285714282,0.0053619981325859,True
220000,220300,220000,rf_pmae,0.74260275,220300,220000,四平市,吉林省,nationwide_score,0.737,0.0056027499999997,0.0076021031207595,True
220000,220400,220000,rf_pmae,0.755983956349206,220400,220000,辽源市,吉林省,nationwide_score,0.762,0.0060160436507936,0.0078950704078657,True
220000,220500,220000,rf_pmae,0.774737047619048,220500,220000,通化市,吉林省,nationwide_score,0.755,0.0197370476190481,0.0261417849258915,True
220000,220600,220000,rf_pmae,0.780473702380952,220600,220000,白山市,吉林省,nationwide_score,0.772,0.0084737023809525,0.010976298420923,True
220000,220700,220000,rf_pmae,0.727378809523809,220700,220000,松原市,吉林省,nationwide_score,0.731,0.0036211904761906,0.0049537489414373,True
220000,220800,220000,rf_pmae,0.73550875,220800,220000,白城市,吉林省,nationwide_score,0.73,0.0055087499999997,0.0075462328767119,True
220000,220100,220000,rf_p5,0.773053156260879,220100,220000,长春市,吉林省,nationwide_score,0.817,0.043946843739121,0.0537905064126328,False
220000,220200,220000,rf_p5,0.77076141726703,220200,220000,吉林市,吉林省,nationwide_score,0.765,0.0057614172670296,0.0075312644013458,True
220000,220300,220000,rf_p5,0.742080216581621,220300,220000,四平市,吉林省,nationwide_score,0.737,0.0050802165816208,0.0068931025530811,True
220000,220400,220000,rf_p5,0.758495816396022,220400,220000,辽源市,吉林省,nationwide_score,0.762,0.0035041836039777,0.0045986661469524,True
220000,220500,220000,rf_p5,0.76802383340026,220500,220000,通化市,吉林省,nationwide_score,0.755,0.0130238334002599,0.0172501104639204,True
220000,220600,220000,rf_p5,0.775528939183366,220600,220000,白山市,吉林省,nationwide_score,0.772,0.0035289391833657,0.0045711647452923,True
220000,220700,220000,rf_p5,0.738478878960908,220700,220000,松原市,吉林省,nationwide_score,0.731,0.007478878960908,0.0102310245703256,True
220000,220800,220000,rf_p5,0.7401554953584,220800,220000,白城市,吉林省,nationwide_score,0.73,0.0101554953583997,0.0139116374772599,True
220000,220100,220000,svr_pmae,0.791058395449304,220100,220000,长春市,吉林省,nationwide_score,0.817,0.0259416045506962,0.0317522699518926,True
220000,220200,220000,svr_pmae,0.766019370627381,220200,220000,吉林市,吉林省,nationwide_score,0.765,0.0010193706273815,0.0013325106240281,True
220000,220300,220000,svr_pmae,0.737203171805481,220300,220000,四平市,吉林省,nationwide_score,0.737,0.0002031718054816,0.0002756740915626,True
220000,220400,220000,svr_pmae,0.749191824482671,220400,220000,辽源市,吉林省,nationwide_score,0.762,0.0128081755173293,0.0168086292878338,True
220000,220500,220000,svr_pmae,0.766737455755536,220500,220000,通化市,吉林省,nationwide_score,0.755,0.0117374557555357,0.0155462990139546,True
220000,220600,220000,svr_pmae,0.78194862493013,220600,220000,白山市,吉林省,nationwide_score,0.772,0.0099486249301294,0.0128868198576806,True
220000,220700,220000,svr_pmae,0.729416606265008,220700,220000,松原市,吉林省,nationwide_score,0.731,0.001583393734992,0.0021660653009467,True
220000,220800,220000,svr_pmae,0.738961495634789,220800,220000,白城市,吉林省,nationwide_score,0.73,0.0089614956347895,0.0122760214175199,True
220000,220100,220000,svr_p5,0.791563944473778,220100,220000,长春市,吉林省,nationwide_score,0.817,0.025436055526222,0.0311334828962326,True
220000,220200,220000,svr_p5,0.765335764083281,220200,220000,吉林市,吉林省,nationwide_score,0.765,0.0003357640832812,0.0004389072984069,True
220000,220300,220000,svr_p5,0.736668464743987,220300,220000,四平市,吉林省,nationwide_score,0.737,0.0003315352560127,0.0004498443093795,True
220000,220400,220000,svr_p5,0.74905021995702,220400,220000,辽源市,吉林省,nationwide_score,0.762,0.0129497800429798,0.0169944619986612,True
220000,220500,220000,svr_p5,0.766490774965594,220500,220000,通化市,吉林省,nationwide_score,0.755,0.011490774965594,0.015219569490853,True
220000,220600,220000,svr_p5,0.782324642302547,220600,220000,白山市,吉林省,nationwide_score,0.772,0.0103246423025473,0.013373888992937,True
220000,220700,220000,svr_p5,0.728293569520363,220700,220000,松原市,吉林省,nationwide_score,0.731,0.0027064304796369,0.003702367277205,True
220000,220800,220000,svr_p5,0.737258346331452,220800,220000,白城市,吉林省,nationwide_score,0.73,0.0072583463314522,0.0099429401800716,True
230000,230100,230000,mean_train,0.770175182481752,230100,230000,哈尔滨市,黑龙江省,nationwide_score,0.793,0.0228248175182483,0.0287828720280559,True
230000,230200,230000,mean_train,0.770175182481752,230200,230000,齐齐哈尔市,黑龙江省,nationwide_score,0.746,0.0241751824817516,0.0324064108334472,True
230000,230300,230000,mean_train,0.770175182481752,230300,230000,鸡西市,黑龙江省,nationwide_score,0.758,0.0121751824817516,0.016062246018142,True
230000,230600,230000,mean_train,0.770175182481752,230600,230000,大庆市,黑龙江省,nationwide_score,0.81,0.0398248175182484,0.0491664413805535,True
230000,230700,230000,mean_train,0.770175182481752,230700,230000,伊春市,黑龙江省,nationwide_score,0.774,0.0038248175182483,0.0049416247005792,True
230000,231100,230000,mean_train,0.770175182481752,231100,230000,黑河市,黑龙江省,nationwide_score,0.77,0.0001751824817516,0.0002275097165605,True
230000,230100,230000,ridge_pmae,0.798045284845949,230100,230000,哈尔滨市,黑龙江省,nationwide_score,0.793,0.0050452848459493,0.0063622759721933,True
230000,230200,230000,ridge_pmae,0.730294436124573,230200,230000,齐齐哈尔市,黑龙江省,nationwide_score,0.746,0.0157055638754265,0.0210530346855583,True
230000,230300,230000,ridge_pmae,0.792447884959322,230300,230000,鸡西市,黑龙江省,nationwide_score,0.758,0.0344478849593217,0.0454457585215326,True
230000,230600,230000,ridge_pmae,0.782888172411628,230600,230000,大庆市,黑龙江省,nationwide_score,0.81,0.0271118275883714,0.0334713920844092,True
230000,230700,230000,ridge_pmae,0.791363991306202,230700,230000,伊春市,黑龙江省,nationwide_score,0.774,0.0173639913062019,0.0224340972948345,True
230000,231100,230000,ridge_pmae,0.756659085910693,231100,230000,黑河市,黑龙江省,nationwide_score,0.77,0.0133409140893071,0.0173258624536456,True
230000,230100,230000,ridge_p5,0.798045284845949,230100,230000,哈尔滨市,黑龙江省,nationwide_score,0.793,0.0050452848459493,0.0063622759721933,True
230000,230200,230000,ridge_p5,0.730294436124573,230200,230000,齐齐哈尔市,黑龙江省,nationwide_score,0.746,0.0157055638754265,0.0210530346855583,True
230000,230300,230000,ridge_p5,0.792447884959322,230300,230000,鸡西市,黑龙江省,nationwide_score,0.758,0.0344478849593217,0.0454457585215326,True
230000,230600,230000,ridge_p5,0.782888172411628,230600,230000,大庆市,黑龙江省,nationwide_score,0.81,0.0271118275883714,0.0334713920844092,True
230000,230700,230000,ridge_p5,0.791363991306202,230700,230000,伊春市,黑龙江省,nationwide_score,0.774,0.0173639913062019,0.0224340972948345,True
230000,231100,230000,ridge_p5,0.756659085910693,231100,230000,黑河市,黑龙江省,nationwide_score,0.77,0.0133409140893071,0.0173258624536456,True
230000,230100,230000,rf_pmae,0.795017452380953,230100,230000,哈尔滨市,黑龙江省,nationwide_score,0.793,0.0020174523809529,0.0025440761424375,True
230000,230200,230000,rf_pmae,0.739172309523809,230200,230000,齐齐哈尔市,黑龙江省,nationwide_score,0.746,0.0068276904761906,0.0091524001021322,True
230000,230300,230000,rf_pmae,0.768658523809524,230300,230000,鸡西市,黑龙江省,nationwide_score,0.758,0.0106585238095237,0.0140613770574191,True
230000,230600,230000,rf_pmae,0.792342119047619,230600,230000,大庆市,黑龙江省,nationwide_score,0.81,0.0176578809523809,0.0217998530276308,True
230000,230700,230000,rf_pmae,0.801282238095238,230700,230000,伊春市,黑龙江省,nationwide_score,0.774,0.0272822380952381,0.0352483696320905,True
230000,231100,230000,rf_pmae,0.766455714285714,231100,230000,黑河市,黑龙江省,nationwide_score,0.77,0.0035442857142857,0.0046029684601113,True
230000,230100,230000,rf_p5,0.781037035714286,230100,230000,哈尔滨市,黑龙江省,nationwide_score,0.793,0.0119629642857141,0.0150857052783281,True
230000,230200,230000,rf_p5,0.738485345238095,230200,230000,齐齐哈尔市,黑龙江省,nationwide_score,0.746,0.0075146547619049,0.0100732637559047,True
230000,230300,230000,rf_p5,0.78133875,230300,230000,鸡西市,黑龙江省,nationwide_score,0.758,0.0233387500000004,0.0307899076517155,True
230000,230600,230000,rf_p5,0.78486325,230600,230000,大庆市,黑龙江省,nationwide_score,0.81,0.0251367499999999,0.0310330246913579,True
230000,230700,230000,rf_p5,0.799419345238095,230700,230000,伊春市,黑龙江省,nationwide_score,0.774,0.0254193452380951,0.0328415313153684,True
230000,231100,230000,rf_p5,0.771374583333334,231100,230000,黑河市,黑龙江省,nationwide_score,0.77,0.0013745833333335,0.0017851731601733,True
230000,230100,230000,svr_pmae,0.800496354167085,230100,230000,哈尔滨市,黑龙江省,nationwide_score,0.793,0.0074963541670851,0.009453157839956,True
230000,230200,230000,svr_pmae,0.735521469844812,230200,230000,齐齐哈尔市,黑龙江省,nationwide_score,0.746,0.0104785301551876,0.014046287071297,True
230000,230300,230000,svr_pmae,0.775939247704607,230300,230000,鸡西市,黑龙江省,nationwide_score,0.758,0.0179392477046073,0.0236665537000096,True
230000,230600,230000,svr_pmae,0.797835880304161,230600,230000,大庆市,黑龙江省,nationwide_score,0.81,0.0121641196958395,0.0150174317232586,True
230000,230700,230000,svr_pmae,0.775434432135367,230700,230000,伊春市,黑龙江省,nationwide_score,0.774,0.0014344321353669,0.0018532714927221,True
230000,231100,230000,svr_pmae,0.747884526022029,231100,230000,黑河市,黑龙江省,nationwide_score,0.77,0.0221154739779707,0.0287213947765853,True
230000,230100,230000,svr_p5,0.800496354167085,230100,230000,哈尔滨市,黑龙江省,nationwide_score,0.793,0.0074963541670851,0.009453157839956,True
230000,230200,230000,svr_p5,0.735521469844812,230200,230000,齐齐哈尔市,黑龙江省,nationwide_score,0.746,0.0104785301551876,0.014046287071297,True
230000,230300,230000,svr_p5,0.775939247704607,230300,230000,鸡西市,黑龙江省,nationwide_score,0.758,0.0179392477046073,0.0236665537000096,True
230000,230600,230000,svr_p5,0.797835880304161,230600,230000,大庆市,黑龙江省,nationwide_score,0.81,0.0121641196958395,0.0150174317232586,True
230000,230700,230000,svr_p5,0.775434432135367,230700,230000,伊春市,黑龙江省,nationwide_score,0.774,0.0014344321353669,0.0018532714927221,True
230000,231100,230000,svr_p5,0.747884526022029,231100,230000,黑河市,黑龙江省,nationwide_score,0.77,0.0221154739779707,0.0287213947765853,True
350000,350100,350000,mean_train,0.769140221402214,350100,350000,福州市,福建省,nationwide_score,0.827,0.0578597785977859,0.0699634565874073,False
350000,350200,350000,mean_train,0.769140221402214,350200,350000,厦门市,福建省,nationwide_score,0.845,0.0758597785977859,0.0897748859145395,False
350000,350300,350000,mean_train,0.769140221402214,350300,350000,莆田市,福建省,nationwide_score,0.795,0.025859778597786,0.0325280233934416,True
350000,350400,350000,mean_train,0.769140221402214,350400,350000,三明市,福建省,nationwide_score,0.809,0.0398597785977861,0.049270430899612,True
350000,350500,350000,mean_train,0.769140221402214,350500,350000,泉州市,福建省,nationwide_score,0.807,0.0378597785977861,0.0469142237890781,True
350000,350600,350000,mean_train,0.769140221402214,350600,350000,漳州市,福建省,nationwide_score,0.788,0.018859778597786,0.0239337291850077,True
350000,350700,350000,mean_train,0.769140221402214,350700,350000,南平市,福建省,nationwide_score,0.784,0.014859778597786,0.01895379923187,True
350000,350800,350000,mean_train,0.769140221402214,350800,350000,龙岩市,福建省,nationwide_score,0.802,0.0328597785977861,0.0409722925159427,True
350000,350900,350000,mean_train,0.769140221402214,350900,350000,宁德市,福建省,nationwide_score,0.785,0.015859778597786,0.0202035396150141,True
350000,350100,350000,ridge_pmae,0.828923081471366,350100,350000,福州市,福建省,nationwide_score,0.827,0.0019230814713661,0.002325370582063,True
350000,350200,350000,ridge_pmae,0.842341636212485,350200,350000,厦门市,福建省,nationwide_score,0.845,0.0026583637875148,0.0031459926479465,True
350000,350300,350000,ridge_pmae,0.803448923123428,350300,350000,莆田市,福建省,nationwide_score,0.795,0.0084489231234283,0.0106275762558847,True
350000,350400,350000,ridge_pmae,0.780737579174797,350400,350000,三明市,福建省,nationwide_score,0.809,0.0282624208252025,0.0349350072004976,True
350000,350500,350000,ridge_pmae,0.810992598427481,350500,350000,泉州市,福建省,nationwide_score,0.807,0.0039925984274812,0.0049474577787871,True
350000,350600,350000,ridge_pmae,0.786818755482847,350600,350000,漳州市,福建省,nationwide_score,0.788,0.0011812445171535,0.0014990412654232,True
350000,350700,350000,ridge_pmae,0.774706526670728,350700,350000,南平市,福建省,nationwide_score,0.784,0.0092934733292715,0.0118539200628463,True
350000,350800,350000,ridge_pmae,0.790913628307003,350800,350000,龙岩市,福建省,nationwide_score,0.802,0.0110863716929973,0.0138234061009941,True
350000,350900,350000,ridge_pmae,0.782650047984221,350900,350000,宁德市,福建省,nationwide_score,0.785,0.0023499520157788,0.0029935694468519,True
350000,350100,350000,ridge_p5,0.818768231082004,350100,350000,福州市,福建省,nationwide_score,0.827,0.0082317689179955,0.0099537713639608,True
350000,350200,350000,ridge_p5,0.840823400709407,350200,350000,厦门市,福建省,nationwide_score,0.845,0.0041765992905927,0.0049427210539559,True
350000,350300,350000,ridge_p5,0.806216368904196,350300,350000,莆田市,福建省,nationwide_score,0.795,0.0112163689041961,0.0141086401310643,True
350000,350400,350000,ridge_p5,0.78095053622401,350400,350000,三明市,福建省,nationwide_score,0.809,0.0280494637759902,0.0346717722818173,True
350000,350500,350000,ridge_p5,0.815262310007088,350500,350000,泉州市,福建省,nationwide_score,0.807,0.0082623100070884,0.0102383023631826,True
350000,350600,350000,ridge_p5,0.78645702655556,350600,350000,漳州市,福建省,nationwide_score,0.788,0.0015429734444402,0.0019580881274621,True
350000,350700,350000,ridge_p5,0.774913689906322,350700,350000,南平市,福建省,nationwide_score,0.784,0.0090863100936775,0.0115896812419356,True
350000,350800,350000,ridge_p5,0.797459814556974,350800,350000,龙岩市,福建省,nationwide_score,0.802,0.0045401854430259,0.0056610791060173,True
350000,350900,350000,ridge_p5,0.775118226373962,350900,350000,宁德市,福建省,nationwide_score,0.785,0.0098817736260377,0.0125882466573728,True
350000,350100,350000,rf_pmae,0.821205539682539,350100,350000,福州市,福建省,nationwide_score,0.827,0.0057944603174604,0.0070066025604116,True
350000,350200,350000,rf_pmae,0.841899928571428,350200,350000,厦门市,福建省,nationwide_score,0.845,0.0031000714285712,0.003668723584108,True
350000,350300,350000,rf_pmae,0.8131135,350300,350000,莆田市,福建省,nationwide_score,0.795,0.0181135000000001,0.0227842767295598,True
350000,350400,350000,rf_pmae,0.781782348484849,350400,350000,三明市,福建省,nationwide_score,0.809,0.0272176515151513,0.033643574184365,True
350000,350500,350000,rf_pmae,0.805607119047619,350500,350000,泉州市,福建省,nationwide_score,0.807,0.0013928809523807,0.0017259987018349,True
350000,350600,350000,rf_pmae,0.784514952380952,350600,350000,漳州市,福建省,nationwide_score,0.788,0.0034850476190475,0.0044226492627507,True
350000,350700,350000,rf_pmae,0.772970158730159,350700,350000,南平市,福建省,nationwide_score,0.784,0.011029841269841,0.014068675089083,True
350000,350800,350000,rf_pmae,0.799716738095238,350800,350000,龙岩市,福建省,nationwide_score,0.802,0.0022832619047618,0.0028469599809997,True
350000,350900,350000,rf_pmae,0.774874619047619,350900,350000,宁德市,福建省,nationwide_score,0.785,0.0101253809523806,0.0128985744616314,True
350000,350100,350000,rf_p5,0.825201900793651,350100,350000,福州市,福建省,nationwide_score,0.827,0.0017980992063492,0.0021742432966737,True
350000,350200,350000,rf_p5,0.850752305555556,350200,350000,厦门市,福建省,nationwide_score,0.845,0.0057523055555559,0.0068074621959241,True
350000,350300,350000,rf_p5,0.808718301587302,350300,350000,莆田市,福建省,nationwide_score,0.795,0.0137183015873015,0.017255725267046,True
350000,350400,350000,rf_p5,0.788324154761905,350400,350000,三明市,福建省,nationwide_score,0.809,0.0206758452380954,0.025557287068103,True
350000,350500,350000,rf_p5,0.804744261904762,350500,350000,泉州市,福建省,nationwide_score,0.807,0.0022557380952381,0.0027952144922405,True
350000,350600,350000,rf_p5,0.785590384920635,350600,350000,漳州市,福建省,nationwide_score,0.788,0.0024096150793649,0.0030578871565545,True
350000,350700,350000,rf_p5,0.776922607142857,350700,350000,南平市,福建省,nationwide_score,0.784,0.0070773928571428,0.0090272868075801,True
350000,350800,350000,rf_p5,0.797299801587301,350800,350000,龙岩市,福建省,nationwide_score,0.802,0.0047001984126986,0.0058605965245618,True
350000,350900,350000,rf_p5,0.775655718253968,350900,350000,宁德市,福建省,nationwide_score,0.785,0.0093442817460317,0.0119035436255181,True
350000,350100,350000,svr_pmae,0.823689125977518,350100,350000,福州市,福建省,nationwide_score,0.827,0.0033108740224823,0.0040034752387936,True
350000,350200,350000,svr_pmae,0.830511577346485,350200,350000,厦门市,福建省,nationwide_score,0.845,0.014488422653515,0.0171460623118521,True
350000,350300,350000,svr_pmae,0.803687004031267,350300,350000,莆田市,福建省,nationwide_score,0.795,0.0086870040312673,0.0109270490959337,True
350000,350400,350000,svr_pmae,0.780690150533585,350400,350000,三明市,福建省,nationwide_score,0.809,0.0283098494664145,0.0349936334566311,True
350000,350500,350000,svr_pmae,0.812397433474892,350500,350000,泉州市,福建省,nationwide_score,0.807,0.0053974334748919,0.0066882694856158,True
350000,350600,350000,svr_pmae,0.785349111621646,350600,350000,漳州市,福建省,nationwide_score,0.788,0.0026508883783534,0.0033640715461338,True
350000,350700,350000,svr_pmae,0.77203178981314,350700,350000,南平市,福建省,nationwide_score,0.784,0.0119682101868603,0.0152655742179341,True
350000,350800,350000,svr_pmae,0.791195913042826,350800,350000,龙岩市,福建省,nationwide_score,0.802,0.0108040869571741,0.0134714301211647,True
350000,350900,350000,svr_pmae,0.774911702640921,350900,350000,宁德市,福建省,nationwide_score,0.785,0.0100882973590784,0.0128513342153865,True
350000,350100,350000,svr_p5,0.815369453948791,350100,350000,福州市,福建省,nationwide_score,0.827,0.011630546051209,0.0140635381514015,True
350000,350200,350000,svr_p5,0.837444726697899,350200,350000,厦门市,福建省,nationwide_score,0.845,0.0075552733021003,0.0089411518368051,True
350000,350300,350000,svr_p5,0.810986328442961,350300,350000,莆田市,福建省,nationwide_score,0.795,0.0159863284429612,0.0201085892364292,True
350000,350400,350000,svr_p5,0.781650645038851,350400,350000,三明市,福建省,nationwide_score,0.809,0.0273493549611495,0.033806372016254,True
350000,350500,350000,svr_p5,0.806973235690198,350500,350000,泉州市,福建省,nationwide_score,0.807,2.67643098020853e-05,3.31651918241454e-05,True
350000,350600,350000,svr_p5,0.782976631705221,350600,350000,漳州市,福建省,nationwide_score,0.788,0.0050233682947791,0.0063748328613948,True
350000,350700,350000,svr_p5,0.775207424838394,350700,350000,南平市,福建省,nationwide_score,0.784,0.0087925751616055,0.0112150193387826,True
350000,350800,350000,svr_p5,0.797050055930387,350800,350000,龙岩市,福建省,nationwide_score,0.802,0.0049499440696132,0.0061720000867995,True
350000,350900,350000,svr_p5,0.774453419408619,350900,350000,宁德市,福建省,nationwide_score,0.785,0.010546580591381,0.0134351345113134,True
360000,360100,360000,mean_train,0.770509293680297,360100,360000,南昌市,江西省,nationwide_score,0.815,0.0444907063197025,0.0545898237051564,False
360000,360200,360000,mean_train,0.770509293680297,360200,360000,景德镇市,江西省,nationwide_score,0.76,0.0105092936802974,0.0138280180003913,True
360000,360300,360000,mean_train,0.770509293680297,360300,360000,萍乡市,江西省,nationwide_score,0.77,0.0005092936802973,0.0006614203640225,True
360000,360400,360000,mean_train,0.770509293680297,360400,360000,九江市,江西省,nationwide_score,0.763,0.0075092936802974,0.0098418003673622,True
360000,360500,360000,mean_train,0.770509293680297,360500,360000,新余市,江西省,nationwide_score,0.794,0.0234907063197026,0.0295852724429504,True
360000,360600,360000,mean_train,0.770509293680297,360600,360000,鹰潭市,江西省,nationwide_score,0.784,0.0134907063197026,0.0172075335710492,True
360000,360700,360000,mean_train,0.770509293680297,360700,360000,赣州市,江西省,nationwide_score,0.744,0.0265092936802975,0.0356307710756687,True
360000,360800,360000,mean_train,0.770509293680297,360800,360000,吉安市,江西省,nationwide_score,0.75,0.0205092936802974,0.0273457249070632,True
360000,360900,360000,mean_train,0.770509293680297,360900,360000,宜春市,江西省,nationwide_score,0.749,0.0215092936802974,0.0287173480377802,True
360000,361000,360000,mean_train,0.770509293680297,361000,360000,抚州市,江西省,nationwide_score,0.742,0.0285092936802975,0.0384222286796462,True
360000,361100,360000,mean_train,0.770509293680297,361100,360000,上饶市,江西省,nationwide_score,0.741,0.0295092936802975,0.0398236082055297,True
360000,360100,360000,ridge_pmae,0.81881818949548,360100,360000,南昌市,江西省,nationwide_score,0.815,0.0038181894954797,0.0046848950864782,True
360000,360200,360000,ridge_pmae,0.78567069182597,360200,360000,景德镇市,江西省,nationwide_score,0.76,0.0256706918259699,0.0337772260868025,True
360000,360300,360000,ridge_pmae,0.778205950531284,360300,360000,萍乡市,江西省,nationwide_score,0.77,0.0082059505312839,0.010657078612057,True
360000,360400,360000,ridge_pmae,0.779331627504359,360400,360000,九江市,江西省,nationwide_score,0.763,0.0163316275043594,0.0214044921420176,True
360000,360500,360000,ridge_pmae,0.802536652886973,360500,360000,新余市,江西省,nationwide_score,0.794,0.0085366528869724,0.0107514519987058,True
360000,360600,360000,ridge_pmae,0.777611208305931,360600,360000,鹰潭市,江西省,nationwide_score,0.784,0.0063887916940686,0.0081489689975366,True
360000,360700,360000,ridge_pmae,0.762603346666112,360700,360000,赣州市,江西省,nationwide_score,0.744,0.018603346666112,0.0250044982071398,True
360000,360800,360000,ridge_pmae,0.75256463348093,360800,360000,吉安市,江西省,nationwide_score,0.75,0.0025646334809298,0.0034195113079064,True
360000,360900,360000,ridge_pmae,0.759266614128537,360900,360000,宜春市,江西省,nationwide_score,0.749,0.0102666141285368,0.0137070949646686,True
360000,361000,360000,ridge_pmae,0.746928221445518,361000,360000,抚州市,江西省,nationwide_score,0.742,0.0049282214455179,0.0066418078780565,True
360000,361100,360000,ridge_pmae,0.754570126360701,361100,360000,上饶市,江西省,nationwide_score,0.741,0.0135701263607012,0.0183132609456156,True
360000,360100,360000,ridge_p5,0.81881818949548,360100,360000,南昌市,江西省,nationwide_score,0.815,0.0038181894954797,0.0046848950864782,True
360000,360200,360000,ridge_p5,0.78567069182597,360200,360000,景德镇市,江西省,nationwide_score,0.76,0.0256706918259699,0.0337772260868025,True
360000,360300,360000,ridge_p5,0.778205950531284,360300,360000,萍乡市,江西省,nationwide_score,0.77,0.0082059505312839,0.010657078612057,True
360000,360400,360000,ridge_p5,0.779331627504359,360400,360000,九江市,江西省,nationwide_score,0.763,0.0163316275043594,0.0214044921420176,True
360000,360500,360000,ridge_p5,0.802536652886973,360500,360000,新余市,江西省,nationwide_score,0.794,0.0085366528869724,0.0107514519987058,True
360000,360600,360000,ridge_p5,0.777611208305931,360600,360000,鹰潭市,江西省,nationwide_score,0.784,0.0063887916940686,0.0081489689975366,True
360000,360700,360000,ridge_p5,0.762603346666112,360700,360000,赣州市,江西省,nationwide_score,0.744,0.018603346666112,0.0250044982071398,True
360000,360800,360000,ridge_p5,0.75256463348093,360800,360000,吉安市,江西省,nationwide_score,0.75,0.0025646334809298,0.0034195113079064,True
360000,360900,360000,ridge_p5,0.759266614128537,360900,360000,宜春市,江西省,nationwide_score,0.749,0.0102666141285368,0.0137070949646686,True
360000,361000,360000,ridge_p5,0.746928221445518,361000,360000,抚州市,江西省,nationwide_score,0.742,0.0049282214455179,0.0066418078780565,True
360000,361100,360000,ridge_p5,0.754570126360701,361100,360000,上饶市,江西省,nationwide_score,0.741,0.0135701263607012,0.0183132609456156,True
360000,360100,360000,rf_pmae,0.819493761904762,360100,360000,南昌市,江西省,nationwide_score,0.815,0.0044937619047618,0.0055138182880512,True
360000,360200,360000,rf_pmae,0.794112619047619,360200,360000,景德镇市,江西省,nationwide_score,0.76,0.0341126190476193,0.0448850250626569,True
360000,360300,360000,rf_pmae,0.776336607142857,360300,360000,萍乡市,江西省,nationwide_score,0.77,0.0063366071428572,0.0082293599257885,True
360000,360400,360000,rf_pmae,0.781258654761905,360400,360000,九江市,江西省,nationwide_score,0.763,0.0182586547619049,0.023930084877988,True
360000,360500,360000,rf_pmae,0.798969071428572,360500,360000,新余市,江西省,nationwide_score,0.794,0.0049690714285715,0.0062582763584023,True
360000,360600,360000,rf_pmae,0.787710166666667,360600,360000,鹰潭市,江西省,nationwide_score,0.784,0.0037101666666667,0.004732355442177,True
360000,360700,360000,rf_pmae,0.756925119047619,360700,360000,赣州市,江西省,nationwide_score,0.744,0.0129251190476192,0.0173724718381979,True
360000,360800,360000,rf_pmae,0.755926523809524,360800,360000,吉安市,江西省,nationwide_score,0.75,0.0059265238095238,0.0079020317460318,True
360000,360900,360000,rf_pmae,0.758897432539683,360900,360000,宜春市,江西省,nationwide_score,0.749,0.0098974325396827,0.0132141956471065,True
360000,361000,360000,rf_pmae,0.759527214285715,361000,360000,抚州市,江西省,nationwide_score,0.742,0.0175272142857147,0.0236215825953029,True
360000,361100,360000,rf_pmae,0.755555285714286,361100,360000,上饶市,江西省,nationwide_score,0.741,0.0145552857142861,0.0196427607480244,True
360000,360100,360000,rf_p5,0.825348674603175,360100,360000,南昌市,江西省,nationwide_score,0.815,0.0103486746031752,0.0126977602492947,True
360000,360200,360000,rf_p5,0.790795023809524,360200,360000,景德镇市,江西省,nationwide_score,0.76,0.0307950238095238,0.040519768170426,True
360000,360300,360000,rf_p5,0.774517630952381,360300,360000,萍乡市,江西省,nationwide_score,0.77,0.004517630952381,0.0058670531849103,True
360000,360400,360000,rf_p5,0.780748867965368,360400,360000,九江市,江西省,nationwide_score,0.763,0.0177488679653683,0.0232619501512035,True
360000,360500,360000,rf_p5,0.800333595238095,360500,360000,新余市,江西省,nationwide_score,0.794,0.0063335952380949,0.007976820199112,True
360000,360600,360000,rf_p5,0.785863,360600,360000,鹰潭市,江西省,nationwide_score,0.784,0.0018630000000001,0.0023762755102042,True
360000,360700,360000,rf_p5,0.753063952380952,360700,360000,赣州市,江西省,nationwide_score,0.744,0.0090639523809523,0.0121827316948284,True
360000,360800,360000,rf_p5,0.7519285,360800,360000,吉安市,江西省,nationwide_score,0.75,0.0019284999999997,0.002571333333333,True
360000,360900,360000,rf_p5,0.755330936507936,360900,360000,宜春市,江西省,nationwide_score,0.749,0.0063309365079363,0.0084525187021847,True
360000,361000,360000,rf_p5,0.753617928571429,361000,360000,抚州市,江西省,nationwide_score,0.742,0.0116179285714287,0.0156575856757799,True
360000,361100,360000,rf_p5,0.751667285714285,361100,360000,上饶市,江西省,nationwide_score,0.741,0.0106672857142853,0.0143957971852703,True
360000,360100,360000,svr_pmae,0.819116620608288,360100,360000,南昌市,江西省,nationwide_score,0.815,0.0041166206082876,0.0050510682310278,True
360000,360200,360000,svr_pmae,0.786792242464035,360200,360000,景德镇市,江西省,nationwide_score,0.76,0.0267922424640347,0.035252950610572,True
360000,360300,360000,svr_pmae,0.779082564487104,360300,360000,萍乡市,江西省,nationwide_score,0.77,0.0090825644871038,0.01179553829494,True
360000,360400,360000,svr_pmae,0.776774601913709,360400,360000,九江市,江西省,nationwide_score,0.763,0.013774601913709,0.0180532135173119,True
360000,360500,360000,svr_pmae,0.800879642400792,360500,360000,新余市,江西省,nationwide_score,0.794,0.0068796424007917,0.0086645370287049,True
360000,360600,360000,svr_pmae,0.784540075861716,360600,360000,鹰潭市,江西省,nationwide_score,0.784,0.0005400758617157,0.0006888722725966,True
360000,360700,360000,svr_pmae,0.75224645241257,360700,360000,赣州市,江西省,nationwide_score,0.744,0.0082464524125699,0.0110839414147445,True
360000,360800,360000,svr_pmae,0.757496132310522,360800,360000,吉安市,江西省,nationwide_score,0.75,0.0074961323105223,0.0099948430806964,True
360000,360900,360000,svr_pmae,0.758729044192999,360900,360000,宜春市,江西省,nationwide_score,0.749,0.009729044192999,0.0129893780947917,True
360000,361000,360000,svr_pmae,0.753945399746375,361000,360000,抚州市,江西省,nationwide_score,0.742,0.0119453997463746,0.0160989214910709,True
360000,361100,360000,svr_pmae,0.754685999564292,361100,360000,上饶市,江西省,nationwide_score,0.741,0.0136859995642926,0.0184696350395311,True
360000,360100,360000,svr_p5,0.819116620608288,360100,360000,南昌市,江西省,nationwide_score,0.815,0.0041166206082876,0.0050510682310278,True
360000,360200,360000,svr_p5,0.786792242464035,360200,360000,景德镇市,江西省,nationwide_score,0.76,0.0267922424640347,0.035252950610572,True
360000,360300,360000,svr_p5,0.779082564487104,360300,360000,萍乡市,江西省,nationwide_score,0.77,0.0090825644871038,0.01179553829494,True
360000,360400,360000,svr_p5,0.776774601913709,360400,360000,九江市,江西省,nationwide_score,0.763,0.013774601913709,0.0180532135173119,True
360000,360500,360000,svr_p5,0.800879642400792,360500,360000,新余市,江西省,nationwide_score,0.794,0.0068796424007917,0.0086645370287049,True
360000,360600,360000,svr_p5,0.784540075861716,360600,360000,鹰潭市,江西省,nationwide_score,0.784,0.0005400758617157,0.0006888722725966,True
360000,360700,360000,svr_p5,0.75224645241257,360700,360000,赣州市,江西省,nationwide_score,0.744,0.0082464524125699,0.0110839414147445,True
360000,360800,360000,svr_p5,0.757496132310522,360800,360000,吉安市,江西省,nationwide_score,0.75,0.0074961323105223,0.0099948430806964,True
360000,360900,360000,svr_p5,0.758729044192999,360900,360000,宜春市,江西省,nationwide_score,0.749,0.009729044192999,0.0129893780947917,True
360000,361000,360000,svr_p5,0.753945399746375,361000,360000,抚州市,江西省,nationwide_score,0.742,0.0119453997463746,0.0160989214910709,True
360000,361100,360000,svr_p5,0.754685999564292,361100,360000,上饶市,江西省,nationwide_score,0.741,0.0136859995642926,0.0184696350395311,True
370000,370100,370000,mean_train,0.769094696969697,370100,370000,济南市,山东省,nationwide_score,0.83,0.0609053030303029,0.0733798831690397,False
370000,370200,370000,mean_train,0.769094696969697,370200,370000,青岛市,山东省,nationwide_score,0.844,0.0749053030303029,0.0887503590406433,False
370000,370300,370000,mean_train,0.769094696969697,370300,370000,淄博市,山东省,nationwide_score,0.806,0.0369053030303031,0.045788217159185,True
370000,370400,370000,mean_train,0.769094696969697,370400,370000,枣庄市,山东省,nationwide_score,0.75,0.0190946969696969,0.0254595959595958,True
370000,370500,370000,mean_train,0.769094696969697,370500,370000,东营市,山东省,nationwide_score,0.845,0.0759053030303029,0.089828760982607,False
370000,370600,370000,mean_train,0.769094696969697,370600,370000,烟台市,山东省,nationwide_score,0.829,0.0599053030303029,0.0722621266951784,False
370000,370700,370000,mean_train,0.769094696969697,370700,370000,潍坊市,山东省,nationwide_score,0.788,0.0189053030303031,0.0239915013074912,True
370000,370800,370000,mean_train,0.769094696969697,370800,370000,济宁市,山东省,nationwide_score,0.773,0.0039053030303031,0.0050521384609354,True
370000,370900,370000,mean_train,0.769094696969697,370900,370000,泰安市,山东省,nationwide_score,0.77,0.0009053030303031,0.0011757182211728,True
370000,371000,370000,mean_train,0.769094696969697,371000,370000,威海市,山东省,nationwide_score,0.833,0.0639053030303029,0.0767170504565461,False
370000,371100,370000,mean_train,0.769094696969697,371100,370000,日照市,山东省,nationwide_score,0.785,0.0159053030303031,0.0202615325226791,True
370000,371300,370000,mean_train,0.769094696969697,371300,370000,临沂市,山东省,nationwide_score,0.747,0.0220946969696969,0.0295779075899556,True
370000,371400,370000,mean_train,0.769094696969697,371400,370000,德州市,山东省,nationwide_score,0.765,0.0040946969696968,0.0053525450584273,True
370000,371500,370000,mean_train,0.769094696969697,371500,370000,聊城市,山东省,nationwide_score,0.751,0.0180946969696969,0.0240941371101157,True
370000,371600,370000,mean_train,0.769094696969697,371600,370000,滨州市,山东省,nationwide_score,0.774,0.0049053030303031,0.0063376008143451,True
370000,371700,370000,mean_train,0.769094696969697,371700,370000,菏泽市,山东省,nationwide_score,0.748,0.0210946969696969,0.0282014665370279,True
370000,370100,370000,ridge_pmae,0.815751572566481,370100,370000,济南市,山东省,nationwide_score,0.83,0.0142484274335183,0.0171667800403836,True
370000,370200,370000,ridge_pmae,0.825297690914664,370200,370000,青岛市,山东省,nationwide_score,0.844,0.0187023090853362,0.0221591339873651,True
370000,370300,370000,ridge_pmae,0.799014074202201,370300,370000,淄博市,山东省,nationwide_score,0.806,0.0069859257977989,0.0086674017342419,True
370000,370400,370000,ridge_pmae,0.776408188075971,370400,370000,枣庄市,山东省,nationwide_score,0.75,0.0264081880759714,0.0352109174346285,True
370000,370500,370000,ridge_pmae,0.802367229996372,370500,370000,东营市,山东省,nationwide_score,0.845,0.0426327700036274,0.0504529822528135,False
370000,370600,370000,ridge_pmae,0.804150682084602,370600,370000,烟台市,山东省,nationwide_score,0.829,0.0248493179153977,0.0299750517676692,True
370000,370700,370000,ridge_pmae,0.786056832348417,370700,370000,潍坊市,山东省,nationwide_score,0.788,0.0019431676515829,0.002465948796425,True
370000,370800,370000,ridge_pmae,0.774517799638404,370800,370000,济宁市,山东省,nationwide_score,0.773,0.0015177996384034,0.001963518290302,True
370000,370900,370000,ridge_pmae,0.769840010446215,370900,370000,泰安市,山东省,nationwide_score,0.77,0.0001599895537851,0.0002077786412794,True
370000,371000,370000,ridge_pmae,0.81043624861055,371000,370000,威海市,山东省,nationwide_score,0.833,0.0225637513894499,0.0270873366019807,True
370000,371100,370000,ridge_pmae,0.774247437655328,371100,370000,日照市,山东省,nationwide_score,0.785,0.0107525623446715,0.0136975316492631,True
370000,371300,370000,ridge_pmae,0.762902777853782,371300,370000,临沂市,山东省,nationwide_score,0.747,0.015902777853782,0.0212888592420107,True
370000,371400,370000,ridge_pmae,0.754552501831497,371400,370000,德州市,山东省,nationwide_score,0.765,0.0104474981685029,0.0136568603509842,True
370000,371500,370000,ridge_pmae,0.740457378213211,371500,370000,聊城市,山东省,nationwide_score,0.751,0.0105426217867888,0.0140381115669625,True
370000,371600,370000,ridge_pmae,0.766589294931367,371600,370000,滨州市,山东省,nationwide_score,0.774,0.0074107050686328,0.0095745543522388,True
370000,371700,370000,ridge_pmae,0.741077025617979,371700,370000,菏泽市,山东省,nationwide_score,0.748,0.0069229743820207,0.0092553133449474,True
370000,370100,370000,ridge_p5,0.814943219350677,370100,370000,济南市,山东省,nationwide_score,0.83,0.015056780649323,0.0181406995774976,True
370000,370200,370000,ridge_p5,0.82746932868802,370200,370000,青岛市,山东省,nationwide_score,0.844,0.0165306713119792,0.0195861034502124,True
370000,370300,370000,ridge_p5,0.798340388669331,370300,370000,淄博市,山东省,nationwide_score,0.806,0.007659611330669,0.0095032398643536,True
370000,370400,370000,ridge_p5,0.773978777371847,370400,370000,枣庄市,山东省,nationwide_score,0.75,0.0239787773718472,0.031971703162463,True
370000,370500,370000,ridge_p5,0.801040536157118,370500,370000,东营市,山东省,nationwide_score,0.845,0.0439594638428817,0.0520230341335878,False
370000,370600,370000,ridge_p5,0.808835161302217,370600,370000,烟台市,山东省,nationwide_score,0.829,0.0201648386977827,0.0243242927596896,True
370000,370700,370000,ridge_p5,0.785745078325883,370700,370000,潍坊市,山东省,nationwide_score,0.788,0.0022549216741172,0.0028615757285751,True
370000,370800,370000,ridge_p5,0.771816161747948,370800,370000,济宁市,山东省,nationwide_score,0.773,0.001183838252052,0.0015314854489677,True
370000,370900,370000,ridge_p5,0.76656353110984,370900,370000,泰安市,山东省,nationwide_score,0.77,0.0034364688901598,0.0044629466105971,True
370000,371000,370000,ridge_p5,0.816420150059322,371000,370000,威海市,山东省,nationwide_score,0.833,0.0165798499406777,0.0199037814413898,True
370000,371100,370000,ridge_p5,0.771096182717987,371100,370000,日照市,山东省,nationwide_score,0.785,0.0139038172820126,0.0177118691490606,True
370000,371300,370000,ridge_p5,0.762731928406675,371300,370000,临沂市,山东省,nationwide_score,0.747,0.0157319284066753,0.0210601451227247,True
370000,371400,370000,ridge_p5,0.751593988774694,371400,370000,德州市,山东省,nationwide_score,0.765,0.0134060112253063,0.017524197680139,True
370000,371500,370000,ridge_p5,0.737356319061741,371500,370000,聊城市,山东省,nationwide_score,0.751,0.0136436809382585,0.0181673514490792,True
370000,371600,370000,ridge_p5,0.761101497992117,371600,370000,滨州市,山东省,nationwide_score,0.774,0.0128985020078824,0.0166647312763339,True
370000,371700,370000,ridge_p5,0.737919124097225,371700,370000,菏泽市,山东省,nationwide_score,0.748,0.0100808759027749,0.0134771068218916,True
370000,370100,370000,rf_pmae,0.815292695875203,370100,370000,济南市,山东省,nationwide_score,0.83,0.0147073041247967,0.0177196435238514,True
370000,370200,370000,rf_pmae,0.81435083744197,370200,370000,青岛市,山东省,nationwide_score,0.844,0.0296491625580299,0.0351293395237321,True
370000,370300,370000,rf_pmae,0.805859806716976,370300,370000,淄博市,山东省,nationwide_score,0.806,0.0001401932830241,0.0001739370757123,True
370000,370400,370000,rf_pmae,0.775868638764014,370400,370000,枣庄市,山东省,nationwide_score,0.75,0.0258686387640136,0.0344915183520182,True
370000,370500,370000,rf_pmae,0.795803069971695,370500,370000,东营市,山东省,nationwide_score,0.845,0.0491969300283049,0.0582212189684082,False
370000,370600,370000,rf_pmae,0.803320092609188,370600,370000,烟台市,山东省,nationwide_score,0.829,0.0256799073908117,0.0309769691083374,True
370000,370700,370000,rf_pmae,0.787891091569378,370700,370000,潍坊市,山东省,nationwide_score,0.788,0.0001089084306217,0.0001382086683016,True
370000,370800,370000,rf_pmae,0.778560460442335,370800,370000,济宁市,山东省,nationwide_score,0.773,0.0055604604423351,0.0071933511543792,True
370000,370900,370000,rf_pmae,0.773138141460664,370900,370000,泰安市,山东省,nationwide_score,0.77,0.0031381414606636,0.0040755083904722,True
370000,371000,370000,rf_pmae,0.802631395015116,371000,370000,威海市,山东省,nationwide_score,0.833,0.0303686049848842,0.0364569087453592,True
370000,371100,370000,rf_pmae,0.773283603165625,371100,370000,日照市,山东省,nationwide_score,0.785,0.0117163968343746,0.0149253462858275,True
370000,371300,370000,rf_pmae,0.769455591464091,371300,370000,临沂市,山东省,nationwide_score,0.747,0.0224555914640913,0.0300610327497876,True
370000,371400,370000,rf_pmae,0.749487438644688,371400,370000,德州市,山东省,nationwide_score,0.765,0.0155125613553116,0.0202778579807995,True
370000,371500,370000,rf_pmae,0.746390728128897,371500,370000,聊城市,山东省,nationwide_score,0.751,0.004609271871103,0.0061375124781665,True
370000,371600,370000,rf_pmae,0.765140445753593,371600,370000,滨州市,山东省,nationwide_score,0.774,0.0088595542464072,0.011446452514738,True
370000,371700,370000,rf_pmae,0.744317103257037,371700,370000,菏泽市,山东省,nationwide_score,0.748,0.0036828967429631,0.0049236587472769,True
370000,370100,370000,rf_p5,0.815914429900165,370100,370000,济南市,山东省,nationwide_score,0.83,0.0140855700998345,0.0169705663853428,True
370000,370200,370000,rf_p5,0.817805151151137,370200,370000,青岛市,山东省,nationwide_score,0.844,0.0261948488488631,0.0310365507687951,True
370000,370300,370000,rf_p5,0.79935797394934,370300,370000,淄博市,山东省,nationwide_score,0.806,0.0066420260506603,0.0082407271100004,True
370000,370400,370000,rf_p5,0.776481580948893,370400,370000,枣庄市,山东省,nationwide_score,0.75,0.0264815809488926,0.0353087745985235,True
370000,370500,370000,rf_p5,0.794510364433769,370500,370000,东营市,山东省,nationwide_score,0.845,0.0504896355662306,0.0597510480073735,False
370000,370600,370000,rf_p5,0.810992177005185,370600,370000,烟台市,山东省,nationwide_score,0.829,0.0180078229948151,0.0217223437814417,True
370000,370700,370000,rf_p5,0.786088088833337,370700,370000,潍坊市,山东省,nationwide_score,0.788,0.0019119111666627,0.0024262832064248,True
370000,370800,370000,rf_p5,0.779434225380742,370800,370000,济宁市,山东省,nationwide_score,0.773,0.0064342253807421,0.0083237068314904,True
370000,370900,370000,rf_p5,0.778758588433411,370900,370000,泰安市,山东省,nationwide_score,0.77,0.0087585884334104,0.0113747901732603,True
370000,371000,370000,rf_p5,0.806631977980353,371000,370000,威海市,山东省,nationwide_score,0.833,0.0263680220196467,0.0316542881388316,True
370000,371100,370000,rf_p5,0.777672001823469,371100,370000,日照市,山东省,nationwide_score,0.785,0.007327998176531,0.0093350295242434,True
370000,371300,370000,rf_p5,0.769342466637637,371300,370000,临沂市,山东省,nationwide_score,0.747,0.0223424666376366,0.0299095938924184,True
370000,371400,370000,rf_p5,0.74940187252389,371400,370000,德州市,山东省,nationwide_score,0.765,0.0155981274761098,0.0203897091190978,True
370000,371500,370000,rf_p5,0.747017991685602,371500,370000,聊城市,山东省,nationwide_score,0.751,0.0039820083143979,0.0053022747195712,True
370000,371600,370000,rf_p5,0.768870131484056,371600,370000,滨州市,山东省,nationwide_score,0.774,0.0051298685159439,0.0066277371007028,True
370000,371700,370000,rf_p5,0.746087034309645,371700,370000,菏泽市,山东省,nationwide_score,0.748,0.0019129656903554,0.0025574407625073,True
370000,370100,370000,svr_pmae,0.824522716233624,370100,370000,济南市,山东省,nationwide_score,0.83,0.005477283766376,0.0065991370679229,True
370000,370200,370000,svr_pmae,0.838046210283014,370200,370000,青岛市,山东省,nationwide_score,0.844,0.0059537897169859,0.0070542532191776,True
370000,370300,370000,svr_pmae,0.800044921543267,370300,370000,淄博市,山东省,nationwide_score,0.806,0.0059550784567328,0.0073884348098422,True
370000,370400,370000,svr_pmae,0.771218290829119,370400,370000,枣庄市,山东省,nationwide_score,0.75,0.0212182908291188,0.0282910544388251,True
370000,370500,370000,svr_pmae,0.79755120459601,370500,370000,东营市,山东省,nationwide_score,0.845,0.0474487954039899,0.0561524205964378,False
370000,370600,370000,svr_pmae,0.816615140305896,370600,370000,烟台市,山东省,nationwide_score,0.829,0.0123848596941034,0.0149395171219582,True
370000,370700,370000,svr_pmae,0.785480482167772,370700,370000,潍坊市,山东省,nationwide_score,0.788,0.0025195178322278,0.0031973576551114,True
370000,370800,370000,svr_pmae,0.775128707604903,370800,370000,济宁市,山东省,nationwide_score,0.773,0.0021287076049025,0.0027538261382957,True
370000,370900,370000,svr_pmae,0.773929063908618,370900,370000,泰安市,山东省,nationwide_score,0.77,0.0039290639086181,0.0051026804008027,True
370000,371000,370000,svr_pmae,0.816414203927468,371000,370000,威海市,山东省,nationwide_score,0.833,0.0165857960725321,0.0199109196549005,True
370000,371100,370000,svr_pmae,0.771814317509921,371100,370000,日照市,山东省,nationwide_score,0.785,0.0131856824900785,0.0167970477580618,True
370000,371300,370000,svr_pmae,0.761148636352043,371300,370000,临沂市,山东省,nationwide_score,0.747,0.0141486363520434,0.0189406109130434,True
370000,371400,370000,svr_pmae,0.754452110242063,371400,370000,德州市,山东省,nationwide_score,0.765,0.0105478897579366,0.0137880911868452,True
370000,371500,370000,svr_pmae,0.741083349006784,371500,370000,聊城市,山东省,nationwide_score,0.751,0.0099166509932163,0.0132045951973586,True
370000,371600,370000,svr_pmae,0.764004970672306,371600,370000,滨州市,山东省,nationwide_score,0.774,0.0099950293276944,0.0129134745835845,True
370000,371700,370000,svr_pmae,0.746000960801805,371700,370000,菏泽市,山东省,nationwide_score,0.748,0.0019990391981944,0.0026725122970513,True
370000,370100,370000,svr_p5,0.824522716233624,370100,370000,济南市,山东省,nationwide_score,0.83,0.005477283766376,0.0065991370679229,True
370000,370200,370000,svr_p5,0.838046210283014,370200,370000,青岛市,山东省,nationwide_score,0.844,0.0059537897169859,0.0070542532191776,True
370000,370300,370000,svr_p5,0.800044921543267,370300,370000,淄博市,山东省,nationwide_score,0.806,0.0059550784567328,0.0073884348098422,True
370000,370400,370000,svr_p5,0.771218290829119,370400,370000,枣庄市,山东省,nationwide_score,0.75,0.0212182908291188,0.0282910544388251,True
370000,370500,370000,svr_p5,0.79755120459601,370500,370000,东营市,山东省,nationwide_score,0.845,0.0474487954039899,0.0561524205964378,False
370000,370600,370000,svr_p5,0.816615140305896,370600,370000,烟台市,山东省,nationwide_score,0.829,0.0123848596941034,0.0149395171219582,True
370000,370700,370000,svr_p5,0.785480482167772,370700,370000,潍坊市,山东省,nationwide_score,0.788,0.0025195178322278,0.0031973576551114,True
370000,370800,370000,svr_p5,0.775128707604903,370800,370000,济宁市,山东省,nationwide_score,0.773,0.0021287076049025,0.0027538261382957,True
370000,370900,370000,svr_p5,0.773929063908618,370900,370000,泰安市,山东省,nationwide_score,0.77,0.0039290639086181,0.0051026804008027,True
370000,371000,370000,svr_p5,0.816414203927468,371000,370000,威海市,山东省,nationwide_score,0.833,0.0165857960725321,0.0199109196549005,True
370000,371100,370000,svr_p5,0.771814317509921,371100,370000,日照市,山东省,nationwide_score,0.785,0.0131856824900785,0.0167970477580618,True
370000,371300,370000,svr_p5,0.761148636352043,371300,370000,临沂市,山东省,nationwide_score,0.747,0.0141486363520434,0.0189406109130434,True
370000,371400,370000,svr_p5,0.754452110242063,371400,370000,德州市,山东省,nationwide_score,0.765,0.0105478897579366,0.0137880911868452,True
370000,371500,370000,svr_p5,0.741083349006784,371500,370000,聊城市,山东省,nationwide_score,0.751,0.0099166509932163,0.0132045951973586,True
370000,371600,370000,svr_p5,0.764004970672306,371600,370000,滨州市,山东省,nationwide_score,0.774,0.0099950293276944,0.0129134745835845,True
370000,371700,370000,svr_p5,0.746000960801805,371700,370000,菏泽市,山东省,nationwide_score,0.748,0.0019990391981944,0.0026725122970513,True
410000,410100,410000,mean_train,0.770657794676806,410100,410000,郑州市,河南省,nationwide_score,0.832,0.0613422053231937,0.0737286121673002,False
410000,410200,410000,mean_train,0.770657794676806,410200,410000,开封市,河南省,nationwide_score,0.75,0.020657794676806,0.0275437262357414,True
410000,410300,410000,mean_train,0.770657794676806,410300,410000,洛阳市,河南省,nationwide_score,0.789,0.0183422053231939,0.0232474085211583,True
410000,410400,410000,mean_train,0.770657794676806,410400,410000,平顶山市,河南省,nationwide_score,0.763,0.007657794676806,0.0100364281478454,True
410000,410500,410000,mean_train,0.770657794676806,410500,410000,安阳市,河南省,nationwide_score,0.75,0.020657794676806,0.0275437262357414,True
410000,410600,410000,mean_train,0.770657794676806,410600,410000,鹤壁市,河南省,nationwide_score,0.772,0.0013422053231939,0.0017386079315983,True
410000,410700,410000,mean_train,0.770657794676806,410700,410000,新乡市,河南省,nationwide_score,0.764,0.006657794676806,0.0087143909382278,True
410000,410800,410000,mean_train,0.770657794676806,410800,410000,焦作市,河南省,nationwide_score,0.784,0.0133422053231939,0.0170181190346861,True
410000,410900,410000,mean_train,0.770657794676806,410900,410000,濮阳市,河南省,nationwide_score,0.75,0.020657794676806,0.0275437262357414,True
410000,411000,410000,mean_train,0.770657794676806,411000,410000,许昌市,河南省,nationwide_score,0.783,0.0123422053231939,0.015762714333581,True
410000,411100,410000,mean_train,0.770657794676806,411100,410000,漯河市,河南省,nationwide_score,0.782,0.0113422053231939,0.0145040988787646,True
410000,411200,410000,mean_train,0.770657794676806,411200,410000,三门峡市,河南省,nationwide_score,0.786,0.0153422053231939,0.0195193451949032,True
410000,411300,410000,mean_train,0.770657794676806,411300,410000,南阳市,河南省,nationwide_score,0.74,0.0306577946768061,0.0414294522659543,True
410000,411400,410000,mean_train,0.770657794676806,411400,410000,商丘市,河南省,nationwide_score,0.737,0.0336577946768061,0.0456686494936311,True
410000,411500,410000,mean_train,0.770657794676806,411500,410000,信阳市,河南省,nationwide_score,0.74,0.0306577946768061,0.0414294522659543,True
410000,411600,410000,mean_train,0.770657794676806,411600,410000,周口市,河南省,nationwide_score,0.729,0.0416577946768061,0.057143751271339,False
410000,411700,410000,mean_train,0.770657794676806,411700,410000,驻马店市,河南省,nationwide_score,0.745,0.025657794676806,0.0344399928547732,True
410000,410100,410000,ridge_pmae,0.814370745907153,410100,410000,郑州市,河南省,nationwide_score,0.832,0.0176292540928467,0.0211890073231331,True
410000,410200,410000,ridge_pmae,0.75532934998339,410200,410000,开封市,河南省,nationwide_score,0.75,0.0053293499833898,0.0071057999778531,True
410000,410300,410000,ridge_pmae,0.782063164730851,410300,410000,洛阳市,河南省,nationwide_score,0.789,0.0069368352691487,0.0087919331674889,True
410000,410400,410000,ridge_pmae,0.758092861379496,410400,410000,平顶山市,河南省,nationwide_score,0.763,0.0049071386205035,0.0064313743387988,True
410000,410500,410000,ridge_pmae,0.759106594526966,410500,410000,安阳市,河南省,nationwide_score,0.75,0.0091065945269662,0.012142126035955,True
410000,410600,410000,ridge_pmae,0.770001506404386,410600,410000,鹤壁市,河南省,nationwide_score,0.772,0.0019984935956137,0.0025887222741111,True
410000,410700,410000,ridge_pmae,0.759771644722369,410700,410000,新乡市,河南省,nationwide_score,0.764,0.0042283552776306,0.0055344964366893,True
410000,410800,410000,ridge_pmae,0.78840328923512,410800,410000,焦作市,河南省,nationwide_score,0.784,0.0044032892351203,0.0056164403509188,True
410000,410900,410000,ridge_pmae,0.748966239835691,410900,410000,濮阳市,河南省,nationwide_score,0.75,0.0010337601643088,0.0013783468857451,True
410000,411000,410000,ridge_pmae,0.773830315080607,411000,410000,许昌市,河南省,nationwide_score,0.783,0.0091696849193932,0.0117109641371561,True
410000,411100,410000,ridge_pmae,0.778957217844994,411100,410000,漯河市,河南省,nationwide_score,0.782,0.0030427821550056,0.0038910257736645,True
410000,411200,410000,ridge_pmae,0.764206696669365,411200,410000,三门峡市,河南省,nationwide_score,0.786,0.0217933033306352,0.0277268490211644,True
410000,411300,410000,ridge_pmae,0.74303106957211,411300,410000,南阳市,河南省,nationwide_score,0.74,0.0030310695721097,0.0040960399623104,True
410000,411400,410000,ridge_pmae,0.744146632287461,411400,410000,商丘市,河南省,nationwide_score,0.737,0.0071466322874614,0.0096969230494728,True
410000,411500,410000,ridge_pmae,0.746237125810449,411500,410000,信阳市,河南省,nationwide_score,0.74,0.0062371258104495,0.0084285483924993,True
410000,411600,410000,ridge_pmae,0.745840272450038,411600,410000,周口市,河南省,nationwide_score,0.729,0.0168402724500382,0.0231005109054022,True
410000,411700,410000,ridge_pmae,0.741495424960057,411700,410000,驻马店市,河南省,nationwide_score,0.745,0.0035045750399429,0.0047041275703932,True
410000,410100,410000,ridge_p5,0.817922111343661,410100,410000,郑州市,河南省,nationwide_score,0.832,0.014077888656339,0.0169205392504075,True
410000,410200,410000,ridge_p5,0.74962462031749,410200,410000,开封市,河南省,nationwide_score,0.75,0.0003753796825102,0.0005005062433469,True
410000,410300,410000,ridge_p5,0.784827843795642,410300,410000,洛阳市,河南省,nationwide_score,0.789,0.0041721562043585,0.0052879039345481,True
410000,410400,410000,ridge_p5,0.756974859551376,410400,410000,平顶山市,河南省,nationwide_score,0.763,0.006025140448624,0.0078966454110406,True
410000,410500,410000,ridge_p5,0.752477700577189,410500,410000,安阳市,河南省,nationwide_score,0.75,0.0024777005771889,0.0033036007695853,True
410000,410600,410000,ridge_p5,0.768294384453755,410600,410000,鹤壁市,河南省,nationwide_score,0.772,0.0037056155462447,0.0048000201376226,True
410000,410700,410000,ridge_p5,0.754904071847926,410700,410000,新乡市,河南省,nationwide_score,0.764,0.0090959281520736,0.0119056651205151,True
410000,410800,410000,ridge_p5,0.788790680744532,410800,410000,焦作市,河南省,nationwide_score,0.784,0.0047906807445321,0.0061105621741481,True
410000,410900,410000,ridge_p5,0.742586971015355,410900,410000,濮阳市,河南省,nationwide_score,0.75,0.0074130289846445,0.0098840386461927,True
410000,411000,410000,ridge_p5,0.77272954193367,411000,410000,许昌市,河南省,nationwide_score,0.783,0.01027045806633,0.0131168046824139,True
410000,411100,410000,ridge_p5,0.776993657428965,411100,410000,漯河市,河南省,nationwide_score,0.782,0.0050063425710348,0.0064019725972312,True
410000,411200,410000,ridge_p5,0.765836020697698,411200,410000,三门峡市,河南省,nationwide_score,0.786,0.0201639793023024,0.0256539176874076,True
410000,411300,410000,ridge_p5,0.745960490272758,411300,410000,南阳市,河南省,nationwide_score,0.74,0.0059604902727579,0.0080547165848079,True
410000,411400,410000,ridge_p5,0.739759843499112,411400,410000,商丘市,河南省,nationwide_score,0.737,0.0027598434991121,0.0037446994560545,True
410000,411500,410000,ridge_p5,0.742836133032174,411500,410000,信阳市,河南省,nationwide_score,0.74,0.002836133032174,0.0038326122056405,True
410000,411600,410000,ridge_p5,0.742687083801487,411600,410000,周口市,河南省,nationwide_score,0.729,0.0136870838014875,0.0187751492475823,True
410000,411700,410000,ridge_p5,0.737915518197683,411700,410000,驻马店市,河南省,nationwide_score,0.745,0.0070844818023167,0.0095093715467339,True
410000,410100,410000,rf_pmae,0.811062428571428,410100,410000,郑州市,河南省,nationwide_score,0.832,0.0209375714285714,0.0251653502747252,True
410000,410200,410000,rf_pmae,0.753011424603174,410200,410000,开封市,河南省,nationwide_score,0.75,0.0030114246031742,0.0040152328042323,True
410000,410300,410000,rf_pmae,0.791475742063492,410300,410000,洛阳市,河南省,nationwide_score,0.789,0.0024757420634918,0.0031378226406741,True
410000,410400,410000,rf_pmae,0.751906087301587,410400,410000,平顶山市,河南省,nationwide_score,0.763,0.0110939126984127,0.014539859368824,True
410000,410500,410000,rf_pmae,0.744077285714285,410500,410000,安阳市,河南省,nationwide_score,0.75,0.0059227142857145,0.0078969523809527,True
410000,410600,410000,rf_pmae,0.774769833333333,410600,410000,鹤壁市,河南省,nationwide_score,0.772,0.0027698333333332,0.0035878670120897,True
410000,410700,410000,rf_pmae,0.752794964285714,410700,410000,新乡市,河南省,nationwide_score,0.764,0.0112050357142856,0.0146662771129393,True
410000,410800,410000,rf_pmae,0.776644150793651,410800,410000,焦作市,河南省,nationwide_score,0.784,0.0073558492063493,0.0093824607223843,True
410000,410900,410000,rf_pmae,0.745621142857143,410900,410000,濮阳市,河南省,nationwide_score,0.75,0.0043788571428572,0.0058384761904763,True
410000,411000,410000,rf_pmae,0.769189904761905,411000,410000,许昌市,河南省,nationwide_score,0.783,0.0138100952380953,0.0176374140971844,True
410000,411100,410000,rf_pmae,0.769574404761905,411100,410000,漯河市,河南省,nationwide_score,0.782,0.0124255952380951,0.0158895079771037,True
410000,411200,410000,rf_pmae,0.768828142857143,411200,410000,三门峡市,河南省,nationwide_score,0.786,0.0171718571428572,0.0218471464921848,True
410000,411300,410000,rf_pmae,0.748842515873016,411300,410000,南阳市,河南省,nationwide_score,0.74,0.0088425158730157,0.0119493457743456,True
410000,411400,410000,rf_pmae,0.734991642857143,411400,410000,商丘市,河南省,nationwide_score,0.737,0.0020083571428568,0.0027250436131029,True
410000,411500,410000,rf_pmae,0.745730694444444,411500,410000,信阳市,河南省,nationwide_score,0.74,0.0057306944444445,0.0077441816816817,True
410000,411600,410000,rf_pmae,0.731905071428572,411600,410000,周口市,河南省,nationwide_score,0.729,0.0029050714285718,0.0039850088183427,True
410000,411700,410000,rf_pmae,0.733013305555555,411700,410000,驻马店市,河南省,nationwide_score,0.745,0.0119866944444446,0.016089522744221,True
410000,410100,410000,rf_p5,0.830287817460317,410100,410000,郑州市,河南省,nationwide_score,0.832,0.0017121825396827,0.0020579117063494,True
410000,410200,410000,rf_p5,0.753990952380952,410200,410000,开封市,河南省,nationwide_score,0.75,0.0039909523809523,0.0053212698412698,True
410000,410300,410000,rf_p5,0.793500178571428,410300,410000,洛阳市,河南省,nationwide_score,0.789,0.0045001785714283,0.0057036483795036,True
410000,410400,410000,rf_p5,0.749908992063492,410400,410000,平顶山市,河南省,nationwide_score,0.763,0.013091007936508,0.0171572843204562,True
410000,410500,410000,rf_p5,0.745377916666667,410500,410000,安阳市,河南省,nationwide_score,0.75,0.0046220833333333,0.0061627777777778,True
410000,410600,410000,rf_p5,0.770194523809524,410600,410000,鹤壁市,河南省,nationwide_score,0.772,0.0018054761904761,0.0023386997285959,True
410000,410700,410000,rf_p5,0.759021472222222,410700,410000,新乡市,河南省,nationwide_score,0.764,0.0049785277777781,0.0065163976148929,True
410000,410800,410000,rf_p5,0.778666333333333,410800,410000,焦作市,河南省,nationwide_score,0.784,0.0053336666666667,0.0068031462585035,True
410000,410900,410000,rf_p5,0.744881607142857,410900,410000,濮阳市,河南省,nationwide_score,0.75,0.0051183928571427,0.0068245238095236,True
410000,411000,410000,rf_p5,0.770696781746032,411000,410000,许昌市,河南省,nationwide_score,0.783,0.0123032182539679,0.0157129224188607,True
410000,411100,410000,rf_p5,0.771278686507937,411100,410000,漯河市,河南省,nationwide_score,0.782,0.0107213134920631,0.013710119555068,True
410000,411200,410000,rf_p5,0.769266857142857,411200,410000,三门峡市,河南省,nationwide_score,0.786,0.0167331428571428,0.021288985823337,True
410000,411300,410000,rf_p5,0.747616095238095,411300,410000,南阳市,河南省,nationwide_score,0.74,0.0076160952380952,0.0102920205920206,True
410000,411400,410000,rf_p5,0.732192071428571,411400,410000,商丘市,河南省,nationwide_score,0.737,0.0048079285714287,0.0065236479937974,True
410000,411500,410000,rf_p5,0.743198809523809,411500,410000,信阳市,河南省,nationwide_score,0.74,0.0031988095238092,0.0043227155727151,True
410000,411600,410000,rf_p5,0.728864738095238,411600,410000,周口市,河南省,nationwide_score,0.729,0.0001352619047617,0.0001855444509763,True
410000,411700,410000,rf_p5,0.729964095238095,411700,410000,驻马店市,河南省,nationwide_score,0.745,0.0150359047619048,0.0201824224992011,True
410000,410100,410000,svr_pmae,0.814433439386126,410100,410000,郑州市,河南省,nationwide_score,0.832,0.0175665606138737,0.0211136545839828,True
410000,410200,410000,svr_pmae,0.750895784599804,410200,410000,开封市,河南省,nationwide_score,0.75,0.0008957845998044,0.0011943794664059,True
410000,410300,410000,svr_pmae,0.783462741183019,410300,410000,洛阳市,河南省,nationwide_score,0.789,0.0055372588169807,0.0070180720113824,True
410000,410400,410000,svr_pmae,0.748733996693119,410400,410000,平顶山市,河南省,nationwide_score,0.763,0.0142660033068804,0.0186972520404723,True
410000,410500,410000,svr_pmae,0.739503628190817,410500,410000,安阳市,河南省,nationwide_score,0.75,0.010496371809183,0.013995162412244,True
410000,410600,410000,svr_pmae,0.75487254628826,410600,410000,鹤壁市,河南省,nationwide_score,0.772,0.0171274537117405,0.0221858208701301,True
410000,410700,410000,svr_pmae,0.746604617780484,410700,410000,新乡市,河南省,nationwide_score,0.764,0.0173953822195157,0.0227688248946541,True
410000,410800,410000,svr_pmae,0.778832954436164,410800,410000,焦作市,河南省,nationwide_score,0.784,0.0051670455638358,0.0065906193416273,True
410000,410900,410000,svr_pmae,0.739667955509391,410900,410000,濮阳市,河南省,nationwide_score,0.75,0.010332044490609,0.0137760593208121,True
410000,411000,410000,svr_pmae,0.764829029193111,411000,410000,许昌市,河南省,nationwide_score,0.783,0.0181709708068892,0.0232068592680577,True
410000,411100,410000,svr_pmae,0.767229813029383,411100,410000,漯河市,河南省,nationwide_score,0.782,0.0147701869706166,0.0188877071235506,True
410000,411200,410000,svr_pmae,0.769110749697668,411200,410000,三门峡市,河南省,nationwide_score,0.786,0.0168892503023316,0.0214875958044932,True
410000,411300,410000,svr_pmae,0.74278268664084,411300,410000,南阳市,河南省,nationwide_score,0.74,0.0027826866408404,0.0037603873524871,True
410000,411400,410000,svr_pmae,0.732833683618605,411400,410000,商丘市,河南省,nationwide_score,0.737,0.0041663163813943,0.0056530751443613,True
410000,411500,410000,svr_pmae,0.743205359672782,411500,410000,信阳市,河南省,nationwide_score,0.74,0.0032053596727824,0.0043315671253817,True
410000,411600,410000,svr_pmae,0.726859615616859,411600,410000,周口市,河南省,nationwide_score,0.729,0.0021403843831406,0.0029360553952547,True
410000,411700,410000,svr_pmae,0.721459157474766,411700,410000,驻马店市,河南省,nationwide_score,0.745,0.0235408425252343,0.0315984463425964,True
410000,410100,410000,svr_p5,0.814433439386126,410100,410000,郑州市,河南省,nationwide_score,0.832,0.0175665606138737,0.0211136545839828,True
410000,410200,410000,svr_p5,0.750895784599804,410200,410000,开封市,河南省,nationwide_score,0.75,0.0008957845998044,0.0011943794664059,True
410000,410300,410000,svr_p5,0.783462741183019,410300,410000,洛阳市,河南省,nationwide_score,0.789,0.0055372588169807,0.0070180720113824,True
410000,410400,410000,svr_p5,0.748733996693119,410400,410000,平顶山市,河南省,nationwide_score,0.763,0.0142660033068804,0.0186972520404723,True
410000,410500,410000,svr_p5,0.739503628190817,410500,410000,安阳市,河南省,nationwide_score,0.75,0.010496371809183,0.013995162412244,True
410000,410600,410000,svr_p5,0.75487254628826,410600,410000,鹤壁市,河南省,nationwide_score,0.772,0.0171274537117405,0.0221858208701301,True
410000,410700,410000,svr_p5,0.746604617780484,410700,410000,新乡市,河南省,nationwide_score,0.764,0.0173953822195157,0.0227688248946541,True
410000,410800,410000,svr_p5,0.778832954436164,410800,410000,焦作市,河南省,nationwide_score,0.784,0.0051670455638358,0.0065906193416273,True
410000,410900,410000,svr_p5,0.739667955509391,410900,410000,濮阳市,河南省,nationwide_score,0.75,0.010332044490609,0.0137760593208121,True
410000,411000,410000,svr_p5,0.764829029193111,411000,410000,许昌市,河南省,nationwide_score,0.783,0.0181709708068892,0.0232068592680577,True
410000,411100,410000,svr_p5,0.767229813029383,411100,410000,漯河市,河南省,nationwide_score,0.782,0.0147701869706166,0.0188877071235506,True
410000,411200,410000,svr_p5,0.769110749697668,411200,410000,三门峡市,河南省,nationwide_score,0.786,0.0168892503023316,0.0214875958044932,True
410000,411300,410000,svr_p5,0.74278268664084,411300,410000,南阳市,河南省,nationwide_score,0.74,0.0027826866408404,0.0037603873524871,True
410000,411400,410000,svr_p5,0.732833683618605,411400,410000,商丘市,河南省,nationwide_score,0.737,0.0041663163813943,0.0056530751443613,True
410000,411500,410000,svr_p5,0.743205359672782,411500,410000,信阳市,河南省,nationwide_score,0.74,0.0032053596727824,0.0043315671253817,True
410000,411600,410000,svr_p5,0.726859615616859,411600,410000,周口市,河南省,nationwide_score,0.729,0.0021403843831406,0.0029360553952547,True
410000,411700,410000,svr_p5,0.721459157474766,411700,410000,驻马店市,河南省,nationwide_score,0.745,0.0235408425252343,0.0315984463425964,True
420000,420100,420000,mean_train,0.769317164179104,420100,420000,武汉市,湖北省,nationwide_score,0.859,0.0896828358208954,0.104403766962626,False
420000,420200,420000,mean_train,0.769317164179104,420200,420000,黄石市,湖北省,nationwide_score,0.791,0.0216828358208955,0.0274119289771119,True
420000,420300,420000,mean_train,0.769317164179104,420300,420000,十堰市,湖北省,nationwide_score,0.783,0.0136828358208955,0.0174748861058691,True
420000,420500,420000,mean_train,0.769317164179104,420500,420000,宜昌市,湖北省,nationwide_score,0.829,0.0596828358208953,0.0719937705921536,False
420000,420600,420000,mean_train,0.769317164179104,420600,420000,襄阳市,湖北省,nationwide_score,0.801,0.0316828358208955,0.0395541021484339,True
420000,420700,420000,mean_train,0.769317164179104,420700,420000,鄂州市,湖北省,nationwide_score,0.809,0.0396828358208956,0.0490517130048153,True
420000,420800,420000,mean_train,0.769317164179104,420800,420000,荆门市,湖北省,nationwide_score,0.803,0.0336828358208955,0.0419462463522983,True
420000,420900,420000,mean_train,0.769317164179104,420900,420000,孝感市,湖北省,nationwide_score,0.767,0.0023171641791044,0.0030210745490279,True
420000,421000,420000,mean_train,0.769317164179104,421000,420000,荆州市,湖北省,nationwide_score,0.765,0.0043171641791044,0.0056433518681103,True
420000,421100,420000,mean_train,0.769317164179104,421100,420000,黄冈市,湖北省,nationwide_score,0.748,0.0213171641791044,0.0284988825923856,True
420000,421200,420000,mean_train,0.769317164179104,421200,420000,咸宁市,湖北省,nationwide_score,0.776,0.0066828358208955,0.0086119018310509,True
420000,421300,420000,mean_train,0.769317164179104,421300,420000,随州市,湖北省,nationwide_score,0.771,0.0016828358208955,0.0021826664343651,True
420000,420100,420000,ridge_pmae,0.835655786683499,420100,420000,武汉市,湖北省,nationwide_score,0.859,0.0233442133165006,0.0271760341286386,True
420000,420200,420000,ridge_pmae,0.78736635819365,420200,420000,黄石市,湖北省,nationwide_score,0.791,0.0036336418063497,0.0045937317400123,True
420000,420300,420000,ridge_pmae,0.77581844805185,420300,420000,十堰市,湖北省,nationwide_score,0.783,0.0071815519481496,0.009171841568518,True
420000,420500,420000,ridge_pmae,0.784677044744402,420500,420000,宜昌市,湖北省,nationwide_score,0.829,0.0443229552555974,0.0534655672564505,False
420000,420600,420000,ridge_pmae,0.774929669675166,420600,420000,襄阳市,湖北省,nationwide_score,0.801,0.0260703303248345,0.0325472288699557,True
420000,420700,420000,ridge_pmae,0.800371525965074,420700,420000,鄂州市,湖北省,nationwide_score,0.809,0.0086284740349263,0.0106656044931104,True
420000,420800,420000,ridge_pmae,0.776444276117856,420800,420000,荆门市,湖北省,nationwide_score,0.803,0.0265557238821441,0.0330706399528569,True
420000,420900,420000,ridge_pmae,0.771523954991965,420900,420000,孝感市,湖北省,nationwide_score,0.767,0.004523954991965,0.0058982464041264,True
420000,421000,420000,ridge_pmae,0.770969310608094,421000,420000,荆州市,湖北省,nationwide_score,0.765,0.0059693106080942,0.0078030204027375,True
420000,421100,420000,ridge_pmae,0.7504431634194,421100,420000,黄冈市,湖北省,nationwide_score,0.748,0.0024431634193995,0.0032662612558817,True
420000,421200,420000,ridge_pmae,0.763938571616596,421200,420000,咸宁市,湖北省,nationwide_score,0.776,0.0120614283834036,0.0155430778136644,True
420000,421300,420000,ridge_pmae,0.766262944447532,421300,420000,随州市,湖北省,nationwide_score,0.771,0.0047370555524676,0.0061440409240825,True
420000,420100,420000,ridge_p5,0.838838090290409,420100,420000,武汉市,湖北省,nationwide_score,0.859,0.0201619097095905,0.023471373352259,True
420000,420200,420000,ridge_p5,0.790727242534413,420200,420000,黄石市,湖北省,nationwide_score,0.791,0.0002727574655869,0.0003448261259,True
420000,420300,420000,ridge_p5,0.781119964990437,420300,420000,十堰市,湖北省,nationwide_score,0.783,0.0018800350095629,0.0024010664234519,True
420000,420500,420000,ridge_p5,0.790319724083793,420500,420000,宜昌市,湖北省,nationwide_score,0.829,0.0386802759162067,0.0466589576793808,True
420000,420600,420000,ridge_p5,0.778486725451167,420600,420000,襄阳市,湖北省,nationwide_score,0.801,0.0225132745488326,0.0281064601109022,True
420000,420700,420000,ridge_p5,0.800391397610571,420700,420000,鄂州市,湖北省,nationwide_score,0.809,0.0086086023894288,0.0106410412724707,True
420000,420800,420000,ridge_p5,0.781818883230785,420800,420000,荆门市,湖北省,nationwide_score,0.803,0.0211811167692151,0.0263774804099815,True
420000,420900,420000,ridge_p5,0.771390003629676,420900,420000,孝感市,湖北省,nationwide_score,0.767,0.0043900036296761,0.0057236031677654,True
420000,421000,420000,ridge_p5,0.771184325419977,421000,420000,荆州市,湖北省,nationwide_score,0.765,0.0061843254199768,0.0080840855163095,True
420000,421100,420000,ridge_p5,0.748102200021925,421100,420000,黄冈市,湖北省,nationwide_score,0.748,0.0001022000219252,0.0001366310453546,True
420000,421200,420000,ridge_p5,0.764216405273205,421200,420000,咸宁市,湖北省,nationwide_score,0.776,0.0117835947267951,0.0151850447510246,True
420000,421300,420000,ridge_p5,0.769043408072053,421300,420000,随州市,湖北省,nationwide_score,0.771,0.0019565919279469,0.0025377327210725,True
420000,420100,420000,rf_pmae,0.84040769047619,420100,420000,武汉市,湖北省,nationwide_score,0.859,0.0185923095238094,0.0216441321581017,True
420000,420200,420000,rf_pmae,0.786843761904762,420200,420000,黄石市,湖北省,nationwide_score,0.791,0.0041562380952379,0.0052544097284929,True
420000,420300,420000,rf_pmae,0.787227476190476,420300,420000,十堰市,湖北省,nationwide_score,0.783,0.0042274761904762,0.0053990755944779,True
420000,420500,420000,rf_pmae,0.790651888888889,420500,420000,宜昌市,湖北省,nationwide_score,0.829,0.0383481111111111,0.0462582763704597,True
420000,420600,420000,rf_pmae,0.786579706349206,420600,420000,襄阳市,湖北省,nationwide_score,0.801,0.0144202936507935,0.0180028634841367,True
420000,420700,420000,rf_pmae,0.796720928571429,420700,420000,鄂州市,湖北省,nationwide_score,0.809,0.0122790714285714,0.0151780858202366,True
420000,420800,420000,rf_pmae,0.776362626984127,420800,420000,荆门市,湖北省,nationwide_score,0.803,0.0266373730158726,0.0331723200695798,True
420000,420900,420000,rf_pmae,0.768630833333333,420900,420000,孝感市,湖北省,nationwide_score,0.767,0.0016308333333333,0.0021262494567579,True
420000,421000,420000,rf_pmae,0.770038083333334,421000,420000,荆州市,湖北省,nationwide_score,0.765,0.0050380833333336,0.0065857298474949,True
420000,421100,420000,rf_pmae,0.740128849206348,421100,420000,黄冈市,湖北省,nationwide_score,0.748,0.0078711507936514,0.0105229288685179,True
420000,421200,420000,rf_pmae,0.753139738095238,421200,420000,咸宁市,湖北省,nationwide_score,0.776,0.0228602619047619,0.0294591003927345,True
420000,421300,420000,rf_pmae,0.773103388888889,421300,420000,随州市,湖北省,nationwide_score,0.771,0.002103388888889,0.0027281308545902,True
420000,420100,420000,rf_p5,0.84040769047619,420100,420000,武汉市,湖北省,nationwide_score,0.859,0.0185923095238094,0.0216441321581017,True
420000,420200,420000,rf_p5,0.786843761904762,420200,420000,黄石市,湖北省,nationwide_score,0.791,0.0041562380952379,0.0052544097284929,True
420000,420300,420000,rf_p5,0.787227476190476,420300,420000,十堰市,湖北省,nationwide_score,0.783,0.0042274761904762,0.0053990755944779,True
420000,420500,420000,rf_p5,0.790651888888889,420500,420000,宜昌市,湖北省,nationwide_score,0.829,0.0383481111111111,0.0462582763704597,True
420000,420600,420000,rf_p5,0.786579706349206,420600,420000,襄阳市,湖北省,nationwide_score,0.801,0.0144202936507935,0.0180028634841367,True
420000,420700,420000,rf_p5,0.796720928571429,420700,420000,鄂州市,湖北省,nationwide_score,0.809,0.0122790714285714,0.0151780858202366,True
420000,420800,420000,rf_p5,0.776362626984127,420800,420000,荆门市,湖北省,nationwide_score,0.803,0.0266373730158726,0.0331723200695798,True
420000,420900,420000,rf_p5,0.768630833333333,420900,420000,孝感市,湖北省,nationwide_score,0.767,0.0016308333333333,0.0021262494567579,True
420000,421000,420000,rf_p5,0.770038083333334,421000,420000,荆州市,湖北省,nationwide_score,0.765,0.0050380833333336,0.0065857298474949,True
420000,421100,420000,rf_p5,0.740128849206348,421100,420000,黄冈市,湖北省,nationwide_score,0.748,0.0078711507936514,0.0105229288685179,True
420000,421200,420000,rf_p5,0.753139738095238,421200,420000,咸宁市,湖北省,nationwide_score,0.776,0.0228602619047619,0.0294591003927345,True
420000,421300,420000,rf_p5,0.773103388888889,421300,420000,随州市,湖北省,nationwide_score,0.771,0.002103388888889,0.0027281308545902,True
420000,420100,420000,svr_pmae,0.856115148491573,420100,420000,武汉市,湖北省,nationwide_score,0.859,0.0028848515084266,0.0033583835953744,True
420000,420200,420000,svr_pmae,0.789822767217303,420200,420000,黄石市,湖北省,nationwide_score,0.791,0.0011772327826965,0.0014882841753432,True
420000,420300,420000,svr_pmae,0.782334949096647,420300,420000,十堰市,湖北省,nationwide_score,0.783,0.0006650509033527,0.0008493625841031,True
420000,420500,420000,svr_pmae,0.800298756229555,420500,420000,宜昌市,湖北省,nationwide_score,0.829,0.0287012437704452,0.034621524451683,True
420000,420600,420000,svr_pmae,0.785123696485537,420600,420000,襄阳市,湖北省,nationwide_score,0.801,0.0158763035144632,0.0198206036385308,True
420000,420700,420000,svr_pmae,0.792407968955181,420700,420000,鄂州市,湖北省,nationwide_score,0.809,0.0165920310448192,0.0205093090788865,True
420000,420800,420000,svr_pmae,0.786446024940502,420800,420000,荆门市,湖北省,nationwide_score,0.803,0.0165539750594982,0.0206151619669966,True
420000,420900,420000,svr_pmae,0.778715415021209,420900,420000,孝感市,湖北省,nationwide_score,0.767,0.0117154150212087,0.0152743350993595,True
420000,421000,420000,svr_pmae,0.775664422226819,421000,420000,荆州市,湖北省,nationwide_score,0.765,0.0106644222268185,0.0139404212115274,True
420000,421100,420000,svr_pmae,0.747402475961049,421100,420000,黄冈市,湖北省,nationwide_score,0.748,0.0005975240389506,0.0007988289290783,True
420000,421200,420000,svr_pmae,0.764002684282462,421200,420000,咸宁市,湖北省,nationwide_score,0.776,0.0119973157175384,0.0154604583988897,True
420000,421300,420000,svr_pmae,0.772076592910275,421300,420000,随州市,湖北省,nationwide_score,0.771,0.0010765929102746,0.0013963591572952,True
420000,420100,420000,svr_p5,0.856115148491573,420100,420000,武汉市,湖北省,nationwide_score,0.859,0.0028848515084266,0.0033583835953744,True
420000,420200,420000,svr_p5,0.789822767217303,420200,420000,黄石市,湖北省,nationwide_score,0.791,0.0011772327826965,0.0014882841753432,True
420000,420300,420000,svr_p5,0.782334949096647,420300,420000,十堰市,湖北省,nationwide_score,0.783,0.0006650509033527,0.0008493625841031,True
420000,420500,420000,svr_p5,0.800298756229555,420500,420000,宜昌市,湖北省,nationwide_score,0.829,0.0287012437704452,0.034621524451683,True
420000,420600,420000,svr_p5,0.785123696485537,420600,420000,襄阳市,湖北省,nationwide_score,0.801,0.0158763035144632,0.0198206036385308,True
420000,420700,420000,svr_p5,0.792407968955181,420700,420000,鄂州市,湖北省,nationwide_score,0.809,0.0165920310448192,0.0205093090788865,True
420000,420800,420000,svr_p5,0.786446024940502,420800,420000,荆门市,湖北省,nationwide_score,0.803,0.0165539750594982,0.0206151619669966,True
420000,420900,420000,svr_p5,0.778715415021209,420900,420000,孝感市,湖北省,nationwide_score,0.767,0.0117154150212087,0.0152743350993595,True
420000,421000,420000,svr_p5,0.775664422226819,421000,420000,荆州市,湖北省,nationwide_score,0.765,0.0106644222268185,0.0139404212115274,True
420000,421100,420000,svr_p5,0.747402475961049,421100,420000,黄冈市,湖北省,nationwide_score,0.748,0.0005975240389506,0.0007988289290783,True
420000,421200,420000,svr_p5,0.764002684282462,421200,420000,咸宁市,湖北省,nationwide_score,0.776,0.0119973157175384,0.0154604583988897,True
420000,421300,420000,svr_p5,0.772076592910275,421300,420000,随州市,湖北省,nationwide_score,0.771,0.0010765929102746,0.0013963591572952,True
430000,430100,430000,mean_train,0.770265917602996,430100,430000,长沙市,湖南省,nationwide_score,0.84,0.0697340823970036,0.0830167647583376,False
430000,430200,430000,mean_train,0.770265917602996,430200,430000,株洲市,湖南省,nationwide_score,0.803,0.0327340823970038,0.0407647352391081,True
430000,430300,430000,mean_train,0.770265917602996,430300,430000,湘潭市,湖南省,nationwide_score,0.804,0.0337340823970038,0.0419578139266216,True
430000,430400,430000,mean_train,0.770265917602996,430400,430000,衡阳市,湖南省,nationwide_score,0.759,0.0112659176029962,0.0148431061963059,True
430000,430500,430000,mean_train,0.770265917602996,430500,430000,邵阳市,湖南省,nationwide_score,0.734,0.0362659176029963,0.0494086070885509,True
430000,430600,430000,mean_train,0.770265917602996,430600,430000,岳阳市,湖南省,nationwide_score,0.79,0.0197340823970038,0.0249798511354478,True
430000,430700,430000,mean_train,0.770265917602996,430700,430000,常德市,湖南省,nationwide_score,0.781,0.0107340823970037,0.0137440235557026,True
430000,430800,430000,mean_train,0.770265917602996,430800,430000,张家界市,湖南省,nationwide_score,0.754,0.0162659176029962,0.0215728350172363,True
430000,430900,430000,mean_train,0.770265917602996,430900,430000,益阳市,湖南省,nationwide_score,0.757,0.0132659176029962,0.0175243297265471,True
430000,431000,430000,mean_train,0.770265917602996,431000,430000,郴州市,湖南省,nationwide_score,0.766,0.0042659176029962,0.0055690830326321,True
430000,431100,430000,mean_train,0.770265917602996,431100,430000,永州市,湖南省,nationwide_score,0.745,0.0252659176029962,0.0339139833597264,True
430000,431200,430000,mean_train,0.770265917602996,431200,430000,怀化市,湖南省,nationwide_score,0.737,0.0332659176029963,0.0451369302618675,True
430000,431300,430000,mean_train,0.770265917602996,431300,430000,娄底市,湖南省,nationwide_score,0.748,0.0222659176029962,0.0297672695227222,True
430000,430100,430000,ridge_pmae,0.818891862818176,430100,430000,长沙市,湖南省,nationwide_score,0.84,0.021108137181824,0.0251287347402667,True
430000,430200,430000,ridge_pmae,0.782625236454863,430200,430000,株洲市,湖南省,nationwide_score,0.803,0.0203747635451368,0.0253733045393983,True
430000,430300,430000,ridge_pmae,0.774976145650481,430300,430000,湘潭市,湖南省,nationwide_score,0.804,0.0290238543495187,0.0360993213302471,True
430000,430400,430000,ridge_pmae,0.750603520343259,430400,430000,衡阳市,湖南省,nationwide_score,0.759,0.0083964796567411,0.0110625555424784,True
430000,430500,430000,ridge_pmae,0.732279825272983,430500,430000,邵阳市,湖南省,nationwide_score,0.734,0.0017201747270172,0.0023435622983886,True
430000,430600,430000,ridge_pmae,0.772870466125782,430600,430000,岳阳市,湖南省,nationwide_score,0.79,0.0171295338742181,0.0216829542711621,True
430000,430700,430000,ridge_pmae,0.767365404717635,430700,430000,常德市,湖南省,nationwide_score,0.781,0.0136345952823653,0.017457868479341,True
430000,430800,430000,ridge_pmae,0.737148470327784,430800,430000,张家界市,湖南省,nationwide_score,0.754,0.0168515296722158,0.0223495088490925,True
430000,430900,430000,ridge_pmae,0.751411438034138,430900,430000,益阳市,湖南省,nationwide_score,0.757,0.0055885619658617,0.0073825125044409,True
430000,431000,430000,ridge_pmae,0.749447359941634,431000,430000,郴州市,湖南省,nationwide_score,0.766,0.016552640058366,0.0216091906767181,True
430000,431100,430000,ridge_pmae,0.728988076973184,431100,430000,永州市,湖南省,nationwide_score,0.745,0.0160119230268154,0.0214925141299535,True
430000,431200,430000,ridge_pmae,0.733221163658597,431200,430000,怀化市,湖南省,nationwide_score,0.737,0.0037788363414029,0.0051273220371817,True
430000,431300,430000,ridge_pmae,0.74219968499773,431300,430000,娄底市,湖南省,nationwide_score,0.748,0.0058003150022702,0.0077544318212169,True
430000,430100,430000,ridge_p5,0.824653545942356,430100,430000,长沙市,湖南省,nationwide_score,0.84,0.0153464540576442,0.0182695881638621,True
430000,430200,430000,ridge_p5,0.78489264353119,430200,430000,株洲市,湖南省,nationwide_score,0.803,0.0181073564688096,0.022549634456799,True
430000,430300,430000,ridge_p5,0.77662588465757,430300,430000,湘潭市,湖南省,nationwide_score,0.804,0.0273741153424299,0.0340474071423258,True
430000,430400,430000,ridge_p5,0.75088740647991,430400,430000,衡阳市,湖南省,nationwide_score,0.759,0.0081125935200895,0.0106885290119756,True
430000,430500,430000,ridge_p5,0.732810232394225,430500,430000,邵阳市,湖南省,nationwide_score,0.734,0.0011897676057748,0.0016209367926087,True
430000,430600,430000,ridge_p5,0.775326949006823,430600,430000,岳阳市,湖南省,nationwide_score,0.79,0.0146730509931775,0.0185734822698449,True
430000,430700,430000,ridge_p5,0.769585899681593,430700,430000,常德市,湖南省,nationwide_score,0.781,0.0114141003184069,0.0146147251195991,True
430000,430800,430000,ridge_p5,0.734442740142257,430800,430000,张家界市,湖南省,nationwide_score,0.754,0.0195572598577431,0.02593801042141,True
430000,430900,430000,ridge_p5,0.751344903369135,430900,430000,益阳市,湖南省,nationwide_score,0.757,0.005655096630865,0.0074704050605879,True
430000,431000,430000,ridge_p5,0.750949953006514,431000,430000,郴州市,湖南省,nationwide_score,0.766,0.0150500469934854,0.0196475809314431,True
430000,431100,430000,ridge_p5,0.728214863790267,431100,430000,永州市,湖南省,nationwide_score,0.745,0.0167851362097332,0.0225303841741385,True
430000,431200,430000,ridge_p5,0.728871388538859,431200,430000,怀化市,湖南省,nationwide_score,0.737,0.0081286114611408,0.0110293235565004,True
430000,431300,430000,ridge_p5,0.743303065911674,431300,430000,娄底市,湖南省,nationwide_score,0.748,0.0046969340883256,0.0062793236474941,True
430000,430100,430000,rf_pmae,0.81583147526085,430100,430000,长沙市,湖南省,nationwide_score,0.84,0.0241685247391498,0.0287720532608927,True
430000,430200,430000,rf_pmae,0.784351299270174,430200,430000,株洲市,湖南省,nationwide_score,0.803,0.018648700729826,0.0232237867121121,True
430000,430300,430000,rf_pmae,0.779535030969847,430300,430000,湘潭市,湖南省,nationwide_score,0.804,0.0244649690301531,0.0304290659579019,True
430000,430400,430000,rf_pmae,0.762364003067924,430400,430000,衡阳市,湖南省,nationwide_score,0.759,0.0033640030679242,0.0044321516046433,True
430000,430500,430000,rf_pmae,0.743435847076126,430500,430000,邵阳市,湖南省,nationwide_score,0.734,0.0094358470761264,0.0128553774879106,True
430000,430600,430000,rf_pmae,0.774529507367632,430600,430000,岳阳市,湖南省,nationwide_score,0.79,0.0154704926323679,0.0195829020662885,True
430000,430700,430000,rf_pmae,0.766238317225172,430700,430000,常德市,湖南省,nationwide_score,0.781,0.0147616827748277,0.0189010022725066,True
430000,430800,430000,rf_pmae,0.745597891761016,430800,430000,张家界市,湖南省,nationwide_score,0.754,0.0084021082389835,0.0111433796272991,True
430000,430900,430000,rf_pmae,0.743037823491524,430900,430000,益阳市,湖南省,nationwide_score,0.757,0.0139621765084761,0.0184440904999685,True
430000,431000,430000,rf_pmae,0.759615247402924,431000,430000,郴州市,湖南省,nationwide_score,0.766,0.0063847525970762,0.008335186158063,True
430000,431100,430000,rf_pmae,0.737989898095841,431100,430000,永州市,湖南省,nationwide_score,0.745,0.0070101019041589,0.0094095327572603,True
430000,431200,430000,rf_pmae,0.737704388500861,431200,430000,怀化市,湖南省,nationwide_score,0.737,0.000704388500861,0.0009557510188074,True
430000,431300,430000,rf_pmae,0.737462194574689,431300,430000,娄底市,湖南省,nationwide_score,0.748,0.0105378054253107,0.0140879751675278,True
430000,430100,430000,rf_p5,0.81583147526085,430100,430000,长沙市,湖南省,nationwide_score,0.84,0.0241685247391498,0.0287720532608927,True
430000,430200,430000,rf_p5,0.784351299270174,430200,430000,株洲市,湖南省,nationwide_score,0.803,0.018648700729826,0.0232237867121121,True
430000,430300,430000,rf_p5,0.779535030969847,430300,430000,湘潭市,湖南省,nationwide_score,0.804,0.0244649690301531,0.0304290659579019,True
430000,430400,430000,rf_p5,0.762364003067924,430400,430000,衡阳市,湖南省,nationwide_score,0.759,0.0033640030679242,0.0044321516046433,True
430000,430500,430000,rf_p5,0.743435847076126,430500,430000,邵阳市,湖南省,nationwide_score,0.734,0.0094358470761264,0.0128553774879106,True
430000,430600,430000,rf_p5,0.774529507367632,430600,430000,岳阳市,湖南省,nationwide_score,0.79,0.0154704926323679,0.0195829020662885,True
430000,430700,430000,rf_p5,0.766238317225172,430700,430000,常德市,湖南省,nationwide_score,0.781,0.0147616827748277,0.0189010022725066,True
430000,430800,430000,rf_p5,0.745597891761016,430800,430000,张家界市,湖南省,nationwide_score,0.754,0.0084021082389835,0.0111433796272991,True
430000,430900,430000,rf_p5,0.743037823491524,430900,430000,益阳市,湖南省,nationwide_score,0.757,0.0139621765084761,0.0184440904999685,True
430000,431000,430000,rf_p5,0.759615247402924,431000,430000,郴州市,湖南省,nationwide_score,0.766,0.0063847525970762,0.008335186158063,True
430000,431100,430000,rf_p5,0.737989898095841,431100,430000,永州市,湖南省,nationwide_score,0.745,0.0070101019041589,0.0094095327572603,True
430000,431200,430000,rf_p5,0.737704388500861,431200,430000,怀化市,湖南省,nationwide_score,0.737,0.000704388500861,0.0009557510188074,True
430000,431300,430000,rf_p5,0.737462194574689,431300,430000,娄底市,湖南省,nationwide_score,0.748,0.0105378054253107,0.0140879751675278,True
430000,430100,430000,svr_pmae,0.832149542093692,430100,430000,长沙市,湖南省,nationwide_score,0.84,0.0078504579063075,0.0093457832217947,True
430000,430200,430000,svr_pmae,0.795921290981359,430200,430000,株洲市,湖南省,nationwide_score,0.803,0.007078709018641,0.0088153287903375,True
430000,430300,430000,svr_pmae,0.789996007434356,430300,430000,湘潭市,湖南省,nationwide_score,0.804,0.0140039925656438,0.0174179012010496,True
430000,430400,430000,svr_pmae,0.762001336863736,430400,430000,衡阳市,湖南省,nationwide_score,0.759,0.0030013368637357,0.0039543305187558,True
430000,430500,430000,svr_pmae,0.747298267154619,430500,430000,邵阳市,湖南省,nationwide_score,0.734,0.0132982671546189,0.0181175301834045,True
430000,430600,430000,svr_pmae,0.784138019730622,430600,430000,岳阳市,湖南省,nationwide_score,0.79,0.005861980269378,0.007420228189086,True
430000,430700,430000,svr_pmae,0.775474066198567,430700,430000,常德市,湖南省,nationwide_score,0.781,0.0055259338014331,0.0070754594128465,True
430000,430800,430000,svr_pmae,0.736637053959042,430800,430000,张家界市,湖南省,nationwide_score,0.754,0.0173629460409578,0.0230277798951696,True
430000,430900,430000,svr_pmae,0.749282489520083,430900,430000,益阳市,湖南省,nationwide_score,0.757,0.0077175104799169,0.0101948619285561,True
430000,431000,430000,svr_pmae,0.758891742662826,431000,430000,郴州市,湖南省,nationwide_score,0.766,0.0071082573371742,0.0092797093174598,True
430000,431100,430000,svr_pmae,0.732046078464796,431100,430000,永州市,湖南省,nationwide_score,0.745,0.0129539215352041,0.0173878141412136,True
430000,431200,430000,svr_pmae,0.730152518759749,431200,430000,怀化市,湖南省,nationwide_score,0.737,0.0068474812402508,0.0092910193219142,True
430000,431300,430000,svr_pmae,0.740341437596647,431300,430000,娄底市,湖南省,nationwide_score,0.748,0.0076585624033531,0.010238719790579,True
430000,430100,430000,svr_p5,0.832149542093692,430100,430000,长沙市,湖南省,nationwide_score,0.84,0.0078504579063075,0.0093457832217947,True
430000,430200,430000,svr_p5,0.795921290981359,430200,430000,株洲市,湖南省,nationwide_score,0.803,0.007078709018641,0.0088153287903375,True
430000,430300,430000,svr_p5,0.789996007434356,430300,430000,湘潭市,湖南省,nationwide_score,0.804,0.0140039925656438,0.0174179012010496,True
430000,430400,430000,svr_p5,0.762001336863736,430400,430000,衡阳市,湖南省,nationwide_score,0.759,0.0030013368637357,0.0039543305187558,True
430000,430500,430000,svr_p5,0.747298267154619,430500,430000,邵阳市,湖南省,nationwide_score,0.734,0.0132982671546189,0.0181175301834045,True
430000,430600,430000,svr_p5,0.784138019730622,430600,430000,岳阳市,湖南省,nationwide_score,0.79,0.005861980269378,0.007420228189086,True
430000,430700,430000,svr_p5,0.775474066198567,430700,430000,常德市,湖南省,nationwide_score,0.781,0.0055259338014331,0.0070754594128465,True
430000,430800,430000,svr_p5,0.736637053959042,430800,430000,张家界市,湖南省,nationwide_score,0.754,0.0173629460409578,0.0230277798951696,True
430000,430900,430000,svr_p5,0.749282489520083,430900,430000,益阳市,湖南省,nationwide_score,0.757,0.0077175104799169,0.0101948619285561,True
430000,431000,430000,svr_p5,0.758891742662826,431000,430000,郴州市,湖南省,nationwide_score,0.766,0.0071082573371742,0.0092797093174598,True
430000,431100,430000,svr_p5,0.732046078464796,431100,430000,永州市,湖南省,nationwide_score,0.745,0.0129539215352041,0.0173878141412136,True
430000,431200,430000,svr_p5,0.730152518759749,431200,430000,怀化市,湖南省,nationwide_score,0.737,0.0068474812402508,0.0092910193219142,True
430000,431300,430000,svr_p5,0.740341437596647,431300,430000,娄底市,湖南省,nationwide_score,0.748,0.0076585624033531,0.010238719790579,True
440000,440100,440000,mean_train,0.769146718146718,440100,440000,广州市,广东省,nationwide_score,0.863,0.0938532818532816,0.108752354407047,False
440000,440200,440000,mean_train,0.769146718146718,440200,440000,韶关市,广东省,nationwide_score,0.764,0.0051467181467181,0.0067365420768562,True
440000,440300,440000,mean_train,0.769146718146718,440300,440000,深圳市,广东省,nationwide_score,0.88,0.110853281853282,0.125969638469638,False
440000,440400,440000,mean_train,0.769146718146718,440400,440000,珠海市,广东省,nationwide_score,0.864,0.0948532818532816,0.109783891033891,False
440000,440500,440000,mean_train,0.769146718146718,440500,440000,汕头市,广东省,nationwide_score,0.761,0.0081467181467181,0.0107052800876717,True
440000,440600,440000,mean_train,0.769146718146718,440600,440000,佛山市,广东省,nationwide_score,0.839,0.0698532818532816,0.0832577852840067,False
440000,440700,440000,mean_train,0.769146718146718,440700,440000,江门市,广东省,nationwide_score,0.796,0.0268532818532818,0.033735278710153,True
440000,440800,440000,mean_train,0.769146718146718,440800,440000,湛江市,广东省,nationwide_score,0.754,0.0151467181467181,0.020088485605727,True
440000,440900,440000,mean_train,0.769146718146718,440900,440000,茂名市,广东省,nationwide_score,0.761,0.0081467181467181,0.0107052800876717,True
440000,441200,440000,mean_train,0.769146718146718,441200,440000,肇庆市,广东省,nationwide_score,0.768,0.0011467181467181,0.0014931225868726,True
440000,441300,440000,mean_train,0.769146718146718,441300,440000,惠州市,广东省,nationwide_score,0.794,0.0248532818532818,0.0313013625356194,True
440000,441400,440000,mean_train,0.769146718146718,441400,440000,梅州市,广东省,nationwide_score,0.749,0.0201467181467182,0.0268981550690496,True
440000,441500,440000,mean_train,0.769146718146718,441500,440000,汕尾市,广东省,nationwide_score,0.738,0.0311467181467183,0.0422042251310546,True
440000,441600,440000,mean_train,0.769146718146718,441600,440000,河源市,广东省,nationwide_score,0.75,0.0191467181467182,0.0255289575289576,True
440000,441700,440000,mean_train,0.769146718146718,441700,440000,阳江市,广东省,nationwide_score,0.767,0.0021467181467181,0.0027988502564774,True
440000,441800,440000,mean_train,0.769146718146718,441800,440000,清远市,广东省,nationwide_score,0.753,0.0161467181467181,0.0214431847897984,True
440000,441900,440000,mean_train,0.769146718146718,441900,440000,东莞市,广东省,nationwide_score,0.815,0.0458532818532817,0.056261695525499,False
440000,442000,440000,mean_train,0.769146718146718,442000,440000,中山市,广东省,nationwide_score,0.805,0.0358532818532818,0.0445382383270581,True
440000,445100,440000,mean_train,0.769146718146718,445100,440000,潮州市,广东省,nationwide_score,0.748,0.0211467181467182,0.0282710135651312,True
440000,445200,440000,mean_train,0.769146718146718,445200,440000,揭阳市,广东省,nationwide_score,0.739,0.0301467181467183,0.0407939352458975,True
440000,445300,440000,mean_train,0.769146718146718,445300,440000,云浮市,广东省,nationwide_score,0.762,0.0071467181467181,0.0093788952056669,True
440000,440100,440000,ridge_pmae,0.855723136635067,440100,440000,广州市,广东省,nationwide_score,0.863,0.007276863364933,0.0084320548840475,True
440000,440200,440000,ridge_pmae,0.762500119483564,440200,440000,韶关市,广东省,nationwide_score,0.764,0.0014998805164356,0.0019631943932404,True
440000,440300,440000,ridge_pmae,0.870220168160633,440300,440000,深圳市,广东省,nationwide_score,0.88,0.009779831839367,0.0111134452720079,True
440000,440400,440000,ridge_pmae,0.853527509467441,440400,440000,珠海市,广东省,nationwide_score,0.864,0.0104724905325583,0.012120938116387,True
440000,440500,440000,ridge_pmae,0.797387575789373,440500,440000,汕头市,广东省,nationwide_score,0.761,0.0363875757893734,0.0478154740990452,True
440000,440600,440000,ridge_pmae,0.852494932111286,440600,440000,佛山市,广东省,nationwide_score,0.839,0.0134949321112867,0.0160845436368137,True
440000,440700,440000,ridge_pmae,0.802987605038052,440700,440000,江门市,广东省,nationwide_score,0.796,0.0069876050380519,0.0087783982890099,True
440000,440800,440000,ridge_pmae,0.74583556166982,440800,440000,湛江市,广东省,nationwide_score,0.754,0.0081644383301796,0.0108281675466573,True
440000,440900,440000,ridge_pmae,0.745695333256321,440900,440000,茂名市,广东省,nationwide_score,0.761,0.0153046667436788,0.020111257219026,True
440000,441200,440000,ridge_pmae,0.770522173204093,441200,440000,肇庆市,广东省,nationwide_score,0.768,0.0025221732040932,0.0032840796928296,True
440000,441300,440000,ridge_pmae,0.813769561738854,441300,440000,惠州市,广东省,nationwide_score,0.794,0.0197695617388535,0.0248986923663143,True
440000,441400,440000,ridge_pmae,0.758696911719145,441400,440000,梅州市,广东省,nationwide_score,0.749,0.0096969117191448,0.012946477595654,True
440000,441500,440000,ridge_pmae,0.763043072134032,441500,440000,汕尾市,广东省,nationwide_score,0.738,0.025043072134032,0.0339337020786341,True
440000,441600,440000,ridge_pmae,0.744711714261459,441600,440000,河源市,广东省,nationwide_score,0.75,0.0052882857385414,0.0070510476513886,True
440000,441700,440000,ridge_pmae,0.764357006928784,441700,440000,阳江市,广东省,nationwide_score,0.767,0.0026429930712159,0.0034458840563441,True
440000,441800,440000,ridge_pmae,0.757991418031342,441800,440000,清远市,广东省,nationwide_score,0.753,0.0049914180313419,0.0066287092049693,True
440000,441900,440000,ridge_pmae,0.855983836369662,441900,440000,东莞市,广东省,nationwide_score,0.815,0.0409838363696624,0.0502869157909968,False
440000,442000,440000,ridge_pmae,0.842156431336443,442000,440000,中山市,广东省,nationwide_score,0.805,0.0371564313364431,0.0461570575607989,True
440000,445100,440000,ridge_pmae,0.788175506776615,445100,440000,潮州市,广东省,nationwide_score,0.748,0.0401755067766146,0.0537105705569714,False
440000,445200,440000,ridge_pmae,0.764897168208018,445200,440000,揭阳市,广东省,nationwide_score,0.739,0.0258971682080183,0.0350435293748556,True
440000,445300,440000,ridge_pmae,0.746219505740131,445300,440000,云浮市,广东省,nationwide_score,0.762,0.0157804942598687,0.0207093100523211,True
440000,440100,440000,ridge_p5,0.855723136635067,440100,440000,广州市,广东省,nationwide_score,0.863,0.007276863364933,0.0084320548840475,True
440000,440200,440000,ridge_p5,0.762500119483564,440200,440000,韶关市,广东省,nationwide_score,0.764,0.0014998805164356,0.0019631943932404,True
440000,440300,440000,ridge_p5,0.870220168160633,440300,440000,深圳市,广东省,nationwide_score,0.88,0.009779831839367,0.0111134452720079,True
440000,440400,440000,ridge_p5,0.853527509467441,440400,440000,珠海市,广东省,nationwide_score,0.864,0.0104724905325583,0.012120938116387,True
440000,440500,440000,ridge_p5,0.797387575789373,440500,440000,汕头市,广东省,nationwide_score,0.761,0.0363875757893734,0.0478154740990452,True
440000,440600,440000,ridge_p5,0.852494932111286,440600,440000,佛山市,广东省,nationwide_score,0.839,0.0134949321112867,0.0160845436368137,True
440000,440700,440000,ridge_p5,0.802987605038052,440700,440000,江门市,广东省,nationwide_score,0.796,0.0069876050380519,0.0087783982890099,True
440000,440800,440000,ridge_p5,0.74583556166982,440800,440000,湛江市,广东省,nationwide_score,0.754,0.0081644383301796,0.0108281675466573,True
440000,440900,440000,ridge_p5,0.745695333256321,440900,440000,茂名市,广东省,nationwide_score,0.761,0.0153046667436788,0.020111257219026,True
440000,441200,440000,ridge_p5,0.770522173204093,441200,440000,肇庆市,广东省,nationwide_score,0.768,0.0025221732040932,0.0032840796928296,True
440000,441300,440000,ridge_p5,0.813769561738854,441300,440000,惠州市,广东省,nationwide_score,0.794,0.0197695617388535,0.0248986923663143,True
440000,441400,440000,ridge_p5,0.758696911719145,441400,440000,梅州市,广东省,nationwide_score,0.749,0.0096969117191448,0.012946477595654,True
440000,441500,440000,ridge_p5,0.763043072134032,441500,440000,汕尾市,广东省,nationwide_score,0.738,0.025043072134032,0.0339337020786341,True
440000,441600,440000,ridge_p5,0.744711714261459,441600,440000,河源市,广东省,nationwide_score,0.75,0.0052882857385414,0.0070510476513886,True
440000,441700,440000,ridge_p5,0.764357006928784,441700,440000,阳江市,广东省,nationwide_score,0.767,0.0026429930712159,0.0034458840563441,True
440000,441800,440000,ridge_p5,0.757991418031342,441800,440000,清远市,广东省,nationwide_score,0.753,0.0049914180313419,0.0066287092049693,True
440000,441900,440000,ridge_p5,0.855983836369662,441900,440000,东莞市,广东省,nationwide_score,0.815,0.0409838363696624,0.0502869157909968,False
440000,442000,440000,ridge_p5,0.842156431336443,442000,440000,中山市,广东省,nationwide_score,0.805,0.0371564313364431,0.0461570575607989,True
440000,445100,440000,ridge_p5,0.788175506776615,445100,440000,潮州市,广东省,nationwide_score,0.748,0.0401755067766146,0.0537105705569714,False
440000,445200,440000,ridge_p5,0.764897168208018,445200,440000,揭阳市,广东省,nationwide_score,0.739,0.0258971682080183,0.0350435293748556,True
440000,445300,440000,ridge_p5,0.746219505740131,445300,440000,云浮市,广东省,nationwide_score,0.762,0.0157804942598687,0.0207093100523211,True
440000,440100,440000,rf_pmae,0.851773420634921,440100,440000,广州市,广东省,nationwide_score,0.863,0.011226579365079,0.0130087825783071,True
440000,440200,440000,rf_pmae,0.765108190476191,440200,440000,韶关市,广东省,nationwide_score,0.764,0.0011081904761905,0.0014505110944903,True
440000,440300,440000,rf_pmae,0.847817087301587,440300,440000,深圳市,广东省,nationwide_score,0.88,0.0321829126984125,0.0365714917027415,True
440000,440400,440000,rf_pmae,0.818513849206349,440400,440000,珠海市,广东省,nationwide_score,0.864,0.0454861507936511,0.0526460078630221,False
440000,440500,440000,rf_pmae,0.787263547619048,440500,440000,汕头市,广东省,nationwide_score,0.761,0.0262635476190478,0.0345118891183282,True
440000,440600,440000,rf_pmae,0.823814515873015,440600,440000,佛山市,广东省,nationwide_score,0.839,0.0151854841269846,0.0180995043229852,True
440000,440700,440000,rf_pmae,0.784013071428572,440700,440000,江门市,广东省,nationwide_score,0.796,0.0119869285714283,0.0150589554917441,True
440000,440800,440000,rf_pmae,0.725967349206349,440800,440000,湛江市,广东省,nationwide_score,0.754,0.028032650793651,0.0371785819544443,True
440000,440900,440000,rf_pmae,0.723791658730158,440900,440000,茂名市,广东省,nationwide_score,0.761,0.0372083412698415,0.0488940095530111,True
440000,441200,440000,rf_pmae,0.769425404761905,441200,440000,肇庆市,广东省,nationwide_score,0.768,0.0014254047619048,0.0018559957837303,True
440000,441300,440000,rf_pmae,0.791999928571429,441300,440000,惠州市,广东省,nationwide_score,0.794,0.0020000714285711,0.0025189816480745,True
440000,441400,440000,rf_pmae,0.748643452380952,441400,440000,梅州市,广东省,nationwide_score,0.749,0.0003565476190475,0.0004760315341089,True
440000,441500,440000,rf_pmae,0.755289880952381,441500,440000,汕尾市,广东省,nationwide_score,0.738,0.0172898809523809,0.0234280229707058,True
440000,441600,440000,rf_pmae,0.729564380952381,441600,440000,河源市,广东省,nationwide_score,0.75,0.0204356190476191,0.0272474920634921,True
440000,441700,440000,rf_pmae,0.747203095238095,441700,440000,阳江市,广东省,nationwide_score,0.767,0.019796904761905,0.025810827590489,True
440000,441800,440000,rf_pmae,0.742711214285714,441800,440000,清远市,广东省,nationwide_score,0.753,0.0102887857142858,0.0136637260481883,True
440000,441900,440000,rf_pmae,0.832960476190476,441900,440000,东莞市,广东省,nationwide_score,0.815,0.017960476190476,0.0220373940987435,True
440000,442000,440000,rf_pmae,0.823339015873016,442000,440000,中山市,广东省,nationwide_score,0.805,0.0183390158730154,0.0227813861776589,True
440000,445100,440000,rf_pmae,0.774750833333333,445100,440000,潮州市,广东省,nationwide_score,0.748,0.0267508333333332,0.0357631461675578,True
440000,445200,440000,rf_pmae,0.744927785714286,445200,440000,揭阳市,广东省,nationwide_score,0.739,0.0059277857142859,0.0080213609124302,True
440000,445300,440000,rf_pmae,0.71996623015873,445300,440000,云浮市,广东省,nationwide_score,0.762,0.0420337698412697,0.0551624276132148,False
440000,440100,440000,rf_p5,0.847753811759319,440100,440000,广州市,广东省,nationwide_score,0.863,0.015246188240681,0.0176664985407659,True
440000,440200,440000,rf_p5,0.762335278938382,440200,440000,韶关市,广东省,nationwide_score,0.764,0.0016647210616183,0.0021789542691339,True
440000,440300,440000,rf_p5,0.842259896702154,440300,440000,深圳市,广东省,nationwide_score,0.88,0.0377401032978461,0.0428864810202797,True
440000,440400,440000,rf_p5,0.818814855741481,440400,440000,珠海市,广东省,nationwide_score,0.864,0.045185144258519,0.0522976206695822,False
440000,440500,440000,rf_p5,0.797211994505495,440500,440000,汕头市,广东省,nationwide_score,0.761,0.0362119945054947,0.0475847496787052,True
440000,440600,440000,rf_p5,0.818484265900766,440600,440000,佛山市,广东省,nationwide_score,0.839,0.020515734099234,0.0244526032172038,True
440000,440700,440000,rf_p5,0.787181042943168,440700,440000,江门市,广东省,nationwide_score,0.796,0.0088189570568318,0.0110790917799395,True
440000,440800,440000,rf_p5,0.734507241658539,440800,440000,湛江市,广东省,nationwide_score,0.754,0.0194927583414609,0.0258524646438473,True
440000,440900,440000,rf_p5,0.726295126605292,440900,440000,茂名市,广东省,nationwide_score,0.761,0.0347048733947084,0.045604301438513,True
440000,441200,440000,rf_p5,0.770948021720711,441200,440000,肇庆市,广东省,nationwide_score,0.768,0.0029480217207112,0.0038385699488428,True
440000,441300,440000,rf_p5,0.796922835830836,441300,440000,惠州市,广东省,nationwide_score,0.794,0.0029228358308356,0.0036811534393395,True
440000,441400,440000,rf_p5,0.741220556046197,441400,440000,梅州市,广东省,nationwide_score,0.749,0.0077794439538028,0.0103864405257714,True
440000,441500,440000,rf_p5,0.752818409381587,441500,440000,汕尾市,广东省,nationwide_score,0.738,0.0148184093815875,0.0200791455035061,True
440000,441600,440000,rf_p5,0.732004715377063,441600,440000,河源市,广东省,nationwide_score,0.75,0.0179952846229373,0.023993712830583,True
440000,441700,440000,rf_p5,0.739976501947518,441700,440000,阳江市,广东省,nationwide_score,0.767,0.0270234980524818,0.0352327223630793,True
440000,441800,440000,rf_p5,0.73973609413311,441800,440000,清远市,广东省,nationwide_score,0.753,0.0132639058668896,0.0176147488272106,True
440000,441900,440000,rf_p5,0.820843490301365,441900,440000,东莞市,广东省,nationwide_score,0.815,0.0058434903013654,0.0071699267501416,True
440000,442000,440000,rf_p5,0.81832630445943,442000,440000,中山市,广东省,nationwide_score,0.805,0.0133263044594295,0.0165544154775521,True
440000,445100,440000,rf_p5,0.781261978743479,445100,440000,潮州市,广东省,nationwide_score,0.748,0.0332619787434791,0.044467886020694,True
440000,445200,440000,rf_p5,0.739491795404062,445200,440000,揭阳市,广东省,nationwide_score,0.739,0.0004917954040617,0.0006654876915585,True
440000,445300,440000,rf_p5,0.724830749393451,445300,440000,云浮市,广东省,nationwide_score,0.762,0.0371692506065488,0.0487785441030824,True
440000,440100,440000,svr_pmae,0.842053722480729,440100,440000,广州市,广东省,nationwide_score,0.863,0.0209462775192712,0.0242714687361196,True
440000,440200,440000,svr_pmae,0.751542144430113,440200,440000,韶关市,广东省,nationwide_score,0.764,0.0124578555698869,0.0163060936778625,True
440000,440300,440000,svr_pmae,0.840717315369655,440300,440000,深圳市,广东省,nationwide_score,0.88,0.0392826846303453,0.0446394143526651,True
440000,440400,440000,svr_pmae,0.819959361754957,440400,440000,珠海市,广东省,nationwide_score,0.864,0.044040638245043,0.0509729609317627,False
440000,440500,440000,svr_pmae,0.792158541376173,440500,440000,汕头市,广东省,nationwide_score,0.761,0.031158541376173,0.0409442068018042,True
440000,440600,440000,svr_pmae,0.832435167614859,440600,440000,佛山市,广东省,nationwide_score,0.839,0.0065648323851409,0.0078245916390237,True
440000,440700,440000,svr_pmae,0.790634195687843,440700,440000,江门市,广东省,nationwide_score,0.796,0.0053658043121572,0.0067409601911523,True
440000,440800,440000,svr_pmae,0.736283990740698,440800,440000,湛江市,广东省,nationwide_score,0.754,0.0177160092593025,0.0234960335004011,True
440000,440900,440000,svr_pmae,0.7315093915977,440900,440000,茂名市,广东省,nationwide_score,0.761,0.0294906084023,0.0387524420529566,True
440000,441200,440000,svr_pmae,0.753937550773692,441200,440000,肇庆市,广东省,nationwide_score,0.768,0.0140624492263076,0.0183104807634213,True
440000,441300,440000,svr_pmae,0.776878520799413,441300,440000,惠州市,广东省,nationwide_score,0.794,0.0171214792005874,0.0215635758193797,True
440000,441400,440000,svr_pmae,0.743480594017163,441400,440000,梅州市,广东省,nationwide_score,0.749,0.005519405982837,0.0073690333549226,True
440000,441500,440000,svr_pmae,0.750517557280404,441500,440000,汕尾市,广东省,nationwide_score,0.738,0.0125175572804044,0.0169614597295453,True
440000,441600,440000,svr_pmae,0.728812337838366,441600,440000,河源市,广东省,nationwide_score,0.75,0.0211876621616337,0.0282502162155116,True
440000,441700,440000,svr_pmae,0.750524781565775,441700,440000,阳江市,广东省,nationwide_score,0.767,0.0164752184342252,0.0214800761854306,True
440000,441800,440000,svr_pmae,0.738318073062513,441800,440000,清远市,广东省,nationwide_score,0.753,0.0146819269374867,0.0194979109395573,True
440000,441900,440000,svr_pmae,0.820140493231835,441900,440000,东莞市,广东省,nationwide_score,0.815,0.0051404932318352,0.0063073536586936,True
440000,442000,440000,svr_pmae,0.813596072521302,442000,440000,中山市,广东省,nationwide_score,0.805,0.0085960725213019,0.010678350958139,True
440000,445100,440000,svr_pmae,0.774069486895233,445100,440000,潮州市,广东省,nationwide_score,0.748,0.0260694868952331,0.0348522552075309,True
440000,445200,440000,svr_pmae,0.740331602175725,445200,440000,揭阳市,广东省,nationwide_score,0.739,0.0013316021757252,0.0018018973961099,True
440000,445300,440000,svr_pmae,0.726705803433352,445300,440000,云浮市,广东省,nationwide_score,0.762,0.0352941965666478,0.0463178432633174,True
440000,440100,440000,svr_p5,0.866553362287337,440100,440000,广州市,广东省,nationwide_score,0.863,0.0035533622873371,0.0041174534036351,True
440000,440200,440000,svr_p5,0.756924938169339,440200,440000,韶关市,广东省,nationwide_score,0.764,0.0070750618306613,0.0092605521343734,True
440000,440300,440000,svr_p5,0.87754015810993,440300,440000,深圳市,广东省,nationwide_score,0.88,0.0024598418900694,0.0027952748750788,True
440000,440400,440000,svr_p5,0.806642075455972,440400,440000,珠海市,广东省,nationwide_score,0.864,0.0573579245440282,0.0663864867407734,False
440000,440500,440000,svr_p5,0.800968330017607,440500,440000,汕头市,广东省,nationwide_score,0.761,0.0399683300176074,0.0525208016000098,False
440000,440600,440000,svr_p5,0.856544625885363,440600,440000,佛山市,广东省,nationwide_score,0.839,0.017544625885363,0.0209113538562134,True
440000,440700,440000,svr_p5,0.789420704811233,440700,440000,江门市,广东省,nationwide_score,0.796,0.0065792951887674,0.0082654462170445,True
440000,440800,440000,svr_p5,0.736059751336526,440800,440000,湛江市,广东省,nationwide_score,0.754,0.0179402486634742,0.0237934332406819,True
440000,440900,440000,svr_p5,0.734761144312905,440900,440000,茂名市,广东省,nationwide_score,0.761,0.0262388556870951,0.0344794424271946,True
440000,441200,440000,svr_p5,0.755739110182438,441200,440000,肇庆市,广东省,nationwide_score,0.768,0.0122608898175621,0.015964700283284,True
440000,441300,440000,svr_p5,0.773790329402997,441300,440000,惠州市,广东省,nationwide_score,0.794,0.0202096705970032,0.0254529856385431,True
440000,441400,440000,svr_p5,0.747637830040313,441400,440000,梅州市,广东省,nationwide_score,0.749,0.0013621699596866,0.0018186514815575,True
440000,441500,440000,svr_p5,0.748346092634433,441500,440000,汕尾市,广东省,nationwide_score,0.738,0.0103460926344327,0.0140190957106134,True
440000,441600,440000,svr_p5,0.736177806899282,441600,440000,河源市,广东省,nationwide_score,0.75,0.0138221931007175,0.0184295908009567,True
440000,441700,440000,svr_p5,0.755422954912574,441700,440000,阳江市,广东省,nationwide_score,0.767,0.0115770450874264,0.0150939310135937,True
440000,441800,440000,svr_p5,0.739701857326567,441800,440000,清远市,广东省,nationwide_score,0.753,0.0132981426734333,0.0176602160337759,True
440000,441900,440000,svr_p5,0.8611819101391,441900,440000,东莞市,广东省,nationwide_score,0.815,0.0461819101390997,0.0566649204160733,False
440000,442000,440000,svr_p5,0.822918164335455,442000,440000,中山市,广东省,nationwide_score,0.805,0.0179181643354553,0.0222585892365904,True
440000,445100,440000,svr_p5,0.773006518728692,445100,440000,潮州市,广东省,nationwide_score,0.748,0.0250065187286919,0.0334311747709785,True
440000,445200,440000,svr_p5,0.73923648132878,445200,440000,揭阳市,广东省,nationwide_score,0.739,0.0002364813287799,0.0003200017980784,True
440000,445300,440000,svr_p5,0.730347273091096,445300,440000,云浮市,广东省,nationwide_score,0.762,0.031652726908904,0.0415390116914751,True
450000,450100,450000,mean_train,0.771593984962406,450100,450000,南宁市,广西壮族自治区,nationwide_score,0.776,0.0044060150375939,0.0056778544298891,True
450000,450200,450000,mean_train,0.771593984962406,450200,450000,柳州市,广西壮族自治区,nationwide_score,0.782,0.0104060150375939,0.0133069246005038,True
450000,450300,450000,mean_train,0.771593984962406,450300,450000,桂林市,广西壮族自治区,nationwide_score,0.757,0.014593984962406,0.0192787119714743,True
450000,450400,450000,mean_train,0.771593984962406,450400,450000,梧州市,广西壮族自治区,nationwide_score,0.741,0.0305939849624061,0.0412874290990636,True
450000,450500,450000,mean_train,0.771593984962406,450500,450000,北海市,广西壮族自治区,nationwide_score,0.792,0.0204060150375939,0.0257651705020126,True
450000,450600,450000,mean_train,0.771593984962406,450600,450000,防城港市,广西壮族自治区,nationwide_score,0.775,0.0034060150375939,0.0043948581130244,True
450000,450700,450000,mean_train,0.771593984962406,450700,450000,钦州市,广西壮族自治区,nationwide_score,0.739,0.0325939849624061,0.0441055276893182,True
450000,450800,450000,mean_train,0.771593984962406,450800,450000,贵港市,广西壮族自治区,nationwide_score,0.721,0.0505939849624061,0.0701719624998699,False
450000,450900,450000,mean_train,0.771593984962406,450900,450000,玉林市,广西壮族自治区,nationwide_score,0.729,0.0425939849624061,0.0584279629113939,False
450000,451000,450000,mean_train,0.771593984962406,451000,450000,百色市,广西壮族自治区,nationwide_score,0.73,0.0415939849624061,0.0569780615923372,False
450000,451100,450000,mean_train,0.771593984962406,451100,450000,贺州市,广西壮族自治区,nationwide_score,0.741,0.0305939849624061,0.0412874290990636,True
450000,451200,450000,mean_train,0.771593984962406,451200,450000,河池市,广西壮族自治区,nationwide_score,0.713,0.0585939849624061,0.0821795020510606,False
450000,451300,450000,mean_train,0.771593984962406,451300,450000,来宾市,广西壮族自治区,nationwide_score,0.732,0.0395939849624061,0.0540901433912652,False
450000,451400,450000,mean_train,0.771593984962406,451400,450000,崇左市,广西壮族自治区,nationwide_score,0.707,0.0645939849624062,0.0913634865097683,False
450000,450100,450000,ridge_pmae,0.784392106205872,450100,450000,南宁市,广西壮族自治区,nationwide_score,0.776,0.0083921062058719,0.0108145698529277,True
450000,450200,450000,ridge_pmae,0.79091976081456,450200,450000,柳州市,广西壮族自治区,nationwide_score,0.782,0.0089197608145603,0.0114063437526347,True
450000,450300,450000,ridge_pmae,0.753677409349441,450300,450000,桂林市,广西壮族自治区,nationwide_score,0.757,0.0033225906505591,0.0043891554168549,True
450000,450400,450000,ridge_pmae,0.737205268692604,450400,450000,梧州市,广西壮族自治区,nationwide_score,0.741,0.0037947313073959,0.0051210948817758,True
450000,450500,450000,ridge_pmae,0.754848984658092,450500,450000,北海市,广西壮族自治区,nationwide_score,0.792,0.0371510153419083,0.0469078476539246,True
450000,450600,450000,ridge_pmae,0.748826080019877,450600,450000,防城港市,广西壮族自治区,nationwide_score,0.775,0.0261739199801225,0.0337727999743516,True
450000,450700,450000,ridge_pmae,0.720101920599406,450700,450000,钦州市,广西壮族自治区,nationwide_score,0.739,0.018898079400594,0.0255725025718458,True
450000,450800,450000,ridge_pmae,0.718921456355199,450800,450000,贵港市,广西壮族自治区,nationwide_score,0.721,0.0020785436448004,0.0028828621980588,True
450000,450900,450000,ridge_pmae,0.724915382882449,450900,450000,玉林市,广西壮族自治区,nationwide_score,0.729,0.0040846171175509,0.0056030413135129,True
450000,451000,450000,ridge_pmae,0.719431036178436,451000,450000,百色市,广西壮族自治区,nationwide_score,0.73,0.0105689638215643,0.0144780326322799,True
450000,451100,450000,ridge_pmae,0.718321853675784,451100,450000,贺州市,广西壮族自治区,nationwide_score,0.741,0.0226781463242156,0.0306047858626391,True
450000,451200,450000,ridge_pmae,0.709262721159742,451200,450000,河池市,广西壮族自治区,nationwide_score,0.713,0.0037372788402582,0.0052416253019049,True
450000,451300,450000,ridge_pmae,0.708880331207084,451300,450000,来宾市,广西壮族自治区,nationwide_score,0.732,0.0231196687929157,0.0315842469848575,True
450000,451400,450000,ridge_pmae,0.722351147017127,451400,450000,崇左市,广西壮族自治区,nationwide_score,0.707,0.0153511470171275,0.0217130792321465,True
450000,450100,450000,ridge_p5,0.784392106205872,450100,450000,南宁市,广西壮族自治区,nationwide_score,0.776,0.0083921062058719,0.0108145698529277,True
450000,450200,450000,ridge_p5,0.79091976081456,450200,450000,柳州市,广西壮族自治区,nationwide_score,0.782,0.0089197608145603,0.0114063437526347,True
450000,450300,450000,ridge_p5,0.753677409349441,450300,450000,桂林市,广西壮族自治区,nationwide_score,0.757,0.0033225906505591,0.0043891554168549,True
450000,450400,450000,ridge_p5,0.737205268692604,450400,450000,梧州市,广西壮族自治区,nationwide_score,0.741,0.0037947313073959,0.0051210948817758,True
450000,450500,450000,ridge_p5,0.754848984658092,450500,450000,北海市,广西壮族自治区,nationwide_score,0.792,0.0371510153419083,0.0469078476539246,True
450000,450600,450000,ridge_p5,0.748826080019877,450600,450000,防城港市,广西壮族自治区,nationwide_score,0.775,0.0261739199801225,0.0337727999743516,True
450000,450700,450000,ridge_p5,0.720101920599406,450700,450000,钦州市,广西壮族自治区,nationwide_score,0.739,0.018898079400594,0.0255725025718458,True
450000,450800,450000,ridge_p5,0.718921456355199,450800,450000,贵港市,广西壮族自治区,nationwide_score,0.721,0.0020785436448004,0.0028828621980588,True
450000,450900,450000,ridge_p5,0.724915382882449,450900,450000,玉林市,广西壮族自治区,nationwide_score,0.729,0.0040846171175509,0.0056030413135129,True
450000,451000,450000,ridge_p5,0.719431036178436,451000,450000,百色市,广西壮族自治区,nationwide_score,0.73,0.0105689638215643,0.0144780326322799,True
450000,451100,450000,ridge_p5,0.718321853675784,451100,450000,贺州市,广西壮族自治区,nationwide_score,0.741,0.0226781463242156,0.0306047858626391,True
450000,451200,450000,ridge_p5,0.709262721159742,451200,450000,河池市,广西壮族自治区,nationwide_score,0.713,0.0037372788402582,0.0052416253019049,True
450000,451300,450000,ridge_p5,0.708880331207084,451300,450000,来宾市,广西壮族自治区,nationwide_score,0.732,0.0231196687929157,0.0315842469848575,True
450000,451400,450000,ridge_p5,0.722351147017127,451400,450000,崇左市,广西壮族自治区,nationwide_score,0.707,0.0153511470171275,0.0217130792321465,True
450000,450100,450000,rf_pmae,0.789760214285714,450100,450000,南宁市,广西壮族自治区,nationwide_score,0.776,0.0137602142857138,0.0177322349042704,True
450000,450200,450000,rf_pmae,0.790588047619047,450200,450000,柳州市,广西壮族自治区,nationwide_score,0.782,0.0085880476190474,0.0109821580806232,True
450000,450300,450000,rf_pmae,0.748666476190476,450300,450000,桂林市,广西壮族自治区,nationwide_score,0.757,0.0083335238095239,0.011008617978235,True
450000,450400,450000,rf_pmae,0.7509035,450400,450000,梧州市,广西壮族自治区,nationwide_score,0.741,0.0099035000000003,0.0133650472334688,True
450000,450500,450000,rf_pmae,0.756804511904762,450500,450000,北海市,广西壮族自治区,nationwide_score,0.792,0.0351954880952379,0.0444387475949974,True
450000,450600,450000,rf_pmae,0.766167095238095,450600,450000,防城港市,广西壮族自治区,nationwide_score,0.775,0.0088329047619051,0.0113972964669743,True
450000,450700,450000,rf_pmae,0.741775182539682,450700,450000,钦州市,广西壮族自治区,nationwide_score,0.739,0.0027751825396824,0.003755321433941,True
450000,450800,450000,rf_pmae,0.745568091269841,450800,450000,贵港市,广西壮族自治区,nationwide_score,0.721,0.0245680912698413,0.0340750225656607,True
450000,450900,450000,rf_pmae,0.750673579365079,450900,450000,玉林市,广西壮族自治区,nationwide_score,0.729,0.0216735793650792,0.0297305615433186,True
450000,451000,450000,rf_pmae,0.731495031746031,451000,450000,百色市,广西壮族自治区,nationwide_score,0.73,0.0014950317460317,0.0020479886931941,True
450000,451100,450000,rf_pmae,0.7427235,451100,450000,贺州市,广西壮族自治区,nationwide_score,0.741,0.0017234999999998,0.0023259109311739,True
450000,451200,450000,rf_pmae,0.739008535714285,451200,450000,河池市,广西壮族自治区,nationwide_score,0.713,0.0260085357142855,0.0364776096974551,True
450000,451300,450000,rf_pmae,0.740873746031745,451300,450000,来宾市,广西壮族自治区,nationwide_score,0.732,0.0088737460317456,0.0121226038685049,True
450000,451400,450000,rf_pmae,0.743009698412698,451400,450000,崇左市,广西壮族自治区,nationwide_score,0.707,0.0360096984126986,0.0509330953503516,False
450000,450100,450000,rf_p5,0.789760214285714,450100,450000,南宁市,广西壮族自治区,nationwide_score,0.776,0.0137602142857138,0.0177322349042704,True
450000,450200,450000,rf_p5,0.790588047619047,450200,450000,柳州市,广西壮族自治区,nationwide_score,0.782,0.0085880476190474,0.0109821580806232,True
450000,450300,450000,rf_p5,0.748666476190476,450300,450000,桂林市,广西壮族自治区,nationwide_score,0.757,0.0083335238095239,0.011008617978235,True
450000,450400,450000,rf_p5,0.7509035,450400,450000,梧州市,广西壮族自治区,nationwide_score,0.741,0.0099035000000003,0.0133650472334688,True
450000,450500,450000,rf_p5,0.756804511904762,450500,450000,北海市,广西壮族自治区,nationwide_score,0.792,0.0351954880952379,0.0444387475949974,True
450000,450600,450000,rf_p5,0.766167095238095,450600,450000,防城港市,广西壮族自治区,nationwide_score,0.775,0.0088329047619051,0.0113972964669743,True
450000,450700,450000,rf_p5,0.741775182539682,450700,450000,钦州市,广西壮族自治区,nationwide_score,0.739,0.0027751825396824,0.003755321433941,True
450000,450800,450000,rf_p5,0.745568091269841,450800,450000,贵港市,广西壮族自治区,nationwide_score,0.721,0.0245680912698413,0.0340750225656607,True
450000,450900,450000,rf_p5,0.750673579365079,450900,450000,玉林市,广西壮族自治区,nationwide_score,0.729,0.0216735793650792,0.0297305615433186,True
450000,451000,450000,rf_p5,0.731495031746031,451000,450000,百色市,广西壮族自治区,nationwide_score,0.73,0.0014950317460317,0.0020479886931941,True
450000,451100,450000,rf_p5,0.7427235,451100,450000,贺州市,广西壮族自治区,nationwide_score,0.741,0.0017234999999998,0.0023259109311739,True
450000,451200,450000,rf_p5,0.739008535714285,451200,450000,河池市,广西壮族自治区,nationwide_score,0.713,0.0260085357142855,0.0364776096974551,True
450000,451300,450000,rf_p5,0.740873746031745,451300,450000,来宾市,广西壮族自治区,nationwide_score,0.732,0.0088737460317456,0.0121226038685049,True
450000,451400,450000,rf_p5,0.743009698412698,451400,450000,崇左市,广西壮族自治区,nationwide_score,0.707,0.0360096984126986,0.0509330953503516,False
450000,450100,450000,svr_pmae,0.782273091690292,450100,450000,南宁市,广西壮族自治区,nationwide_score,0.776,0.0062730916902919,0.0080838810441907,True
450000,450200,450000,svr_pmae,0.79475597136248,450200,450000,柳州市,广西壮族自治区,nationwide_score,0.782,0.0127559713624804,0.016311983839489,True
450000,450300,450000,svr_pmae,0.750037931548454,450300,450000,桂林市,广西壮族自治区,nationwide_score,0.757,0.0069620684515455,0.0091969200152517,True
450000,450400,450000,svr_pmae,0.732324328890577,450400,450000,梧州市,广西壮族自治区,nationwide_score,0.741,0.0086756711094232,0.0117080581773593,True
450000,450500,450000,svr_pmae,0.757856795810112,450500,450000,北海市,广西壮族自治区,nationwide_score,0.792,0.0341432041898883,0.043110106300364,True
450000,450600,450000,svr_pmae,0.747531981102052,450600,450000,防城港市,广西壮族自治区,nationwide_score,0.775,0.027468018897948,0.0354426050296103,True
450000,450700,450000,svr_pmae,0.71577250327131,450700,450000,钦州市,广西壮族自治区,nationwide_score,0.739,0.0232274967286901,0.0314309833947093,True
450000,450800,450000,svr_pmae,0.719235807701892,450800,450000,贵港市,广西壮族自治区,nationwide_score,0.721,0.0017641922981082,0.0024468686520224,True
450000,450900,450000,svr_pmae,0.72802030905459,450900,450000,玉林市,广西壮族自治区,nationwide_score,0.729,0.0009796909454093,0.0013438833270362,True
450000,451000,450000,svr_pmae,0.713454523445649,451000,450000,百色市,广西壮族自治区,nationwide_score,0.73,0.0165454765543505,0.0226650363758227,True
450000,451100,450000,svr_pmae,0.717835997283118,451100,450000,贺州市,广西壮族自治区,nationwide_score,0.741,0.0231640027168821,0.0312604625059138,True
450000,451200,450000,svr_pmae,0.705335220566016,451200,450000,河池市,广西壮族自治区,nationwide_score,0.713,0.0076647794339838,0.0107500412818847,True
450000,451300,450000,svr_pmae,0.704185570315044,451300,450000,来宾市,广西壮族自治区,nationwide_score,0.732,0.0278144296849559,0.0379978547608687,True
450000,451400,450000,svr_pmae,0.718445479771313,451400,450000,崇左市,广西壮族自治区,nationwide_score,0.707,0.0114454797713131,0.0161887974134556,True
450000,450100,450000,svr_p5,0.782273091690292,450100,450000,南宁市,广西壮族自治区,nationwide_score,0.776,0.0062730916902919,0.0080838810441907,True
450000,450200,450000,svr_p5,0.79475597136248,450200,450000,柳州市,广西壮族自治区,nationwide_score,0.782,0.0127559713624804,0.016311983839489,True
450000,450300,450000,svr_p5,0.750037931548454,450300,450000,桂林市,广西壮族自治区,nationwide_score,0.757,0.0069620684515455,0.0091969200152517,True
450000,450400,450000,svr_p5,0.732324328890577,450400,450000,梧州市,广西壮族自治区,nationwide_score,0.741,0.0086756711094232,0.0117080581773593,True
450000,450500,450000,svr_p5,0.757856795810112,450500,450000,北海市,广西壮族自治区,nationwide_score,0.792,0.0341432041898883,0.043110106300364,True
450000,450600,450000,svr_p5,0.747531981102052,450600,450000,防城港市,广西壮族自治区,nationwide_score,0.775,0.027468018897948,0.0354426050296103,True
450000,450700,450000,svr_p5,0.71577250327131,450700,450000,钦州市,广西壮族自治区,nationwide_score,0.739,0.0232274967286901,0.0314309833947093,True
450000,450800,450000,svr_p5,0.719235807701892,450800,450000,贵港市,广西壮族自治区,nationwide_score,0.721,0.0017641922981082,0.0024468686520224,True
450000,450900,450000,svr_p5,0.72802030905459,450900,450000,玉林市,广西壮族自治区,nationwide_score,0.729,0.0009796909454093,0.0013438833270362,True
450000,451000,450000,svr_p5,0.713454523445649,451000,450000,百色市,广西壮族自治区,nationwide_score,0.73,0.0165454765543505,0.0226650363758227,True
450000,451100,450000,svr_p5,0.717835997283118,451100,450000,贺州市,广西壮族自治区,nationwide_score,0.741,0.0231640027168821,0.0312604625059138,True
450000,451200,450000,svr_p5,0.705335220566016,451200,450000,河池市,广西壮族自治区,nationwide_score,0.713,0.0076647794339838,0.0107500412818847,True
450000,451300,450000,svr_p5,0.704185570315044,451300,450000,来宾市,广西壮族自治区,nationwide_score,0.732,0.0278144296849559,0.0379978547608687,True
450000,451400,450000,svr_p5,0.718445479771313,451400,450000,崇左市,广西壮族自治区,nationwide_score,0.707,0.0114454797713131,0.0161887974134556,True
460000,460100,460000,mean_train,0.770086330935252,460100,460000,海口市,海南省,nationwide_score,0.801,0.0309136690647482,0.0385938440259029,True
460000,460200,460000,mean_train,0.770086330935252,460200,460000,三亚市,海南省,nationwide_score,0.794,0.0239136690647482,0.0301179711142924,True
460000,460100,460000,ridge_pmae,0.831266623127658,460100,460000,海口市,海南省,nationwide_score,0.801,0.0302666231276579,0.0377860463516328,True
460000,460200,460000,ridge_pmae,0.834930795311055,460200,460000,三亚市,海南省,nationwide_score,0.794,0.0409307953110551,0.0515501200391122,False
460000,460100,460000,ridge_p5,0.830684283946989,460100,460000,海口市,海南省,nationwide_score,0.801,0.0296842839469888,0.037059031144805,True
460000,460200,460000,ridge_p5,0.829696140506104,460200,460000,三亚市,海南省,nationwide_score,0.794,0.0356961405061042,0.0449573558011388,True
460000,460100,460000,rf_pmae,0.810856178571429,460100,460000,海口市,海南省,nationwide_score,0.801,0.0098561785714287,0.0123048421615839,True
460000,460200,460000,rf_pmae,0.782354833333333,460200,460000,三亚市,海南省,nationwide_score,0.794,0.0116451666666667,0.014666456759026,True
460000,460100,460000,rf_p5,0.810639714285714,460100,460000,海口市,海南省,nationwide_score,0.801,0.0096397142857143,0.0120345996076333,True
460000,460200,460000,rf_p5,0.797453857142857,460200,460000,三亚市,海南省,nationwide_score,0.794,0.0034538571428569,0.0043499460237493,True
460000,460100,460000,svr_pmae,0.809590421080966,460100,460000,海口市,海南省,nationwide_score,0.801,0.0085904210809658,0.0107246205754879,True
460000,460200,460000,svr_pmae,0.793478161318012,460200,460000,三亚市,海南省,nationwide_score,0.794,0.0005218386819885,0.0006572275591794,True
460000,460100,460000,svr_p5,0.812119891551308,460100,460000,海口市,海南省,nationwide_score,0.801,0.0111198915513083,0.0138825113000103,True
460000,460200,460000,svr_p5,0.797915451676411,460200,460000,三亚市,海南省,nationwide_score,0.794,0.0039154516764106,0.0049312993405675,True
510000,510100,510000,mean_train,0.771385496183206,510100,510000,成都市,四川省,nationwide_score,0.821,0.0496145038167937,0.060431795148348,False
510000,510300,510000,mean_train,0.771385496183206,510300,510000,自贡市,四川省,nationwide_score,0.758,0.0133854961832061,0.0176589659409052,True
510000,510400,510000,mean_train,0.771385496183206,510400,510000,攀枝花市,四川省,nationwide_score,0.79,0.0186145038167938,0.0235626630592327,True
510000,510500,510000,mean_train,0.771385496183206,510500,510000,泸州市,四川省,nationwide_score,0.751,0.0203854961832061,0.0271444689523384,True
510000,510600,510000,mean_train,0.771385496183206,510600,510000,德阳市,四川省,nationwide_score,0.77,0.0013854961832061,0.0017993456924755,True
510000,510700,510000,mean_train,0.771385496183206,510700,510000,绵阳市,四川省,nationwide_score,0.776,0.0046145038167938,0.0059465255371054,True
510000,510800,510000,mean_train,0.771385496183206,510800,510000,广元市,四川省,nationwide_score,0.739,0.0323854961832062,0.043823404848723,True
510000,510900,510000,mean_train,0.771385496183206,510900,510000,遂宁市,四川省,nationwide_score,0.749,0.0223854961832061,0.0298871778146944,True
510000,511000,510000,mean_train,0.771385496183206,511000,510000,内江市,四川省,nationwide_score,0.743,0.0283854961832062,0.0382038979585549,True
510000,511100,510000,mean_train,0.771385496183206,511100,510000,乐山市,四川省,nationwide_score,0.767,0.0043854961832061,0.005717726444858,True
510000,511300,510000,mean_train,0.771385496183206,511300,510000,南充市,四川省,nationwide_score,0.735,0.0363854961832063,0.0495040764397364,True
510000,511400,510000,mean_train,0.771385496183206,511400,510000,眉山市,四川省,nationwide_score,0.749,0.0223854961832061,0.0298871778146944,True
510000,511500,510000,mean_train,0.771385496183206,511500,510000,宜宾市,四川省,nationwide_score,0.762,0.0093854961832061,0.0123169241249424,True
510000,511600,510000,mean_train,0.771385496183206,511600,510000,广安市,四川省,nationwide_score,0.731,0.0403854961832063,0.0552469168032918,False
510000,511700,510000,mean_train,0.771385496183206,511700,510000,达州市,四川省,nationwide_score,0.738,0.0333854961832062,0.0452377997062416,True
510000,511800,510000,mean_train,0.771385496183206,511800,510000,雅安市,四川省,nationwide_score,0.756,0.0153854961832061,0.0203511854275213,True
510000,511900,510000,mean_train,0.771385496183206,511900,510000,巴中市,四川省,nationwide_score,0.722,0.0493854961832063,0.068400964242668,False
510000,512000,510000,mean_train,0.771385496183206,512000,510000,资阳市,四川省,nationwide_score,0.719,0.0523854961832063,0.0728588264022341,False
510000,510100,510000,ridge_pmae,0.80561666410166,510100,510000,成都市,四川省,nationwide_score,0.821,0.0153833358983401,0.0187373153451159,True
510000,510300,510000,ridge_pmae,0.774677279134196,510300,510000,自贡市,四川省,nationwide_score,0.758,0.0166772791341956,0.0220016875121315,True
510000,510400,510000,ridge_pmae,0.782875945935016,510400,510000,攀枝花市,四川省,nationwide_score,0.79,0.0071240540649839,0.0090177899556758,True
510000,510500,510000,ridge_pmae,0.761398610659073,510500,510000,泸州市,四川省,nationwide_score,0.751,0.0103986106590729,0.0138463524088854,True
510000,510600,510000,ridge_pmae,0.768672773542301,510600,510000,德阳市,四川省,nationwide_score,0.77,0.001327226457699,0.0017236707242844,True
510000,510700,510000,ridge_pmae,0.767916597610394,510700,510000,绵阳市,四川省,nationwide_score,0.776,0.0080834023896059,0.0104167556567086,True
510000,510800,510000,ridge_pmae,0.744127074995284,510800,510000,广元市,四川省,nationwide_score,0.739,0.0051270749952844,0.0069378552033618,True
510000,510900,510000,ridge_pmae,0.769972074867694,510900,510000,遂宁市,四川省,nationwide_score,0.749,0.0209720748676944,0.0280000999568684,True
510000,511000,510000,ridge_pmae,0.764519358994624,511000,510000,内江市,四川省,nationwide_score,0.743,0.0215193589946237,0.0289627981085111,True
510000,511100,510000,ridge_pmae,0.772734850377681,511100,510000,乐山市,四川省,nationwide_score,0.767,0.0057348503776809,0.0074769887583845,True
510000,511300,510000,ridge_pmae,0.768110823791239,511300,510000,南充市,四川省,nationwide_score,0.735,0.0331108237912386,0.0450487398520253,True
510000,511400,510000,ridge_pmae,0.76281798883843,511400,510000,眉山市,四川省,nationwide_score,0.749,0.0138179888384302,0.0184485832288787,True
510000,511500,510000,ridge_pmae,0.766328175972538,511500,510000,宜宾市,四川省,nationwide_score,0.762,0.0043281759725383,0.0056800209613363,True
510000,511600,510000,ridge_pmae,0.745990661550623,511600,510000,广安市,四川省,nationwide_score,0.731,0.0149906615506234,0.0205070609447653,True
510000,511700,510000,ridge_pmae,0.750141908509212,511700,510000,达州市,四川省,nationwide_score,0.738,0.0121419085092118,0.0164524505544875,True
510000,511800,510000,ridge_pmae,0.753778757134882,511800,510000,雅安市,四川省,nationwide_score,0.756,0.0022212428651177,0.0029381519379863,True
510000,511900,510000,ridge_pmae,0.75110161453536,511900,510000,巴中市,四川省,nationwide_score,0.722,0.0291016145353598,0.0403069453398336,True
510000,512000,510000,ridge_pmae,0.754461966772135,512000,510000,资阳市,四川省,nationwide_score,0.719,0.0354619667721349,0.0493212333409387,True
510000,510100,510000,ridge_p5,0.814124669950978,510100,510000,成都市,四川省,nationwide_score,0.821,0.006875330049022,0.008374336235106,True
510000,510300,510000,ridge_p5,0.789069919681892,510300,510000,自贡市,四川省,nationwide_score,0.758,0.0310699196818924,0.0409893399497261,True
510000,510400,510000,ridge_p5,0.804532027511729,510400,510000,攀枝花市,四川省,nationwide_score,0.79,0.0145320275117292,0.0183949715338344,True
510000,510500,510000,ridge_p5,0.768387635903818,510500,510000,泸州市,四川省,nationwide_score,0.751,0.0173876359038183,0.0231526443459631,True
510000,510600,510000,ridge_p5,0.771406788525565,510600,510000,德阳市,四川省,nationwide_score,0.77,0.0014067885255651,0.0018269980851496,True
510000,510700,510000,ridge_p5,0.778555983977974,510700,510000,绵阳市,四川省,nationwide_score,0.776,0.0025559839779738,0.0032937937860487,True
510000,510800,510000,ridge_p5,0.755807867049334,510800,510000,广元市,四川省,nationwide_score,0.739,0.0168078670493345,0.0227440690789371,True
510000,510900,510000,ridge_p5,0.778007887840767,510900,510000,遂宁市,四川省,nationwide_score,0.749,0.0290078878407667,0.0387288222173121,True
510000,511000,510000,ridge_p5,0.775332240005911,511000,510000,内江市,四川省,nationwide_score,0.743,0.0323322400059111,0.0435158008154928,True
510000,511100,510000,ridge_p5,0.779166339168929,511100,510000,乐山市,四川省,nationwide_score,0.767,0.012166339168929,0.0158622414197249,True
510000,511300,510000,ridge_p5,0.780680741575492,511300,510000,南充市,四川省,nationwide_score,0.735,0.0456807415754922,0.0621506688101935,False
510000,511400,510000,ridge_p5,0.767659218229345,511400,510000,眉山市,四川省,nationwide_score,0.749,0.0186592182293449,0.0249121738709544,True
510000,511500,510000,ridge_p5,0.776813191389577,511500,510000,宜宾市,四川省,nationwide_score,0.762,0.0148131913895769,0.0194398837133555,True
510000,511600,510000,ridge_p5,0.74345958455518,511600,510000,广安市,四川省,nationwide_score,0.731,0.01245958455518,0.0170445753148837,True
510000,511700,510000,ridge_p5,0.74863735354306,511700,510000,达州市,四川省,nationwide_score,0.738,0.01063735354306,0.0144137581884282,True
510000,511800,510000,ridge_p5,0.756887607825169,511800,510000,雅安市,四川省,nationwide_score,0.756,0.0008876078251686,0.0011740844248262,True
510000,511900,510000,ridge_p5,0.760361287121423,511900,510000,巴中市,四川省,nationwide_score,0.722,0.038361287121423,0.0531319766224696,False
510000,512000,510000,ridge_p5,0.762799732885422,512000,510000,资阳市,四川省,nationwide_score,0.719,0.0437997328854223,0.0609175700770826,False
510000,510100,510000,rf_pmae,0.827250880952381,510100,510000,成都市,四川省,nationwide_score,0.821,0.0062508809523807,0.0076137405022908,True
510000,510300,510000,rf_pmae,0.756181988095238,510300,510000,自贡市,四川省,nationwide_score,0.758,0.0018180119047621,0.0023984325920345,True
510000,510400,510000,rf_pmae,0.769991357142857,510400,510000,攀枝花市,四川省,nationwide_score,0.79,0.0200086428571429,0.0253273960216999,True
510000,510500,510000,rf_pmae,0.752122797619048,510500,510000,泸州市,四川省,nationwide_score,0.751,0.0011227976190475,0.0014950700653096,True
510000,510600,510000,rf_pmae,0.775804809523809,510600,510000,德阳市,四川省,nationwide_score,0.77,0.0058048095238094,0.007538713667285,True
510000,510700,510000,rf_pmae,0.771345023809524,510700,510000,绵阳市,四川省,nationwide_score,0.776,0.004654976190476,0.0059986806578299,True
510000,510800,510000,rf_pmae,0.727144738095238,510800,510000,广元市,四川省,nationwide_score,0.739,0.0118552619047619,0.0160423029834397,True
510000,510900,510000,rf_pmae,0.759713067460318,510900,510000,遂宁市,四川省,nationwide_score,0.749,0.0107130674603175,0.0143031608281942,True
510000,511000,510000,rf_pmae,0.742796638888889,511000,510000,内江市,四川省,nationwide_score,0.743,0.0002033611111108,0.000273702706744,True
510000,511100,510000,rf_pmae,0.75454525,511100,510000,乐山市,四川省,nationwide_score,0.767,0.0124547500000002,0.0162382659713171,True
510000,511300,510000,rf_pmae,0.74934644047619,511300,510000,南充市,四川省,nationwide_score,0.735,0.0143464404761907,0.019518966634273,True
510000,511400,510000,rf_pmae,0.744615638888889,511400,510000,眉山市,四川省,nationwide_score,0.749,0.0043843611111114,0.0058536196410032,True
510000,511500,510000,rf_pmae,0.745596630952381,511500,510000,宜宾市,四川省,nationwide_score,0.762,0.016403369047619,0.0215267310336208,True
510000,511600,510000,rf_pmae,0.737206472222222,511600,510000,广安市,四川省,nationwide_score,0.731,0.0062064722222223,0.0084903860769115,True
510000,511700,510000,rf_pmae,0.743033642857143,511700,510000,达州市,四川省,nationwide_score,0.738,0.0050336428571428,0.0068206542779712,True
510000,511800,510000,rf_pmae,0.733133047619048,511800,510000,雅安市,四川省,nationwide_score,0.756,0.0228669523809522,0.0302472915091961,True
510000,511900,510000,rf_pmae,0.730537325396825,511900,510000,巴中市,四川省,nationwide_score,0.722,0.0085373253968257,0.0118245504111159,True
510000,512000,510000,rf_pmae,0.735111126984127,512000,510000,资阳市,四川省,nationwide_score,0.719,0.0161111269841273,0.0224076870432925,True
510000,510100,510000,rf_p5,0.827250880952381,510100,510000,成都市,四川省,nationwide_score,0.821,0.0062508809523807,0.0076137405022908,True
510000,510300,510000,rf_p5,0.756181988095238,510300,510000,自贡市,四川省,nationwide_score,0.758,0.0018180119047621,0.0023984325920345,True
510000,510400,510000,rf_p5,0.769991357142857,510400,510000,攀枝花市,四川省,nationwide_score,0.79,0.0200086428571429,0.0253273960216999,True
510000,510500,510000,rf_p5,0.752122797619048,510500,510000,泸州市,四川省,nationwide_score,0.751,0.0011227976190475,0.0014950700653096,True
510000,510600,510000,rf_p5,0.775804809523809,510600,510000,德阳市,四川省,nationwide_score,0.77,0.0058048095238094,0.007538713667285,True
510000,510700,510000,rf_p5,0.771345023809524,510700,510000,绵阳市,四川省,nationwide_score,0.776,0.004654976190476,0.0059986806578299,True
510000,510800,510000,rf_p5,0.727144738095238,510800,510000,广元市,四川省,nationwide_score,0.739,0.0118552619047619,0.0160423029834397,True
510000,510900,510000,rf_p5,0.759713067460318,510900,510000,遂宁市,四川省,nationwide_score,0.749,0.0107130674603175,0.0143031608281942,True
510000,511000,510000,rf_p5,0.742796638888889,511000,510000,内江市,四川省,nationwide_score,0.743,0.0002033611111108,0.000273702706744,True
510000,511100,510000,rf_p5,0.75454525,511100,510000,乐山市,四川省,nationwide_score,0.767,0.0124547500000002,0.0162382659713171,True
510000,511300,510000,rf_p5,0.74934644047619,511300,510000,南充市,四川省,nationwide_score,0.735,0.0143464404761907,0.019518966634273,True
510000,511400,510000,rf_p5,0.744615638888889,511400,510000,眉山市,四川省,nationwide_score,0.749,0.0043843611111114,0.0058536196410032,True
510000,511500,510000,rf_p5,0.745596630952381,511500,510000,宜宾市,四川省,nationwide_score,0.762,0.016403369047619,0.0215267310336208,True
510000,511600,510000,rf_p5,0.737206472222222,511600,510000,广安市,四川省,nationwide_score,0.731,0.0062064722222223,0.0084903860769115,True
510000,511700,510000,rf_p5,0.743033642857143,511700,510000,达州市,四川省,nationwide_score,0.738,0.0050336428571428,0.0068206542779712,True
510000,511800,510000,rf_p5,0.733133047619048,511800,510000,雅安市,四川省,nationwide_score,0.756,0.0228669523809522,0.0302472915091961,True
510000,511900,510000,rf_p5,0.730537325396825,511900,510000,巴中市,四川省,nationwide_score,0.722,0.0085373253968257,0.0118245504111159,True
510000,512000,510000,rf_p5,0.735111126984127,512000,510000,资阳市,四川省,nationwide_score,0.719,0.0161111269841273,0.0224076870432925,True
510000,510100,510000,svr_pmae,0.843628644082211,510100,510000,成都市,四川省,nationwide_score,0.821,0.0226286440822111,0.0275622948626201,True
510000,510300,510000,svr_pmae,0.779467660171166,510300,510000,自贡市,四川省,nationwide_score,0.758,0.0214676601711664,0.0283214514131483,True
510000,510400,510000,svr_pmae,0.780691420678366,510400,510000,攀枝花市,四川省,nationwide_score,0.79,0.0093085793216339,0.0117830117995366,True
510000,510500,510000,svr_pmae,0.765470047585219,510500,510000,泸州市,四川省,nationwide_score,0.751,0.014470047585219,0.0192677065049521,True
510000,510600,510000,svr_pmae,0.787139825210162,510600,510000,德阳市,四川省,nationwide_score,0.77,0.0171398252101621,0.0222595132599507,True
510000,510700,510000,svr_pmae,0.779526451971893,510700,510000,绵阳市,四川省,nationwide_score,0.776,0.0035264519718928,0.0045443968709959,True
510000,510800,510000,svr_pmae,0.752993794799097,510800,510000,广元市,四川省,nationwide_score,0.739,0.0139937947990973,0.01893612286752,True
510000,510900,510000,svr_pmae,0.768951409989257,510900,510000,遂宁市,四川省,nationwide_score,0.749,0.019951409989257,0.0266373965143618,True
510000,511000,510000,svr_pmae,0.764527319882171,511000,510000,内江市,四川省,nationwide_score,0.743,0.0215273198821712,0.0289735126274175,True
510000,511100,510000,svr_pmae,0.774150797376746,511100,510000,乐山市,四川省,nationwide_score,0.767,0.0071507973767455,0.0093230735029276,True
510000,511300,510000,svr_pmae,0.769884030450035,511300,510000,南充市,四川省,nationwide_score,0.735,0.034884030450035,0.047461265918415,True
510000,511400,510000,svr_pmae,0.765615669311905,511400,510000,眉山市,四川省,nationwide_score,0.749,0.0166156693119052,0.0221838041547467,True
510000,511500,510000,svr_pmae,0.761912177546602,511500,510000,宜宾市,四川省,nationwide_score,0.762,8.78224533976679e-05,0.0001152525635139,True
510000,511600,510000,svr_pmae,0.751961944741724,511600,510000,广安市,四川省,nationwide_score,0.731,0.0209619447417237,0.02867571100099,True
510000,511700,510000,svr_pmae,0.760028670768069,511700,510000,达州市,四川省,nationwide_score,0.738,0.0220286707680688,0.029849147382207,True
510000,511800,510000,svr_pmae,0.757704516368912,511800,510000,雅安市,四川省,nationwide_score,0.756,0.0017045163689116,0.0022546512816291,True
510000,511900,510000,svr_pmae,0.751841640762224,511900,510000,巴中市,四川省,nationwide_score,0.722,0.0298416407622242,0.041331912413053,True
510000,512000,510000,svr_pmae,0.749955954857771,512000,510000,资阳市,四川省,nationwide_score,0.719,0.0309559548577708,0.04305417921804,True
510000,510100,510000,svr_p5,0.834024359925566,510100,510000,成都市,四川省,nationwide_score,0.821,0.0130243599255661,0.0158640193977663,True
510000,510300,510000,svr_p5,0.777319236490163,510300,510000,自贡市,四川省,nationwide_score,0.758,0.0193192364901627,0.0254871193801619,True
510000,510400,510000,svr_p5,0.781180412524714,510400,510000,攀枝花市,四川省,nationwide_score,0.79,0.0088195874752855,0.0111640347788424,True
510000,510500,510000,svr_p5,0.764362038508004,510500,510000,泸州市,四川省,nationwide_score,0.751,0.0133620385080039,0.0177923282396857,True
510000,510600,510000,svr_p5,0.783458656898953,510600,510000,德阳市,四川省,nationwide_score,0.77,0.0134586568989527,0.0174787751934451,True
510000,510700,510000,svr_p5,0.777028522321816,510700,510000,绵阳市,四川省,nationwide_score,0.776,0.0010285223218158,0.0013254153631647,True
510000,510800,510000,svr_p5,0.750264633332698,510800,510000,广元市,四川省,nationwide_score,0.739,0.0112646333326985,0.0152430762282795,True
510000,510900,510000,svr_p5,0.767310107607969,510900,510000,遂宁市,四川省,nationwide_score,0.749,0.018310107607969,0.0244460715727223,True
510000,511000,510000,svr_p5,0.761532956672392,511000,510000,内江市,四川省,nationwide_score,0.743,0.0185329566723917,0.0249434140947399,True
510000,511100,510000,svr_p5,0.771940694158747,511100,510000,乐山市,四川省,nationwide_score,0.767,0.0049406941587474,0.0064415829970631,True
510000,511300,510000,svr_p5,0.767856411952197,511300,510000,南充市,四川省,nationwide_score,0.735,0.0328564119521976,0.044702601295507,True
510000,511400,510000,svr_p5,0.762362094785372,511400,510000,眉山市,四川省,nationwide_score,0.749,0.0133620947853723,0.0178399129310711,True
510000,511500,510000,svr_p5,0.761814313933415,511500,510000,宜宾市,四川省,nationwide_score,0.762,0.0001856860665845,0.0002436825020794,True
510000,511600,510000,svr_p5,0.748982954997937,511600,510000,广安市,四川省,nationwide_score,0.731,0.0179829549979371,0.0246004856332929,True
510000,511700,510000,svr_p5,0.759192891369053,511700,510000,达州市,四川省,nationwide_score,0.738,0.0211928913690534,0.0287166549716171,True
510000,511800,510000,svr_p5,0.755154834130311,511800,510000,雅安市,四川省,nationwide_score,0.756,0.000845165869689,0.0011179442720755,True
510000,511900,510000,svr_p5,0.748920384386437,511900,510000,巴中市,四川省,nationwide_score,0.722,0.0269203843864369,0.0372858509507437,True
510000,512000,510000,svr_p5,0.745727588367748,512000,510000,资阳市,四川省,nationwide_score,0.719,0.0267275883677476,0.0371732800664084,True
520000,520100,520000,mean_train,0.771302919708029,520100,520000,贵阳市,贵州省,nationwide_score,0.775,0.0036970802919709,0.0047704261831882,True
520000,520200,520000,mean_train,0.771302919708029,520200,520000,六盘水市,贵州省,nationwide_score,0.719,0.0523029197080292,0.0727439773407917,False
520000,520300,520000,mean_train,0.771302919708029,520300,520000,遵义市,贵州省,nationwide_score,0.738,0.0333029197080292,0.0451259074634542,True
520000,520400,520000,mean_train,0.771302919708029,520400,520000,安顺市,贵州省,nationwide_score,0.707,0.0643029197080292,0.090951795909518,False
520000,520500,520000,mean_train,0.771302919708029,520500,520000,毕节市,贵州省,nationwide_score,0.686,0.085302919708029,0.124348279457768,False
520000,520600,520000,mean_train,0.771302919708029,520600,520000,铜仁市,贵州省,nationwide_score,0.717,0.0543029197080292,0.0757362896904173,False
520000,520100,520000,ridge_pmae,0.81924219109469,520100,520000,贵阳市,贵州省,nationwide_score,0.775,0.0442421910946902,0.0570866981866971,False
520000,520200,520000,ridge_pmae,0.732773094361992,520200,520000,六盘水市,贵州省,nationwide_score,0.719,0.0137730943619918,0.0191559031460247,True
520000,520300,520000,ridge_pmae,0.751680328927129,520300,520000,遵义市,贵州省,nationwide_score,0.738,0.0136803289271292,0.0185370310665707,True
520000,520400,520000,ridge_pmae,0.741208325378386,520400,520000,安顺市,贵州省,nationwide_score,0.707,0.0342083253783858,0.0483851844107295,True
520000,520500,520000,ridge_pmae,0.719132353419212,520500,520000,毕节市,贵州省,nationwide_score,0.686,0.0331323534192122,0.0482978912816505,True
520000,520600,520000,ridge_pmae,0.740412829035729,520600,520000,铜仁市,贵州省,nationwide_score,0.717,0.0234128290357296,0.0326538759215196,True
520000,520100,520000,ridge_p5,0.801755877276491,520100,520000,贵阳市,贵州省,nationwide_score,0.775,0.0267558772764907,0.0345237126148267,True
520000,520200,520000,ridge_p5,0.718832886133052,520200,520000,六盘水市,贵州省,nationwide_score,0.719,0.0001671138669481,0.0002324254060474,True
520000,520300,520000,ridge_p5,0.738534073645505,520300,520000,遵义市,贵州省,nationwide_score,0.738,0.000534073645505,0.0007236770264296,True
520000,520400,520000,ridge_p5,0.726702241033855,520400,520000,安顺市,贵州省,nationwide_score,0.707,0.019702241033855,0.0278673847720722,True
520000,520500,520000,ridge_p5,0.697690216196974,520500,520000,毕节市,贵州省,nationwide_score,0.686,0.0116902161969736,0.0170411314824688,True
520000,520600,520000,ridge_p5,0.735305962881492,520600,520000,铜仁市,贵州省,nationwide_score,0.717,0.0183059628814923,0.0255313289839502,True
520000,520100,520000,rf_pmae,0.807741642857143,520100,520000,贵阳市,贵州省,nationwide_score,0.775,0.032741642857143,0.042247281105991,True
520000,520200,520000,rf_pmae,0.740525285714286,520200,520000,六盘水市,贵州省,nationwide_score,0.719,0.0215252857142858,0.0299378104510233,True
520000,520300,520000,rf_pmae,0.747694361111111,520300,520000,遵义市,贵州省,nationwide_score,0.738,0.0096943611111114,0.0131359906654626,True
520000,520400,520000,rf_pmae,0.736951226190476,520400,520000,安顺市,贵州省,nationwide_score,0.707,0.029951226190476,0.0423638277093013,True
520000,520500,520000,rf_pmae,0.729885142857142,520500,520000,毕节市,贵州省,nationwide_score,0.686,0.0438851428571422,0.0639725114535601,False
520000,520600,520000,rf_pmae,0.737649154761905,520600,520000,铜仁市,贵州省,nationwide_score,0.717,0.0206491547619046,0.0287993790263663,True
520000,520100,520000,rf_p5,0.809225038225663,520100,520000,贵阳市,贵州省,nationwide_score,0.775,0.0342250382256632,0.044161339646017,True
520000,520200,520000,rf_p5,0.742420102813853,520200,520000,六盘水市,贵州省,nationwide_score,0.719,0.023420102813853,0.0325731610762908,True
520000,520300,520000,rf_p5,0.747728272453037,520300,520000,遵义市,贵州省,nationwide_score,0.738,0.0097282724530369,0.013181940993275,True
520000,520400,520000,rf_p5,0.740658009508465,520400,520000,安顺市,贵州省,nationwide_score,0.707,0.0336580095084655,0.0476068026993854,True
520000,520500,520000,rf_p5,0.731340493020867,520500,520000,毕节市,贵州省,nationwide_score,0.686,0.0453404930208675,0.0660940131499526,False
520000,520600,520000,rf_p5,0.736831704438535,520600,520000,铜仁市,贵州省,nationwide_score,0.717,0.0198317044385354,0.0276592809463534,True
520000,520100,520000,svr_pmae,0.814516625413276,520100,520000,贵阳市,贵州省,nationwide_score,0.775,0.0395166254132758,0.0509891940816462,False
520000,520200,520000,svr_pmae,0.7383757525304,520200,520000,六盘水市,贵州省,nationwide_score,0.719,0.0193757525304001,0.0269481954525732,True
520000,520300,520000,svr_pmae,0.750000307479447,520300,520000,遵义市,贵州省,nationwide_score,0.738,0.0120003074794475,0.0162605792404438,True
520000,520400,520000,svr_pmae,0.747095294365568,520400,520000,安顺市,贵州省,nationwide_score,0.707,0.0400952943655685,0.056711873218626,False
520000,520500,520000,svr_pmae,0.719807607725917,520500,520000,毕节市,贵州省,nationwide_score,0.686,0.0338076077259167,0.0492822270057095,True
520000,520600,520000,svr_pmae,0.743572113636667,520600,520000,铜仁市,贵州省,nationwide_score,0.717,0.0265721136366675,0.0370601305950733,True
520000,520100,520000,svr_p5,0.812826469519799,520100,520000,贵阳市,贵州省,nationwide_score,0.775,0.0378264695197985,0.0488083477674819,True
520000,520200,520000,svr_p5,0.740040996537934,520200,520000,六盘水市,贵州省,nationwide_score,0.719,0.0210409965379337,0.0292642510958745,True
520000,520300,520000,svr_p5,0.75267156170321,520300,520000,遵义市,贵州省,nationwide_score,0.738,0.0146715617032098,0.0198801649094984,True
520000,520400,520000,svr_p5,0.750654634077344,520400,520000,安顺市,贵州省,nationwide_score,0.707,0.0436546340773446,0.0617462999679556,False
520000,520500,520000,svr_p5,0.722078528744911,520500,520000,毕节市,贵州省,nationwide_score,0.686,0.0360785287449107,0.0525926074998699,False
520000,520600,520000,svr_p5,0.746450662233832,520600,520000,铜仁市,贵州省,nationwide_score,0.717,0.0294506622338318,0.0410748427250095,True
530000,530100,530000,mean_train,0.771341911764706,530100,530000,昆明市,云南省,nationwide_score,0.805,0.0336580882352941,0.0418112897332846,True
530000,530300,530000,mean_train,0.771341911764706,530300,530000,曲靖市,云南省,nationwide_score,0.736,0.035341911764706,0.0480189018542201,True
530000,530400,530000,mean_train,0.771341911764706,530400,530000,玉溪市,云南省,nationwide_score,0.782,0.0106580882352941,0.0136292688430871,True
530000,530500,530000,mean_train,0.771341911764706,530500,530000,保山市,云南省,nationwide_score,0.73,0.041341911764706,0.056632755842063,False
530000,530600,530000,mean_train,0.771341911764706,530600,530000,昭通市,云南省,nationwide_score,0.68,0.0913419117647058,0.13432634083045,False
530000,530700,530000,mean_train,0.771341911764706,530700,530000,丽江市,云南省,nationwide_score,0.726,0.045341911764706,0.0624544239183278,False
530000,530800,530000,mean_train,0.771341911764706,530800,530000,普洱市,云南省,nationwide_score,0.711,0.060341911764706,0.0848690742119635,False
530000,530900,530000,mean_train,0.771341911764706,530900,530000,临沧市,云南省,nationwide_score,0.704,0.067341911764706,0.0956561246657756,False
530000,530100,530000,ridge_pmae,0.781342794697827,530100,530000,昆明市,云南省,nationwide_score,0.805,0.0236572053021733,0.0293878326735072,True
530000,530300,530000,ridge_pmae,0.719292031326843,530300,530000,曲靖市,云南省,nationwide_score,0.736,0.016707968673157,0.0227010443928764,True
530000,530400,530000,ridge_pmae,0.755593370857721,530400,530000,玉溪市,云南省,nationwide_score,0.782,0.0264066291422785,0.0337680679568779,True
530000,530500,530000,ridge_pmae,0.717892042511963,530500,530000,保山市,云南省,nationwide_score,0.73,0.0121079574880367,0.0165862431342968,True
530000,530600,530000,ridge_pmae,0.700725971104981,530600,530000,昭通市,云南省,nationwide_score,0.68,0.0207259711049813,0.0304793692720313,True
530000,530700,530000,ridge_pmae,0.727663126790611,530700,530000,丽江市,云南省,nationwide_score,0.726,0.0016631267906112,0.0022908082515305,True
530000,530800,530000,ridge_pmae,0.718217087856337,530800,530000,普洱市,云南省,nationwide_score,0.711,0.0072170878563373,0.010150615831698,True
530000,530900,530000,ridge_pmae,0.712362191940109,530900,530000,临沧市,云南省,nationwide_score,0.704,0.0083621919401087,0.0118781135512908,True
530000,530100,530000,ridge_p5,0.820466071200454,530100,530000,昆明市,云南省,nationwide_score,0.805,0.0154660712004542,0.0192125108080177,True
530000,530300,530000,ridge_p5,0.740183613052139,530300,530000,曲靖市,云南省,nationwide_score,0.736,0.0041836130521389,0.0056842568643192,True
530000,530400,530000,ridge_p5,0.777357000274385,530400,530000,玉溪市,云南省,nationwide_score,0.782,0.0046429997256145,0.0059373398025761,True
530000,530500,530000,ridge_p5,0.725066760484687,530500,530000,保山市,云南省,nationwide_score,0.73,0.0049332395153132,0.0067578623497441,True
530000,530600,530000,ridge_p5,0.702168272884169,530600,530000,昭通市,云南省,nationwide_score,0.68,0.0221682728841686,0.032600401300248,True
530000,530700,530000,ridge_p5,0.742490122632819,530700,530000,丽江市,云南省,nationwide_score,0.726,0.0164901226328186,0.0227136675383177,True
530000,530800,530000,ridge_p5,0.716479922554488,530800,530000,普洱市,云南省,nationwide_score,0.711,0.0054799225544885,0.0077073453649628,True
530000,530900,530000,ridge_p5,0.714152208838758,530900,530000,临沧市,云南省,nationwide_score,0.704,0.0101522088387581,0.0144207511914177,True
530000,530100,530000,rf_pmae,0.800394297619047,530100,530000,昆明市,云南省,nationwide_score,0.805,0.0046057023809528,0.0057213694173326,True
530000,530300,530000,rf_pmae,0.734374583333333,530300,530000,曲靖市,云南省,nationwide_score,0.736,0.0016254166666663,0.0022084465579706,True
530000,530400,530000,rf_pmae,0.774967761904762,530400,530000,玉溪市,云南省,nationwide_score,0.782,0.007032238095238,0.0089926318353427,True
530000,530500,530000,rf_pmae,0.684373404761905,530500,530000,保山市,云南省,nationwide_score,0.73,0.0456265952380952,0.0625021852576646,False
530000,530600,530000,rf_pmae,0.6991455,530600,530000,昭通市,云南省,nationwide_score,0.68,0.0191454999999998,0.0281551470588232,True
530000,530700,530000,rf_pmae,0.725809166666666,530700,530000,丽江市,云南省,nationwide_score,0.726,0.0001908333333335,0.0002628558310379,True
530000,530800,530000,rf_pmae,0.71603775,530800,530000,普洱市,云南省,nationwide_score,0.711,0.0050377500000002,0.007085443037975,True
530000,530900,530000,rf_pmae,0.683800714285714,530900,530000,临沧市,云南省,nationwide_score,0.704,0.0201992857142855,0.0286921672077919,True
530000,530100,530000,rf_p5,0.793599432539682,530100,530000,昆明市,云南省,nationwide_score,0.805,0.0114005674603174,0.0141621956028788,True
530000,530300,530000,rf_p5,0.716411488095238,530300,530000,曲靖市,云南省,nationwide_score,0.736,0.019588511904762,0.0266148259575571,True
530000,530400,530000,rf_p5,0.740741813852813,530400,530000,玉溪市,云南省,nationwide_score,0.782,0.0412581861471866,0.0527598288327195,False
530000,530500,530000,rf_p5,0.705341773809524,530500,530000,保山市,云南省,nationwide_score,0.73,0.0246582261904761,0.0337783920417482,True
530000,530600,530000,rf_p5,0.697436833333334,530600,530000,昭通市,云南省,nationwide_score,0.68,0.0174368333333335,0.0256424019607846,True
530000,530700,530000,rf_p5,0.716194345238095,530700,530000,丽江市,云南省,nationwide_score,0.726,0.009805654761905,0.0135064115177756,True
530000,530800,530000,rf_p5,0.709871392857143,530800,530000,普洱市,云南省,nationwide_score,0.711,0.0011286071428572,0.0015873518183645,True
530000,530900,530000,rf_p5,0.702950869047619,530900,530000,临沧市,云南省,nationwide_score,0.704,0.001049130952381,0.0014902428300866,True
530000,530100,530000,svr_pmae,0.818743897566847,530100,530000,昆明市,云南省,nationwide_score,0.805,0.0137438975668469,0.0170731646793129,True
530000,530300,530000,svr_pmae,0.737971829584782,530300,530000,曲靖市,云南省,nationwide_score,0.736,0.0019718295847818,0.0026791162836709,True
530000,530400,530000,svr_pmae,0.776990158867405,530400,530000,玉溪市,云南省,nationwide_score,0.782,0.005009841132595,0.006406446461119,True
530000,530500,530000,svr_pmae,0.722698253646185,530500,530000,保山市,云南省,nationwide_score,0.73,0.0073017463538148,0.0100023922654998,True
530000,530600,530000,svr_pmae,0.704307755426757,530600,530000,昭通市,云南省,nationwide_score,0.68,0.0243077554267568,0.0357466991569954,True
530000,530700,530000,svr_pmae,0.743187557519985,530700,530000,丽江市,云南省,nationwide_score,0.726,0.0171875575199853,0.0236743216528723,True
530000,530800,530000,svr_pmae,0.717257666068431,530800,530000,普洱市,云南省,nationwide_score,0.711,0.0062576660684308,0.0088012180990588,True
530000,530900,530000,svr_pmae,0.713801525740524,530900,530000,临沧市,云南省,nationwide_score,0.704,0.0098015257405246,0.0139226217905179,True
530000,530100,530000,svr_p5,0.818743897566847,530100,530000,昆明市,云南省,nationwide_score,0.805,0.0137438975668469,0.0170731646793129,True
530000,530300,530000,svr_p5,0.737971829584782,530300,530000,曲靖市,云南省,nationwide_score,0.736,0.0019718295847818,0.0026791162836709,True
530000,530400,530000,svr_p5,0.776990158867405,530400,530000,玉溪市,云南省,nationwide_score,0.782,0.005009841132595,0.006406446461119,True
530000,530500,530000,svr_p5,0.722698253646185,530500,530000,保山市,云南省,nationwide_score,0.73,0.0073017463538148,0.0100023922654998,True
530000,530600,530000,svr_p5,0.704307755426757,530600,530000,昭通市,云南省,nationwide_score,0.68,0.0243077554267568,0.0357466991569954,True
530000,530700,530000,svr_p5,0.743187557519985,530700,530000,丽江市,云南省,nationwide_score,0.726,0.0171875575199853,0.0236743216528723,True
530000,530800,530000,svr_p5,0.717257666068431,530800,530000,普洱市,云南省,nationwide_score,0.711,0.0062576660684308,0.0088012180990588,True
530000,530900,530000,svr_p5,0.713801525740524,530900,530000,临沧市,云南省,nationwide_score,0.704,0.0098015257405246,0.0139226217905179,True
540000,540100,540000,mean_train,0.771781818181818,540100,540000,拉萨市,西藏自治区,nationwide_score,0.735,0.0367818181818183,0.0500432900432902,False
540000,540300,540000,mean_train,0.771781818181818,540300,540000,昌都市,西藏自治区,nationwide_score,0.659,0.112781818181818,0.171140847013381,False
540000,540400,540000,mean_train,0.771781818181818,540400,540000,林芝市,西藏自治区,nationwide_score,0.729,0.0427818181818183,0.0586856216485848,False
540000,540500,540000,mean_train,0.771781818181818,540500,540000,山南市,西藏自治区,nationwide_score,0.705,0.0667818181818183,0.0947259832366218,False
540000,540600,540000,mean_train,0.771781818181818,540600,540000,那曲市,西藏自治区,nationwide_score,0.611,0.160781818181818,0.263145365273025,False
540000,540100,540000,ridge_pmae,0.80353948510552,540100,540000,拉萨市,西藏自治区,nationwide_score,0.735,0.0685394851055201,0.0932510001435647,False
540000,540300,540000,ridge_pmae,0.661380633251101,540300,540000,昌都市,西藏自治区,nationwide_score,0.659,0.0023806332511008,0.003612493552505,True
540000,540400,540000,ridge_pmae,0.722787251421765,540400,540000,林芝市,西藏自治区,nationwide_score,0.729,0.0062127485782351,0.0085222888590331,True
540000,540500,540000,ridge_pmae,0.70491276328743,540500,540000,山南市,西藏自治区,nationwide_score,0.705,8.72367125700491e-05,0.0001237400178298,True
540000,540600,540000,ridge_pmae,0.645262548963884,540600,540000,那曲市,西藏自治区,nationwide_score,0.611,0.0342625489638843,0.0560761848836078,False
540000,540100,540000,ridge_p5,0.747060275135633,540100,540000,拉萨市,西藏自治区,nationwide_score,0.735,0.0120602751356333,0.0164085375995011,True
540000,540300,540000,ridge_p5,0.629498552068258,540300,540000,昌都市,西藏自治区,nationwide_score,0.659,0.0295014479317422,0.0447669923091688,True
540000,540400,540000,ridge_p5,0.725273229953691,540400,540000,林芝市,西藏自治区,nationwide_score,0.729,0.0037267700463083,0.0051121674160608,True
540000,540500,540000,ridge_p5,0.713452980421071,540500,540000,山南市,西藏自治区,nationwide_score,0.705,0.0084529804210707,0.011990043150455,True
540000,540600,540000,ridge_p5,0.605327348722089,540600,540000,那曲市,西藏自治区,nationwide_score,0.611,0.0056726512779111,0.0092842083108202,True
540000,540100,540000,rf_pmae,0.809374892857142,540100,540000,拉萨市,西藏自治区,nationwide_score,0.735,0.0743748928571424,0.101190330417881,False
540000,540300,540000,rf_pmae,0.711108833333333,540300,540000,昌都市,西藏自治区,nationwide_score,0.659,0.0521088333333332,0.0790725847243296,False
540000,540400,540000,rf_pmae,0.721836642857143,540400,540000,林芝市,西藏自治区,nationwide_score,0.729,0.007163357142857,0.0098262786596119,True
540000,540500,540000,rf_pmae,0.712825642857143,540500,540000,山南市,西藏自治区,nationwide_score,0.705,0.007825642857143,0.0111002026342454,True
540000,540600,540000,rf_pmae,0.70686919047619,540600,540000,那曲市,西藏自治区,nationwide_score,0.611,0.0958691904761905,0.156905385394747,False
540000,540100,540000,rf_p5,0.819679452727828,540100,540000,拉萨市,西藏自治区,nationwide_score,0.735,0.0846794527278279,0.115210139765752,False
540000,540300,540000,rf_p5,0.702116751485443,540300,540000,昌都市,西藏自治区,nationwide_score,0.659,0.0431167514854425,0.0654275439839796,False
540000,540400,540000,rf_p5,0.7095386588281,540400,540000,林芝市,西藏自治区,nationwide_score,0.729,0.0194613411718999,0.0266959412508915,True
540000,540500,540000,rf_p5,0.708164436605878,540500,540000,山南市,西藏自治区,nationwide_score,0.705,0.0031644366058779,0.004488562561529,True
540000,540600,540000,rf_p5,0.703293983087174,540600,540000,那曲市,西藏自治区,nationwide_score,0.611,0.0922939830871742,0.151053982139401,False
540000,540100,540000,svr_pmae,0.792393499187463,540100,540000,拉萨市,西藏自治区,nationwide_score,0.735,0.0573934991874629,0.0780863934523305,False
540000,540300,540000,svr_pmae,0.681525020767882,540300,540000,昌都市,西藏自治区,nationwide_score,0.659,0.0225250207678819,0.0341806081454961,True
540000,540400,540000,svr_pmae,0.747049946961696,540400,540000,林芝市,西藏自治区,nationwide_score,0.729,0.018049946961696,0.0247598723754403,True
540000,540500,540000,svr_pmae,0.722813156403332,540500,540000,山南市,西藏自治区,nationwide_score,0.705,0.0178131564033325,0.0252668885153653,True
540000,540600,540000,svr_pmae,0.700527300466369,540600,540000,那曲市,西藏自治区,nationwide_score,0.611,0.089527300466369,0.146525860010424,False
540000,540100,540000,svr_p5,0.792393499187463,540100,540000,拉萨市,西藏自治区,nationwide_score,0.735,0.0573934991874629,0.0780863934523305,False
540000,540300,540000,svr_p5,0.681525020767882,540300,540000,昌都市,西藏自治区,nationwide_score,0.659,0.0225250207678819,0.0341806081454961,True
540000,540400,540000,svr_p5,0.747049946961696,540400,540000,林芝市,西藏自治区,nationwide_score,0.729,0.018049946961696,0.0247598723754403,True
540000,540500,540000,svr_p5,0.722813156403332,540500,540000,山南市,西藏自治区,nationwide_score,0.705,0.0178131564033325,0.0252668885153653,True
540000,540600,540000,svr_p5,0.700527300466369,540600,540000,那曲市,西藏自治区,nationwide_score,0.611,0.089527300466369,0.146525860010424,False
610000,610100,610000,mean_train,0.770337037037037,610100,610000,西安市,陕西省,nationwide_score,0.826,0.0556629629629629,0.0673885750156936,False
610000,610200,610000,mean_train,0.770337037037037,610200,610000,铜川市,陕西省,nationwide_score,0.773,0.002662962962963,0.0034449714915434,True
610000,610300,610000,mean_train,0.770337037037037,610300,610000,宝鸡市,陕西省,nationwide_score,0.787,0.0166629629629631,0.0211727610711094,True
610000,610400,610000,mean_train,0.770337037037037,610400,610000,咸阳市,陕西省,nationwide_score,0.771,0.000662962962963,0.0008598741413269,True
610000,610500,610000,mean_train,0.770337037037037,610500,610000,渭南市,陕西省,nationwide_score,0.752,0.0183370370370369,0.0243843577620171,True
610000,610600,610000,mean_train,0.770337037037037,610600,610000,延安市,陕西省,nationwide_score,0.777,0.006662962962963,0.0085752419085754,True
610000,610700,610000,mean_train,0.770337037037037,610700,610000,汉中市,陕西省,nationwide_score,0.75,0.0203370370370369,0.0271160493827159,True
610000,610800,610000,mean_train,0.770337037037037,610800,610000,榆林市,陕西省,nationwide_score,0.799,0.0286629629629631,0.0358735456357485,True
610000,610900,610000,mean_train,0.770337037037037,610900,610000,安康市,陕西省,nationwide_score,0.733,0.037337037037037,0.0509372947299277,False
610000,611000,610000,mean_train,0.770337037037037,611000,610000,商洛市,陕西省,nationwide_score,0.72,0.050337037037037,0.0699125514403292,False
610000,610100,610000,ridge_pmae,0.824311709658545,610100,610000,西安市,陕西省,nationwide_score,0.826,0.001688290341455,0.0020439350380811,True
610000,610200,610000,ridge_pmae,0.770260169920907,610200,610000,铜川市,陕西省,nationwide_score,0.773,0.0027398300790929,0.0035444114865368,True
610000,610300,610000,ridge_pmae,0.770498405588186,610300,610000,宝鸡市,陕西省,nationwide_score,0.787,0.0165015944118138,0.0209677184394077,True
610000,610400,610000,ridge_pmae,0.764835330445402,610400,610000,咸阳市,陕西省,nationwide_score,0.771,0.0061646695545978,0.007995680356158,True
610000,610500,610000,ridge_pmae,0.742054758850087,610500,610000,渭南市,陕西省,nationwide_score,0.752,0.009945241149913,0.013225054720629,True
610000,610600,610000,ridge_pmae,0.75346183021007,610600,610000,延安市,陕西省,nationwide_score,0.777,0.0235381697899298,0.0302936548132945,True
610000,610700,610000,ridge_pmae,0.74795082174681,610700,610000,汉中市,陕西省,nationwide_score,0.75,0.0020491782531899,0.0027322376709199,True
610000,610800,610000,ridge_pmae,0.757528017464167,610800,610000,榆林市,陕西省,nationwide_score,0.799,0.0414719825358333,0.0519048592438465,False
610000,610900,610000,ridge_pmae,0.744245685884247,610900,610000,安康市,陕西省,nationwide_score,0.733,0.0112456858842474,0.0153419998420838,True
610000,611000,610000,ridge_pmae,0.714382712178874,611000,610000,商洛市,陕西省,nationwide_score,0.72,0.0056172878211259,0.0078017886404526,True
610000,610100,610000,ridge_p5,0.81526480359087,610100,610000,西安市,陕西省,nationwide_score,0.826,0.0107351964091295,0.0129966058221907,True
610000,610200,610000,ridge_p5,0.754794304715562,610200,610000,铜川市,陕西省,nationwide_score,0.773,0.0182056952844378,0.023551999074305,True
610000,610300,610000,ridge_p5,0.770558447959643,610300,610000,宝鸡市,陕西省,nationwide_score,0.787,0.0164415520403573,0.0208914257183702,True
610000,610400,610000,ridge_p5,0.759430992221195,610400,610000,咸阳市,陕西省,nationwide_score,0.771,0.0115690077788046,0.0150051981566856,True
610000,610500,610000,ridge_p5,0.746403863208016,610500,610000,渭南市,陕西省,nationwide_score,0.752,0.0055961367919837,0.0074416712659358,True
610000,610600,610000,ridge_p5,0.759822865137256,610600,610000,延安市,陕西省,nationwide_score,0.777,0.0171771348627439,0.0221069946753461,True
610000,610700,610000,ridge_p5,0.73155774506668,610700,610000,汉中市,陕西省,nationwide_score,0.75,0.0184422549333196,0.0245896732444261,True
610000,610800,610000,ridge_p5,0.770984281644826,610800,610000,榆林市,陕西省,nationwide_score,0.799,0.0280157183551742,0.035063477290581,True
610000,610900,610000,ridge_p5,0.744450010958855,610900,610000,安康市,陕西省,nationwide_score,0.733,0.0114500109588551,0.0156207516491884,True
610000,611000,610000,ridge_p5,0.706954095472574,611000,610000,商洛市,陕西省,nationwide_score,0.72,0.0130459045274261,0.0181193118436474,True
610000,610100,610000,rf_pmae,0.832280547619047,610100,610000,西安市,陕西省,nationwide_score,0.826,0.0062805476190476,0.0076035685460624,True
610000,610200,610000,rf_pmae,0.778593130952381,610200,610000,铜川市,陕西省,nationwide_score,0.773,0.0055931309523808,0.0072356157210619,True
610000,610300,610000,rf_pmae,0.770063218253968,610300,610000,宝鸡市,陕西省,nationwide_score,0.787,0.0169367817460316,0.0215206883685281,True
610000,610400,610000,rf_pmae,0.757498964285714,610400,610000,咸阳市,陕西省,nationwide_score,0.771,0.013501035714286,0.0175110709653515,True
610000,610500,610000,rf_pmae,0.7434785,610500,610000,渭南市,陕西省,nationwide_score,0.752,0.0085215000000001,0.0113317819148938,True
610000,610600,610000,rf_pmae,0.763912380952381,610600,610000,延安市,陕西省,nationwide_score,0.777,0.0130876190476189,0.016843782558068,True
610000,610700,610000,rf_pmae,0.749340444444444,610700,610000,汉中市,陕西省,nationwide_score,0.75,0.0006595555555557,0.0008794074074076,True
610000,610800,610000,rf_pmae,0.766251142857143,610800,610000,榆林市,陕西省,nationwide_score,0.799,0.032748857142857,0.0409873055605219,True
610000,610900,610000,rf_pmae,0.743458273809524,610900,610000,安康市,陕西省,nationwide_score,0.733,0.0104582738095241,0.0142677678165404,True
610000,611000,610000,rf_pmae,0.726805833333333,611000,610000,商洛市,陕西省,nationwide_score,0.72,0.0068058333333333,0.0094525462962963,True
610000,610100,610000,rf_p5,0.832119419497986,610100,610000,西安市,陕西省,nationwide_score,0.826,0.006119419497986,0.0074084981815811,True
610000,610200,610000,rf_p5,0.772910701780246,610200,610000,铜川市,陕西省,nationwide_score,0.773,8.92982197538972e-05,0.0001155216296945,True
610000,610300,610000,rf_p5,0.770075917751366,610300,610000,宝鸡市,陕西省,nationwide_score,0.787,0.0169240822486338,0.0215045517771713,True
610000,610400,610000,rf_p5,0.75070781511544,610400,610000,咸阳市,陕西省,nationwide_score,0.771,0.0202921848845596,0.0263193059462511,True
610000,610500,610000,rf_p5,0.747089392817021,610500,610000,渭南市,陕西省,nationwide_score,0.752,0.0049106071829787,0.0065300627433228,True
610000,610600,610000,rf_p5,0.76340390480731,610600,610000,延安市,陕西省,nationwide_score,0.777,0.0135960951926902,0.0174981920111843,True
610000,610700,610000,rf_p5,0.74023134124905,610700,610000,汉中市,陕西省,nationwide_score,0.75,0.0097686587509495,0.0130248783345994,True
610000,610800,610000,rf_p5,0.763637823721729,610800,610000,榆林市,陕西省,nationwide_score,0.799,0.0353621762782714,0.0442580429014661,True
610000,610900,610000,rf_p5,0.732178336209542,610900,610000,安康市,陕西省,nationwide_score,0.733,0.0008216637904581,0.0011209601506932,True
610000,611000,610000,rf_p5,0.714336663338296,611000,610000,商洛市,陕西省,nationwide_score,0.72,0.0056633366617042,0.0078657453634781,True
610000,610100,610000,svr_pmae,0.82813585286526,610100,610000,西安市,陕西省,nationwide_score,0.826,0.0021358528652604,0.0025857782872402,True
610000,610200,610000,svr_pmae,0.769967726015135,610200,610000,铜川市,陕西省,nationwide_score,0.773,0.0030322739848653,0.0039227347799034,True
610000,610300,610000,svr_pmae,0.770943832245338,610300,610000,宝鸡市,陕西省,nationwide_score,0.787,0.0160561677546622,0.0204017379347677,True
610000,610400,610000,svr_pmae,0.765204202003671,610400,610000,咸阳市,陕西省,nationwide_score,0.771,0.0057957979963292,0.0075172477254594,True
610000,610500,610000,svr_pmae,0.741082324272765,610500,610000,渭南市,陕西省,nationwide_score,0.752,0.0109176757272345,0.0145181858074927,True
610000,610600,610000,svr_pmae,0.756074944674435,610600,610000,延安市,陕西省,nationwide_score,0.777,0.0209250553255648,0.0269305731345751,True
610000,610700,610000,svr_pmae,0.745897378516673,610700,610000,汉中市,陕西省,nationwide_score,0.75,0.0041026214833267,0.0054701619777689,True
610000,610800,610000,svr_pmae,0.758553127478706,610800,610000,榆林市,陕西省,nationwide_score,0.799,0.040446872521294,0.0506218679866008,False
610000,610900,610000,svr_pmae,0.745433739732561,610900,610000,安康市,陕西省,nationwide_score,0.733,0.0124337397325607,0.0169628100034935,True
610000,611000,610000,svr_pmae,0.720665673625296,611000,610000,商洛市,陕西省,nationwide_score,0.72,0.0006656736252956,0.0009245467017995,True
610000,610100,610000,svr_p5,0.827902321419249,610100,610000,西安市,陕西省,nationwide_score,0.826,0.0019023214192492,0.0023030525656771,True
610000,610200,610000,svr_p5,0.768361865697668,610200,610000,铜川市,陕西省,nationwide_score,0.773,0.0046381343023317,0.0060001737416969,True
610000,610300,610000,svr_p5,0.769844392120811,610300,610000,宝鸡市,陕西省,nationwide_score,0.787,0.0171556078791884,0.0217987393636448,True
610000,610400,610000,svr_p5,0.764749999125346,610400,610000,咸阳市,陕西省,nationwide_score,0.771,0.0062500008746541,0.008106356517061,True
610000,610500,610000,svr_p5,0.741315798626491,610500,610000,渭南市,陕西省,nationwide_score,0.752,0.010684201373509,0.0142077145924321,True
610000,610600,610000,svr_p5,0.751957503429089,610600,610000,延安市,陕西省,nationwide_score,0.777,0.0250424965709113,0.0322297253164882,True
610000,610700,610000,svr_p5,0.745603450708623,610700,610000,汉中市,陕西省,nationwide_score,0.75,0.0043965492913773,0.0058620657218364,True
610000,610800,610000,svr_p5,0.756065991238823,610800,610000,榆林市,陕西省,nationwide_score,0.799,0.0429340087611771,0.0537346793005971,False
610000,610900,610000,svr_p5,0.741777370318764,610900,610000,安康市,陕西省,nationwide_score,0.733,0.0087773703187645,0.0119745843366501,True
610000,611000,610000,svr_p5,0.715666849672108,611000,610000,商洛市,陕西省,nationwide_score,0.72,0.0043331503278921,0.0060182643442946,True
620000,620100,620000,mean_train,0.772134328358209,620100,620000,兰州市,甘肃省,nationwide_score,0.778,0.005865671641791,0.0075394237041016,True
620000,620200,620000,mean_train,0.772134328358209,620200,620000,嘉峪关市,甘肃省,nationwide_score,0.817,0.044865671641791,0.05491514276841,False
620000,620300,620000,mean_train,0.772134328358209,620300,620000,金昌市,甘肃省,nationwide_score,0.783,0.010865671641791,0.0138769752768723,True
620000,620400,620000,mean_train,0.772134328358209,620400,620000,白银市,甘肃省,nationwide_score,0.724,0.048134328358209,0.0664838789478026,False
620000,620500,620000,mean_train,0.772134328358209,620500,620000,天水市,甘肃省,nationwide_score,0.687,0.0851343283582088,0.12392187533946,False
620000,620600,620000,mean_train,0.772134328358209,620600,620000,武威市,甘肃省,nationwide_score,0.723,0.049134328358209,0.0679589603847981,False
620000,620700,620000,mean_train,0.772134328358209,620700,620000,张掖市,甘肃省,nationwide_score,0.728,0.044134328358209,0.0606240774151223,False
620000,620800,620000,mean_train,0.772134328358209,620800,620000,平凉市,甘肃省,nationwide_score,0.69,0.0821343283582089,0.119035258490158,False
620000,620900,620000,mean_train,0.772134328358209,620900,620000,酒泉市,甘肃省,nationwide_score,0.764,0.0081343283582089,0.0106470266468703,True
620000,621000,620000,mean_train,0.772134328358209,621000,620000,庆阳市,甘肃省,nationwide_score,0.727,0.045134328358209,0.0620829826110166,False
620000,621100,620000,mean_train,0.772134328358209,621100,620000,定西市,甘肃省,nationwide_score,0.663,0.109134328358209,0.164606830102879,False
620000,621200,620000,mean_train,0.772134328358209,621200,620000,陇南市,甘肃省,nationwide_score,0.663,0.109134328358209,0.164606830102879,False
620000,620100,620000,ridge_pmae,0.808793145405891,620100,620000,兰州市,甘肃省,nationwide_score,0.778,0.0307931454058907,0.0395798784137412,True
620000,620200,620000,ridge_pmae,0.80845034748775,620200,620000,嘉峪关市,甘肃省,nationwide_score,0.817,0.0085496525122499,0.0104646909574662,True
620000,620300,620000,ridge_pmae,0.77665635297362,620300,620000,金昌市,甘肃省,nationwide_score,0.783,0.0063436470263797,0.008101720340204,True
620000,620400,620000,ridge_pmae,0.735019074045961,620400,620000,白银市,甘肃省,nationwide_score,0.724,0.0110190740459616,0.0152197155330962,True
620000,620500,620000,ridge_pmae,0.717833310276665,620500,620000,天水市,甘肃省,nationwide_score,0.687,0.0308333102766651,0.0448810921057716,True
620000,620600,620000,ridge_pmae,0.720758106536314,620600,620000,武威市,甘肃省,nationwide_score,0.723,0.0022418934636854,0.0031008208349729,True
620000,620700,620000,ridge_pmae,0.745350441591228,620700,620000,张掖市,甘肃省,nationwide_score,0.728,0.017350441591228,0.0238330241637747,True
620000,620800,620000,ridge_pmae,0.716959912686098,620800,620000,平凉市,甘肃省,nationwide_score,0.69,0.0269599126860979,0.0390723372262289,True
620000,620900,620000,ridge_pmae,0.766982579639749,620900,620000,酒泉市,甘肃省,nationwide_score,0.764,0.0029825796397489,0.0039039000520273,True
620000,621000,620000,ridge_pmae,0.71526767369116,621000,620000,庆阳市,甘肃省,nationwide_score,0.727,0.0117323263088394,0.0161380004248135,True
620000,621100,620000,ridge_pmae,0.701174455297843,621100,620000,定西市,甘肃省,nationwide_score,0.663,0.0381744552978433,0.0575783639484816,False
620000,621200,620000,ridge_pmae,0.695504292328581,621200,620000,陇南市,甘肃省,nationwide_score,0.663,0.0325042923285812,0.0490260819435613,True
620000,620100,620000,ridge_p5,0.812564880537164,620100,620000,兰州市,甘肃省,nationwide_score,0.778,0.0345648805371645,0.0444278670143503,True
620000,620200,620000,ridge_p5,0.802327763871601,620200,620000,嘉峪关市,甘肃省,nationwide_score,0.817,0.0146722361283987,0.0179586733517732,True
620000,620300,620000,ridge_p5,0.779141456668188,620300,620000,金昌市,甘肃省,nationwide_score,0.783,0.0038585433318119,0.0049278969754941,True
620000,620400,620000,ridge_p5,0.732965943876149,620400,620000,白银市,甘肃省,nationwide_score,0.724,0.0089659438761494,0.0123839003814219,True
620000,620500,620000,ridge_p5,0.714111439042382,620500,620000,天水市,甘肃省,nationwide_score,0.687,0.027111439042382,0.0394635211679505,True
620000,620600,620000,ridge_p5,0.71816560326725,620600,620000,武威市,甘肃省,nationwide_score,0.723,0.0048343967327502,0.0066865791600971,True
620000,620700,620000,ridge_p5,0.745999316844488,620700,620000,张掖市,甘肃省,nationwide_score,0.728,0.0179993168444885,0.0247243363248468,True
620000,620800,620000,ridge_p5,0.712086394096103,620800,620000,平凉市,甘肃省,nationwide_score,0.69,0.0220863940961029,0.0320092668059462,True
620000,620900,620000,ridge_p5,0.774336295919107,620900,620000,酒泉市,甘肃省,nationwide_score,0.764,0.0103362959191068,0.0135291831401922,True
620000,621000,620000,ridge_p5,0.712037465821393,621000,620000,庆阳市,甘肃省,nationwide_score,0.727,0.0149625341786067,0.0205812024465016,True
620000,621100,620000,ridge_p5,0.692254383741656,621100,620000,定西市,甘肃省,nationwide_score,0.663,0.0292543837416564,0.0441242590371892,True
620000,621200,620000,ridge_p5,0.686774543076604,621200,620000,陇南市,甘肃省,nationwide_score,0.663,0.0237745430766043,0.0358590393312282,True
620000,620100,620000,rf_pmae,0.807632083333333,620100,620000,兰州市,甘肃省,nationwide_score,0.778,0.0296320833333332,0.0380875107112252,True
620000,620200,620000,rf_pmae,0.801079166666667,620200,620000,嘉峪关市,甘肃省,nationwide_score,0.817,0.0159208333333331,0.0194869441044469,True
620000,620300,620000,rf_pmae,0.787319119047619,620300,620000,金昌市,甘肃省,nationwide_score,0.783,0.0043191190476193,0.0055161162804845,True
620000,620400,620000,rf_pmae,0.743593238095238,620400,620000,白银市,甘肃省,nationwide_score,0.724,0.0195932380952381,0.0270624835569587,True
620000,620500,620000,rf_pmae,0.724765571428571,620500,620000,天水市,甘肃省,nationwide_score,0.687,0.0377655714285713,0.0549717196922436,False
620000,620600,620000,rf_pmae,0.728167285714286,620600,620000,武威市,甘肃省,nationwide_score,0.723,0.0051672857142858,0.0071470065204506,True
620000,620700,620000,rf_pmae,0.745414126984127,620700,620000,张掖市,甘肃省,nationwide_score,0.728,0.0174141269841273,0.023920504099076,True
620000,620800,620000,rf_pmae,0.726732142857143,620800,620000,平凉市,甘肃省,nationwide_score,0.69,0.0367321428571427,0.053234989648033,False
620000,620900,620000,rf_pmae,0.784224619047619,620900,620000,酒泉市,甘肃省,nationwide_score,0.764,0.0202246190476191,0.0264720144602345,True
620000,621000,620000,rf_pmae,0.725371214285714,621000,620000,庆阳市,甘肃省,nationwide_score,0.727,0.0016287857142858,0.002240420514836,True
620000,621100,620000,rf_pmae,0.717685809523809,621100,620000,定西市,甘肃省,nationwide_score,0.663,0.0546858095238094,0.0824823673058965,False
620000,621200,620000,rf_pmae,0.71799776984127,621200,620000,陇南市,甘肃省,nationwide_score,0.663,0.0549977698412698,0.0829528956881897,False
620000,620100,620000,rf_p5,0.815870976190476,620100,620000,兰州市,甘肃省,nationwide_score,0.778,0.0378709761904764,0.04867734728853,True
620000,620200,620000,rf_p5,0.80405980952381,620200,620000,嘉峪关市,甘肃省,nationwide_score,0.817,0.0129401904761903,0.0158386664335254,True
620000,620300,620000,rf_p5,0.782937238095238,620300,620000,金昌市,甘肃省,nationwide_score,0.783,6.27619047620653e-05,8.01556893512967e-05,True
620000,620400,620000,rf_p5,0.741758666666667,620400,620000,白银市,甘肃省,nationwide_score,0.724,0.0177586666666668,0.0245285451197055,True
620000,620500,620000,rf_p5,0.71834030952381,620500,620000,天水市,甘肃省,nationwide_score,0.687,0.0313403095238096,0.0456190822762876,True
620000,620600,620000,rf_p5,0.726258111111111,620600,620000,武威市,甘肃省,nationwide_score,0.723,0.0032581111111111,0.0045063777470417,True
620000,620700,620000,rf_p5,0.746120119047619,620700,620000,张掖市,甘肃省,nationwide_score,0.728,0.0181201190476191,0.0248902734170592,True
620000,620800,620000,rf_p5,0.724357682539683,620800,620000,平凉市,甘肃省,nationwide_score,0.69,0.0343576825396828,0.0497937428111345,True
620000,620900,620000,rf_p5,0.778083642857143,620900,620000,酒泉市,甘肃省,nationwide_score,0.764,0.0140836428571429,0.0184340875093493,True
620000,621000,620000,rf_p5,0.724295658730159,621000,620000,庆阳市,甘肃省,nationwide_score,0.727,0.0027043412698409,0.0037198641951045,True
620000,621100,620000,rf_p5,0.706192559523809,621100,620000,定西市,甘肃省,nationwide_score,0.663,0.0431925595238091,0.0651471486030304,False
620000,621200,620000,rf_p5,0.706758880952381,621200,620000,陇南市,甘肃省,nationwide_score,0.663,0.0437588809523808,0.0660013287366227,False
620000,620100,620000,svr_pmae,0.824693219718006,620100,620000,兰州市,甘肃省,nationwide_score,0.778,0.0466932197180059,0.0600169919254575,False
620000,620200,620000,svr_pmae,0.813590546006764,620200,620000,嘉峪关市,甘肃省,nationwide_score,0.817,0.003409453993236,0.0041731383026144,True
620000,620300,620000,svr_pmae,0.788717419899536,620300,620000,金昌市,甘肃省,nationwide_score,0.783,0.0057174198995362,0.0073019411232901,True
620000,620400,620000,svr_pmae,0.737563717717257,620400,620000,白银市,甘肃省,nationwide_score,0.724,0.0135637177172571,0.018734416736543,True
620000,620500,620000,svr_pmae,0.726445544857758,620500,620000,天水市,甘肃省,nationwide_score,0.687,0.0394455448577581,0.0574170958628212,False
620000,620600,620000,svr_pmae,0.735666006728577,620600,620000,武威市,甘肃省,nationwide_score,0.723,0.0126660067285773,0.0175186815056394,True
620000,620700,620000,svr_pmae,0.752488953583193,620700,620000,张掖市,甘肃省,nationwide_score,0.728,0.0244889535831928,0.0336386725043857,True
620000,620800,620000,svr_pmae,0.726412611322949,620800,620000,平凉市,甘肃省,nationwide_score,0.69,0.0364126113229489,0.0527719004680419,False
620000,620900,620000,svr_pmae,0.7694753218726,620900,620000,酒泉市,甘肃省,nationwide_score,0.764,0.0054753218725996,0.0071666516657064,True
620000,621000,620000,svr_pmae,0.717679361656189,621000,620000,庆阳市,甘肃省,nationwide_score,0.727,0.0093206383438109,0.0128206854797949,True
620000,621100,620000,svr_pmae,0.710800426277919,621100,620000,定西市,甘肃省,nationwide_score,0.663,0.0478004262779191,0.0720971738731812,False
620000,621200,620000,svr_pmae,0.70400574815873,621200,620000,陇南市,甘肃省,nationwide_score,0.663,0.0410057481587298,0.0618487905863194,False
620000,620100,620000,svr_p5,0.824693219718006,620100,620000,兰州市,甘肃省,nationwide_score,0.778,0.0466932197180059,0.0600169919254575,False
620000,620200,620000,svr_p5,0.813590546006764,620200,620000,嘉峪关市,甘肃省,nationwide_score,0.817,0.003409453993236,0.0041731383026144,True
620000,620300,620000,svr_p5,0.788717419899536,620300,620000,金昌市,甘肃省,nationwide_score,0.783,0.0057174198995362,0.0073019411232901,True
620000,620400,620000,svr_p5,0.737563717717257,620400,620000,白银市,甘肃省,nationwide_score,0.724,0.0135637177172571,0.018734416736543,True
620000,620500,620000,svr_p5,0.726445544857758,620500,620000,天水市,甘肃省,nationwide_score,0.687,0.0394455448577581,0.0574170958628212,False
620000,620600,620000,svr_p5,0.735666006728577,620600,620000,武威市,甘肃省,nationwide_score,0.723,0.0126660067285773,0.0175186815056394,True
620000,620700,620000,svr_p5,0.752488953583193,620700,620000,张掖市,甘肃省,nationwide_score,0.728,0.0244889535831928,0.0336386725043857,True
620000,620800,620000,svr_p5,0.726412611322949,620800,620000,平凉市,甘肃省,nationwide_score,0.69,0.0364126113229489,0.0527719004680419,False
620000,620900,620000,svr_p5,0.7694753218726,620900,620000,酒泉市,甘肃省,nationwide_score,0.764,0.0054753218725996,0.0071666516657064,True
620000,621000,620000,svr_p5,0.717679361656189,621000,620000,庆阳市,甘肃省,nationwide_score,0.727,0.0093206383438109,0.0128206854797949,True
620000,621100,620000,svr_p5,0.710800426277919,621100,620000,定西市,甘肃省,nationwide_score,0.663,0.0478004262779191,0.0720971738731812,False
620000,621200,620000,svr_p5,0.70400574815873,621200,620000,陇南市,甘肃省,nationwide_score,0.663,0.0410057481587298,0.0618487905863194,False
630000,630100,630000,mean_train,0.770543165467626,630100,630000,西宁市,青海省,nationwide_score,0.761,0.0095431654676259,0.0125402962780892,True
630000,630200,630000,mean_train,0.770543165467626,630200,630000,海东市,青海省,nationwide_score,0.707,0.063543165467626,0.0898771788792448,False
630000,630100,630000,ridge_pmae,0.798354531334435,630100,630000,西宁市,青海省,nationwide_score,0.761,0.037354531334435,0.0490861121346057,True
630000,630200,630000,ridge_pmae,0.701532196918386,630200,630000,海东市,青海省,nationwide_score,0.707,0.0054678030816138,0.0077338091677706,True
630000,630100,630000,ridge_p5,0.800545081901867,630100,630000,西宁市,青海省,nationwide_score,0.761,0.0395450819018666,0.0519646279919404,False
630000,630200,630000,ridge_p5,0.700725093596283,630200,630000,海东市,青海省,nationwide_score,0.707,0.0062749064037169,0.0088753980250593,True
630000,630100,630000,rf_pmae,0.790827964285714,630100,630000,西宁市,青海省,nationwide_score,0.761,0.0298279642857142,0.0391957480758399,True
630000,630200,630000,rf_pmae,0.698345952380952,630200,630000,海东市,青海省,nationwide_score,0.707,0.0086540476190476,0.0122405199703644,True
630000,630100,630000,rf_p5,0.790827964285714,630100,630000,西宁市,青海省,nationwide_score,0.761,0.0298279642857142,0.0391957480758399,True
630000,630200,630000,rf_p5,0.698345952380952,630200,630000,海东市,青海省,nationwide_score,0.707,0.0086540476190476,0.0122405199703644,True
630000,630100,630000,svr_pmae,0.797340117743844,630100,630000,西宁市,青海省,nationwide_score,0.761,0.0363401177438434,0.0477531113585328,True
630000,630200,630000,svr_pmae,0.708980038668515,630200,630000,海东市,青海省,nationwide_score,0.707,0.0019800386685149,0.0028006204646604,True
630000,630100,630000,svr_p5,0.800195666709533,630100,630000,西宁市,青海省,nationwide_score,0.761,0.0391956667095334,0.0515054753081911,False
630000,630200,630000,svr_p5,0.706348614844257,630200,630000,海东市,青海省,nationwide_score,0.707,0.0006513851557425,0.0009213368539499,True
640000,640100,640000,mean_train,0.770610909090909,640100,640000,银川市,宁夏回族自治区,nationwide_score,0.796,0.0253890909090909,0.0318958428506167,True
640000,640200,640000,mean_train,0.770610909090909,640200,640000,石嘴山市,宁夏回族自治区,nationwide_score,0.778,0.0073890909090909,0.0094975461556438,True
640000,640300,640000,mean_train,0.770610909090909,640300,640000,吴忠市,宁夏回族自治区,nationwide_score,0.74,0.0306109090909092,0.0413660933660935,True
640000,640400,640000,mean_train,0.770610909090909,640400,640000,固原市,宁夏回族自治区,nationwide_score,0.714,0.0566109090909092,0.0792869875222819,False
640000,640500,640000,mean_train,0.770610909090909,640500,640000,中卫市,宁夏回族自治区,nationwide_score,0.733,0.0376109090909092,0.0513109264541736,False
640000,640100,640000,ridge_pmae,0.802492411698387,640100,640000,银川市,宁夏回族自治区,nationwide_score,0.796,0.0064924116983871,0.0081562961035013,True
640000,640200,640000,ridge_pmae,0.778104563448996,640200,640000,石嘴山市,宁夏回族自治区,nationwide_score,0.778,0.0001045634489963,0.0001344003200467,True
640000,640300,640000,ridge_pmae,0.731624046475446,640300,640000,吴忠市,宁夏回族自治区,nationwide_score,0.74,0.0083759535245542,0.0113188561142624,True
640000,640400,640000,ridge_pmae,0.714677486950783,640400,640000,固原市,宁夏回族自治区,nationwide_score,0.714,0.0006774869507837,0.0009488612756074,True
640000,640500,640000,ridge_pmae,0.723844559023824,640500,640000,中卫市,宁夏回族自治区,nationwide_score,0.733,0.0091554409761762,0.0124903696810044,True
640000,640100,640000,ridge_p5,0.803226374415032,640100,640000,银川市,宁夏回族自治区,nationwide_score,0.796,0.0072263744150314,0.0090783598178787,True
640000,640200,640000,ridge_p5,0.776065864688812,640200,640000,石嘴山市,宁夏回族自治区,nationwide_score,0.778,0.0019341353111879,0.0024860351043546,True
640000,640300,640000,ridge_p5,0.736895021979881,640300,640000,吴忠市,宁夏回族自治区,nationwide_score,0.74,0.0031049780201186,0.0041959162434036,True
640000,640400,640000,ridge_p5,0.70602535898345,640400,640000,固原市,宁夏回族自治区,nationwide_score,0.714,0.0079746410165494,0.0111689650091728,True
640000,640500,640000,ridge_p5,0.721229538960072,640500,640000,中卫市,宁夏回族自治区,nationwide_score,0.733,0.0117704610399272,0.0160579277488776,True
640000,640100,640000,rf_pmae,0.803688607142857,640100,640000,银川市,宁夏回族自治区,nationwide_score,0.796,0.007688607142857,0.0096590541995691,True
640000,640200,640000,rf_pmae,0.772587,640200,640000,石嘴山市,宁夏回族自治区,nationwide_score,0.778,0.0054130000000001,0.0069575835475579,True
640000,640300,640000,rf_pmae,0.738876476190476,640300,640000,吴忠市,宁夏回族自治区,nationwide_score,0.74,0.001123523809524,0.0015182754182757,True
640000,640400,640000,rf_pmae,0.713027321428571,640400,640000,固原市,宁夏回族自治区,nationwide_score,0.714,0.0009726785714285,0.0013622949179671,True
640000,640500,640000,rf_pmae,0.728835357142857,640500,640000,中卫市,宁夏回族自治区,nationwide_score,0.733,0.0041646428571429,0.0056816410056519,True
640000,640100,640000,rf_p5,0.801704595238095,640100,640000,银川市,宁夏回族自治区,nationwide_score,0.796,0.005704595238095,0.0071665769322802,True
640000,640200,640000,rf_p5,0.775085523809524,640200,640000,石嘴山市,宁夏回族自治区,nationwide_score,0.778,0.0029144761904763,0.003746113355368,True
640000,640300,640000,rf_p5,0.736975796536796,640300,640000,吴忠市,宁夏回族自治区,nationwide_score,0.74,0.0030242034632037,0.0040867614367618,True
640000,640400,640000,rf_p5,0.702400166666667,640400,640000,固原市,宁夏回族自治区,nationwide_score,0.714,0.0115998333333331,0.0162462651727354,True
640000,640500,640000,rf_p5,0.727683718253968,640500,640000,中卫市,宁夏回族自治区,nationwide_score,0.733,0.005316281746032,0.0072527718226903,True
640000,640100,640000,svr_pmae,0.805231479205349,640100,640000,银川市,宁夏回族自治区,nationwide_score,0.796,0.0092314792053491,0.011597335685112,True
640000,640200,640000,svr_pmae,0.779536834987395,640200,640000,石嘴山市,宁夏回族自治区,nationwide_score,0.778,0.001536834987395,0.0019753663077057,True
640000,640300,640000,svr_pmae,0.735982006989064,640300,640000,吴忠市,宁夏回族自治区,nationwide_score,0.74,0.004017993010936,0.0054297202850487,True
640000,640400,640000,svr_pmae,0.714180747702205,640400,640000,固原市,宁夏回族自治区,nationwide_score,0.714,0.0001807477022047,0.0002531480423036,True
640000,640500,640000,svr_pmae,0.725372222610199,640500,640000,中卫市,宁夏回族自治区,nationwide_score,0.733,0.0076277773898011,0.0104062447336986,True
640000,640100,640000,svr_p5,0.805231479205349,640100,640000,银川市,宁夏回族自治区,nationwide_score,0.796,0.0092314792053491,0.011597335685112,True
640000,640200,640000,svr_p5,0.779536834987395,640200,640000,石嘴山市,宁夏回族自治区,nationwide_score,0.778,0.001536834987395,0.0019753663077057,True
640000,640300,640000,svr_p5,0.735982006989064,640300,640000,吴忠市,宁夏回族自治区,nationwide_score,0.74,0.004017993010936,0.0054297202850487,True
640000,640400,640000,svr_p5,0.714180747702205,640400,640000,固原市,宁夏回族自治区,nationwide_score,0.714,0.0001807477022047,0.0002531480423036,True
640000,640500,640000,svr_p5,0.725372222610199,640500,640000,中卫市,宁夏回族自治区,nationwide_score,0.733,0.0076277773898011,0.0104062447336986,True
650000,650200,650000,mean_train,0.769921146953405,650200,650000,克拉玛依市,新疆维吾尔自治区,nationwide_score,0.871,0.101078853046595,0.116049199823875,False
650000,650200,650000,ridge_pmae,0.801847893768955,650200,650000,克拉玛依市,新疆维吾尔自治区,nationwide_score,0.871,0.0691521062310449,0.0793939221940814,False
650000,650200,650000,ridge_p5,0.820288421958704,650200,650000,克拉玛依市,新疆维吾尔自治区,nationwide_score,0.871,0.0507115780412955,0.0582222480382268,False
650000,650200,650000,rf_pmae,0.784329369047619,650200,650000,克拉玛依市,新疆维吾尔自治区,nationwide_score,0.871,0.0866706309523808,0.0995070389809194,False
650000,650200,650000,rf_p5,0.788234583333333,650200,650000,克拉玛依市,新疆维吾尔自治区,nationwide_score,0.871,0.0827654166666667,0.0950234404898584,False
650000,650200,650000,svr_pmae,0.794189185179409,650200,650000,克拉玛依市,新疆维吾尔自治区,nationwide_score,0.871,0.0768108148205907,0.0881869286114703,False
650000,650200,650000,svr_p5,0.79762058187897,650200,650000,克拉玛依市,新疆维吾尔自治区,nationwide_score,0.871,0.0733794181210296,0.0842473227566356,False
