cell_row,cell_col,native_mean_norm,overview_norm,raw_L2_difference,cosine_similarity,renormalized_mean_L2_difference
128,128,0.962955639709246,1.00009316125897,0.0388810578865084,0.999931186441253,0.0117323747821581
128,129,0.951389061114119,1.00530884879967,0.0551478158919409,0.999929980910589,0.012998672852133
128,130,0.979385919941136,1.00042352179345,0.0235990431411137,0.999941654387382,0.0108129559891206
128,131,0.985017831497407,1.00132141361749,0.0197527779056866,0.999936954784089,0.0113138491850898
128,132,0.974648754156097,1.00379898762376,0.0309133537633072,0.99994587868626,0.01109441962648
128,133,0.973471494825389,1.00162945927703,0.0300517180345861,0.999943472682837,0.010765407088613
128,134,0.939774792298116,1.00118123972447,0.0622332010216331,0.999945679049167,0.0104959783289698
128,135,0.92647092950154,1.00258921697899,0.0768766840031208,0.999937541914194,0.0114866727666796
128,136,0.950211026383203,1.00069247969837,0.0511942649326808,0.999961889791846,0.00876086328689597
128,137,0.963935935625366,1.00165744567968,0.0391458849924878,0.999943301822813,0.0107857048379811
128,138,0.919431772506554,1.00167044881506,0.0828582732839419,0.999944464079628,0.0106793155123435
128,139,0.898812127711334,0.999505166947336,0.101243095525283,0.999938178831293,0.0111277138194561
128,140,0.904245240204248,0.994930480836283,0.0912823753832549,0.999939611048603,0.0120774848976423
128,141,0.920484781726571,1.00312843997195,0.083277986197154,0.999943008020625,0.011141260583142
128,142,0.969124282332796,1.00339065010866,0.0357787768173362,0.999945528694971,0.0109912922120055
128,143,0.977047358460277,0.998758996827234,0.0244443249879371,0.999935373395977,0.0114294747594979
128,144,0.980198136497042,0.999049898110666,0.0222923854188545,0.99992772065553,0.0120550419765336
128,145,0.976426905970064,1.00202476839882,0.0279526142954157,0.999935559292376,0.0115430523403945
128,146,0.974367093572934,0.998428498646823,0.0266680160611956,0.999932037936719,0.0117550048113611
128,147,0.966445777121236,0.999510544866711,0.0350033360561525,0.999931698554828,0.0116951099047977
128,148,0.982042518275686,1.0006016016012,0.0219509894080049,0.999930082585344,0.0118440229084484
128,149,0.987588444648255,1.00010280591059,0.0169940489060619,0.999933082007604,0.0115698017691854
128,150,0.988301879410407,1.00278138206256,0.0180747570120314,0.999940951133432,0.0112321989935596
128,151,0.989696951779175,0.999190422130607,0.0153490789956679,0.999926449147018,0.0121506391603612
128,152,0.971748160281818,1.00478279845179,0.0348029239072625,0.99993857194538,0.0120962335575584
128,153,0.986941045973267,1.000580544341,0.0176135065642778,0.999937114969189,0.0112329919634854
128,154,0.978998440019879,0.999941138819159,0.0235856462820265,0.999939891117145,0.0109642215496113
128,155,0.992202412760682,1.00207603393793,0.0160293096273423,0.999919814731681,0.0128457537040889
128,156,0.990402560917874,0.99934278596488,0.0151020122310757,0.999925161453952,0.0122478835926375
128,157,0.988659333951626,1.00214198175908,0.0177293851095177,0.999933108408238,0.0117753059628811
128,158,0.980593386155983,0.998418142344614,0.021600417998351,0.999923978700604,0.0124219307148275
128,159,0.993870078980811,1.00039592073708,0.0141474563857177,0.99992076350986,0.0125973202010878
129,128,0.973387914441808,0.998277793908535,0.0278730539702975,0.999919008352114,0.0128323934234294
129,129,0.955480414001818,1.00054658441527,0.0470199733410717,0.999905900797193,0.0137331724831737
129,130,0.962733628203656,1.00239541444567,0.0413573574193109,0.999928824837863,0.0121831573356036
129,131,0.972219794634212,1.00130499528224,0.0312056214065399,0.999934338255773,0.0115411384911767
129,132,0.981334268097338,0.99911717432562,0.020336648120983,0.999950356609947,0.00999892536011646
129,133,0.964042890598729,0.997648373095625,0.0355211329593719,0.999931157329015,0.0119537319073619
129,134,0.942026662319082,0.999194099433719,0.0579038899438208,0.999954983782004,0.00951889460622326
129,135,0.905428858830606,0.999270007535535,0.0944197082240432,0.999939807706185,0.0109922516703957
129,136,0.955143518785072,1.00102955452508,0.0470757967511652,0.999942161252417,0.010810021922896
129,137,0.954677590008286,0.999388280441058,0.0459801755461826,0.999939664879379,0.0109986647241394
129,138,0.939599590447697,1.0003367349537,0.0615002151642749,0.999950380808576,0.00996921212073951
129,139,0.885968449274349,1.00011805970776,0.114580277301818,0.999944414072374,0.0105450897702414
129,140,0.901901977727646,1.00144849402814,0.1001291744958,0.999935594774937,0.0114496797441871
129,141,0.878496482507972,1.00218054512922,0.124138749161161,0.999936006275423,0.0115334864036361
129,142,0.975514079408798,1.00001343135108,0.0272416081795088,0.99992727677237,0.0120602068474467
129,143,0.978661512316714,1.00393358693457,0.0274440026654635,0.999941733218315,0.0115093468296006
129,144,0.960605847995927,0.998139922195402,0.0389970733687021,0.999941613067797,0.0109552063135466
129,145,0.985689734816673,1.00036253707971,0.0179276960517032,0.999946193664986,0.0103818648009918
129,146,0.952302512563386,0.998770605559457,0.0473372873522715,0.999957137848375,0.00933436258981418
129,147,0.960541173150718,1.00062054065498,0.041577142031246,0.999936375869968,0.0113009863943694
129,148,0.958202981045026,1.0007736207026,0.043769591545723,0.999946025130543,0.0104226551347836
129,149,0.971675111521812,0.998806679288383,0.0294322848736868,0.99993295449112,0.0116342175710931
129,150,0.987900759669075,1.00041280032788,0.0177042720037897,0.999920626972575,0.0126088060253487
129,151,0.979098362511664,0.997856738238007,0.0220937628836087,0.999930267291386,0.01198999905391
129,152,0.968154517561971,1.00140142671051,0.0347750355317368,0.999946392514106,0.0104560615213042
129,153,0.984464007899519,1.00092095354285,0.019527769471498,0.999943928348063,0.0106346009832939
129,154,0.975712301368233,0.999748217734015,0.0265420086164005,0.999935029584103,0.0114005047829695
129,155,0.988018055336022,1.00060732533267,0.017177737412522,0.999930921281408,0.0117732827943274
129,156,0.983192226390654,0.999965704259399,0.0213132361552783,0.999912066836451,0.013261277156861
129,157,0.993453643807282,0.999882085065699,0.0124669774196757,0.999942566960501,0.0107175761486659
129,158,0.981338728197934,0.996982179278779,0.0184510688728693,0.999951080023891,0.0103272421627562
129,159,0.992225335507925,0.999301365826013,0.0129153312675459,0.999941133739995,0.0108691470575433
130,128,0.964649041543124,0.997040774770803,0.0339904928657801,0.999944827490833,0.0108984171570713
130,129,0.967114084670943,1.00102293540983,0.0356563119699934,0.999937216196435,0.0112579950050548
130,130,0.974825847528461,0.999191162515587,0.0269105300138405,0.999933006650988,0.0115988164325179
130,131,0.976955470053109,1.00166628193678,0.0270636141923052,0.999937759523096,0.0112900340861053
130,132,0.97348194210764,1.00118807322924,0.0297990252434052,0.999938258029771,0.011182225468129
130,133,0.969991946181327,0.999469998692253,0.0316952864496249,0.999930047084933,0.011836916036193
130,134,0.948325433441723,0.998574637074,0.0512069814307205,0.999948693148,0.0102224802128739
130,135,0.945733423271148,1.00044303346903,0.0559920350383977,0.999924976918353,0.0122600537283096
130,136,0.94496536403679,1.00040414969138,0.0563195813893648,0.999947936437759,0.0102143303451611
130,137,0.935224162794087,0.999351074709131,0.0653139237980884,0.99991780174906,0.012833975411562
130,138,0.95895047112768,1.0018819886107,0.0446661204760233,0.999920923079993,0.0127276614062049
130,139,0.93800853860612,0.999701019264779,0.0626371730410872,0.999937373489315,0.0111939699216849
130,140,0.944461979499171,0.994599345839113,0.0513108483528087,0.99993663372157,0.0124585385786121
130,141,0.952498508445853,1.00054039703812,0.049629890155699,0.999918624982569,0.0127722360399041
130,142,0.956863745293314,1.00097814655131,0.0458436897128842,0.99991879122095,0.0127880098900886
130,143,0.956168915748235,1.00081487593291,0.0461319882041658,0.999929516251502,0.0119057293267914
130,144,0.989189431896109,0.999600903214159,0.0156811903548471,0.99993047039848,0.0117967361249621
130,145,0.923076249998566,1.000145812206,0.0779785506094753,0.999923670233646,0.0123573076975179
130,146,0.917183093421313,1.00036828487509,0.0839885359481738,0.999926814693417,0.0121062030793108
130,147,0.922047665018257,0.998905352078257,0.0776221740688555,0.999935888745953,0.0113701540739632
130,148,0.949656843721809,1.00048999080265,0.051737900681933,0.999951163372422,0.00989753530626736
130,149,0.97685394412321,1.00385055835887,0.0290360603237499,0.99994173270092,0.011480858901006
130,150,0.987642533957276,0.999871477007951,0.0168690676250662,0.999931637335899,0.0116929155479986
130,151,0.989033073341682,1.00299865230046,0.0177289375173672,0.999939880055765,0.0113838640938426
130,152,0.973436244334614,0.996790807617162,0.0257911925438223,0.999938293069821,0.0115462858654427
130,153,0.990073444820087,0.999913108163485,0.0155559855509527,0.999926681031762,0.012109200841864
130,154,0.985493240166385,1.00200943599813,0.019559375270896,0.999944411453385,0.0107442230763162
130,155,0.985874798542552,1.00201941152638,0.0189596118558713,0.999949983912398,0.0102133346290484
130,156,0.987153923340196,0.999336301460792,0.0168412479457499,0.999931466058321,0.0117225171083298
130,157,0.993161051769925,0.999743664339934,0.0137196082851552,0.999927033981674,0.0120814045970291
130,158,0.987459243399635,1.00258897919817,0.0188956179129814,0.999935286145521,0.0116818495064545
130,159,0.976502349404219,0.999424844912123,0.0253375514999444,0.999940288014111,0.0109401137036545
131,128,0.945251076049014,0.999876818896264,0.0555777647981538,0.999944496712945,0.0105360369105849
131,129,0.956258807097205,0.999874635216003,0.0447563956431932,0.999947290877011,0.0102674605707204
131,130,0.972630869027297,0.998611706898104,0.0278488393945456,0.99994823642003,0.010262104639574
131,131,0.968970787512124,1.00104873685944,0.034084792579472,0.999931556684163,0.0117528736371758
131,132,0.968940638207988,0.998462206577042,0.0311269022404959,0.999949681646097,0.0101413390610144
131,133,0.965620511244625,0.99648357880384,0.0324270209329398,0.999948565694516,0.0107178402503932
131,134,0.95905523193441,0.998638858984323,0.0415448532797473,0.999916934830022,0.0129521009107295
131,135,0.968677728115872,0.998968420122603,0.0326256893112973,0.999924091737642,0.0123581580702596
131,136,0.956309541277618,0.996905751554108,0.0418565435969736,0.999945498557436,0.0108738206976668
131,137,0.973827877507107,0.999831484791512,0.0287133667491398,0.999923859836205,0.0123403024036781
131,138,0.958740177494536,0.999770632394083,0.0428195917587147,0.999921744373459,0.012511113618292
131,139,0.943877626624528,1.00326371386757,0.060347295810532,0.999939232398604,0.0115144989959616
131,140,0.965522067616769,1.00036594528615,0.0363769931512831,0.999943476239194,0.0106406206009306
131,141,0.98934311206001,1.0037219272136,0.0174958105062031,0.999949974561306,0.0106899954000906
131,142,0.983578089511616,0.998631619636958,0.0184564737578838,0.999941952291629,0.0108539863124946
131,143,0.958648534694156,1.0008068828885,0.0433063311576503,0.999948869219924,0.0101486517947507
131,144,0.951703396335063,0.998914850988799,0.0485523312085663,0.999932464826589,0.0116662472005804
131,145,0.963499615041438,1.00142374201875,0.0391994457642858,0.999949030957772,0.0102034435033762
131,146,0.924237758006387,0.999868956489634,0.0764180019959938,0.999935271783058,0.0113779014698442
131,147,0.907136413847847,0.998317763080155,0.0917327277244325,0.999944316624211,0.0106775150373179
131,148,0.974085985646567,0.998847975980336,0.0269029511538386,0.999943156870909,0.0107183230136081
131,149,0.966380448784944,1.00094935481565,0.0360782156835864,0.999944883378629,0.0105469980453676
131,150,0.983911222902472,1.00379226802255,0.0227036949863117,0.999939147103509,0.0116854024631021
131,151,0.987452613835341,0.998284345937505,0.0149243890984391,0.999946533065124,0.0104734844768081
131,152,0.975930902000188,0.999286406290924,0.0265139788808448,0.999919244295588,0.0127242041511279
131,153,0.987040705766727,0.996141094816135,0.0142951365864722,0.999938196746673,0.0117482198686895
131,154,0.986881442624889,1.00413334642733,0.0203172656017975,0.999941893199017,0.0115662658508218
131,155,0.979226630741245,1.00251114446421,0.0262917921926134,0.999924064407268,0.0125919975567878
131,156,0.991801021760915,0.997061096508362,0.0132629141221723,0.999925048755598,0.0125737462034595
131,157,0.989284849082898,0.999115250317206,0.014074628344005,0.999948675945334,0.0101656319749989
131,158,0.979033051196039,1.00090567984627,0.0250681459224125,0.999923463091142,0.0124109914821765
131,159,0.914120121220083,0.99790640342631,0.0846066271559308,0.999924282331004,0.0124700216559873
132,128,0.931852850934913,1.00331925716719,0.0723061471245417,0.999935433862577,0.0118565748095445
132,129,0.946297427724913,0.9992326194119,0.0539679261331833,0.999941621252069,0.0108285165832156
132,130,0.97278882251311,1.00205406358349,0.0311442197941882,0.999941778002506,0.0109955607206902
132,131,0.947044900113864,0.997248225271575,0.0515515828012464,0.999927368599343,0.0123464705468145
132,132,0.943952716880799,0.994896236766956,0.0519159110180403,0.999946749084086,0.01148941560016
132,133,0.959928436393395,0.99900819878649,0.0406410286527363,0.999935105084921,0.0114299944922566
132,134,0.970863244540446,1.0007814778925,0.0321309702995298,0.999929345685789,0.0119176241628766
132,135,0.973416997796624,1.00113838752161,0.0300313251407656,0.999931553821343,0.0117619777254885
132,136,0.951084251757345,1.00057354217435,0.050479989416687,0.99994796323533,0.0102206736825077
132,137,0.94499041199699,1.00075669426076,0.0570017142258206,0.999926342191102,0.0121655117805255
132,138,0.947477416524107,1.00020995215002,0.0538966901474265,0.99993450670346,0.0114480641989392
132,139,0.951801488718861,0.997609611772065,0.0468131796366644,0.999950981005634,0.0101743597222299
132,140,0.90799689143964,0.998807221056874,0.0914134504331342,0.99993940827198,0.0110662384111902
132,141,0.966451017112541,1.00211570812649,0.0373854312191715,0.999935105402929,0.0115991383762363
132,142,0.953501270723348,0.999013104011237,0.0468542667071567,0.999934914700882,0.0114462263252435
132,143,0.967473178610466,1.00121424837146,0.0352611890116793,0.999945856663444,0.0104829651881235
132,144,0.903641598265637,1.00034578147197,0.0973242282247544,0.999933455495606,0.0115435953379941
132,145,0.932480690085012,1.0009808721966,0.069560554774365,0.999921578871358,0.0125681426535324
132,146,0.935171668536348,1.00298459679325,0.0689387142397828,0.999917932200658,0.0131732036833878
132,147,0.990666831475727,1.00246536138856,0.0170722035758036,0.999923344366662,0.0126399066899435
132,148,0.96899074707439,0.99936612604474,0.0322782579016429,0.999938442185455,0.011110327874984
132,149,0.963310532190455,1.00157006491581,0.0397205354763398,0.999940958551424,0.0109878750814424
132,150,0.98141019574457,1.00102725617363,0.0223425123504914,0.999941797301718,0.0108434417954751
132,151,0.983847202646494,1.00123325331449,0.0206600583526594,0.999936773807894,0.0113194189680201
132,152,0.978433198118502,0.996771501581635,0.0207624211208481,0.999951406104845,0.01035843722387
132,153,0.980845319453916,1.00162861680166,0.0232786967553407,0.999944041383057,0.0107122311803396
132,154,0.976905735096431,0.999325695182682,0.0252509081205392,0.999930881349573,0.0117727980431343
132,155,0.963498449927391,0.996465444039519,0.0346341266433248,0.999941307749335,0.0113781670350803
132,156,0.973975670836826,1.00249061235904,0.0307426843627952,0.99993239934785,0.0119055108358367
132,157,0.955757924228895,0.999683556080206,0.0452328593146284,0.999939007923118,0.011047429084331
132,158,0.92594178550309,0.99925670240139,0.0740399680247329,0.999942264567908,0.0107674289544137
132,159,0.893921767115703,0.997899666898155,0.104486138831212,0.999940614175457,0.0110875420268535
133,128,0.977783649511696,0.999325424439014,0.0241329403656103,0.999939439243977,0.0110224706223751
133,129,0.964871263031485,1.00375610203583,0.0402775513561416,0.999943081589851,0.0113301679384994
133,130,0.967763117349651,1.0028431177378,0.0366771311310881,0.999940956311775,0.011247507778819
133,131,0.962343489267044,1.00082408071031,0.040014202123774,0.999937506028983,0.0112147247492964
133,132,0.966742998572575,0.9985573190357,0.034078940556376,0.999922710174451,0.0125075165537364
133,133,0.954246817823261,1.00262189054773,0.0494733933033573,0.999943836360374,0.0109314271313543
133,134,0.948847194808166,0.999987928622829,0.0525410645966481,0.999923491070379,0.0123699700009141
133,135,0.933279693779375,1.00253760589443,0.0701623365003385,0.999932616179364,0.0118974397291134
133,136,0.946505609584935,0.999617940079318,0.0545732606205036,0.999916861954285,0.0128980050311008
133,137,0.897397369279324,1.0013305589424,0.104407149478477,0.999945055701819,0.0105737976487091
133,138,0.961440480489396,1.00092567548752,0.0406323207322475,0.999952248802443,0.00982077769063765
133,139,0.931956306194387,1.00175240208354,0.0705686628787797,0.999941922449424,0.0109283834419593
133,140,0.955395340043796,0.998310210585351,0.0440141240511308,0.999949906210077,0.0101426659316028
133,141,0.92424325323393,0.999047542177436,0.0756397080581098,0.999931942368544,0.011700119433941
133,142,0.952937898618491,0.996998120356669,0.0448663092442923,0.999962275403243,0.0091779074688816
133,143,0.964198137901768,1.00139851893878,0.0392932109724534,0.999917099764351,0.0129610262563791
133,144,0.945109233210621,1.00395058419747,0.059797784034108,0.999940205917416,0.0116476488521695
133,145,0.971758303539894,1.00038941847251,0.0306504766988452,0.999938428938746,0.0111059318866533
133,146,0.954474662515119,1.00343907410932,0.0501332311052293,0.9999395320329,0.0115403237635608
133,147,0.971081758308484,0.997256730635092,0.0287420319893491,0.999927213634578,0.0123571401399912
133,148,0.947892686415896,0.998606462449442,0.0514092278267077,0.999962484816798,0.00876742582949068
133,149,0.936829189203051,0.998491920837585,0.0625500766485344,0.999941085264884,0.0109510765144163
133,150,0.93996270255078,0.996816976749037,0.0577350117475648,0.999946143951819,0.0108397824365299
133,151,0.980154345645776,1.00233122369993,0.0252596266863287,0.999925575646553,0.0124350436455131
133,152,0.958379607035026,1.00178662331863,0.0449787287859355,0.999927654329321,0.0121713546150592
133,153,0.89855466472201,1.00028646599184,0.1023764455296,0.999926804938401,0.0121043017872004
133,154,0.940299598350588,1.00089048531142,0.0617353983207281,0.999925619843433,0.0122346126255615
133,155,0.936439302425287,1.00374264901936,0.0681103081245968,0.999941872280483,0.0114323210250219
133,156,0.914892043067161,0.99673145711688,0.082507954339657,0.999939756204084,0.0114357835564654
133,157,0.896072034978354,0.996594100503761,0.101162986346887,0.999927625286042,0.012484253173138
133,158,0.928134481183523,1.00078618348031,0.0734848307520314,0.999934462697239,0.0114802325183454
133,159,0.973083752344205,1.00376991112372,0.0325668623950008,0.999939104213619,0.0116817355750964
134,128,0.902432633544554,1.0023939950341,0.100563196248668,0.999933294508214,0.0118093852942339
134,129,0.97202471285948,1.00187909356464,0.0313885327211942,0.999951760630674,0.0100095466358024
134,130,0.964617948149513,1.00103960219034,0.0379911166479469,0.99993952695247,0.0110522668987223
134,131,0.971353983878939,0.997059086934877,0.0281923680321165,0.999930791087444,0.0121103146109875
134,132,0.932483076118596,0.997796770400576,0.0662150502394723,0.999936290534692,0.0114887953295264
134,133,0.942291600936718,0.997803883071034,0.0564805897031324,0.99994233089618,0.0109502438792726
134,134,0.945557020915193,0.99891454225195,0.0544246786326781,0.999939112319963,0.0110824815176864
134,135,0.943513863013169,0.998214333472622,0.0558455830089474,0.999932796895825,0.0117198467836027
134,136,0.906851629643976,1.00058320488675,0.0945345603329215,0.999916697075709,0.0129245170844924
134,137,0.987579705941161,0.999905403096013,0.0164366401622748,0.999940130647184,0.0109424095744882
134,138,0.914355471285294,1.0013021080158,0.0875231791036685,0.999945065985228,0.0105691331182579
134,139,0.958177634241226,1.00127794761835,0.0444042963374101,0.999940533528203,0.0109871781537239
134,140,0.949528491182899,1.00110497192472,0.0527046912545424,0.999938115992345,0.0111859616684607
134,141,0.950461247187511,0.999849935075926,0.0505370173249439,0.999939626759492,0.0109886705604919
134,142,0.920268811230448,1.00239550315883,0.0827811720901317,0.999941500245371,0.0110913577768725
134,143,0.943228405106085,0.997586475258926,0.0555978662580547,0.999927561152858,0.0122618567134617
134,144,0.929160630049714,0.999215988764372,0.0710019794190804,0.999928089631706,0.0120134363581525
134,145,0.919145897442641,0.999596561142543,0.0811951904900633,0.999934505369263,0.0114498549434918
134,146,0.944601190500944,1.00185906596206,0.0580627175868642,0.99995096203382,0.0100853551370257
134,147,0.926637609811565,0.999390060041397,0.0734574299946599,0.999944348300879,0.0105644468196804
134,148,0.944786640709357,1.00426743746213,0.0603018323401422,0.999948174595286,0.0110591209084246
134,149,0.931718159102242,0.998169666900501,0.0676356892218667,0.99991463366575,0.0131821959514157
134,150,0.927177515861035,0.999625783640099,0.0730643738634076,0.999951635590896,0.00984035866146201
134,151,0.922875984051259,1.00150634268641,0.0795947565289322,0.9999174523661,0.0129465449498277
134,152,0.967507375260862,0.998523847380689,0.0328806923589898,0.99993834957378,0.0111936530283592
134,153,0.950784516871303,1.00032101919984,0.0506331737058304,0.999942248763544,0.0107537251569027
134,154,0.939764163522231,0.997998615156301,0.0591405393879864,0.999943302094113,0.0108247126708579
134,155,0.961235260950116,0.999636027116673,0.0400804223145035,0.999931406278475,0.0117162274986577
134,156,0.945406918001698,1.00029878521369,0.0558553461868152,0.999943584747498,0.0106279579267115
134,157,0.891285802841728,1.00435955497015,0.113388622785619,0.999960171674474,0.00995035869396471
134,158,0.977126209904706,1.00270128850582,0.0275512705900752,0.999946421953414,0.0107117931405162
134,159,0.924454680178877,1.00074928495304,0.0770576601715941,0.999936758035252,0.0112756432163191
135,128,0.978268685879847,1.00037442414225,0.0250011047583804,0.999930315399135,0.011813618343361
135,129,0.914629001887421,1.00210931519965,0.0882306091322418,0.999928081400344,0.0121897419133056
135,130,0.92454419906472,0.998817149007143,0.0750322913310595,0.999938614123424,0.0111366812351524
135,131,0.955158823043223,1.00041602491198,0.0467937121004218,0.999925992227251,0.0121758038904929
135,132,0.963596271663735,1.00085667201221,0.0385068702450174,0.999951037177878,0.00993697244331243
135,133,0.935610931381863,0.999680281817427,0.0648945898939411,0.999943106602355,0.0106701750359727
135,134,0.931366667714696,0.99915803401137,0.0684914501321887,0.999948736733173,0.0101562353519804
135,135,0.934107929953269,1.00062936148769,0.0672758705731332,0.999946002803446,0.0104143389853654
135,136,0.955299772693936,0.996612842334716,0.0425493437320664,0.999945551493115,0.0109544967690958
135,137,0.992283655960531,0.997470359752731,0.0132994205860994,0.99992423888579,0.0125514147199927
135,138,0.971217340709163,1.00018283136433,0.0314813734634782,0.999921722244612,0.0125146938172952
135,139,0.926619827074055,0.998983857909561,0.0732694879444828,0.999928773899067,0.0119724682056807
135,140,0.897277558702005,0.998516021691821,0.10175188810043,0.999941837822069,0.0108790589970021
135,141,0.93721695764062,0.999211414009643,0.0627993620443662,0.999946369660899,0.0103825797275155
135,142,0.936308926289093,0.999798053901136,0.0642853396552637,0.999945661033422,0.0104257742302064
135,143,0.94480807939465,1.00156235181546,0.0576999909610157,0.999942807077063,0.0108169080611862
135,144,0.962825194992915,1.00034223512551,0.0387682844067084,0.999950448471686,0.00996263509603939
135,145,0.956084220631497,0.999717785678954,0.0450765917876261,0.999933035572366,0.0115745714197429
135,146,0.930070277478735,0.999025283636956,0.0697850939427613,0.99993802681944,0.0111703008267836
135,147,0.953612733873044,1.00236290903911,0.0502362253354862,0.999923054721059,0.0126426866764607
135,148,0.939420926529818,1.00271136281862,0.0642725681945746,0.999933498966148,0.0118623004893703
135,149,0.946076689828373,0.998730307827976,0.0537221659299896,0.999939850473352,0.0110344201814872
135,150,0.962371624045467,1.00082819249049,0.0399256101648098,0.999940225063332,0.0109697213475665
135,151,0.949717867710276,1.00333619129328,0.0546599988555499,0.999940816207523,0.0113970458543775
135,152,0.941931844611703,1.00518030262588,0.064148710104218,0.999939433780296,0.0121899744625604
135,153,0.941655674231122,1.0041471201798,0.0633768398628399,0.99994107041541,0.011642446096313
135,154,0.921548282955438,1.00202840131259,0.0813345872251591,0.999925133744803,0.0124157416169159
135,155,0.948128720403592,1.0038839070666,0.0570973909647811,0.999920430007101,0.013222813800911
135,156,0.938168792968742,0.999116180128822,0.0621000536734379,0.999924342969472,0.0123272650756782
135,157,0.967201595523637,1.00065039314013,0.0351060379330544,0.999941305931689,0.0108576008536636
135,158,0.910360081192778,1.0007791203639,0.0911629095089178,0.999925870942847,0.0122057631372367
135,159,0.964281278492111,1.00161745865844,0.0392501708824632,0.999924115061167,0.0124350927491775
136,128,0.904542529274744,1.00009680118942,0.0960537791685613,0.999947100139344,0.0102868524496618
136,129,0.900692585692329,1.00162690729226,0.101435539172271,0.99994378404985,0.0107359975742921
136,130,0.981828061302799,1.00085889324851,0.0215027456232294,0.999949018812283,0.010138424327456
136,131,0.890077027503972,1.00087829624684,0.111375649477742,0.999928375773695,0.0120060681109499
136,132,0.952148700731065,0.998018995117675,0.0470391746646092,0.999942857869687,0.0108619631416698
136,133,0.941743448406399,0.998553070954611,0.0577694881257294,0.99994152340053,0.0109030995419472
136,134,0.905142267669449,1.00213650279309,0.09751309238832,0.999944369860933,0.0107732367565287
136,135,0.973227726443775,1.00048899797004,0.0291350039790665,0.999945737322903,0.0104315646901922
136,136,0.967873533435445,0.999096566790848,0.0329000887193136,0.999944396006615,0.01057940023558
136,137,0.929448125070239,1.00096153923448,0.072259419747174,0.999942357027393,0.0107852378217892
136,138,0.926940146520434,1.00131661039892,0.0752110644482493,0.999932745560949,0.0116798731513521
136,139,0.982911216563145,0.997240078419941,0.0184714981047461,0.999930687526123,0.0120772315079206
136,140,0.981218106527402,1.00130532217772,0.0226599880162236,0.999944031070703,0.0106671383019066
136,141,0.943454465633318,1.00377140587163,0.0610207837267868,0.999954909382655,0.0102344930004633
136,142,0.928549498356589,0.998852264479814,0.0710007091705626,0.999946833690556,0.0103695647926203
136,143,0.941006981606703,0.998685086502555,0.0584117370495869,0.999954687171593,0.00960393093588092
136,144,0.956360283805129,0.99837216778298,0.0433658246704857,0.999939465892601,0.0111139990005108
136,145,0.925364362665884,1.00111030156134,0.0766003552450162,0.999929745079216,0.0119121206937045
136,146,0.945843885384148,1.00080979805069,0.0561444059139723,0.999930835938786,0.0117938930448747
136,147,0.944243471305178,0.997929824500014,0.0548049803382144,0.999935602884908,0.0115244622488945
136,148,0.921545353425054,0.998995024635103,0.0780836146322979,0.999946449465191,0.0103924689639649
136,149,0.946323799740057,1.00292839731926,0.0576059771721037,0.999939748846309,0.0113767612647679
136,150,0.959377868576237,0.999400820876361,0.0416801886813744,0.999929390389086,0.0118951091563517
136,151,0.931300673136059,1.00260978480708,0.0722438344195912,0.999928147303524,0.0122837864619258
136,152,0.962846120001582,1.00018262517014,0.0388801756832462,0.999938914454783,0.0110556209189573
136,153,0.975886746414032,0.996707070130405,0.0228989880033765,0.999953284530675,0.0101964044763954
136,154,0.953278479237271,0.999698568343112,0.0476786287901294,0.999937865649076,0.0111499822587778
136,155,0.96711973207388,1.00181367235782,0.0363065645574941,0.999940912252431,0.0110308310741782
136,156,0.963933761028071,1.00094539286284,0.0383875816273263,0.999946237205986,0.0104173417730087
136,157,0.924782290607966,0.998141904950577,0.0743064334013314,0.999924266879214,0.0124353254927826
136,158,0.947385093353704,0.999457697650787,0.0533263563001802,0.999930220635794,0.0118227381440516
136,159,0.930502779767819,1.00066507891996,0.0712701399830695,0.999915862426254,0.0129934365629042
137,128,0.965038365209035,1.00081170367742,0.0371557993211558,0.999947805232051,0.0102534448907551
137,129,0.930429737199185,0.997572045723208,0.0679638835388399,0.999940205033307,0.0111890364404537
137,130,0.892828832648544,1.00067950923297,0.108239802067959,0.999952942148431,0.00972838056533759
137,131,0.886847026627418,1.00011334151729,0.113685619796221,0.999946354178188,0.0103593750062926
137,132,0.867002135274628,1.00200291776854,0.135430282346008,0.999933150148334,0.0117464536107787
137,133,0.90161009519664,0.999295242686843,0.0982068695209904,0.999943282989342,0.0106700871941267
137,134,0.94897346492857,1.00364838990801,0.0556117504801074,0.999945760448172,0.0110537607465459
137,135,0.947881674892221,0.996986788933332,0.0501388960487225,0.999945717511751,0.010831310550503
137,136,0.960739004831577,0.999097343226531,0.0399055101389492,0.999936925109876,0.0112628015850268
137,137,0.954705067853873,0.998589116542445,0.0454436145494268,0.999926935966958,0.0121619278300519
137,138,0.933559761748527,1.00095064773961,0.0682008407043983,0.999941236298607,0.0108877390246947
137,139,0.956552024857778,1.00215323412459,0.0470929065176275,0.999927879267009,0.0122142731598771
137,140,0.962535541511797,1.00150616132419,0.0407077929311084,0.999928206788887,0.0120859922420459
137,141,0.90298117125085,1.00208211742805,0.0996599335126941,0.999938606714371,0.0112861614512068
137,142,0.896242052697008,1.00002997494986,0.104270810048792,0.999943951519067,0.010587786381725
137,143,0.895223736884529,0.99680935973671,0.102138405320145,0.999936900949609,0.0116608590304846
137,144,0.906686462310237,0.999433822067105,0.093543393467382,0.999918175833716,0.0128014153883308
137,145,0.929429897615762,1.00100623432941,0.0723344734126708,0.999941364920085,0.0108812071304519
137,146,0.954279232458108,0.999739514033747,0.0471070506721551,0.999920108949793,0.0126415320415622
137,147,0.963253451902808,0.998782127017001,0.0372448129980675,0.999935094120628,0.011451501172893
137,148,0.957197550942139,1.00101355856998,0.0453300244244148,0.999929569434395,0.0119176844727107
137,149,0.970629600299055,0.998241350423985,0.0295497490561444,0.999942833966314,0.0108269961513157
137,150,0.981803408082992,0.995232913555834,0.0175530239220026,0.999934625925864,0.0123632509362664
137,151,0.967205449033704,0.99716422830246,0.0316420854916473,0.999946243062768,0.0107354827922525
137,152,0.936556287346964,1.00134073774198,0.0656748796413017,0.999938066047667,0.011217466591575
137,153,0.970967842840302,1.0019595870805,0.0328479244514936,0.999939098818915,0.0112196713869618
137,154,0.953657968515502,0.998658024718362,0.0462601556809358,0.999939626428132,0.0110628206940614
137,155,0.934705500528294,1.00115753753315,0.0672886641596802,0.999940215536426,0.0110021464183149
137,156,0.93460137833037,0.998336176903296,0.0645189880951685,0.999946103816888,0.0105062517623175
137,157,0.958884027495459,1.0012795896973,0.0435953748640289,0.999946270267437,0.0104515223266038
137,158,0.90383573117644,1.00565503822748,0.102437677800257,0.999930520398461,0.0131043687386508
137,159,0.964588659360582,1.00081081136059,0.0378898100499351,0.999935986558024,0.0113484846859327
138,128,0.946345124094571,1.00099271978354,0.0554456976320282,0.99995362234686,0.00968673726680448
138,129,0.923607994900372,1.00077264516653,0.0781474162285248,0.999917433818582,0.0128785454190548
138,130,0.931819180809675,1.00043002572759,0.0696147080681951,0.99992557574613,0.0122105462021116
138,131,0.922105080685592,1.00055523760228,0.0792128376181968,0.999934834002409,0.0114329632729746
138,132,0.898724934143862,1.00237044421124,0.104191079833044,0.999937065720651,0.0114798052619857
138,133,0.988801516436796,1.00148241959195,0.0171462886841978,0.999932750528024,0.011700251948914
138,134,0.932874615709185,1.00091601608128,0.0689741070825952,0.999931567262259,0.0117400993147133
138,135,0.920462084874101,0.996175710140035,0.0765150859553281,0.999933471619965,0.0121314922983402
138,136,0.95777619511319,0.999074820665358,0.0427773747082169,0.999935035738702,0.0114308473969742
138,137,0.977282558609366,0.997145236884152,0.023197555564909,0.999926320328751,0.0124534468694748
138,138,0.973772427658868,1.0003327327464,0.02864851228835,0.999940823389752,0.0108859226328174
138,139,0.894335753249421,0.999142108457796,0.105542711531399,0.999913329608434,0.0131881785489662
138,140,0.922370845620622,0.998925166154054,0.0773000037062836,0.999937741947344,0.0112043535728058
138,141,0.998344189349498,0.998019057678776,0.0104710616352109,0.999945031563091,0.0106603577656433
138,142,0.9985689272359,1.00210008257827,0.0121884762786712,0.999932000340104,0.0118615039699962
138,143,0.997151194329337,1.00001113634029,0.0106024775068356,0.999947735057228,0.0102240487891011
138,144,0.998492243466075,1.00288245029189,0.0117552399685584,0.999940625488354,0.0112871533671311
138,145,0.997328293586482,0.998853020269112,0.0120745078622348,0.99992799076567,0.012048603441839
138,146,0.943087427428925,0.999979153218059,0.057943023625829,0.999935993187419,0.0113142119070122
138,147,0.885183083565335,1.00206990509582,0.11725757916121,0.999951065770536,0.0101170916994189
138,148,0.927179555383257,0.99805581259565,0.0715159676087974,0.999950782334096,0.0101006841222768
138,149,0.963973267457525,0.998566531359984,0.0367652637994932,0.999919492991493,0.0127608009471187
138,150,0.971511226576113,0.998200367920217,0.0291698273620091,0.99992855543978,0.0120776921726238
138,151,0.918249013916392,0.99903507116824,0.0814207791997011,0.999943884676692,0.0106326591066518
138,152,0.915027689087492,1.00048230341582,0.0862895765354307,0.999921679539622,0.0125279322233077
138,153,0.938356695941333,1.00430877147495,0.0666872172392984,0.999948265762753,0.0110670595972194
138,154,0.960147135643805,1.00011846644728,0.041607059977413,0.999930518801493,0.0117895247442223
138,155,0.914845355604199,1.00115553051271,0.0870234091532822,0.999932510584024,0.0116820398423314
138,156,0.96845982615841,1.00216824903903,0.035931066946593,0.999920260546211,0.0128267689408728
138,157,0.907725636143782,1.00164124252432,0.0945104671420464,0.999938360440559,0.0112327702209876
138,158,0.905115075246803,1.00254185030248,0.0981063492231716,0.999926781488374,0.0123802361529802
138,159,0.905162508908834,0.998932558686767,0.094339562405263,0.99994075910323,0.0109313655201659
139,128,0.94895444431705,1.00224944801877,0.0542806991404162,0.999944255021337,0.0108074402417496
139,129,0.962315488102528,1.00099016995576,0.0402407094982736,0.999935851891507,0.0113755742091036
139,130,0.934952474219033,1.00057325853168,0.0663939075416816,0.999945449018887,0.0104638965591357
139,131,0.95179641296514,0.999654450725552,0.0493352572941811,0.999924550323092,0.012286847234132
139,132,0.9376484867107,0.999286663791461,0.0627777969374756,0.999924338315246,0.012317640748775
139,133,0.905155120686399,1.00074807117502,0.0961724101858764,0.999938663975075,0.0111051081830504
139,134,0.928518903375655,0.996950023071732,0.0690487963987636,0.99995413236517,0.0100378204042476
139,135,0.986785907245598,0.998807132025009,0.0172302392561545,0.999922701938473,0.0124833747158009
139,136,0.906351329363935,1.00230848687928,0.096484497420433,0.999944145040621,0.0108303698602959
139,137,0.895608444478501,0.996188528425855,0.101089397813483,0.999942437987355,0.0113671697840709
139,138,0.91450491297848,1.00216453545042,0.0883030436752146,0.999938232384829,0.0113352477010913
139,139,0.998306911912394,1.00047430014985,0.011686822534883,0.999933977354783,0.0115036029211279
139,140,0.927661405268592,1.00062089235527,0.0738500640717992,0.999929573399094,0.0118880681275638
139,141,0.912101443860912,1.00044496816227,0.0889752391624136,0.999938622464703,0.0110908831639436
139,142,0.928312382663939,1.00357280166593,0.0760902341959619,0.999932594915075,0.0121678564914014
139,143,0.950041477925313,1.00045969856321,0.051499103112513,0.999942049881906,0.0107779793156119
139,144,0.889514946045843,1.00125643027742,0.112309526366852,0.99992855054921,0.0120273463876395
139,145,0.924260959282763,0.997853795487602,0.0744035425593137,0.999934953617588,0.0115939532927355
139,146,0.986420010738499,0.998874343141546,0.0158032810607109,0.999951977889585,0.00985916889791305
139,147,0.996421576111023,1.00022247471704,0.0130310469460606,0.999922057690371,0.0124887467202895
139,148,0.994125484610875,1.0006403623658,0.013221338295531,0.999933471452049,0.0115564858247217
139,149,0.921419233447789,1.00093081516098,0.0804089213562824,0.999922201777765,0.0125142995354512
139,150,0.885562116253799,0.999602794110419,0.114553418601566,0.999933795676236,0.0115114650045786
139,151,0.896547169845174,0.995921904884337,0.0999080480685617,0.999940485395806,0.0116264635950773
139,152,0.881899562061988,0.998469030266778,0.117059418306878,0.999935002796703,0.0114951840966214
139,153,0.882125770385643,1.001555494417,0.119925518144789,0.999932840293981,0.0117024744398427
139,154,0.927110917524448,0.998218622798912,0.0720637588156988,0.999926047761943,0.0122806476695721
139,155,0.976824706787302,1.00225409196883,0.0272023499445448,0.999952343370623,0.0100304054858318
139,156,0.867452786652276,1.0021812096764,0.135185078438102,0.999929108996814,0.0121181243725351
139,157,0.91956755979303,1.00193302540725,0.0832938642447399,0.999916536217665,0.0130761931431919
139,158,0.885162565228288,0.997508013088609,0.112794647025978,0.999942730636249,0.0109755773086707
139,159,0.948379659256818,0.999070267989773,0.0518555620558938,0.999936959490964,0.0112618026142895
140,128,0.933107025833041,1.00196101277247,0.0695180019678814,0.99995086241434,0.0101150116796894
140,129,0.954055896180719,0.998507362201906,0.0451862989290151,0.999965427998015,0.00844208295456127
140,130,0.940896260101517,0.995803398873614,0.056169418077805,0.999925177445876,0.0129084688647497
140,131,0.973205298240173,0.998366959978619,0.0276844452266566,0.999931393017404,0.0118176439702255
140,132,0.988220031688527,0.997001627359599,0.014185254727667,0.999937018954595,0.0116006313627281
140,133,0.970171740846864,1.00373669246295,0.0351656087146487,0.999943512835741,0.0112853599589035
140,134,0.932066136518302,1.0005150022951,0.0692894831418293,0.999937919829708,0.0111574867604186
140,135,0.924057860923047,1.00334116398849,0.0799324991892618,0.999944257775553,0.0110914522727317
140,136,0.951336855388801,0.997422270064526,0.0477845454406601,0.999915955352806,0.0132022989362356
140,137,0.992990493604759,1.00110720961958,0.0137678537630537,0.999937796011648,0.0112147953862309
140,138,0.9911697330654,0.998918351262471,0.0137307111759035,0.999935111780488,0.0114370464060913
140,139,0.898242345420856,0.998766619808904,0.101028895391032,0.999943315096029,0.0107121989602452
140,140,0.900319506880179,1.00039885411835,0.100600054334824,0.999941990856561,0.0107807071130606
140,141,0.907529315849431,0.999018956159061,0.0920385717599589,0.999944440726264,0.0105816814506175
140,142,0.917362759284377,1.00141672874372,0.0846232289296666,0.999947738640875,0.0103285003230099
140,143,0.930944056239511,1.00105565254044,0.0709546955644521,0.999936189792191,0.0113520720892673
140,144,0.89678652898384,0.999734453399971,0.103360292070275,0.999952554242372,0.009743553362818
140,145,0.961715204871631,1.00194629689009,0.0419461965676352,0.999926865636823,0.0122613816637952
140,146,0.95476210000926,0.999393651416687,0.0461540397709347,0.999927571556047,0.01204726992893
140,147,0.884059866610339,1.00032788506082,0.116802849855808,0.999929522441815,0.0118789242803948
140,148,0.955380051359889,0.99956933853576,0.0457706596680866,0.999925515779027,0.0122102316224621
140,149,0.998932443997029,1.0047752305286,0.0120450564363651,0.999944732018889,0.0115700744823054
140,150,0.999452244238561,0.995002627808458,0.0124394031805,0.999932154139182,0.0126486105332085
140,151,0.999444618282636,0.998891886767936,0.0116013845547984,0.999932744857069,0.011644275338917
140,152,0.992427161895466,1.0012243508749,0.0141036250361125,0.999938850372795,0.0111331948098346
140,153,0.921931087383429,1.00439575762431,0.0831411545653495,0.999939507710671,0.0118675643092754
140,154,0.87889602154741,1.0034418175821,0.125040804394708,0.999929955488772,0.0123457398151981
140,155,0.892216451292143,1.00140803009838,0.10963464566644,0.999945742804366,0.0105190176136111
140,156,0.897750689306472,0.99760284099787,0.100327609989107,0.999946863960781,0.0105718351600358
140,157,0.940785474954534,1.00406952306256,0.0644447474558419,0.99992152629218,0.013196481907032
140,158,0.891088484917908,1.00318389457373,0.112569661784458,0.9999404044999,0.0113889278000772
140,159,0.935423478019478,0.997493472404072,0.0628547130347478,0.999947469202824,0.010539494065449
141,128,0.93834213353774,0.997113011932575,0.05944150073088,0.999957635179047,0.00963429958750328
141,129,0.922236043456523,1.00128106926671,0.0796424058394139,0.999948670724017,0.0102191586320007
141,130,0.937254723566358,1.00091498586513,0.0645620789988839,0.99993836929283,0.0111450166408556
141,131,0.937432280759935,0.995380825109048,0.0590019582597056,0.999933985099787,0.0123594784825436
141,132,0.955552285319812,1.00123686831353,0.0468426859435128,0.999943999020002,0.010661629092021
141,133,0.970834182266891,1.00414195174736,0.0348220724471235,0.999947084855306,0.011109653352692
141,134,0.910801873739815,0.999500578372342,0.0894840643532848,0.999923140533358,0.0124053046994564
141,135,0.901232705457686,0.996671300078731,0.0959198034977687,0.999948741928229,0.0106421398801272
141,136,0.938761202340311,0.995001758805154,0.0572116556203675,0.999941025051814,0.0119307489028545
141,137,0.911121828755493,0.9958072121844,0.0854308914407176,0.99993010977082,0.0125209367949759
141,138,0.91415721868376,1.00360374461174,0.0900234830235518,0.999943568415913,0.0112364083867927
141,139,0.951859558227257,1.00102433597441,0.0502963827510436,0.999940938989299,0.0109221006324591
141,140,0.923769153630172,1.00193661144421,0.0789507589671339,0.999933515315974,0.011703731966163
141,141,0.948791654363174,0.998218751686912,0.0504762164168475,0.999944667778196,0.0106602142712173
141,142,0.931919452420166,1.00495924916469,0.0737225318239748,0.999946505394732,0.0114940832156142
141,143,0.939922857527879,0.99977152563929,0.0610205081611972,0.999924636522689,0.0122778140526062
141,144,0.958827214163152,0.99956182767632,0.0421308316369744,0.999939640347794,0.0109935619131469
141,145,0.924514186951917,0.999185180719464,0.0753826736702431,0.999942198147629,0.010778378313726
141,146,0.912867122407144,0.998902541216821,0.0867342910204585,0.999933792880042,0.0115530661093265
141,147,0.987335820357252,1.0007091217315,0.0173690455093145,0.999937837003395,0.011176627805527
141,148,0.983175444423067,1.00103654027143,0.0210026097907485,0.999937974217754,0.0111917185753467
141,149,0.901981857166984,0.996885191304385,0.0955723032521092,0.999929144664182,0.0122870380162798
141,150,0.906875921984324,0.999305180935497,0.0931131240274394,0.999929993631494,0.011848975779587
141,151,0.900010037892489,0.999832574787008,0.100393925048925,0.999936433780332,0.0112756013303594
141,152,0.863139138261213,0.999992348461186,0.137327333927402,0.999924695515195,0.0122722400467638
141,153,0.899905696190489,0.997974232592455,0.0985859345785301,0.999943352285325,0.0108244931867992
141,154,0.888701995995584,1.00034401492016,0.112261758706371,0.999921956764411,0.0125003405360813
141,155,0.886405214372638,0.999231322371464,0.113389294779932,0.999928080561522,0.0120132916607749
141,156,0.892905109920568,1.00011486821568,0.10781728217055,0.999926857257552,0.0120960937146859
141,157,0.965433337238921,1.00338437467286,0.0391827801420182,0.999950960593475,0.0104816382511275
141,158,0.896216410669146,1.00086058516561,0.104980981422231,0.999960644273156,0.00891738742142714
141,159,0.911572721683714,0.9996798370468,0.0887109417159841,0.999941419047594,0.0108271371205489
142,128,0.937574812300671,1.00152205306445,0.064874930650922,0.999936364861504,0.0113921303818511
142,129,0.92679862712002,0.998018117366054,0.0720366155685935,0.999936722690054,0.0114119087913653
142,130,0.919573848588585,0.996765991197325,0.0780361070762237,0.999928536364908,0.0123662385173902
142,131,0.913870863376911,0.999320251895564,0.0862103888658445,0.999928478949562,0.0119752630770031
142,132,0.921598532489559,0.998717728661918,0.0778076081310543,0.999942062408246,0.0108337814204342
142,133,0.952241339455205,1.00051540320006,0.0495563578529381,0.999934164404894,0.0114893295898212
142,134,0.922483100175393,0.996575126698774,0.0749005831337451,0.99993447957569,0.0119298703867821
142,135,0.9177430589317,1.00361373257153,0.0864878582465077,0.9999422529009,0.0113565235192794
142,136,0.936856667395005,1.00289164175235,0.0670611263369773,0.999927319173039,0.0124154572921413
142,137,0.948489860425381,0.998889411131275,0.0514890749910072,0.999941415527777,0.0108753034695844
142,138,0.937299628932531,1.00297531374994,0.066498692737072,0.999942143440591,0.0111763094786494
142,139,0.948222379616943,0.996477149743916,0.049431295821031,0.999939182789731,0.0115592557985222
142,140,0.922051250242283,0.999834917516361,0.0783190663083884,0.999954671146419,0.00952207925758885
142,141,0.934878335092952,0.998302582223314,0.0643709035158615,0.999935187397989,0.0115015826304827
142,142,0.935389698979336,0.999710436804409,0.0652201637072541,0.99993770180105,0.0111644151756011
142,143,0.939079852389414,1.00043341479196,0.0622019569418407,0.999944212190726,0.0105741110952071
142,144,0.948463462363769,1.00207796359025,0.0548259981464958,0.999930886687186,0.0119512253851018
142,145,0.930932580400827,1.00083075218327,0.0706817437858413,0.999940885595114,0.0109094994296178
142,146,0.939868233119616,1.00374760650613,0.0646169970066515,0.999949765256822,0.0107187014596175
142,147,0.92334918337327,1.00343596860221,0.0807758544087758,0.99994018193134,0.0114827297959313
142,148,0.912047688725449,1.00369350260167,0.0923658174953414,0.999927634544595,0.0126058492880833
142,149,0.914682671362676,0.997705952823753,0.0835826547894309,0.999948939011788,0.0103513456245798
142,150,0.939282375470382,0.997983842741812,0.059445271092029,0.999953126167657,0.00988046277966249
142,151,0.916647267226727,1.00233767939061,0.0864590838241167,0.999927988754091,0.0122402579695704
142,152,0.913690549189412,0.999662318604633,0.0865008329769798,0.999950048847011,0.00999912993983344
142,153,0.905391595045836,0.999008049167287,0.0941317038409297,0.999946524111741,0.0103841057424154
142,154,0.906383974265489,0.999909883849744,0.0941678736754736,0.999933525121949,0.011530216654541
142,155,0.935179167067199,1.00098116517468,0.0665886144563542,0.999944375075413,0.0105981927115682
142,156,0.912574914400315,1.00001961631271,0.0881900947964538,0.999928271993051,0.0119774460038496
142,157,0.936054960470581,1.00042887397263,0.0652125999192569,0.999941971432151,0.0107838231841327
142,158,0.882651689482807,0.998198193840669,0.116036947477021,0.999935544491854,0.0114858717154298
142,159,0.89634055808121,1.00098083439297,0.105208608612384,0.999933536960385,0.0115766356860205
143,128,0.921089517960815,0.998629071359041,0.0783761388484175,0.999929097084446,0.0119787674980302
143,129,0.946253430934933,1.00221216915709,0.0568194433186569,0.999948822115763,0.0103670578819732
143,130,0.933475730867107,1.00141747881885,0.0689090572982134,0.999929194898947,0.011992505066467
143,131,0.919421282151791,1.00118129641856,0.0824462803600094,0.999938789621151,0.0111337699872079
143,132,0.907768270816139,0.998804722478765,0.0917261201978111,0.999930490831724,0.0118440220960673
143,133,0.944290842945177,0.997810914154782,0.0544371058340962,0.999947464456507,0.0104705861437356
143,134,0.932644200160736,1.00125595219302,0.0696183758140347,0.999925496136229,0.0122789368446399
143,135,0.929837984528793,0.998899921653524,0.0696907048961083,0.999953035221733,0.00974866139688785
143,136,0.929018600187653,0.997725817267581,0.069626456763633,0.999931405221108,0.0119184508541045
143,137,0.915488368862127,0.997438778867862,0.0827257767776144,0.999930085233443,0.01208433913979
143,138,0.930674238499557,0.998769355278201,0.0689489801781679,0.999937055783117,0.0112804253580458
143,139,0.897629350154551,1.00148735992875,0.104329097977835,0.99994545140755,0.0105580154971532
143,140,0.89860524562921,0.996581560822213,0.0984791616707416,0.999944844635297,0.0110281170331794
143,141,0.889059677930597,0.999172963277213,0.110607711038995,0.999938575292804,0.0111099866406259
143,142,0.884846122251428,1.00274395881988,0.1183527108209,0.999939441323317,0.0113568923742523
143,143,0.891887883725242,0.999206577925787,0.107915969520463,0.99992787410064,0.0120319102700526
143,144,0.897662948932271,0.997809721452856,0.100717139675136,0.999936046340752,0.011507583845157
143,145,0.932128298089752,0.99927651140387,0.0679972971619789,0.999938402819322,0.0111188428980048
143,146,0.918340366601788,1.00014435365829,0.0825368693077708,0.999934433290008,0.0114530863766536
143,147,0.89810224330146,0.998326911282787,0.100672824690149,0.999949791659926,0.0101512511538149
143,148,0.923983729831378,1.00070378995824,0.0774521271836344,0.999938968079844,0.0110745233721989
143,149,0.9254275685334,1.0015188943839,0.0769269238529049,0.99993102224627,0.011852092112987
143,150,0.906626420455033,0.999178445238547,0.0931101138985735,0.999942809291366,0.0107220519909128
143,151,0.89259931261184,1.00242545000682,0.110242226727893,0.999948831160264,0.0104148308739288
143,152,0.892781678449604,1.00504555024844,0.112628982251682,0.999954244962805,0.0108364833030515
143,153,0.899365770663002,1.00065191145592,0.101795164430107,0.999942567394858,0.0107408137855843
143,154,0.898718992828984,1.00129772608179,0.103208288220126,0.999928016246128,0.0120763583549114
143,155,0.906988638749361,1.00098403068475,0.0946434225472633,0.999932676360083,0.0116510983721974
143,156,0.923829678339807,1.00214403966758,0.0790441674091499,0.999937978007965,0.011353715047789
143,157,0.930609726086429,1.00137080682702,0.0716655994715014,0.999930877982239,0.011845364187968
143,158,0.910236801468933,1.00342086706481,0.0937268466658588,0.999944461795456,0.0110976897682675
143,159,0.922237536008073,1.00043184129922,0.0789954436389402,0.999931754904667,0.0116934006891219
144,128,0.93972927097855,0.998156910071425,0.0593325964492877,0.999943193868802,0.0108073977101332
144,129,0.912467514440016,0.99939924386469,0.087664430738775,0.999929858470032,0.0118557872771631
144,130,0.930103888001336,0.997584502779503,0.0684444923997165,0.999929399068339,0.0121117883664882
144,131,0.910324311803413,1.00105501559669,0.091282916983167,0.999944852404452,0.0105605213958798
144,132,0.92942899042004,0.997505372792217,0.0688186919179423,0.999945196106556,0.0107497684266701
144,133,0.932526297014443,1.00341592681969,0.071725704810305,0.999936285336771,0.011812415999707
144,134,0.89985150258723,0.998557982204622,0.0991770724930563,0.999948181967848,0.0102745333021557
144,135,0.919793714696386,0.999197666897131,0.0801914793020425,0.99993162235818,0.0117170516239654
144,136,0.924389174808267,0.998633946237438,0.0749539533131693,0.999942689846366,0.0107856308414124
144,137,0.938895107404195,1.00158522269455,0.0636590630162775,0.999934906475115,0.0115285019073793
144,138,0.929535943651344,0.997199929444159,0.0686408488531205,0.999928176506597,0.0122916703594092
144,139,0.969804173205448,1.00074125357206,0.0327134871935732,0.999941748264788,0.0108230904041095
144,140,0.98193590972472,0.999300239277251,0.0201849416231458,0.999946032072269,0.0104091301874576
144,141,0.985920514784182,0.999705253004886,0.0178267420193068,0.999935181694002,0.0113879444056245
144,142,0.960910766591373,0.999216039889409,0.0397575863562017,0.999940961917064,0.0108902797173949
144,143,0.984172438758565,0.999607951942392,0.0183726215221079,0.999949532675702,0.0100523021762138
144,144,0.955425551303199,1.00287774322031,0.048735987456004,0.999935561900016,0.0117272536691863
144,145,0.935566042641349,0.998677968740863,0.0640273349328357,0.999937717667808,0.0112315516583755
144,146,0.990188144989672,1.00165453865116,0.0158141246469004,0.999940207102361,0.0110689273530505
144,147,0.985875067837185,0.998471027527875,0.0161083182171513,0.999948789605716,0.0102275093166663
144,148,0.947828619755718,0.999727023268213,0.0531254732775862,0.999931998881604,0.0116636026870678
144,149,0.947516061463409,0.997241385639323,0.050932304529216,0.999935711983529,0.0116546683539813
144,150,0.938856145431113,1.00084601189981,0.0627585760925368,0.999948972870439,0.0101418111979616
144,151,0.948058971830831,1.00110825097756,0.0543822027030975,0.999924561955787,0.0123398345704714
144,152,0.936088302099215,1.00191142771367,0.0667365827713664,0.999935445937415,0.0115329294597088
144,153,0.887269473053334,0.998728314874277,0.111800537629761,0.999956955618972,0.009359298441522
144,154,0.951222640572942,1.00328891079996,0.0532766794973332,0.99993319645186,0.0120359234108669
144,155,0.893444719039528,0.999001210220055,0.106020821851151,0.999944965785462,0.0105335689526384
144,156,0.927918217113133,0.997645856443212,0.0705565103079662,0.999937197137686,0.0114390568932263
144,157,0.907161273491062,1.00062714730527,0.0939555578643508,0.999949446825705,0.0100778505102788
144,158,0.916986150878941,0.999918287101061,0.0835317522286225,0.999945570296391,0.0104334648606046
144,159,0.893050022319408,1.00356044156544,0.111090529852319,0.999928281184746,0.0125149940451972
145,128,0.968904798049307,1.00123339126294,0.0346185811234528,0.999920983277175,0.012639209497795
145,129,0.989488005217254,1.00560583663537,0.0192813471924152,0.999943727673053,0.0120250141463208
145,130,0.98572883932256,0.999112341573041,0.0173545363972337,0.999938030500047,0.0111631949678503
145,131,0.989148805961327,0.998000342255679,0.0143683657482304,0.999935117492626,0.011554400037423
145,132,0.935007683854148,1.00115569492979,0.0671310747747903,0.999930016305243,0.0118938967494699
145,133,0.902933883731027,0.998524531414985,0.0962494293360265,0.999929913213206,0.0119224057735743
145,134,0.938309380357465,0.999940703625299,0.0625946290132245,0.999936228565792,0.0112933087112269
145,135,0.927490344626561,0.999136734236299,0.0723558988655581,0.999944873154734,0.0105310844680994
145,136,0.925590747077721,1.0008617761223,0.0761284495676828,0.999929935964074,0.0118739837023029
145,137,0.927060881670813,1.00171126479475,0.075318503779074,0.999946052011397,0.0105360829054359
145,138,0.965402023217841,0.999261062990699,0.0359584795645811,0.999924028504968,0.0123440974424949
145,139,0.945425752929,1.00106448087932,0.0563971058344932,0.999955112736066,0.00953956029791049
145,140,0.990677127826434,0.998735708864062,0.012401449656011,0.999955097526826,0.00955457161923979
145,141,0.987548215886357,1.00047197782912,0.0173249706524631,0.999932626995835,0.0116203428749055
145,142,0.943964333133336,1.00038494175794,0.0574942742722035,0.999935241497234,0.0113892511690677
145,143,0.969092050913322,1.00417525309453,0.0369917656056028,0.999929321632073,0.0126245663056916
145,144,0.960393229758586,1.00172498496716,0.0426958680913797,0.999940427640909,0.011060100097495
145,145,0.941187868459471,0.998296145925185,0.0581815191277591,0.999934155017688,0.0115917515004689
145,146,0.971109247582432,1.00137606136081,0.0324640703255587,0.999929129273453,0.0119929163634399
145,147,0.968163235833953,1.00439587441711,0.0379690098785873,0.999933752018788,0.0123451249458087
145,148,0.980334424764518,0.999876567224519,0.0223023782967299,0.99994108387853,0.010855087942021
145,149,0.985661065054,1.00196557119648,0.0195698237335143,0.999940693973261,0.0110773942803904
145,150,0.995277532311578,0.999024491994205,0.0126065495247024,0.999927142503367,0.0121047289516025
145,151,0.968567347995013,1.00119933253608,0.0344148818365351,0.999938365420178,0.0111738712579937
145,152,0.875841471694263,0.997457309451232,0.122066786052485,0.999937107118392,0.011486130948693
145,153,0.874017389655749,1.00078908357845,0.127156879840043,0.999944090018919,0.0106080559176892
145,154,0.910197341231203,1.00051486235653,0.0909687584384231,0.999935179092111,0.0114005985243987
145,155,0.91346032816452,1.00192151752215,0.0890381733196686,0.99994404909061,0.0107614622460661
145,156,0.919507686676685,0.997627268672906,0.0786218872256342,0.999957086104266,0.00955269590892347
145,157,0.942805868512851,0.998143127584454,0.056421232545566,0.999935634359907,0.0114865233117111
145,158,0.932312967961394,1.00204838210285,0.0705248801323109,0.999940736436794,0.0110889938449873
145,159,0.921326072773501,0.999897760412722,0.0793236706760649,0.9999355565987,0.0113527123718643
146,128,0.975237661983261,0.996373549957728,0.0239890411181152,0.999933751055213,0.0120485904779813
146,129,0.989833565205624,1.00223603707635,0.0169442296940311,0.999932822926274,0.0118175475507925
146,130,0.931605959507175,0.999275373466643,0.0686413231014005,0.999928844529453,0.0119470876126374
146,131,0.911891027001754,0.997153006920676,0.0859199626644676,0.999938064775739,0.0114727137071038
146,132,0.912682805341282,0.999312072709259,0.0873304721470832,0.999933128260932,0.0115812225738324
146,133,0.947627508620932,0.995815545557149,0.0495262160016429,0.999930717174507,0.0124697830100073
146,134,0.95364632930218,0.999091383593764,0.0466806862684016,0.999940262426182,0.0109632191590095
146,135,0.960288088400185,1.00437719116439,0.0454248608745749,0.999938014482887,0.0119863873469232
146,136,0.914554123681628,1.00644424512557,0.0923728592434789,0.999951680740532,0.0117808987975779
146,137,0.956810014894022,1.00221924860397,0.0469572875113287,0.999925444070369,0.0124244854989399
146,138,0.917116338647316,1.00146587164768,0.0850616286901638,0.999934326555141,0.0115623616569629
146,139,0.94929246418109,0.998831920462779,0.0509358974455222,0.999926012262992,0.0122133957889663
146,140,0.974069993330803,0.998382947169455,0.0266302220764738,0.999939306104824,0.0111268306241656
146,141,0.96322052942871,0.997686656911327,0.036157331557393,0.999937856585611,0.0113732522590483
146,142,0.939234248142803,1.00008130679906,0.0620546860377258,0.999920995509969,0.0125709362444412
146,143,0.980119548190251,1.00081948305841,0.0237325168793697,0.999931317193266,0.0117537115305724
146,144,0.984401605583214,1.00009285099402,0.0194840100335494,0.999932243569366,0.0116419098552606
146,145,0.94934578492187,0.997496535714876,0.0493071530927974,0.999940494077146,0.0111795007593916
146,146,0.941375401120143,0.999893472612856,0.0594577211708745,0.999941113966902,0.0108522287264022
146,147,0.965894332314375,1.00232469434943,0.0381696011576877,0.999932991504748,0.0118208604958931
146,148,0.977021952362761,1.00133787325269,0.0262856893415107,0.999949059341548,0.010188597844299
146,149,0.946026641771834,0.998399974496939,0.0538792053377289,0.999915298788199,0.0131031086774595
146,150,0.941273215078929,0.995378392062065,0.0551084756693045,0.999941524590623,0.0117375286092492
146,151,0.92284250740099,0.999991979511385,0.077822101156579,0.999943522748072,0.0106279660441126
146,152,0.919771747168393,1.00027952986082,0.0814533371011187,0.999916772691031,0.0129065597243054
146,153,0.944223588958851,1.00020134705048,0.0570504296013868,0.999935810907857,0.0113333390264645
146,154,0.922871685591394,1.0029216982964,0.0806474185880449,0.999948139095735,0.0106094850627819
146,155,0.922785463903944,0.999947556960529,0.0779041715613353,0.99993764673302,0.011167038293248
146,156,0.938561384673552,1.00060039898944,0.0630117407377012,0.999935237488629,0.0114001433491237
146,157,0.879824164310389,0.997917362274469,0.1185650012858,0.999936413914495,0.0114562078081585
146,158,0.945783369040559,1.00410280796881,0.0592232220612697,0.999944068057818,0.011364676573838
146,159,0.895738912284881,0.999399499442981,0.104248448072365,0.999931735111597,0.0116965119380941
147,128,0.934804576323352,1.00145777799938,0.0676769858175611,0.999926548858496,0.0122164459078632
147,129,0.975348637487326,1.00268508712296,0.0298484963965906,0.999926556223225,0.0124294670958623
147,130,0.975677666050415,0.999545900984726,0.0270153471288554,0.999917898555035,0.0128193030806511
147,131,0.930946466035249,0.998747905133437,0.0686455963354768,0.999938059191795,0.0111934912529323
147,132,0.901348893303877,0.999803530542667,0.0990876460874477,0.999930620325376,0.0117800970930219
147,133,0.919769132205652,0.998181780998408,0.0790124401102986,0.999948577207509,0.0102939064267123
147,134,0.911700622450225,0.999487376636861,0.0884976813863297,0.999931233085334,0.0117356767589395
147,135,0.902801625895022,0.999022992037798,0.0968404398148984,0.99993374160867,0.0115473744750263
147,136,0.916876830112402,0.99604898655493,0.0799522919227662,0.999932035011251,0.0122883450298194
147,137,0.927880995718869,0.998393017679582,0.0711618270899805,0.999950312285862,0.0100895057311703
147,138,0.908551359632258,1.00031069383974,0.0924072599734189,0.999934351967061,0.0114644402139507
147,139,0.89810760647599,1.00091276853394,0.103353848791539,0.999937082395123,0.0112598052634138
147,140,0.907196143465667,1.00328085260278,0.0966629862772398,0.999938768978636,0.0115597498433503
147,141,0.914252352812669,1.00358906035824,0.0899654985658111,0.999938561590673,0.0116704406612896
147,142,0.916231585605104,0.99943107137846,0.0838707073767461,0.999938768232125,0.0110777950204266
147,143,0.916114108608886,1.00061349338721,0.0851250121309596,0.999942116054996,0.0107803194283918
147,144,0.917481950538686,0.999617796229655,0.0829197728792979,0.999929458525168,0.0118817131319526
147,145,0.92459620392478,1.00069633488155,0.0767866134404052,0.999943282786996,0.0106769984838354
147,146,0.932318424080421,1.00077425593487,0.0694135929929126,0.999929238865388,0.0119260771393668
147,147,0.942652932267335,1.0011427493644,0.0594977368710503,0.999936993647526,0.0112899327719545
147,148,0.926520766229969,0.997850670701898,0.0721712460815454,0.999934705433289,0.0116158542863216
147,149,0.930848846094123,1.00040321162049,0.0704158141688239,0.999935258810661,0.0113884664063739
147,150,0.945879180345225,1.00335846357116,0.0584717862889641,0.999939370381689,0.0115302107053063
147,151,0.923189750515939,1.0000082964227,0.0776709848548147,0.999928675659341,0.011943614763594
147,152,0.922500965603096,1.00199101226002,0.080377969819962,0.999923215011952,0.0125634336715788
147,153,0.938471007701047,0.99794482522598,0.0603462094586673,0.999944193643667,0.0107520729343934
147,154,0.979777315296963,1.00223178570973,0.0254884379218084,0.999925935558294,0.0123871038903809
147,155,0.990158976666771,1.00139041718848,0.0157070557194176,0.999939202218399,0.0111219553910557
147,156,0.897821754010782,0.998823602784893,0.101611442083753,0.999931134896233,0.0117877942173303
147,157,0.967942152009615,0.999812867636354,0.0337575310466985,0.99993602326121,0.0113121417893877
147,158,0.889488131574035,1.0030587920276,0.114063317620378,0.999937152884337,0.0116376506438103
147,159,0.880525537151048,1.00243425306994,0.122424527082736,0.999928608674219,0.0122088414142334
148,128,0.922891747198376,1.0029531216274,0.0807186186161091,0.999942918238481,0.0111005220215702
148,129,0.903662617975435,1.00099105833237,0.0979104859231205,0.999937185937099,0.0112576563822395
148,130,0.91207958572186,0.998109761463492,0.08660790663226,0.999945220109643,0.0106266499104283
148,131,0.920832068150275,1.00279408383594,0.0826795358168308,0.999936033682942,0.0116660615935481
148,132,0.929462726201178,0.998937896125775,0.0703318305369762,0.999935503335608,0.0114010696476195
148,133,0.920483044303319,1.00268037723788,0.0829445026062458,0.999933155136901,0.0118841275335268
148,134,0.921555209112535,0.997016120184064,0.0761811695177107,0.999940563317627,0.0112881442083476
148,135,0.921697297803335,1.00137387150272,0.0802630659216792,0.999949183610522,0.0101813521813226
148,136,0.915270566742122,0.996878218222076,0.0820903893926134,0.999956695473822,0.00980225480510039
148,137,0.956143540409706,1.00081903879405,0.0461414780541771,0.99993043571319,0.0118284973629613
148,138,0.974743808860296,0.998048417360359,0.0255873177812735,0.999942639139011,0.0108768795090651
148,139,0.944062337283251,1.00101748434087,0.0581884337355723,0.999924866877113,0.0123066816693024
148,140,0.969061858647416,1.00191309896915,0.0346407605991113,0.999937801862966,0.0113267031442451
148,141,0.984627494799398,1.00105462624809,0.0191496702372905,0.999950866098898,0.00997415031619166
148,142,0.918700943347079,1.00323220973987,0.0852632721052933,0.999932573197984,0.0120721439258282
148,143,0.934541389302167,1.00093250317597,0.0671498795574038,0.999945838715525,0.0104543360507764
148,144,0.95447021527852,1.0007545937966,0.0476778762661663,0.999931460689283,0.0117367572995753
148,145,0.983797198784744,0.996808078524084,0.0181240594858225,0.999918830670966,0.0131152143911855
148,146,0.987711676712003,0.999521213543337,0.0164953988654175,0.999932826269041,0.0115979470012436
148,147,0.964442374439817,0.998401848717025,0.0362216732050479,0.999917559692841,0.0129294701235508
148,148,0.949842783360708,1.000557832031,0.0517330206648409,0.999945132434627,0.0104932130966427
148,149,0.975466089315353,0.998872668695971,0.0266926173805342,0.999915520556926,0.0130399114021083
148,150,0.938241138522756,1.00071329637669,0.0635088662864242,0.999930448319408,0.0118199566339603
148,151,0.926736965717932,1.00133211401724,0.0752057072346688,0.999950719255738,0.0100233383370651
148,152,0.989668269630752,1.00341583819675,0.0177671070477082,0.999936219423815,0.0118179876126589
148,153,0.988999938318725,0.997684170698321,0.0153519046585533,0.999918788117934,0.0129387280586209
148,154,0.990402422271115,1.00093114595921,0.0154599116412277,0.999935361817217,0.0114133156238058
148,155,0.989799341990916,1.00304783276379,0.0172352429102894,0.999938794761551,0.0114922951630561
148,156,0.921511945806884,1.00130049809661,0.0807343742067684,0.999917728191343,0.0129015077132169
148,157,0.907397726725194,0.999914058047359,0.0931618344560856,0.999933950606272,0.011493251091287
148,158,0.933398495724383,1.00176058023211,0.0694411455274163,0.999920485859055,0.0127439360753801
148,159,0.919074105622818,1.00224158534695,0.0839463549067641,0.999929347533759,0.0121097640115763
149,128,0.983153146261002,0.998653674758009,0.0196421271411741,0.999925879811824,0.0122414618509529
149,129,0.985030081957325,1.00140489184136,0.0202688857177446,0.999927670664755,0.0121175748960428
149,130,0.989159033229265,0.998989795456406,0.0165058813538,0.999911046656215,0.013369647663476
149,131,0.986853520340235,0.99980116692324,0.0178348545622411,0.999923762543979,0.0123484464438858
149,132,0.990113542217774,1.00450854488396,0.0179511652842246,0.999942172313503,0.0116834835303636
149,133,0.987475013704301,1.00209725424493,0.0190533266451032,0.999924602121661,0.0124703844802759
149,134,0.978912602051112,1.00313552426914,0.0265862748715204,0.999938858324289,0.0115107899937802
149,135,0.98519455978864,0.999333484238314,0.0181063189512356,0.999935030637317,0.011414743204179
149,136,0.986137590647022,0.9995017046953,0.0174438687090155,0.999936240300592,0.0113006262972413
149,137,0.97812254614226,0.997617471122912,0.0225538918896209,0.999934091527297,0.0117123580706879
149,138,0.991362871013258,0.999620058073925,0.0137549299361915,0.999938941148681,0.0110551192154935
149,139,0.952202686384341,1.00132235082818,0.0504943925634635,0.999928186823727,0.012065027504491
149,140,0.939329646444003,1.00009586283024,0.0618051978062133,0.999932219101386,0.0116440535144358
149,141,0.933772192818104,1.00126658337559,0.0682495715103415,0.99994517850253,0.0105539613596571
149,142,0.97279154702431,1.00042260643555,0.0302897350244326,0.999920883588391,0.0125888160534182
149,143,0.986479955408011,0.997638460065537,0.0162329378340062,0.99992938271808,0.0121028056102265
149,144,0.984934199446573,0.998624594331607,0.0180147620132458,0.999930303175217,0.0118782855456259
149,145,0.988348619250209,1.00321278248713,0.0184712664082018,0.99993936387933,0.0114884217359638
149,146,0.93537084578139,0.999486023136774,0.0652034032903708,0.999924735626508,0.0122766262020989
149,147,0.93101450090185,1.00058421842613,0.0702623956055849,0.999948012578659,0.0102165012538353
149,148,0.945191601182907,1.00020897417256,0.0561590419656457,0.999932870676799,0.0115900980666764
149,149,0.939707876518808,1.00077994653935,0.0619757111916361,0.999940883550936,0.0109056604601279
149,150,0.930196550706089,0.998712418463386,0.0695054640438381,0.999926487854165,0.0121857643223795
149,151,0.98672160778218,1.000227090246,0.0169143838737471,0.999947465029194,0.0102540417372792
149,152,0.989302633281665,0.99682016361532,0.0142573137170565,0.999925591077297,0.0125879302683033
149,153,0.975838164982299,1.00087624329735,0.0270530444050262,0.99994626672842,0.0104080984005262
149,154,0.983487938881952,1.0005929809607,0.0210818962740732,0.999922838968852,0.0124404661793179
149,155,0.880761544260391,0.997338422446684,0.117017185688303,0.99994145537927,0.0111293123971991
149,156,0.961706481816699,1.00138911727468,0.041394457338442,0.999927942144216,0.0120932027187086
149,157,0.896135660305189,0.999339510585593,0.103801720739687,0.999930900912014,0.0117704351579259
149,158,0.966286312021222,0.999777999750716,0.0357001341166873,0.999920913523416,0.0125772462344842
149,159,0.883099311508385,1.00406808152081,0.121430132118088,0.999936937691357,0.0119660766239599
150,128,0.913927386707543,0.998998026523582,0.085847840197485,0.999927252895934,0.0120976186765176
150,129,0.926547396606965,1.00020593430225,0.0744167511023317,0.99993942589791,0.0110097938984539
150,130,0.985394512854011,0.999613723004307,0.0187021984140062,0.999925084157913,0.0122443055155568
150,131,0.989693360899218,1.00008679513255,0.016014708525171,0.999925009838172,0.012247484419833
150,132,0.991193561208316,0.998548879699002,0.0142418085710762,0.999924866068774,0.0123351350148015
150,133,0.983665068146849,0.998148038955989,0.0174691869719504,0.999951409739063,0.0100214922562205
150,134,0.980421615433408,1.00329995794941,0.025288419261486,0.999940992847846,0.0113707286053695
150,135,0.988151975244611,1.00115776620471,0.0163711773068715,0.999950032727568,0.0100692933360685
150,136,0.994377799392285,1.00004942619391,0.0124170774766426,0.999938649861226,0.0110773997447097
150,137,0.991709603085099,1.001011095741,0.0145833839982896,0.999936458266345,0.0113240573761822
150,138,0.949889758907826,0.997243844497261,0.0485864734537753,0.999937591306281,0.011492161000611
150,139,0.888392804127279,0.998821377022402,0.11090394560572,0.99994071339027,0.0109463518334618
150,140,0.941736735984744,1.00017114443787,0.0594042872082744,0.999939330342298,0.0110176845285555
150,141,0.942450676076819,1.00377204486155,0.0623273305006595,0.999934257338359,0.0120917167622159
150,142,0.939471098058938,1.00002848217753,0.0618365470823913,0.999916677945167,0.0129092860874258
150,143,0.979320792153141,0.998360061680654,0.0224850188071835,0.999926828206177,0.0121980732445773
150,144,0.964914408985542,1.0012180580817,0.0379604518430696,0.99993632011473,0.0113577536347703
150,145,0.947477410016942,1.00532380717367,0.0588554185839118,0.999938187946059,0.0123541564510608
150,146,0.947382183534092,1.00096297768928,0.0545817587831778,0.999942914943331,0.0107334702048566
150,147,0.926187682950561,0.998962866930735,0.0739423057006082,0.999907462087738,0.0136366975939797
150,148,0.910910280782922,1.00243950391684,0.0922283720653743,0.999929652085887,0.0121239529696579
150,149,0.948125715664156,0.995531259496955,0.0484519544579905,0.99994686540088,0.011214452748735
150,150,0.96549165141576,0.997063481804209,0.0335881763267063,0.999931759085771,0.0120293053082716
150,151,0.933269940402934,0.999012100241338,0.0664858157842339,0.999947266404737,0.0103120776493812
150,152,0.940702936290763,0.999162949862249,0.0597674433427146,0.999917772345743,0.0128459450454113
150,153,0.927046709241006,0.998767695811571,0.0725894799247305,0.999932318771866,0.0116924857134064
150,154,0.98366901258544,1.00341858927543,0.0226208450855265,0.999938372372456,0.0116345763486892
150,155,0.899629847540217,1.00018939172225,0.101156214580501,0.999933119698047,0.0115681375459639
150,156,0.971040639373142,1.00305715663387,0.0339976980669563,0.999932861985325,0.0120013640427748
150,157,0.903559261228703,0.998754414296088,0.0957291516473855,0.999943512029623,0.0106951719613421
150,158,0.899970202906618,1.00289467914174,0.103484210095233,0.999935997624137,0.011694205904853
150,159,0.904773576142435,1.00105593604644,0.0969415450604319,0.999929686288194,0.011911797434164
151,128,0.983816272310437,1.00096330847689,0.0209682376973897,0.999926050229196,0.0122053257929253
151,129,0.937733680789622,1.00185713022254,0.0650481815075693,0.999936427723943,0.0114380771447392
151,130,0.929706324897719,0.998045767119148,0.0691429832696501,0.999940470941427,0.0110744966481511
151,131,0.896069854086151,0.99931654097674,0.103732879800765,0.999943809725155,0.0106193624302695
151,132,0.919628271952434,1.00227231454546,0.0835290321826623,0.999920224272407,0.0128482457818567
151,133,0.917535503158461,0.99831248865881,0.0814420340845223,0.999941110784625,0.0109739406248745
151,134,0.913966952610822,1.00051919098762,0.0874077270708518,0.999918627496914,0.0127710242813339
151,135,0.928775700066743,0.998819238391473,0.0709201700517204,0.99993339654442,0.0115949913121884
151,136,0.892690713505579,0.999684888493897,0.107556248547325,0.999932433971489,0.0116270705948578
151,137,0.901640096021991,1.00017853721978,0.09909927313634,0.999938544349823,0.011088963889108
151,138,0.918492605973498,0.999014603982491,0.0813539780727863,0.999926613221659,0.0121490712367195
151,139,0.974910216190825,1.00254278448503,0.0300240366006524,0.999929463133584,0.0121613406279318
151,140,0.940917219394804,0.998675538042991,0.0588281051025607,0.999933634976752,0.011589152258662
151,141,0.929589379297271,0.998464444509862,0.0697193718126331,0.999936963479938,0.0113241943924711
151,142,0.93064476285451,1.00153319337919,0.0716990947831617,0.999937992634987,0.011249691130233
151,143,0.961048271677307,0.997764261191444,0.0382916428296114,0.999938374141424,0.0113125897355387
151,144,0.965260189264129,0.999796040366783,0.0360266912407671,0.999945497114686,0.0104415103018272
151,145,0.964474637918658,0.999530973503336,0.036699678451842,0.999938839725464,0.011067211182012
151,146,0.920677575385165,1.00082370828617,0.0809494307161886,0.999929779321627,0.0118842557527193
151,147,0.927719675297055,0.99783166390623,0.071046976983916,0.999928712951474,0.0121229794154005
151,148,0.976870323709346,0.998891691672079,0.0246620284756366,0.999936833079637,0.0112881429486416
151,149,0.980134682552323,0.997564053248593,0.021268170149414,0.999924033477273,0.0125497721581233
151,150,0.938096376692799,1.00134743222557,0.0641878449289622,0.99993645494803,0.0113612025262676
151,151,0.93809485832094,0.998648532837929,0.0616855355664783,0.999926156167227,0.0122194326384342
151,152,0.924836877034822,1.0015113698075,0.0773777487425864,0.999941516893798,0.0109282766391341
151,153,0.921665718663225,1.00184386511272,0.0809224912676085,0.999935066628078,0.0115544813451638
151,154,0.990930506292099,0.997965469814944,0.011976091727439,0.99995250546528,0.00994661371444546
151,155,0.989442661050692,0.997332416258532,0.0130374490624648,0.99994541625095,0.010769971572625
151,156,0.962676873564762,1.0001651004008,0.0388840235285533,0.999944642620714,0.0105242717451092
151,157,0.941613581987808,0.997086505213735,0.0566089294614135,0.99993219207292,0.0119878767905136
151,158,0.941335627111831,1.00030945683214,0.0598032977554711,0.999947685316007,0.0102351116159298
151,159,0.925693445230592,1.00289944461737,0.0779798122441539,0.999935325455534,0.0117529106412924
152,128,0.979543116616384,1.00172906094032,0.0248693010432238,0.999935659767339,0.0114844509413352
152,129,0.93652636548792,0.999115861985637,0.063597046687795,0.999932061825272,0.0116849439895111
152,130,0.974531172157845,1.00217260262361,0.0299191106912021,0.999932880399519,0.0118004682772318
152,131,0.962549795968444,1.00248707171268,0.041612949639629,0.9999291919414,0.0121718467104274
152,132,0.939965124388075,0.997017883143887,0.0581012978780731,0.999935580225989,0.0117195714245625
152,133,0.937345775855582,0.99878032928435,0.0622816317466643,0.999944030647484,0.0106437668767487
152,134,0.951883173763442,1.0031936471901,0.0525856090296548,0.999930632327132,0.0122220211036123
152,135,0.958681345478205,1.0010971909823,0.0443413894768522,0.999912968067291,0.0132460814874795
152,136,0.913244900221437,0.999057831353014,0.0864788618147438,0.999937123879672,0.0112481750785338
152,137,0.930965223455824,0.997916016124863,0.0679258682744388,0.999929218844119,0.0120669087582088
152,138,0.928947469769624,1.00029793026875,0.0722843096430253,0.999927825167163,0.0120200430221621
152,139,0.952061499548401,1.00244337691785,0.0516014357017426,0.99993484063479,0.011687909948393
152,140,0.932358540166784,0.999991366486801,0.0685191470068202,0.999935284899981,0.0113766935942853
152,141,0.927561013707111,0.998394126301231,0.0716441093616949,0.99993761358034,0.0112761385338728
152,142,0.919709035387577,1.00171595845968,0.0828365889150243,0.999925775030486,0.0123145924168185
152,143,0.970102559066613,1.00070561448669,0.0326444081513222,0.999933502214079,0.0115579975448603
152,144,0.956610009194757,0.997739446228107,0.0427697979172215,0.999927903306723,0.0122056352970654
152,145,0.93160693004131,0.998539544049698,0.0678050421382635,0.999936818392129,0.0113274710070235
152,146,0.939052894918219,1.00129817769209,0.0631525333619266,0.999939503011796,0.0110831544882007
152,147,0.981502105798284,1.00181776307897,0.0229484317274061,0.999942079639227,0.0109249968029042
152,148,0.989857651377502,1.00025148409781,0.015915065481701,0.999926645498124,0.0121164822858984
152,149,0.99190048828148,1.0021765502852,0.0147032334102091,0.999944375747895,0.0107809096702252
152,150,0.975485014312977,1.0040511107442,0.0306306077396753,0.999937610949645,0.011903574625986
152,151,0.972004901889337,0.999247081772088,0.0298558999818116,0.999923173819574,0.0124138454576821
152,152,0.911703083481943,0.99980005039971,0.0887222133296758,0.999939356535055,0.0110137486107034
152,153,0.906716189733449,1.00406729950709,0.0979093760747597,0.999940132435663,0.0116946591477642
152,154,0.994043239988779,0.997851776133881,0.0116611369423051,0.999938765898565,0.0112614377204856
152,155,0.987631708679554,1.00094933024252,0.0177986422796302,0.999929477567592,0.0119197311581232
152,156,0.907343859689726,1.00278514619667,0.0960189589897346,0.999939221426961,0.0113865157022409
152,157,0.947308581053305,1.00166208292992,0.0556903548090475,0.999922481254749,0.0125720998776495
152,158,0.991824702396925,1.0028476023457,0.0159801494203013,0.999932709504115,0.0119613153138837
152,159,0.966918454323265,1.00050926290689,0.0353805911356547,0.999936198872873,0.0113104635651727
153,128,0.949018447260219,1.00039019012217,0.0524656813554249,0.999940176373469,0.0109474283085403
153,129,0.92154930755253,0.998526153389172,0.0776894520540357,0.9999401123488,0.0110349896152098
153,130,0.929098636726345,1.00211559295599,0.0737685406114742,0.999940755061143,0.0111002832224987
153,131,0.929307744499661,0.998185899871935,0.0696812337738016,0.999940021869747,0.0110918712178373
153,132,0.945410072511112,0.995953661149466,0.0519235872536425,0.999924911390124,0.0128818636045387
153,133,0.922885194124007,1.00030095094483,0.0782258667895995,0.999931709330092,0.0116924341165531
153,134,0.938023352162709,1.00231544861066,0.0650454080327439,0.999948185530824,0.0104513247055548
153,135,0.946708064230985,0.997652118666776,0.0521290355022222,0.999935340624542,0.0115986064934187
153,136,0.950208062741244,0.999634709779669,0.0504573732629044,0.999945806237252,0.0104154389988083
153,137,0.972038884885265,1.00164825611628,0.0316180523832915,0.999936842036744,0.011368415709132
153,138,0.982214444379433,0.99930882752281,0.0198537272184258,0.999948064770616,0.010211580962725
153,139,0.978495474850575,1.00084319136517,0.0255360229092166,0.999922054104178,0.0125193534151146
153,140,0.9797598074707,0.996219742512633,0.0201688630313689,0.99993040687952,0.0123673128771982
153,141,0.983453623195943,0.998566826941174,0.0175551201331344,0.999959384048919,0.00911972959047078
153,142,0.962997588560199,0.999396326481197,0.0374735310928387,0.999958751002944,0.00910014362381983
153,143,0.958390983446629,1.00230543827507,0.0455681654911067,0.999922976115377,0.0126379572126802
153,144,0.925433981132821,0.999519532609652,0.0750263509354891,0.99992416972231,0.0123214664850859
153,145,0.917597902351619,1.00057175144225,0.08376247162272,0.999928390811867,0.0119844549851615
153,146,0.979335368703892,0.998649840108255,0.0228853789594052,0.999922960253271,0.012477755937584
153,147,0.992565943219481,0.995992234264876,0.011930414449923,0.999933948559768,0.01215054028648
153,148,0.979908338633665,0.997256510555219,0.0202980835104791,0.999943179054595,0.0109934912477812
153,149,0.896888267304151,1.00117618637817,0.10473922559821,0.999947471445441,0.0103229884362099
153,150,0.965353614115649,0.997482355257171,0.0338014417868995,0.999942736108178,0.0109808004454876
153,151,0.961494727188617,1.00112393358434,0.0412671303853615,0.999931173156424,0.0117928634120886
153,152,0.989617714261156,1.00101195196696,0.0164957322102625,0.999928186060788,0.0120331737177634
153,153,0.986957894650993,1.00235251788342,0.0189667906632313,0.99993796258036,0.0113974149678334
153,154,0.982123253417669,0.998400169688881,0.0201091920469345,0.999928896377638,0.0120224454370853
153,155,0.992994070593694,0.99831812127736,0.0127608336712817,0.999932164779781,0.0117588679407585
153,156,0.992110166196128,0.998913797873757,0.0126543975900007,0.9999425627462,0.0107670592885902
153,157,0.948756232297027,0.999343541383204,0.0518166516330232,0.999933611903062,0.0115377627690809
153,158,0.991792523383082,0.998828425568985,0.0125436836704218,0.99994556998123,0.0104930970905589
153,159,0.99012228072183,1.00191798997199,0.0160676754502514,0.999940005605413,0.0111309304193578
154,128,0.907667753772835,0.999826731186153,0.0926904569662404,0.999945871867844,0.0104051683773012
154,129,0.928379688452651,1.00233448930305,0.0749166248290143,0.999923062397768,0.0126366239474172
154,130,0.92097367139743,1.00113950255255,0.0808407142085193,0.999941074911131,0.0109216726915901
154,131,0.923803479476348,0.999959923876204,0.0767023796358842,0.999954831106095,0.00950451332349117
154,132,0.906997118189515,0.998368642852868,0.0920043462670333,0.999935923814266,0.0114282385047827
154,133,0.899232143094942,0.996424285956944,0.0977337457493295,0.999941087917973,0.011410021448429
154,134,0.906498187023159,1.00059185964798,0.0947307909915132,0.999933683059226,0.0115352797986867
154,135,0.926930714513254,1.00186951889087,0.0758263480834787,0.999927955258528,0.012159521447732
154,136,0.925306772489738,1.00111519270643,0.0767265024938337,0.999924412305107,0.012352636732672
154,137,0.919801211882675,1.00145716587206,0.0823802850294092,0.999935505816588,0.0114586062262618
154,138,0.910104283519529,0.998629563963458,0.0892645611896818,0.999927691264757,0.0120953452378982
154,139,0.913821233029608,1.00048859516338,0.0873178472033244,0.99993810632361,0.0111394147025276
154,140,0.924850839145838,0.999256227147128,0.075136559295839,0.999940843344787,0.010898555420542
154,141,0.911299887777257,1.00148373072004,0.0907833952278288,0.999940558219449,0.0110118758230602
154,142,0.90107694827282,1.00140688702577,0.100823179049833,0.999945022768045,0.0105871851085368
154,143,0.91543923934504,1.00148925859856,0.0867803153528218,0.999931164394599,0.0118361366167565
154,144,0.941453432929298,1.00158046796736,0.0612499672921807,0.999927727133853,0.0121355700808991
154,145,0.970831893226031,0.997201760383435,0.0285881632814415,0.999937035811069,0.0115501577927636
154,146,0.978784565305906,1.00075265970194,0.0240979883033067,0.999949916416733,0.0100403712555762
154,147,0.943859744015115,0.999797951710581,0.0569819497067759,0.999937552517163,0.0111763390415175
154,148,0.974984254640522,1.00395887070638,0.0304956247290202,0.999953795118008,0.0104138494113173
154,149,0.903798687582184,0.999558859659855,0.096220615482941,0.999951075775411,0.00989948933429791
154,150,0.938065192908058,1.00025292168217,0.0630554196458937,0.999942090987483,0.0107662104429577
154,151,0.921726095247185,1.00034767285161,0.0792472669975068,0.999946436076847,0.010357894002234
154,152,0.984290024597499,1.00180373444212,0.0211669148880785,0.999928347424955,0.0121168103254281
154,153,0.987751996396395,0.999084694824721,0.0160240476133468,0.999934974757507,0.011435437580966
154,154,0.984803480307991,0.999147976892863,0.0186107104705328,0.999928557394337,0.0119787066580737
154,155,0.98128624733504,0.998426408444801,0.0206506323648722,0.999932296727008,0.0117332715714148
154,156,0.968862010706198,1.00073734751461,0.0335605817088023,0.999943132099683,0.0106940798950991
154,157,0.945203415591018,1.00253523739747,0.0583533928166391,0.999937642098375,0.0114655752616366
154,158,0.993603577032228,1.00301951920611,0.013591131860763,0.999951806876535,0.0102856591082067
154,159,0.993181072690985,0.99818474742307,0.0120484543404779,0.99993941338866,0.0111466768408395
155,128,0.935005033340143,1.00317711804322,0.0689663922249642,0.999941933394957,0.0112515002583928
155,129,0.928304440858703,0.996603319584589,0.0688832903508478,0.999956671489602,0.00989444856644378
155,130,0.948489381935207,1.00269620319429,0.0550004125900506,0.999954436562434,0.00993187209791512
155,131,0.915444986379068,1.00284839097051,0.0880728495602044,0.999936021256173,0.0116805518588253
155,132,0.900888758967961,0.999537114127541,0.0992094467776972,0.999938356559098,0.0111105390229092
155,133,0.895064625218431,1.00217752634261,0.107585686271276,0.999943419867136,0.010869604231998
155,134,0.926154800080793,0.998448862253678,0.0731185296179149,0.999935175955659,0.0114827268078668
155,135,0.977058693779488,0.995567385985834,0.0217195942421434,0.999933604708905,0.0123227448157281
155,136,0.955669964064568,1.00123762608219,0.046722113116248,0.999944325793622,0.0106309895481881
155,137,0.969733341004724,1.00037706443164,0.0325088903184031,0.999939289616254,0.0110276347659295
155,138,0.965725364953572,1.00139649539675,0.0378135592410857,0.999918602032502,0.0128442001760398
155,139,0.963072568714428,1.00130231775861,0.0398201475982561,0.999935638808659,0.0114274254174755
155,140,0.958110303861266,0.998367831738156,0.0417196262936926,0.999937348227977,0.0113032296629925
155,141,0.951923741934293,1.00027999327985,0.0495841483449501,0.999936850477179,0.0112433449098894
155,142,0.989432894796831,0.999542200368162,0.01470819266264,0.999942297680426,0.0107499482533212
155,143,0.988473309212378,1.00193941001706,0.0179358431305325,0.999929139759943,0.0120729716907869
155,144,0.941890450663358,0.997968347775887,0.0570200731393328,0.999943318712862,0.0108286597374943
155,145,0.96248840486083,0.999713434652107,0.0389552661179987,0.999931506864042,0.0117059444768833
155,146,0.975947029050875,1.00092981331423,0.0276213693673673,0.99992895536676,0.0119618533585433
155,147,0.923022107484795,0.999589459335237,0.07734078675611,0.999935490810199,0.0113637122433253
155,148,0.990626814747226,1.00113033847324,0.0158940424162939,0.999928259608027,0.0120382985035566
155,149,0.94485251689834,1.00271062880674,0.059107575020963,0.999922871963316,0.0127287749941216
155,150,0.930411405626914,1.00137508830107,0.0717527562014728,0.999939564840926,0.0110872626622974
155,151,0.904158365107851,0.998054330140672,0.0944884960596755,0.999938151739436,0.0112801365123264
155,152,0.975457385158494,1.00472095975026,0.0313371239659138,0.999935892586899,0.0122925824869845
155,153,0.985591872020071,1.00209618181738,0.0203520298234336,0.999928207488153,0.0121770268218583
155,154,0.989777429565797,1.00216800171861,0.017339735688292,0.999925830878202,0.012383863396157
155,155,0.99348118846185,0.998828768429025,0.0129157226858909,0.999930355320656,0.0118531853096698
155,156,0.989175965777157,1.00163710574762,0.0172195296311776,0.999928727869408,0.0120605860737673
155,157,0.95348286387157,1.00077530520159,0.048801883628207,0.999923996290756,0.0123582510407445
155,158,0.985217597388681,1.0001747027412,0.0186940793423515,0.999936190930509,0.0112991572813023
155,159,0.991353030602557,0.999408510902422,0.0141248965733682,0.999932061732438,0.0116681628797302
156,128,0.976303614573964,0.996482585776914,0.0232428628410255,0.999931625060015,0.0121918446846155
156,129,0.964835405652692,1.00045664810769,0.0375477436592531,0.999926984540971,0.0120957071019039
156,130,0.914437431216899,0.998893932430937,0.0853440749243459,0.999917502607159,0.0128854831406524
156,131,0.963729357610246,1.00275721013586,0.0402382833635901,0.999950358283598,0.0103517817705359
156,132,0.981200749855731,0.999177443528342,0.0214425790433166,0.999930322539483,0.0118286471285309
156,133,0.969551063334407,0.995448757941605,0.0279739878749035,0.999942053175247,0.0116653329882897
156,134,0.984114318343927,0.997094511004006,0.0174176239597748,0.999931267496741,0.0120626477093407
156,135,0.975163023685844,1.005245169708,0.0322598533310568,0.999930752991076,0.0129124841816262
156,136,0.886865301565607,0.998969869023316,0.112561872384791,0.999942016552229,0.0108124282323544
156,137,0.911163669563978,1.00404052035184,0.0935914422761975,0.999927174210169,0.012750133040358
156,138,0.978425811727833,0.999468758751106,0.0244950981952313,0.999919622023439,0.0126867162888172
156,139,0.89911681711885,0.999732333755176,0.101268117306085,0.999926714378753,0.0121079996505595
156,140,0.905178053632482,0.9957629753614,0.0912261822643276,0.999935325224246,0.0121142012555583
156,141,0.930165348257867,0.998437498025132,0.0689519079426646,0.999949780352359,0.0101352736078449
156,142,0.991204919565253,1.00082305985193,0.0156545066413033,0.999923108988867,0.0124332627090697
156,143,0.985268259269397,1.00277128203791,0.0213740716829865,0.999923838395782,0.0126659126453611
156,144,0.97693799178356,1.0004034934201,0.0257818791391773,0.999941639328344,0.0108134752298365
156,145,0.954022510291092,1.00006587081788,0.0474319928640314,0.999931975216835,0.0116645988782377
156,146,0.993141097879266,0.996741663900622,0.0123373605083215,0.999929666799789,0.0122810755289811
156,147,0.990381875225661,0.998313423008568,0.0131802297512096,0.999943962923549,0.0107111938252735
156,148,0.992659161699559,1.0013350068657,0.0140908699189811,0.999937985782456,0.0112239145235629
156,149,0.982844317726304,0.997401923437375,0.0177822548524593,0.999946809302799,0.0106233238310122
156,150,0.978141126121325,1.00071706072705,0.0247971778059761,0.999946249165492,0.0103967749964287
156,151,0.990303519841532,1.0062690870658,0.0184125772912022,0.999957790934276,0.0111466949677027
156,152,0.98771445096609,0.999141773279923,0.0167129708812968,0.999924640435146,0.0123014768067073
156,153,0.990461914914587,0.999903974473098,0.0158937790802109,0.999917475159773,0.012846908280689
156,154,0.99018038826524,0.994960022934593,0.0111572765342799,0.99994841608105,0.0113158845514333
156,155,0.993051276936392,0.998968747782687,0.0114025566238687,0.999952117322366,0.00983514505072065
156,156,0.993625426088484,1.00043674332614,0.0125122611019568,0.999944589509946,0.0105385067805888
156,157,0.936355364803866,1.00057949297911,0.0650607142569716,0.999942278720571,0.0107631440166362
156,158,0.921598475671473,1.00107667712692,0.0801540169042738,0.999941533165975,0.0108728469818373
156,159,0.982068097718593,0.999447054799307,0.0215572341393259,0.99991712580766,0.0128826427142107
157,128,0.984889844802208,1.00033439907378,0.0180839578684563,0.999955088534438,0.00948497709907379
157,129,0.991553045738498,1.00223290329986,0.0157077516744341,0.999933246881104,0.0117809253226388
157,130,0.992539519976909,0.999704272641092,0.0139583149680154,0.999927688861346,0.0120277580293854
157,131,0.985085358211915,1.00107890921504,0.0197937623096728,0.99993104517353,0.0117992580287334
157,132,0.937057320346113,0.999769686158884,0.0637229267738416,0.999931807797599,0.0116792995530557
157,133,0.937386280007926,1.0013076312283,0.0648740317004968,0.999934637079758,0.0115154974318659
157,134,0.917521676735266,0.999895941979101,0.0829790693507037,0.999945496228628,0.0104406430696111
157,135,0.984714174053365,0.998847680482344,0.0182521812560338,0.999932193523314,0.0116954916181221
157,136,0.984982635550294,0.998708260082712,0.0175533281751845,0.999939145416119,0.0111004749080857
157,137,0.98210002663707,1.00200165074969,0.0224527159637368,0.99994510031414,0.0106782843864028
157,138,0.988577276156729,1.0024612242379,0.0186047680925616,0.999922617672052,0.0126965818694311
157,139,0.907874586082423,1.00144989399757,0.0940411870374364,0.999951931653062,0.00991858228248792
157,140,0.943386645298516,0.998450184945212,0.0561326567612535,0.999936894226788,0.0113321608077439
157,141,0.923941230570666,1.00287876953359,0.0797747853963857,0.999928296364269,0.0123331837727753
157,142,0.933818904157382,1.00106713824889,0.068168052331275,0.999933378093786,0.0115984820574711
157,143,0.899953389126928,1.00009766198184,0.100615219038984,0.999947476344315,0.0102502247956312
157,144,0.981897059533498,1.00038045556675,0.0215205310985706,0.999938154859561,0.0111302329702432
157,145,0.952382568622128,1.00112230825931,0.0498640276527862,0.999941864352113,0.0108471822995469
157,146,0.970476674127556,1.00280414023581,0.0341077510630577,0.999939234557438,0.0113901219146372
157,147,0.969783959650565,1.0031930700702,0.0354371923864359,0.999928240961586,0.0124166032624385
157,148,0.926919883964526,1.00094248187606,0.0749136394347733,0.999928481729316,0.0120024840262577
157,149,0.954037250696492,0.99990030356512,0.047046471634724,0.999942370259878,0.0107358245451745
157,150,0.986557393105029,1.00047845686356,0.0176224334202008,0.999940855793495,0.0108891657110829
157,151,0.992482482402975,0.999302882404778,0.0135970872733068,0.999930245897985,0.0118278029805962
157,152,0.979426882739814,1.00074269990602,0.0243102106349099,0.999930305728785,0.0118340047928642
157,153,0.991549041738939,1.00060868298865,0.0131077350526313,0.999954777309269,0.00953262445540443
157,154,0.990934407072626,0.999940245725467,0.0138852695013337,0.999943637917317,0.0106170146552457
157,155,0.993611217239521,1.00326306135272,0.0152788581474092,0.999929635888759,0.0123221344212922
157,156,0.993106878958573,1.0017500713934,0.0134192176752507,0.999947041680096,0.0104481936894027
157,157,0.978176226923537,0.999269102481506,0.023107064400217,0.999954460075462,0.00956804526656778
157,158,0.963322443816807,1.00094728878019,0.0390736673977479,0.999942377881568,0.0107819646850534
157,159,0.966037936473905,1.00061686481236,0.0362908741589142,0.999937243423649,0.0112236847579215
158,128,0.962103269638185,1.00023799907755,0.0394509744684651,0.999946940468238,0.0103053851613668
158,129,0.977156955526058,0.99931890952907,0.0253394019742194,0.99992271663448,0.0124469008730458
158,130,0.981493534567539,1.00069034317555,0.0227658893367109,0.99992375653475,0.0123720965285363
158,131,0.977289209335772,1.00093036338493,0.0257625742700294,0.999946429035465,0.0103974605565931
158,132,0.932794130560092,0.99912523201746,0.0672637868225951,0.999933151867946,0.011590708775529
158,133,0.926755184394547,0.999501979177173,0.0736615363138934,0.999927708787448,0.0120315603637654
158,134,0.920649876255805,1.00215003212203,0.0822433163677083,0.999934053860778,0.0116960886284867
158,135,0.907768112857868,1.00291228449956,0.0957319467041645,0.999938383804236,0.0114922878625782
158,136,0.967592277178889,1.00117325149481,0.0350050903352408,0.999949586177361,0.010115456516297
158,137,0.973891939018835,0.999088914132718,0.0271100989567264,0.999948576858497,0.0101775566157917
158,138,0.989811158263624,1.00076130165411,0.0157635704964772,0.999935095348078,0.0114231216437962
158,139,0.956665793701863,1.00095233761138,0.0457135858884372,0.999932938039568,0.0116257730514745
158,140,0.919000679535992,0.998261710267168,0.0800436231396026,0.999932052442103,0.0117762702883288
158,141,0.990698574291076,1.00098199118337,0.0151097245533555,0.999938207802908,0.0111655747569384
158,142,0.987343919149186,0.999542580841392,0.015810423803363,0.999948747115123,0.0101325275197152
158,143,0.909252982434894,0.998149049281448,0.0895058301063222,0.999940069128421,0.0110935072696174
158,144,0.91360425144462,0.998001625729351,0.0849366201003573,0.99994992608123,0.0101951559283344
158,145,0.926127788614788,0.999355438673168,0.0741756601049086,0.999924508286209,0.0123004702677098
158,146,0.909049926332995,1.00155813914924,0.092956918500473,0.999954298553478,0.00969397282221519
158,147,0.925752773302486,1.00096487546354,0.0760237320349725,0.999933767846735,0.0115552197188383
158,148,0.965727186944282,1.00192065829667,0.037612501539752,0.999945879056504,0.0105895566933387
158,149,0.904082275270899,0.997796518204184,0.0943566560528896,0.999933033736483,0.0117682938938981
158,150,0.99014815906482,1.00075504187079,0.0161010293597122,0.999925957305928,0.0121970195965742
158,151,0.993443197727361,1.00441705513144,0.0147193491906077,0.999951778574631,0.0107879201035923
158,152,0.97985924080836,0.998324434245105,0.021449470469257,0.999939115572852,0.0111522348958266
158,153,0.985816663985713,1.00057198781151,0.0173231679725375,0.999958245036203,0.0091588680693293
158,154,0.983673021855496,1.00315073949551,0.0226026416648757,0.999933369672418,0.0119836423570455
158,155,0.991197690710403,0.999714318485539,0.0135026949733204,0.999944601769255,0.0105283627842674
158,156,0.981260891014683,1.00293900134142,0.0250020183788097,0.999921169906692,0.0129136082873795
158,157,0.988703688719347,1.00158630133631,0.0170053574288904,0.999937784535639,0.0112758443409256
158,158,0.98077855270179,0.997847054812053,0.020130514827215,0.999941806628783,0.0109896015004475
158,159,0.915955105586708,1.00197611176448,0.0866589657998816,0.99993998309293,0.0111434299961358
159,128,0.930745615739246,1.00029720205181,0.0701848433193747,0.999952477465187,0.00975508309932018
159,129,0.936431876382321,0.999221426938937,0.0641990634632424,0.999904354197044,0.013847340807265
159,130,0.936812772380668,1.00092564335266,0.0649884349616642,0.999939725458947,0.0110234968670192
159,131,0.943563034989609,1.0013582476049,0.0587849529853148,0.99993894017444,0.011141380363289
159,132,0.931100943196289,1.0011342411075,0.070968612442226,0.999929260236989,0.011955187192467
159,133,0.944746364038903,1.00015758644839,0.0566299667914175,0.999927743540431,0.0120233325623273
159,134,0.961718778646183,0.9972626993345,0.037126817860556,0.999940031303373,0.0112739479988841
159,135,0.917864628218428,1.00565633262714,0.0884560128425759,0.999936578713889,0.0126314739753517
159,136,0.94215494578467,1.00269459362649,0.0615031184493981,0.999937765742557,0.0114919424713516
159,137,0.945121093311529,0.99761021867395,0.0536813784814723,0.999932873499767,0.0118170732391528
159,138,0.96041842314146,1.00389289900338,0.0445676772184548,0.999950087082438,0.0107410013344885
159,139,0.992795841573573,1.00030724950742,0.0136951951029431,0.999933975931995,0.0114970913711102
159,140,0.969825092338016,0.997636607169516,0.0302520637862066,0.99992676890403,0.0123167231809517
159,141,0.975534304327932,1.0006583571819,0.0277278034001698,0.999929514262058,0.0118952814026009
159,142,0.986087808469599,0.99932816595192,0.0168721940581021,0.999944509307944,0.0105526387234145
159,143,0.946441239126058,0.997180951987474,0.0519824702581654,0.999932367884491,0.0119511483277149
159,144,0.92713833841239,1.00203423773846,0.0756503641968841,0.999938870350246,0.0112537161491336
159,145,0.907151577207754,1.00411169807805,0.0975048688610471,0.999941850607793,0.0115621378207718
159,146,0.942735983756979,1.00252879618978,0.0607350412760763,0.999939920420858,0.0112631179730101
159,147,0.941271766269078,0.99964751399465,0.0591120025168545,0.999954034837095,0.00959281856595337
159,148,0.94579544524978,0.998731919995787,0.0542070777004513,0.999927939087325,0.0120642900430112
159,149,0.990005458016699,1.00279784037535,0.017377870407101,0.999930323947139,0.0121478352571421
159,150,0.98878773686689,0.998755958226871,0.0154008556838594,0.999930221329557,0.0118714517080279
159,151,0.988375238553386,0.997849589918157,0.0152416421979407,0.999927734170754,0.0122002098209592
159,152,0.977892789021565,0.999689595458159,0.0248466010305337,0.999927243056108,0.0120650350430915
159,153,0.97799977035692,1.00014554925138,0.0253987212831055,0.999920942203997,0.0125761595965499
159,154,0.981190727902981,0.998146296947778,0.0212924065943211,0.999915315490286,0.0131335933607471
159,155,0.980210884606957,1.00222855186505,0.023998705275033,0.999953603106558,0.00989782936135761
159,156,0.982804805332574,0.998508897040386,0.0184850914103916,0.999951555948082,0.0099482170127915
159,157,0.981332367834141,0.999481939909326,0.0212098477679938,0.999938597200698,0.0110910037499722
159,158,0.97927024162986,0.999991551907857,0.0236166679949376,0.999934453541721,0.0114495362544841
159,159,0.988892980170294,0.999937725380494,0.0156574554769014,0.999937719657973,0.0111605020143412
