country,unit,province,model,observed,predicted
China,130100,130000,B69,0.77800000000000002,0.8043348736328485
China,130200,130000,B69,0.79900000000000004,0.7940436228962624
China,130300,130000,B69,0.77800000000000002,0.78979022223576845
China,130400,130000,B69,0.745,0.77243445246382603
China,130500,130000,B69,0.73199999999999987,0.77065269707049822
China,130600,130000,B69,0.73999999999999988,0.7772104850443452
China,130700,130000,B69,0.74199999999999988,0.76266089623718347
China,130800,130000,B69,0.751,0.74534134957431275
China,130900,130000,B69,0.75700000000000001,0.76483203316707815
China,131000,130000,B69,0.78000000000000003,0.79186226664199266
China,131100,130000,B69,0.74299999999999988,0.76265332944200648
China,140100,140000,B69,0.82199999999999995,0.83383274279861075
China,140200,140000,B69,0.76100000000000001,0.77743181154947405
China,140300,140000,B69,0.77500000000000002,0.778724114006067
China,140400,140000,B69,0.76600000000000001,0.75398593972083328
China,140500,140000,B69,0.77900000000000003,0.7846346867343087
China,140600,140000,B69,0.78600000000000003,0.76198490758515691
China,140700,140000,B69,0.76100000000000001,0.77713690315465678
China,140800,140000,B69,0.749,0.76714971908657048
China,140900,140000,B69,0.748,0.75536046620902952
China,141100,140000,B69,0.75600000000000001,0.76314148981005392
China,150100,150000,B69,0.80200000000000005,0.80260573786970046
China,150200,150000,B69,0.81699999999999995,0.80943304537786653
China,150300,150000,B69,0.80500000000000005,0.80374263203320195
China,150400,150000,B69,0.73799999999999988,0.7415703485417996
China,150500,150000,B69,0.745,0.74292572738827101
China,150600,150000,B69,0.81799999999999995,0.78359161430018887
China,150700,150000,B69,0.76100000000000001,0.77049629991532775
China,150800,150000,B69,0.76300000000000001,0.75716577111781425
China,150900,150000,B69,0.746,0.75330080168765468
China,210100,210000,B69,0.82599999999999985,0.82151085099664556
China,210200,210000,B69,0.83499999999999985,0.81789500210445554
China,210300,210000,B69,0.78500000000000003,0.79746776461219737
China,210400,210000,B69,0.76100000000000001,0.79329968614806634
China,210500,210000,B69,0.79800000000000004,0.79850247083138615
China,210600,210000,B69,0.76100000000000001,0.77349588671300906
China,210700,210000,B69,0.77600000000000002,0.77601019394766957
China,210800,210000,B69,0.77800000000000002,0.79776424200392726
China,210900,210000,B69,0.753,0.76339194893207962
China,211000,210000,B69,0.78100000000000003,0.78935273375282555
China,211100,210000,B69,0.82199999999999995,0.81981130424733695
China,211200,210000,B69,0.73799999999999988,0.7542589548783698
China,211300,210000,B69,0.73699999999999988,0.75092119012661152
China,211400,210000,B69,0.748,0.76184282782050505
China,220100,220000,B69,0.81699999999999995,0.7816768594315725
China,220200,220000,B69,0.76500000000000001,0.77820627258406805
China,220300,220000,B69,0.73699999999999988,0.74711074773583785
China,220400,220000,B69,0.76200000000000001,0.74941355118937247
China,220500,220000,B69,0.755,0.76373337757445192
China,220600,220000,B69,0.77200000000000002,0.78881686416736607
China,220700,220000,B69,0.73099999999999987,0.73735620511652911
China,220800,220000,B69,0.72999999999999987,0.74679075465723088
China,230100,230000,B69,0.79300000000000004,0.79059012176307897
China,230200,230000,B69,0.746,0.74194942943310105
China,230300,230000,B69,0.75800000000000001,0.78672142182032956
China,230600,230000,B69,0.81000000000000005,0.76328210750342307
China,230700,230000,B69,0.77400000000000002,0.78126745255702224
China,231100,230000,B69,0.77000000000000002,0.75915733488289572
China,350100,350000,B69,0.82699999999999985,0.81853372008106906
China,350200,350000,B69,0.84499999999999986,0.84209595407622873
China,350300,350000,B69,0.79500000000000004,0.78821858232838427
China,350400,350000,B69,0.80900000000000005,0.77050044958170982
China,350500,350000,B69,0.80700000000000005,0.79186779662311835
China,350600,350000,B69,0.78800000000000003,0.77721155813352771
China,350700,350000,B69,0.78400000000000003,0.77199342186044018
China,350800,350000,B69,0.80200000000000005,0.77247225933767194
China,350900,350000,B69,0.78500000000000003,0.78323767922933263
China,360100,360000,B69,0.81499999999999995,0.81989626129546855
China,360200,360000,B69,0.76000000000000001,0.7823654384688421
China,360300,360000,B69,0.77000000000000002,0.78736489005147781
China,360400,360000,B69,0.76300000000000001,0.78263740672370308
China,360500,360000,B69,0.79400000000000004,0.80363051288210952
China,360600,360000,B69,0.78400000000000003,0.77206310675045842
China,360700,360000,B69,0.74399999999999988,0.76820178563410335
China,360800,360000,B69,0.75,0.75318944562735235
China,360900,360000,B69,0.749,0.76536448987586525
China,361000,360000,B69,0.74199999999999988,0.75525838277707014
China,361100,360000,B69,0.74099999999999988,0.75781785521895972
China,370100,370000,B69,0.82999999999999985,0.8046433898737233
China,370200,370000,B69,0.84399999999999986,0.81282574516295114
China,370300,370000,B69,0.80600000000000005,0.80268203055226683
China,370400,370000,B69,0.75,0.77910934443517965
China,370500,370000,B69,0.84499999999999986,0.79728682479332513
China,370600,370000,B69,0.82899999999999985,0.79091609049424594
China,370700,370000,B69,0.78800000000000003,0.78565614429859576
China,370800,370000,B69,0.77300000000000002,0.7764769040171996
China,370900,370000,B69,0.77000000000000002,0.77858556362311493
China,371000,370000,B69,0.83299999999999985,0.79948764612173573
China,371100,370000,B69,0.78500000000000003,0.7784940106675271
China,371300,370000,B69,0.747,0.76273104639645684
China,371400,370000,B69,0.76500000000000001,0.75728699936279065
China,371500,370000,B69,0.751,0.75277645277501037
China,371600,370000,B69,0.77400000000000002,0.7754286505129615
China,371700,370000,B69,0.748,0.74460355294226854
China,410100,410000,B69,0.83199999999999985,0.8106676619932387
China,410200,410000,B69,0.75,0.75461815432884782
China,410300,410000,B69,0.78900000000000003,0.77682810817461134
China,410400,410000,B69,0.76300000000000001,0.75798960821896255
China,410500,410000,B69,0.75,0.76468927795417008
China,410600,410000,B69,0.77200000000000002,0.77357539602865544
China,410700,410000,B69,0.76400000000000001,0.76685800739889132
China,410800,410000,B69,0.78400000000000003,0.79054661152925265
China,410900,410000,B69,0.75,0.75001253349072505
China,411000,410000,B69,0.78300000000000003,0.76996790925386682
China,411100,410000,B69,0.78200000000000003,0.77727753020616575
China,411200,410000,B69,0.78600000000000003,0.75765629913891497
China,411300,410000,B69,0.73999999999999988,0.73940911850653135
China,411400,410000,B69,0.73699999999999988,0.74527995296086036
China,411500,410000,B69,0.73999999999999988,0.74626450043295522
China,411600,410000,B69,0.72899999999999987,0.74699913618619052
China,411700,410000,B69,0.745,0.74785791817335745
China,420100,420000,B69,0.85899999999999987,0.83487651750306446
China,420200,420000,B69,0.79100000000000004,0.78398443731301104
China,420300,420000,B69,0.78300000000000003,0.76766529469968137
China,420500,420000,B69,0.82899999999999985,0.77849563204670258
China,420600,420000,B69,0.80100000000000005,0.77064325583797333
China,420700,420000,B69,0.80900000000000005,0.80056937520151161
China,420800,420000,B69,0.80300000000000005,0.77229274994732333
China,420900,420000,B69,0.76700000000000002,0.77215829336775865
China,421000,420000,B69,0.76500000000000001,0.77242812193252353
China,421100,420000,B69,0.748,0.75067088038573615
China,421200,420000,B69,0.77600000000000002,0.76374675254569946
China,421300,420000,B69,0.77100000000000002,0.76188721080659505
China,430100,430000,B69,0.83999999999999986,0.8075699397783016
China,430200,430000,B69,0.80300000000000005,0.77734474095387485
China,430300,430000,B69,0.80400000000000005,0.77006461948085048
China,430400,430000,B69,0.75900000000000001,0.74700345372491261
China,430500,430000,B69,0.73399999999999987,0.73157966243473116
China,430600,430000,B69,0.79000000000000004,0.76473884020828065
China,430700,430000,B69,0.78100000000000003,0.76186620958808338
China,430800,430000,B69,0.754,0.74833696309593911
China,430900,430000,B69,0.75700000000000001,0.75664238664445516
China,431000,430000,B69,0.76600000000000001,0.74710274765684603
China,431100,430000,B69,0.745,0.73568534481998027
China,431200,430000,B69,0.73699999999999988,0.74734044412100176
China,431300,430000,B69,0.748,0.74418324920463785
China,440100,440000,B69,0.86299999999999988,0.85994040871184496
China,440200,440000,B69,0.76400000000000001,0.76718450814249151
China,440300,440000,B69,0.88,0.88139000542054413
China,440400,440000,B69,0.86399999999999988,0.86526574623131725
China,440500,440000,B69,0.76100000000000001,0.79687039090200051
China,440600,440000,B69,0.83899999999999986,0.86853208203681664
China,440700,440000,B69,0.79600000000000004,0.80941833850944023
China,440800,440000,B69,0.754,0.72827037168956388
China,440900,440000,B69,0.76100000000000001,0.72987957772311607
China,441200,440000,B69,0.76800000000000002,0.75949509027450191
China,441300,440000,B69,0.79400000000000004,0.81952368094421013
China,441400,440000,B69,0.749,0.75710403830198625
China,441500,440000,B69,0.73799999999999988,0.76326112242247435
China,441600,440000,B69,0.75,0.74892234236450927
China,441700,440000,B69,0.76700000000000002,0.76448545557544023
China,441800,440000,B69,0.753,0.76519792952399845
China,441900,440000,B69,0.81499999999999995,0.8726994124661166
China,442000,440000,B69,0.80500000000000005,0.85537828545590011
China,445100,440000,B69,0.748,0.79542817634214702
China,445200,440000,B69,0.73899999999999988,0.76067753087116508
China,445300,440000,B69,0.76200000000000001,0.74162458335185244
China,450100,450000,B69,0.77600000000000002,0.78477071466397474
China,450200,450000,B69,0.78200000000000003,0.78609796171902535
China,450300,450000,B69,0.75700000000000001,0.76080506425168848
China,450400,450000,B69,0.74099999999999988,0.75660229741517337
China,450500,450000,B69,0.79200000000000004,0.76221723080900405
China,450600,450000,B69,0.77500000000000002,0.76044486475786111
China,450700,450000,B69,0.73899999999999988,0.7194755321502746
China,450800,450000,B69,0.72099999999999986,0.73495804802277065
China,450900,450000,B69,0.72899999999999987,0.73303331559051876
China,451000,450000,B69,0.72999999999999987,0.7347888151761226
China,451100,450000,B69,0.74099999999999988,0.73873177501943843
China,451200,450000,B69,0.71299999999999986,0.72935869105707996
China,451300,450000,B69,0.73199999999999987,0.73284628901490712
China,451400,450000,B69,0.70699999999999985,0.73226624069708834
China,460100,460000,B69,0.80100000000000005,0.80733992046569603
China,460200,460000,B69,0.79400000000000004,0.78308132363393423
China,510100,510000,B69,0.82099999999999995,0.80077941545203457
China,510300,510000,B69,0.75800000000000001,0.76921521449873831
China,510400,510000,B69,0.79000000000000004,0.78880501995947194
China,510500,510000,B69,0.751,0.75494551391632791
China,510600,510000,B69,0.77000000000000002,0.76322088816258804
China,510700,510000,B69,0.77600000000000002,0.75839519594241656
China,510800,510000,B69,0.73899999999999988,0.73981989940252735
China,510900,510000,B69,0.749,0.77374027983236915
China,511000,510000,B69,0.74299999999999988,0.76386890846819011
China,511100,510000,B69,0.76700000000000002,0.76834839439474245
China,511300,510000,B69,0.73499999999999988,0.7651905047965234
China,511400,510000,B69,0.749,0.76213687463269031
China,511500,510000,B69,0.76200000000000001,0.7615975609064124
China,511600,510000,B69,0.73099999999999987,0.74514125742546145
China,511700,510000,B69,0.73799999999999988,0.74749661669181777
China,511800,510000,B69,0.75600000000000001,0.75354633187497211
China,511900,510000,B69,0.72199999999999986,0.74967330437785051
China,512000,510000,B69,0.71899999999999986,0.75342080324437255
China,520100,520000,B69,0.77500000000000002,0.78759761870884071
China,520200,520000,B69,0.71899999999999986,0.72152471851443556
China,520300,520000,B69,0.73799999999999988,0.7435676607298376
China,520400,520000,B69,0.70699999999999985,0.72010219144689347
China,520500,520000,B69,0.68600000000000005,0.7001131985983664
China,520600,520000,B69,0.71699999999999986,0.72890537217826845
China,530100,530000,B69,0.80500000000000005,0.78143587846551954
China,530300,530000,B69,0.73599999999999988,0.72224897058733784
China,530400,530000,B69,0.78200000000000003,0.74792976829734015
China,530500,530000,B69,0.72999999999999987,0.71842825735657601
China,530600,530000,B69,0.68000000000000005,0.71106282105062735
China,530700,530000,B69,0.72599999999999987,0.72898273507765576
China,530800,530000,B69,0.71099999999999985,0.72450295790789265
China,530900,530000,B69,0.70399999999999985,0.71493013401485761
China,540100,540000,B69,0.73499999999999988,0.73606330589267221
China,540300,540000,B69,0.65900000000000003,0.65743359225820652
China,540400,540000,B69,0.72899999999999987,0.69389817925616382
China,540500,540000,B69,0.70499999999999985,0.68829982090916675
China,540600,540000,B69,0.61099999999999988,0.6560333524348011
China,610100,610000,B69,0.82599999999999985,0.81188998559774206
China,610200,610000,B69,0.77300000000000002,0.74484819804326186
China,610300,610000,B69,0.78700000000000003,0.76128692361020844
China,610400,610000,B69,0.77100000000000002,0.75630592569834088
China,610500,610000,B69,0.752,0.75212795872260851
China,610600,610000,B69,0.77700000000000002,0.73971523531880468
China,610700,610000,B69,0.75,0.74175290107715508
China,610800,610000,B69,0.79900000000000004,0.75509627319658135
China,610900,610000,B69,0.73299999999999987,0.74595149402616545
China,611000,610000,B69,0.71999999999999986,0.71684620058047521
China,620100,620000,B69,0.77800000000000002,0.80473150514568847
China,620200,620000,B69,0.81699999999999995,0.81364317311690038
China,620300,620000,B69,0.78300000000000003,0.77230146528608623
China,620400,620000,B69,0.72399999999999987,0.73967913330305901
China,620500,620000,B69,0.68700000000000006,0.72731995417158957
China,620600,620000,B69,0.72299999999999986,0.72460699495929526
China,620700,620000,B69,0.72799999999999987,0.73918734019202181
China,620800,620000,B69,0.68999999999999995,0.7244780790216665
China,620900,620000,B69,0.76400000000000001,0.75867477891991597
China,621000,620000,B69,0.72699999999999987,0.72403240431701243
China,621100,620000,B69,0.66300000000000003,0.71531757707057775
China,621200,620000,B69,0.66300000000000003,0.71156446851037425
China,630100,630000,B69,0.76100000000000001,0.77098328579018416
China,630200,630000,B69,0.70699999999999985,0.70220304702519976
China,640100,640000,B69,0.79600000000000004,0.79065686346641006
China,640200,640000,B69,0.77800000000000002,0.78440797749859226
China,640300,640000,B69,0.73999999999999988,0.74000624807061244
China,640400,640000,B69,0.71399999999999986,0.70272329136893685
China,640500,640000,B69,0.73299999999999987,0.72535461939487611
China,650200,650000,B69,0.871,0.81122227872205332
China,130100,130000,B_R70,0.77800000000000002,0.79884027728954365
China,130200,130000,B_R70,0.79900000000000004,0.7979535452164852
China,130300,130000,B_R70,0.77800000000000002,0.78843950326087198
China,130400,130000,B_R70,0.745,0.76209173194291446
China,130500,130000,B_R70,0.73199999999999987,0.76309409840902642
China,130600,130000,B_R70,0.73999999999999988,0.76900001692751596
China,130700,130000,B_R70,0.74199999999999988,0.76098591575976404
China,130800,130000,B_R70,0.751,0.75043597868281564
China,130900,130000,B_R70,0.75700000000000001,0.76012838402654082
China,131000,130000,B_R70,0.78000000000000003,0.79363351110570035
China,131100,130000,B_R70,0.74299999999999988,0.75715535131149392
China,140100,140000,B_R70,0.82199999999999995,0.830485692991488
China,140200,140000,B_R70,0.76100000000000001,0.78115730888709167
China,140300,140000,B_R70,0.77500000000000002,0.78462688543589665
China,140400,140000,B_R70,0.76600000000000001,0.75753635894384985
China,140500,140000,B_R70,0.77900000000000003,0.78519941913250935
China,140600,140000,B_R70,0.78600000000000003,0.76638025874647775
China,140700,140000,B_R70,0.76100000000000001,0.77671668023105733
China,140800,140000,B_R70,0.749,0.76186805068892005
China,140900,140000,B_R70,0.748,0.75603546149565515
China,141100,140000,B_R70,0.75600000000000001,0.76087872360845277
China,150100,150000,B_R70,0.80200000000000005,0.80963659085723316
China,150200,150000,B_R70,0.81699999999999995,0.81814722690377573
China,150300,150000,B_R70,0.80500000000000005,0.80475049717340752
China,150400,150000,B_R70,0.73799999999999988,0.74522222450069864
China,150500,150000,B_R70,0.745,0.74219780607193064
China,150600,150000,B_R70,0.81799999999999995,0.79076797706127155
China,150700,150000,B_R70,0.76100000000000001,0.7718611000288067
China,150800,150000,B_R70,0.76300000000000001,0.75789855885489843
China,150900,150000,B_R70,0.746,0.75343038947406771
China,210100,210000,B_R70,0.82599999999999985,0.82717708688340175
China,210200,210000,B_R70,0.83499999999999985,0.81088106949217298
China,210300,210000,B_R70,0.78500000000000003,0.79472629453876986
China,210400,210000,B_R70,0.76100000000000001,0.7786225112312658
China,210500,210000,B_R70,0.79800000000000004,0.78335105987823794
China,210600,210000,B_R70,0.76100000000000001,0.76292065325405412
China,210700,210000,B_R70,0.77600000000000002,0.7685727327814097
China,210800,210000,B_R70,0.77800000000000002,0.79086405026660656
China,210900,210000,B_R70,0.753,0.75861385842955043
China,211000,210000,B_R70,0.78100000000000003,0.7846927721989615
China,211100,210000,B_R70,0.82199999999999995,0.81960141400660047
China,211200,210000,B_R70,0.73799999999999988,0.74250997993131518
China,211300,210000,B_R70,0.73699999999999988,0.74463411134621538
China,211400,210000,B_R70,0.748,0.75677076751534855
China,220100,220000,B_R70,0.81699999999999995,0.78713477728390635
China,220200,220000,B_R70,0.76500000000000001,0.77562921105076388
China,220300,220000,B_R70,0.73699999999999988,0.74536132196371008
China,220400,220000,B_R70,0.76200000000000001,0.75250454983410331
China,220500,220000,B_R70,0.755,0.77255199410695163
China,220600,220000,B_R70,0.77200000000000002,0.78713690572682404
China,220700,220000,B_R70,0.73099999999999987,0.73851502603143671
China,220800,220000,B_R70,0.72999999999999987,0.74559224818744241
China,230100,230000,B_R70,0.79300000000000004,0.79505091962706542
China,230200,230000,B_R70,0.746,0.73781297690725833
China,230300,230000,B_R70,0.75800000000000001,0.78485170223093081
China,230600,230000,B_R70,0.81000000000000005,0.77797901723297147
China,230700,230000,B_R70,0.77400000000000002,0.78019038621161185
China,231100,230000,B_R70,0.77000000000000002,0.75645093592473045
China,350100,350000,B_R70,0.82699999999999985,0.8260443954483353
China,350200,350000,B_R70,0.84499999999999986,0.84346034252393798
China,350300,350000,B_R70,0.79500000000000004,0.80429363654385655
China,350400,350000,B_R70,0.80900000000000005,0.77899249662102565
China,350500,350000,B_R70,0.80700000000000005,0.80965541626716153
China,350600,350000,B_R70,0.78800000000000003,0.7869963386481017
China,350700,350000,B_R70,0.78400000000000003,0.77506615938206225
China,350800,350000,B_R70,0.80200000000000005,0.78932426023573643
China,350900,350000,B_R70,0.78500000000000003,0.78472192474683888
China,360100,360000,B_R70,0.81499999999999995,0.8177182446176301
China,360200,360000,B_R70,0.76000000000000001,0.78614421211615881
China,360300,360000,B_R70,0.77000000000000002,0.77738336411855713
China,360400,360000,B_R70,0.76300000000000001,0.77520484691109526
China,360500,360000,B_R70,0.79400000000000004,0.80022231633737717
China,360600,360000,B_R70,0.78400000000000003,0.77597732139391618
China,360700,360000,B_R70,0.74399999999999988,0.76417262503295458
China,360800,360000,B_R70,0.75,0.75463404668240652
China,360900,360000,B_R70,0.749,0.76131172303438122
China,361000,360000,B_R70,0.74199999999999988,0.75133388760901498
China,361100,360000,B_R70,0.74099999999999988,0.75799318073467803
China,370100,370000,B_R70,0.82999999999999985,0.81347190869224917
China,370200,370000,B_R70,0.84399999999999986,0.82222892624492494
China,370300,370000,B_R70,0.80600000000000005,0.79907093231305215
China,370400,370000,B_R70,0.75,0.77901218230813318
China,370500,370000,B_R70,0.84499999999999986,0.80037590079373211
China,370600,370000,B_R70,0.82899999999999985,0.80053099574384756
China,370700,370000,B_R70,0.78800000000000003,0.78698236886161765
China,370800,370000,B_R70,0.77300000000000002,0.77730014069904096
China,370900,370000,B_R70,0.77000000000000002,0.77381262681792873
China,371000,370000,B_R70,0.83299999999999985,0.80717988977863475
China,371100,370000,B_R70,0.78500000000000003,0.77693331581160086
China,371300,370000,B_R70,0.747,0.76549436225051715
China,371400,370000,B_R70,0.76500000000000001,0.75750253496832254
China,371500,370000,B_R70,0.751,0.74598623199505043
China,371600,370000,B_R70,0.77400000000000002,0.77133980384009038
China,371700,370000,B_R70,0.748,0.74503165247780723
China,410100,410000,B_R70,0.83199999999999985,0.81437074590715297
China,410200,410000,B_R70,0.75,0.75532934998338985
China,410300,410000,B_R70,0.78900000000000003,0.78206316473085125
China,410400,410000,B_R70,0.76300000000000001,0.7580928613794965
China,410500,410000,B_R70,0.75,0.75910659452696627
China,410600,410000,B_R70,0.77200000000000002,0.77000150640438625
China,410700,410000,B_R70,0.76400000000000001,0.75977164472236935
China,410800,410000,B_R70,0.78400000000000003,0.78840328923512026
China,410900,410000,B_R70,0.75,0.74896623983569122
China,411000,410000,B_R70,0.78300000000000003,0.77383031508060685
China,411100,410000,B_R70,0.78200000000000003,0.7789572178449945
China,411200,410000,B_R70,0.78600000000000003,0.76420669666936492
China,411300,410000,B_R70,0.73999999999999988,0.74303106957210963
China,411400,410000,B_R70,0.73699999999999988,0.74414663228746125
China,411500,410000,B_R70,0.73999999999999988,0.74623712581044943
China,411600,410000,B_R70,0.72899999999999987,0.74584027245003814
China,411700,410000,B_R70,0.745,0.74149542496005705
China,420100,420000,B_R70,0.85899999999999987,0.83565578668349905
China,420200,420000,B_R70,0.79100000000000004,0.78736635819365031
China,420300,420000,B_R70,0.78300000000000003,0.7758184480518503
China,420500,420000,B_R70,0.82899999999999985,0.78467704474440225
China,420600,420000,B_R70,0.80100000000000005,0.77492966967516552
China,420700,420000,B_R70,0.80900000000000005,0.80037152596507355
China,420800,420000,B_R70,0.80300000000000005,0.77644427611785594
China,420900,420000,B_R70,0.76700000000000002,0.77152395499196502
China,421000,420000,B_R70,0.76500000000000001,0.77096931060809415
China,421100,420000,B_R70,0.748,0.75044316341939954
China,421200,420000,B_R70,0.77600000000000002,0.7639385716165964
China,421300,420000,B_R70,0.77100000000000002,0.7662629444475324
China,430100,430000,B_R70,0.83999999999999986,0.81158254201939894
China,430200,430000,B_R70,0.80300000000000005,0.77896971973493845
China,430300,430000,B_R70,0.80400000000000005,0.7727386225143128
China,430400,430000,B_R70,0.75900000000000001,0.75100238508537753
China,430500,430000,B_R70,0.73399999999999987,0.73307356028924175
China,430600,430000,B_R70,0.79000000000000004,0.77002888827508043
China,430700,430000,B_R70,0.78100000000000003,0.76499609803776902
China,430800,430000,B_R70,0.754,0.74068163602092885
China,430900,430000,B_R70,0.75700000000000001,0.75347247579141674
China,431000,430000,B_R70,0.76600000000000001,0.74850716431107867
China,431100,430000,B_R70,0.745,0.73249540930359835
China,431200,430000,B_R70,0.73699999999999988,0.73953055572577586
China,431300,430000,B_R70,0.748,0.7434818112601973
China,440100,440000,B_R70,0.86299999999999988,0.8518681497691144
China,440200,440000,B_R70,0.76400000000000001,0.76397548109099445
China,440300,440000,B_R70,0.88,0.86469087640410047
China,440400,440000,B_R70,0.86399999999999988,0.84302431515261012
China,440500,440000,B_R70,0.76100000000000001,0.80684143248091267
China,440600,440000,B_R70,0.83899999999999986,0.84690462548150913
China,440700,440000,B_R70,0.79600000000000004,0.79722338324995257
China,440800,440000,B_R70,0.754,0.74719005852920972
China,440900,440000,B_R70,0.76100000000000001,0.7452935237888213
China,441200,440000,B_R70,0.76800000000000002,0.76838750550845858
China,441300,440000,B_R70,0.79400000000000004,0.81015128837282113
China,441400,440000,B_R70,0.749,0.7603266005729814
China,441500,440000,B_R70,0.73799999999999988,0.7676178854430693
China,441600,440000,B_R70,0.75,0.74651615390245873
China,441700,440000,B_R70,0.76700000000000002,0.76125476420932292
China,441800,440000,B_R70,0.753,0.75888071057425355
China,441900,440000,B_R70,0.81499999999999995,0.85230400110883053
China,442000,440000,B_R70,0.80500000000000005,0.83872051894221034
China,445100,440000,B_R70,0.748,0.79719783872358163
China,445200,440000,B_R70,0.73899999999999988,0.77385287078558396
China,445300,440000,B_R70,0.76200000000000001,0.74739834007081252
China,450100,450000,B_R70,0.77600000000000002,0.78344462203396525
China,450200,450000,B_R70,0.78200000000000003,0.78719397692138326
China,450300,450000,B_R70,0.75700000000000001,0.75384549579096305
China,450400,450000,B_R70,0.74099999999999988,0.7412239089149345
China,450500,450000,B_R70,0.79200000000000004,0.75204612457881936
China,450600,450000,B_R70,0.77500000000000002,0.74978020211561436
China,450700,450000,B_R70,0.73899999999999988,0.72381403009044243
China,450800,450000,B_R70,0.72099999999999986,0.7257561769336206
China,450900,450000,B_R70,0.72899999999999987,0.72757537689597218
China,451000,450000,B_R70,0.72999999999999987,0.72121038445615793
China,451100,450000,B_R70,0.74099999999999988,0.72377656764512588
China,451200,450000,B_R70,0.71299999999999986,0.71451846474638103
China,451300,450000,B_R70,0.73199999999999987,0.7184926862612071
China,451400,450000,B_R70,0.70699999999999985,0.72287953258939075
China,460100,460000,B_R70,0.80100000000000005,0.83068428394698868
China,460200,460000,B_R70,0.79400000000000004,0.8296961405061043
China,510100,510000,B_R70,0.82099999999999995,0.80561666410165955
China,510300,510000,B_R70,0.75800000000000001,0.77467727913419571
China,510400,510000,B_R70,0.79000000000000004,0.78287594593501597
China,510500,510000,B_R70,0.751,0.76139861065907277
China,510600,510000,B_R70,0.77000000000000002,0.76867277354230101
China,510700,510000,B_R70,0.77600000000000002,0.76791659761039388
China,510800,510000,B_R70,0.73899999999999988,0.74412707499528408
China,510900,510000,B_R70,0.749,0.76997207486769426
China,511000,510000,B_R70,0.74299999999999988,0.76451935899462364
China,511100,510000,B_R70,0.76700000000000002,0.77273485037768086
China,511300,510000,B_R70,0.73499999999999988,0.76811082379123841
China,511400,510000,B_R70,0.749,0.76281798883843011
China,511500,510000,B_R70,0.76200000000000001,0.76632817597253822
China,511600,510000,B_R70,0.73099999999999987,0.74599066155062332
China,511700,510000,B_R70,0.73799999999999988,0.75014190850921147
China,511800,510000,B_R70,0.75600000000000001,0.75377875713488218
China,511900,510000,B_R70,0.72199999999999986,0.75110161453535973
China,512000,510000,B_R70,0.71899999999999986,0.75446196677213484
China,520100,520000,B_R70,0.77500000000000002,0.79244313676413503
China,520200,520000,B_R70,0.71899999999999986,0.72186031964408548
China,520300,520000,B_R70,0.73799999999999988,0.74058008642628215
China,520400,520000,B_R70,0.70699999999999985,0.72767967159728841
China,520500,520000,B_R70,0.68600000000000005,0.70238325672328683
China,520600,520000,B_R70,0.71699999999999986,0.73555808775741005
China,530100,530000,B_R70,0.80500000000000005,0.78134279469782675
China,530300,530000,B_R70,0.73599999999999988,0.71929203132684294
China,530400,530000,B_R70,0.78200000000000003,0.75559337085772138
China,530500,530000,B_R70,0.72999999999999987,0.71789204251196315
China,530600,530000,B_R70,0.68000000000000005,0.70072597110498125
China,530700,530000,B_R70,0.72599999999999987,0.72766312679061096
China,530800,530000,B_R70,0.71099999999999985,0.7182170878563372
China,530900,530000,B_R70,0.70399999999999985,0.71236219194010864
China,540100,540000,B_R70,0.73499999999999988,0.75414645535332148
China,540300,540000,B_R70,0.65900000000000003,0.66238663533585318
China,540400,540000,B_R70,0.72899999999999987,0.71241631022391161
China,540500,540000,B_R70,0.70499999999999985,0.70506333986560954
China,540600,540000,B_R70,0.61099999999999988,0.65047850444207178
China,610100,610000,B_R70,0.82599999999999985,0.81383787609163216
China,610200,610000,B_R70,0.77300000000000002,0.75139513346608833
China,610300,610000,B_R70,0.78700000000000003,0.76409282614662855
China,610400,610000,B_R70,0.77100000000000002,0.75827471987784101
China,610500,610000,B_R70,0.752,0.7478471008808204
China,610600,610000,B_R70,0.77700000000000002,0.74653397215861705
China,610700,610000,B_R70,0.75,0.73959243298073241
China,610800,610000,B_R70,0.79900000000000004,0.75970679216854542
China,610900,610000,B_R70,0.73299999999999987,0.74632804406875963
China,611000,610000,B_R70,0.71999999999999986,0.71155993620205515
China,620100,620000,B_R70,0.77800000000000002,0.80879314540589065
China,620200,620000,B_R70,0.81699999999999995,0.80845034748775002
China,620300,620000,B_R70,0.78300000000000003,0.77665635297362023
China,620400,620000,B_R70,0.72399999999999987,0.73501907404596145
China,620500,620000,B_R70,0.68700000000000006,0.7178333102766653
China,620600,620000,B_R70,0.72299999999999986,0.72075810653631445
China,620700,620000,B_R70,0.72799999999999987,0.74535044159122787
China,620800,620000,B_R70,0.68999999999999995,0.71695991268609804
China,620900,620000,B_R70,0.76400000000000001,0.76698257963974892
China,621000,620000,B_R70,0.72699999999999987,0.71526767369116051
China,621100,620000,B_R70,0.66300000000000003,0.7011744552978435
China,621200,620000,B_R70,0.66300000000000003,0.69550429232858135
China,630100,630000,B_R70,0.76100000000000001,0.76456532761289797
China,630200,630000,B_R70,0.70699999999999985,0.689145829841461
China,640100,640000,B_R70,0.79600000000000004,0.79275294041144384
China,640200,640000,B_R70,0.77800000000000002,0.77639884847231078
China,640300,640000,B_R70,0.73999999999999988,0.73807033321682503
China,640400,640000,B_R70,0.71399999999999986,0.70466306141958646
China,640500,640000,B_R70,0.73299999999999987,0.72525913189114644
China,650200,650000,B_R70,0.871,0.80838122913482025
China,130100,130000,B_RS74,0.77800000000000002,0.79881720410886292
China,130200,130000,B_RS74,0.79900000000000004,0.79961421765121721
China,130300,130000,B_RS74,0.77800000000000002,0.78869397748927061
China,130400,130000,B_RS74,0.745,0.7627414735635164
China,130500,130000,B_RS74,0.73199999999999987,0.76378553308946884
China,130600,130000,B_RS74,0.73999999999999988,0.76869279245789868
China,130700,130000,B_RS74,0.74199999999999988,0.7619774697804349
China,130800,130000,B_RS74,0.751,0.75134188026387305
China,130900,130000,B_RS74,0.75700000000000001,0.76149493898021414
China,131000,130000,B_RS74,0.78000000000000003,0.79361098019716936
China,131100,130000,B_RS74,0.74299999999999988,0.75771708964058904
China,140100,140000,B_RS74,0.82199999999999995,0.83074064405407866
China,140200,140000,B_RS74,0.76100000000000001,0.78099229775220558
China,140300,140000,B_RS74,0.77500000000000002,0.78363878725048342
China,140400,140000,B_RS74,0.76600000000000001,0.75744926892318376
China,140500,140000,B_RS74,0.77900000000000003,0.78548896103592525
China,140600,140000,B_RS74,0.78600000000000003,0.76695757360600236
China,140700,140000,B_RS74,0.76100000000000001,0.77662967959501117
China,140800,140000,B_RS74,0.749,0.76001489912508802
China,140900,140000,B_RS74,0.748,0.75651918137186236
China,141100,140000,B_RS74,0.75600000000000001,0.76098889275025572
China,150100,150000,B_RS74,0.80200000000000005,0.80927316764107615
China,150200,150000,B_RS74,0.81699999999999995,0.81935407969198581
China,150300,150000,B_RS74,0.80500000000000005,0.80413798988271434
China,150400,150000,B_RS74,0.73799999999999988,0.74441224290999342
China,150500,150000,B_RS74,0.745,0.74227261039273107
China,150600,150000,B_RS74,0.81799999999999995,0.78935415274679843
China,150700,150000,B_RS74,0.76100000000000001,0.76963303615693235
China,150800,150000,B_RS74,0.76300000000000001,0.7583726688333402
China,150900,150000,B_RS74,0.746,0.75165953234039662
China,210100,210000,B_RS74,0.82599999999999985,0.82716555361738275
China,210200,210000,B_RS74,0.83499999999999985,0.81083468742025433
China,210300,210000,B_RS74,0.78500000000000003,0.795293402080822
China,210400,210000,B_RS74,0.76100000000000001,0.78087480098447126
China,210500,210000,B_RS74,0.79800000000000004,0.78552251351893232
China,210600,210000,B_RS74,0.76100000000000001,0.7648519319602558
China,210700,210000,B_RS74,0.77600000000000002,0.76890214237826826
China,210800,210000,B_RS74,0.77800000000000002,0.79176538707438215
China,210900,210000,B_RS74,0.753,0.75976849155787296
China,211000,210000,B_RS74,0.78100000000000003,0.78467320370610882
China,211100,210000,B_RS74,0.82199999999999995,0.8203177242250973
China,211200,210000,B_RS74,0.73799999999999988,0.74439332244060974
China,211300,210000,B_RS74,0.73699999999999988,0.74547841889078104
China,211400,210000,B_RS74,0.748,0.757691715602274
China,220100,220000,B_RS74,0.81699999999999995,0.78511495214646954
China,220200,220000,B_RS74,0.76500000000000001,0.77655737941167335
China,220300,220000,B_RS74,0.73699999999999988,0.74645864137218054
China,220400,220000,B_RS74,0.76200000000000001,0.75384382706599584
China,220500,220000,B_RS74,0.755,0.77430961174735236
China,220600,220000,B_RS74,0.77200000000000002,0.78792264717097193
China,220700,220000,B_RS74,0.73099999999999987,0.73887398903767387
China,220800,220000,B_RS74,0.72999999999999987,0.74479571027143066
China,230100,230000,B_RS74,0.79300000000000004,0.79992840444365221
China,230200,230000,B_RS74,0.746,0.725372174158043
China,230300,230000,B_RS74,0.75800000000000001,0.80028122709615968
China,230600,230000,B_RS74,0.81000000000000005,0.78516859071973644
China,230700,230000,B_RS74,0.77400000000000002,0.80291519966689906
China,231100,230000,B_RS74,0.77000000000000002,0.75669298320196665
China,350100,350000,B_RS74,0.82699999999999985,0.82500980994108786
China,350200,350000,B_RS74,0.84499999999999986,0.84226452869642865
China,350300,350000,B_RS74,0.79500000000000004,0.80508391132808821
China,350400,350000,B_RS74,0.80900000000000005,0.77825069198027053
China,350500,350000,B_RS74,0.80700000000000005,0.80696541260376276
China,350600,350000,B_RS74,0.78800000000000003,0.7873785282104212
China,350700,350000,B_RS74,0.78400000000000003,0.77514316583013598
China,350800,350000,B_RS74,0.80200000000000005,0.78860524760495687
China,350900,350000,B_RS74,0.78500000000000003,0.78538508120471795
China,360100,360000,B_RS74,0.81499999999999995,0.81885560775526633
China,360200,360000,B_RS74,0.76000000000000001,0.78772794472108532
China,360300,360000,B_RS74,0.77000000000000002,0.77845523451973242
China,360400,360000,B_RS74,0.76300000000000001,0.77550649436230978
China,360500,360000,B_RS74,0.79400000000000004,0.79866374738384582
China,360600,360000,B_RS74,0.78400000000000003,0.77430854385929671
China,360700,360000,B_RS74,0.74399999999999988,0.76376196037974153
China,360800,360000,B_RS74,0.75,0.75557961107571225
China,360900,360000,B_RS74,0.749,0.76313379960194261
China,361000,360000,B_RS74,0.74199999999999988,0.75179447404469935
China,361100,360000,B_RS74,0.74099999999999988,0.75864987589709743
China,370100,370000,B_RS74,0.82999999999999985,0.81203189140505205
China,370200,370000,B_RS74,0.84399999999999986,0.82215527138564937
China,370300,370000,B_RS74,0.80600000000000005,0.79874064727918637
China,370400,370000,B_RS74,0.75,0.77952728756845358
China,370500,370000,B_RS74,0.84499999999999986,0.79920514175032287
China,370600,370000,B_RS74,0.82899999999999985,0.79970626150183255
China,370700,370000,B_RS74,0.78800000000000003,0.78626480077517114
China,370800,370000,B_RS74,0.77300000000000002,0.77648851295500931
China,370900,370000,B_RS74,0.77000000000000002,0.77263600323455617
China,371000,370000,B_RS74,0.83299999999999985,0.80802646679918655
China,371100,370000,B_RS74,0.78500000000000003,0.7740448413118749
China,371300,370000,B_RS74,0.747,0.76600903921665475
China,371400,370000,B_RS74,0.76500000000000001,0.75430497678315056
China,371500,370000,B_RS74,0.751,0.74494304487828034
China,371600,370000,B_RS74,0.77400000000000002,0.76977960688328617
China,371700,370000,B_RS74,0.748,0.74413329217344193
China,410100,410000,B_RS74,0.83199999999999985,0.81424562635582753
China,410200,410000,B_RS74,0.75,0.75537945976009435
China,410300,410000,B_RS74,0.78900000000000003,0.78047571051967912
China,410400,410000,B_RS74,0.76300000000000001,0.75676140036344708
China,410500,410000,B_RS74,0.75,0.76031708789500907
China,410600,410000,B_RS74,0.77200000000000002,0.77359843284619556
China,410700,410000,B_RS74,0.76400000000000001,0.76052629787487813
China,410800,410000,B_RS74,0.78400000000000003,0.78754342014044965
China,410900,410000,B_RS74,0.75,0.75062746964548244
China,411000,410000,B_RS74,0.78300000000000003,0.77338281240387263
China,411100,410000,B_RS74,0.78200000000000003,0.77792395630162903
China,411200,410000,B_RS74,0.78600000000000003,0.76364842711480652
China,411300,410000,B_RS74,0.73999999999999988,0.74251651810565156
China,411400,410000,B_RS74,0.73699999999999988,0.7425659288187727
China,411500,410000,B_RS74,0.73999999999999988,0.74632956022456942
China,411600,410000,B_RS74,0.72899999999999987,0.74423915752951386
China,411700,410000,B_RS74,0.745,0.74019304233503924
China,420100,420000,B_RS74,0.85899999999999987,0.83522843615529674
China,420200,420000,B_RS74,0.79100000000000004,0.78688772412201857
China,420300,420000,B_RS74,0.78300000000000003,0.77401907573185125
China,420500,420000,B_RS74,0.82899999999999985,0.78421068256915605
China,420600,420000,B_RS74,0.80100000000000005,0.7741908601426406
China,420700,420000,B_RS74,0.80900000000000005,0.79901097091047857
China,420800,420000,B_RS74,0.80300000000000005,0.77413013856670021
China,420900,420000,B_RS74,0.76700000000000002,0.76985672136795558
China,421000,420000,B_RS74,0.76500000000000001,0.76773435309851645
China,421100,420000,B_RS74,0.748,0.75024947093446415
China,421200,420000,B_RS74,0.77600000000000002,0.76285550526732016
China,421300,420000,B_RS74,0.77100000000000002,0.76590237963051055
China,430100,430000,B_RS74,0.83999999999999986,0.81216624959421047
China,430200,430000,B_RS74,0.80300000000000005,0.77950166571636037
China,430300,430000,B_RS74,0.80400000000000005,0.77359937721547445
China,430400,430000,B_RS74,0.75900000000000001,0.75152311585222553
China,430500,430000,B_RS74,0.73399999999999987,0.7308849254797235
China,430600,430000,B_RS74,0.79000000000000004,0.77062762607782687
China,430700,430000,B_RS74,0.78100000000000003,0.76554772179748798
China,430800,430000,B_RS74,0.754,0.74054288622930908
China,430900,430000,B_RS74,0.75700000000000001,0.75213320601378542
China,431000,430000,B_RS74,0.76600000000000001,0.74899686558144851
China,431100,430000,B_RS74,0.745,0.73071140424461545
China,431200,430000,B_RS74,0.73699999999999988,0.73904205415307822
China,431300,430000,B_RS74,0.748,0.74303259251519715
China,440100,440000,B_RS74,0.86299999999999988,0.85212676110866037
China,440200,440000,B_RS74,0.76400000000000001,0.76541818662810168
China,440300,440000,B_RS74,0.88,0.86459387017796097
China,440400,440000,B_RS74,0.86399999999999988,0.84526495335914165
China,440500,440000,B_RS74,0.76100000000000001,0.80445079952659715
China,440600,440000,B_RS74,0.83899999999999986,0.8473862993354685
China,440700,440000,B_RS74,0.79600000000000004,0.79962180729778631
China,440800,440000,B_RS74,0.754,0.74922133235157795
China,440900,440000,B_RS74,0.76100000000000001,0.74624304323617041
China,441200,440000,B_RS74,0.76800000000000002,0.77041856744157078
China,441300,440000,B_RS74,0.79400000000000004,0.8121404166442332
China,441400,440000,B_RS74,0.749,0.76268840110976355
China,441500,440000,B_RS74,0.73799999999999988,0.77004984445251845
China,441600,440000,B_RS74,0.75,0.74933037276406478
China,441700,440000,B_RS74,0.76700000000000002,0.76196915415155675
China,441800,440000,B_RS74,0.753,0.76228855731134948
China,441900,440000,B_RS74,0.81499999999999995,0.85395205550458975
China,442000,440000,B_RS74,0.80500000000000005,0.83994269715350711
China,445100,440000,B_RS74,0.748,0.79778169447023395
China,445200,440000,B_RS74,0.73899999999999988,0.77538328514607457
China,445300,440000,B_RS74,0.76200000000000001,0.74927466304026391
China,450100,450000,B_RS74,0.77600000000000002,0.78194584346764928
China,450200,450000,B_RS74,0.78200000000000003,0.78511437224943181
China,450300,450000,B_RS74,0.75700000000000001,0.75510239508595645
China,450400,450000,B_RS74,0.74099999999999988,0.73773041606145406
China,450500,450000,B_RS74,0.79200000000000004,0.75198792555470784
China,450600,450000,B_RS74,0.77500000000000002,0.74887048722637695
China,450700,450000,B_RS74,0.73899999999999988,0.72407653660854232
China,450800,450000,B_RS74,0.72099999999999986,0.72371952745253387
China,450900,450000,B_RS74,0.72899999999999987,0.72562860244675775
China,451000,450000,B_RS74,0.72999999999999987,0.71996501472039542
China,451100,450000,B_RS74,0.74099999999999988,0.72292085919032023
China,451200,450000,B_RS74,0.71299999999999986,0.71253296434008806
China,451300,450000,B_RS74,0.73199999999999987,0.71884815009073411
China,451400,450000,B_RS74,0.70699999999999985,0.72252759432253544
China,460100,460000,B_RS74,0.80100000000000005,0.83126662312765787
China,460200,460000,B_RS74,0.79400000000000004,0.83493079531105507
China,510100,510000,B_RS74,0.82099999999999995,0.80880521257500193
China,510300,510000,B_RS74,0.75800000000000001,0.77658125561070235
China,510400,510000,B_RS74,0.79000000000000004,0.78382183640549996
China,510500,510000,B_RS74,0.751,0.76297410897005535
China,510600,510000,B_RS74,0.77000000000000002,0.77094553341383465
China,510700,510000,B_RS74,0.77600000000000002,0.76968808250589005
China,510800,510000,B_RS74,0.73899999999999988,0.7438770334928646
China,510900,510000,B_RS74,0.749,0.77176951295401475
China,511000,510000,B_RS74,0.74299999999999988,0.76402207872611227
China,511100,510000,B_RS74,0.76700000000000002,0.77438386454265073
China,511300,510000,B_RS74,0.73499999999999988,0.76891553986351846
China,511400,510000,B_RS74,0.749,0.7635311697001822
China,511500,510000,B_RS74,0.76200000000000001,0.76708396041270932
China,511600,510000,B_RS74,0.73099999999999987,0.74966505742751821
China,511700,510000,B_RS74,0.73799999999999988,0.75274612359561277
China,511800,510000,B_RS74,0.75600000000000001,0.75530581690230647
China,511900,510000,B_RS74,0.72199999999999986,0.75145732304244695
China,512000,510000,B_RS74,0.71899999999999986,0.75530017639913605
China,520100,520000,B_RS74,0.77500000000000002,0.79392055591578625
China,520200,520000,B_RS74,0.71899999999999986,0.72207380972230861
China,520300,520000,B_RS74,0.73799999999999988,0.74009598533995835
China,520400,520000,B_RS74,0.70699999999999985,0.72732394035406667
China,520500,520000,B_RS74,0.68600000000000005,0.70027537880562907
China,520600,520000,B_RS74,0.71699999999999986,0.73268998489254777
China,530100,530000,B_RS74,0.80500000000000005,0.78190007455645971
China,530300,530000,B_RS74,0.73599999999999988,0.71805349498631754
China,530400,530000,B_RS74,0.78200000000000003,0.75665130703014327
China,530500,530000,B_RS74,0.72999999999999987,0.71843816802025007
China,530600,530000,B_RS74,0.68000000000000005,0.69989286262756778
China,530700,530000,B_RS74,0.72599999999999987,0.72943715226862083
China,530800,530000,B_RS74,0.71099999999999985,0.71591287822795746
China,530900,530000,B_RS74,0.70399999999999985,0.71110263217113157
China,540100,540000,B_RS74,0.73499999999999988,0.75144525930352668
China,540300,540000,B_RS74,0.65900000000000003,0.65666022321769912
China,540400,540000,B_RS74,0.72899999999999987,0.70764453948254857
China,540500,540000,B_RS74,0.70499999999999985,0.7011309424775003
China,540600,540000,B_RS74,0.61099999999999988,0.64406472576327978
China,610100,610000,B_RS74,0.82599999999999985,0.81606214872878902
China,610200,610000,B_RS74,0.77300000000000002,0.75104805480688375
China,610300,610000,B_RS74,0.78700000000000003,0.76456490573817693
China,610400,610000,B_RS74,0.77100000000000002,0.75802023266583418
China,610500,610000,B_RS74,0.752,0.74701599634063753
China,610600,610000,B_RS74,0.77700000000000002,0.74778397251571782
China,610700,610000,B_RS74,0.75,0.73924965312627977
China,610800,610000,B_RS74,0.79900000000000004,0.75879518944525326
China,610900,610000,B_RS74,0.73299999999999987,0.74240172374412572
China,611000,610000,B_RS74,0.71999999999999986,0.71043368970574405
China,620100,620000,B_RS74,0.77800000000000002,0.81045715422822084
China,620200,620000,B_RS74,0.81699999999999995,0.81275627590465915
China,620300,620000,B_RS74,0.78300000000000003,0.7737901415227697
China,620400,620000,B_RS74,0.72399999999999987,0.73134357564231101
China,620500,620000,B_RS74,0.68700000000000006,0.72016439509379804
China,620600,620000,B_RS74,0.72299999999999986,0.72062079636646903
China,620700,620000,B_RS74,0.72799999999999987,0.74481938561104055
China,620800,620000,B_RS74,0.68999999999999995,0.71885533605072471
China,620900,620000,B_RS74,0.76400000000000001,0.76365398320619882
China,621000,620000,B_RS74,0.72699999999999987,0.71514835585957615
China,621100,620000,B_RS74,0.66300000000000003,0.70312773061839795
China,621200,620000,B_RS74,0.66300000000000003,0.69584072410604225
China,630100,630000,B_RS74,0.76100000000000001,0.76304730286196376
China,630200,630000,B_RS74,0.70699999999999985,0.68710428191244
China,640100,640000,B_RS74,0.79600000000000004,0.79213404188874015
China,640200,640000,B_RS74,0.77800000000000002,0.77560024977683262
China,640300,640000,B_RS74,0.73999999999999988,0.73632534990282106
China,640400,640000,B_RS74,0.71399999999999986,0.70477709541152256
China,640500,640000,B_RS74,0.73299999999999987,0.72554151257111865
China,650200,650000,B_RS74,0.871,0.81239911872501303
China,130100,130000,R6,0.77800000000000002,0.78774918403957905
China,130200,130000,R6,0.79900000000000004,0.7882465393621052
China,130300,130000,R6,0.77800000000000002,0.77451793897350607
China,130400,130000,R6,0.745,0.74694943166102512
China,130500,130000,R6,0.73199999999999987,0.74387114402993382
China,130600,130000,R6,0.73999999999999988,0.75060640295439307
China,130700,130000,R6,0.74199999999999988,0.76574918288329652
China,130800,130000,R6,0.751,0.74860501157272297
China,130900,130000,R6,0.75700000000000001,0.74288903048919797
China,131000,130000,R6,0.78000000000000003,0.78249120499250957
China,131100,130000,R6,0.74299999999999988,0.74880999030318995
China,140100,140000,R6,0.82199999999999995,0.82875582511934465
China,140200,140000,R6,0.76100000000000001,0.79015173127870464
China,140300,140000,R6,0.77500000000000002,0.78946015405813885
China,140400,140000,R6,0.76600000000000001,0.76004020447611575
China,140500,140000,R6,0.77900000000000003,0.77732790126067541
China,140600,140000,R6,0.78600000000000003,0.76623496428139293
China,140700,140000,R6,0.76100000000000001,0.76368539648758005
China,140800,140000,R6,0.749,0.74432755322492083
China,140900,140000,R6,0.748,0.74689294746015322
China,141100,140000,R6,0.75600000000000001,0.74111605762803878
China,150100,150000,R6,0.80200000000000005,0.81107325149597231
China,150200,150000,R6,0.81699999999999995,0.82698473556951957
China,150300,150000,R6,0.80500000000000005,0.82446172841652965
China,150400,150000,R6,0.73799999999999988,0.74352988411913645
China,150500,150000,R6,0.745,0.72928854875509308
China,150600,150000,R6,0.81799999999999995,0.79192514713148565
China,150700,150000,R6,0.76100000000000001,0.76971828256813202
China,150800,150000,R6,0.76300000000000001,0.7527600038368325
China,150900,150000,R6,0.746,0.75657258984358711
China,210100,210000,R6,0.82599999999999985,0.83732950569972764
China,210200,210000,R6,0.83499999999999985,0.81676825767544226
China,210300,210000,R6,0.78500000000000003,0.79987414660177425
China,210400,210000,R6,0.76100000000000001,0.77693449085736266
China,210500,210000,R6,0.79800000000000004,0.78243649517630365
China,210600,210000,R6,0.76100000000000001,0.77056885743415426
China,210700,210000,R6,0.77600000000000002,0.75885659440919473
China,210800,210000,R6,0.77800000000000002,0.780302685682984
China,210900,210000,R6,0.753,0.75637850005376372
China,211000,210000,R6,0.78100000000000003,0.77871196521531427
China,211100,210000,R6,0.82199999999999995,0.8152089205932298
China,211200,210000,R6,0.73799999999999988,0.73389782008559901
China,211300,210000,R6,0.73699999999999988,0.73030802459258737
China,211400,210000,R6,0.748,0.74678685510052067
China,220100,220000,R6,0.81699999999999995,0.78696197477224472
China,220200,220000,R6,0.76500000000000001,0.76479357995993025
China,220300,220000,R6,0.73699999999999988,0.73588637433516502
China,220400,220000,R6,0.76200000000000001,0.74982756842783194
China,220500,220000,R6,0.755,0.7683995979343401
China,220600,220000,R6,0.77200000000000002,0.78736078478482374
China,220700,220000,R6,0.73099999999999987,0.72618472593768824
China,220800,220000,R6,0.72999999999999987,0.73545374025384136
China,230100,230000,R6,0.79300000000000004,0.79431998996393205
China,230200,230000,R6,0.746,0.73243480371573455
China,230300,230000,R6,0.75800000000000001,0.78103363450217866
China,230600,230000,R6,0.81000000000000005,0.79660123433501107
China,230700,230000,R6,0.77400000000000002,0.79160674203151915
China,231100,230000,R6,0.77000000000000002,0.75054472342680156
China,350100,350000,R6,0.82699999999999985,0.82025694507377733
China,350200,350000,R6,0.84499999999999986,0.84223512812629087
China,350300,350000,R6,0.79500000000000004,0.80145512923296214
China,350400,350000,R6,0.80900000000000005,0.77982541266969574
China,350500,350000,R6,0.80700000000000005,0.81574369749351594
China,350600,350000,R6,0.78800000000000003,0.78536396248243312
China,350700,350000,R6,0.78400000000000003,0.77226328031049096
China,350800,350000,R6,0.80200000000000005,0.79142978217549975
China,350900,350000,R6,0.78500000000000003,0.77361958138184306
China,360100,360000,R6,0.81499999999999995,0.81990365190959025
China,360200,360000,R6,0.76000000000000001,0.78229586376749805
China,360300,360000,R6,0.77000000000000002,0.77400091329469745
China,360400,360000,R6,0.76300000000000001,0.77495605009105017
China,360500,360000,R6,0.79400000000000004,0.79615083286434041
China,360600,360000,R6,0.78400000000000003,0.78202298356505895
China,360700,360000,R6,0.74399999999999988,0.75406080936063402
China,360800,360000,R6,0.75,0.74804279397521822
China,360900,360000,R6,0.749,0.75453874545001154
China,361000,360000,R6,0.74199999999999988,0.74750277967238643
China,361100,360000,R6,0.74099999999999988,0.75351299660193327
China,370100,370000,R6,0.82999999999999985,0.82174150469494034
China,370200,370000,R6,0.84399999999999986,0.82888775838642903
China,370300,370000,R6,0.80600000000000005,0.80039242515276632
China,370400,370000,R6,0.75,0.76995759511909923
China,370500,370000,R6,0.84499999999999986,0.79675674681072473
China,370600,370000,R6,0.82899999999999985,0.80961123310370386
China,370700,370000,R6,0.78800000000000003,0.78603730854615295
China,370800,370000,R6,0.77300000000000002,0.77661644358774218
China,370900,370000,R6,0.77000000000000002,0.77482834034089565
China,371000,370000,R6,0.83299999999999985,0.813078766632642
China,371100,370000,R6,0.78500000000000003,0.77019354754918401
China,371300,370000,R6,0.747,0.7631644571756836
China,371400,370000,R6,0.76500000000000001,0.75899657739610682
China,371500,370000,R6,0.751,0.74210479358866888
China,371600,370000,R6,0.77400000000000002,0.76530665847582435
China,371700,370000,R6,0.748,0.74868199157678683
China,410100,410000,R6,0.83199999999999985,0.8210877360602018
China,410200,410000,R6,0.75,0.75431923394254574
China,410300,410000,R6,0.78900000000000003,0.78706071551320111
China,410400,410000,R6,0.76300000000000001,0.75291175481631945
China,410500,410000,R6,0.75,0.74553474763533556
China,410600,410000,R6,0.77200000000000002,0.76240432401925495
China,410700,410000,R6,0.76400000000000001,0.75291662744499788
China,410800,410000,R6,0.78400000000000003,0.77846471929986805
China,410900,410000,R6,0.75,0.74326016585634747
China,411000,410000,R6,0.78300000000000003,0.7683021041896857
China,411100,410000,R6,0.78200000000000003,0.77041829464959255
China,411200,410000,R6,0.78600000000000003,0.76700032039876564
China,411300,410000,R6,0.73999999999999988,0.74873750854895493
China,411400,410000,R6,0.73699999999999988,0.74012883925284623
China,411500,410000,R6,0.73999999999999988,0.74637207956835883
China,411600,410000,R6,0.72899999999999987,0.73674029349030412
China,411700,410000,R6,0.745,0.72870473873782915
China,420100,420000,R6,0.85899999999999987,0.84297975206292841
China,420200,420000,R6,0.79100000000000004,0.7870378377001388
China,420300,420000,R6,0.78300000000000003,0.78071955032682305
China,420500,420000,R6,0.82899999999999985,0.79746104721664224
China,420600,420000,R6,0.80100000000000005,0.78374576111405692
China,420700,420000,R6,0.80900000000000005,0.79111145357761414
China,420800,420000,R6,0.80300000000000005,0.78519883015907632
China,420900,420000,R6,0.76700000000000002,0.77672055678788166
China,421000,420000,R6,0.76500000000000001,0.7740133533731034
China,421100,420000,R6,0.748,0.74965955438536624
China,421200,420000,R6,0.77600000000000002,0.76128487846279325
China,421300,420000,R6,0.77100000000000002,0.77072154315404262
China,430100,430000,R6,0.83999999999999986,0.83159779476303775
China,430200,430000,R6,0.80300000000000005,0.79520670015797457
China,430300,430000,R6,0.80400000000000005,0.7887009487430735
China,430400,430000,R6,0.75900000000000001,0.76466867308785313
China,430500,430000,R6,0.73399999999999987,0.75050744644166256
China,430600,430000,R6,0.79000000000000004,0.78389665104909767
China,430700,430000,R6,0.78100000000000003,0.7775926481176445
China,430800,430000,R6,0.754,0.73858134985892687
China,430900,430000,R6,0.75700000000000001,0.75265375231734732
China,431000,430000,R6,0.76600000000000001,0.75843713326339213
China,431100,430000,R6,0.745,0.73365710736792822
China,431200,430000,R6,0.73699999999999988,0.73240693128916801
China,431300,430000,R6,0.748,0.74207367136509605
China,440100,440000,R6,0.86299999999999988,0.84810286530237733
China,440200,440000,R6,0.76400000000000001,0.74875717121430641
China,440300,440000,R6,0.88,0.86982604327365087
China,440400,440000,R6,0.86399999999999988,0.83896311256546585
China,440500,440000,R6,0.76100000000000001,0.7938503186493896
China,440600,440000,R6,0.83899999999999986,0.84788132129250171
China,440700,440000,R6,0.79600000000000004,0.78916624139292046
China,440800,440000,R6,0.754,0.74406369580130394
China,440900,440000,R6,0.76100000000000001,0.73803244558767045
China,441200,440000,R6,0.76800000000000002,0.75708877835955235
China,441300,440000,R6,0.79400000000000004,0.79617266865231695
China,441400,440000,R6,0.749,0.7422032601289269
China,441500,440000,R6,0.73799999999999988,0.74821159650259095
China,441600,440000,R6,0.75,0.72498664587616735
China,441700,440000,R6,0.76700000000000002,0.74819736408425286
China,441800,440000,R6,0.753,0.73797786189745707
China,441900,440000,R6,0.81499999999999995,0.84661824986557654
China,442000,440000,R6,0.80500000000000005,0.83035980511044527
China,445100,440000,R6,0.748,0.77013185800180617
China,445200,440000,R6,0.73899999999999988,0.74410945856594313
China,445300,440000,R6,0.76200000000000001,0.72295749726084058
China,450100,450000,R6,0.77600000000000002,0.78581816263448812
China,450200,450000,R6,0.78200000000000003,0.79370099639915082
China,450300,450000,R6,0.75700000000000001,0.75075329706086547
China,450400,450000,R6,0.74099999999999988,0.72491163778479573
China,450500,450000,R6,0.79200000000000004,0.75308265515173378
China,450600,450000,R6,0.77500000000000002,0.73783027693610215
China,450700,450000,R6,0.73899999999999988,0.70977394815649986
China,450800,450000,R6,0.72099999999999986,0.71630917245517478
China,450900,450000,R6,0.72899999999999987,0.72468775346696046
China,451000,450000,R6,0.72999999999999987,0.71273464017617094
China,451100,450000,R6,0.74099999999999988,0.70845578973807743
China,451200,450000,R6,0.71299999999999986,0.7019824965115099
China,451300,450000,R6,0.73199999999999987,0.69932701501737482
China,451400,450000,R6,0.70699999999999985,0.71595697866953978
China,460100,460000,R6,0.80100000000000005,0.81317142283820565
China,460200,460000,R6,0.79400000000000004,0.80073315640526932
China,510100,510000,R6,0.82099999999999995,0.82877897044402415
China,510300,510000,R6,0.75800000000000001,0.777539134955887
China,510400,510000,R6,0.79000000000000004,0.78270092216344622
China,510500,510000,R6,0.751,0.76471478002651805
China,510600,510000,R6,0.77000000000000002,0.78230181108455021
China,510700,510000,R6,0.77600000000000002,0.77680416616571013
China,510800,510000,R6,0.73899999999999988,0.75148549382151231
China,510900,510000,R6,0.749,0.76702058399867235
China,511000,510000,R6,0.74299999999999988,0.76057847218378871
China,511100,510000,R6,0.76700000000000002,0.77245427474464301
China,511300,510000,R6,0.73499999999999988,0.76760551909787311
China,511400,510000,R6,0.749,0.76188775682647725
China,511500,510000,R6,0.76200000000000001,0.76237444594865145
China,511600,510000,R6,0.73099999999999987,0.74790116796940553
China,511700,510000,R6,0.73799999999999988,0.75954057076353187
China,511800,510000,R6,0.75600000000000001,0.75675934515996945
China,511900,510000,R6,0.72199999999999986,0.74949661664728173
China,512000,510000,R6,0.71899999999999986,0.74460714275801876
China,520100,520000,R6,0.77500000000000002,0.81924219109469032
China,520200,520000,R6,0.71899999999999986,0.73277309436199156
China,520300,520000,R6,0.73799999999999988,0.7516803289271291
China,520400,520000,R6,0.70699999999999985,0.74120832537838555
China,520500,520000,R6,0.68600000000000005,0.71913235341921233
China,520600,520000,R6,0.71699999999999986,0.74041282903572936
China,530100,530000,R6,0.80500000000000005,0.82046607120045434
China,530300,530000,R6,0.73599999999999988,0.74018361305213876
China,530400,530000,R6,0.78200000000000003,0.77735700027438537
China,530500,530000,R6,0.72999999999999987,0.72506676048468655
China,530600,530000,R6,0.68000000000000005,0.70216827288416872
China,530700,530000,R6,0.72599999999999987,0.74249012263281855
China,530800,530000,R6,0.71099999999999985,0.71647992255448845
China,530900,530000,R6,0.70399999999999985,0.71415220883875785
China,540100,540000,R6,0.73499999999999988,0.80353948510551987
China,540300,540000,R6,0.65900000000000003,0.66138063325110075
China,540400,540000,R6,0.72899999999999987,0.7227872514217647
China,540500,540000,R6,0.70499999999999985,0.7049127632874298
China,540600,540000,R6,0.61099999999999988,0.64526254896388424
China,610100,610000,R6,0.82599999999999985,0.82431170965854483
China,610200,610000,R6,0.77300000000000002,0.77026016992090696
China,610300,610000,R6,0.78700000000000003,0.77049840558818605
China,610400,610000,R6,0.77100000000000002,0.7648353304454022
China,610500,610000,R6,0.752,0.74205475885008687
China,610600,610000,R6,0.77700000000000002,0.75346183021007007
China,610700,610000,R6,0.75,0.74795082174681005
China,610800,610000,R6,0.79900000000000004,0.75752801746416665
China,610900,610000,R6,0.73299999999999987,0.74424568588424733
China,611000,610000,R6,0.71999999999999986,0.71438271217887395
China,620100,620000,R6,0.77800000000000002,0.82607883314081731
China,620200,620000,R6,0.81699999999999995,0.82436666265756664
China,620300,620000,R6,0.78300000000000003,0.79449026863705685
China,620400,620000,R6,0.72399999999999987,0.73775086501652964
China,620500,620000,R6,0.68700000000000006,0.7181524067744427
China,620600,620000,R6,0.72299999999999986,0.72132692644309038
China,620700,620000,R6,0.72799999999999987,0.74551473073572005
China,620800,620000,R6,0.68999999999999995,0.71734188251574205
China,620900,620000,R6,0.76400000000000001,0.76975873567303177
China,621000,620000,R6,0.72699999999999987,0.70467676390902168
China,621100,620000,R6,0.66300000000000003,0.69511389021354086
China,621200,620000,R6,0.66300000000000003,0.6865785838876084
China,630100,630000,R6,0.76100000000000001,0.80000840994507127
China,630200,630000,R6,0.70699999999999985,0.70270499174145717
China,640100,640000,R6,0.79600000000000004,0.80594606249255785
China,640200,640000,R6,0.77800000000000002,0.78075608745423597
China,640300,640000,R6,0.73999999999999988,0.73521893148986528
China,640400,640000,R6,0.71399999999999986,0.71146694731117932
China,640500,640000,R6,0.73299999999999987,0.72383975167678571
China,650200,650000,R6,0.871,0.80480572963935115
China,130100,130000,R_S10,0.77800000000000002,0.78795974956746972
China,130200,130000,R_S10,0.79900000000000004,0.78659673229956251
China,130300,130000,R_S10,0.77800000000000002,0.77542065494546575
China,130400,130000,R_S10,0.745,0.74903400727252967
China,130500,130000,R_S10,0.73199999999999987,0.74789153906465355
China,130600,130000,R_S10,0.73999999999999988,0.75320766775765824
China,130700,130000,R_S10,0.74199999999999988,0.76987206423833965
China,130800,130000,R_S10,0.751,0.74699383583714773
China,130900,130000,R_S10,0.75700000000000001,0.74607315233313465
China,131000,130000,R_S10,0.78000000000000003,0.78305531347373691
China,131100,130000,R_S10,0.74299999999999988,0.75315249061106515
China,140100,140000,R_S10,0.82199999999999995,0.82798248652447248
China,140200,140000,R_S10,0.76100000000000001,0.79226163602860045
China,140300,140000,R_S10,0.77500000000000002,0.78736775090569744
China,140400,140000,R_S10,0.76600000000000001,0.76285666270649033
China,140500,140000,R_S10,0.77900000000000003,0.77801884848356351
China,140600,140000,R_S10,0.78600000000000003,0.76597656406760406
China,140700,140000,R_S10,0.76100000000000001,0.7654873483065735
China,140800,140000,R_S10,0.749,0.7444575004743843
China,140900,140000,R_S10,0.748,0.74983941619149475
China,141100,140000,R_S10,0.75600000000000001,0.74111896610211225
China,150100,150000,R_S10,0.80200000000000005,0.81076137784161095
China,150200,150000,R_S10,0.81699999999999995,0.83042880264969821
China,150300,150000,R_S10,0.80500000000000005,0.82088973752950845
China,150400,150000,R_S10,0.73799999999999988,0.74287516326207936
China,150500,150000,R_S10,0.745,0.72856324965658525
China,150600,150000,R_S10,0.81799999999999995,0.79278640941475198
China,150700,150000,R_S10,0.76100000000000001,0.76729313797030185
China,150800,150000,R_S10,0.76300000000000001,0.75571342337401926
China,150900,150000,R_S10,0.746,0.75718931657750155
China,210100,210000,R_S10,0.82599999999999985,0.83605538263635626
China,210200,210000,R_S10,0.83499999999999985,0.81597676427235177
China,210300,210000,R_S10,0.78500000000000003,0.79908411987987416
China,210400,210000,R_S10,0.76100000000000001,0.77922626577197807
China,210500,210000,R_S10,0.79800000000000004,0.78546566286728114
China,210600,210000,R_S10,0.76100000000000001,0.77152285239158114
China,210700,210000,R_S10,0.77600000000000002,0.75813296863376556
China,210800,210000,R_S10,0.77800000000000002,0.77833569487365084
China,210900,210000,R_S10,0.753,0.75361263019938418
China,211000,210000,R_S10,0.78100000000000003,0.77668736411261186
China,211100,210000,R_S10,0.82199999999999995,0.81394186449146655
China,211200,210000,R_S10,0.73799999999999988,0.73148321688244278
China,211300,210000,R_S10,0.73699999999999988,0.72804342587569615
China,211400,210000,R_S10,0.748,0.74558335408965537
China,220100,220000,R_S10,0.81699999999999995,0.77745567797987181
China,220200,220000,R_S10,0.76500000000000001,0.76286281015096391
China,220300,220000,R_S10,0.73699999999999988,0.72898847306204195
China,220400,220000,R_S10,0.76200000000000001,0.74309891962753838
China,220500,220000,R_S10,0.755,0.7702239333784705
China,220600,220000,R_S10,0.77200000000000002,0.78761273752980931
China,220700,220000,R_S10,0.73099999999999987,0.71729960590984443
China,220800,220000,R_S10,0.72999999999999987,0.72994003577105304
China,230100,230000,R_S10,0.79300000000000004,0.79130469411322102
China,230200,230000,R_S10,0.746,0.72339780544327792
China,230300,230000,R_S10,0.75800000000000001,0.78143327626157777
China,230600,230000,R_S10,0.81000000000000005,0.79047924524843705
China,230700,230000,R_S10,0.77400000000000002,0.79200326799235454
China,231100,230000,R_S10,0.77000000000000002,0.74437167638880775
China,350100,350000,R_S10,0.82699999999999985,0.82047190418365512
China,350200,350000,R_S10,0.84499999999999986,0.84047306396576427
China,350300,350000,R_S10,0.79500000000000004,0.80491293507148365
China,350400,350000,R_S10,0.80900000000000005,0.7803559557899814
China,350500,350000,R_S10,0.80700000000000005,0.81428248106539225
China,350600,350000,R_S10,0.78800000000000003,0.78753679743838323
China,350700,350000,R_S10,0.78400000000000003,0.77425608741220076
China,350800,350000,R_S10,0.80200000000000005,0.79366464177753926
China,350900,350000,R_S10,0.78500000000000003,0.77607603983483875
China,360100,360000,R_S10,0.81499999999999995,0.81890381649784705
China,360200,360000,R_S10,0.76000000000000001,0.78235673745182377
China,360300,360000,R_S10,0.77000000000000002,0.77480266886222038
China,360400,360000,R_S10,0.76300000000000001,0.77268415853602213
China,360500,360000,R_S10,0.79400000000000004,0.79435220573102117
China,360600,360000,R_S10,0.78400000000000003,0.77702321760063198
China,360700,360000,R_S10,0.74399999999999988,0.75261835098356411
China,360800,360000,R_S10,0.75,0.74974143563998952
China,360900,360000,R_S10,0.749,0.75656143693610922
China,361000,360000,R_S10,0.74199999999999988,0.74506624208730976
China,361100,360000,R_S10,0.74099999999999988,0.75250452198192452
China,370100,370000,R_S10,0.82999999999999985,0.82188707372706071
China,370200,370000,R_S10,0.84399999999999986,0.82704076011324767
China,370300,370000,R_S10,0.80600000000000005,0.79773906177479992
China,370400,370000,R_S10,0.75,0.76932360196813065
China,370500,370000,R_S10,0.84499999999999986,0.79783805274742348
China,370600,370000,R_S10,0.82899999999999985,0.80983143053430251
China,370700,370000,R_S10,0.78800000000000003,0.78595054280503562
China,370800,370000,R_S10,0.77300000000000002,0.77694588013719956
China,370900,370000,R_S10,0.77000000000000002,0.77471948052950368
China,371000,370000,R_S10,0.83299999999999985,0.81271827913873085
China,371100,370000,R_S10,0.78500000000000003,0.77328293203270604
China,371300,370000,R_S10,0.747,0.76392766822943281
China,371400,370000,R_S10,0.76500000000000001,0.75689802860746658
China,371500,370000,R_S10,0.751,0.74248532790805211
China,371600,370000,R_S10,0.77400000000000002,0.76377642349199715
China,371700,370000,R_S10,0.748,0.74784434561217905
China,410100,410000,R_S10,0.83199999999999985,0.81828015211460636
China,410200,410000,R_S10,0.75,0.75353528633728117
China,410300,410000,R_S10,0.78900000000000003,0.78556971343995385
China,410400,410000,R_S10,0.76300000000000001,0.75027682198481893
China,410500,410000,R_S10,0.75,0.74695513682557813
China,410600,410000,R_S10,0.77200000000000002,0.7652290148251959
China,410700,410000,R_S10,0.76400000000000001,0.75333280889593868
China,410800,410000,R_S10,0.78400000000000003,0.77674664724989095
China,410900,410000,R_S10,0.75,0.74418700861488185
China,411000,410000,R_S10,0.78300000000000003,0.76730455843256007
China,411100,410000,R_S10,0.78200000000000003,0.76841510101884458
China,411200,410000,R_S10,0.78600000000000003,0.7672162319013407
China,411300,410000,R_S10,0.73999999999999988,0.74686922431938696
China,411400,410000,R_S10,0.73699999999999988,0.73778986446602324
China,411500,410000,R_S10,0.73999999999999988,0.74585449385459013
China,411600,410000,R_S10,0.72899999999999987,0.73469945016393978
China,411700,410000,R_S10,0.745,0.72691214618713451
China,420100,420000,R_S10,0.85899999999999987,0.84262837991190642
China,420200,420000,R_S10,0.79100000000000004,0.7866369737723875
China,420300,420000,R_S10,0.78300000000000003,0.78042933625232103
China,420500,420000,R_S10,0.82899999999999985,0.79969787078857324
China,420600,420000,R_S10,0.80100000000000005,0.78549275152762144
China,420700,420000,R_S10,0.80900000000000005,0.78688145285849365
China,420800,420000,R_S10,0.80300000000000005,0.78288588026057027
China,420900,420000,R_S10,0.76700000000000002,0.77910775296420542
China,421000,420000,R_S10,0.76500000000000001,0.77038137614154623
China,421100,420000,R_S10,0.748,0.7477231417275978
China,421200,420000,R_S10,0.77600000000000002,0.75829914548673416
China,421300,420000,R_S10,0.77100000000000002,0.77154432988416255
China,430100,430000,R_S10,0.83999999999999986,0.82870831012069213
China,430200,430000,R_S10,0.80300000000000005,0.79865507927181312
China,430300,430000,R_S10,0.80400000000000005,0.78824663121374383
China,430400,430000,R_S10,0.75900000000000001,0.76407598749262995
China,430500,430000,R_S10,0.73399999999999987,0.75291278453772625
China,430600,430000,R_S10,0.79000000000000004,0.7846076784269681
China,430700,430000,R_S10,0.78100000000000003,0.77803591318998611
China,430800,430000,R_S10,0.754,0.73933378659716675
China,430900,430000,R_S10,0.75700000000000001,0.75312659451477437
China,431000,430000,R_S10,0.76600000000000001,0.76002456240355043
China,431100,430000,R_S10,0.745,0.73649117701957612
China,431200,430000,R_S10,0.73699999999999988,0.73332837779037507
China,431300,430000,R_S10,0.748,0.74277426972116611
China,440100,440000,R_S10,0.86299999999999988,0.84811424213427966
China,440200,440000,R_S10,0.76400000000000001,0.75052461731836984
China,440300,440000,R_S10,0.88,0.86826129885632386
China,440400,440000,R_S10,0.86399999999999988,0.83968812616568611
China,440500,440000,R_S10,0.76100000000000001,0.79340541205304382
China,440600,440000,R_S10,0.83899999999999986,0.84764933244455476
China,440700,440000,R_S10,0.79600000000000004,0.79179693347119362
China,440800,440000,R_S10,0.754,0.74664051299476353
China,440900,440000,R_S10,0.76100000000000001,0.7393116976180456
China,441200,440000,R_S10,0.76800000000000002,0.75930490232839853
China,441300,440000,R_S10,0.79400000000000004,0.79776146754772637
China,441400,440000,R_S10,0.749,0.74496985614017541
China,441500,440000,R_S10,0.73799999999999988,0.75060686151757527
China,441600,440000,R_S10,0.75,0.72745013817441173
China,441700,440000,R_S10,0.76700000000000002,0.74913202977032245
China,441800,440000,R_S10,0.753,0.74185925562025057
China,441900,440000,R_S10,0.81499999999999995,0.84898281664081354
China,442000,440000,R_S10,0.80500000000000005,0.83190678735036405
China,445100,440000,R_S10,0.748,0.77303889963199823
China,445200,440000,R_S10,0.73899999999999988,0.74807674832862858
China,445300,440000,R_S10,0.76200000000000001,0.725733151554665
China,450100,450000,R_S10,0.77600000000000002,0.78300399817154964
China,450200,450000,R_S10,0.78200000000000003,0.79519578399774093
China,450300,450000,R_S10,0.75700000000000001,0.75323254193702316
China,450400,450000,R_S10,0.74099999999999988,0.71772542021702335
China,450500,450000,R_S10,0.79200000000000004,0.75412161860931548
China,450600,450000,R_S10,0.77500000000000002,0.74164437662969707
China,450700,450000,R_S10,0.73899999999999988,0.70961493973365497
China,450800,450000,R_S10,0.72099999999999986,0.71098351552282391
China,450900,450000,R_S10,0.72899999999999987,0.72015203514533488
China,451000,450000,R_S10,0.72999999999999987,0.70927901471974308
China,451100,450000,R_S10,0.74099999999999988,0.7076835229763796
China,451200,450000,R_S10,0.71299999999999986,0.69612328604204443
China,451300,450000,R_S10,0.73199999999999987,0.69839224492206831
China,451400,450000,R_S10,0.70699999999999985,0.71591634254746794
China,460100,460000,R_S10,0.80100000000000005,0.80978417950319348
China,460200,460000,R_S10,0.79400000000000004,0.81076396389488148
China,510100,510000,R_S10,0.82099999999999995,0.83125022425929995
China,510300,510000,R_S10,0.75800000000000001,0.77818701229608822
China,510400,510000,R_S10,0.79000000000000004,0.78604923147064332
China,510500,510000,R_S10,0.751,0.76555749094593428
China,510600,510000,R_S10,0.77000000000000002,0.78313210263788491
China,510700,510000,R_S10,0.77600000000000002,0.77909048561291283
China,510800,510000,R_S10,0.73899999999999988,0.74987507491485506
China,510900,510000,R_S10,0.749,0.76792536599822225
China,511000,510000,R_S10,0.74299999999999988,0.75801213058742445
China,511100,510000,R_S10,0.76700000000000002,0.77500980447559953
China,511300,510000,R_S10,0.73499999999999988,0.76684361301711756
China,511400,510000,R_S10,0.749,0.76136290914920557
China,511500,510000,R_S10,0.76200000000000001,0.7616033755641245
China,511600,510000,R_S10,0.73099999999999987,0.75055428287359138
China,511700,510000,R_S10,0.73799999999999988,0.76205191719048027
China,511800,510000,R_S10,0.75600000000000001,0.76133243192177458
China,511900,510000,R_S10,0.72199999999999986,0.74856748798595518
China,512000,510000,R_S10,0.71899999999999986,0.74458911780590098
China,520100,520000,R_S10,0.77500000000000002,0.81898662483691431
China,520200,520000,R_S10,0.71899999999999986,0.73257019118264721
China,520300,520000,R_S10,0.73799999999999988,0.75170170906693834
China,520400,520000,R_S10,0.70699999999999985,0.73933251002830314
China,520500,520000,R_S10,0.68600000000000005,0.71660102548744087
China,520600,520000,R_S10,0.71699999999999986,0.73684986190407575
China,530100,530000,R_S10,0.80500000000000005,0.82111336801976242
China,530300,530000,R_S10,0.73599999999999988,0.7380772178923044
China,530400,530000,R_S10,0.78200000000000003,0.7803228459363869
China,530500,530000,R_S10,0.72999999999999987,0.72546917729812843
China,530600,530000,R_S10,0.68000000000000005,0.70078494070335262
China,530700,530000,R_S10,0.72599999999999987,0.74678081111911676
China,530800,530000,R_S10,0.71099999999999985,0.71311242724972412
China,530900,530000,R_S10,0.70399999999999985,0.71077629268748255
China,540100,540000,R_S10,0.73499999999999988,0.79769390572094845
China,540300,540000,R_S10,0.65900000000000003,0.65296868417356857
China,540400,540000,R_S10,0.72899999999999987,0.71962038831777053
China,540500,540000,R_S10,0.70499999999999985,0.70240803708596133
China,540600,540000,R_S10,0.61099999999999988,0.6392216808256016
China,610100,610000,R_S10,0.82599999999999985,0.82724053443171064
China,610200,610000,R_S10,0.77300000000000002,0.76942734950536562
China,610300,610000,R_S10,0.78700000000000003,0.77239800216851984
China,610400,610000,R_S10,0.77100000000000002,0.76455431082960112
China,610500,610000,R_S10,0.752,0.74197164082985856
China,610600,610000,R_S10,0.77700000000000002,0.7551820738856504
China,610700,610000,R_S10,0.75,0.7489568861285798
China,610800,610000,R_S10,0.79900000000000004,0.75688332385827661
China,610900,610000,R_S10,0.73299999999999987,0.74052901715075581
China,611000,610000,R_S10,0.71999999999999986,0.71416812433902443
China,620100,620000,R_S10,0.77800000000000002,0.82770194562491461
China,620200,620000,R_S10,0.81699999999999995,0.82929266183136641
China,620300,620000,R_S10,0.78300000000000003,0.79881516820221998
China,620400,620000,R_S10,0.72399999999999987,0.73691094785186217
China,620500,620000,R_S10,0.68700000000000006,0.71987525344843695
China,620600,620000,R_S10,0.72299999999999986,0.72760881540049815
China,620700,620000,R_S10,0.72799999999999987,0.74977910074588305
China,620800,620000,R_S10,0.68999999999999995,0.71902170859730596
China,620900,620000,R_S10,0.76400000000000001,0.77678908491926446
China,621000,620000,R_S10,0.72699999999999987,0.70540999125804316
China,621100,620000,R_S10,0.66300000000000003,0.69871907741610706
China,621200,620000,R_S10,0.66300000000000003,0.68988778890968927
China,630100,630000,R_S10,0.76100000000000001,0.79835453133443501
China,630200,630000,R_S10,0.70699999999999985,0.70153219691838586
China,640100,640000,R_S10,0.79600000000000004,0.80249241169838714
China,640200,640000,R_S10,0.77800000000000002,0.77810456344899626
China,640300,640000,R_S10,0.73999999999999988,0.73162404647544566
China,640400,640000,R_S10,0.71399999999999986,0.71467748695078348
China,640500,640000,R_S10,0.73299999999999987,0.72384455902382361
China,650200,650000,R_S10,0.871,0.80956921544770455
Indonesia,ID1101,ID11,B69,0.6603,0.67765898504099997
Indonesia,ID1102,ID11,B69,0.68940000000000001,0.69251289243799996
Indonesia,ID1103,ID11,B69,0.67120000000000002,0.68266160090600003
Indonesia,ID1104,ID11,B69,0.69369999999999998,0.71346226986700001
Indonesia,ID1105,ID11,B69,0.67630000000000001,0.68974299153399998
Indonesia,ID1106,ID11,B69,0.73240000000000005,0.74769667216400004
Indonesia,ID1107,ID11,B69,0.71379999999999999,0.71206090358200003
Indonesia,ID1108,ID11,B69,0.73560000000000003,0.71170780791099997
Indonesia,ID1109,ID11,B69,0.70630000000000004,0.67243679266599998
Indonesia,ID1110,ID11,B69,0.7228,0.693880767156
Indonesia,ID1111,ID11,B69,0.69330000000000003,0.695232394744
Indonesia,ID1112,ID11,B69,0.66749999999999998,0.705691700383
Indonesia,ID1113,ID11,B69,0.67220000000000002,0.70230331731999995
Indonesia,ID1114,ID11,B69,0.69240000000000002,0.70288153970800005
Indonesia,ID1115,ID11,B69,0.69179999999999997,0.68547711703500003
Indonesia,ID1116,ID11,B69,0.69750000000000001,0.70195132054499998
Indonesia,ID1117,ID11,B69,0.7298,0.721986849657
Indonesia,ID1118,ID11,B69,0.73199999999999998,0.67282600164600004
Indonesia,ID1171,ID11,B69,0.85409999999999997,0.80451673910999999
Indonesia,ID1172,ID11,B69,0.75780000000000003,0.69166277641100005
Indonesia,ID1173,ID11,B69,0.77170000000000005,0.77702629988000005
Indonesia,ID1174,ID11,B69,0.77310000000000001,0.75935985931700001
Indonesia,ID1175,ID11,B69,0.64929999999999999,0.70435320395199996
Indonesia,ID1202,ID12,B69,0.66790000000000005,0.68104390442100005
Indonesia,ID1203,ID12,B69,0.70120000000000005,0.70138051245599997
Indonesia,ID1204,ID12,B69,0.69230000000000003,0.68667474209199997
Indonesia,ID1205,ID12,B69,0.73470000000000002,0.67476016619500001
Indonesia,ID1206,ID12,B69,0.75160000000000005,0.66817202722000002
Indonesia,ID1207,ID12,B69,0.72009999999999996,0.71957151781899997
Indonesia,ID1208,ID12,B69,0.70289999999999997,0.72522902965500002
Indonesia,ID1209,ID12,B69,0.73250000000000004,0.72743299351099999
Indonesia,ID1210,ID12,B69,0.7157,0.69243141242799999
Indonesia,ID1211,ID12,B69,0.74429999999999996,0.72327841419299999
Indonesia,ID1212,ID12,B69,0.75439999999999996,0.757777137012
Indonesia,ID1213,ID12,B69,0.70999999999999996,0.71614573290500005
Indonesia,ID1215,ID12,B69,0.68869999999999998,0.67319838906899998
Indonesia,ID1216,ID12,B69,0.67589999999999995,0.67017689444399997
Indonesia,ID1217,ID12,B69,0.70630000000000004,0.67081796692399998
Indonesia,ID1218,ID12,B69,0.70240000000000002,0.69872136208400004
Indonesia,ID1219,ID12,B69,0.68359999999999999,0.70552056316599998
Indonesia,ID1220,ID12,B69,0.69850000000000001,0.67340931026600004
Indonesia,ID1221,ID12,B69,0.6825,0.67788607320000005
Indonesia,ID1222,ID12,B69,0.71399999999999997,0.68815975171499999
Indonesia,ID1223,ID12,B69,0.71609999999999996,0.68153083847600004
Indonesia,ID1271,ID12,B69,0.73629999999999995,0.75420785808799995
Indonesia,ID1272,ID12,B69,0.6865,0.75664889555699999
Indonesia,ID1273,ID12,B69,0.78749999999999998,0.78876273849300005
Indonesia,ID1274,ID12,B69,0.75170000000000003,0.771955787251
Indonesia,ID1275,ID12,B69,0.80979999999999996,0.81728458600099996
Indonesia,ID1276,ID12,B69,0.75890000000000002,0.77589876872899999
Indonesia,ID1277,ID12,B69,0.75219999999999998,0.73993229061499999
Indonesia,ID1278,ID12,B69,0.69310000000000005,0.70933614301100001
Indonesia,ID1302,ID13,B69,0.69899999999999995,0.66366837499599995
Indonesia,ID1303,ID13,B69,0.69079999999999997,0.67444555548700003
Indonesia,ID1304,ID13,B69,0.6774,0.676945440176
Indonesia,ID1305,ID13,B69,0.72330000000000005,0.70343950020900003
Indonesia,ID1306,ID13,B69,0.70609999999999995,0.67914717227700006
Indonesia,ID1307,ID13,B69,0.72460000000000002,0.72976211478099995
Indonesia,ID1308,ID13,B69,0.69469999999999998,0.69023802649900001
Indonesia,ID1309,ID13,B69,0.66639999999999999,0.66367400139499999
Indonesia,ID1310,ID13,B69,0.69040000000000001,0.67074053306299997
Indonesia,ID1311,ID13,B69,0.71509999999999996,0.70238966184899998
Indonesia,ID1312,ID13,B69,0.68489999999999995,0.66457287980900004
Indonesia,ID1371,ID13,B69,0.82820000000000005,0.76524780232699996
Indonesia,ID1372,ID13,B69,0.78290000000000004,0.73381712640499996
Indonesia,ID1373,ID13,B69,0.72640000000000005,0.71482701656100001
Indonesia,ID1374,ID13,B69,0.77929999999999999,0.78726234943200002
Indonesia,ID1375,ID13,B69,0.80579999999999996,0.79621151009699997
Indonesia,ID1376,ID13,B69,0.78900000000000003,0.74643425381299999
Indonesia,ID1377,ID13,B69,0.76900000000000002,0.70706105222000004
Indonesia,ID1401,ID14,B69,0.70309999999999995,0.69370594311300005
Indonesia,ID1402,ID14,B69,0.69830000000000003,0.69868697000699997
Indonesia,ID1403,ID14,B69,0.66539999999999999,0.69495103765499999
Indonesia,ID1404,ID14,B69,0.71560000000000001,0.69439859387299996
Indonesia,ID1405,ID14,B69,0.73680000000000001,0.71557090146799995
Indonesia,ID1406,ID14,B69,0.72829999999999995,0.70134110537500005
Indonesia,ID1407,ID14,B69,0.69379999999999997,0.68898082560999996
Indonesia,ID1408,ID14,B69,0.73460000000000003,0.73264804737800004
Indonesia,ID1409,ID14,B69,0.6915,0.69448723826000003
Indonesia,ID1410,ID14,B69,0.65500000000000003,0.72995438664000001
Indonesia,ID1471,ID14,B69,0.81320000000000003,0.79973669199599995
Indonesia,ID1473,ID14,B69,0.74399999999999999,0.768238797014
Indonesia,ID1501,ID15,B69,0.71209999999999996,0.70396729123500001
Indonesia,ID1502,ID15,B69,0.69189999999999996,0.68226624655300006
Indonesia,ID1503,ID15,B69,0.6986,0.68354490532400003
Indonesia,ID1504,ID15,B69,0.69840000000000002,0.67406312126699997
Indonesia,ID1505,ID15,B69,0.69179999999999997,0.69277080949400005
Indonesia,ID1506,ID15,B69,0.64429999999999998,0.66872703375499998
Indonesia,ID1507,ID15,B69,0.6754,0.70024000580300005
Indonesia,ID1508,ID15,B69,0.69140000000000001,0.68850439997199997
Indonesia,ID1509,ID15,B69,0.69920000000000004,0.71860764504300001
Indonesia,ID1571,ID15,B69,0.78369999999999995,0.78325449571200001
Indonesia,ID1572,ID15,B69,0.75419999999999998,0.760188266512
Indonesia,ID1601,ID16,B69,0.69320000000000004,0.70858346600400002
Indonesia,ID1602,ID16,B69,0.66820000000000002,0.66151508073900001
Indonesia,ID1603,ID16,B69,0.68740000000000001,0.69302128095899995
Indonesia,ID1604,ID16,B69,0.6744,0.70785672262199995
Indonesia,ID1605,ID16,B69,0.66790000000000005,0.67140374809400005
Indonesia,ID1606,ID16,B69,0.67689999999999995,0.67431843859600005
Indonesia,ID1607,ID16,B69,0.66739999999999999,0.67317965516900002
Indonesia,ID1608,ID16,B69,0.65300000000000002,0.66965898193999995
Indonesia,ID1609,ID16,B69,0.69279999999999997,0.65784911081899999
Indonesia,ID1610,ID16,B69,0.67059999999999997,0.67932720362400001
Indonesia,ID1611,ID16,B69,0.65249999999999997,0.68173766818600001
Indonesia,ID1612,ID16,B69,0.64700000000000002,0.69167002629899998
Indonesia,ID1671,ID16,B69,0.7833,0.78478079240499998
Indonesia,ID1672,ID16,B69,0.74550000000000005,0.74828199756699998
Indonesia,ID1673,ID16,B69,0.68310000000000004,0.69559203352300003
Indonesia,ID1674,ID16,B69,0.74780000000000002,0.76426769779100001
Indonesia,ID1701,ID17,B69,0.70630000000000004,0.70032490105
Indonesia,ID1702,ID17,B69,0.70440000000000003,0.73074219284399999
Indonesia,ID1703,ID17,B69,0.68820000000000003,0.67852888790999999
Indonesia,ID1704,ID17,B69,0.66990000000000005,0.66181732202900001
Indonesia,ID1705,ID17,B69,0.66890000000000005,0.66015122898300005
Indonesia,ID1706,ID17,B69,0.6845,0.66359069212900001
Indonesia,ID1707,ID17,B69,0.67010000000000003,0.68081226362699998
Indonesia,ID1708,ID17,B69,0.68169999999999997,0.707417910476
Indonesia,ID1709,ID17,B69,0.67610000000000003,0.65790479158399995
Indonesia,ID1771,ID17,B69,0.80359999999999998,0.74969853827999999
Indonesia,ID1801,ID18,B69,0.67800000000000005,0.66261695023599998
Indonesia,ID1802,ID18,B69,0.66420000000000001,0.68101150584100001
Indonesia,ID1803,ID18,B69,0.68359999999999999,0.69920037231300003
Indonesia,ID1804,ID18,B69,0.69369999999999998,0.69220402200099995
Indonesia,ID1805,ID18,B69,0.7016,0.694847032847
Indonesia,ID1806,ID18,B69,0.67669999999999997,0.69484076064400002
Indonesia,ID1807,ID18,B69,0.6744,0.66552819849
Indonesia,ID1808,ID18,B69,0.68520000000000003,0.68846782779000004
Indonesia,ID1809,ID18,B69,0.65790000000000004,0.67612167378200005
Indonesia,ID1810,ID18,B69,0.70299999999999996,0.70547423046400004
Indonesia,ID1811,ID18,B69,0.63629999999999998,0.673492886086
Indonesia,ID1812,ID18,B69,0.65969999999999995,0.69631562281100001
Indonesia,ID1871,ID18,B69,0.77439999999999998,0.79789263694199997
Indonesia,ID1872,ID18,B69,0.77190000000000003,0.74864124968099999
Indonesia,ID1901,ID19,B69,0.72399999999999998,0.70189872917600005
Indonesia,ID1902,ID19,B69,0.72509999999999997,0.69246985565999997
Indonesia,ID1903,ID19,B69,0.69079999999999997,0.677791403756
Indonesia,ID1904,ID19,B69,0.70450000000000002,0.67673637146700005
Indonesia,ID1905,ID19,B69,0.66900000000000004,0.66757930619899997
Indonesia,ID1971,ID19,B69,0.78220000000000001,0.76970881886099995
Indonesia,ID2101,ID21,B69,0.71440000000000003,0.74473490624399996
Indonesia,ID2103,ID21,B69,0.72719999999999996,0.68385359687199998
Indonesia,ID2104,ID21,B69,0.65290000000000004,0.72101047118700001
Indonesia,ID2105,ID21,B69,0.68799999999999994,0.654124997795
Indonesia,ID2171,ID21,B69,0.81110000000000004,0.77867176200099997
Indonesia,ID2172,ID21,B69,0.78910000000000002,0.76527518028399999
Indonesia,ID3171,ID31,B69,0.84719999999999995,0.81837703829599995
Indonesia,ID3172,ID31,B69,0.8266,0.810070693116
Indonesia,ID3173,ID31,B69,0.81389999999999996,0.84140829284300001
Indonesia,ID3174,ID31,B69,0.81379999999999997,0.82454855360900003
Indonesia,ID3175,ID31,B69,0.80289999999999995,0.813199148584
Indonesia,ID3201,ID32,B69,0.70399999999999996,0.73729281888700005
Indonesia,ID3202,ID32,B69,0.66879999999999995,0.68037742166100001
Indonesia,ID3203,ID32,B69,0.65359999999999996,0.68070764625000002
Indonesia,ID3204,ID32,B69,0.72389999999999999,0.72482581642800004
Indonesia,ID3205,ID32,B69,0.66120000000000001,0.69713587965900004
Indonesia,ID3206,ID32,B69,0.65669999999999995,0.68597517877000003
Indonesia,ID3207,ID32,B69,0.70489999999999997,0.71834775429700004
Indonesia,ID3208,ID32,B69,0.69379999999999997,0.70567816030200003
Indonesia,ID3209,ID32,B69,0.6875,0.72290216462900003
Indonesia,ID3210,ID32,B69,0.67589999999999995,0.69465795716800005
Indonesia,ID3211,ID32,B69,0.71640000000000004,0.70210485400400002
Indonesia,ID3212,ID32,B69,0.67290000000000005,0.69338811075899998
Indonesia,ID3213,ID32,B69,0.6895,0.69231087259900004
Indonesia,ID3214,ID32,B69,0.70820000000000005,0.70975705970199998
Indonesia,ID3215,ID32,B69,0.70660000000000001,0.71920773530600002
Indonesia,ID3216,ID32,B69,0.74070000000000003,0.74212785403500003
Indonesia,ID3217,ID32,B69,0.68079999999999996,0.71125295408
Indonesia,ID3218,ID32,B69,0.68059999999999998,0.71101755799800004
Indonesia,ID3271,ID32,B69,0.7611,0.795586792238
Indonesia,ID3272,ID32,B69,0.74209999999999998,0.75351649291800005
Indonesia,ID3273,ID32,B69,0.81510000000000005,0.83403629292799997
Indonesia,ID3274,ID32,B69,0.74890000000000001,0.80950327019599999
Indonesia,ID3275,ID32,B69,0.81499999999999995,0.79553198644900003
Indonesia,ID3276,ID32,B69,0.80969999999999998,0.79849019699299995
Indonesia,ID3277,ID32,B69,0.77829999999999999,0.81789462956000003
Indonesia,ID3278,ID32,B69,0.73040000000000005,0.76365065276400002
Indonesia,ID3279,ID32,B69,0.71699999999999997,0.75754896049200005
Indonesia,ID3301,ID33,B69,0.69950000000000001,0.70479742955500002
Indonesia,ID3302,ID33,B69,0.7198,0.71541889475700005
Indonesia,ID3303,ID33,B69,0.68969999999999998,0.71155242546999997
Indonesia,ID3304,ID33,B69,0.67449999999999999,0.69341066975400001
Indonesia,ID3305,ID33,B69,0.69810000000000005,0.67812833423700003
Indonesia,ID3306,ID33,B69,0.7268,0.69179297819700003
Indonesia,ID3307,ID33,B69,0.68220000000000003,0.707191970813
Indonesia,ID3308,ID33,B69,0.69869999999999999,0.71057471705399999
Indonesia,ID3309,ID33,B69,0.74250000000000005,0.72720960731600004
Indonesia,ID3310,ID33,B69,0.75560000000000005,0.74492259810999994
Indonesia,ID3311,ID33,B69,0.76980000000000004,0.75110592573000001
Indonesia,ID3312,ID33,B69,0.70250000000000001,0.71130616475399999
Indonesia,ID3313,ID33,B69,0.75860000000000005,0.735858833095
Indonesia,ID3314,ID33,B69,0.73950000000000005,0.710269940155
Indonesia,ID3315,ID33,B69,0.69869999999999999,0.70341397588300003
Indonesia,ID3316,ID33,B69,0.68840000000000001,0.70902925234699998
Indonesia,ID3317,ID33,B69,0.70020000000000004,0.70569022496800005
Indonesia,ID3318,ID33,B69,0.7177,0.71425972940299998
Indonesia,ID3319,ID33,B69,0.75,0.73554225854400002
Indonesia,ID3320,ID33,B69,0.71989999999999998,0.72494118030300003
Indonesia,ID3321,ID33,B69,0.72219999999999995,0.71569966936499996
Indonesia,ID3322,ID33,B69,0.74099999999999999,0.741846450574
Indonesia,ID3323,ID33,B69,0.69569999999999999,0.70485905120400005
Indonesia,ID3324,ID33,B69,0.72289999999999999,0.70462261424299999
Indonesia,ID3325,ID33,B69,0.6865,0.69446621399300001
Indonesia,ID3326,ID33,B69,0.69630000000000003,0.69625126591300002
Indonesia,ID3327,ID33,B69,0.66320000000000001,0.70072621921199996
Indonesia,ID3328,ID33,B69,0.68389999999999995,0.70910627529699999
Indonesia,ID3329,ID33,B69,0.66110000000000002,0.70566298514600001
Indonesia,ID3371,ID33,B69,0.78990000000000005,0.80821242822799999
Indonesia,ID3372,ID33,B69,0.82210000000000005,0.84163876784699998
Indonesia,ID3373,ID33,B69,0.83140000000000003,0.79940483637600002
Indonesia,ID3374,ID33,B69,0.83050000000000002,0.79888781063100001
Indonesia,ID3375,ID33,B69,0.74980000000000002,0.79073875748
Indonesia,ID3376,ID33,B69,0.75070000000000003,0.79464907838099996
Indonesia,ID3401,ID34,B69,0.74460000000000004,0.71135671839699999
Indonesia,ID3402,ID34,B69,0.80010000000000003,0.74823133934499997
Indonesia,ID3403,ID34,B69,0.69979999999999998,0.71347487247600005
Indonesia,ID3404,ID34,B69,0.83840000000000003,0.75843159082300005
Indonesia,ID3471,ID34,B69,0.86609999999999998,0.82757809328300003
Indonesia,ID3501,ID35,B69,0.68389999999999995,0.70154555174699995
Indonesia,ID3502,ID35,B69,0.70809999999999995,0.72721120551899998
Indonesia,ID3503,ID35,B69,0.69740000000000002,0.70661459915500002
Indonesia,ID3504,ID35,B69,0.72999999999999998,0.73112919995699999
Indonesia,ID3505,ID35,B69,0.70579999999999998,0.72080066884600003
Indonesia,ID3506,ID35,B69,0.72050000000000003,0.71734359222400002
Indonesia,ID3507,ID35,B69,0.7036,0.73118004996800001
Indonesia,ID3508,ID35,B69,0.65459999999999996,0.69804930819400002
Indonesia,ID3509,ID35,B69,0.67110000000000003,0.70849517064699996
Indonesia,ID3510,ID35,B69,0.70620000000000005,0.70697493487899998
Indonesia,ID3511,ID35,B69,0.6643,0.68187294400999998
Indonesia,ID3512,ID35,B69,0.67379999999999995,0.69503112499200004
Indonesia,ID3513,ID35,B69,0.66069999999999995,0.68432240791499999
Indonesia,ID3514,ID35,B69,0.68600000000000005,0.69910081579000005
Indonesia,ID3515,ID35,B69,0.80289999999999995,0.75936874994199999
Indonesia,ID3516,ID35,B69,0.73829999999999996,0.69551848371000002
Indonesia,ID3517,ID35,B69,0.72970000000000002,0.70385308431299998
Indonesia,ID3518,ID35,B69,0.71719999999999995,0.71641184683500003
Indonesia,ID3519,ID35,B69,0.71730000000000005,0.71368494723200004
Indonesia,ID3520,ID35,B69,0.73919999999999997,0.721676383433
Indonesia,ID3521,ID35,B69,0.70540000000000003,0.70155671297300004
Indonesia,ID3522,ID35,B69,0.69040000000000001,0.70050647716299996
Indonesia,ID3523,ID35,B69,0.68400000000000005,0.70734020435599998
Indonesia,ID3524,ID35,B69,0.7258,0.68904571307899998
Indonesia,ID3525,ID35,B69,0.7611,0.72084210609099997
Indonesia,ID3526,ID35,B69,0.6411,0.677024470893
Indonesia,ID3527,ID35,B69,0.627,0.67258187352300003
Indonesia,ID3528,ID35,B69,0.66259999999999997,0.69841224148900005
Indonesia,ID3571,ID35,B69,0.7823,0.78000476729400003
Indonesia,ID3572,ID35,B69,0.78569999999999995,0.78399778121599994
Indonesia,ID3573,ID35,B69,0.8145,0.80751384715899999
Indonesia,ID3574,ID35,B69,0.73270000000000002,0.77776784065399995
Indonesia,ID3575,ID35,B69,0.75260000000000005,0.76623869195000005
Indonesia,ID3576,ID35,B69,0.78039999999999998,0.78267281445600001
Indonesia,ID3577,ID35,B69,0.80910000000000004,0.80823524600200003
Indonesia,ID3578,ID35,B69,0.82230000000000003,0.80678462392000005
Indonesia,ID3579,ID35,B69,0.75900000000000001,0.74719505474100001
Indonesia,ID3601,ID36,B69,0.65000000000000002,0.68110446464499996
Indonesia,ID3602,ID36,B69,0.6391,0.68041953215999995
Indonesia,ID3603,ID36,B69,0.71919999999999995,0.75078241344100005
Indonesia,ID3604,ID36,B69,0.66700000000000004,0.70249465049500004
Indonesia,ID3671,ID36,B69,0.78249999999999997,0.80875073915200002
Indonesia,ID3672,ID36,B69,0.73050000000000004,0.75416272404399998
Indonesia,ID3673,ID36,B69,0.72160000000000002,0.74807168274299995
Indonesia,ID3674,ID36,B69,0.81359999999999999,0.80211177549900003
Indonesia,ID5101,ID51,B69,0.72360000000000002,0.68962905734199997
Indonesia,ID5102,ID51,B69,0.76170000000000004,0.70791598537599998
Indonesia,ID5103,ID51,B69,0.81599999999999995,0.74534163832699996
Indonesia,ID5104,ID51,B69,0.77359999999999995,0.72217065808100001
Indonesia,ID5105,ID51,B69,0.71730000000000005,0.714806408324
Indonesia,ID5106,ID51,B69,0.69359999999999999,0.68770582581299999
Indonesia,ID5107,ID51,B69,0.67349999999999999,0.66485520089200001
Indonesia,ID5108,ID51,B69,0.72550000000000003,0.69245582415999996
Indonesia,ID5171,ID51,B69,0.83930000000000005,0.78588899608600005
Indonesia,ID5201,ID52,B69,0.68200000000000005,0.682858488895
Indonesia,ID5202,ID52,B69,0.6643,0.66896297922199999
Indonesia,ID5203,ID52,B69,0.66300000000000003,0.67820284261999997
Indonesia,ID5204,ID52,B69,0.67610000000000003,0.68543184450899997
Indonesia,ID5205,ID52,B69,0.6784,0.68222162084299998
Indonesia,ID5206,ID52,B69,0.66300000000000003,0.67349441543199995
Indonesia,ID5207,ID52,B69,0.71630000000000005,0.68073904547999997
Indonesia,ID5271,ID52,B69,0.78910000000000002,0.77199768799199997
Indonesia,ID5272,ID52,B69,0.7581,0.72475459641899997
Indonesia,ID5305,ID53,B69,0.63529999999999998,0.66385158482999995
Indonesia,ID5309,ID53,B69,0.64219999999999999,0.66189170649100004
Indonesia,ID5310,ID53,B69,0.65110000000000001,0.68401837237100005
Indonesia,ID5311,ID53,B69,0.6704,0.69398619377600002
Indonesia,ID5312,ID53,B69,0.67879999999999996,0.67689741207999998
Indonesia,ID5313,ID53,B69,0.64539999999999997,0.67121851587799997
Indonesia,ID5315,ID53,B69,0.63890000000000002,0.64269632930599996
Indonesia,ID5318,ID53,B69,0.65810000000000002,0.66163127926800003
Indonesia,ID5371,ID53,B69,0.79710000000000003,0.75872026937899995
Indonesia,ID6101,ID61,B69,0.67030000000000001,0.70032796080000004
Indonesia,ID6102,ID61,B69,0.67869999999999997,0.67355861258500005
Indonesia,ID6103,ID61,B69,0.65980000000000005,0.68738564223499998
Indonesia,ID6104,ID61,B69,0.65739999999999998,0.69733312722999996
Indonesia,ID6105,ID61,B69,0.65769999999999995,0.69999556589099998
Indonesia,ID6106,ID61,B69,0.67169999999999996,0.69306289718900005
Indonesia,ID6107,ID61,B69,0.66879999999999995,0.70530526885199996
Indonesia,ID6108,ID61,B69,0.65690000000000004,0.69782365568799998
Indonesia,ID6109,ID61,B69,0.64759999999999995,0.69420703583200005
Indonesia,ID6110,ID61,B69,0.65549999999999997,0.707054090967
Indonesia,ID6111,ID61,B69,0.62680000000000002,0.65910202908399995
Indonesia,ID6112,ID61,B69,0.67949999999999999,0.69193429289999997
Indonesia,ID6171,ID61,B69,0.7944,0.80390156360099996
Indonesia,ID6172,ID61,B69,0.71940000000000004,0.77100152741200001
Indonesia,ID6201,ID62,B69,0.72870000000000001,0.724537524489
Indonesia,ID6202,ID62,B69,0.71309999999999996,0.72175273986099997
Indonesia,ID6203,ID62,B69,0.69479999999999997,0.67873021609100004
Indonesia,ID6204,ID62,B69,0.70220000000000005,0.69431833889100003
Indonesia,ID6205,ID62,B69,0.70589999999999997,0.71076541876800003
Indonesia,ID6206,ID62,B69,0.68030000000000002,0.668895403971
Indonesia,ID6207,ID62,B69,0.70509999999999995,0.66393999590399999
Indonesia,ID6208,ID62,B69,0.67579999999999996,0.66071935448800001
Indonesia,ID6209,ID62,B69,0.68679999999999997,0.67086971224600001
Indonesia,ID6210,ID62,B69,0.6845,0.66298372212500001
Indonesia,ID6211,ID62,B69,0.70809999999999995,0.66766365833300001
Indonesia,ID6212,ID62,B69,0.71389999999999998,0.67395506256299997
Indonesia,ID6213,ID62,B69,0.67979999999999996,0.66863257945300003
Indonesia,ID6271,ID62,B69,0.80769999999999997,0.70486059756399999
Indonesia,ID6301,ID63,B69,0.69379999999999997,0.67355075311599999
Indonesia,ID6302,ID63,B69,0.68859999999999999,0.68663677103200005
Indonesia,ID6303,ID63,B69,0.69179999999999997,0.68814654710300005
Indonesia,ID6304,ID63,B69,0.66220000000000001,0.67566670824399999
Indonesia,ID6305,ID63,B69,0.70109999999999995,0.677939088774
Indonesia,ID6306,ID63,B69,0.6885,0.69439064617699997
Indonesia,ID6307,ID63,B69,0.68840000000000001,0.695733175175
Indonesia,ID6308,ID63,B69,0.65590000000000004,0.70100607955700001
Indonesia,ID6309,ID63,B69,0.72189999999999999,0.69461765283800003
Indonesia,ID6310,ID63,B69,0.70709999999999995,0.69710570273799999
Indonesia,ID6311,ID63,B69,0.68820000000000003,0.679045436276
Indonesia,ID6371,ID63,B69,0.77100000000000002,0.79734800450999999
Indonesia,ID6372,ID63,B69,0.79100000000000004,0.75326160784100005
Indonesia,ID6401,ID64,B69,0.72040000000000004,0.69791939925599999
Indonesia,ID6402,ID64,B69,0.71189999999999998,0.68125967710099999
Indonesia,ID6403,ID64,B69,0.7359,0.69558131313899996
Indonesia,ID6404,ID64,B69,0.72999999999999998,0.69554528610599997
Indonesia,ID6405,ID64,B69,0.74709999999999999,0.70948166458299999
Indonesia,ID6409,ID64,B69,0.71409999999999996,0.68891171953399999
Indonesia,ID6411,ID64,B69,0.67090000000000005,0.67201277541899995
Indonesia,ID6471,ID64,B69,0.80010000000000003,0.78007239079099999
Indonesia,ID6472,ID64,B69,0.80110000000000003,0.76550585732499998
Indonesia,ID6474,ID64,B69,0.80020000000000002,0.77555889605799999
Indonesia,ID6501,ID65,B69,0.71940000000000004,0.66704721656099997
Indonesia,ID6502,ID65,B69,0.71099999999999997,0.70267477952099999
Indonesia,ID6503,ID65,B69,0.66969999999999996,0.66449611989199997
Indonesia,ID6504,ID65,B69,0.65790000000000004,0.70495640235400003
Indonesia,ID6571,ID65,B69,0.75829999999999997,0.74461832764699998
Indonesia,ID7101,ID71,B69,0.67889999999999995,0.67826778372200003
Indonesia,ID7102,ID71,B69,0.75290000000000001,0.736852173685
Indonesia,ID7104,ID71,B69,0.69399999999999995,0.67479862577299998
Indonesia,ID7105,ID71,B69,0.72109999999999996,0.70972954995899995
Indonesia,ID7106,ID71,B69,0.73899999999999999,0.70778021808900005
Indonesia,ID7107,ID71,B69,0.66990000000000005,0.67280176111699996
Indonesia,ID7108,ID71,B69,0.6764,0.686977779668
Indonesia,ID7109,ID71,B69,0.70509999999999995,0.70984449334999999
Indonesia,ID7110,ID71,B69,0.65000000000000002,0.67383177931500005
Indonesia,ID7111,ID71,B69,0.65990000000000004,0.70502577219200002
Indonesia,ID7171,ID71,B69,0.7893,0.78125672170500005
Indonesia,ID7172,ID71,B69,0.74099999999999999,0.77435310186899997
Indonesia,ID7173,ID71,B69,0.76690000000000003,0.74127900147600001
Indonesia,ID7174,ID71,B69,0.72970000000000002,0.75846954477100004
Indonesia,ID7201,ID72,B69,0.6542,0.66435545401600005
Indonesia,ID7202,ID72,B69,0.70520000000000005,0.69843049556100001
Indonesia,ID7203,ID72,B69,0.72209999999999996,0.68447354783799996
Indonesia,ID7204,ID72,B69,0.71279999999999999,0.67691638162699996
Indonesia,ID7206,ID72,B69,0.65690000000000004,0.69673412821299996
Indonesia,ID7207,ID72,B69,0.67820000000000003,0.66495187057100003
Indonesia,ID7208,ID72,B69,0.65439999999999998,0.67429411310499998
Indonesia,ID7211,ID72,B69,0.65429999999999999,0.68018077940800004
Indonesia,ID7212,ID72,B69,0.68359999999999999,0.66620020009600001
Indonesia,ID7271,ID72,B69,0.81469999999999998,0.78796260216900005
Indonesia,ID7301,ID73,B69,0.67379999999999995,0.67439271661199995
Indonesia,ID7302,ID73,B69,0.68989999999999996,0.67783866196999998
Indonesia,ID7303,ID73,B69,0.68730000000000002,0.67291701107799995
Indonesia,ID7304,ID73,B69,0.64259999999999995,0.64147422872799997
Indonesia,ID7305,ID73,B69,0.67310000000000003,0.66782886696699995
Indonesia,ID7306,ID73,B69,0.70140000000000002,0.689547096907
Indonesia,ID7307,ID73,B69,0.67600000000000005,0.69301965888600003
Indonesia,ID7308,ID73,B69,0.6986,0.685828449359
Indonesia,ID7310,ID73,B69,0.70999999999999996,0.67770210450799995
Indonesia,ID7311,ID73,B69,0.66059999999999997,0.68878675264699996
Indonesia,ID7312,ID73,B69,0.68669999999999998,0.71531403169399999
Indonesia,ID7313,ID73,B69,0.6915,0.71299861416599997
Indonesia,ID7314,ID73,B69,0.71209999999999996,0.710897012823
Indonesia,ID7315,ID73,B69,0.71260000000000001,0.70613040724099996
Indonesia,ID7316,ID73,B69,0.72760000000000002,0.68564026588799998
Indonesia,ID7317,ID73,B69,0.70509999999999995,0.67809448382199999
Indonesia,ID7318,ID73,B69,0.6875,0.68867596797300001
Indonesia,ID7322,ID73,B69,0.69569999999999999,0.68174139588799998
Indonesia,ID7325,ID73,B69,0.73219999999999996,0.69442475771900003
Indonesia,ID7326,ID73,B69,0.69330000000000003,0.713483326596
Indonesia,ID7371,ID73,B69,0.82250000000000001,0.78923581776999996
Indonesia,ID7372,ID73,B69,0.77859999999999996,0.75447331932999995
Indonesia,ID7373,ID73,B69,0.78059999999999996,0.73840345392399998
Indonesia,ID7401,ID74,B69,0.65980000000000005,0.63953918738899995
Indonesia,ID7402,ID74,B69,0.69020000000000004,0.68518548155900005
Indonesia,ID7403,ID74,B69,0.71350000000000002,0.66677732013799995
Indonesia,ID7404,ID74,B69,0.73450000000000004,0.68693992466999998
Indonesia,ID7405,ID74,B69,0.68200000000000005,0.64483746937200004
Indonesia,ID7406,ID74,B69,0.66049999999999998,0.64133763247700004
Indonesia,ID7407,ID74,B69,0.69479999999999997,0.70141667245100003
Indonesia,ID7408,ID74,B69,0.69310000000000005,0.667222181927
Indonesia,ID7409,ID74,B69,0.67869999999999997,0.66572882344499995
Indonesia,ID7410,ID74,B69,0.6986,0.63189129531199995
Indonesia,ID7411,ID74,B69,0.67020000000000002,0.65800454280700005
Indonesia,ID7412,ID74,B69,0.65410000000000001,0.62799177640199999
Indonesia,ID7413,ID74,B69,0.65080000000000005,0.64692434654300002
Indonesia,ID7414,ID74,B69,0.64370000000000005,0.688457435723
Indonesia,ID7471,ID74,B69,0.83530000000000004,0.73780665164000003
Indonesia,ID7472,ID74,B69,0.75900000000000001,0.73473747646700005
Indonesia,ID7501,ID75,B69,0.65910000000000002,0.69571913755799997
Indonesia,ID7502,ID75,B69,0.66920000000000002,0.71818329844499995
Indonesia,ID7503,ID75,B69,0.65369999999999995,0.678044774515
Indonesia,ID7504,ID75,B69,0.69979999999999998,0.71778332814900003
Indonesia,ID7505,ID75,B69,0.64859999999999995,0.66026602109300003
Indonesia,ID7571,ID75,B69,0.77129999999999999,0.80261632871199995
Indonesia,ID7601,ID76,B69,0.66910000000000003,0.69683013732800003
Indonesia,ID7602,ID76,B69,0.63839999999999997,0.69205315173500004
Indonesia,ID7603,ID76,B69,0.66020000000000001,0.67429290261999997
Indonesia,ID7604,ID76,B69,0.68149999999999999,0.68902743900600005
Indonesia,ID7605,ID76,B69,0.67789999999999995,0.68923263511599997
Indonesia,ID7606,ID76,B69,0.65710000000000002,0.67187913191500004
Indonesia,ID8102,ID81,B69,0.66200000000000003,0.70510188346799996
Indonesia,ID8103,ID81,B69,0.71250000000000002,0.70389517247800004
Indonesia,ID8104,ID81,B69,0.6895,0.695778899462
Indonesia,ID8171,ID81,B69,0.80840000000000001,0.77844891921600001
Indonesia,ID8172,ID81,B69,0.67959999999999998,0.754206793624
Indonesia,ID8201,ID82,B69,0.65310000000000001,0.69595030921800005
Indonesia,ID8202,ID82,B69,0.6542,0.68717674356400005
Indonesia,ID8204,ID82,B69,0.63839999999999997,0.68813612234300003
Indonesia,ID8205,ID82,B69,0.67500000000000004,0.69637544442699995
Indonesia,ID8206,ID82,B69,0.66749999999999998,0.67888759452799996
Indonesia,ID8207,ID82,B69,0.625,0.68009661666499999
Indonesia,ID8271,ID82,B69,0.79820000000000002,0.77953779960500003
Indonesia,ID8272,ID82,B69,0.70530000000000004,0.70680850850499999
Indonesia,ID9101,ID91,B69,0.68359999999999999,0.74459245043199995
Indonesia,ID9102,ID91,B69,0.65000000000000002,0.70537804908500001
Indonesia,ID9105,ID91,B69,0.72009999999999996,0.70936569988099996
Indonesia,ID9171,ID91,B69,0.78449999999999998,0.80478294807100004
Indonesia,ID9401,ID94,B69,0.70089999999999997,0.71912400350399996
Indonesia,ID9403,ID94,B69,0.71689999999999998,0.67310324216600004
Indonesia,ID9408,ID94,B69,0.67659999999999998,0.65545012741399999
Indonesia,ID9409,ID94,B69,0.72189999999999999,0.68746871902399997
Indonesia,ID9412,ID94,B69,0.7419,0.742481946063
Indonesia,ID9471,ID94,B69,0.7994,0.72315337062600005
Indonesia,ID1101,ID11,B_R70,0.6603,0.66501255019899996
Indonesia,ID1102,ID11,B_R70,0.68940000000000001,0.673585383634
Indonesia,ID1103,ID11,B_R70,0.67120000000000002,0.67049391766800004
Indonesia,ID1104,ID11,B_R70,0.69369999999999998,0.70528093273900005
Indonesia,ID1105,ID11,B_R70,0.67630000000000001,0.67022166885900003
Indonesia,ID1106,ID11,B_R70,0.73240000000000005,0.74156675323499999
Indonesia,ID1107,ID11,B_R70,0.71379999999999999,0.70475231689399997
Indonesia,ID1108,ID11,B_R70,0.73560000000000003,0.70590199141999999
Indonesia,ID1109,ID11,B_R70,0.70630000000000004,0.66124647693700001
Indonesia,ID1110,ID11,B_R70,0.7228,0.68551226502999996
Indonesia,ID1111,ID11,B_R70,0.69330000000000003,0.68616905858800004
Indonesia,ID1112,ID11,B_R70,0.66749999999999998,0.69348288699799998
Indonesia,ID1113,ID11,B_R70,0.67220000000000002,0.69908254369900003
Indonesia,ID1114,ID11,B_R70,0.69240000000000002,0.68637092350700002
Indonesia,ID1115,ID11,B_R70,0.69179999999999997,0.68085598126299995
Indonesia,ID1116,ID11,B_R70,0.69750000000000001,0.69106438694100003
Indonesia,ID1117,ID11,B_R70,0.7298,0.71882863517399997
Indonesia,ID1118,ID11,B_R70,0.73199999999999998,0.65880710687499999
Indonesia,ID1171,ID11,B_R70,0.85409999999999997,0.80201231874199996
Indonesia,ID1172,ID11,B_R70,0.75780000000000003,0.69152007445899999
Indonesia,ID1173,ID11,B_R70,0.77170000000000005,0.75720329293099997
Indonesia,ID1174,ID11,B_R70,0.77310000000000001,0.754163813106
Indonesia,ID1175,ID11,B_R70,0.64929999999999999,0.69135421779999995
Indonesia,ID1202,ID12,B_R70,0.66790000000000005,0.68120508589999995
Indonesia,ID1203,ID12,B_R70,0.70120000000000005,0.708224500709
Indonesia,ID1204,ID12,B_R70,0.69230000000000003,0.68972677398000004
Indonesia,ID1205,ID12,B_R70,0.73470000000000002,0.67879189567499998
Indonesia,ID1206,ID12,B_R70,0.75160000000000005,0.67860375160899999
Indonesia,ID1207,ID12,B_R70,0.72009999999999996,0.721419303959
Indonesia,ID1208,ID12,B_R70,0.70289999999999997,0.72763501540800002
Indonesia,ID1209,ID12,B_R70,0.73250000000000004,0.73145633196600002
Indonesia,ID1210,ID12,B_R70,0.7157,0.69995042788100004
Indonesia,ID1211,ID12,B_R70,0.74429999999999996,0.73142510130000005
Indonesia,ID1212,ID12,B_R70,0.75439999999999996,0.76058103300299995
Indonesia,ID1213,ID12,B_R70,0.70999999999999996,0.71854026378000002
Indonesia,ID1215,ID12,B_R70,0.68869999999999998,0.68124865442799998
Indonesia,ID1216,ID12,B_R70,0.67589999999999995,0.67152897706400005
Indonesia,ID1217,ID12,B_R70,0.70630000000000004,0.679554549181
Indonesia,ID1218,ID12,B_R70,0.70240000000000002,0.70371900376499996
Indonesia,ID1219,ID12,B_R70,0.68359999999999999,0.71719326218900004
Indonesia,ID1220,ID12,B_R70,0.69850000000000001,0.67266431069699995
Indonesia,ID1221,ID12,B_R70,0.6825,0.67469689189500004
Indonesia,ID1222,ID12,B_R70,0.71399999999999997,0.69060974775200001
Indonesia,ID1223,ID12,B_R70,0.71609999999999996,0.68690890745199995
Indonesia,ID1271,ID12,B_R70,0.73629999999999995,0.76329066608399998
Indonesia,ID1272,ID12,B_R70,0.6865,0.75961392319800003
Indonesia,ID1273,ID12,B_R70,0.78749999999999998,0.79377505803699999
Indonesia,ID1274,ID12,B_R70,0.75170000000000003,0.77315139215999995
Indonesia,ID1275,ID12,B_R70,0.80979999999999996,0.82423891976100006
Indonesia,ID1276,ID12,B_R70,0.75890000000000002,0.77936582807900001
Indonesia,ID1277,ID12,B_R70,0.75219999999999998,0.73830837193599996
Indonesia,ID1278,ID12,B_R70,0.69310000000000005,0.71165431215599995
Indonesia,ID1302,ID13,B_R70,0.69899999999999995,0.67329124468299995
Indonesia,ID1303,ID13,B_R70,0.69079999999999997,0.67657272766499998
Indonesia,ID1304,ID13,B_R70,0.6774,0.68904927694100004
Indonesia,ID1305,ID13,B_R70,0.72330000000000005,0.70850894233399997
Indonesia,ID1306,ID13,B_R70,0.70609999999999995,0.69862281057099995
Indonesia,ID1307,ID13,B_R70,0.72460000000000002,0.74108375145700001
Indonesia,ID1308,ID13,B_R70,0.69469999999999998,0.70757586705599995
Indonesia,ID1309,ID13,B_R70,0.66639999999999999,0.66978192863599995
Indonesia,ID1310,ID13,B_R70,0.69040000000000001,0.67281365800500004
Indonesia,ID1311,ID13,B_R70,0.71509999999999996,0.704599513442
Indonesia,ID1312,ID13,B_R70,0.68489999999999995,0.66935860595200003
Indonesia,ID1371,ID13,B_R70,0.82820000000000005,0.77599133538800003
Indonesia,ID1372,ID13,B_R70,0.78290000000000004,0.73842443668199997
Indonesia,ID1373,ID13,B_R70,0.72640000000000005,0.73312875376599995
Indonesia,ID1374,ID13,B_R70,0.77929999999999999,0.78981543630600004
Indonesia,ID1375,ID13,B_R70,0.80579999999999996,0.81178250018499998
Indonesia,ID1376,ID13,B_R70,0.78900000000000003,0.75744006754899995
Indonesia,ID1377,ID13,B_R70,0.76900000000000002,0.73297738634800003
Indonesia,ID1401,ID14,B_R70,0.70309999999999995,0.70402935439900005
Indonesia,ID1402,ID14,B_R70,0.69830000000000003,0.70691687603300002
Indonesia,ID1403,ID14,B_R70,0.66539999999999999,0.70176146305099996
Indonesia,ID1404,ID14,B_R70,0.71560000000000001,0.70205530842200004
Indonesia,ID1405,ID14,B_R70,0.73680000000000001,0.72934347426599999
Indonesia,ID1406,ID14,B_R70,0.72829999999999995,0.70773633867399999
Indonesia,ID1407,ID14,B_R70,0.69379999999999997,0.68843168751999995
Indonesia,ID1408,ID14,B_R70,0.73460000000000003,0.75161733560300004
Indonesia,ID1409,ID14,B_R70,0.6915,0.70239578879099995
Indonesia,ID1410,ID14,B_R70,0.65500000000000003,0.73562380461800003
Indonesia,ID1471,ID14,B_R70,0.81320000000000003,0.804520052953
Indonesia,ID1473,ID14,B_R70,0.74399999999999999,0.77605138217400005
Indonesia,ID1501,ID15,B_R70,0.71209999999999996,0.70539080887000005
Indonesia,ID1502,ID15,B_R70,0.69189999999999996,0.67920409536899995
Indonesia,ID1503,ID15,B_R70,0.6986,0.68287637782800004
Indonesia,ID1504,ID15,B_R70,0.69840000000000002,0.67529875016300001
Indonesia,ID1505,ID15,B_R70,0.69179999999999997,0.69178847499399998
Indonesia,ID1506,ID15,B_R70,0.64429999999999998,0.67537005965700003
Indonesia,ID1507,ID15,B_R70,0.6754,0.70688617259999997
Indonesia,ID1508,ID15,B_R70,0.69140000000000001,0.68271341029900001
Indonesia,ID1509,ID15,B_R70,0.69920000000000004,0.71336697815700001
Indonesia,ID1571,ID15,B_R70,0.78369999999999995,0.77906613580299999
Indonesia,ID1572,ID15,B_R70,0.75419999999999998,0.76853320456100005
Indonesia,ID1601,ID16,B_R70,0.69320000000000004,0.701596405777
Indonesia,ID1602,ID16,B_R70,0.66820000000000002,0.65348312895500005
Indonesia,ID1603,ID16,B_R70,0.68740000000000001,0.70297019545600004
Indonesia,ID1604,ID16,B_R70,0.6744,0.70818211422300004
Indonesia,ID1605,ID16,B_R70,0.66790000000000005,0.67426217453699999
Indonesia,ID1606,ID16,B_R70,0.67689999999999995,0.68323113034000005
Indonesia,ID1607,ID16,B_R70,0.66739999999999999,0.66198238661200004
Indonesia,ID1608,ID16,B_R70,0.65300000000000002,0.66829045739100001
Indonesia,ID1609,ID16,B_R70,0.69279999999999997,0.64851839494300001
Indonesia,ID1610,ID16,B_R70,0.67059999999999997,0.67074493221200004
Indonesia,ID1611,ID16,B_R70,0.65249999999999997,0.671272223793
Indonesia,ID1612,ID16,B_R70,0.64700000000000002,0.68716152624799998
Indonesia,ID1671,ID16,B_R70,0.7833,0.78695521306500005
Indonesia,ID1672,ID16,B_R70,0.74550000000000005,0.74237455564300003
Indonesia,ID1673,ID16,B_R70,0.68310000000000004,0.68736558963799999
Indonesia,ID1674,ID16,B_R70,0.74780000000000002,0.75177903567600002
Indonesia,ID1701,ID17,B_R70,0.70630000000000004,0.699559507734
Indonesia,ID1702,ID17,B_R70,0.70440000000000003,0.727666215078
Indonesia,ID1703,ID17,B_R70,0.68820000000000003,0.67533275005299997
Indonesia,ID1704,ID17,B_R70,0.66990000000000005,0.66070878412599998
Indonesia,ID1705,ID17,B_R70,0.66890000000000005,0.65707490509099997
Indonesia,ID1706,ID17,B_R70,0.6845,0.65687878335500005
Indonesia,ID1707,ID17,B_R70,0.67010000000000003,0.67956382830299999
Indonesia,ID1708,ID17,B_R70,0.68169999999999997,0.70606378610800002
Indonesia,ID1709,ID17,B_R70,0.67610000000000003,0.66345045065099995
Indonesia,ID1771,ID17,B_R70,0.80359999999999998,0.75358247161900005
Indonesia,ID1801,ID18,B_R70,0.67800000000000005,0.66277310213499996
Indonesia,ID1802,ID18,B_R70,0.66420000000000001,0.67714161923500005
Indonesia,ID1803,ID18,B_R70,0.68359999999999999,0.69954376586900002
Indonesia,ID1804,ID18,B_R70,0.69369999999999998,0.69274297934999995
Indonesia,ID1805,ID18,B_R70,0.7016,0.70078661972699996
Indonesia,ID1806,ID18,B_R70,0.67669999999999997,0.696375863426
Indonesia,ID1807,ID18,B_R70,0.6744,0.66198836065099997
Indonesia,ID1808,ID18,B_R70,0.68520000000000003,0.688251576004
Indonesia,ID1809,ID18,B_R70,0.65790000000000004,0.676737582246
Indonesia,ID1810,ID18,B_R70,0.70299999999999996,0.70031992511899999
Indonesia,ID1811,ID18,B_R70,0.63629999999999998,0.67315704726799996
Indonesia,ID1812,ID18,B_R70,0.65969999999999995,0.69720344618899999
Indonesia,ID1871,ID18,B_R70,0.77439999999999998,0.78912959184099996
Indonesia,ID1872,ID18,B_R70,0.77190000000000003,0.74155958307299996
Indonesia,ID1901,ID19,B_R70,0.72399999999999998,0.69140097786300003
Indonesia,ID1902,ID19,B_R70,0.72509999999999997,0.68455924040399996
Indonesia,ID1903,ID19,B_R70,0.69079999999999997,0.67830234486300001
Indonesia,ID1904,ID19,B_R70,0.70450000000000002,0.672260070376
Indonesia,ID1905,ID19,B_R70,0.66900000000000004,0.65946661116600003
Indonesia,ID1971,ID19,B_R70,0.78220000000000001,0.76610302830900001
Indonesia,ID2101,ID21,B_R70,0.71440000000000003,0.74473417101499995
Indonesia,ID2103,ID21,B_R70,0.72719999999999996,0.70274727005500004
Indonesia,ID2104,ID21,B_R70,0.65290000000000004,0.71317641808999999
Indonesia,ID2105,ID21,B_R70,0.68799999999999994,0.67979552437699997
Indonesia,ID2171,ID21,B_R70,0.81110000000000004,0.78709186411599996
Indonesia,ID2172,ID21,B_R70,0.78910000000000002,0.77729438122000005
Indonesia,ID3171,ID31,B_R70,0.84719999999999995,0.840832647218
Indonesia,ID3172,ID31,B_R70,0.8266,0.82233381288999996
Indonesia,ID3173,ID31,B_R70,0.81389999999999996,0.87852505023000005
Indonesia,ID3174,ID31,B_R70,0.81379999999999997,0.83850202420300002
Indonesia,ID3175,ID31,B_R70,0.80289999999999995,0.83457464084699995
Indonesia,ID3201,ID32,B_R70,0.70399999999999996,0.73191047594000003
Indonesia,ID3202,ID32,B_R70,0.66879999999999995,0.68088602872100001
Indonesia,ID3203,ID32,B_R70,0.65359999999999996,0.67573008855100003
Indonesia,ID3204,ID32,B_R70,0.72389999999999999,0.72323554641800003
Indonesia,ID3205,ID32,B_R70,0.66120000000000001,0.69537764827899995
Indonesia,ID3206,ID32,B_R70,0.65669999999999995,0.68057608308999995
Indonesia,ID3207,ID32,B_R70,0.70489999999999997,0.71407336078100003
Indonesia,ID3208,ID32,B_R70,0.69379999999999997,0.70617403460299999
Indonesia,ID3209,ID32,B_R70,0.6875,0.71525855059700005
Indonesia,ID3210,ID32,B_R70,0.67589999999999995,0.69345274475800001
Indonesia,ID3211,ID32,B_R70,0.71640000000000004,0.70489457911700004
Indonesia,ID3212,ID32,B_R70,0.67290000000000005,0.698614666
Indonesia,ID3213,ID32,B_R70,0.6895,0.69088457133699999
Indonesia,ID3214,ID32,B_R70,0.70820000000000005,0.72399484091900002
Indonesia,ID3215,ID32,B_R70,0.70660000000000001,0.73109186118299996
Indonesia,ID3216,ID32,B_R70,0.74070000000000003,0.74431650119899995
Indonesia,ID3217,ID32,B_R70,0.68079999999999996,0.70790162654400002
Indonesia,ID3218,ID32,B_R70,0.68059999999999998,0.70471453836499998
Indonesia,ID3271,ID32,B_R70,0.7611,0.78439130524900003
Indonesia,ID3272,ID32,B_R70,0.74209999999999998,0.75303958538000004
Indonesia,ID3273,ID32,B_R70,0.81510000000000005,0.83433552315100001
Indonesia,ID3274,ID32,B_R70,0.74890000000000001,0.80994936618299995
Indonesia,ID3275,ID32,B_R70,0.81499999999999995,0.77515097837699998
Indonesia,ID3276,ID32,B_R70,0.80969999999999998,0.77979390686700001
Indonesia,ID3277,ID32,B_R70,0.77829999999999999,0.80805451092799996
Indonesia,ID3278,ID32,B_R70,0.73040000000000005,0.75790715630899996
Indonesia,ID3279,ID32,B_R70,0.71699999999999997,0.74851522609900001
Indonesia,ID3301,ID33,B_R70,0.69950000000000001,0.72020302047600004
Indonesia,ID3302,ID33,B_R70,0.7198,0.72007760828300005
Indonesia,ID3303,ID33,B_R70,0.68969999999999998,0.711293772707
Indonesia,ID3304,ID33,B_R70,0.67449999999999999,0.69357059468799998
Indonesia,ID3305,ID33,B_R70,0.69810000000000005,0.68642106970799999
Indonesia,ID3306,ID33,B_R70,0.7268,0.69369771178399997
Indonesia,ID3307,ID33,B_R70,0.68220000000000003,0.70951536459499998
Indonesia,ID3308,ID33,B_R70,0.69869999999999999,0.70757857796199997
Indonesia,ID3309,ID33,B_R70,0.74250000000000005,0.72461407318799997
Indonesia,ID3310,ID33,B_R70,0.75560000000000005,0.73538838062
Indonesia,ID3311,ID33,B_R70,0.76980000000000004,0.74253059498600005
Indonesia,ID3312,ID33,B_R70,0.70250000000000001,0.71411903696099999
Indonesia,ID3313,ID33,B_R70,0.75860000000000005,0.73311911440800004
Indonesia,ID3314,ID33,B_R70,0.73950000000000005,0.71499423006899998
Indonesia,ID3315,ID33,B_R70,0.69869999999999999,0.69826499200100001
Indonesia,ID3316,ID33,B_R70,0.68840000000000001,0.70411778237099998
Indonesia,ID3317,ID33,B_R70,0.70020000000000004,0.69995038584799996
Indonesia,ID3318,ID33,B_R70,0.7177,0.71096941587600004
Indonesia,ID3319,ID33,B_R70,0.75,0.75018127286199998
Indonesia,ID3320,ID33,B_R70,0.71989999999999998,0.71886386854600004
Indonesia,ID3321,ID33,B_R70,0.72219999999999995,0.702982300043
Indonesia,ID3322,ID33,B_R70,0.74099999999999999,0.73793753490900005
Indonesia,ID3323,ID33,B_R70,0.69569999999999999,0.70511221964600002
Indonesia,ID3324,ID33,B_R70,0.72289999999999999,0.70941916695399998
Indonesia,ID3325,ID33,B_R70,0.6865,0.694459992862
Indonesia,ID3326,ID33,B_R70,0.69630000000000003,0.69747001908299999
Indonesia,ID3327,ID33,B_R70,0.66320000000000001,0.697628796966
Indonesia,ID3328,ID33,B_R70,0.68389999999999995,0.70689406530999999
Indonesia,ID3329,ID33,B_R70,0.66110000000000002,0.70295510197599997
Indonesia,ID3371,ID33,B_R70,0.78990000000000005,0.80051843019799995
Indonesia,ID3372,ID33,B_R70,0.82210000000000005,0.82613917575700002
Indonesia,ID3373,ID33,B_R70,0.83140000000000003,0.78642500613400002
Indonesia,ID3374,ID33,B_R70,0.83050000000000002,0.79025113476599995
Indonesia,ID3375,ID33,B_R70,0.74980000000000002,0.77573072716000002
Indonesia,ID3376,ID33,B_R70,0.75070000000000003,0.78368625690000004
Indonesia,ID3401,ID34,B_R70,0.74460000000000004,0.70924878118500001
Indonesia,ID3402,ID34,B_R70,0.80010000000000003,0.740512080598
Indonesia,ID3403,ID34,B_R70,0.69979999999999998,0.71144101031999996
Indonesia,ID3404,ID34,B_R70,0.83840000000000003,0.75527863850599997
Indonesia,ID3471,ID34,B_R70,0.86609999999999998,0.82514168534700005
Indonesia,ID3501,ID35,B_R70,0.68389999999999995,0.70710189167699999
Indonesia,ID3502,ID35,B_R70,0.70809999999999995,0.72532890211000001
Indonesia,ID3503,ID35,B_R70,0.69740000000000002,0.70984485965800004
Indonesia,ID3504,ID35,B_R70,0.72999999999999998,0.73556232873299998
Indonesia,ID3505,ID35,B_R70,0.70579999999999998,0.728512023003
Indonesia,ID3506,ID35,B_R70,0.72050000000000003,0.72027621253399998
Indonesia,ID3507,ID35,B_R70,0.7036,0.73596884016700004
Indonesia,ID3508,ID35,B_R70,0.65459999999999996,0.70782035401099996
Indonesia,ID3509,ID35,B_R70,0.67110000000000003,0.71657629440199999
Indonesia,ID3510,ID35,B_R70,0.70620000000000005,0.72220392282699997
Indonesia,ID3511,ID35,B_R70,0.6643,0.68999527599900001
Indonesia,ID3512,ID35,B_R70,0.67379999999999995,0.69732716538100004
Indonesia,ID3513,ID35,B_R70,0.66069999999999995,0.69279214062200001
Indonesia,ID3514,ID35,B_R70,0.68600000000000005,0.722014439901
Indonesia,ID3515,ID35,B_R70,0.80289999999999995,0.76372705161999999
Indonesia,ID3516,ID35,B_R70,0.73829999999999996,0.71078300847700004
Indonesia,ID3517,ID35,B_R70,0.72970000000000002,0.70446559965900002
Indonesia,ID3518,ID35,B_R70,0.71719999999999995,0.71240705113699998
Indonesia,ID3519,ID35,B_R70,0.71730000000000005,0.71416040063499997
Indonesia,ID3520,ID35,B_R70,0.73919999999999997,0.72664862704400002
Indonesia,ID3521,ID35,B_R70,0.70540000000000003,0.70102102518200005
Indonesia,ID3522,ID35,B_R70,0.69040000000000001,0.70969098115200002
Indonesia,ID3523,ID35,B_R70,0.68400000000000005,0.71385385121699996
Indonesia,ID3524,ID35,B_R70,0.7258,0.68737575530299999
Indonesia,ID3525,ID35,B_R70,0.7611,0.73076503340800003
Indonesia,ID3526,ID35,B_R70,0.6411,0.68284178839499998
Indonesia,ID3527,ID35,B_R70,0.627,0.67549988334599997
Indonesia,ID3528,ID35,B_R70,0.66259999999999997,0.69786876343299997
Indonesia,ID3571,ID35,B_R70,0.7823,0.82443923460299995
Indonesia,ID3572,ID35,B_R70,0.78569999999999995,0.790009294044
Indonesia,ID3573,ID35,B_R70,0.8145,0.814297671926
Indonesia,ID3574,ID35,B_R70,0.73270000000000002,0.78384714654900001
Indonesia,ID3575,ID35,B_R70,0.75260000000000005,0.76196431419800004
Indonesia,ID3576,ID35,B_R70,0.78039999999999998,0.77680006221999998
Indonesia,ID3577,ID35,B_R70,0.80910000000000004,0.814992441347
Indonesia,ID3578,ID35,B_R70,0.82230000000000003,0.81816132728699997
Indonesia,ID3579,ID35,B_R70,0.75900000000000001,0.75853832298199997
Indonesia,ID3601,ID36,B_R70,0.65000000000000002,0.67567306025899998
Indonesia,ID3602,ID36,B_R70,0.6391,0.67363359854100002
Indonesia,ID3603,ID36,B_R70,0.71919999999999995,0.74174575600399995
Indonesia,ID3604,ID36,B_R70,0.66700000000000004,0.70363001145100001
Indonesia,ID3671,ID36,B_R70,0.78249999999999997,0.80036648483799999
Indonesia,ID3672,ID36,B_R70,0.73050000000000004,0.77178759668800001
Indonesia,ID3673,ID36,B_R70,0.72160000000000002,0.74424093438899996
Indonesia,ID3674,ID36,B_R70,0.81359999999999999,0.79257307863899995
Indonesia,ID5101,ID51,B_R70,0.72360000000000002,0.69710275005099998
Indonesia,ID5102,ID51,B_R70,0.76170000000000004,0.71587613569099995
Indonesia,ID5103,ID51,B_R70,0.81599999999999995,0.75162260778300005
Indonesia,ID5104,ID51,B_R70,0.77359999999999995,0.72924877966299995
Indonesia,ID5105,ID51,B_R70,0.71730000000000005,0.72038350283100006
Indonesia,ID5106,ID51,B_R70,0.69359999999999999,0.69022885062999995
Indonesia,ID5107,ID51,B_R70,0.67349999999999999,0.67396516987099997
Indonesia,ID5108,ID51,B_R70,0.72550000000000003,0.70049746966500004
Indonesia,ID5171,ID51,B_R70,0.83930000000000005,0.782142684044
Indonesia,ID5201,ID52,B_R70,0.68200000000000005,0.67806298520300001
Indonesia,ID5202,ID52,B_R70,0.6643,0.66388422306799999
Indonesia,ID5203,ID52,B_R70,0.66300000000000003,0.67127425415899999
Indonesia,ID5204,ID52,B_R70,0.67610000000000003,0.68319122537999999
Indonesia,ID5205,ID52,B_R70,0.6784,0.68108581255699996
Indonesia,ID5206,ID52,B_R70,0.66300000000000003,0.66856239842700005
Indonesia,ID5207,ID52,B_R70,0.71630000000000005,0.70088564203699999
Indonesia,ID5271,ID52,B_R70,0.78910000000000002,0.76498454439200003
Indonesia,ID5272,ID52,B_R70,0.7581,0.71770519627899998
Indonesia,ID5305,ID53,B_R70,0.63529999999999998,0.648751879862
Indonesia,ID5309,ID53,B_R70,0.64219999999999999,0.64082768134400003
Indonesia,ID5310,ID53,B_R70,0.65110000000000001,0.66400870002800005
Indonesia,ID5311,ID53,B_R70,0.6704,0.66599218345099997
Indonesia,ID5312,ID53,B_R70,0.67879999999999996,0.65596253443300001
Indonesia,ID5313,ID53,B_R70,0.64539999999999997,0.64960610327199997
Indonesia,ID5315,ID53,B_R70,0.63890000000000002,0.61158448133200005
Indonesia,ID5318,ID53,B_R70,0.65810000000000002,0.64478805023999997
Indonesia,ID5371,ID53,B_R70,0.79710000000000003,0.77624694273600003
Indonesia,ID6101,ID61,B_R70,0.67030000000000001,0.69430435063899998
Indonesia,ID6102,ID61,B_R70,0.67869999999999997,0.66744411777699997
Indonesia,ID6103,ID61,B_R70,0.65980000000000005,0.67705959748599998
Indonesia,ID6104,ID61,B_R70,0.65739999999999998,0.68962549212500002
Indonesia,ID6105,ID61,B_R70,0.65769999999999995,0.69299697183099995
Indonesia,ID6106,ID61,B_R70,0.67169999999999996,0.68892066256100004
Indonesia,ID6107,ID61,B_R70,0.66879999999999995,0.69493160478399996
Indonesia,ID6108,ID61,B_R70,0.65690000000000004,0.68807663311199996
Indonesia,ID6109,ID61,B_R70,0.64759999999999995,0.68614978984200004
Indonesia,ID6110,ID61,B_R70,0.65549999999999997,0.69380922929699995
Indonesia,ID6111,ID61,B_R70,0.62680000000000002,0.65400069355699997
Indonesia,ID6112,ID61,B_R70,0.67949999999999999,0.692316244774
Indonesia,ID6171,ID61,B_R70,0.7944,0.80122467317099999
Indonesia,ID6172,ID61,B_R70,0.71940000000000004,0.76346909697499998
Indonesia,ID6201,ID62,B_R70,0.72870000000000001,0.72564612016800001
Indonesia,ID6202,ID62,B_R70,0.71309999999999996,0.71331060586899997
Indonesia,ID6203,ID62,B_R70,0.69479999999999997,0.66809988889600003
Indonesia,ID6204,ID62,B_R70,0.70220000000000005,0.68909963550200004
Indonesia,ID6205,ID62,B_R70,0.70589999999999997,0.7119499641
Indonesia,ID6206,ID62,B_R70,0.68030000000000002,0.66636948693499998
Indonesia,ID6207,ID62,B_R70,0.70509999999999995,0.67031241973699995
Indonesia,ID6208,ID62,B_R70,0.67579999999999996,0.65544378528299996
Indonesia,ID6209,ID62,B_R70,0.68679999999999997,0.66250645023599997
Indonesia,ID6210,ID62,B_R70,0.6845,0.65063107298400003
Indonesia,ID6211,ID62,B_R70,0.70809999999999995,0.65934864618699995
Indonesia,ID6212,ID62,B_R70,0.71389999999999998,0.66914696796499995
Indonesia,ID6213,ID62,B_R70,0.67979999999999996,0.66735194075600002
Indonesia,ID6271,ID62,B_R70,0.80769999999999997,0.701562816087
Indonesia,ID6301,ID63,B_R70,0.69379999999999997,0.67400607613300001
Indonesia,ID6302,ID63,B_R70,0.68859999999999999,0.68827082558300001
Indonesia,ID6303,ID63,B_R70,0.69179999999999997,0.68158250852400004
Indonesia,ID6304,ID63,B_R70,0.66220000000000001,0.66990412625100004
Indonesia,ID6305,ID63,B_R70,0.70109999999999995,0.6775658188
Indonesia,ID6306,ID63,B_R70,0.6885,0.68909917263599996
Indonesia,ID6307,ID63,B_R70,0.68840000000000001,0.68921421498000002
Indonesia,ID6308,ID63,B_R70,0.65590000000000004,0.69082635495300004
Indonesia,ID6309,ID63,B_R70,0.72189999999999999,0.699131270887
Indonesia,ID6310,ID63,B_R70,0.70709999999999995,0.69581333632800002
Indonesia,ID6311,ID63,B_R70,0.68820000000000003,0.68727173251200002
Indonesia,ID6371,ID63,B_R70,0.77100000000000002,0.78893178655899998
Indonesia,ID6372,ID63,B_R70,0.79100000000000004,0.74607445476300005
Indonesia,ID6401,ID64,B_R70,0.72040000000000004,0.71056490436599995
Indonesia,ID6402,ID64,B_R70,0.71189999999999998,0.69837192612599996
Indonesia,ID6403,ID64,B_R70,0.7359,0.71238923145699995
Indonesia,ID6404,ID64,B_R70,0.72999999999999998,0.71731125175400001
Indonesia,ID6405,ID64,B_R70,0.74709999999999999,0.72088486521100004
Indonesia,ID6409,ID64,B_R70,0.71409999999999996,0.69137010230899998
Indonesia,ID6411,ID64,B_R70,0.67090000000000005,0.68004774056299999
Indonesia,ID6471,ID64,B_R70,0.80010000000000003,0.78904995999700001
Indonesia,ID6472,ID64,B_R70,0.80110000000000003,0.76728224306500004
Indonesia,ID6474,ID64,B_R70,0.80020000000000002,0.79458574849200003
Indonesia,ID6501,ID65,B_R70,0.71940000000000004,0.67998885900600003
Indonesia,ID6502,ID65,B_R70,0.71099999999999997,0.709904348001
Indonesia,ID6503,ID65,B_R70,0.66969999999999996,0.679173906253
Indonesia,ID6504,ID65,B_R70,0.65790000000000004,0.70707393090399995
Indonesia,ID6571,ID65,B_R70,0.75829999999999997,0.75263179936500002
Indonesia,ID7101,ID71,B_R70,0.67889999999999995,0.67751332498100003
Indonesia,ID7102,ID71,B_R70,0.75290000000000001,0.73656942277399995
Indonesia,ID7104,ID71,B_R70,0.69399999999999995,0.66571921863500005
Indonesia,ID7105,ID71,B_R70,0.72109999999999996,0.707721891519
Indonesia,ID7106,ID71,B_R70,0.73899999999999999,0.71397429654800004
Indonesia,ID7107,ID71,B_R70,0.66990000000000005,0.67152137915900001
Indonesia,ID7108,ID71,B_R70,0.6764,0.68212761108800002
Indonesia,ID7109,ID71,B_R70,0.70509999999999995,0.71095886065500002
Indonesia,ID7110,ID71,B_R70,0.65000000000000002,0.67165441746400001
Indonesia,ID7111,ID71,B_R70,0.65990000000000004,0.70427496992899996
Indonesia,ID7171,ID71,B_R70,0.7893,0.78378492697900004
Indonesia,ID7172,ID71,B_R70,0.74099999999999999,0.77459391279599998
Indonesia,ID7173,ID71,B_R70,0.76690000000000003,0.73715239865299997
Indonesia,ID7174,ID71,B_R70,0.72970000000000002,0.75242307391999996
Indonesia,ID7201,ID72,B_R70,0.6542,0.65970002136299999
Indonesia,ID7202,ID72,B_R70,0.70520000000000005,0.70443607768700001
Indonesia,ID7203,ID72,B_R70,0.72209999999999996,0.71808555352699999
Indonesia,ID7204,ID72,B_R70,0.71279999999999999,0.67820561331999996
Indonesia,ID7206,ID72,B_R70,0.65690000000000004,0.69454367165899999
Indonesia,ID7207,ID72,B_R70,0.67820000000000003,0.66482427731299998
Indonesia,ID7208,ID72,B_R70,0.65439999999999998,0.67309855766799997
Indonesia,ID7211,ID72,B_R70,0.65429999999999999,0.67288844998099995
Indonesia,ID7212,ID72,B_R70,0.68359999999999999,0.678503676996
Indonesia,ID7271,ID72,B_R70,0.81469999999999998,0.78410425410499995
Indonesia,ID7301,ID73,B_R70,0.67379999999999995,0.67862915117400002
Indonesia,ID7302,ID73,B_R70,0.68989999999999996,0.68296355046799995
Indonesia,ID7303,ID73,B_R70,0.68730000000000002,0.68660949524199999
Indonesia,ID7304,ID73,B_R70,0.64259999999999995,0.64999687800899997
Indonesia,ID7305,ID73,B_R70,0.67310000000000003,0.67354180554700005
Indonesia,ID7306,ID73,B_R70,0.70140000000000002,0.68786966667899996
Indonesia,ID7307,ID73,B_R70,0.67600000000000005,0.70016772055099996
Indonesia,ID7308,ID73,B_R70,0.6986,0.69401334382199997
Indonesia,ID7310,ID73,B_R70,0.70999999999999996,0.68516361573700002
Indonesia,ID7311,ID73,B_R70,0.66059999999999997,0.69760514355799996
Indonesia,ID7312,ID73,B_R70,0.68669999999999998,0.72133273528899999
Indonesia,ID7313,ID73,B_R70,0.6915,0.71382211288499997
Indonesia,ID7314,ID73,B_R70,0.71209999999999996,0.71115121167600004
Indonesia,ID7315,ID73,B_R70,0.71260000000000001,0.70912622138199999
Indonesia,ID7316,ID73,B_R70,0.72760000000000002,0.69040016866700005
Indonesia,ID7317,ID73,B_R70,0.70509999999999995,0.68381315050699998
Indonesia,ID7318,ID73,B_R70,0.6875,0.69411541283800005
Indonesia,ID7322,ID73,B_R70,0.69569999999999999,0.68680594289700003
Indonesia,ID7325,ID73,B_R70,0.73219999999999996,0.70339874262799995
Indonesia,ID7326,ID73,B_R70,0.69330000000000003,0.71941022395200005
Indonesia,ID7371,ID73,B_R70,0.82250000000000001,0.79650119310300005
Indonesia,ID7372,ID73,B_R70,0.77859999999999996,0.75421280099099997
Indonesia,ID7373,ID73,B_R70,0.78059999999999996,0.73477110119699995
Indonesia,ID7401,ID74,B_R70,0.65980000000000005,0.64478943225800001
Indonesia,ID7402,ID74,B_R70,0.69020000000000004,0.68913442488400001
Indonesia,ID7403,ID74,B_R70,0.71350000000000002,0.66748491555300005
Indonesia,ID7404,ID74,B_R70,0.73450000000000004,0.70290641303500001
Indonesia,ID7405,ID74,B_R70,0.68200000000000005,0.65216941332599998
Indonesia,ID7406,ID74,B_R70,0.66049999999999998,0.64405787473099996
Indonesia,ID7407,ID74,B_R70,0.69479999999999997,0.704531849938
Indonesia,ID7408,ID74,B_R70,0.69310000000000005,0.67293405319400001
Indonesia,ID7409,ID74,B_R70,0.67869999999999997,0.66868943393699998
Indonesia,ID7410,ID74,B_R70,0.6986,0.63921271475899999
Indonesia,ID7411,ID74,B_R70,0.67020000000000002,0.65051026841100001
Indonesia,ID7412,ID74,B_R70,0.65410000000000001,0.63388602075
Indonesia,ID7413,ID74,B_R70,0.65080000000000005,0.64631296216800005
Indonesia,ID7414,ID74,B_R70,0.64370000000000005,0.68068773655399994
Indonesia,ID7471,ID74,B_R70,0.83530000000000004,0.74156997274500003
Indonesia,ID7472,ID74,B_R70,0.75900000000000001,0.73539316862100002
Indonesia,ID7501,ID75,B_R70,0.65910000000000002,0.69069806347499996
Indonesia,ID7502,ID75,B_R70,0.66920000000000002,0.71284667286500003
Indonesia,ID7503,ID75,B_R70,0.65369999999999995,0.67800842153200003
Indonesia,ID7504,ID75,B_R70,0.69979999999999998,0.71266750021199998
Indonesia,ID7505,ID75,B_R70,0.64859999999999995,0.65936620650599997
Indonesia,ID7571,ID75,B_R70,0.77129999999999999,0.79251628320099998
Indonesia,ID7601,ID76,B_R70,0.66910000000000003,0.69125590626699995
Indonesia,ID7602,ID76,B_R70,0.63839999999999997,0.68822393733999998
Indonesia,ID7603,ID76,B_R70,0.66020000000000001,0.65899228102899998
Indonesia,ID7604,ID76,B_R70,0.68149999999999999,0.68494038499900001
Indonesia,ID7605,ID76,B_R70,0.67789999999999995,0.69085488682700003
Indonesia,ID7606,ID76,B_R70,0.65710000000000002,0.66179253419899997
Indonesia,ID8102,ID81,B_R70,0.66200000000000003,0.69120512420699998
Indonesia,ID8103,ID81,B_R70,0.71250000000000002,0.70037102725800005
Indonesia,ID8104,ID81,B_R70,0.6895,0.67743300583599997
Indonesia,ID8171,ID81,B_R70,0.80840000000000001,0.77056097507099997
Indonesia,ID8172,ID81,B_R70,0.67959999999999998,0.73501943716999996
Indonesia,ID8201,ID82,B_R70,0.65310000000000001,0.67986139183000005
Indonesia,ID8202,ID82,B_R70,0.6542,0.68795690708099999
Indonesia,ID8204,ID82,B_R70,0.63839999999999997,0.68268720000700001
Indonesia,ID8205,ID82,B_R70,0.67500000000000004,0.68992700727800005
Indonesia,ID8206,ID82,B_R70,0.66749999999999998,0.67412154736700003
Indonesia,ID8207,ID82,B_R70,0.625,0.66657423319999998
Indonesia,ID8271,ID82,B_R70,0.79820000000000002,0.76877308652599996
Indonesia,ID8272,ID82,B_R70,0.70530000000000004,0.697592933242
Indonesia,ID9101,ID91,B_R70,0.68359999999999999,0.73906942726799996
Indonesia,ID9102,ID91,B_R70,0.65000000000000002,0.69571847223100003
Indonesia,ID9105,ID91,B_R70,0.72009999999999996,0.71243794500000002
Indonesia,ID9171,ID91,B_R70,0.78449999999999998,0.79656913793899997
Indonesia,ID9401,ID94,B_R70,0.70089999999999997,0.71951728894699996
Indonesia,ID9403,ID94,B_R70,0.71689999999999998,0.694268133472
Indonesia,ID9408,ID94,B_R70,0.67659999999999998,0.66551950710200003
Indonesia,ID9409,ID94,B_R70,0.72189999999999999,0.69038339662399995
Indonesia,ID9412,ID94,B_R70,0.7419,0.76717908981600003
Indonesia,ID9471,ID94,B_R70,0.7994,0.73514135029200001
Indonesia,ID1101,ID11,B_RS74,0.6603,0.66566993354500004
Indonesia,ID1102,ID11,B_RS74,0.68940000000000001,0.67369171669299999
Indonesia,ID1103,ID11,B_RS74,0.67120000000000002,0.66604314941599996
Indonesia,ID1104,ID11,B_RS74,0.69369999999999998,0.70234879467199995
Indonesia,ID1105,ID11,B_RS74,0.67630000000000001,0.68037652999599996
Indonesia,ID1106,ID11,B_RS74,0.73240000000000005,0.74211855455599995
Indonesia,ID1107,ID11,B_RS74,0.71379999999999999,0.70838321004899996
Indonesia,ID1108,ID11,B_RS74,0.73560000000000003,0.70768054104
Indonesia,ID1109,ID11,B_RS74,0.70630000000000004,0.66964540990400001
Indonesia,ID1110,ID11,B_RS74,0.7228,0.69022758450599997
Indonesia,ID1111,ID11,B_RS74,0.69330000000000003,0.68951464417700004
Indonesia,ID1112,ID11,B_RS74,0.66749999999999998,0.70914353024400001
Indonesia,ID1113,ID11,B_RS74,0.67220000000000002,0.69968576810200001
Indonesia,ID1114,ID11,B_RS74,0.69240000000000002,0.691256176321
Indonesia,ID1115,ID11,B_RS74,0.69179999999999997,0.67932392299300004
Indonesia,ID1116,ID11,B_RS74,0.69750000000000001,0.69749682912300004
Indonesia,ID1117,ID11,B_RS74,0.7298,0.72809907122399997
Indonesia,ID1118,ID11,B_RS74,0.73199999999999998,0.66789800845500003
Indonesia,ID1171,ID11,B_RS74,0.85409999999999997,0.79952517405099999
Indonesia,ID1172,ID11,B_RS74,0.75780000000000003,0.70709437718699997
Indonesia,ID1173,ID11,B_RS74,0.77170000000000005,0.76127911517500002
Indonesia,ID1174,ID11,B_RS74,0.77310000000000001,0.75862213134500001
Indonesia,ID1175,ID11,B_RS74,0.64929999999999999,0.68948714566500002
Indonesia,ID1202,ID12,B_RS74,0.66790000000000005,0.67637868637200005
Indonesia,ID1203,ID12,B_RS74,0.70120000000000005,0.70235180394999996
Indonesia,ID1204,ID12,B_RS74,0.69230000000000003,0.68813734624699996
Indonesia,ID1205,ID12,B_RS74,0.73470000000000002,0.67782274788700003
Indonesia,ID1206,ID12,B_RS74,0.75160000000000005,0.67844209618499995
Indonesia,ID1207,ID12,B_RS74,0.72009999999999996,0.72152060684399999
Indonesia,ID1208,ID12,B_RS74,0.70289999999999997,0.72738756858200004
Indonesia,ID1209,ID12,B_RS74,0.73250000000000004,0.72908662582799999
Indonesia,ID1210,ID12,B_RS74,0.7157,0.69863137618299997
Indonesia,ID1211,ID12,B_RS74,0.74429999999999996,0.72612673155100005
Indonesia,ID1212,ID12,B_RS74,0.75439999999999996,0.762905878165
Indonesia,ID1213,ID12,B_RS74,0.70999999999999996,0.71570971711300002
Indonesia,ID1215,ID12,B_RS74,0.68869999999999998,0.679123895654
Indonesia,ID1216,ID12,B_RS74,0.67589999999999995,0.67585036303500001
Indonesia,ID1217,ID12,B_RS74,0.70630000000000004,0.68072082489899999
Indonesia,ID1218,ID12,B_RS74,0.70240000000000002,0.70587768907500004
Indonesia,ID1219,ID12,B_RS74,0.68359999999999999,0.71790619616999996
Indonesia,ID1220,ID12,B_RS74,0.69850000000000001,0.66883898705199996
Indonesia,ID1221,ID12,B_RS74,0.6825,0.67670821215300003
Indonesia,ID1222,ID12,B_RS74,0.71399999999999997,0.69120372516999995
Indonesia,ID1223,ID12,B_RS74,0.71609999999999996,0.68379404446000003
Indonesia,ID1271,ID12,B_RS74,0.73629999999999995,0.766521607695
Indonesia,ID1272,ID12,B_RS74,0.6865,0.76371376820699999
Indonesia,ID1273,ID12,B_RS74,0.78749999999999998,0.79272015549599995
Indonesia,ID1274,ID12,B_RS74,0.75170000000000003,0.77327288930899996
Indonesia,ID1275,ID12,B_RS74,0.80979999999999996,0.82105352560400002
Indonesia,ID1276,ID12,B_RS74,0.75890000000000002,0.77947578769600001
Indonesia,ID1277,ID12,B_RS74,0.75219999999999998,0.73834354876499997
Indonesia,ID1278,ID12,B_RS74,0.69310000000000005,0.71799545026300005
Indonesia,ID1302,ID13,B_RS74,0.69899999999999995,0.67578222997600002
Indonesia,ID1303,ID13,B_RS74,0.69079999999999997,0.67671530032899996
Indonesia,ID1304,ID13,B_RS74,0.6774,0.68779371414599999
Indonesia,ID1305,ID13,B_RS74,0.72330000000000005,0.71165387035899996
Indonesia,ID1306,ID13,B_RS74,0.70609999999999995,0.70711464349300002
Indonesia,ID1307,ID13,B_RS74,0.72460000000000002,0.74343096339500003
Indonesia,ID1308,ID13,B_RS74,0.69469999999999998,0.71108205154799997
Indonesia,ID1309,ID13,B_RS74,0.66639999999999999,0.67415042003000003
Indonesia,ID1310,ID13,B_RS74,0.69040000000000001,0.67413145023200005
Indonesia,ID1311,ID13,B_RS74,0.71509999999999996,0.70750654678699998
Indonesia,ID1312,ID13,B_RS74,0.68489999999999995,0.667548487473
Indonesia,ID1371,ID13,B_RS74,0.82820000000000005,0.78045168480899996
Indonesia,ID1372,ID13,B_RS74,0.78290000000000004,0.74001259357000004
Indonesia,ID1373,ID13,B_RS74,0.72640000000000005,0.73393342672499995
Indonesia,ID1374,ID13,B_RS74,0.77929999999999999,0.79322374820399999
Indonesia,ID1375,ID13,B_RS74,0.80579999999999996,0.80788648734299995
Indonesia,ID1376,ID13,B_RS74,0.78900000000000003,0.76305438266799996
Indonesia,ID1377,ID13,B_RS74,0.76900000000000002,0.738500770945
Indonesia,ID1401,ID14,B_RS74,0.70309999999999995,0.70201182795899997
Indonesia,ID1402,ID14,B_RS74,0.69830000000000003,0.70294054889900004
Indonesia,ID1403,ID14,B_RS74,0.66539999999999999,0.69383475975800002
Indonesia,ID1404,ID14,B_RS74,0.71560000000000001,0.69806636512499998
Indonesia,ID1405,ID14,B_RS74,0.73680000000000001,0.730012977763
Indonesia,ID1406,ID14,B_RS74,0.72829999999999995,0.70573544075399997
Indonesia,ID1407,ID14,B_RS74,0.69379999999999997,0.686929992544
Indonesia,ID1408,ID14,B_RS74,0.73460000000000003,0.74888635944299997
Indonesia,ID1409,ID14,B_RS74,0.6915,0.69835354042499997
Indonesia,ID1410,ID14,B_RS74,0.65500000000000003,0.72687851126299996
Indonesia,ID1471,ID14,B_RS74,0.81320000000000003,0.80590699735600002
Indonesia,ID1473,ID14,B_RS74,0.74399999999999999,0.77058245782699997
Indonesia,ID1501,ID15,B_RS74,0.71209999999999996,0.71006488461899997
Indonesia,ID1502,ID15,B_RS74,0.69189999999999996,0.67379250143000002
Indonesia,ID1503,ID15,B_RS74,0.6986,0.679613825693
Indonesia,ID1504,ID15,B_RS74,0.69840000000000002,0.68060385350700003
Indonesia,ID1505,ID15,B_RS74,0.69179999999999997,0.69116473447899995
Indonesia,ID1506,ID15,B_RS74,0.64429999999999998,0.67400756790299998
Indonesia,ID1507,ID15,B_RS74,0.6754,0.70382380495399999
Indonesia,ID1508,ID15,B_RS74,0.69140000000000001,0.68744519739999999
Indonesia,ID1509,ID15,B_RS74,0.69920000000000004,0.71153364049400003
Indonesia,ID1571,ID15,B_RS74,0.78369999999999995,0.77754513196999997
Indonesia,ID1572,ID15,B_RS74,0.75419999999999998,0.77536967318100003
Indonesia,ID1601,ID16,B_RS74,0.69320000000000004,0.69961348117
Indonesia,ID1602,ID16,B_RS74,0.66820000000000002,0.64918908254999996
Indonesia,ID1603,ID16,B_RS74,0.68740000000000001,0.70445078890400004
Indonesia,ID1604,ID16,B_RS74,0.6744,0.70282495162600001
Indonesia,ID1605,ID16,B_RS74,0.66790000000000005,0.67433974813399999
Indonesia,ID1606,ID16,B_RS74,0.67689999999999995,0.68180954384199999
Indonesia,ID1607,ID16,B_RS74,0.66739999999999999,0.659216727743
Indonesia,ID1608,ID16,B_RS74,0.65300000000000002,0.66324874856600002
Indonesia,ID1609,ID16,B_RS74,0.69279999999999997,0.64827192695199998
Indonesia,ID1610,ID16,B_RS74,0.67059999999999997,0.66947316325200001
Indonesia,ID1611,ID16,B_RS74,0.65249999999999997,0.663333088638
Indonesia,ID1612,ID16,B_RS74,0.64700000000000002,0.68923339177999998
Indonesia,ID1671,ID16,B_RS74,0.7833,0.78979786358000004
Indonesia,ID1672,ID16,B_RS74,0.74550000000000005,0.74899934663400003
Indonesia,ID1673,ID16,B_RS74,0.68310000000000004,0.68447447465699995
Indonesia,ID1674,ID16,B_RS74,0.74780000000000002,0.75507167636500006
Indonesia,ID1701,ID17,B_RS74,0.70630000000000004,0.69798765674200003
Indonesia,ID1702,ID17,B_RS74,0.70440000000000003,0.72238975157100005
Indonesia,ID1703,ID17,B_RS74,0.68820000000000003,0.67433929011500005
Indonesia,ID1704,ID17,B_RS74,0.66990000000000005,0.65460000559499998
Indonesia,ID1705,ID17,B_RS74,0.66890000000000005,0.65707660276000002
Indonesia,ID1706,ID17,B_RS74,0.6845,0.66111867146799996
Indonesia,ID1707,ID17,B_RS74,0.67010000000000003,0.67206278756399995
Indonesia,ID1708,ID17,B_RS74,0.68169999999999997,0.70410192254600001
Indonesia,ID1709,ID17,B_RS74,0.67610000000000003,0.66682190341199998
Indonesia,ID1771,ID17,B_RS74,0.80359999999999998,0.75366651691999997
Indonesia,ID1801,ID18,B_RS74,0.67800000000000005,0.66846981118600002
Indonesia,ID1802,ID18,B_RS74,0.66420000000000001,0.67714933419099999
Indonesia,ID1803,ID18,B_RS74,0.68359999999999999,0.69774137707100004
Indonesia,ID1804,ID18,B_RS74,0.69369999999999998,0.69262603697799996
Indonesia,ID1805,ID18,B_RS74,0.7016,0.69433846456899995
Indonesia,ID1806,ID18,B_RS74,0.67669999999999997,0.69359793935299996
Indonesia,ID1807,ID18,B_RS74,0.6744,0.66786471273199999
Indonesia,ID1808,ID18,B_RS74,0.68520000000000003,0.68508339187
Indonesia,ID1809,ID18,B_RS74,0.65790000000000004,0.679413073501
Indonesia,ID1810,ID18,B_RS74,0.70299999999999996,0.70129541314699995
Indonesia,ID1811,ID18,B_RS74,0.63629999999999998,0.68024852983700002
Indonesia,ID1812,ID18,B_RS74,0.65969999999999995,0.69803668358100002
Indonesia,ID1871,ID18,B_RS74,0.77439999999999998,0.78296356230200004
Indonesia,ID1872,ID18,B_RS74,0.77190000000000003,0.73993826337099999
Indonesia,ID1901,ID19,B_RS74,0.72399999999999998,0.69306567859099999
Indonesia,ID1902,ID19,B_RS74,0.72509999999999997,0.68566515146499996
Indonesia,ID1903,ID19,B_RS74,0.69079999999999997,0.67101823416700002
Indonesia,ID1904,ID19,B_RS74,0.70450000000000002,0.67311305674099997
Indonesia,ID1905,ID19,B_RS74,0.66900000000000004,0.66101256693800003
Indonesia,ID1971,ID19,B_RS74,0.78220000000000001,0.76719311789199995
Indonesia,ID2101,ID21,B_RS74,0.71440000000000003,0.74019538202199997
Indonesia,ID2103,ID21,B_RS74,0.72719999999999996,0.69479373657900001
Indonesia,ID2104,ID21,B_RS74,0.65290000000000004,0.704911802388
Indonesia,ID2105,ID21,B_RS74,0.68799999999999994,0.68677320697199995
Indonesia,ID2171,ID21,B_RS74,0.81110000000000004,0.788742822733
Indonesia,ID2172,ID21,B_RS74,0.78910000000000002,0.779099583348
Indonesia,ID3171,ID31,B_RS74,0.84719999999999995,0.83995753340099999
Indonesia,ID3172,ID31,B_RS74,0.8266,0.820603428059
Indonesia,ID3173,ID31,B_RS74,0.81389999999999996,0.87209762289500004
Indonesia,ID3174,ID31,B_RS74,0.81379999999999997,0.83265819871000002
Indonesia,ID3175,ID31,B_RS74,0.80289999999999995,0.82815587164799997
Indonesia,ID3201,ID32,B_RS74,0.70399999999999996,0.74112469985499996
Indonesia,ID3202,ID32,B_RS74,0.66879999999999995,0.69390225918100001
Indonesia,ID3203,ID32,B_RS74,0.65359999999999996,0.68675347710500001
Indonesia,ID3204,ID32,B_RS74,0.72389999999999999,0.72878901831499998
Indonesia,ID3205,ID32,B_RS74,0.66120000000000001,0.69962301293600004
Indonesia,ID3206,ID32,B_RS74,0.65669999999999995,0.68285644723100003
Indonesia,ID3207,ID32,B_RS74,0.70489999999999997,0.71340355058299998
Indonesia,ID3208,ID32,B_RS74,0.69379999999999997,0.70723891644199999
Indonesia,ID3209,ID32,B_RS74,0.6875,0.71337861074999998
Indonesia,ID3210,ID32,B_RS74,0.67589999999999995,0.69508810885000005
Indonesia,ID3211,ID32,B_RS74,0.71640000000000004,0.70993423380700005
Indonesia,ID3212,ID32,B_RS74,0.67290000000000005,0.69689862173999995
Indonesia,ID3213,ID32,B_RS74,0.6895,0.68729546567400002
Indonesia,ID3214,ID32,B_RS74,0.70820000000000005,0.72211505272099996
Indonesia,ID3215,ID32,B_RS74,0.70660000000000001,0.72561580756900002
Indonesia,ID3216,ID32,B_RS74,0.74070000000000003,0.75165331488999998
Indonesia,ID3217,ID32,B_RS74,0.68079999999999996,0.71977465226799997
Indonesia,ID3218,ID32,B_RS74,0.68059999999999998,0.69963401806400005
Indonesia,ID3271,ID32,B_RS74,0.7611,0.78189790194700004
Indonesia,ID3272,ID32,B_RS74,0.74209999999999998,0.76084435584099996
Indonesia,ID3273,ID32,B_RS74,0.81510000000000005,0.82516353526300001
Indonesia,ID3274,ID32,B_RS74,0.74890000000000001,0.79386529179800003
Indonesia,ID3275,ID32,B_RS74,0.81499999999999995,0.78543393874300005
Indonesia,ID3276,ID32,B_RS74,0.80969999999999998,0.77851585270199997
Indonesia,ID3277,ID32,B_RS74,0.77829999999999999,0.80412093704599996
Indonesia,ID3278,ID32,B_RS74,0.73040000000000005,0.75219657239799997
Indonesia,ID3279,ID32,B_RS74,0.71699999999999997,0.73763038293200001
Indonesia,ID3301,ID33,B_RS74,0.69950000000000001,0.720702944914
Indonesia,ID3302,ID33,B_RS74,0.7198,0.72049634635500004
Indonesia,ID3303,ID33,B_RS74,0.68969999999999998,0.71091337503200003
Indonesia,ID3304,ID33,B_RS74,0.67449999999999999,0.69516710860200004
Indonesia,ID3305,ID33,B_RS74,0.69810000000000005,0.68732880710099997
Indonesia,ID3306,ID33,B_RS74,0.7268,0.69360256895600003
Indonesia,ID3307,ID33,B_RS74,0.68220000000000003,0.70989528878700003
Indonesia,ID3308,ID33,B_RS74,0.69869999999999999,0.70877959607300001
Indonesia,ID3309,ID33,B_RS74,0.74250000000000005,0.72426407143100002
Indonesia,ID3310,ID33,B_RS74,0.75560000000000005,0.73518473155899999
Indonesia,ID3311,ID33,B_RS74,0.76980000000000004,0.74170516284200005
Indonesia,ID3312,ID33,B_RS74,0.70250000000000001,0.71247313905099996
Indonesia,ID3313,ID33,B_RS74,0.75860000000000005,0.73123227721399997
Indonesia,ID3314,ID33,B_RS74,0.73950000000000005,0.71317176166899998
Indonesia,ID3315,ID33,B_RS74,0.69869999999999999,0.69368296443800004
Indonesia,ID3316,ID33,B_RS74,0.68840000000000001,0.70091329785199996
Indonesia,ID3317,ID33,B_RS74,0.70020000000000004,0.697322266774
Indonesia,ID3318,ID33,B_RS74,0.7177,0.709525005554
Indonesia,ID3319,ID33,B_RS74,0.75,0.75036339885699999
Indonesia,ID3320,ID33,B_RS74,0.71989999999999998,0.71728252491599997
Indonesia,ID3321,ID33,B_RS74,0.72219999999999995,0.70256866423200004
Indonesia,ID3322,ID33,B_RS74,0.74099999999999999,0.73995873844000004
Indonesia,ID3323,ID33,B_RS74,0.69569999999999999,0.704405486315
Indonesia,ID3324,ID33,B_RS74,0.72289999999999999,0.71063635166600003
Indonesia,ID3325,ID33,B_RS74,0.6865,0.694990192246
Indonesia,ID3326,ID33,B_RS74,0.69630000000000003,0.69921337056199995
Indonesia,ID3327,ID33,B_RS74,0.66320000000000001,0.69627089615899995
Indonesia,ID3328,ID33,B_RS74,0.68389999999999995,0.705684538646
Indonesia,ID3329,ID33,B_RS74,0.66110000000000002,0.70042585448100003
Indonesia,ID3371,ID33,B_RS74,0.78990000000000005,0.79813643603700002
Indonesia,ID3372,ID33,B_RS74,0.82210000000000005,0.82753940149899996
Indonesia,ID3373,ID33,B_RS74,0.83140000000000003,0.78800064269199999
Indonesia,ID3374,ID33,B_RS74,0.83050000000000002,0.79122454347500004
Indonesia,ID3375,ID33,B_RS74,0.74980000000000002,0.776214691219
Indonesia,ID3376,ID33,B_RS74,0.75070000000000003,0.78321586474399996
Indonesia,ID3401,ID34,B_RS74,0.74460000000000004,0.71248153746800003
Indonesia,ID3402,ID34,B_RS74,0.80010000000000003,0.741448889394
Indonesia,ID3403,ID34,B_RS74,0.69979999999999998,0.71016207405300003
Indonesia,ID3404,ID34,B_RS74,0.83840000000000003,0.75524909912399996
Indonesia,ID3471,ID34,B_RS74,0.86609999999999998,0.82501704741399995
Indonesia,ID3501,ID35,B_RS74,0.68389999999999995,0.71229930205400005
Indonesia,ID3502,ID35,B_RS74,0.70809999999999995,0.72566838850799997
Indonesia,ID3503,ID35,B_RS74,0.69740000000000002,0.708539415605
Indonesia,ID3504,ID35,B_RS74,0.72999999999999998,0.73722741167000005
Indonesia,ID3505,ID35,B_RS74,0.70579999999999998,0.72946015851500001
Indonesia,ID3506,ID35,B_RS74,0.72050000000000003,0.72179034579800005
Indonesia,ID3507,ID35,B_RS74,0.7036,0.73886382926700001
Indonesia,ID3508,ID35,B_RS74,0.65459999999999996,0.71076696904000003
Indonesia,ID3509,ID35,B_RS74,0.67110000000000003,0.71684553936200002
Indonesia,ID3510,ID35,B_RS74,0.70620000000000005,0.72663016360300003
Indonesia,ID3511,ID35,B_RS74,0.6643,0.68874223404900003
Indonesia,ID3512,ID35,B_RS74,0.67379999999999995,0.69828508952799995
Indonesia,ID3513,ID35,B_RS74,0.66069999999999995,0.69321481027700005
Indonesia,ID3514,ID35,B_RS74,0.68600000000000005,0.72474383555499999
Indonesia,ID3515,ID35,B_RS74,0.80289999999999995,0.76785265138100001
Indonesia,ID3516,ID35,B_RS74,0.73829999999999996,0.71369634466499998
Indonesia,ID3517,ID35,B_RS74,0.72970000000000002,0.70665469193599995
Indonesia,ID3518,ID35,B_RS74,0.71719999999999995,0.71144696904000004
Indonesia,ID3519,ID35,B_RS74,0.71730000000000005,0.71478685621899996
Indonesia,ID3520,ID35,B_RS74,0.73919999999999997,0.72566608375399999
Indonesia,ID3521,ID35,B_RS74,0.70540000000000003,0.700419398345
Indonesia,ID3522,ID35,B_RS74,0.69040000000000001,0.71089135990899999
Indonesia,ID3523,ID35,B_RS74,0.68400000000000005,0.710346891052
Indonesia,ID3524,ID35,B_RS74,0.7258,0.68828650577999995
Indonesia,ID3525,ID35,B_RS74,0.7611,0.73403038122399999
Indonesia,ID3526,ID35,B_RS74,0.6411,0.68189749375399999
Indonesia,ID3527,ID35,B_RS74,0.627,0.67400055759699995
Indonesia,ID3528,ID35,B_RS74,0.66259999999999997,0.69659678735599995
Indonesia,ID3571,ID35,B_RS74,0.7823,0.82489257484
Indonesia,ID3572,ID35,B_RS74,0.78569999999999995,0.78733987705399999
Indonesia,ID3573,ID35,B_RS74,0.8145,0.81325241824200001
Indonesia,ID3574,ID35,B_RS74,0.73270000000000002,0.77882287885000001
Indonesia,ID3575,ID35,B_RS74,0.75260000000000005,0.761291923107
Indonesia,ID3576,ID35,B_RS74,0.78039999999999998,0.77462884140599997
Indonesia,ID3577,ID35,B_RS74,0.80910000000000004,0.81209164852100002
Indonesia,ID3578,ID35,B_RS74,0.82230000000000003,0.82086345859800003
Indonesia,ID3579,ID35,B_RS74,0.75900000000000001,0.76337955011900005
Indonesia,ID3601,ID36,B_RS74,0.65000000000000002,0.67674114398399998
Indonesia,ID3602,ID36,B_RS74,0.6391,0.67123405258799995
Indonesia,ID3603,ID36,B_RS74,0.71919999999999995,0.74288204555199999
Indonesia,ID3604,ID36,B_RS74,0.66700000000000004,0.70396091675899997
Indonesia,ID3671,ID36,B_RS74,0.78249999999999997,0.80047592047600002
Indonesia,ID3672,ID36,B_RS74,0.73050000000000004,0.76888010199199996
Indonesia,ID3673,ID36,B_RS74,0.72160000000000002,0.74470688812899999
Indonesia,ID3674,ID36,B_RS74,0.81359999999999999,0.79148502366100004
Indonesia,ID5101,ID51,B_RS74,0.72360000000000002,0.70004622139200001
Indonesia,ID5102,ID51,B_RS74,0.76170000000000004,0.71739340337000002
Indonesia,ID5103,ID51,B_RS74,0.81599999999999995,0.753050785256
Indonesia,ID5104,ID51,B_RS74,0.77359999999999995,0.73031571019300001
Indonesia,ID5105,ID51,B_RS74,0.71730000000000005,0.722531759617
Indonesia,ID5106,ID51,B_RS74,0.69359999999999999,0.69352859153500002
Indonesia,ID5107,ID51,B_RS74,0.67349999999999999,0.67832235428700005
Indonesia,ID5108,ID51,B_RS74,0.72550000000000003,0.70213250428600005
Indonesia,ID5171,ID51,B_RS74,0.83930000000000005,0.78013368753599999
Indonesia,ID5201,ID52,B_RS74,0.68200000000000005,0.68267433602299998
Indonesia,ID5202,ID52,B_RS74,0.6643,0.66574606593700003
Indonesia,ID5203,ID52,B_RS74,0.66300000000000003,0.67214762151100005
Indonesia,ID5204,ID52,B_RS74,0.67610000000000003,0.68058982478899999
Indonesia,ID5205,ID52,B_RS74,0.6784,0.68602726517299994
Indonesia,ID5206,ID52,B_RS74,0.66300000000000003,0.66655680887000002
Indonesia,ID5207,ID52,B_RS74,0.71630000000000005,0.70076458308099998
Indonesia,ID5271,ID52,B_RS74,0.78910000000000002,0.76854124234300003
Indonesia,ID5272,ID52,B_RS74,0.7581,0.71991558479100004
Indonesia,ID5305,ID53,B_RS74,0.63529999999999998,0.64025204332800001
Indonesia,ID5309,ID53,B_RS74,0.64219999999999999,0.637706829601
Indonesia,ID5310,ID53,B_RS74,0.65110000000000001,0.66290365158800002
Indonesia,ID5311,ID53,B_RS74,0.6704,0.66582279672099998
Indonesia,ID5312,ID53,B_RS74,0.67879999999999996,0.65262121538200002
Indonesia,ID5313,ID53,B_RS74,0.64539999999999997,0.64640065523400003
Indonesia,ID5315,ID53,B_RS74,0.63890000000000002,0.60885619967399995
Indonesia,ID5318,ID53,B_RS74,0.65810000000000002,0.64124801601500003
Indonesia,ID5371,ID53,B_RS74,0.79710000000000003,0.77661364558099999
Indonesia,ID6101,ID61,B_RS74,0.67030000000000001,0.69743152053900004
Indonesia,ID6102,ID61,B_RS74,0.67869999999999997,0.66939855796299996
Indonesia,ID6103,ID61,B_RS74,0.65980000000000005,0.67705198749399997
Indonesia,ID6104,ID61,B_RS74,0.65739999999999998,0.69767751018799995
Indonesia,ID6105,ID61,B_RS74,0.65769999999999995,0.69420672632500002
Indonesia,ID6106,ID61,B_RS74,0.67169999999999996,0.68616548072500005
Indonesia,ID6107,ID61,B_RS74,0.66879999999999995,0.69200373392799996
Indonesia,ID6108,ID61,B_RS74,0.65690000000000004,0.68893505148
Indonesia,ID6109,ID61,B_RS74,0.64759999999999995,0.68453572741699997
Indonesia,ID6110,ID61,B_RS74,0.65549999999999997,0.68796885998699997
Indonesia,ID6111,ID61,B_RS74,0.62680000000000002,0.648734515402
Indonesia,ID6112,ID61,B_RS74,0.67949999999999999,0.69123601346300001
Indonesia,ID6171,ID61,B_RS74,0.7944,0.80265118427500004
Indonesia,ID6172,ID61,B_RS74,0.71940000000000004,0.76749962055200005
Indonesia,ID6201,ID62,B_RS74,0.72870000000000001,0.72112355266200001
Indonesia,ID6202,ID62,B_RS74,0.71309999999999996,0.71074677862799995
Indonesia,ID6203,ID62,B_RS74,0.69479999999999997,0.66167527008399996
Indonesia,ID6204,ID62,B_RS74,0.70220000000000005,0.68113588957299998
Indonesia,ID6205,ID62,B_RS74,0.70589999999999997,0.711823967103
Indonesia,ID6206,ID62,B_RS74,0.68030000000000002,0.66478970476699994
Indonesia,ID6207,ID62,B_RS74,0.70509999999999995,0.67550744722
Indonesia,ID6208,ID62,B_RS74,0.67579999999999996,0.66000989760600004
Indonesia,ID6209,ID62,B_RS74,0.68679999999999997,0.656993235058
Indonesia,ID6210,ID62,B_RS74,0.6845,0.64229026508499998
Indonesia,ID6211,ID62,B_RS74,0.70809999999999995,0.66410247046600002
Indonesia,ID6212,ID62,B_RS74,0.71389999999999998,0.67241241895799997
Indonesia,ID6213,ID62,B_RS74,0.67979999999999996,0.66480169932300004
Indonesia,ID6271,ID62,B_RS74,0.80769999999999997,0.69053931947500002
Indonesia,ID6301,ID63,B_RS74,0.69379999999999997,0.68131468002999995
Indonesia,ID6302,ID63,B_RS74,0.68859999999999999,0.68769946121299996
Indonesia,ID6303,ID63,B_RS74,0.69179999999999997,0.68323961876600003
Indonesia,ID6304,ID63,B_RS74,0.66220000000000001,0.67427978643999997
Indonesia,ID6305,ID63,B_RS74,0.70109999999999995,0.67912814135800004
Indonesia,ID6306,ID63,B_RS74,0.6885,0.69202218169499996
Indonesia,ID6307,ID63,B_RS74,0.68840000000000001,0.69456047501399998
Indonesia,ID6308,ID63,B_RS74,0.65590000000000004,0.69464556907899999
Indonesia,ID6309,ID63,B_RS74,0.72189999999999999,0.70913698864700003
Indonesia,ID6310,ID63,B_RS74,0.70709999999999995,0.70087686195999999
Indonesia,ID6311,ID63,B_RS74,0.68820000000000003,0.69545841389700003
Indonesia,ID6371,ID63,B_RS74,0.77100000000000002,0.79267572200799996
Indonesia,ID6372,ID63,B_RS74,0.79100000000000004,0.75018860251800001
Indonesia,ID6401,ID64,B_RS74,0.72040000000000004,0.71167739789100004
Indonesia,ID6402,ID64,B_RS74,0.71189999999999998,0.70252054226000005
Indonesia,ID6403,ID64,B_RS74,0.7359,0.71333861014400002
Indonesia,ID6404,ID64,B_RS74,0.72999999999999998,0.71590989788399995
Indonesia,ID6405,ID64,B_RS74,0.74709999999999999,0.71559475729900002
Indonesia,ID6409,ID64,B_RS74,0.71409999999999996,0.697823262562
Indonesia,ID6411,ID64,B_RS74,0.67090000000000005,0.67960962700399996
Indonesia,ID6471,ID64,B_RS74,0.80010000000000003,0.79619515455199996
Indonesia,ID6472,ID64,B_RS74,0.80110000000000003,0.77669125366000002
Indonesia,ID6474,ID64,B_RS74,0.80020000000000002,0.79860874516699998
Indonesia,ID6501,ID65,B_RS74,0.71940000000000004,0.66097517429399999
Indonesia,ID6502,ID65,B_RS74,0.71099999999999997,0.70580261143
Indonesia,ID6503,ID65,B_RS74,0.66969999999999996,0.69527664831799996
Indonesia,ID6504,ID65,B_RS74,0.65790000000000004,0.70024753120500005
Indonesia,ID6571,ID65,B_RS74,0.75829999999999997,0.75642037503600001
Indonesia,ID7101,ID71,B_RS74,0.67889999999999995,0.68117091271399999
Indonesia,ID7102,ID71,B_RS74,0.75290000000000001,0.73725431416300002
Indonesia,ID7104,ID71,B_RS74,0.69399999999999995,0.65462961158900002
Indonesia,ID7105,ID71,B_RS74,0.72109999999999996,0.704333623879
Indonesia,ID7106,ID71,B_RS74,0.73899999999999999,0.71189809652000002
Indonesia,ID7107,ID71,B_RS74,0.66990000000000005,0.67774831097900001
Indonesia,ID7108,ID71,B_RS74,0.6764,0.66764149791600003
Indonesia,ID7109,ID71,B_RS74,0.70509999999999995,0.713251272986
Indonesia,ID7110,ID71,B_RS74,0.65000000000000002,0.67861052149599999
Indonesia,ID7111,ID71,B_RS74,0.65990000000000004,0.70450346209000003
Indonesia,ID7171,ID71,B_RS74,0.7893,0.78713485423700003
Indonesia,ID7172,ID71,B_RS74,0.74099999999999999,0.77764021358799995
Indonesia,ID7173,ID71,B_RS74,0.76690000000000003,0.74339077873199999
Indonesia,ID7174,ID71,B_RS74,0.72970000000000002,0.756598149557
Indonesia,ID7201,ID72,B_RS74,0.6542,0.65873171174099998
Indonesia,ID7202,ID72,B_RS74,0.70520000000000005,0.69930193225000004
Indonesia,ID7203,ID72,B_RS74,0.72209999999999996,0.71537205438100004
Indonesia,ID7204,ID72,B_RS74,0.71279999999999999,0.67175079579499997
Indonesia,ID7206,ID72,B_RS74,0.65690000000000004,0.69271379960699997
Indonesia,ID7207,ID72,B_RS74,0.67820000000000003,0.66057457551200005
Indonesia,ID7208,ID72,B_RS74,0.65439999999999998,0.66683875453399999
Indonesia,ID7211,ID72,B_RS74,0.65429999999999999,0.66546772416
Indonesia,ID7212,ID72,B_RS74,0.68359999999999999,0.67429023033199997
Indonesia,ID7271,ID72,B_RS74,0.81469999999999998,0.78576789648199996
Indonesia,ID7301,ID73,B_RS74,0.67379999999999995,0.67852160272700002
Indonesia,ID7302,ID73,B_RS74,0.68989999999999996,0.68558161362900005
Indonesia,ID7303,ID73,B_RS74,0.68730000000000002,0.687827278702
Indonesia,ID7304,ID73,B_RS74,0.64259999999999995,0.651652426841
Indonesia,ID7305,ID73,B_RS74,0.67310000000000003,0.67387821745999998
Indonesia,ID7306,ID73,B_RS74,0.70140000000000002,0.69226102143900003
Indonesia,ID7307,ID73,B_RS74,0.67600000000000005,0.70630728847199997
Indonesia,ID7308,ID73,B_RS74,0.6986,0.69213120803499995
Indonesia,ID7310,ID73,B_RS74,0.70999999999999996,0.68870599211000005
Indonesia,ID7311,ID73,B_RS74,0.66059999999999997,0.69322658413000005
Indonesia,ID7312,ID73,B_RS74,0.68669999999999998,0.71819239594899997
Indonesia,ID7313,ID73,B_RS74,0.6915,0.71334578045300001
Indonesia,ID7314,ID73,B_RS74,0.71209999999999996,0.71229178420200001
Indonesia,ID7315,ID73,B_RS74,0.71260000000000001,0.70634600914400003
Indonesia,ID7316,ID73,B_RS74,0.72760000000000002,0.69086218010599998
Indonesia,ID7317,ID73,B_RS74,0.70509999999999995,0.68268592566099995
Indonesia,ID7318,ID73,B_RS74,0.6875,0.69276297660999997
Indonesia,ID7322,ID73,B_RS74,0.69569999999999999,0.68837603742599995
Indonesia,ID7325,ID73,B_RS74,0.73219999999999996,0.71038783917600001
Indonesia,ID7326,ID73,B_RS74,0.69330000000000003,0.71619403447600005
Indonesia,ID7371,ID73,B_RS74,0.82250000000000001,0.79470115252600004
Indonesia,ID7372,ID73,B_RS74,0.77859999999999996,0.75620021943299998
Indonesia,ID7373,ID73,B_RS74,0.78059999999999996,0.74043379662300002
Indonesia,ID7401,ID74,B_RS74,0.65980000000000005,0.650101478485
Indonesia,ID7402,ID74,B_RS74,0.69020000000000004,0.69285394777300002
Indonesia,ID7403,ID74,B_RS74,0.71350000000000002,0.67454664498899997
Indonesia,ID7404,ID74,B_RS74,0.73450000000000004,0.70376327961399998
Indonesia,ID7405,ID74,B_RS74,0.68200000000000005,0.65704814823500002
Indonesia,ID7406,ID74,B_RS74,0.66049999999999998,0.64782506226699998
Indonesia,ID7407,ID74,B_RS74,0.69479999999999997,0.69740698114800004
Indonesia,ID7408,ID74,B_RS74,0.69310000000000005,0.67503894401499998
Indonesia,ID7409,ID74,B_RS74,0.67869999999999997,0.67673915310599997
Indonesia,ID7410,ID74,B_RS74,0.6986,0.641410021286
Indonesia,ID7411,ID74,B_RS74,0.67020000000000002,0.65229898598299996
Indonesia,ID7412,ID74,B_RS74,0.65410000000000001,0.63671621436500003
Indonesia,ID7413,ID74,B_RS74,0.65080000000000005,0.64908716827500001
Indonesia,ID7414,ID74,B_RS74,0.64370000000000005,0.68538650904999998
Indonesia,ID7471,ID74,B_RS74,0.83530000000000004,0.74705670415199998
Indonesia,ID7472,ID74,B_RS74,0.75900000000000001,0.74814253942800002
Indonesia,ID7501,ID75,B_RS74,0.65910000000000002,0.695076265671
Indonesia,ID7502,ID75,B_RS74,0.66920000000000002,0.71399250548600002
Indonesia,ID7503,ID75,B_RS74,0.65369999999999995,0.68399549864700004
Indonesia,ID7504,ID75,B_RS74,0.69979999999999998,0.71012794202999996
Indonesia,ID7505,ID75,B_RS74,0.64859999999999995,0.66142261956500004
Indonesia,ID7571,ID75,B_RS74,0.77129999999999999,0.79348413269600004
Indonesia,ID7601,ID76,B_RS74,0.66910000000000003,0.690491776306
Indonesia,ID7602,ID76,B_RS74,0.63839999999999997,0.69066886908699998
Indonesia,ID7603,ID76,B_RS74,0.66020000000000001,0.664073851258
Indonesia,ID7604,ID76,B_RS74,0.68149999999999999,0.68541190665499996
Indonesia,ID7605,ID76,B_RS74,0.67789999999999995,0.69351246562299995
Indonesia,ID7606,ID76,B_RS74,0.65710000000000002,0.67125510822900003
Indonesia,ID8102,ID81,B_RS74,0.66200000000000003,0.68984509680999995
Indonesia,ID8103,ID81,B_RS74,0.71250000000000002,0.68777567426800001
Indonesia,ID8104,ID81,B_RS74,0.6895,0.67282639566699998
Indonesia,ID8171,ID81,B_RS74,0.80840000000000001,0.76869447054399997
Indonesia,ID8172,ID81,B_RS74,0.67959999999999998,0.73924993736400002
Indonesia,ID8201,ID82,B_RS74,0.65310000000000001,0.67349496824300004
Indonesia,ID8202,ID82,B_RS74,0.6542,0.69560270596499996
Indonesia,ID8204,ID82,B_RS74,0.63839999999999997,0.67208574656499998
Indonesia,ID8205,ID82,B_RS74,0.67500000000000004,0.68464351418799996
Indonesia,ID8206,ID82,B_RS74,0.66749999999999998,0.66567227723699995
Indonesia,ID8207,ID82,B_RS74,0.625,0.66450490562499998
Indonesia,ID8271,ID82,B_RS74,0.79820000000000002,0.76395587194799996
Indonesia,ID8272,ID82,B_RS74,0.70530000000000004,0.70049899602700005
Indonesia,ID9101,ID91,B_RS74,0.68359999999999999,0.73583688752800003
Indonesia,ID9102,ID91,B_RS74,0.65000000000000002,0.69071947981699999
Indonesia,ID9105,ID91,B_RS74,0.72009999999999996,0.72447825024199997
Indonesia,ID9171,ID91,B_RS74,0.78449999999999998,0.79247725139500003
Indonesia,ID9401,ID94,B_RS74,0.70089999999999997,0.70842157927299998
Indonesia,ID9403,ID94,B_RS74,0.71689999999999998,0.69537684230399999
Indonesia,ID9408,ID94,B_RS74,0.67659999999999998,0.65348727970499998
Indonesia,ID9409,ID94,B_RS74,0.72189999999999999,0.67823494199400003
Indonesia,ID9412,ID94,B_RS74,0.7419,0.75385859061500005
Indonesia,ID9471,ID94,B_RS74,0.7994,0.74584816841699997
Indonesia,ID1101,ID11,R6,0.6603,0.66112161803799996
Indonesia,ID1102,ID11,R6,0.68940000000000001,0.66083629220899998
Indonesia,ID1103,ID11,R6,0.67120000000000002,0.66564835969900005
Indonesia,ID1104,ID11,R6,0.69369999999999998,0.66725210619800002
Indonesia,ID1105,ID11,R6,0.67630000000000001,0.66323550314900004
Indonesia,ID1106,ID11,R6,0.73240000000000005,0.67503992403799995
Indonesia,ID1107,ID11,R6,0.71379999999999999,0.68270115305900003
Indonesia,ID1108,ID11,R6,0.73560000000000003,0.68950239648599998
Indonesia,ID1109,ID11,R6,0.70630000000000004,0.68075254469400004
Indonesia,ID1110,ID11,R6,0.7228,0.69457867219699998
Indonesia,ID1111,ID11,R6,0.69330000000000003,0.69202916322100005
Indonesia,ID1112,ID11,R6,0.66749999999999998,0.67614286141799995
Indonesia,ID1113,ID11,R6,0.67220000000000002,0.657650358514
Indonesia,ID1114,ID11,R6,0.69240000000000002,0.67816444798200004
Indonesia,ID1115,ID11,R6,0.69179999999999997,0.68479433330299999
Indonesia,ID1116,ID11,R6,0.69750000000000001,0.65476947766100002
Indonesia,ID1117,ID11,R6,0.7298,0.67613401239799997
Indonesia,ID1118,ID11,R6,0.73199999999999998,0.68583651837799997
Indonesia,ID1171,ID11,R6,0.85409999999999997,0.77435941992400004
Indonesia,ID1172,ID11,R6,0.75780000000000003,0.72681972013499996
Indonesia,ID1173,ID11,R6,0.77170000000000005,0.72528757013699996
Indonesia,ID1174,ID11,R6,0.77310000000000001,0.74082175847099996
Indonesia,ID1175,ID11,R6,0.64929999999999999,0.66731124484299997
Indonesia,ID1202,ID12,R6,0.66790000000000005,0.67133931484800002
Indonesia,ID1203,ID12,R6,0.70120000000000005,0.70178860400700005
Indonesia,ID1204,ID12,R6,0.69230000000000003,0.68747632762599997
Indonesia,ID1205,ID12,R6,0.73470000000000002,0.66485216539400005
Indonesia,ID1206,ID12,R6,0.75160000000000005,0.68765258894799997
Indonesia,ID1207,ID12,R6,0.72009999999999996,0.71675950910200004
Indonesia,ID1208,ID12,R6,0.70289999999999997,0.70966849499499995
Indonesia,ID1209,ID12,R6,0.73250000000000004,0.69779030028099998
Indonesia,ID1210,ID12,R6,0.7157,0.68764874728799996
Indonesia,ID1211,ID12,R6,0.74429999999999996,0.70172649846799995
Indonesia,ID1212,ID12,R6,0.75439999999999996,0.72301785547399999
Indonesia,ID1213,ID12,R6,0.70999999999999996,0.69361307587200005
Indonesia,ID1215,ID12,R6,0.68869999999999998,0.67352286055400001
Indonesia,ID1216,ID12,R6,0.67589999999999995,0.63944653484900005
Indonesia,ID1217,ID12,R6,0.70630000000000004,0.67775058715299996
Indonesia,ID1218,ID12,R6,0.70240000000000002,0.70727665544100005
Indonesia,ID1219,ID12,R6,0.68359999999999999,0.74293018526700005
Indonesia,ID1220,ID12,R6,0.69850000000000001,0.680694601442
Indonesia,ID1221,ID12,R6,0.6825,0.67867296990500003
Indonesia,ID1222,ID12,R6,0.71399999999999997,0.70419274800599996
Indonesia,ID1223,ID12,R6,0.71609999999999996,0.708261211961
Indonesia,ID1271,ID12,R6,0.73629999999999995,0.79763911983000002
Indonesia,ID1272,ID12,R6,0.6865,0.772090095724
Indonesia,ID1273,ID12,R6,0.78749999999999998,0.76956040665799996
Indonesia,ID1274,ID12,R6,0.75170000000000003,0.76610093741499996
Indonesia,ID1275,ID12,R6,0.80979999999999996,0.786160557491
Indonesia,ID1276,ID12,R6,0.75890000000000002,0.76171433935099997
Indonesia,ID1277,ID12,R6,0.75219999999999998,0.74097019459000002
Indonesia,ID1278,ID12,R6,0.69310000000000005,0.72556627786100003
Indonesia,ID1302,ID13,R6,0.69899999999999995,0.67804917375999996
Indonesia,ID1303,ID13,R6,0.69079999999999997,0.69147942690700004
Indonesia,ID1304,ID13,R6,0.6774,0.68178057068999998
Indonesia,ID1305,ID13,R6,0.72330000000000005,0.707782429386
Indonesia,ID1306,ID13,R6,0.70609999999999995,0.700814471188
Indonesia,ID1307,ID13,R6,0.72460000000000002,0.70629199464600001
Indonesia,ID1308,ID13,R6,0.69469999999999998,0.69268696944999997
Indonesia,ID1309,ID13,R6,0.66639999999999999,0.683527096103
Indonesia,ID1310,ID13,R6,0.69040000000000001,0.67543933581500004
Indonesia,ID1311,ID13,R6,0.71509999999999996,0.68489959858600002
Indonesia,ID1312,ID13,R6,0.68489999999999995,0.68661683004200003
Indonesia,ID1371,ID13,R6,0.82820000000000005,0.75042998878300005
Indonesia,ID1372,ID13,R6,0.78290000000000004,0.76094054881499995
Indonesia,ID1373,ID13,R6,0.72640000000000005,0.74037620305100005
Indonesia,ID1374,ID13,R6,0.77929999999999999,0.77837790053
Indonesia,ID1375,ID13,R6,0.80579999999999996,0.78808188287699998
Indonesia,ID1376,ID13,R6,0.78900000000000003,0.75832135279900004
Indonesia,ID1377,ID13,R6,0.76900000000000002,0.76146666784700001
Indonesia,ID1401,ID14,R6,0.70309999999999995,0.71792801230400005
Indonesia,ID1402,ID14,R6,0.69830000000000003,0.71059518740299998
Indonesia,ID1403,ID14,R6,0.66539999999999999,0.70212322431399998
Indonesia,ID1404,ID14,R6,0.71560000000000001,0.70473313236299995
Indonesia,ID1405,ID14,R6,0.73680000000000001,0.72655603229700005
Indonesia,ID1406,ID14,R6,0.72829999999999995,0.70602849209999996
Indonesia,ID1407,ID14,R6,0.69379999999999997,0.68999811503999997
Indonesia,ID1408,ID14,R6,0.73460000000000003,0.74076710176000005
Indonesia,ID1409,ID14,R6,0.6915,0.70955884591600005
Indonesia,ID1410,ID14,R6,0.65500000000000003,0.718410608176
Indonesia,ID1471,ID14,R6,0.81320000000000003,0.76718252503999995
Indonesia,ID1473,ID14,R6,0.74399999999999999,0.744069414032
Indonesia,ID1501,ID15,R6,0.71209999999999996,0.696096238772
Indonesia,ID1502,ID15,R6,0.69189999999999996,0.67813252783
Indonesia,ID1503,ID15,R6,0.6986,0.68317803777099995
Indonesia,ID1504,ID15,R6,0.69840000000000002,0.68955109223599997
Indonesia,ID1505,ID15,R6,0.69179999999999997,0.69080796016099999
Indonesia,ID1506,ID15,R6,0.64429999999999998,0.70138362735600002
Indonesia,ID1507,ID15,R6,0.6754,0.71863964923900003
Indonesia,ID1508,ID15,R6,0.69140000000000001,0.679289880347
Indonesia,ID1509,ID15,R6,0.69920000000000004,0.69175075543200004
Indonesia,ID1571,ID15,R6,0.78369999999999995,0.76076793605500004
Indonesia,ID1572,ID15,R6,0.75419999999999998,0.75172984858000003
Indonesia,ID1601,ID16,R6,0.69320000000000004,0.68366467031900002
Indonesia,ID1602,ID16,R6,0.66820000000000002,0.661592846648
Indonesia,ID1603,ID16,R6,0.68740000000000001,0.70889368576800005
Indonesia,ID1604,ID16,R6,0.6744,0.688756113876
Indonesia,ID1605,ID16,R6,0.66790000000000005,0.681416973353
Indonesia,ID1606,ID16,R6,0.67689999999999995,0.693052629084
Indonesia,ID1607,ID16,R6,0.66739999999999999,0.65782054118900002
Indonesia,ID1608,ID16,R6,0.65300000000000002,0.65973148324800002
Indonesia,ID1609,ID16,R6,0.69279999999999997,0.68093928690600003
Indonesia,ID1610,ID16,R6,0.67059999999999997,0.68568160229599995
Indonesia,ID1611,ID16,R6,0.65249999999999997,0.67333641636999997
Indonesia,ID1612,ID16,R6,0.64700000000000002,0.69362530113599996
Indonesia,ID1671,ID16,R6,0.7833,0.77649628123199999
Indonesia,ID1672,ID16,R6,0.74550000000000005,0.72712344814499996
Indonesia,ID1673,ID16,R6,0.68310000000000004,0.69601286183199995
Indonesia,ID1674,ID16,R6,0.74780000000000002,0.71916893814100002
Indonesia,ID1701,ID17,R6,0.70630000000000004,0.69971909104499996
Indonesia,ID1702,ID17,R6,0.70440000000000003,0.70234095972900001
Indonesia,ID1703,ID17,R6,0.68820000000000003,0.66239652725499998
Indonesia,ID1704,ID17,R6,0.66990000000000005,0.67049067959200004
Indonesia,ID1705,ID17,R6,0.66890000000000005,0.67180179076500002
Indonesia,ID1706,ID17,R6,0.6845,0.65754518305999998
Indonesia,ID1707,ID17,R6,0.67010000000000003,0.689083645124
Indonesia,ID1708,ID17,R6,0.68169999999999997,0.70597930141999998
Indonesia,ID1709,ID17,R6,0.67610000000000003,0.69227975615799997
Indonesia,ID1771,ID17,R6,0.80359999999999998,0.76184867398599998
Indonesia,ID1801,ID18,R6,0.67800000000000005,0.67858431717500001
Indonesia,ID1802,ID18,R6,0.66420000000000001,0.68779458338400001
Indonesia,ID1803,ID18,R6,0.68359999999999999,0.71645437965799996
Indonesia,ID1804,ID18,R6,0.69369999999999998,0.69993344307799998
Indonesia,ID1805,ID18,R6,0.7016,0.71566809682099997
Indonesia,ID1806,ID18,R6,0.67669999999999997,0.70097728252500002
Indonesia,ID1807,ID18,R6,0.6744,0.67155726050200004
Indonesia,ID1808,ID18,R6,0.68520000000000003,0.69209779296200002
Indonesia,ID1809,ID18,R6,0.65790000000000004,0.71124205274899999
Indonesia,ID1810,ID18,R6,0.70299999999999996,0.71434684156600003
Indonesia,ID1811,ID18,R6,0.63629999999999998,0.68210462861999999
Indonesia,ID1812,ID18,R6,0.65969999999999995,0.70364921111599998
Indonesia,ID1871,ID18,R6,0.77439999999999998,0.76604406226999999
Indonesia,ID1872,ID18,R6,0.77190000000000003,0.75137038172600001
Indonesia,ID1901,ID19,R6,0.72399999999999998,0.69026739861999997
Indonesia,ID1902,ID19,R6,0.72509999999999997,0.70145085347900005
Indonesia,ID1903,ID19,R6,0.69079999999999997,0.70181271167199999
Indonesia,ID1904,ID19,R6,0.70450000000000002,0.70218979531400005
Indonesia,ID1905,ID19,R6,0.66900000000000004,0.68372623644399999
Indonesia,ID1971,ID19,R6,0.78220000000000001,0.76790129331799994
Indonesia,ID2101,ID21,R6,0.71440000000000003,0.72524679765099997
Indonesia,ID2103,ID21,R6,0.72719999999999996,0.74372724706600002
Indonesia,ID2104,ID21,R6,0.65290000000000004,0.691762837972
Indonesia,ID2105,ID21,R6,0.68799999999999994,0.76569036530300005
Indonesia,ID2171,ID21,R6,0.81110000000000004,0.76600089092000001
Indonesia,ID2172,ID21,R6,0.78910000000000002,0.77214328112800001
Indonesia,ID3171,ID31,R6,0.84719999999999995,0.83262850125599996
Indonesia,ID3172,ID31,R6,0.8266,0.81122498341399996
Indonesia,ID3173,ID31,R6,0.81389999999999996,0.87755268420999999
Indonesia,ID3174,ID31,R6,0.81379999999999997,0.82022344610499998
Indonesia,ID3175,ID31,R6,0.80289999999999995,0.83023913667299998
Indonesia,ID3201,ID32,R6,0.70399999999999996,0.72917518708600004
Indonesia,ID3202,ID32,R6,0.66879999999999995,0.70197402001800002
Indonesia,ID3203,ID32,R6,0.65359999999999996,0.69519523094900004
Indonesia,ID3204,ID32,R6,0.72389999999999999,0.72433354509799996
Indonesia,ID3205,ID32,R6,0.66120000000000001,0.70160383557399997
Indonesia,ID3206,ID32,R6,0.65669999999999995,0.69680825268500002
Indonesia,ID3207,ID32,R6,0.70489999999999997,0.70823241693299999
Indonesia,ID3208,ID32,R6,0.69379999999999997,0.70927027111100005
Indonesia,ID3209,ID32,R6,0.6875,0.71811218067000004
Indonesia,ID3210,ID32,R6,0.67589999999999995,0.71368429809699996
Indonesia,ID3211,ID32,R6,0.71640000000000004,0.71470228917599998
Indonesia,ID3212,ID32,R6,0.67290000000000005,0.72912007010299995
Indonesia,ID3213,ID32,R6,0.6895,0.70614331777700001
Indonesia,ID3214,ID32,R6,0.70820000000000005,0.74827979455500004
Indonesia,ID3215,ID32,R6,0.70660000000000001,0.75780023439800004
Indonesia,ID3216,ID32,R6,0.74070000000000003,0.76350308578100001
Indonesia,ID3217,ID32,R6,0.68079999999999996,0.71683406092799995
Indonesia,ID3218,ID32,R6,0.68059999999999998,0.70004708904900004
Indonesia,ID3271,ID32,R6,0.7611,0.76610658423
Indonesia,ID3272,ID32,R6,0.74209999999999998,0.76672540781200005
Indonesia,ID3273,ID32,R6,0.81510000000000005,0.80220866921
Indonesia,ID3274,ID32,R6,0.74890000000000001,0.79378063675699995
Indonesia,ID3275,ID32,R6,0.81499999999999995,0.75686909313999995
Indonesia,ID3276,ID32,R6,0.80969999999999998,0.75279487429500003
Indonesia,ID3277,ID32,R6,0.77829999999999999,0.784074813343
Indonesia,ID3278,ID32,R6,0.73040000000000005,0.75045135229899995
Indonesia,ID3279,ID32,R6,0.71699999999999997,0.73136056203199995
Indonesia,ID3301,ID33,R6,0.69950000000000001,0.72925357520800005
Indonesia,ID3302,ID33,R6,0.7198,0.71668817423300002
Indonesia,ID3303,ID33,R6,0.68969999999999998,0.71507167354599999
Indonesia,ID3304,ID33,R6,0.67449999999999999,0.70448885330599997
Indonesia,ID3305,ID33,R6,0.69810000000000005,0.70457471324499998
Indonesia,ID3306,ID33,R6,0.7268,0.70338818020799998
Indonesia,ID3307,ID33,R6,0.68220000000000003,0.70776289755900001
Indonesia,ID3308,ID33,R6,0.69869999999999999,0.71032987892199995
Indonesia,ID3309,ID33,R6,0.74250000000000005,0.71759556657099999
Indonesia,ID3310,ID33,R6,0.75560000000000005,0.72734797239600002
Indonesia,ID3311,ID33,R6,0.76980000000000004,0.73808806070300004
Indonesia,ID3312,ID33,R6,0.70250000000000001,0.69860862354200004
Indonesia,ID3313,ID33,R6,0.75860000000000005,0.72954999915899998
Indonesia,ID3314,ID33,R6,0.73950000000000005,0.72568790375799996
Indonesia,ID3315,ID33,R6,0.69869999999999999,0.69526073783700004
Indonesia,ID3316,ID33,R6,0.68840000000000001,0.70012489254499999
Indonesia,ID3317,ID33,R6,0.70020000000000004,0.71191091709499998
Indonesia,ID3318,ID33,R6,0.7177,0.71532357128500001
Indonesia,ID3319,ID33,R6,0.75,0.77704703636500005
Indonesia,ID3320,ID33,R6,0.71989999999999998,0.71148547412800001
Indonesia,ID3321,ID33,R6,0.72219999999999995,0.71040032527300001
Indonesia,ID3322,ID33,R6,0.74099999999999999,0.73147630492000004
Indonesia,ID3323,ID33,R6,0.69569999999999999,0.71405348219200004
Indonesia,ID3324,ID33,R6,0.72289999999999999,0.73007223745399996
Indonesia,ID3325,ID33,R6,0.6865,0.71783662533199999
Indonesia,ID3326,ID33,R6,0.69630000000000003,0.71394684420599996
Indonesia,ID3327,ID33,R6,0.66320000000000001,0.70570715112600002
Indonesia,ID3328,ID33,R6,0.68389999999999995,0.71632549086099995
Indonesia,ID3329,ID33,R6,0.66110000000000002,0.70992078505599998
Indonesia,ID3371,ID33,R6,0.78990000000000005,0.79501904178799998
Indonesia,ID3372,ID33,R6,0.82210000000000005,0.79343310953699997
Indonesia,ID3373,ID33,R6,0.83140000000000003,0.77755755657000003
Indonesia,ID3374,ID33,R6,0.83050000000000002,0.77939522016399998
Indonesia,ID3375,ID33,R6,0.74980000000000002,0.76160211311600001
Indonesia,ID3376,ID33,R6,0.75070000000000003,0.78130146960500002
Indonesia,ID3401,ID34,R6,0.74460000000000004,0.70258766031700004
Indonesia,ID3402,ID34,R6,0.80010000000000003,0.717523287181
Indonesia,ID3403,ID34,R6,0.69979999999999998,0.68748617912999999
Indonesia,ID3404,ID34,R6,0.83840000000000003,0.73038539629900001
Indonesia,ID3471,ID34,R6,0.86609999999999998,0.79199255573399996
Indonesia,ID3501,ID35,R6,0.68389999999999995,0.69798505505200004
Indonesia,ID3502,ID35,R6,0.70809999999999995,0.70394126118300004
Indonesia,ID3503,ID35,R6,0.69740000000000002,0.70635179964100003
Indonesia,ID3504,ID35,R6,0.72999999999999998,0.72509553428499995
Indonesia,ID3505,ID35,R6,0.70579999999999998,0.713542204412
Indonesia,ID3506,ID35,R6,0.72050000000000003,0.71292130390599995
Indonesia,ID3507,ID35,R6,0.7036,0.71965038920400004
Indonesia,ID3508,ID35,R6,0.65459999999999996,0.71175871824500003
Indonesia,ID3509,ID35,R6,0.67110000000000003,0.71129797373000003
Indonesia,ID3510,ID35,R6,0.70620000000000005,0.72181730450199999
Indonesia,ID3511,ID35,R6,0.6643,0.70587560410799999
Indonesia,ID3512,ID35,R6,0.67379999999999995,0.70803281363600001
Indonesia,ID3513,ID35,R6,0.66069999999999995,0.710376427674
Indonesia,ID3514,ID35,R6,0.68600000000000005,0.75546445244399996
Indonesia,ID3515,ID35,R6,0.80289999999999995,0.76860056081000006
Indonesia,ID3516,ID35,R6,0.73829999999999996,0.75196615858299998
Indonesia,ID3517,ID35,R6,0.72970000000000002,0.722749941226
Indonesia,ID3518,ID35,R6,0.71719999999999995,0.71136140528400005
Indonesia,ID3519,ID35,R6,0.71730000000000005,0.71198224157099999
Indonesia,ID3520,ID35,R6,0.73919999999999997,0.72123245980499995
Indonesia,ID3521,ID35,R6,0.70540000000000003,0.70650510553799994
Indonesia,ID3522,ID35,R6,0.69040000000000001,0.730084888609
Indonesia,ID3523,ID35,R6,0.68400000000000005,0.72810287940700003
Indonesia,ID3524,ID35,R6,0.7258,0.71715790967100002
Indonesia,ID3525,ID35,R6,0.7611,0.76041501840199999
Indonesia,ID3526,ID35,R6,0.6411,0.70879908576499995
Indonesia,ID3527,ID35,R6,0.627,0.70459687902099999
Indonesia,ID3528,ID35,R6,0.66259999999999997,0.70830385217900005
Indonesia,ID3571,ID35,R6,0.7823,0.84275026925800001
Indonesia,ID3572,ID35,R6,0.78569999999999995,0.77258726709600001
Indonesia,ID3573,ID35,R6,0.8145,0.78777673262199999
Indonesia,ID3574,ID35,R6,0.73270000000000002,0.76851796874400002
Indonesia,ID3575,ID35,R6,0.75260000000000005,0.76589981386399997
Indonesia,ID3576,ID35,R6,0.78039999999999998,0.78214917709499998
Indonesia,ID3577,ID35,R6,0.80910000000000004,0.79002388966600001
Indonesia,ID3578,ID35,R6,0.82230000000000003,0.80683517013799999
Indonesia,ID3579,ID35,R6,0.75900000000000001,0.76525238024099995
Indonesia,ID3601,ID36,R6,0.65000000000000002,0.69683505171500004
Indonesia,ID3602,ID36,R6,0.6391,0.69105941960700001
Indonesia,ID3603,ID36,R6,0.71919999999999995,0.73781475620199999
Indonesia,ID3604,ID36,R6,0.66700000000000004,0.73681779549899995
Indonesia,ID3671,ID36,R6,0.78249999999999997,0.77863494945
Indonesia,ID3672,ID36,R6,0.73050000000000004,0.81271249603899998
Indonesia,ID3673,ID36,R6,0.72160000000000002,0.75377393596200004
Indonesia,ID3674,ID36,R6,0.81359999999999999,0.76703683398599998
Indonesia,ID5101,ID51,R6,0.72360000000000002,0.72268165094400005
Indonesia,ID5102,ID51,R6,0.76170000000000004,0.72480377484000003
Indonesia,ID5103,ID51,R6,0.81599999999999995,0.75747003487300002
Indonesia,ID5104,ID51,R6,0.77359999999999995,0.74345054965099999
Indonesia,ID5105,ID51,R6,0.71730000000000005,0.73145146226000002
Indonesia,ID5106,ID51,R6,0.69359999999999999,0.71056490321200005
Indonesia,ID5107,ID51,R6,0.67349999999999999,0.71970716188499995
Indonesia,ID5108,ID51,R6,0.72550000000000003,0.72456312903999998
Indonesia,ID5171,ID51,R6,0.83930000000000005,0.76663726600299997
Indonesia,ID5201,ID52,R6,0.68200000000000005,0.70304580027499997
Indonesia,ID5202,ID52,R6,0.6643,0.69733852849099998
Indonesia,ID5203,ID52,R6,0.66300000000000003,0.69368881555899997
Indonesia,ID5204,ID52,R6,0.67610000000000003,0.67698034056699996
Indonesia,ID5205,ID52,R6,0.6784,0.68533921037599999
Indonesia,ID5206,ID52,R6,0.66300000000000003,0.67640027228300004
Indonesia,ID5207,ID52,R6,0.71630000000000005,0.73855792389800001
Indonesia,ID5271,ID52,R6,0.78910000000000002,0.764096827654
Indonesia,ID5272,ID52,R6,0.7581,0.71862813049300001
Indonesia,ID5305,ID53,R6,0.63529999999999998,0.65489761209099995
Indonesia,ID5309,ID53,R6,0.64219999999999999,0.67327161244800005
Indonesia,ID5310,ID53,R6,0.65110000000000001,0.67122348282099997
Indonesia,ID5311,ID53,R6,0.6704,0.67560150054599999
Indonesia,ID5312,ID53,R6,0.67879999999999996,0.66972204683600001
Indonesia,ID5313,ID53,R6,0.64539999999999997,0.67083040195200005
Indonesia,ID5315,ID53,R6,0.63890000000000002,0.64558090340300001
Indonesia,ID5318,ID53,R6,0.65810000000000002,0.65776574471500004
Indonesia,ID5371,ID53,R6,0.79710000000000003,0.76175887362200001
Indonesia,ID6101,ID61,R6,0.67030000000000001,0.68652263483200004
Indonesia,ID6102,ID61,R6,0.67869999999999997,0.66103689226700002
Indonesia,ID6103,ID61,R6,0.65980000000000005,0.651555939079
Indonesia,ID6104,ID61,R6,0.65739999999999998,0.69178107386999999
Indonesia,ID6105,ID61,R6,0.65769999999999995,0.66360881241500003
Indonesia,ID6106,ID61,R6,0.67169999999999996,0.667254047011
Indonesia,ID6107,ID61,R6,0.66879999999999995,0.65072719201200002
Indonesia,ID6108,ID61,R6,0.65690000000000004,0.64292427118999995
Indonesia,ID6109,ID61,R6,0.64759999999999995,0.658630127633
Indonesia,ID6110,ID61,R6,0.65549999999999997,0.648026869053
Indonesia,ID6111,ID61,R6,0.62680000000000002,0.66290044972100004
Indonesia,ID6112,ID61,R6,0.67949999999999999,0.68872768621299996
Indonesia,ID6171,ID61,R6,0.7944,0.76946152852500005
Indonesia,ID6172,ID61,R6,0.71940000000000004,0.73097714229300004
Indonesia,ID6201,ID62,R6,0.72870000000000001,0.68932379107700004
Indonesia,ID6202,ID62,R6,0.71309999999999996,0.67635775367399997
Indonesia,ID6203,ID62,R6,0.69479999999999997,0.66027089157300001
Indonesia,ID6204,ID62,R6,0.70220000000000005,0.672961375069
Indonesia,ID6205,ID62,R6,0.70589999999999997,0.68188420823700002
Indonesia,ID6206,ID62,R6,0.68030000000000002,0.67491802973799997
Indonesia,ID6207,ID62,R6,0.70509999999999995,0.66302320409899995
Indonesia,ID6208,ID62,R6,0.67579999999999996,0.648694561181
Indonesia,ID6209,ID62,R6,0.68679999999999997,0.65464974743899995
Indonesia,ID6210,ID62,R6,0.6845,0.664777496799
Indonesia,ID6211,ID62,R6,0.70809999999999995,0.65960635319200001
Indonesia,ID6212,ID62,R6,0.71389999999999998,0.67770091856500003
Indonesia,ID6213,ID62,R6,0.67979999999999996,0.66352255148299999
Indonesia,ID6271,ID62,R6,0.80769999999999997,0.71048710649000002
Indonesia,ID6301,ID63,R6,0.69379999999999997,0.68337586394299998
Indonesia,ID6302,ID63,R6,0.68859999999999999,0.685963009209
Indonesia,ID6303,ID63,R6,0.69179999999999997,0.68050410514000004
Indonesia,ID6304,ID63,R6,0.66220000000000001,0.684762047451
Indonesia,ID6305,ID63,R6,0.70109999999999995,0.69682657160399997
Indonesia,ID6306,ID63,R6,0.6885,0.69143456493199995
Indonesia,ID6307,ID63,R6,0.68840000000000001,0.69244429544800001
Indonesia,ID6308,ID63,R6,0.65590000000000004,0.69537023229999995
Indonesia,ID6309,ID63,R6,0.72189999999999999,0.70775041481900003
Indonesia,ID6310,ID63,R6,0.70709999999999995,0.69055307943999999
Indonesia,ID6311,ID63,R6,0.68820000000000003,0.71391246020599997
Indonesia,ID6371,ID63,R6,0.77100000000000002,0.76536437225300002
Indonesia,ID6372,ID63,R6,0.79100000000000004,0.73036294274000002
Indonesia,ID6401,ID64,R6,0.72040000000000004,0.70877461616299997
Indonesia,ID6402,ID64,R6,0.71189999999999998,0.70622910721099996
Indonesia,ID6403,ID64,R6,0.7359,0.71030921810100001
Indonesia,ID6404,ID64,R6,0.72999999999999998,0.71797556039499999
Indonesia,ID6405,ID64,R6,0.74709999999999999,0.70177954674999998
Indonesia,ID6409,ID64,R6,0.71409999999999996,0.69661417060800002
Indonesia,ID6411,ID64,R6,0.67090000000000005,0.66374157461000005
Indonesia,ID6471,ID64,R6,0.80010000000000003,0.77901357737200005
Indonesia,ID6472,ID64,R6,0.80110000000000003,0.75523211770200005
Indonesia,ID6474,ID64,R6,0.80020000000000002,0.81103253150400001
Indonesia,ID6501,ID65,R6,0.71940000000000004,0.68395411418800001
Indonesia,ID6502,ID65,R6,0.71099999999999997,0.703290926451
Indonesia,ID6503,ID65,R6,0.66969999999999996,0.70539527383300005
Indonesia,ID6504,ID65,R6,0.65790000000000004,0.700249180006
Indonesia,ID6571,ID65,R6,0.75829999999999997,0.78199294430400001
Indonesia,ID7101,ID71,R6,0.67889999999999995,0.68521831649700005
Indonesia,ID7102,ID71,R6,0.75290000000000001,0.72207781474300003
Indonesia,ID7104,ID71,R6,0.69399999999999995,0.67674570106599996
Indonesia,ID7105,ID71,R6,0.72109999999999996,0.69969970474999998
Indonesia,ID7106,ID71,R6,0.73899999999999999,0.723403294197
Indonesia,ID7107,ID71,R6,0.66990000000000005,0.68339040379600002
Indonesia,ID7108,ID71,R6,0.6764,0.72020948388299999
Indonesia,ID7109,ID71,R6,0.70509999999999995,0.71822192877900004
Indonesia,ID7110,ID71,R6,0.65000000000000002,0.67870913467299998
Indonesia,ID7111,ID71,R6,0.65990000000000004,0.70689922127799998
Indonesia,ID7171,ID71,R6,0.7893,0.773775085177
Indonesia,ID7172,ID71,R6,0.74099999999999999,0.75729966681700001
Indonesia,ID7173,ID71,R6,0.76690000000000003,0.73812221204299999
Indonesia,ID7174,ID71,R6,0.72970000000000002,0.73971101526600003
Indonesia,ID7201,ID72,R6,0.6542,0.66737565719799996
Indonesia,ID7202,ID72,R6,0.70520000000000005,0.69634553575699998
Indonesia,ID7203,ID72,R6,0.72209999999999996,0.76317807145799998
Indonesia,ID7204,ID72,R6,0.71279999999999999,0.66814234331199995
Indonesia,ID7206,ID72,R6,0.65690000000000004,0.68220031430600003
Indonesia,ID7207,ID72,R6,0.67820000000000003,0.67437024612399998
Indonesia,ID7208,ID72,R6,0.65439999999999998,0.68292720560300002
Indonesia,ID7211,ID72,R6,0.65429999999999999,0.683937088079
Indonesia,ID7212,ID72,R6,0.68359999999999999,0.68071700878100005
Indonesia,ID7271,ID72,R6,0.81469999999999998,0.75034601802699996
Indonesia,ID7301,ID73,R6,0.67379999999999995,0.69536226633200005
Indonesia,ID7302,ID73,R6,0.68989999999999996,0.70926187111600003
Indonesia,ID7303,ID73,R6,0.68730000000000002,0.73320997946199995
Indonesia,ID7304,ID73,R6,0.64259999999999995,0.71056146515800001
Indonesia,ID7305,ID73,R6,0.67310000000000003,0.71952474926200005
Indonesia,ID7306,ID73,R6,0.70140000000000002,0.700665244676
Indonesia,ID7307,ID73,R6,0.67600000000000005,0.711986692039
Indonesia,ID7308,ID73,R6,0.6986,0.71414153889300003
Indonesia,ID7310,ID73,R6,0.70999999999999996,0.70431198159599995
Indonesia,ID7311,ID73,R6,0.66059999999999997,0.69528447750300004
Indonesia,ID7312,ID73,R6,0.68669999999999998,0.70680776774800003
Indonesia,ID7313,ID73,R6,0.6915,0.70054943805799996
Indonesia,ID7314,ID73,R6,0.71209999999999996,0.704286948834
Indonesia,ID7315,ID73,R6,0.71260000000000001,0.71340926412299999
Indonesia,ID7316,ID73,R6,0.72760000000000002,0.68845823440200005
Indonesia,ID7317,ID73,R6,0.70509999999999995,0.699693443483
Indonesia,ID7318,ID73,R6,0.6875,0.68632182501500005
Indonesia,ID7322,ID73,R6,0.69569999999999999,0.68020703932100002
Indonesia,ID7325,ID73,R6,0.73219999999999996,0.69986887157
Indonesia,ID7326,ID73,R6,0.69330000000000003,0.70324277587200001
Indonesia,ID7371,ID73,R6,0.82250000000000001,0.79242107237000003
Indonesia,ID7372,ID73,R6,0.77859999999999996,0.75784292738799997
Indonesia,ID7373,ID73,R6,0.78059999999999996,0.73701110792400004
Indonesia,ID7401,ID74,R6,0.65980000000000005,0.68065568836099999
Indonesia,ID7402,ID74,R6,0.69020000000000004,0.69886621122299997
Indonesia,ID7403,ID74,R6,0.71350000000000002,0.67979490221000005
Indonesia,ID7404,ID74,R6,0.73450000000000004,0.73069694946800001
Indonesia,ID7405,ID74,R6,0.68200000000000005,0.68167726192400002
Indonesia,ID7406,ID74,R6,0.66049999999999998,0.67315913163800001
Indonesia,ID7407,ID74,R6,0.69479999999999997,0.71618349487599997
Indonesia,ID7408,ID74,R6,0.69310000000000005,0.69939393671399996
Indonesia,ID7409,ID74,R6,0.67869999999999997,0.68702188104399997
Indonesia,ID7410,ID74,R6,0.6986,0.66439962688099996
Indonesia,ID7411,ID74,R6,0.67020000000000002,0.663551099591
Indonesia,ID7412,ID74,R6,0.65410000000000001,0.67268249918800005
Indonesia,ID7413,ID74,R6,0.65080000000000005,0.66678734615699997
Indonesia,ID7414,ID74,R6,0.64370000000000005,0.68935725188800001
Indonesia,ID7471,ID74,R6,0.83530000000000004,0.75221842113500004
Indonesia,ID7472,ID74,R6,0.75900000000000001,0.73914669432699998
Indonesia,ID7501,ID75,R6,0.65910000000000002,0.68675738085899996
Indonesia,ID7502,ID75,R6,0.66920000000000002,0.69022448859999996
Indonesia,ID7503,ID75,R6,0.65369999999999995,0.682945751702
Indonesia,ID7504,ID75,R6,0.69979999999999998,0.69607037724700005
Indonesia,ID7505,ID75,R6,0.64859999999999995,0.68398712414999996
Indonesia,ID7571,ID75,R6,0.77129999999999999,0.76022013554800005
Indonesia,ID7601,ID76,R6,0.66910000000000003,0.700984325731
Indonesia,ID7602,ID76,R6,0.63839999999999997,0.69744751446300002
Indonesia,ID7603,ID76,R6,0.66020000000000001,0.65491941709799995
Indonesia,ID7604,ID76,R6,0.68149999999999999,0.68891490664599997
Indonesia,ID7605,ID76,R6,0.67789999999999995,0.69673675129299995
Indonesia,ID7606,ID76,R6,0.65710000000000002,0.660839105697
Indonesia,ID8102,ID81,R6,0.66200000000000003,0.685139190668
Indonesia,ID8103,ID81,R6,0.71250000000000002,0.66042212762300001
Indonesia,ID8104,ID81,R6,0.6895,0.64420166998799999
Indonesia,ID8171,ID81,R6,0.80840000000000001,0.73128016330000001
Indonesia,ID8172,ID81,R6,0.67959999999999998,0.72037206579199997
Indonesia,ID8201,ID82,R6,0.65310000000000001,0.66663586408300002
Indonesia,ID8202,ID82,R6,0.6542,0.68691621951600002
Indonesia,ID8204,ID82,R6,0.63839999999999997,0.66933610390700005
Indonesia,ID8205,ID82,R6,0.67500000000000004,0.67880206668400001
Indonesia,ID8206,ID82,R6,0.66749999999999998,0.66410880460999999
Indonesia,ID8207,ID82,R6,0.625,0.65216863569200001
Indonesia,ID8271,ID82,R6,0.79820000000000002,0.74877092573399995
Indonesia,ID8272,ID82,R6,0.70530000000000004,0.68843269456400003
Indonesia,ID9101,ID91,R6,0.68359999999999999,0.68984694861100004
Indonesia,ID9102,ID91,R6,0.65000000000000002,0.66818227343500003
Indonesia,ID9105,ID91,R6,0.72009999999999996,0.71436195632300004
Indonesia,ID9171,ID91,R6,0.78449999999999998,0.75220898581899998
Indonesia,ID9401,ID94,R6,0.70089999999999997,0.66878239367299996
Indonesia,ID9403,ID94,R6,0.71689999999999998,0.69684629836199996
Indonesia,ID9408,ID94,R6,0.67659999999999998,0.69015138087399996
Indonesia,ID9409,ID94,R6,0.72189999999999999,0.68634814558900004
Indonesia,ID9412,ID94,R6,0.7419,0.73800418237099996
Indonesia,ID9471,ID94,R6,0.7994,0.75465757425699997
Indonesia,ID1101,ID11,R_S10,0.6603,0.65856538351299998
Indonesia,ID1102,ID11,R_S10,0.68940000000000001,0.66403277320599996
Indonesia,ID1103,ID11,R_S10,0.67120000000000002,0.66559052142300001
Indonesia,ID1104,ID11,R_S10,0.69369999999999998,0.67383307142000004
Indonesia,ID1105,ID11,R_S10,0.67630000000000001,0.67578473386899995
Indonesia,ID1106,ID11,R_S10,0.73240000000000005,0.68381218919599995
Indonesia,ID1107,ID11,R_S10,0.71379999999999999,0.68903136688699995
Indonesia,ID1108,ID11,R_S10,0.73560000000000003,0.69637321230299998
Indonesia,ID1109,ID11,R_S10,0.70630000000000004,0.694913501479
Indonesia,ID1110,ID11,R_S10,0.7228,0.70169986098199999
Indonesia,ID1111,ID11,R_S10,0.69330000000000003,0.691653687204
Indonesia,ID1112,ID11,R_S10,0.66749999999999998,0.71304057561500001
Indonesia,ID1113,ID11,R_S10,0.67220000000000002,0.66913944284500004
Indonesia,ID1114,ID11,R_S10,0.69240000000000002,0.68278336028599995
Indonesia,ID1115,ID11,R_S10,0.69179999999999997,0.68448060223499996
Indonesia,ID1116,ID11,R_S10,0.69750000000000001,0.67334324728700001
Indonesia,ID1117,ID11,R_S10,0.7298,0.69134294470000002
Indonesia,ID1118,ID11,R_S10,0.73199999999999998,0.69529037121399995
Indonesia,ID1171,ID11,R_S10,0.85409999999999997,0.77711920690400005
Indonesia,ID1172,ID11,R_S10,0.75780000000000003,0.74161208262599998
Indonesia,ID1173,ID11,R_S10,0.77170000000000005,0.73381273865800001
Indonesia,ID1174,ID11,R_S10,0.77310000000000001,0.74571474576899999
Indonesia,ID1175,ID11,R_S10,0.64929999999999999,0.67426974820600005
Indonesia,ID1202,ID12,R_S10,0.66790000000000005,0.66987955874299998
Indonesia,ID1203,ID12,R_S10,0.70120000000000005,0.703504267377
Indonesia,ID1204,ID12,R_S10,0.69230000000000003,0.68755127413700001
Indonesia,ID1205,ID12,R_S10,0.73470000000000002,0.67226520299500003
Indonesia,ID1206,ID12,R_S10,0.75160000000000005,0.69300730670599997
Indonesia,ID1207,ID12,R_S10,0.72009999999999996,0.71808174346200004
Indonesia,ID1208,ID12,R_S10,0.70289999999999997,0.71363857181599999
Indonesia,ID1209,ID12,R_S10,0.73250000000000004,0.70343426902100004
Indonesia,ID1210,ID12,R_S10,0.7157,0.69023231522899997
Indonesia,ID1211,ID12,R_S10,0.74429999999999996,0.70141638501799997
Indonesia,ID1212,ID12,R_S10,0.75439999999999996,0.73837338833499999
Indonesia,ID1213,ID12,R_S10,0.70999999999999996,0.69043164446600003
Indonesia,ID1215,ID12,R_S10,0.68869999999999998,0.67426118028799997
Indonesia,ID1216,ID12,R_S10,0.67589999999999995,0.66115488315399995
Indonesia,ID1217,ID12,R_S10,0.70630000000000004,0.68682536434999997
Indonesia,ID1218,ID12,R_S10,0.70240000000000002,0.70706197838999996
Indonesia,ID1219,ID12,R_S10,0.68359999999999999,0.73245405169800004
Indonesia,ID1220,ID12,R_S10,0.69850000000000001,0.66567105895900003
Indonesia,ID1221,ID12,R_S10,0.6825,0.67550868516700002
Indonesia,ID1222,ID12,R_S10,0.71399999999999997,0.69735438351699996
Indonesia,ID1223,ID12,R_S10,0.71609999999999996,0.69177483592
Indonesia,ID1271,ID12,R_S10,0.73629999999999995,0.79418096737900001
Indonesia,ID1272,ID12,R_S10,0.6865,0.76647891819500003
Indonesia,ID1273,ID12,R_S10,0.78749999999999998,0.77339963807500001
Indonesia,ID1274,ID12,R_S10,0.75170000000000003,0.75973463588400003
Indonesia,ID1275,ID12,R_S10,0.80979999999999996,0.79138839872199995
Indonesia,ID1276,ID12,R_S10,0.75890000000000002,0.761589115368
Indonesia,ID1277,ID12,R_S10,0.75219999999999998,0.74306798777299998
Indonesia,ID1278,ID12,R_S10,0.69310000000000005,0.72627415497600001
Indonesia,ID1302,ID13,R_S10,0.69899999999999995,0.68006023700600005
Indonesia,ID1303,ID13,R_S10,0.69079999999999997,0.68463244938199996
Indonesia,ID1304,ID13,R_S10,0.6774,0.67027013558000004
Indonesia,ID1305,ID13,R_S10,0.72330000000000005,0.70587557255099997
Indonesia,ID1306,ID13,R_S10,0.70609999999999995,0.70814095484600004
Indonesia,ID1307,ID13,R_S10,0.72460000000000002,0.71340282082299999
Indonesia,ID1308,ID13,R_S10,0.69469999999999998,0.70195841652799995
Indonesia,ID1309,ID13,R_S10,0.66639999999999999,0.68572581782599995
Indonesia,ID1310,ID13,R_S10,0.69040000000000001,0.67428858329499997
Indonesia,ID1311,ID13,R_S10,0.71509999999999996,0.68137310104000004
Indonesia,ID1312,ID13,R_S10,0.68489999999999995,0.674210275651
Indonesia,ID1371,ID13,R_S10,0.82820000000000005,0.76221358887099999
Indonesia,ID1372,ID13,R_S10,0.78290000000000004,0.76193953464899999
Indonesia,ID1373,ID13,R_S10,0.72640000000000005,0.73434618802899998
Indonesia,ID1374,ID13,R_S10,0.77929999999999999,0.78050826607699997
Indonesia,ID1375,ID13,R_S10,0.80579999999999996,0.78276907616799996
Indonesia,ID1376,ID13,R_S10,0.78900000000000003,0.76124592879700004
Indonesia,ID1377,ID13,R_S10,0.76900000000000002,0.75651530877200002
Indonesia,ID1401,ID14,R_S10,0.70309999999999995,0.70088021592600003
Indonesia,ID1402,ID14,R_S10,0.69830000000000003,0.71005007140800003
Indonesia,ID1403,ID14,R_S10,0.66539999999999999,0.68880158033200001
Indonesia,ID1404,ID14,R_S10,0.71560000000000001,0.69823997072400001
Indonesia,ID1405,ID14,R_S10,0.73680000000000001,0.72792016252199998
Indonesia,ID1406,ID14,R_S10,0.72829999999999995,0.693108598804
Indonesia,ID1407,ID14,R_S10,0.69379999999999997,0.67889831776099996
Indonesia,ID1408,ID14,R_S10,0.73460000000000003,0.74019448444500002
Indonesia,ID1409,ID14,R_S10,0.6915,0.69452085839699995
Indonesia,ID1410,ID14,R_S10,0.65500000000000003,0.70008711608800001
Indonesia,ID1471,ID14,R_S10,0.81320000000000003,0.77437771744700001
Indonesia,ID1473,ID14,R_S10,0.74399999999999999,0.74060029323900001
Indonesia,ID1501,ID15,R_S10,0.71209999999999996,0.71207153586000005
Indonesia,ID1502,ID15,R_S10,0.69189999999999996,0.67307809349600001
Indonesia,ID1503,ID15,R_S10,0.6986,0.67590104251600003
Indonesia,ID1504,ID15,R_S10,0.69840000000000002,0.68819531338899997
Indonesia,ID1505,ID15,R_S10,0.69179999999999997,0.68970541150999998
Indonesia,ID1506,ID15,R_S10,0.64429999999999998,0.68783903665400004
Indonesia,ID1507,ID15,R_S10,0.6754,0.70339145214599996
Indonesia,ID1508,ID15,R_S10,0.69140000000000001,0.67692963050699995
Indonesia,ID1509,ID15,R_S10,0.69920000000000004,0.68821676955800004
Indonesia,ID1571,ID15,R_S10,0.78369999999999995,0.75882803116499997
Indonesia,ID1572,ID15,R_S10,0.75419999999999998,0.77049314124699997
Indonesia,ID1601,ID16,R_S10,0.69320000000000004,0.68247621686899995
Indonesia,ID1602,ID16,R_S10,0.66820000000000002,0.65864230798500001
Indonesia,ID1603,ID16,R_S10,0.68740000000000001,0.70590454916400003
Indonesia,ID1604,ID16,R_S10,0.6744,0.68113122867300002
Indonesia,ID1605,ID16,R_S10,0.66790000000000005,0.67109103011399995
Indonesia,ID1606,ID16,R_S10,0.67689999999999995,0.69054036746199998
Indonesia,ID1607,ID16,R_S10,0.66739999999999999,0.65734222502999995
Indonesia,ID1608,ID16,R_S10,0.65300000000000002,0.65110810858199997
Indonesia,ID1609,ID16,R_S10,0.69279999999999997,0.67058382670799999
Indonesia,ID1610,ID16,R_S10,0.67059999999999997,0.67416070986499999
Indonesia,ID1611,ID16,R_S10,0.65249999999999997,0.659240464453
Indonesia,ID1612,ID16,R_S10,0.64700000000000002,0.68324231266799995
Indonesia,ID1671,ID16,R_S10,0.7833,0.78281284388600003
Indonesia,ID1672,ID16,R_S10,0.74550000000000005,0.73578298387700003
Indonesia,ID1673,ID16,R_S10,0.68310000000000004,0.68453005764399999
Indonesia,ID1674,ID16,R_S10,0.74780000000000002,0.72580484557799996
Indonesia,ID1701,ID17,R_S10,0.70630000000000004,0.70280180121199998
Indonesia,ID1702,ID17,R_S10,0.70440000000000003,0.70259496519099995
Indonesia,ID1703,ID17,R_S10,0.68820000000000003,0.66936199642700001
Indonesia,ID1704,ID17,R_S10,0.66990000000000005,0.65048012059100002
Indonesia,ID1705,ID17,R_S10,0.66890000000000005,0.66887754238200003
Indonesia,ID1706,ID17,R_S10,0.6845,0.66769388017599995
Indonesia,ID1707,ID17,R_S10,0.67010000000000003,0.67899486257599995
Indonesia,ID1708,ID17,R_S10,0.68169999999999997,0.70231333917100003
Indonesia,ID1709,ID17,R_S10,0.67610000000000003,0.69506718819199997
Indonesia,ID1771,ID17,R_S10,0.80359999999999998,0.76212710341099998
Indonesia,ID1801,ID18,R_S10,0.67800000000000005,0.67169330716099995
Indonesia,ID1802,ID18,R_S10,0.66420000000000001,0.67940035810400001
Indonesia,ID1803,ID18,R_S10,0.68359999999999999,0.71475323632700005
Indonesia,ID1804,ID18,R_S10,0.69369999999999998,0.70165830050800004
Indonesia,ID1805,ID18,R_S10,0.7016,0.70593460112299999
Indonesia,ID1806,ID18,R_S10,0.67669999999999997,0.70018667980600002
Indonesia,ID1807,ID18,R_S10,0.6744,0.67360629921600002
Indonesia,ID1808,ID18,R_S10,0.68520000000000003,0.68871885812800004
Indonesia,ID1809,ID18,R_S10,0.65790000000000004,0.70825948797600002
Indonesia,ID1810,ID18,R_S10,0.70299999999999996,0.71861105085700006
Indonesia,ID1811,ID18,R_S10,0.63629999999999998,0.68813029800400005
Indonesia,ID1812,ID18,R_S10,0.65969999999999995,0.70647155148100005
Indonesia,ID1871,ID18,R_S10,0.77439999999999998,0.77152876372199997
Indonesia,ID1872,ID18,R_S10,0.77190000000000003,0.75114083628999995
Indonesia,ID1901,ID19,R_S10,0.72399999999999998,0.69197376947400002
Indonesia,ID1902,ID19,R_S10,0.72509999999999997,0.69999449303600003
Indonesia,ID1903,ID19,R_S10,0.69079999999999997,0.68524546835300004
Indonesia,ID1904,ID19,R_S10,0.70450000000000002,0.69144930402100002
Indonesia,ID1905,ID19,R_S10,0.66900000000000004,0.67828519926899999
Indonesia,ID1971,ID19,R_S10,0.78220000000000001,0.76309938751999995
Indonesia,ID2101,ID21,R_S10,0.71440000000000003,0.72196777479200003
Indonesia,ID2103,ID21,R_S10,0.72719999999999996,0.72431095301399995
Indonesia,ID2104,ID21,R_S10,0.65290000000000004,0.67140390635000002
Indonesia,ID2105,ID21,R_S10,0.68799999999999994,0.76290625218800001
Indonesia,ID2171,ID21,R_S10,0.81110000000000004,0.777541907644
Indonesia,ID2172,ID21,R_S10,0.78910000000000002,0.77494872785500002
Indonesia,ID3171,ID31,R_S10,0.84719999999999995,0.84073770600099995
Indonesia,ID3172,ID31,R_S10,0.8266,0.81298028055299998
Indonesia,ID3173,ID31,R_S10,0.81389999999999996,0.87855881254699997
Indonesia,ID3174,ID31,R_S10,0.81379999999999997,0.82053236053699996
Indonesia,ID3175,ID31,R_S10,0.80289999999999995,0.82915671807900004
Indonesia,ID3201,ID32,R_S10,0.70399999999999996,0.73819331725899995
Indonesia,ID3202,ID32,R_S10,0.66879999999999995,0.701594869954
Indonesia,ID3203,ID32,R_S10,0.65359999999999996,0.69543455342399996
Indonesia,ID3204,ID32,R_S10,0.72389999999999999,0.73361565246399996
Indonesia,ID3205,ID32,R_S10,0.66120000000000001,0.70703200787700005
Indonesia,ID3206,ID32,R_S10,0.65669999999999995,0.690915917878
Indonesia,ID3207,ID32,R_S10,0.70489999999999997,0.70680544353899999
Indonesia,ID3208,ID32,R_S10,0.69379999999999997,0.70452191164699995
Indonesia,ID3209,ID32,R_S10,0.6875,0.71800710749700003
Indonesia,ID3210,ID32,R_S10,0.67589999999999995,0.71064488144500004
Indonesia,ID3211,ID32,R_S10,0.71640000000000004,0.71865654078800001
Indonesia,ID3212,ID32,R_S10,0.67290000000000005,0.72689258780999999
Indonesia,ID3213,ID32,R_S10,0.6895,0.70377847849999997
Indonesia,ID3214,ID32,R_S10,0.70820000000000005,0.74844193932799996
Indonesia,ID3215,ID32,R_S10,0.70660000000000001,0.75717895319399997
Indonesia,ID3216,ID32,R_S10,0.74070000000000003,0.76298606787099998
Indonesia,ID3217,ID32,R_S10,0.68079999999999996,0.72064242203899997
Indonesia,ID3218,ID32,R_S10,0.68059999999999998,0.69560921088799998
Indonesia,ID3271,ID32,R_S10,0.7611,0.76750402572300003
Indonesia,ID3272,ID32,R_S10,0.74209999999999998,0.75935037614500001
Indonesia,ID3273,ID32,R_S10,0.81510000000000005,0.80350301829600002
Indonesia,ID3274,ID32,R_S10,0.74890000000000001,0.79059397441699997
Indonesia,ID3275,ID32,R_S10,0.81499999999999995,0.75854424576699997
Indonesia,ID3276,ID32,R_S10,0.80969999999999998,0.75348609184899995
Indonesia,ID3277,ID32,R_S10,0.77829999999999999,0.78229708356100003
Indonesia,ID3278,ID32,R_S10,0.73040000000000005,0.74788978331900002
Indonesia,ID3279,ID32,R_S10,0.71699999999999997,0.72722287278999997
Indonesia,ID3301,ID33,R_S10,0.69950000000000001,0.73157006913300004
Indonesia,ID3302,ID33,R_S10,0.7198,0.720757328162
Indonesia,ID3303,ID33,R_S10,0.68969999999999998,0.71298254678499995
Indonesia,ID3304,ID33,R_S10,0.67449999999999999,0.70539045802599998
Indonesia,ID3305,ID33,R_S10,0.69810000000000005,0.70452680191999995
Indonesia,ID3306,ID33,R_S10,0.7268,0.70315334396100004
Indonesia,ID3307,ID33,R_S10,0.68220000000000003,0.70410867058799997
Indonesia,ID3308,ID33,R_S10,0.69869999999999999,0.70934384845999998
Indonesia,ID3309,ID33,R_S10,0.74250000000000005,0.71433744185500003
Indonesia,ID3310,ID33,R_S10,0.75560000000000005,0.72906598341899997
Indonesia,ID3311,ID33,R_S10,0.76980000000000004,0.73728533734599999
Indonesia,ID3312,ID33,R_S10,0.70250000000000001,0.70048494185900001
Indonesia,ID3313,ID33,R_S10,0.75860000000000005,0.724364746191
Indonesia,ID3314,ID33,R_S10,0.73950000000000005,0.72126280676300003
Indonesia,ID3315,ID33,R_S10,0.69869999999999999,0.68686210631
Indonesia,ID3316,ID33,R_S10,0.68840000000000001,0.69709767386499999
Indonesia,ID3317,ID33,R_S10,0.70020000000000004,0.70341188206600003
Indonesia,ID3318,ID33,R_S10,0.7177,0.71156584529300004
Indonesia,ID3319,ID33,R_S10,0.75,0.77616687582099997
Indonesia,ID3320,ID33,R_S10,0.71989999999999998,0.71159650440400002
Indonesia,ID3321,ID33,R_S10,0.72219999999999995,0.70722703143700005
Indonesia,ID3322,ID33,R_S10,0.74099999999999999,0.73623357486600005
Indonesia,ID3323,ID33,R_S10,0.69569999999999999,0.710117736193
Indonesia,ID3324,ID33,R_S10,0.72289999999999999,0.73236338790800004
Indonesia,ID3325,ID33,R_S10,0.6865,0.71382988333499997
Indonesia,ID3326,ID33,R_S10,0.69630000000000003,0.71581672437699995
Indonesia,ID3327,ID33,R_S10,0.66320000000000001,0.70597941737400005
Indonesia,ID3328,ID33,R_S10,0.68389999999999995,0.71430166989699995
Indonesia,ID3329,ID33,R_S10,0.66110000000000002,0.70610485142500001
Indonesia,ID3371,ID33,R_S10,0.78990000000000005,0.79070435003999995
Indonesia,ID3372,ID33,R_S10,0.82210000000000005,0.80132323048800003
Indonesia,ID3373,ID33,R_S10,0.83140000000000003,0.77580522410599995
Indonesia,ID3374,ID33,R_S10,0.83050000000000002,0.78426915601699998
Indonesia,ID3375,ID33,R_S10,0.74980000000000002,0.76213225324300005
Indonesia,ID3376,ID33,R_S10,0.75070000000000003,0.77939195697399999
Indonesia,ID3401,ID34,R_S10,0.74460000000000004,0.70862573062099998
Indonesia,ID3402,ID34,R_S10,0.80010000000000003,0.724163720023
Indonesia,ID3403,ID34,R_S10,0.69979999999999998,0.68908524551399997
Indonesia,ID3404,ID34,R_S10,0.83840000000000003,0.73385984546000005
Indonesia,ID3471,ID34,R_S10,0.86609999999999998,0.79748153228200003
Indonesia,ID3501,ID35,R_S10,0.68389999999999995,0.70402931954900005
Indonesia,ID3502,ID35,R_S10,0.70809999999999995,0.70870118846399999
Indonesia,ID3503,ID35,R_S10,0.69740000000000002,0.70428925904100004
Indonesia,ID3504,ID35,R_S10,0.72999999999999998,0.72656115210200001
Indonesia,ID3505,ID35,R_S10,0.70579999999999998,0.71183495647600004
Indonesia,ID3506,ID35,R_S10,0.72050000000000003,0.71258251673999995
Indonesia,ID3507,ID35,R_S10,0.7036,0.72654631316399998
Indonesia,ID3508,ID35,R_S10,0.65459999999999996,0.71324452828999996
Indonesia,ID3509,ID35,R_S10,0.67110000000000003,0.71116133665199999
Indonesia,ID3510,ID35,R_S10,0.70620000000000005,0.72897961225999997
Indonesia,ID3511,ID35,R_S10,0.6643,0.70231960650000003
Indonesia,ID3512,ID35,R_S10,0.67379999999999995,0.71446727825199996
Indonesia,ID3513,ID35,R_S10,0.66069999999999995,0.70795240532299997
Indonesia,ID3514,ID35,R_S10,0.68600000000000005,0.75490593770500003
Indonesia,ID3515,ID35,R_S10,0.80289999999999995,0.77325354182600003
Indonesia,ID3516,ID35,R_S10,0.73829999999999996,0.75369514146399996
Indonesia,ID3517,ID35,R_S10,0.72970000000000002,0.72581305780500005
Indonesia,ID3518,ID35,R_S10,0.71719999999999995,0.71180635649500001
Indonesia,ID3519,ID35,R_S10,0.71730000000000005,0.71516899390999999
Indonesia,ID3520,ID35,R_S10,0.73919999999999997,0.72123728309099999
Indonesia,ID3521,ID35,R_S10,0.70540000000000003,0.70493523611099995
Indonesia,ID3522,ID35,R_S10,0.69040000000000001,0.73051090192799994
Indonesia,ID3523,ID35,R_S10,0.68400000000000005,0.72130140777399998
Indonesia,ID3524,ID35,R_S10,0.7258,0.71496830789200005
Indonesia,ID3525,ID35,R_S10,0.7611,0.76322684027400001
Indonesia,ID3526,ID35,R_S10,0.6411,0.695892378147
Indonesia,ID3527,ID35,R_S10,0.627,0.69618373973100001
Indonesia,ID3528,ID35,R_S10,0.66259999999999997,0.70289000269799995
Indonesia,ID3571,ID35,R_S10,0.7823,0.842463574986
Indonesia,ID3572,ID35,R_S10,0.78569999999999995,0.77044142444700003
Indonesia,ID3573,ID35,R_S10,0.8145,0.78948032990000006
Indonesia,ID3574,ID35,R_S10,0.73270000000000002,0.76215061285899999
Indonesia,ID3575,ID35,R_S10,0.75260000000000005,0.76412222220000003
Indonesia,ID3576,ID35,R_S10,0.78039999999999998,0.77823906843299995
Indonesia,ID3577,ID35,R_S10,0.80910000000000004,0.78928227350199998
Indonesia,ID3578,ID35,R_S10,0.82230000000000003,0.812714395767
Indonesia,ID3579,ID35,R_S10,0.75900000000000001,0.77039782308899996
Indonesia,ID3601,ID36,R_S10,0.65000000000000002,0.69448481169200005
Indonesia,ID3602,ID36,R_S10,0.6391,0.68256388719000005
Indonesia,ID3603,ID36,R_S10,0.71919999999999995,0.73887397500600005
Indonesia,ID3604,ID36,R_S10,0.66700000000000004,0.72917582647699997
Indonesia,ID3671,ID36,R_S10,0.78249999999999997,0.77990049330099998
Indonesia,ID3672,ID36,R_S10,0.73050000000000004,0.79987296834900001
Indonesia,ID3673,ID36,R_S10,0.72160000000000002,0.75121538652700004
Indonesia,ID3674,ID36,R_S10,0.81359999999999999,0.76831520886399995
Indonesia,ID5101,ID51,R_S10,0.72360000000000002,0.72602451160299997
Indonesia,ID5102,ID51,R_S10,0.76170000000000004,0.72606916123999998
Indonesia,ID5103,ID51,R_S10,0.81599999999999995,0.75881567921299997
Indonesia,ID5104,ID51,R_S10,0.77359999999999995,0.74241498169599995
Indonesia,ID5105,ID51,R_S10,0.71730000000000005,0.73343606665899996
Indonesia,ID5106,ID51,R_S10,0.69359999999999999,0.70488881790900004
Indonesia,ID5107,ID51,R_S10,0.67349999999999999,0.714705323788
Indonesia,ID5108,ID51,R_S10,0.72550000000000003,0.72617040737399996
Indonesia,ID5171,ID51,R_S10,0.83930000000000005,0.76716754043000002
Indonesia,ID5201,ID52,R_S10,0.68200000000000005,0.71107348291799999
Indonesia,ID5202,ID52,R_S10,0.6643,0.69832397945699998
Indonesia,ID5203,ID52,R_S10,0.66300000000000003,0.69515124383299998
Indonesia,ID5204,ID52,R_S10,0.67610000000000003,0.69084596590799996
Indonesia,ID5205,ID52,R_S10,0.6784,0.70886442297700003
Indonesia,ID5206,ID52,R_S10,0.66300000000000003,0.68893908965499995
Indonesia,ID5207,ID52,R_S10,0.71630000000000005,0.74314142323900001
Indonesia,ID5271,ID52,R_S10,0.78910000000000002,0.76962679716799998
Indonesia,ID5272,ID52,R_S10,0.7581,0.73083542737600005
Indonesia,ID5305,ID53,R_S10,0.63529999999999998,0.65090518758100002
Indonesia,ID5309,ID53,R_S10,0.64219999999999999,0.66632797660499998
Indonesia,ID5310,ID53,R_S10,0.65110000000000001,0.67601003050200004
Indonesia,ID5311,ID53,R_S10,0.6704,0.67999300134700003
Indonesia,ID5312,ID53,R_S10,0.67879999999999996,0.66735809360599996
Indonesia,ID5313,ID53,R_S10,0.64539999999999997,0.66577108942200003
Indonesia,ID5315,ID53,R_S10,0.63890000000000002,0.64674277713600004
Indonesia,ID5318,ID53,R_S10,0.65810000000000002,0.65763765525899998
Indonesia,ID5371,ID53,R_S10,0.79710000000000003,0.76347392671199998
Indonesia,ID6101,ID61,R_S10,0.67030000000000001,0.68234740265899996
Indonesia,ID6102,ID61,R_S10,0.67869999999999997,0.66288695871299996
Indonesia,ID6103,ID61,R_S10,0.65980000000000005,0.65012419337299998
Indonesia,ID6104,ID61,R_S10,0.65739999999999998,0.69671265376799996
Indonesia,ID6105,ID61,R_S10,0.65769999999999995,0.66525457334000004
Indonesia,ID6106,ID61,R_S10,0.67169999999999996,0.66498448854500003
Indonesia,ID6107,ID61,R_S10,0.66879999999999995,0.65448943069499999
Indonesia,ID6108,ID61,R_S10,0.65690000000000004,0.65485278006000003
Indonesia,ID6109,ID61,R_S10,0.64759999999999995,0.65529625629199995
Indonesia,ID6110,ID61,R_S10,0.65549999999999997,0.65566148041399996
Indonesia,ID6111,ID61,R_S10,0.62680000000000002,0.66252191321300002
Indonesia,ID6112,ID61,R_S10,0.67949999999999999,0.685584897247
Indonesia,ID6171,ID61,R_S10,0.7944,0.77106946179000002
Indonesia,ID6172,ID61,R_S10,0.71940000000000004,0.73455299614500003
Indonesia,ID6201,ID62,R_S10,0.72870000000000001,0.684819190262
Indonesia,ID6202,ID62,R_S10,0.71309999999999996,0.67510797925499999
Indonesia,ID6203,ID62,R_S10,0.69479999999999997,0.65882831972300004
Indonesia,ID6204,ID62,R_S10,0.70220000000000005,0.66000200963400002
Indonesia,ID6205,ID62,R_S10,0.70589999999999997,0.67999695794299997
Indonesia,ID6206,ID62,R_S10,0.68030000000000002,0.66611314987199999
Indonesia,ID6207,ID62,R_S10,0.70509999999999995,0.68731438487700003
Indonesia,ID6208,ID62,R_S10,0.67579999999999996,0.64913184346499997
Indonesia,ID6209,ID62,R_S10,0.68679999999999997,0.65306378525499997
Indonesia,ID6210,ID62,R_S10,0.6845,0.65525695717599997
Indonesia,ID6211,ID62,R_S10,0.70809999999999995,0.68183293086700003
Indonesia,ID6212,ID62,R_S10,0.71389999999999998,0.67662706650100002
Indonesia,ID6213,ID62,R_S10,0.67979999999999996,0.66219676161800001
Indonesia,ID6271,ID62,R_S10,0.80769999999999997,0.691095535978
Indonesia,ID6301,ID63,R_S10,0.69379999999999997,0.696354155842
Indonesia,ID6302,ID63,R_S10,0.68859999999999999,0.67904590548800003
Indonesia,ID6303,ID63,R_S10,0.69179999999999997,0.68771742678199999
Indonesia,ID6304,ID63,R_S10,0.66220000000000001,0.688050496176
Indonesia,ID6305,ID63,R_S10,0.70109999999999995,0.69550160813600004
Indonesia,ID6306,ID63,R_S10,0.6885,0.70053970277800004
Indonesia,ID6307,ID63,R_S10,0.68840000000000001,0.69941603487500004
Indonesia,ID6308,ID63,R_S10,0.65590000000000004,0.70810207373900003
Indonesia,ID6309,ID63,R_S10,0.72189999999999999,0.720060988505
Indonesia,ID6310,ID63,R_S10,0.70709999999999995,0.69765045382799995
Indonesia,ID6311,ID63,R_S10,0.68820000000000003,0.71306416318300003
Indonesia,ID6371,ID63,R_S10,0.77100000000000002,0.76849796992899999
Indonesia,ID6372,ID63,R_S10,0.79100000000000004,0.73706852602799999
Indonesia,ID6401,ID64,R_S10,0.72040000000000004,0.71090684692100004
Indonesia,ID6402,ID64,R_S10,0.71189999999999998,0.71216713765399997
Indonesia,ID6403,ID64,R_S10,0.7359,0.72031627656599995
Indonesia,ID6404,ID64,R_S10,0.72999999999999998,0.72188264106699995
Indonesia,ID6405,ID64,R_S10,0.74709999999999999,0.70361647182999998
Indonesia,ID6409,ID64,R_S10,0.71409999999999996,0.69860376500700005
Indonesia,ID6411,ID64,R_S10,0.67090000000000005,0.67620445260399997
Indonesia,ID6471,ID64,R_S10,0.80010000000000003,0.79366050832699997
Indonesia,ID6472,ID64,R_S10,0.80110000000000003,0.76760720177999997
Indonesia,ID6474,ID64,R_S10,0.80020000000000002,0.80602460947700005
Indonesia,ID6501,ID65,R_S10,0.71940000000000004,0.66215156701400002
Indonesia,ID6502,ID65,R_S10,0.71099999999999997,0.70288664065299999
Indonesia,ID6503,ID65,R_S10,0.66969999999999996,0.74980703951500005
Indonesia,ID6504,ID65,R_S10,0.65790000000000004,0.70172036169800001
Indonesia,ID6571,ID65,R_S10,0.75829999999999997,0.78255097948399999
Indonesia,ID7101,ID71,R_S10,0.67889999999999995,0.68709693272899997
Indonesia,ID7102,ID71,R_S10,0.75290000000000001,0.719245153262
Indonesia,ID7104,ID71,R_S10,0.69399999999999995,0.66092830107900002
Indonesia,ID7105,ID71,R_S10,0.72109999999999996,0.68771382490400002
Indonesia,ID7106,ID71,R_S10,0.73899999999999999,0.71221229229500005
Indonesia,ID7107,ID71,R_S10,0.66990000000000005,0.70242765017999997
Indonesia,ID7108,ID71,R_S10,0.6764,0.69765199631899999
Indonesia,ID7109,ID71,R_S10,0.70509999999999995,0.71591788330600004
Indonesia,ID7110,ID71,R_S10,0.65000000000000002,0.68562148942900003
Indonesia,ID7111,ID71,R_S10,0.65990000000000004,0.70668099628900005
Indonesia,ID7171,ID71,R_S10,0.7893,0.78081671956099996
Indonesia,ID7172,ID71,R_S10,0.74099999999999999,0.76187243770199997
Indonesia,ID7173,ID71,R_S10,0.76690000000000003,0.74037708036000005
Indonesia,ID7174,ID71,R_S10,0.72970000000000002,0.74424869847999997
Indonesia,ID7201,ID72,R_S10,0.6542,0.65178413479499997
Indonesia,ID7202,ID72,R_S10,0.70520000000000005,0.68859459904700004
Indonesia,ID7203,ID72,R_S10,0.72209999999999996,0.76467604358100005
Indonesia,ID7204,ID72,R_S10,0.71279999999999999,0.66300500274899998
Indonesia,ID7206,ID72,R_S10,0.65690000000000004,0.68044926205900003
Indonesia,ID7207,ID72,R_S10,0.67820000000000003,0.67120161482999996
Indonesia,ID7208,ID72,R_S10,0.65439999999999998,0.66261274730499997
Indonesia,ID7211,ID72,R_S10,0.65429999999999999,0.67385158895200004
Indonesia,ID7212,ID72,R_S10,0.68359999999999999,0.68550277895699996
Indonesia,ID7271,ID72,R_S10,0.81469999999999998,0.76030565974599995
Indonesia,ID7301,ID73,R_S10,0.67379999999999995,0.69376658298000005
Indonesia,ID7302,ID73,R_S10,0.68989999999999996,0.70602083070300004
Indonesia,ID7303,ID73,R_S10,0.68730000000000002,0.72998031090100002
Indonesia,ID7304,ID73,R_S10,0.64259999999999995,0.71169478269399999
Indonesia,ID7305,ID73,R_S10,0.67310000000000003,0.72098023914099996
Indonesia,ID7306,ID73,R_S10,0.70140000000000002,0.71151359500800004
Indonesia,ID7307,ID73,R_S10,0.67600000000000005,0.72424716638800002
Indonesia,ID7308,ID73,R_S10,0.6986,0.71388730635599995
Indonesia,ID7310,ID73,R_S10,0.70999999999999996,0.70987451922099998
Indonesia,ID7311,ID73,R_S10,0.66059999999999997,0.69201384717600001
Indonesia,ID7312,ID73,R_S10,0.68669999999999998,0.70950599984499996
Indonesia,ID7313,ID73,R_S10,0.6915,0.70308422767500001
Indonesia,ID7314,ID73,R_S10,0.71209999999999996,0.71173165085300005
Indonesia,ID7315,ID73,R_S10,0.71260000000000001,0.70636286825700001
Indonesia,ID7316,ID73,R_S10,0.72760000000000002,0.69389228966000005
Indonesia,ID7317,ID73,R_S10,0.70509999999999995,0.69388001114499998
Indonesia,ID7318,ID73,R_S10,0.6875,0.68611906493499997
Indonesia,ID7322,ID73,R_S10,0.69569999999999999,0.68317920411599997
Indonesia,ID7325,ID73,R_S10,0.73219999999999996,0.709368917524
Indonesia,ID7326,ID73,R_S10,0.69330000000000003,0.70219172500100002
Indonesia,ID7371,ID73,R_S10,0.82250000000000001,0.793752450208
Indonesia,ID7372,ID73,R_S10,0.77859999999999996,0.75941286021800003
Indonesia,ID7373,ID73,R_S10,0.78059999999999996,0.74349405505699995
Indonesia,ID7401,ID74,R_S10,0.65980000000000005,0.67974279587399999
Indonesia,ID7402,ID74,R_S10,0.69020000000000004,0.69597776573199999
Indonesia,ID7403,ID74,R_S10,0.71350000000000002,0.68992977786800003
Indonesia,ID7404,ID74,R_S10,0.73450000000000004,0.72376978356800004
Indonesia,ID7405,ID74,R_S10,0.68200000000000005,0.67284304177900001
Indonesia,ID7406,ID74,R_S10,0.66049999999999998,0.67538252650999997
Indonesia,ID7407,ID74,R_S10,0.69479999999999997,0.69426526150400003
Indonesia,ID7408,ID74,R_S10,0.69310000000000005,0.69653498566299998
Indonesia,ID7409,ID74,R_S10,0.67869999999999997,0.68946856831600001
Indonesia,ID7410,ID74,R_S10,0.6986,0.65924220290699997
Indonesia,ID7411,ID74,R_S10,0.67020000000000002,0.66515912740299998
Indonesia,ID7412,ID74,R_S10,0.65410000000000001,0.67104170570800004
Indonesia,ID7413,ID74,R_S10,0.65080000000000005,0.65145651339300004
Indonesia,ID7414,ID74,R_S10,0.64370000000000005,0.67901892433400002
Indonesia,ID7471,ID74,R_S10,0.83530000000000004,0.75226538137800003
Indonesia,ID7472,ID74,R_S10,0.75900000000000001,0.75801510856800003
Indonesia,ID7501,ID75,R_S10,0.65910000000000002,0.69424569936000002
Indonesia,ID7502,ID75,R_S10,0.66920000000000002,0.69620497059300002
Indonesia,ID7503,ID75,R_S10,0.65369999999999995,0.70342000966399998
Indonesia,ID7504,ID75,R_S10,0.69979999999999998,0.69580302566999996
Indonesia,ID7505,ID75,R_S10,0.64859999999999995,0.68620229644800002
Indonesia,ID7571,ID75,R_S10,0.77129999999999999,0.76135214258299999
Indonesia,ID7601,ID76,R_S10,0.66910000000000003,0.69028657709600005
Indonesia,ID7602,ID76,R_S10,0.63839999999999997,0.69635872333899995
Indonesia,ID7603,ID76,R_S10,0.66020000000000001,0.659428252923
Indonesia,ID7604,ID76,R_S10,0.68149999999999999,0.68301208779900002
Indonesia,ID7605,ID76,R_S10,0.67789999999999995,0.68863636040700005
Indonesia,ID7606,ID76,R_S10,0.65710000000000002,0.66796442541400003
Indonesia,ID8102,ID81,R_S10,0.66200000000000003,0.67630147625100001
Indonesia,ID8103,ID81,R_S10,0.71250000000000002,0.64663697198000003
Indonesia,ID8104,ID81,R_S10,0.6895,0.64198779861699995
Indonesia,ID8171,ID81,R_S10,0.80840000000000001,0.737474352296
Indonesia,ID8172,ID81,R_S10,0.67959999999999998,0.72462320578100003
Indonesia,ID8201,ID82,R_S10,0.65310000000000001,0.65055908200099999
Indonesia,ID8202,ID82,R_S10,0.6542,0.70113257919000005
Indonesia,ID8204,ID82,R_S10,0.63839999999999997,0.66803522647400004
Indonesia,ID8205,ID82,R_S10,0.67500000000000004,0.66820540992300004
Indonesia,ID8206,ID82,R_S10,0.66749999999999998,0.65731141932100001
Indonesia,ID8207,ID82,R_S10,0.625,0.64091041741200006
Indonesia,ID8271,ID82,R_S10,0.79820000000000002,0.75367616898099998
Indonesia,ID8272,ID82,R_S10,0.70530000000000004,0.68376325212300004
Indonesia,ID9101,ID91,R_S10,0.68359999999999999,0.68873808919799995
Indonesia,ID9102,ID91,R_S10,0.65000000000000002,0.64759524330700002
Indonesia,ID9105,ID91,R_S10,0.72009999999999996,0.71973577471299999
Indonesia,ID9171,ID91,R_S10,0.78449999999999998,0.75860376918100003
Indonesia,ID9401,ID94,R_S10,0.70089999999999997,0.669958453211
Indonesia,ID9403,ID94,R_S10,0.71689999999999998,0.70133995937799998
Indonesia,ID9408,ID94,R_S10,0.67659999999999998,0.67513060388699997
Indonesia,ID9409,ID94,R_S10,0.72189999999999999,0.66615162593999999
Indonesia,ID9412,ID94,R_S10,0.7419,0.72160568908599998
Indonesia,ID9471,ID94,R_S10,0.7994,0.76961950693500003
