group,component,feature,selected,beta_per_x_sd,standardized_beta
130000,H,feature_control_log1p_population,True,0.002026053969910895,0.05569224837281754
130000,H,feature_control_log1p_population_density,True,0.0016287688950447014,0.04477166116593551
130000,H,feature_control_worldpop_child_share,True,-0.004608245341451764,-0.12667162273584356
130000,H,feature_control_worldpop_elderly_share,True,0.0026190205645290803,0.07199173661681144
130000,H,feature_control_urbanization_rate,True,0.0020590088974545033,0.05659811467111144
130000,H,feature_ae320_A00_popmean,True,0.003971595205640609,0.1091713596546275
130000,H,feature_ae320_A01_popmean,True,8.287295581703746e-05,0.0022780149528568417
130000,H,feature_ae320_A02_popmean,True,0.002609007951941546,0.07171650954222848
130000,H,feature_ae320_A03_popmean,True,0.00018123496084112192,0.00498179347781418
130000,H,feature_ae320_A04_popmean,True,0.0012198176744092667,0.03353039450165352
130000,H,feature_ae320_A05_popmean,True,-0.0016457802936614037,-0.04523927113635109
130000,H,feature_ae320_A06_popmean,True,-0.001668519409256596,-0.045864324808322796
130000,H,feature_ae320_A07_popmean,True,1.7915683684862647e-05,0.000492466992668555
130000,H,feature_ae320_A08_popmean,True,0.0006213726997474038,0.01708031633922493
130000,H,feature_ae320_A09_popmean,True,-0.0008670221839287989,-0.023832738677849227
130000,H,feature_ae320_A10_popmean,True,0.0001519952932850251,0.004178052386976222
130000,H,feature_ae320_A11_popmean,True,-0.0006198194022854981,-0.017037619239675738
130000,H,feature_ae320_A12_popmean,True,-0.0009883266763324441,-0.027167161166100854
130000,H,feature_ae320_A13_popmean,True,-0.0013086909974582683,-0.03597334777657557
130000,H,feature_ae320_A14_popmean,True,0.00010413754120790236,0.002862536682643299
130000,H,feature_ae320_A15_popmean,True,0.0008242703114520091,0.022657573585635464
130000,H,feature_ae320_A16_popmean,True,0.0018212667326449516,0.05006304902730375
130000,H,feature_ae320_A17_popmean,True,-0.0003489398847841021,-0.009591672788180077
130000,H,feature_ae320_A18_popmean,True,0.0007768313888679986,0.021353570682295347
130000,H,feature_ae320_A19_popmean,True,0.003027322826504845,0.08321516468084152
130000,H,feature_ae320_A20_popmean,True,0.0005817723429853082,0.01599178023051317
130000,H,feature_ae320_A21_popmean,True,0.00069425736679696,0.01908377283158703
130000,H,feature_ae320_A22_popmean,True,-0.0007354152220737471,-0.020215121518546302
130000,H,feature_ae320_A23_popmean,True,0.00020186574447201384,0.005548893240782499
130000,H,feature_ae320_A24_popmean,True,-0.001109239297180303,-0.030490811874163398
130000,H,feature_ae320_A25_popmean,True,0.0009275784272839559,0.025497310992084524
130000,H,feature_ae320_A26_popmean,True,7.318259625643084e-05,0.0020116459817010805
130000,H,feature_ae320_A27_popmean,True,-0.0004731785963961734,-0.01300675120532739
130000,H,feature_ae320_A28_popmean,True,0.00136221788802644,0.03744469697477997
130000,H,feature_ae320_A29_popmean,True,0.0006060257192541573,0.016658457957318025
130000,H,feature_ae320_A30_popmean,True,0.0014087485865515023,0.03872373458073893
130000,H,feature_ae320_A31_popmean,True,-0.0010117273667616033,-0.02781040023220207
130000,H,feature_ae320_A32_popmean,True,-0.0006383238384873982,-0.01754626988386391
130000,H,feature_ae320_A33_popmean,True,0.001112153229393524,0.030570910153365403
130000,H,feature_ae320_A34_popmean,True,-0.00029013855291959987,-0.007975339547563416
130000,H,feature_ae320_A35_popmean,True,0.0017841816528573055,0.049043652947469714
130000,H,feature_ae320_A36_popmean,True,0.0008102633534302594,0.022272549792251906
130000,H,feature_ae320_A37_popmean,True,0.0005515889609987801,0.01516209828161658
130000,H,feature_ae320_A38_popmean,True,0.0007582574869588249,0.020843010562110815
130000,H,feature_ae320_A39_popmean,True,0.0014890200829030384,0.040930240517135126
130000,H,feature_ae320_A40_popmean,True,-0.0021700801489851072,-0.0596512454460997
130000,H,feature_ae320_A41_popmean,True,-0.0001942367154207827,-0.005339186200854391
130000,H,feature_ae320_A42_popmean,True,0.0002868818426851265,0.007885818973111709
130000,H,feature_ae320_A43_popmean,True,0.0011232973906657407,0.030877241281112373
130000,H,feature_ae320_A44_popmean,True,0.0005154728880754233,0.01416933829922241
130000,H,feature_ae320_A45_popmean,True,0.0007265310460742543,0.019970912951696854
130000,H,feature_ae320_A46_popmean,True,-0.0007954874702684693,-0.021866389755453707
130000,H,feature_ae320_A47_popmean,True,-0.00010480575537199504,-0.002880904578931136
130000,H,feature_ae320_A48_popmean,True,0.0012700233700706294,0.03491045056828716
130000,H,feature_ae320_A49_popmean,True,0.0002354832417383461,0.006472972280745799
130000,H,feature_ae320_A50_popmean,True,-0.0013313939762875017,-0.03659740811975394
130000,H,feature_ae320_A51_popmean,True,-0.001004204565670185,-0.027603613190462506
130000,H,feature_ae320_A52_popmean,True,-0.0025426996957534195,-0.06989382568106758
130000,H,feature_ae320_A53_popmean,True,-5.03842725624812e-05,-0.0013849647952649782
130000,H,feature_ae320_A54_popmean,True,0.0009641994407037777,0.026503950797997836
130000,H,feature_ae320_A55_popmean,True,-0.0002110740334489502,-0.005802011037449472
130000,H,feature_ae320_A56_popmean,True,0.001483104373421023,0.04076762927051156
130000,H,feature_ae320_A57_popmean,True,0.0012079309777999344,0.033203652534395674
130000,H,feature_ae320_A58_popmean,True,0.0016669016552417289,0.04581985592460097
130000,H,feature_ae320_A59_popmean,True,0.0007913984023028052,0.02175398930011583
130000,H,feature_ae320_A60_popmean,True,0.001761879967549397,0.04843062337582653
130000,H,feature_ae320_A61_popmean,True,-0.001098662451305215,-0.030200075133570883
130000,H,feature_ae320_A62_popmean,True,0.0012869759171416125,0.03537644282518178
130000,H,feature_ae320_A63_popmean,True,6.307823957695107e-06,0.00017338970420388886
130000,H,feature_economic_log1p_retail_yuan_per_resident,True,0.001451453591811404,0.03989761138511721
130000,H,feature_health_log1p_motorized_mean_minutes,True,-0.0009658813185640138,-0.026550182320413368
130000,H,feature_health_log1p_q90_minutes,True,-0.002443850987053699,-0.06717666862701377
130000,H,feature_health_log1p_sd_minutes,True,-0.0004038674802962783,-0.011101524617013794
130000,H,feature_health_population_fraction_ge60min,True,-0.0018354814182785116,-0.05045378284515983
130000,E,feature_control_log1p_population,True,0.0032869008698838222,0.08710707704131708
130000,E,feature_control_log1p_population_density,True,0.0030411453171957674,0.08059424057050302
130000,E,feature_control_worldpop_child_share,True,-0.006388363942919382,-0.16929981528877677
130000,E,feature_control_worldpop_elderly_share,True,-0.004195539682490982,-0.11118716773638582
130000,E,feature_control_urbanization_rate,True,0.012976322398955272,0.34388914045914554
130000,E,feature_ae320_A00_popmean,True,0.00610731500365914,0.16185165893309464
130000,E,feature_ae320_A01_popmean,True,-0.001618581178777538,-0.042894471424197285
130000,E,feature_ae320_A02_popmean,True,0.005884327574584831,0.15594220685877405
130000,E,feature_ae320_A03_popmean,True,0.00045362133328391113,0.01202154551966858
130000,E,feature_ae320_A04_popmean,True,-0.003173642363855552,-0.08410558177245073
130000,E,feature_ae320_A05_popmean,True,0.003640722124969596,0.09648379284312385
130000,E,feature_ae320_A06_popmean,True,-1.64300152239515e-05,-0.0004354164176400433
130000,E,feature_ae320_A07_popmean,True,4.007407642613606e-05,0.0010620142805628466
130000,E,feature_ae320_A08_popmean,True,-0.004388720927222417,-0.11630671780311888
130000,E,feature_ae320_A09_popmean,True,0.0007114555890564767,0.018854483071042122
130000,E,feature_ae320_A10_popmean,True,-0.002367583507353903,-0.06274399111528958
130000,E,feature_ae320_A11_popmean,True,-0.0017607804528141132,-0.046662934060906235
130000,E,feature_ae320_A12_popmean,True,-0.002578781157435702,-0.06834099896702642
130000,E,feature_ae320_A13_popmean,True,0.004228985825238291,0.1120735332972455
130000,E,feature_ae320_A14_popmean,True,-0.0020664667914283732,-0.05476401301102731
130000,E,feature_ae320_A15_popmean,True,-0.00048827592095824563,-0.012939936416711371
130000,E,feature_ae320_A16_popmean,True,0.0029137154072106427,0.07721718497136817
130000,E,feature_ae320_A17_popmean,True,-0.0007580168490808702,-0.02008841601415184
130000,E,feature_ae320_A18_popmean,True,0.0017048370392889537,0.045180362050128625
130000,E,feature_ae320_A19_popmean,True,0.0036343973217611526,0.0963161774685937
130000,E,feature_ae320_A20_popmean,True,0.0010698421684852916,0.028352185807049277
130000,E,feature_ae320_A21_popmean,True,0.00020408939921991956,0.005408630112350792
130000,E,feature_ae320_A22_popmean,True,0.0012684472002042501,0.03361547316604652
130000,E,feature_ae320_A23_popmean,True,-0.0012508495154299009,-0.03314911201185623
130000,E,feature_ae320_A24_popmean,True,0.001479428686416434,0.03920675239876212
130000,E,feature_ae320_A25_popmean,True,0.0004924886760286301,0.013051579814245642
130000,E,feature_ae320_A26_popmean,True,-0.0004732825849850389,-0.012542593836747702
130000,E,feature_ae320_A27_popmean,True,-0.004744007718162776,-0.12572227217951176
130000,E,feature_ae320_A28_popmean,True,0.0029299693519635244,0.07764793529632842
130000,E,feature_ae320_A29_popmean,True,0.002142525849032743,0.05677967531807705
130000,E,feature_ae320_A30_popmean,True,-0.0014628739567248289,-0.038768030888217814
130000,E,feature_ae320_A31_popmean,True,-0.0011776949921912603,-0.031210423580435936
130000,E,feature_ae320_A32_popmean,True,0.0009279820560851976,0.024592711387499272
130000,E,feature_ae320_A33_popmean,True,-5.122837931246508e-05,-0.0013576175735505024
130000,E,feature_ae320_A34_popmean,True,0.0005968594881051644,0.015817539825913666
130000,E,feature_ae320_A35_popmean,True,0.003985979084930509,0.1056335438702758
130000,E,feature_ae320_A36_popmean,True,-0.0003198408221404878,-0.008476190867336504
130000,E,feature_ae320_A37_popmean,True,-0.0015636373911626755,-0.04143839077857722
130000,E,feature_ae320_A38_popmean,True,0.0043864229503884225,0.11624581847787545
130000,E,feature_ae320_A39_popmean,True,-3.3490908492249914e-06,-8.87551910356587e-05
130000,E,feature_ae320_A40_popmean,True,-0.004892207482654617,-0.12964975548799135
130000,E,feature_ae320_A41_popmean,True,0.003687195795600106,0.09771540455526766
130000,E,feature_ae320_A42_popmean,True,-0.0036498366812889984,-0.09672534024322528
130000,E,feature_ae320_A43_popmean,True,0.008258875168838971,0.21887075518407856
130000,E,feature_ae320_A44_popmean,True,0.002257416956339851,0.05982443660895109
130000,E,feature_ae320_A45_popmean,True,0.003149088539094048,0.08345487401160641
130000,E,feature_ae320_A46_popmean,True,0.0026708212091641086,0.07078017805826457
130000,E,feature_ae320_A47_popmean,True,0.004003666417807659,0.1061022808138514
130000,E,feature_ae320_A48_popmean,True,0.008877428557205403,0.23526321111369927
130000,E,feature_ae320_A49_popmean,True,0.0008066004485575609,0.021375943539346163
130000,E,feature_ae320_A50_popmean,True,0.0026764421903504444,0.07092914124901126
130000,E,feature_ae320_A51_popmean,True,-0.0008965370158936404,-0.023759377603803478
130000,E,feature_ae320_A52_popmean,True,0.00149475503729444,0.03961292029963341
130000,E,feature_ae320_A53_popmean,True,-0.0008398594996015818,-0.02225735093077596
130000,E,feature_ae320_A54_popmean,True,0.0017402522146978815,0.046118909494939846
130000,E,feature_ae320_A55_popmean,True,0.006585108051784784,0.17451378581201
130000,E,feature_ae320_A56_popmean,True,0.0005664750136179796,0.01501231238986121
130000,E,feature_ae320_A57_popmean,True,0.00020545407287280598,0.005444795709587813
130000,E,feature_ae320_A58_popmean,True,-0.002073251991584066,-0.05494382949351331
130000,E,feature_ae320_A59_popmean,True,0.0013565142549420955,0.03594936275551945
130000,E,feature_ae320_A60_popmean,True,0.0008523878455515587,0.022589368122369415
130000,E,feature_ae320_A61_popmean,True,0.0014738895541777128,0.039059958309813105
130000,E,feature_ae320_A62_popmean,True,0.003590313540585512,0.09514790088370392
130000,E,feature_ae320_A63_popmean,True,-0.0006417586241757676,-0.01700742435836957
130000,E,feature_economic_log1p_retail_yuan_per_resident,True,0.005376522862297907,0.14248473249427202
130000,E,feature_health_log1p_motorized_mean_minutes,True,0.0002707343013560907,0.007174805258664738
130000,E,feature_health_log1p_q90_minutes,True,-0.0036229157814819456,-0.09601190196615385
130000,E,feature_health_log1p_sd_minutes,True,0.0027140000021498635,0.0719244712986306
130000,E,feature_health_population_fraction_ge60min,True,-0.001129220279028993,-0.02992578168184086
130000,I,feature_control_log1p_population,True,-0.006008117500589383,-0.08767168353667329
130000,I,feature_control_log1p_population_density,True,-0.008019662314229563,-0.11702455826057778
130000,I,feature_control_worldpop_child_share,True,0.00463025886680477,0.06756568759242162
130000,I,feature_control_worldpop_elderly_share,True,0.00031899746861073323,0.004654876525683223
130000,I,feature_control_urbanization_rate,True,0.0258762446505778,0.377591472187494
130000,I,feature_ae320_A00_popmean,False,0.0,0.0
130000,I,feature_ae320_A01_popmean,False,0.0,0.0
130000,I,feature_ae320_A02_popmean,False,0.0,0.0
130000,I,feature_ae320_A03_popmean,False,0.0,0.0
130000,I,feature_ae320_A04_popmean,False,0.0,0.0
130000,I,feature_ae320_A05_popmean,False,0.0,0.0
130000,I,feature_ae320_A06_popmean,False,0.0,0.0
130000,I,feature_ae320_A07_popmean,False,0.0,0.0
130000,I,feature_ae320_A08_popmean,False,0.0,0.0
130000,I,feature_ae320_A09_popmean,False,0.0,0.0
130000,I,feature_ae320_A10_popmean,False,0.0,0.0
130000,I,feature_ae320_A11_popmean,False,0.0,0.0
130000,I,feature_ae320_A12_popmean,False,0.0,0.0
130000,I,feature_ae320_A13_popmean,False,0.0,0.0
130000,I,feature_ae320_A14_popmean,False,0.0,0.0
130000,I,feature_ae320_A15_popmean,False,0.0,0.0
130000,I,feature_ae320_A16_popmean,False,0.0,0.0
130000,I,feature_ae320_A17_popmean,False,0.0,0.0
130000,I,feature_ae320_A18_popmean,False,0.0,0.0
130000,I,feature_ae320_A19_popmean,False,0.0,0.0
130000,I,feature_ae320_A20_popmean,False,0.0,0.0
130000,I,feature_ae320_A21_popmean,False,0.0,0.0
130000,I,feature_ae320_A22_popmean,False,0.0,0.0
130000,I,feature_ae320_A23_popmean,False,0.0,0.0
130000,I,feature_ae320_A24_popmean,False,0.0,0.0
130000,I,feature_ae320_A25_popmean,False,0.0,0.0
130000,I,feature_ae320_A26_popmean,False,0.0,0.0
130000,I,feature_ae320_A27_popmean,False,0.0,0.0
130000,I,feature_ae320_A28_popmean,False,0.0,0.0
130000,I,feature_ae320_A29_popmean,False,0.0,0.0
130000,I,feature_ae320_A30_popmean,False,0.0,0.0
130000,I,feature_ae320_A31_popmean,False,0.0,0.0
130000,I,feature_ae320_A32_popmean,False,0.0,0.0
130000,I,feature_ae320_A33_popmean,False,0.0,0.0
130000,I,feature_ae320_A34_popmean,False,0.0,0.0
130000,I,feature_ae320_A35_popmean,False,0.0,0.0
130000,I,feature_ae320_A36_popmean,False,0.0,0.0
130000,I,feature_ae320_A37_popmean,False,0.0,0.0
130000,I,feature_ae320_A38_popmean,False,0.0,0.0
130000,I,feature_ae320_A39_popmean,False,0.0,0.0
130000,I,feature_ae320_A40_popmean,False,0.0,0.0
130000,I,feature_ae320_A41_popmean,False,0.0,0.0
130000,I,feature_ae320_A42_popmean,False,0.0,0.0
130000,I,feature_ae320_A43_popmean,False,0.0,0.0
130000,I,feature_ae320_A44_popmean,False,0.0,0.0
130000,I,feature_ae320_A45_popmean,False,0.0,0.0
130000,I,feature_ae320_A46_popmean,False,0.0,0.0
130000,I,feature_ae320_A47_popmean,False,0.0,0.0
130000,I,feature_ae320_A48_popmean,False,0.0,0.0
130000,I,feature_ae320_A49_popmean,False,0.0,0.0
130000,I,feature_ae320_A50_popmean,False,0.0,0.0
130000,I,feature_ae320_A51_popmean,False,0.0,0.0
130000,I,feature_ae320_A52_popmean,False,0.0,0.0
130000,I,feature_ae320_A53_popmean,False,0.0,0.0
130000,I,feature_ae320_A54_popmean,False,0.0,0.0
130000,I,feature_ae320_A55_popmean,False,0.0,0.0
130000,I,feature_ae320_A56_popmean,False,0.0,0.0
130000,I,feature_ae320_A57_popmean,False,0.0,0.0
130000,I,feature_ae320_A58_popmean,False,0.0,0.0
130000,I,feature_ae320_A59_popmean,False,0.0,0.0
130000,I,feature_ae320_A60_popmean,False,0.0,0.0
130000,I,feature_ae320_A61_popmean,False,0.0,0.0
130000,I,feature_ae320_A62_popmean,False,0.0,0.0
130000,I,feature_ae320_A63_popmean,False,0.0,0.0
130000,I,feature_economic_log1p_retail_yuan_per_resident,True,0.049744026904388054,0.7258750489106535
130000,I,feature_health_log1p_motorized_mean_minutes,False,0.0,0.0
130000,I,feature_health_log1p_q90_minutes,False,0.0,0.0
130000,I,feature_health_log1p_sd_minutes,False,0.0,0.0
130000,I,feature_health_population_fraction_ge60min,False,0.0,0.0
140000,H,feature_control_log1p_population,True,0.0018049880838324063,0.04988234187773362
140000,H,feature_control_log1p_population_density,True,0.002477286912447127,0.06846187728483448
140000,H,feature_control_worldpop_child_share,True,-0.005707004471836181,-0.1577177991986785
140000,H,feature_control_worldpop_elderly_share,True,0.0026600674650764516,0.07351316936621956
140000,H,feature_control_urbanization_rate,True,0.0030495216582776524,0.08427605881961221
140000,H,feature_ae320_A00_popmean,True,0.0041426456970104775,0.11448544773649916
140000,H,feature_ae320_A01_popmean,True,-0.0003990892329696379,-0.011029161764018813
140000,H,feature_ae320_A02_popmean,True,0.0022282641850364967,0.0615799277942604
140000,H,feature_ae320_A03_popmean,True,0.0006104752602889744,0.01687098984995876
140000,H,feature_ae320_A04_popmean,True,0.001669135667071412,0.04612794773048811
140000,H,feature_ae320_A05_popmean,True,-0.0020527984987744755,-0.056730788108335484
140000,H,feature_ae320_A06_popmean,True,-0.0014866536175276593,-0.041084905029306396
140000,H,feature_ae320_A07_popmean,True,-0.0003769230702388775,-0.010416581483097726
140000,H,feature_ae320_A08_popmean,True,8.969003278319935e-05,0.002478658401343825
140000,H,feature_ae320_A09_popmean,True,-0.0005922178177999281,-0.016366430292912827
140000,H,feature_ae320_A10_popmean,True,-6.430418564759365e-05,-0.0017770994730513404
140000,H,feature_ae320_A11_popmean,True,-0.0002476585823769129,-0.0068442502118075356
140000,H,feature_ae320_A12_popmean,True,-0.001092683746393814,-0.03019722107313362
140000,H,feature_ae320_A13_popmean,True,-0.0015326731504488626,-0.04235669296784783
140000,H,feature_ae320_A14_popmean,True,-9.199312362408917e-05,-0.0025423062257975016
140000,H,feature_ae320_A15_popmean,True,0.0005508733948773336,0.015223842894450005
140000,H,feature_ae320_A16_popmean,True,0.0018222533253796174,0.05035948113930206
140000,H,feature_ae320_A17_popmean,True,-0.0003462346670739237,-0.009568482023567951
140000,H,feature_ae320_A18_popmean,True,0.0006797387442723938,0.018785143643355578
140000,H,feature_ae320_A19_popmean,True,0.003266327013051593,0.09026765451191994
140000,H,feature_ae320_A20_popmean,True,0.0005094900881607197,0.01408018091010811
140000,H,feature_ae320_A21_popmean,True,0.0008166049844511474,0.022567555641123924
140000,H,feature_ae320_A22_popmean,True,-0.0006321216478669509,-0.017469205713683437
140000,H,feature_ae320_A23_popmean,True,0.00022435984343202223,0.006200370248399969
140000,H,feature_ae320_A24_popmean,True,-0.0012186044509357973,-0.03367714412066522
140000,H,feature_ae320_A25_popmean,True,0.0012239363043265968,0.033824494308771234
140000,H,feature_ae320_A26_popmean,True,-0.0001588469352496449,-0.004389866726172092
140000,H,feature_ae320_A27_popmean,True,-0.0003577684641647194,-0.009887228066705209
140000,H,feature_ae320_A28_popmean,True,0.0015910070033115634,0.043968797345492486
140000,H,feature_ae320_A29_popmean,True,0.0007988356103920662,0.022076484259707135
140000,H,feature_ae320_A30_popmean,True,0.001379648772479666,0.03812773743852383
140000,H,feature_ae320_A31_popmean,True,-0.0013141288329988174,-0.036317039600534354
140000,H,feature_ae320_A32_popmean,True,-0.0005704452902698512,-0.015764728447052605
140000,H,feature_ae320_A33_popmean,True,0.000830413480900074,0.0229491648865547
140000,H,feature_ae320_A34_popmean,True,0.0005824161674509667,0.016095553560787932
140000,H,feature_ae320_A35_popmean,True,0.0018800512019904834,0.0519567733689487
140000,H,feature_ae320_A36_popmean,True,0.0006922377585989109,0.01913056426488468
140000,H,feature_ae320_A37_popmean,True,0.0006771684718199486,0.018714112033595822
140000,H,feature_ae320_A38_popmean,True,0.0006019738536076951,0.016636046429381254
140000,H,feature_ae320_A39_popmean,True,0.0019645703448953563,0.05429252994227872
140000,H,feature_ae320_A40_popmean,True,-0.002610236171781423,-0.07213604027012353
140000,H,feature_ae320_A41_popmean,True,-0.00043863490701042524,-0.012122039246123635
140000,H,feature_ae320_A42_popmean,True,0.00034149314520292955,0.009437446136346192
140000,H,feature_ae320_A43_popmean,True,0.001055483445961046,0.0291691599348009
140000,H,feature_ae320_A44_popmean,True,0.00031475148389876307,0.008698418159651335
140000,H,feature_ae320_A45_popmean,True,0.0005279113664692894,0.01458926820583248
140000,H,feature_ae320_A46_popmean,True,-0.0010439778824769387,-0.028851194150787726
140000,H,feature_ae320_A47_popmean,True,1.0303917053150062e-05,0.0002847572888313674
140000,H,feature_ae320_A48_popmean,True,0.0014305601160990438,0.03953471462060276
140000,H,feature_ae320_A49_popmean,True,0.00011446997821805292,0.003163472733895242
140000,H,feature_ae320_A50_popmean,True,-0.0015089186296641643,-0.041700217095492945
140000,H,feature_ae320_A51_popmean,True,-0.00043829152514829957,-0.012112549603729544
140000,H,feature_ae320_A52_popmean,True,-0.002845898247435535,-0.07864875707456656
140000,H,feature_ae320_A53_popmean,True,0.0003881585927392272,0.010727084460683838
140000,H,feature_ae320_A54_popmean,True,0.0010773294231033281,0.029772891621577872
140000,H,feature_ae320_A55_popmean,True,-0.0006039331305445177,-0.016690192671603658
140000,H,feature_ae320_A56_popmean,True,0.001638733050121785,0.04528774620991127
140000,H,feature_ae320_A57_popmean,True,0.0016301047098258741,0.04504929487367629
140000,H,feature_ae320_A58_popmean,True,0.0016426521043167268,0.04539605252114983
140000,H,feature_ae320_A59_popmean,True,0.0009892659414576619,0.027339184309191803
140000,H,feature_ae320_A60_popmean,True,0.0018691302977445186,0.051654965127614194
140000,H,feature_ae320_A61_popmean,True,-0.0014637287901281748,-0.040451358421396875
140000,H,feature_ae320_A62_popmean,True,0.0014317578742252827,0.03956781565926061
140000,H,feature_ae320_A63_popmean,True,0.00020605286525069363,0.005694441731436954
140000,H,feature_economic_log1p_retail_yuan_per_resident,False,0.0,0.0
140000,H,feature_health_log1p_motorized_mean_minutes,False,0.0,0.0
140000,H,feature_health_log1p_q90_minutes,False,0.0,0.0
140000,H,feature_health_log1p_sd_minutes,False,0.0,0.0
140000,H,feature_health_population_fraction_ge60min,False,0.0,0.0
140000,E,feature_control_log1p_population,True,0.002570283130963298,0.06899195944625071
140000,E,feature_control_log1p_population_density,True,0.002589082118416249,0.06949656493673552
140000,E,feature_control_worldpop_child_share,True,-0.006458417413276157,-0.17335789465992127
140000,E,feature_control_worldpop_elderly_share,True,-0.004342546175635081,-0.11656333344513738
140000,E,feature_control_urbanization_rate,True,0.014301775799704956,0.3838906010377203
140000,E,feature_ae320_A00_popmean,True,0.005031830953362601,0.1350652279870325
140000,E,feature_ae320_A01_popmean,True,-0.0018471725747509081,-0.049582107835598174
140000,E,feature_ae320_A02_popmean,True,0.005860076116583557,0.15729711988412384
140000,E,feature_ae320_A03_popmean,True,0.000839804141067951,0.022542159867671337
140000,E,feature_ae320_A04_popmean,True,-0.0027613855404549437,-0.07412156152272975
140000,E,feature_ae320_A05_popmean,True,0.0032444607191725577,0.08708834434057638
140000,E,feature_ae320_A06_popmean,True,-0.00030979814403514396,-0.008315652362308404
140000,E,feature_ae320_A07_popmean,True,-0.0016093013073095424,-0.04319712843817579
140000,E,feature_ae320_A08_popmean,True,-0.0035984631246968233,-0.09659053470691625
140000,E,feature_ae320_A09_popmean,True,0.0005350011756072269,0.014360588904210223
140000,E,feature_ae320_A10_popmean,True,-0.0031663268131121194,-0.08499106127733712
140000,E,feature_ae320_A11_popmean,True,-0.0020110784185100603,-0.053981695254357295
140000,E,feature_ae320_A12_popmean,True,-0.002518217987472829,-0.06759441836410875
140000,E,feature_ae320_A13_popmean,True,0.0044545098666650814,0.11956868111985026
140000,E,feature_ae320_A14_popmean,True,-0.0017718755707436173,-0.04756097336044476
140000,E,feature_ae320_A15_popmean,True,-0.0013019306301873786,-0.03494663453907322
140000,E,feature_ae320_A16_popmean,True,0.002844323457010107,0.07634779462000953
140000,E,feature_ae320_A17_popmean,True,-0.0009364532986454176,-0.025136432335078382
140000,E,feature_ae320_A18_popmean,True,0.0018244981325599202,0.04897347675629731
140000,E,feature_ae320_A19_popmean,True,0.0034934817979562593,0.09377260879445692
140000,E,feature_ae320_A20_popmean,True,0.0012976741717061321,0.03483238198557623
140000,E,feature_ae320_A21_popmean,True,-0.0011934347953720585,-0.03203437162706465
140000,E,feature_ae320_A22_popmean,True,0.0013483164916966391,0.036191731407030685
140000,E,feature_ae320_A23_popmean,True,-0.000622936114939203,-0.01672095290271901
140000,E,feature_ae320_A24_popmean,True,0.0026686536582759815,0.071632437201135
140000,E,feature_ae320_A25_popmean,True,-0.0004612864237801137,-0.012381925500408252
140000,E,feature_ae320_A26_popmean,True,-4.4719536524932104e-05,-0.0012003691006706057
140000,E,feature_ae320_A27_popmean,True,-0.005043521670980612,-0.135379032138055
140000,E,feature_ae320_A28_popmean,True,0.002505689135948883,0.06725811688594271
140000,E,feature_ae320_A29_popmean,True,0.002063958097177161,0.05540110022269792
140000,E,feature_ae320_A30_popmean,True,-0.0007924132609026198,-0.021270086124860255
140000,E,feature_ae320_A31_popmean,True,-0.001211350005988077,-0.03251525463540006
140000,E,feature_ae320_A32_popmean,True,0.0009247786166291545,0.024823058614296106
140000,E,feature_ae320_A33_popmean,True,0.00032353779725913923,0.008684454377392306
140000,E,feature_ae320_A34_popmean,True,0.0008988973451929474,0.024128349300822534
140000,E,feature_ae320_A35_popmean,True,0.004199807598761004,0.11273192126004435
140000,E,feature_ae320_A36_popmean,True,-0.0008594967796281392,-0.023070752887081217
140000,E,feature_ae320_A37_popmean,True,-0.0005629927962922363,-0.0151119445567726
140000,E,feature_ae320_A38_popmean,True,0.0034906220207801047,0.09369584618858454
140000,E,feature_ae320_A39_popmean,True,0.0015528712181032186,0.041682422770472995
140000,E,feature_ae320_A40_popmean,True,-0.005238602180591087,-0.14061541502742006
140000,E,feature_ae320_A41_popmean,True,0.003334820189209925,0.08951378798812752
140000,E,feature_ae320_A42_popmean,True,-0.0030224615622969062,-0.08112940672636633
140000,E,feature_ae320_A43_popmean,True,0.007953185786402611,0.21348071137919383
140000,E,feature_ae320_A44_popmean,True,0.002075323671248001,0.055706176817541725
140000,E,feature_ae320_A45_popmean,True,0.0013948907983375924,0.0374418865499801
140000,E,feature_ae320_A46_popmean,True,0.003080000199175959,0.08267386821169086
140000,E,feature_ae320_A47_popmean,True,0.002998840641826317,0.08049537012255481
140000,E,feature_ae320_A48_popmean,True,0.008418611431388364,0.2259737425310061
140000,E,feature_ae320_A49_popmean,True,-0.00010548583505988114,-0.002831468007136499
140000,E,feature_ae320_A50_popmean,True,0.003328906871930968,0.08935506176027039
140000,E,feature_ae320_A51_popmean,True,-0.001250030239062728,-0.033553515766833346
140000,E,feature_ae320_A52_popmean,True,0.002504299557897765,0.06722081760502101
140000,E,feature_ae320_A53_popmean,True,-0.0017312394462234758,-0.04647021187149717
140000,E,feature_ae320_A54_popmean,True,0.0032228562730486224,0.08650843427040344
140000,E,feature_ae320_A55_popmean,True,0.006159080808234241,0.1653230526353034
140000,E,feature_ae320_A56_popmean,True,0.0008938356328391209,0.023992481991405575
140000,E,feature_ae320_A57_popmean,True,0.0014729213582361203,0.03953639557866825
140000,E,feature_ae320_A58_popmean,True,-0.0014783408220343526,-0.039681865710765304
140000,E,feature_ae320_A59_popmean,True,0.001950362762921262,0.05235195571412035
140000,E,feature_ae320_A60_popmean,True,0.0011772964015523701,0.03160118222527362
140000,E,feature_ae320_A61_popmean,True,0.000238517873895127,0.006402335713424375
140000,E,feature_ae320_A62_popmean,True,0.002497618813751573,0.06704149197989732
140000,E,feature_ae320_A63_popmean,True,-0.001165105380160388,-0.031273948838666604
140000,E,feature_economic_log1p_retail_yuan_per_resident,True,0.005623482597701322,0.15094643802214108
140000,E,feature_health_log1p_motorized_mean_minutes,True,-0.000700939010970875,-0.018814719373376386
140000,E,feature_health_log1p_q90_minutes,True,-0.0033362058128519135,-0.08955098112415374
140000,E,feature_health_log1p_sd_minutes,True,0.003133981972226458,0.08412285577740737
140000,E,feature_health_population_fraction_ge60min,True,-0.0004793876738770785,-0.012867802210865512
140000,I,feature_control_log1p_population,True,-0.00601419547680508,-0.08736354865667828
140000,I,feature_control_log1p_population_density,True,-0.008013218579498839,-0.11640180535643975
140000,I,feature_control_worldpop_child_share,True,0.004373737616006207,0.06353389085891303
140000,I,feature_control_worldpop_elderly_share,True,0.00026186264282238893,0.0038038753189534205
140000,I,feature_control_urbanization_rate,True,0.02581659940172274,0.37501769716014083
140000,I,feature_ae320_A00_popmean,False,0.0,0.0
140000,I,feature_ae320_A01_popmean,False,0.0,0.0
140000,I,feature_ae320_A02_popmean,False,0.0,0.0
140000,I,feature_ae320_A03_popmean,False,0.0,0.0
140000,I,feature_ae320_A04_popmean,False,0.0,0.0
140000,I,feature_ae320_A05_popmean,False,0.0,0.0
140000,I,feature_ae320_A06_popmean,False,0.0,0.0
140000,I,feature_ae320_A07_popmean,False,0.0,0.0
140000,I,feature_ae320_A08_popmean,False,0.0,0.0
140000,I,feature_ae320_A09_popmean,False,0.0,0.0
140000,I,feature_ae320_A10_popmean,False,0.0,0.0
140000,I,feature_ae320_A11_popmean,False,0.0,0.0
140000,I,feature_ae320_A12_popmean,False,0.0,0.0
140000,I,feature_ae320_A13_popmean,False,0.0,0.0
140000,I,feature_ae320_A14_popmean,False,0.0,0.0
140000,I,feature_ae320_A15_popmean,False,0.0,0.0
140000,I,feature_ae320_A16_popmean,False,0.0,0.0
140000,I,feature_ae320_A17_popmean,False,0.0,0.0
140000,I,feature_ae320_A18_popmean,False,0.0,0.0
140000,I,feature_ae320_A19_popmean,False,0.0,0.0
140000,I,feature_ae320_A20_popmean,False,0.0,0.0
140000,I,feature_ae320_A21_popmean,False,0.0,0.0
140000,I,feature_ae320_A22_popmean,False,0.0,0.0
140000,I,feature_ae320_A23_popmean,False,0.0,0.0
140000,I,feature_ae320_A24_popmean,False,0.0,0.0
140000,I,feature_ae320_A25_popmean,False,0.0,0.0
140000,I,feature_ae320_A26_popmean,False,0.0,0.0
140000,I,feature_ae320_A27_popmean,False,0.0,0.0
140000,I,feature_ae320_A28_popmean,False,0.0,0.0
140000,I,feature_ae320_A29_popmean,False,0.0,0.0
140000,I,feature_ae320_A30_popmean,False,0.0,0.0
140000,I,feature_ae320_A31_popmean,False,0.0,0.0
140000,I,feature_ae320_A32_popmean,False,0.0,0.0
140000,I,feature_ae320_A33_popmean,False,0.0,0.0
140000,I,feature_ae320_A34_popmean,False,0.0,0.0
140000,I,feature_ae320_A35_popmean,False,0.0,0.0
140000,I,feature_ae320_A36_popmean,False,0.0,0.0
140000,I,feature_ae320_A37_popmean,False,0.0,0.0
140000,I,feature_ae320_A38_popmean,False,0.0,0.0
140000,I,feature_ae320_A39_popmean,False,0.0,0.0
140000,I,feature_ae320_A40_popmean,False,0.0,0.0
140000,I,feature_ae320_A41_popmean,False,0.0,0.0
140000,I,feature_ae320_A42_popmean,False,0.0,0.0
140000,I,feature_ae320_A43_popmean,False,0.0,0.0
140000,I,feature_ae320_A44_popmean,False,0.0,0.0
140000,I,feature_ae320_A45_popmean,False,0.0,0.0
140000,I,feature_ae320_A46_popmean,False,0.0,0.0
140000,I,feature_ae320_A47_popmean,False,0.0,0.0
140000,I,feature_ae320_A48_popmean,False,0.0,0.0
140000,I,feature_ae320_A49_popmean,False,0.0,0.0
140000,I,feature_ae320_A50_popmean,False,0.0,0.0
140000,I,feature_ae320_A51_popmean,False,0.0,0.0
140000,I,feature_ae320_A52_popmean,False,0.0,0.0
140000,I,feature_ae320_A53_popmean,False,0.0,0.0
140000,I,feature_ae320_A54_popmean,False,0.0,0.0
140000,I,feature_ae320_A55_popmean,False,0.0,0.0
140000,I,feature_ae320_A56_popmean,False,0.0,0.0
140000,I,feature_ae320_A57_popmean,False,0.0,0.0
140000,I,feature_ae320_A58_popmean,False,0.0,0.0
140000,I,feature_ae320_A59_popmean,False,0.0,0.0
140000,I,feature_ae320_A60_popmean,False,0.0,0.0
140000,I,feature_ae320_A61_popmean,False,0.0,0.0
140000,I,feature_ae320_A62_popmean,False,0.0,0.0
140000,I,feature_ae320_A63_popmean,False,0.0,0.0
140000,I,feature_economic_log1p_retail_yuan_per_resident,True,0.04993417093463447,0.7253549354861143
140000,I,feature_health_log1p_motorized_mean_minutes,False,0.0,0.0
140000,I,feature_health_log1p_q90_minutes,False,0.0,0.0
140000,I,feature_health_log1p_sd_minutes,False,0.0,0.0
140000,I,feature_health_population_fraction_ge60min,False,0.0,0.0
150000,H,feature_control_log1p_population,True,0.002007074533430892,0.0557561103550859
150000,H,feature_control_log1p_population_density,True,0.002034704847988476,0.05652367470905384
150000,H,feature_control_worldpop_child_share,True,-0.005447985352895495,-0.1513438925607253
150000,H,feature_control_worldpop_elderly_share,True,0.0021801777675406015,0.06056488195926985
150000,H,feature_control_urbanization_rate,True,0.003219607941469528,0.0894400345849772
150000,H,feature_ae320_A00_popmean,True,0.003837172662204882,0.10659585323904004
150000,H,feature_ae320_A01_popmean,True,-0.00042891836350183267,-0.011915262343472144
150000,H,feature_ae320_A02_popmean,True,0.0022755101733263135,0.06321319623403568
150000,H,feature_ae320_A03_popmean,True,0.0007327476156762976,0.020355575361835684
150000,H,feature_ae320_A04_popmean,True,0.0019002606035077084,0.0527888417434529
150000,H,feature_ae320_A05_popmean,True,-0.0017082898114032508,-0.04745593332812227
150000,H,feature_ae320_A06_popmean,True,-0.0015042835795021374,-0.04178868291487529
150000,H,feature_ae320_A07_popmean,True,-0.0003011983833266475,-0.008367228032546936
150000,H,feature_ae320_A08_popmean,True,0.0006102163528099446,0.01695168253148522
150000,H,feature_ae320_A09_popmean,True,-0.0005831325176970915,-0.016199299262085732
150000,H,feature_ae320_A10_popmean,True,0.00018096888421325976,0.005027277717376657
150000,H,feature_ae320_A11_popmean,True,-0.000708473396763384,-0.019681242642273767
150000,H,feature_ae320_A12_popmean,True,-0.0008471576379142042,-0.023533861827720035
150000,H,feature_ae320_A13_popmean,True,-0.0018968463419999282,-0.05269399427354678
150000,H,feature_ae320_A14_popmean,True,-5.966032904408678e-05,-0.001657351450878431
150000,H,feature_ae320_A15_popmean,True,0.0006813917621187274,0.018928920501420105
150000,H,feature_ae320_A16_popmean,True,0.0021388737153432125,0.05941746403628262
150000,H,feature_ae320_A17_popmean,True,0.00023783561542415133,0.00660702360529221
150000,H,feature_ae320_A18_popmean,True,0.0008702837678530674,0.024176300875936734
150000,H,feature_ae320_A19_popmean,True,0.003185297337847075,0.08848689319931427
150000,H,feature_ae320_A20_popmean,True,0.0002972555350115367,0.008257696531793503
150000,H,feature_ae320_A21_popmean,True,0.0006828106727575267,0.01896833754191519
150000,H,feature_ae320_A22_popmean,True,-0.0003792976308531036,-0.010536808778654386
150000,H,feature_ae320_A23_popmean,True,0.0005732648299004071,0.01592517696090692
150000,H,feature_ae320_A24_popmean,True,-0.0011765008688172586,-0.03268294783377967
150000,H,feature_ae320_A25_popmean,True,0.0013098136099778438,0.036386347874027614
150000,H,feature_ae320_A26_popmean,True,-0.00012855442107598548,-0.003571214904458169
150000,H,feature_ae320_A27_popmean,True,-0.0003598448241906861,-0.009996413882042417
150000,H,feature_ae320_A28_popmean,True,0.001759371611811245,0.04887497504941601
150000,H,feature_ae320_A29_popmean,True,0.0008229323826524676,0.022860889308137212
150000,H,feature_ae320_A30_popmean,True,0.0017376887365947846,0.048272629315240435
150000,H,feature_ae320_A31_popmean,True,-0.0015757177245007685,-0.04377310850810751
150000,H,feature_ae320_A32_popmean,True,-0.0005969665493012125,-0.016583605763875978
150000,H,feature_ae320_A33_popmean,True,0.0010916613318292998,0.030326123257519905
150000,H,feature_ae320_A34_popmean,True,0.00025861969920044133,0.007184401101422986
150000,H,feature_ae320_A35_popmean,True,0.002032616526260893,0.056465661568654416
150000,H,feature_ae320_A36_popmean,True,0.0005447703462944598,0.015133606171690342
150000,H,feature_ae320_A37_popmean,True,0.0006970598635945482,0.019364177080281295
150000,H,feature_ae320_A38_popmean,True,0.000984403378828328,0.027346519777742752
150000,H,feature_ae320_A39_popmean,True,0.0018635859573839638,0.051770027752019415
150000,H,feature_ae320_A40_popmean,True,-0.0023722232825119645,-0.06589986616019979
150000,H,feature_ae320_A41_popmean,True,-0.0005771276075350277,-0.016032484114919233
150000,H,feature_ae320_A42_popmean,True,0.0004628792193046894,0.012858687807926844
150000,H,feature_ae320_A43_popmean,True,0.0011353266986454883,0.03153913800627315
150000,H,feature_ae320_A44_popmean,True,0.00015603470733702537,0.004334611503756731
150000,H,feature_ae320_A45_popmean,True,0.0007832765444110029,0.02175925842378985
150000,H,feature_ae320_A46_popmean,True,-0.0014200991222150627,-0.03945005631556431
150000,H,feature_ae320_A47_popmean,True,-0.00039674745829247827,-0.011021561331776489
150000,H,feature_ae320_A48_popmean,True,0.0011035970365374944,0.030657694635558484
150000,H,feature_ae320_A49_popmean,True,-0.00015545027696755033,-0.004318376150443961
150000,H,feature_ae320_A50_popmean,True,-0.001526378204282527,-0.04240246696573651
150000,H,feature_ae320_A51_popmean,True,-0.0007716236889064003,-0.021435544537412213
150000,H,feature_ae320_A52_popmean,True,-0.0031118672308324703,-0.0864470201991355
150000,H,feature_ae320_A53_popmean,True,0.00013345841666722336,0.0037074468753249988
150000,H,feature_ae320_A54_popmean,True,0.001315238704307763,0.036537055858762324
150000,H,feature_ae320_A55_popmean,True,-0.0006975636146982604,-0.01937817118048148
150000,H,feature_ae320_A56_popmean,True,0.0013881716652221288,0.03856311824435462
150000,H,feature_ae320_A57_popmean,True,0.0018754347972873308,0.052099186043965136
150000,H,feature_ae320_A58_popmean,True,0.0016363093018525482,0.04545632984201563
150000,H,feature_ae320_A59_popmean,True,0.000933773073248668,0.025940020488259115
150000,H,feature_ae320_A60_popmean,True,0.0017277605992455877,0.04799682773814802
150000,H,feature_ae320_A61_popmean,True,-0.0012809337564185486,-0.035584071588184725
150000,H,feature_ae320_A62_popmean,True,0.0014616345758437798,0.040603902521869656
150000,H,feature_ae320_A63_popmean,True,-0.0002427535406109722,-0.006743642537408156
150000,H,feature_economic_log1p_retail_yuan_per_resident,False,0.0,0.0
150000,H,feature_health_log1p_motorized_mean_minutes,False,0.0,0.0
150000,H,feature_health_log1p_q90_minutes,False,0.0,0.0
150000,H,feature_health_log1p_sd_minutes,False,0.0,0.0
150000,H,feature_health_population_fraction_ge60min,False,0.0,0.0
150000,E,feature_control_log1p_population,True,0.0030918852818187983,0.082566882654582
150000,E,feature_control_log1p_population_density,True,0.0008071768826296275,0.02155515902917565
150000,E,feature_control_worldpop_child_share,True,-0.00820377271657287,-0.219076672474626
150000,E,feature_control_worldpop_elderly_share,True,-0.004407700021647258,-0.11770490082667823
150000,E,feature_control_urbanization_rate,True,0.013435664648259477,0.35879110810559806
150000,E,feature_ae320_A00_popmean,True,0.005320372066516285,0.1420772428647017
150000,E,feature_ae320_A01_popmean,True,-0.0026959959828513538,-0.07199490397081226
150000,E,feature_ae320_A02_popmean,True,0.0053986848436456516,0.14416853710437388
150000,E,feature_ae320_A03_popmean,True,0.0004967873268499104,0.013266398065121976
150000,E,feature_ae320_A04_popmean,True,-0.0021769408378126565,-0.05813385760415771
150000,E,feature_ae320_A05_popmean,True,0.003411954138188368,0.09111412334965294
150000,E,feature_ae320_A06_popmean,True,-0.00014246365690935903,-0.0038044037764746025
150000,E,feature_ae320_A07_popmean,True,-0.00242897301067221,-0.06486422077902716
150000,E,feature_ae320_A08_popmean,True,-0.0034638457613763132,-0.092499857027325
150000,E,feature_ae320_A09_popmean,True,0.0009193744497900532,0.024551325612825553
150000,E,feature_ae320_A10_popmean,True,-0.002798329621542291,-0.07472766045019907
150000,E,feature_ae320_A11_popmean,True,-0.0021841947134830756,-0.058327567863976304
150000,E,feature_ae320_A12_popmean,True,-0.0023578188534371567,-0.06296409305263351
150000,E,feature_ae320_A13_popmean,True,0.0048067828664261555,0.1283621611746212
150000,E,feature_ae320_A14_popmean,True,-0.0013976146015088713,-0.037322432846289624
150000,E,feature_ae320_A15_popmean,True,-0.0010192643705059944,-0.027218824116287805
150000,E,feature_ae320_A16_popmean,True,0.003834017330723701,0.10238505966019533
150000,E,feature_ae320_A17_popmean,True,0.00036626632845325523,0.009780915592034837
150000,E,feature_ae320_A18_popmean,True,0.0019885940352114806,0.05310417282245422
150000,E,feature_ae320_A19_popmean,True,0.0026240196874551653,0.0700728215537076
150000,E,feature_ae320_A20_popmean,True,-0.0001484072085261555,-0.00396312264349764
150000,E,feature_ae320_A21_popmean,True,-0.0010970737853718568,-0.029296676378281226
150000,E,feature_ae320_A22_popmean,True,0.002234970426063968,0.05968350183960659
150000,E,feature_ae320_A23_popmean,True,-0.0008656375898424729,-0.023116316029640895
150000,E,feature_ae320_A24_popmean,True,0.0026447964917526074,0.07062765325217055
150000,E,feature_ae320_A25_popmean,True,0.0009117966213026864,0.02434896439354871
150000,E,feature_ae320_A26_popmean,True,-0.0005037131637056828,-0.013451348251442912
150000,E,feature_ae320_A27_popmean,True,-0.004113361060429449,-0.10984476105550069
150000,E,feature_ae320_A28_popmean,True,0.0030265498522937134,0.0808221404500423
150000,E,feature_ae320_A29_popmean,True,0.0028551846067131096,0.07624593763743208
150000,E,feature_ae320_A30_popmean,True,-0.0012360929328922548,-0.03300909666358515
150000,E,feature_ae320_A31_popmean,True,-0.0025264170053012247,-0.06746640234030252
150000,E,feature_ae320_A32_popmean,True,0.0008806893656705498,0.023518264386472826
150000,E,feature_ae320_A33_popmean,True,0.00014495538636766274,0.0038709438693430237
150000,E,feature_ae320_A34_popmean,True,0.002149084840320484,0.05738998043326553
150000,E,feature_ae320_A35_popmean,True,0.004769580176937742,0.1273686863793281
150000,E,feature_ae320_A36_popmean,True,6.204773499473386e-05,0.0016569463571038897
150000,E,feature_ae320_A37_popmean,True,-0.0006688405252428561,-0.017860972231760936
150000,E,feature_ae320_A38_popmean,True,0.003775123639086628,0.10081234007868715
150000,E,feature_ae320_A39_popmean,True,0.000509744553603752,0.013612412785397732
150000,E,feature_ae320_A40_popmean,True,-0.004488884559481002,-0.11987288365841578
150000,E,feature_ae320_A41_popmean,True,0.002823456644007741,0.07539866203216702
150000,E,feature_ae320_A42_popmean,True,-0.002996666437585012,-0.08002412235730111
150000,E,feature_ae320_A43_popmean,True,0.0080360932288055,0.21459889554303016
150000,E,feature_ae320_A44_popmean,True,0.0008495662818028475,0.022687141696163423
150000,E,feature_ae320_A45_popmean,True,0.0018630979526417825,0.04975287761623406
150000,E,feature_ae320_A46_popmean,True,0.0017885946381061201,0.047763312717168716
150000,E,feature_ae320_A47_popmean,True,0.002700459441317371,0.07211409786638283
150000,E,feature_ae320_A48_popmean,True,0.007898232049865912,0.21091739809192442
150000,E,feature_ae320_A49_popmean,True,0.0005706581331593735,0.015239072223512777
150000,E,feature_ae320_A50_popmean,True,0.0023372433363323232,0.06241463660405765
150000,E,feature_ae320_A51_popmean,True,-0.0008082878389094084,-0.02158482642897422
150000,E,feature_ae320_A52_popmean,True,0.003119412349522341,0.08330197595906778
150000,E,feature_ae320_A53_popmean,True,-0.0005491099929530728,-0.01466364247704058
150000,E,feature_ae320_A54_popmean,True,0.002920618721053906,0.07799331515889203
150000,E,feature_ae320_A55_popmean,True,0.005358021431790558,0.14308264586037553
150000,E,feature_ae320_A56_popmean,True,0.0003933301903014004,0.010503639270864581
150000,E,feature_ae320_A57_popmean,True,0.0015987819654786394,0.042694482783748086
150000,E,feature_ae320_A58_popmean,True,-0.00047847684046166015,-0.012777427859837504
150000,E,feature_ae320_A59_popmean,True,0.0020151823623607485,0.053814197641494026
150000,E,feature_ae320_A60_popmean,True,0.0006162508524374941,0.016456597571130282
150000,E,feature_ae320_A61_popmean,True,0.0010046807544022006,0.02682937767511419
150000,E,feature_ae320_A62_popmean,True,0.0034056240381032978,0.09094508194504808
150000,E,feature_ae320_A63_popmean,True,-0.0010762935382589809,-0.02874175274156313
150000,E,feature_economic_log1p_retail_yuan_per_resident,True,0.005964975553095547,0.15929097998104647
150000,E,feature_health_log1p_motorized_mean_minutes,False,0.0,0.0
150000,E,feature_health_log1p_q90_minutes,False,0.0,0.0
150000,E,feature_health_log1p_sd_minutes,False,0.0,0.0
150000,E,feature_health_population_fraction_ge60min,False,0.0,0.0
150000,I,feature_control_log1p_population,True,-0.006601425027626632,-0.09721535688018285
150000,I,feature_control_log1p_population_density,True,-0.006266792280961109,-0.0922874145412572
150000,I,feature_control_worldpop_child_share,True,0.006713759181978281,0.09886963680602112
150000,I,feature_control_worldpop_elderly_share,True,0.005335557659892866,0.07857366248810713
150000,I,feature_control_urbanization_rate,True,0.02420707287340349,0.35648351962857633
150000,I,feature_ae320_A00_popmean,False,0.0,0.0
150000,I,feature_ae320_A01_popmean,False,0.0,0.0
150000,I,feature_ae320_A02_popmean,False,0.0,0.0
150000,I,feature_ae320_A03_popmean,False,0.0,0.0
150000,I,feature_ae320_A04_popmean,False,0.0,0.0
150000,I,feature_ae320_A05_popmean,False,0.0,0.0
150000,I,feature_ae320_A06_popmean,False,0.0,0.0
150000,I,feature_ae320_A07_popmean,False,0.0,0.0
150000,I,feature_ae320_A08_popmean,False,0.0,0.0
150000,I,feature_ae320_A09_popmean,False,0.0,0.0
150000,I,feature_ae320_A10_popmean,False,0.0,0.0
150000,I,feature_ae320_A11_popmean,False,0.0,0.0
150000,I,feature_ae320_A12_popmean,False,0.0,0.0
150000,I,feature_ae320_A13_popmean,False,0.0,0.0
150000,I,feature_ae320_A14_popmean,False,0.0,0.0
150000,I,feature_ae320_A15_popmean,False,0.0,0.0
150000,I,feature_ae320_A16_popmean,False,0.0,0.0
150000,I,feature_ae320_A17_popmean,False,0.0,0.0
150000,I,feature_ae320_A18_popmean,False,0.0,0.0
150000,I,feature_ae320_A19_popmean,False,0.0,0.0
150000,I,feature_ae320_A20_popmean,False,0.0,0.0
150000,I,feature_ae320_A21_popmean,False,0.0,0.0
150000,I,feature_ae320_A22_popmean,False,0.0,0.0
150000,I,feature_ae320_A23_popmean,False,0.0,0.0
150000,I,feature_ae320_A24_popmean,False,0.0,0.0
150000,I,feature_ae320_A25_popmean,False,0.0,0.0
150000,I,feature_ae320_A26_popmean,False,0.0,0.0
150000,I,feature_ae320_A27_popmean,False,0.0,0.0
150000,I,feature_ae320_A28_popmean,False,0.0,0.0
150000,I,feature_ae320_A29_popmean,False,0.0,0.0
150000,I,feature_ae320_A30_popmean,False,0.0,0.0
150000,I,feature_ae320_A31_popmean,False,0.0,0.0
150000,I,feature_ae320_A32_popmean,False,0.0,0.0
150000,I,feature_ae320_A33_popmean,False,0.0,0.0
150000,I,feature_ae320_A34_popmean,False,0.0,0.0
150000,I,feature_ae320_A35_popmean,False,0.0,0.0
150000,I,feature_ae320_A36_popmean,False,0.0,0.0
150000,I,feature_ae320_A37_popmean,False,0.0,0.0
150000,I,feature_ae320_A38_popmean,False,0.0,0.0
150000,I,feature_ae320_A39_popmean,False,0.0,0.0
150000,I,feature_ae320_A40_popmean,False,0.0,0.0
150000,I,feature_ae320_A41_popmean,False,0.0,0.0
150000,I,feature_ae320_A42_popmean,False,0.0,0.0
150000,I,feature_ae320_A43_popmean,False,0.0,0.0
150000,I,feature_ae320_A44_popmean,False,0.0,0.0
150000,I,feature_ae320_A45_popmean,False,0.0,0.0
150000,I,feature_ae320_A46_popmean,False,0.0,0.0
150000,I,feature_ae320_A47_popmean,False,0.0,0.0
150000,I,feature_ae320_A48_popmean,False,0.0,0.0
150000,I,feature_ae320_A49_popmean,False,0.0,0.0
150000,I,feature_ae320_A50_popmean,False,0.0,0.0
150000,I,feature_ae320_A51_popmean,False,0.0,0.0
150000,I,feature_ae320_A52_popmean,False,0.0,0.0
150000,I,feature_ae320_A53_popmean,False,0.0,0.0
150000,I,feature_ae320_A54_popmean,False,0.0,0.0
150000,I,feature_ae320_A55_popmean,False,0.0,0.0
150000,I,feature_ae320_A56_popmean,False,0.0,0.0
150000,I,feature_ae320_A57_popmean,False,0.0,0.0
150000,I,feature_ae320_A58_popmean,False,0.0,0.0
150000,I,feature_ae320_A59_popmean,False,0.0,0.0
150000,I,feature_ae320_A60_popmean,False,0.0,0.0
150000,I,feature_ae320_A61_popmean,False,0.0,0.0
150000,I,feature_ae320_A62_popmean,False,0.0,0.0
150000,I,feature_ae320_A63_popmean,False,0.0,0.0
150000,I,feature_economic_log1p_retail_yuan_per_resident,True,0.048208035072235374,0.7099317669180077
150000,I,feature_health_log1p_motorized_mean_minutes,True,0.010506620939609693,0.15472491166292582
150000,I,feature_health_log1p_q90_minutes,True,-0.018151307798751022,-0.2673037803372641
150000,I,feature_health_log1p_sd_minutes,True,-0.0034502998046106632,-0.050810563695736305
150000,I,feature_health_population_fraction_ge60min,True,0.00952820790631247,0.1403163905011838
210000,H,feature_control_log1p_population,True,0.0015081636823109225,0.04193466247349371
210000,H,feature_control_log1p_population_density,True,0.0015704251240498041,0.043665848932268825
210000,H,feature_control_worldpop_child_share,True,-0.004619285980802607,-0.1284397713228874
210000,H,feature_control_worldpop_elderly_share,True,0.0024709351672840226,0.06870463295812171
210000,H,feature_control_urbanization_rate,True,0.0021438731225015086,0.05961063565749059
210000,H,feature_ae320_A00_popmean,True,0.003658550495217315,0.10172641203247217
210000,H,feature_ae320_A01_popmean,True,-0.0002684510980699368,-0.007464313270660454
210000,H,feature_ae320_A02_popmean,True,0.002260386998043152,0.06285031719976909
210000,H,feature_ae320_A03_popmean,True,0.00031661297234921137,0.00880345965488949
210000,H,feature_ae320_A04_popmean,True,0.001477029697913091,0.04106897850132859
210000,H,feature_ae320_A05_popmean,True,-0.001755764226396621,-0.04881922372256017
210000,H,feature_ae320_A06_popmean,True,-0.0016149372814762983,-0.04490351452489661
210000,H,feature_ae320_A07_popmean,True,-0.0003575908694639883,-0.009942854738153043
210000,H,feature_ae320_A08_popmean,True,0.0004893912853868595,0.013607580271871499
210000,H,feature_ae320_A09_popmean,True,-0.0005776559484767465,-0.016061789253578023
210000,H,feature_ae320_A10_popmean,True,7.904832613520554e-05,0.002197947685953562
210000,H,feature_ae320_A11_popmean,True,-0.0004280328699302063,-0.011901502561433241
210000,H,feature_ae320_A12_popmean,True,-0.001049699313857844,-0.0291870086394321
210000,H,feature_ae320_A13_popmean,True,-0.0011988713176000335,-0.03333475314541194
210000,H,feature_ae320_A14_popmean,True,3.0064356244551025e-05,0.0008359428398821545
210000,H,feature_ae320_A15_popmean,True,0.0008762569813488883,0.024364424885635623
210000,H,feature_ae320_A16_popmean,True,0.0019665261851428235,0.05467948392238928
210000,H,feature_ae320_A17_popmean,True,-0.000674516542890711,-0.018755009082017167
210000,H,feature_ae320_A18_popmean,True,0.0005272531248916831,0.014660333019389953
210000,H,feature_ae320_A19_popmean,True,0.002880205254549059,0.08008443421660233
210000,H,feature_ae320_A20_popmean,True,0.0006195552193137209,0.017226803237830556
210000,H,feature_ae320_A21_popmean,True,0.0005020432383836545,0.013959369261869022
210000,H,feature_ae320_A22_popmean,True,-0.0006439913253042066,-0.017906251940180546
210000,H,feature_ae320_A23_popmean,True,-2.9296867523520037e-05,-0.0008146027288278076
210000,H,feature_ae320_A24_popmean,True,-0.000935764199823176,-0.02601902985373301
210000,H,feature_ae320_A25_popmean,True,0.000986095945595804,0.027418509761273788
210000,H,feature_ae320_A26_popmean,True,-6.733473010505403e-07,-1.8722498179856788e-05
210000,H,feature_ae320_A27_popmean,True,-8.984970421468018e-05,-0.002498281230199446
210000,H,feature_ae320_A28_popmean,True,0.0015289043270823863,0.04251135845694377
210000,H,feature_ae320_A29_popmean,True,0.0006009587123813398,0.016709725250512588
210000,H,feature_ae320_A30_popmean,True,0.0014827487082336725,0.04122799623281814
210000,H,feature_ae320_A31_popmean,True,-0.0011606022584526232,-0.032270677609482164
210000,H,feature_ae320_A32_popmean,True,-0.00036303530455314003,-0.010094237874148327
210000,H,feature_ae320_A33_popmean,True,0.0009239245009810587,0.02568982568275653
210000,H,feature_ae320_A34_popmean,True,0.000198735727161457,0.005525869464758745
210000,H,feature_ae320_A35_popmean,True,0.0020372058254585585,0.05664473934867479
210000,H,feature_ae320_A36_popmean,True,0.000819025572706047,0.0227730990683724
210000,H,feature_ae320_A37_popmean,True,0.0006934738846842995,0.019282120123632143
210000,H,feature_ae320_A38_popmean,True,0.0003252148771655129,0.009042636595251827
210000,H,feature_ae320_A39_popmean,True,0.0017799475099900936,0.04949164266944738
210000,H,feature_ae320_A40_popmean,True,-0.0025394502552617995,-0.07060970276081535
210000,H,feature_ae320_A41_popmean,True,-0.00026539671979473005,-0.007379385935823094
210000,H,feature_ae320_A42_popmean,True,0.0002102005202871174,0.005844649339709933
210000,H,feature_ae320_A43_popmean,True,0.0011728447124696947,0.0326110804338404
210000,H,feature_ae320_A44_popmean,True,0.00027920029060291533,0.0077631957898591395
210000,H,feature_ae320_A45_popmean,True,0.0003620054251015819,0.010065601959031143
210000,H,feature_ae320_A46_popmean,True,-0.0007795614521028365,-0.021675794712937256
210000,H,feature_ae320_A47_popmean,True,-0.0001845294328975086,-0.00513086183929665
210000,H,feature_ae320_A48_popmean,True,0.0011726128619878222,0.03260463380485996
210000,H,feature_ae320_A49_popmean,True,0.00014067831712763991,0.003911576585007894
210000,H,feature_ae320_A50_popmean,True,-0.0013450175447589367,-0.037398365589846654
210000,H,feature_ae320_A51_popmean,True,-0.0008777215260900005,-0.024405146718495148
210000,H,feature_ae320_A52_popmean,True,-0.0021783785568714018,-0.06057006317903493
210000,H,feature_ae320_A53_popmean,True,6.356286633325593e-05,0.001767372717428537
210000,H,feature_ae320_A54_popmean,True,0.001049310199925183,0.029176189282341582
210000,H,feature_ae320_A55_popmean,True,-0.00025747970103391464,-0.007159252330018186
210000,H,feature_ae320_A56_popmean,True,0.0014696063532983804,0.040862571561224234
210000,H,feature_ae320_A57_popmean,True,0.0013828497549942171,0.038450294492160364
210000,H,feature_ae320_A58_popmean,True,0.001723179020303352,0.04791318836633365
210000,H,feature_ae320_A59_popmean,True,0.0008198334060952074,0.022795560967506158
210000,H,feature_ae320_A60_popmean,True,0.0015688051333081425,0.04362080490570954
210000,H,feature_ae320_A61_popmean,True,-0.0013085233565615475,-0.03638364054225982
210000,H,feature_ae320_A62_popmean,True,0.0013698675260686046,0.03808932214245161
210000,H,feature_ae320_A63_popmean,True,0.0001620612885480026,0.004506132533881625
210000,H,feature_economic_log1p_retail_yuan_per_resident,True,0.001403722071226004,0.03903065161551905
210000,H,feature_health_log1p_motorized_mean_minutes,True,-0.0009856748800143506,-0.02740680198495975
210000,H,feature_health_log1p_q90_minutes,True,-0.0023991684228036694,-0.06670915047707318
210000,H,feature_health_log1p_sd_minutes,True,-0.00028749140601507444,-0.007993731195541979
210000,H,feature_health_population_fraction_ge60min,True,-0.0016950044192643693,-0.0471297903845677
210000,E,feature_control_log1p_population,True,0.0023307861385803764,0.06315401907415744
210000,E,feature_control_log1p_population_density,True,0.003329883485181088,0.09022514835528155
210000,E,feature_control_worldpop_child_share,True,-0.007041375810386001,-0.19079021231363533
210000,E,feature_control_worldpop_elderly_share,True,-0.004356248444670611,-0.11803510961930719
210000,E,feature_control_urbanization_rate,True,0.012661659823626078,0.34307510791136403
210000,E,feature_ae320_A00_popmean,True,0.0049908069048830795,0.1352288437146776
210000,E,feature_ae320_A01_popmean,True,-0.0025455059365363988,-0.06897197808431921
210000,E,feature_ae320_A02_popmean,True,0.0057264349488691385,0.15516111753096049
210000,E,feature_ae320_A03_popmean,True,0.0005694716745848244,0.01543016941950213
210000,E,feature_ae320_A04_popmean,True,-0.002281756960426093,-0.061825544701887565
210000,E,feature_ae320_A05_popmean,True,0.0032828166666185855,0.08894984526845838
210000,E,feature_ae320_A06_popmean,True,0.00044173835257798396,0.011969160054078828
210000,E,feature_ae320_A07_popmean,True,-0.0017637400870407487,-0.047789573335402936
210000,E,feature_ae320_A08_popmean,True,-0.003874228178402342,-0.10497448746004812
210000,E,feature_ae320_A09_popmean,True,0.0009776633417867909,0.02649036233453569
210000,E,feature_ae320_A10_popmean,True,-0.0021291059425305706,-0.0576893757345643
210000,E,feature_ae320_A11_popmean,True,-0.0012645747558254045,-0.034264395573734674
210000,E,feature_ae320_A12_popmean,True,-0.0025187027494705484,-0.06824572999180398
210000,E,feature_ae320_A13_popmean,True,0.00466966443131789,0.12652729981695604
210000,E,feature_ae320_A14_popmean,True,-0.00192000302962043,-0.052023609522983794
210000,E,feature_ae320_A15_popmean,True,-0.0015556577110606882,-0.04215145917120736
210000,E,feature_ae320_A16_popmean,True,0.003968901058789935,0.10753970474654062
210000,E,feature_ae320_A17_popmean,True,-0.0015248539488615593,-0.04131681314629815
210000,E,feature_ae320_A18_popmean,True,0.0016807198769004665,0.045540091991767805
210000,E,feature_ae320_A19_popmean,True,0.0030565420959522303,0.0828188029066896
210000,E,feature_ae320_A20_popmean,True,0.0010425192892316638,0.02824767231429247
210000,E,feature_ae320_A21_popmean,True,-3.3510413668879475e-05,-0.0009079843358414326
210000,E,feature_ae320_A22_popmean,True,0.0019339745360420013,0.05240217569361499
210000,E,feature_ae320_A23_popmean,True,-0.0019362088595490424,-0.05246271600104424
210000,E,feature_ae320_A24_popmean,True,0.002312495701042054,0.06265842892881984
210000,E,feature_ae320_A25_popmean,True,0.000706661581210237,0.019147410498119605
210000,E,feature_ae320_A26_popmean,True,-0.0003331128326320401,-0.009025887805692818
210000,E,feature_ae320_A27_popmean,True,-0.004006547269450181,-0.10855975093042389
210000,E,feature_ae320_A28_popmean,True,0.0027384986079520526,0.07420122784259191
210000,E,feature_ae320_A29_popmean,True,0.002173571435725281,0.05889419438303582
210000,E,feature_ae320_A30_popmean,True,-0.0007087279703155469,-0.019203400524322036
210000,E,feature_ae320_A31_popmean,True,-0.0023200823293542884,-0.06286399307784607
210000,E,feature_ae320_A32_popmean,True,0.0013365711734572238,0.0362151807861267
210000,E,feature_ae320_A33_popmean,True,-9.31432369651536e-05,-0.0025237706997472023
210000,E,feature_ae320_A34_popmean,True,0.0013419446713149835,0.03636077886592762
210000,E,feature_ae320_A35_popmean,True,0.004728046008445273,0.12810918293117768
210000,E,feature_ae320_A36_popmean,True,-0.000490864350709046,-0.013300257820472691
210000,E,feature_ae320_A37_popmean,True,-0.0007952247529200527,-0.021547081640336117
210000,E,feature_ae320_A38_popmean,True,0.0038371333741146073,0.10396938195561664
210000,E,feature_ae320_A39_popmean,True,0.00035631032134260594,0.009654437383987432
210000,E,feature_ae320_A40_popmean,True,-0.005250761685854221,-0.14227247115184316
210000,E,feature_ae320_A41_popmean,True,0.0035157343938651588,0.09526088785866307
210000,E,feature_ae320_A42_popmean,True,-0.0035716140980822414,-0.09677498125726779
210000,E,feature_ae320_A43_popmean,True,0.007262837713923723,0.1967908526335315
210000,E,feature_ae320_A44_popmean,True,0.002247203363305187,0.060889294697850906
210000,E,feature_ae320_A45_popmean,True,0.001958424087212803,0.053064650639487045
210000,E,feature_ae320_A46_popmean,True,0.002747818740110905,0.07445376229626441
210000,E,feature_ae320_A47_popmean,True,0.0029686988226808723,0.08043863783539107
210000,E,feature_ae320_A48_popmean,True,0.008282453667908451,0.2244179456303548
210000,E,feature_ae320_A49_popmean,True,0.0004543503275321275,0.012310888921276358
210000,E,feature_ae320_A50_popmean,True,0.002583487673103326,0.0700011155396665
210000,E,feature_ae320_A51_popmean,True,-0.0002771331207392545,-0.007509084640389928
210000,E,feature_ae320_A52_popmean,True,0.002663097792391222,0.07215819846923377
210000,E,feature_ae320_A53_popmean,True,-0.0008750942246419575,-0.0237111918763959
210000,E,feature_ae320_A54_popmean,True,0.0021042382104461037,0.05701556993127854
210000,E,feature_ae320_A55_popmean,True,0.006851431147544862,0.18564355013749503
210000,E,feature_ae320_A56_popmean,True,0.0002986727458520453,0.008092713430997
210000,E,feature_ae320_A57_popmean,True,0.0007300393349586723,0.01978084446346783
210000,E,feature_ae320_A58_popmean,True,-0.0012520515250286882,-0.033925071281593645
210000,E,feature_ae320_A59_popmean,True,0.001573297108979431,0.04262940901575871
210000,E,feature_ae320_A60_popmean,True,0.00016430458579866678,0.004451929232692538
210000,E,feature_ae320_A61_popmean,True,0.0006787510220758902,0.018391157509154033
210000,E,feature_ae320_A62_popmean,True,0.003854648521809308,0.10444396516738721
210000,E,feature_ae320_A63_popmean,True,-0.0007239289626481858,-0.019615280337673898
210000,E,feature_economic_log1p_retail_yuan_per_resident,True,0.005794131320830047,0.15699539048089076
210000,E,feature_health_log1p_motorized_mean_minutes,True,-0.00036350908342593064,-0.009849492069784352
210000,E,feature_health_log1p_q90_minutes,True,-0.0031816145580249536,-0.08620771470972768
210000,E,feature_health_log1p_sd_minutes,True,0.0029977755966059992,0.08122649009892001
210000,E,feature_health_population_fraction_ge60min,True,-0.00022722788734301302,-0.006156873036915168
210000,I,feature_control_log1p_population,True,-0.005851488135685146,-0.08588599243065993
210000,I,feature_control_log1p_population_density,True,-0.008104532330544936,-0.11895534712790105
210000,I,feature_control_worldpop_child_share,True,0.003704942823639503,0.05437978919697017
210000,I,feature_control_worldpop_elderly_share,True,9.58448273062143e-05,0.0014067751521768374
210000,I,feature_control_urbanization_rate,True,0.024519480943114208,0.35988793036105876
210000,I,feature_ae320_A00_popmean,False,0.0,0.0
210000,I,feature_ae320_A01_popmean,False,0.0,0.0
210000,I,feature_ae320_A02_popmean,False,0.0,0.0
210000,I,feature_ae320_A03_popmean,False,0.0,0.0
210000,I,feature_ae320_A04_popmean,False,0.0,0.0
210000,I,feature_ae320_A05_popmean,False,0.0,0.0
210000,I,feature_ae320_A06_popmean,False,0.0,0.0
210000,I,feature_ae320_A07_popmean,False,0.0,0.0
210000,I,feature_ae320_A08_popmean,False,0.0,0.0
210000,I,feature_ae320_A09_popmean,False,0.0,0.0
210000,I,feature_ae320_A10_popmean,False,0.0,0.0
210000,I,feature_ae320_A11_popmean,False,0.0,0.0
210000,I,feature_ae320_A12_popmean,False,0.0,0.0
210000,I,feature_ae320_A13_popmean,False,0.0,0.0
210000,I,feature_ae320_A14_popmean,False,0.0,0.0
210000,I,feature_ae320_A15_popmean,False,0.0,0.0
210000,I,feature_ae320_A16_popmean,False,0.0,0.0
210000,I,feature_ae320_A17_popmean,False,0.0,0.0
210000,I,feature_ae320_A18_popmean,False,0.0,0.0
210000,I,feature_ae320_A19_popmean,False,0.0,0.0
210000,I,feature_ae320_A20_popmean,False,0.0,0.0
210000,I,feature_ae320_A21_popmean,False,0.0,0.0
210000,I,feature_ae320_A22_popmean,False,0.0,0.0
210000,I,feature_ae320_A23_popmean,False,0.0,0.0
210000,I,feature_ae320_A24_popmean,False,0.0,0.0
210000,I,feature_ae320_A25_popmean,False,0.0,0.0
210000,I,feature_ae320_A26_popmean,False,0.0,0.0
210000,I,feature_ae320_A27_popmean,False,0.0,0.0
210000,I,feature_ae320_A28_popmean,False,0.0,0.0
210000,I,feature_ae320_A29_popmean,False,0.0,0.0
210000,I,feature_ae320_A30_popmean,False,0.0,0.0
210000,I,feature_ae320_A31_popmean,False,0.0,0.0
210000,I,feature_ae320_A32_popmean,False,0.0,0.0
210000,I,feature_ae320_A33_popmean,False,0.0,0.0
210000,I,feature_ae320_A34_popmean,False,0.0,0.0
210000,I,feature_ae320_A35_popmean,False,0.0,0.0
210000,I,feature_ae320_A36_popmean,False,0.0,0.0
210000,I,feature_ae320_A37_popmean,False,0.0,0.0
210000,I,feature_ae320_A38_popmean,False,0.0,0.0
210000,I,feature_ae320_A39_popmean,False,0.0,0.0
210000,I,feature_ae320_A40_popmean,False,0.0,0.0
210000,I,feature_ae320_A41_popmean,False,0.0,0.0
210000,I,feature_ae320_A42_popmean,False,0.0,0.0
210000,I,feature_ae320_A43_popmean,False,0.0,0.0
210000,I,feature_ae320_A44_popmean,False,0.0,0.0
210000,I,feature_ae320_A45_popmean,False,0.0,0.0
210000,I,feature_ae320_A46_popmean,False,0.0,0.0
210000,I,feature_ae320_A47_popmean,False,0.0,0.0
210000,I,feature_ae320_A48_popmean,False,0.0,0.0
210000,I,feature_ae320_A49_popmean,False,0.0,0.0
210000,I,feature_ae320_A50_popmean,False,0.0,0.0
210000,I,feature_ae320_A51_popmean,False,0.0,0.0
210000,I,feature_ae320_A52_popmean,False,0.0,0.0
210000,I,feature_ae320_A53_popmean,False,0.0,0.0
210000,I,feature_ae320_A54_popmean,False,0.0,0.0
210000,I,feature_ae320_A55_popmean,False,0.0,0.0
210000,I,feature_ae320_A56_popmean,False,0.0,0.0
210000,I,feature_ae320_A57_popmean,False,0.0,0.0
210000,I,feature_ae320_A58_popmean,False,0.0,0.0
210000,I,feature_ae320_A59_popmean,False,0.0,0.0
210000,I,feature_ae320_A60_popmean,False,0.0,0.0
210000,I,feature_ae320_A61_popmean,False,0.0,0.0
210000,I,feature_ae320_A62_popmean,False,0.0,0.0
210000,I,feature_ae320_A63_popmean,False,0.0,0.0
210000,I,feature_economic_log1p_retail_yuan_per_resident,True,0.04926425402519563,0.7230826159429004
210000,I,feature_health_log1p_motorized_mean_minutes,False,0.0,0.0
210000,I,feature_health_log1p_q90_minutes,False,0.0,0.0
210000,I,feature_health_log1p_sd_minutes,False,0.0,0.0
210000,I,feature_health_population_fraction_ge60min,False,0.0,0.0
220000,H,feature_control_log1p_population,True,0.001719530487845128,0.04757771337130675
220000,H,feature_control_log1p_population_density,True,0.0015605008817995317,0.043177520953973654
220000,H,feature_control_worldpop_child_share,True,-0.004774199131986814,-0.1320973832594635
220000,H,feature_control_worldpop_elderly_share,True,0.0025425279859521387,0.07034924277832975
220000,H,feature_control_urbanization_rate,True,0.002112919966337472,0.05846241241171267
220000,H,feature_ae320_A00_popmean,True,0.003707453471616703,0.1025815825057489
220000,H,feature_ae320_A01_popmean,True,-0.00011841245221013719,-0.003276355813794028
220000,H,feature_ae320_A02_popmean,True,0.002534062350727059,0.0701150069976373
220000,H,feature_ae320_A03_popmean,True,0.0003571824743875146,0.009882886932094843
220000,H,feature_ae320_A04_popmean,True,0.0015881415949647165,0.04394231223720336
220000,H,feature_ae320_A05_popmean,True,-0.0017321252235875508,-0.04792619729257254
220000,H,feature_ae320_A06_popmean,True,-0.001612553929750389,-0.04461777747342179
220000,H,feature_ae320_A07_popmean,True,-0.000169605920969798,-0.004692828624452016
220000,H,feature_ae320_A08_popmean,True,0.0006381015768317347,0.01765564154801628
220000,H,feature_ae320_A09_popmean,True,-0.0005863222879684329,-0.016222959672630915
220000,H,feature_ae320_A10_popmean,True,-4.3870145599459394e-05,-0.0012138436786336083
220000,H,feature_ae320_A11_popmean,True,-0.0005129498189976656,-0.014192815791663175
220000,H,feature_ae320_A12_popmean,True,-0.001009769130591111,-0.02793931634597718
220000,H,feature_ae320_A13_popmean,True,-0.0013023758283875538,-0.03603545520288682
220000,H,feature_ae320_A14_popmean,True,-0.00010979653448266564,-0.0030379618644188642
220000,H,feature_ae320_A15_popmean,True,0.00090899043898768,0.025150869303638253
220000,H,feature_ae320_A16_popmean,True,0.0019120371675127364,0.05290418341183817
220000,H,feature_ae320_A17_popmean,True,-0.0005035877412036923,-0.013933776328862061
220000,H,feature_ae320_A18_popmean,True,0.0006050514320674571,0.016741176625416656
220000,H,feature_ae320_A19_popmean,True,0.002947823927458365,0.08156338191214771
220000,H,feature_ae320_A20_popmean,True,0.0006212657656310973,0.01718981124995558
220000,H,feature_ae320_A21_popmean,True,0.0004961194524313855,0.013727136141267455
220000,H,feature_ae320_A22_popmean,True,-0.0005760756108668702,-0.01593944421908556
220000,H,feature_ae320_A23_popmean,True,5.702819573985159e-05,0.0015779139539384606
220000,H,feature_ae320_A24_popmean,True,-0.0009840341378960183,-0.02722725446936911
220000,H,feature_ae320_A25_popmean,True,0.001008711468357175,0.02791005187467785
220000,H,feature_ae320_A26_popmean,True,0.00011724282123713311,0.003243993277870906
220000,H,feature_ae320_A27_popmean,True,-0.0002991395827651989,-0.0082768973434432
220000,H,feature_ae320_A28_popmean,True,0.0014759212068781438,0.04083728473316026
220000,H,feature_ae320_A29_popmean,True,0.0005534313631651431,0.015312900209382209
220000,H,feature_ae320_A30_popmean,True,0.0013321263973635423,0.036858624116365465
220000,H,feature_ae320_A31_popmean,True,-0.001059103008461074,-0.02930433611002544
220000,H,feature_ae320_A32_popmean,True,-0.00040853726725763827,-0.011303823421845315
220000,H,feature_ae320_A33_popmean,True,0.001072192973560078,0.02966652253935784
220000,H,feature_ae320_A34_popmean,True,-3.5764736635396485e-05,-0.0009895750034485142
220000,H,feature_ae320_A35_popmean,True,0.001843334138424994,0.05100323832898974
220000,H,feature_ae320_A36_popmean,True,0.0008846595416238428,0.02447765736059558
220000,H,feature_ae320_A37_popmean,True,0.0005537056598438296,0.01532048972806158
220000,H,feature_ae320_A38_popmean,True,0.0005813603351436691,0.016085667329792375
220000,H,feature_ae320_A39_popmean,True,0.0017678548522537894,0.04891480089312623
220000,H,feature_ae320_A40_popmean,True,-0.0021307406463036346,-0.058955493057566415
220000,H,feature_ae320_A41_popmean,True,-0.000256450842704997,-0.007095741991372795
220000,H,feature_ae320_A42_popmean,True,0.00021239559967072282,0.005876776849199206
220000,H,feature_ae320_A43_popmean,True,0.0009822220262425574,0.027177115126417878
220000,H,feature_ae320_A44_popmean,True,0.00034384603440472156,0.009513880785719315
220000,H,feature_ae320_A45_popmean,True,0.0005130801640430193,0.014196422310565306
220000,H,feature_ae320_A46_popmean,True,-0.0006961273726453275,-0.019261158112494747
220000,H,feature_ae320_A47_popmean,True,-0.0003112239390479209,-0.008611259568225038
220000,H,feature_ae320_A48_popmean,True,0.0011973690098344965,0.033130020056220115
220000,H,feature_ae320_A49_popmean,True,5.3931846407991434e-05,0.0014922410205127242
220000,H,feature_ae320_A50_popmean,True,-0.0014129096430001075,-0.039093816881639966
220000,H,feature_ae320_A51_popmean,True,-0.0007506894849288394,-0.02077083796842516
220000,H,feature_ae320_A52_popmean,True,-0.0023686673460465266,-0.06553869027550828
220000,H,feature_ae320_A53_popmean,True,9.545867840635999e-05,0.0026412475219983423
220000,H,feature_ae320_A54_popmean,True,0.0011027790651752863,0.030512809540549978
220000,H,feature_ae320_A55_popmean,True,-0.0001626278315376825,-0.004499751769329434
220000,H,feature_ae320_A56_popmean,True,0.0014985990886508807,0.04146475936444975
220000,H,feature_ae320_A57_popmean,True,0.0014149661213533249,0.03915071761026053
220000,H,feature_ae320_A58_popmean,True,0.0016736419299837081,0.04630802221526957
220000,H,feature_ae320_A59_popmean,True,0.0008229257758044946,0.022769544921620984
220000,H,feature_ae320_A60_popmean,True,0.0017315721555693291,0.047910894445759536
220000,H,feature_ae320_A61_popmean,True,-0.0012697088662648023,-0.035131592566211324
220000,H,feature_ae320_A62_popmean,True,0.0014104945616402386,0.03902699396136001
220000,H,feature_ae320_A63_popmean,True,6.068800380372496e-05,0.001679177234983959
220000,H,feature_economic_log1p_retail_yuan_per_resident,True,0.0014829876239372626,0.041032805526642784
220000,H,feature_health_log1p_motorized_mean_minutes,True,-0.0008958914310441268,-0.024788432667712218
220000,H,feature_health_log1p_q90_minutes,True,-0.0023397645880163394,-0.06473897945507162
220000,H,feature_health_log1p_sd_minutes,True,-0.0002801730144325133,-0.007752111096180629
220000,H,feature_health_population_fraction_ge60min,True,-0.0017231647503090327,-0.047678269830785665
220000,E,feature_control_log1p_population,True,0.002859796826245894,0.077121985427154
220000,E,feature_control_log1p_population_density,True,0.0017516000479354213,0.047236528179663985
220000,E,feature_control_worldpop_child_share,True,-0.008086120224966157,-0.21806361921545633
220000,E,feature_control_worldpop_elderly_share,True,-0.004372755958954392,-0.11792293013545184
220000,E,feature_control_urbanization_rate,True,0.013943057568338572,0.3760114259609706
220000,E,feature_ae320_A00_popmean,True,0.0056971969246997255,0.15363998385126526
220000,E,feature_ae320_A01_popmean,True,-0.0027904334999940376,-0.07525141987253839
220000,E,feature_ae320_A02_popmean,True,0.006188960766420925,0.16690169653195577
220000,E,feature_ae320_A03_popmean,True,0.0014143767497432269,0.03814241000658541
220000,E,feature_ae320_A04_popmean,True,-0.003182331979476011,-0.08581999892198372
220000,E,feature_ae320_A05_popmean,True,0.0035966493054924416,0.09699316146486331
220000,E,feature_ae320_A06_popmean,True,0.0004924758383817629,0.013280913553835125
220000,E,feature_ae320_A07_popmean,True,-0.001742787229492145,-0.046998867220914446
220000,E,feature_ae320_A08_popmean,True,-0.00355242761996198,-0.09580060675057564
220000,E,feature_ae320_A09_popmean,True,0.0006702847701326707,0.01807600169347496
220000,E,feature_ae320_A10_popmean,True,-0.002198248657656818,-0.05928158930213911
220000,E,feature_ae320_A11_popmean,True,-0.0023983325200593385,-0.06467737986278262
220000,E,feature_ae320_A12_popmean,True,-0.002168143303210468,-0.05846971879246428
220000,E,feature_ae320_A13_popmean,True,0.003818182987584617,0.10296740314704758
220000,E,feature_ae320_A14_popmean,True,-0.0017098089035117996,-0.0461095194349716
220000,E,feature_ae320_A15_popmean,True,-0.002122776357632755,-0.05724627911185179
220000,E,feature_ae320_A16_popmean,True,0.0027313909050707707,0.07365918013597257
220000,E,feature_ae320_A17_popmean,True,-0.00024519041475638657,-0.006612208049249016
220000,E,feature_ae320_A18_popmean,True,0.0018575880745247708,0.05009477564922524
220000,E,feature_ae320_A19_popmean,True,0.00347585224108132,0.09373554912133647
220000,E,feature_ae320_A20_popmean,True,0.00043099911943218094,0.011623031224773738
220000,E,feature_ae320_A21_popmean,True,0.00014773041422107313,0.0039839413584010315
220000,E,feature_ae320_A22_popmean,True,0.0018447103346814187,0.0497474933334261
220000,E,feature_ae320_A23_popmean,True,-0.0010587626944592117,-0.028552336425971252
220000,E,feature_ae320_A24_popmean,True,0.002293740835597233,0.06185678845193167
220000,E,feature_ae320_A25_popmean,True,0.0006970442041349289,0.018797640608596827
220000,E,feature_ae320_A26_popmean,True,-0.0016076197737969564,-0.04335371926750752
220000,E,feature_ae320_A27_popmean,True,-0.004047271681589587,-0.10914538570805693
220000,E,feature_ae320_A28_popmean,True,0.003357552111815588,0.09054527323826303
220000,E,feature_ae320_A29_popmean,True,0.0032094701965144764,0.08655185272353748
220000,E,feature_ae320_A30_popmean,True,-0.001157727662395003,-0.031221188543330242
220000,E,feature_ae320_A31_popmean,True,-0.0013903711392150668,-0.037495035225156265
220000,E,feature_ae320_A32_popmean,True,0.0016027368917004977,0.043222039436818314
220000,E,feature_ae320_A33_popmean,True,0.0015201970619834425,0.04099613461512691
220000,E,feature_ae320_A34_popmean,True,-0.00022258882287078032,-0.006002696344069463
220000,E,feature_ae320_A35_popmean,True,0.0035408810048679564,0.09548922173439489
220000,E,feature_ae320_A36_popmean,True,-0.0004721665079954372,-0.01273321874289096
220000,E,feature_ae320_A37_popmean,True,-0.001720381908794277,-0.04639464848743889
220000,E,feature_ae320_A38_popmean,True,0.003306322239422405,0.0891637242289481
220000,E,feature_ae320_A39_popmean,True,0.0009392271409727824,0.02532874406115669
220000,E,feature_ae320_A40_popmean,True,-0.004857067622832769,-0.13098367513000458
220000,E,feature_ae320_A41_popmean,True,0.0033328617371362374,0.08987943198033302
220000,E,feature_ae320_A42_popmean,True,-0.003542550280714605,-0.0955342381727438
220000,E,feature_ae320_A43_popmean,True,0.008079661272870475,0.21788943648861842
220000,E,feature_ae320_A44_popmean,True,0.0013056744790061426,0.035210965764551995
220000,E,feature_ae320_A45_popmean,True,0.001928470216996057,0.052006300100384255
220000,E,feature_ae320_A46_popmean,True,0.0020412183539221243,0.05504685182530014
220000,E,feature_ae320_A47_popmean,True,0.0025806055552560756,0.06959285435915064
220000,E,feature_ae320_A48_popmean,True,0.007919220058013156,0.21356271477168304
220000,E,feature_ae320_A49_popmean,True,0.00010656974083132084,0.0028739349326986144
220000,E,feature_ae320_A50_popmean,True,0.0019995621918017037,0.053923483235434444
220000,E,feature_ae320_A51_popmean,True,-0.00046419560726243894,-0.012518262322025723
220000,E,feature_ae320_A52_popmean,True,0.002018476915770827,0.05443356879568045
220000,E,feature_ae320_A53_popmean,True,-0.0018713379184577567,-0.050465576558469345
220000,E,feature_ae320_A54_popmean,True,0.0020461628106398845,0.055180192178514276
220000,E,feature_ae320_A55_popmean,True,0.006298530461060205,0.16985653315380103
220000,E,feature_ae320_A56_popmean,True,0.0012968904938294465,0.034974082371098204
220000,E,feature_ae320_A57_popmean,True,0.0004974594612594603,0.013415310126144336
220000,E,feature_ae320_A58_popmean,True,-0.0021779575226926035,-0.05873438517887807
220000,E,feature_ae320_A59_popmean,True,0.002229226654722326,0.0601169929281319
220000,E,feature_ae320_A60_popmean,True,0.001471229359074566,0.03967559098927184
220000,E,feature_ae320_A61_popmean,True,0.0016641125177999675,0.044877195529791324
220000,E,feature_ae320_A62_popmean,True,0.004776900460167595,0.12882175555094275
220000,E,feature_ae320_A63_popmean,True,0.00019375644815886506,0.005225155099895994
220000,E,feature_economic_log1p_retail_yuan_per_resident,True,0.005483537309176618,0.14787808720059473
220000,E,feature_health_log1p_motorized_mean_minutes,False,0.0,0.0
220000,E,feature_health_log1p_q90_minutes,False,0.0,0.0
220000,E,feature_health_log1p_sd_minutes,False,0.0,0.0
220000,E,feature_health_population_fraction_ge60min,False,0.0,0.0
220000,I,feature_control_log1p_population,True,-0.006705978114256157,-0.09950015681681103
220000,I,feature_control_log1p_population_density,True,-0.007761607490505047,-0.115163090200668
220000,I,feature_control_worldpop_child_share,True,0.0029177031723535704,0.04329151068610211
220000,I,feature_control_worldpop_elderly_share,True,0.00030179956739843396,0.004477960376809373
220000,I,feature_control_urbanization_rate,True,0.02514315452257202,0.3730623296468553
220000,I,feature_ae320_A00_popmean,False,0.0,0.0
220000,I,feature_ae320_A01_popmean,False,0.0,0.0
220000,I,feature_ae320_A02_popmean,False,0.0,0.0
220000,I,feature_ae320_A03_popmean,False,0.0,0.0
220000,I,feature_ae320_A04_popmean,False,0.0,0.0
220000,I,feature_ae320_A05_popmean,False,0.0,0.0
220000,I,feature_ae320_A06_popmean,False,0.0,0.0
220000,I,feature_ae320_A07_popmean,False,0.0,0.0
220000,I,feature_ae320_A08_popmean,False,0.0,0.0
220000,I,feature_ae320_A09_popmean,False,0.0,0.0
220000,I,feature_ae320_A10_popmean,False,0.0,0.0
220000,I,feature_ae320_A11_popmean,False,0.0,0.0
220000,I,feature_ae320_A12_popmean,False,0.0,0.0
220000,I,feature_ae320_A13_popmean,False,0.0,0.0
220000,I,feature_ae320_A14_popmean,False,0.0,0.0
220000,I,feature_ae320_A15_popmean,False,0.0,0.0
220000,I,feature_ae320_A16_popmean,False,0.0,0.0
220000,I,feature_ae320_A17_popmean,False,0.0,0.0
220000,I,feature_ae320_A18_popmean,False,0.0,0.0
220000,I,feature_ae320_A19_popmean,False,0.0,0.0
220000,I,feature_ae320_A20_popmean,False,0.0,0.0
220000,I,feature_ae320_A21_popmean,False,0.0,0.0
220000,I,feature_ae320_A22_popmean,False,0.0,0.0
220000,I,feature_ae320_A23_popmean,False,0.0,0.0
220000,I,feature_ae320_A24_popmean,False,0.0,0.0
220000,I,feature_ae320_A25_popmean,False,0.0,0.0
220000,I,feature_ae320_A26_popmean,False,0.0,0.0
220000,I,feature_ae320_A27_popmean,False,0.0,0.0
220000,I,feature_ae320_A28_popmean,False,0.0,0.0
220000,I,feature_ae320_A29_popmean,False,0.0,0.0
220000,I,feature_ae320_A30_popmean,False,0.0,0.0
220000,I,feature_ae320_A31_popmean,False,0.0,0.0
220000,I,feature_ae320_A32_popmean,False,0.0,0.0
220000,I,feature_ae320_A33_popmean,False,0.0,0.0
220000,I,feature_ae320_A34_popmean,False,0.0,0.0
220000,I,feature_ae320_A35_popmean,False,0.0,0.0
220000,I,feature_ae320_A36_popmean,False,0.0,0.0
220000,I,feature_ae320_A37_popmean,False,0.0,0.0
220000,I,feature_ae320_A38_popmean,False,0.0,0.0
220000,I,feature_ae320_A39_popmean,False,0.0,0.0
220000,I,feature_ae320_A40_popmean,False,0.0,0.0
220000,I,feature_ae320_A41_popmean,False,0.0,0.0
220000,I,feature_ae320_A42_popmean,False,0.0,0.0
220000,I,feature_ae320_A43_popmean,False,0.0,0.0
220000,I,feature_ae320_A44_popmean,False,0.0,0.0
220000,I,feature_ae320_A45_popmean,False,0.0,0.0
220000,I,feature_ae320_A46_popmean,False,0.0,0.0
220000,I,feature_ae320_A47_popmean,False,0.0,0.0
220000,I,feature_ae320_A48_popmean,False,0.0,0.0
220000,I,feature_ae320_A49_popmean,False,0.0,0.0
220000,I,feature_ae320_A50_popmean,False,0.0,0.0
220000,I,feature_ae320_A51_popmean,False,0.0,0.0
220000,I,feature_ae320_A52_popmean,False,0.0,0.0
220000,I,feature_ae320_A53_popmean,False,0.0,0.0
220000,I,feature_ae320_A54_popmean,False,0.0,0.0
220000,I,feature_ae320_A55_popmean,False,0.0,0.0
220000,I,feature_ae320_A56_popmean,False,0.0,0.0
220000,I,feature_ae320_A57_popmean,False,0.0,0.0
220000,I,feature_ae320_A58_popmean,False,0.0,0.0
220000,I,feature_ae320_A59_popmean,False,0.0,0.0
220000,I,feature_ae320_A60_popmean,False,0.0,0.0
220000,I,feature_ae320_A61_popmean,False,0.0,0.0
220000,I,feature_ae320_A62_popmean,False,0.0,0.0
220000,I,feature_ae320_A63_popmean,False,0.0,0.0
220000,I,feature_economic_log1p_retail_yuan_per_resident,True,0.048103261972004575,0.7137336311073696
220000,I,feature_health_log1p_motorized_mean_minutes,False,0.0,0.0
220000,I,feature_health_log1p_q90_minutes,False,0.0,0.0
220000,I,feature_health_log1p_sd_minutes,False,0.0,0.0
220000,I,feature_health_population_fraction_ge60min,False,0.0,0.0
230000,H,feature_control_log1p_population,True,0.0016421734263899746,0.04599101961557581
230000,H,feature_control_log1p_population_density,True,0.0016582236660837722,0.046440525664528796
230000,H,feature_control_worldpop_child_share,True,-0.0047839847642180845,-0.13398118225274488
230000,H,feature_control_worldpop_elderly_share,True,0.0023600836902629833,0.06609695026663358
230000,H,feature_control_urbanization_rate,True,0.0017259136823145752,0.04833626506343818
230000,H,feature_ae320_A00_popmean,True,0.003696256171889262,0.10351804953953919
230000,H,feature_ae320_A01_popmean,True,-4.224186124122992e-05,-0.0011830335564585392
230000,H,feature_ae320_A02_popmean,True,0.0019244618814078305,0.0538968434849323
230000,H,feature_ae320_A03_popmean,True,0.000333868340570926,0.009350379901087738
230000,H,feature_ae320_A04_popmean,True,0.0015376338771322178,0.04306326522419815
230000,H,feature_ae320_A05_popmean,True,-0.0018310457932276074,-0.051280614848623375
230000,H,feature_ae320_A06_popmean,True,-0.0015197831345632395,-0.042563333951136914
230000,H,feature_ae320_A07_popmean,True,-0.0003009126767177474,-0.008427417345270612
230000,H,feature_ae320_A08_popmean,True,0.0004182398171598452,0.011713303434277709
230000,H,feature_ae320_A09_popmean,True,-0.0006584563882870778,-0.018440854165009936
230000,H,feature_ae320_A10_popmean,True,-0.0001228444381718579,-0.0034404045728874413
230000,H,feature_ae320_A11_popmean,True,-0.0004192811253009875,-0.011742466507054019
230000,H,feature_ae320_A12_popmean,True,-0.0010392782358028068,-0.02910622286339276
230000,H,feature_ae320_A13_popmean,True,-0.0013162131299697083,-0.036862113894869465
230000,H,feature_ae320_A14_popmean,True,0.00022189110615710274,0.006214324292305104
230000,H,feature_ae320_A15_popmean,True,0.0007505244964850266,0.021019331018949282
230000,H,feature_ae320_A16_popmean,True,0.0017948751174165511,0.05026761205975723
230000,H,feature_ae320_A17_popmean,True,-8.074499064366589e-05,-0.002261359481815443
230000,H,feature_ae320_A18_popmean,True,0.0007064603555351851,0.01978526235226608
230000,H,feature_ae320_A19_popmean,True,0.0029265093689694534,0.0819603749704558
230000,H,feature_ae320_A20_popmean,True,5.266599838392442e-05,0.0014749739131229552
230000,H,feature_ae320_A21_popmean,True,0.000576514583990312,0.01614597649363463
230000,H,feature_ae320_A22_popmean,True,-0.0006667584194205424,-0.01867336241935896
230000,H,feature_ae320_A23_popmean,True,0.0005856182697785209,0.016400936039886675
230000,H,feature_ae320_A24_popmean,True,-0.001296354891640023,-0.03630596031579283
230000,H,feature_ae320_A25_popmean,True,0.0009090234702379337,0.025458283259787398
230000,H,feature_ae320_A26_popmean,True,0.00022677973025816777,0.006351236023619325
230000,H,feature_ae320_A27_popmean,True,-0.0006086014037750672,-0.017044606038119584
230000,H,feature_ae320_A28_popmean,True,0.0008169824319464166,0.022880564530768165
230000,H,feature_ae320_A29_popmean,True,0.00047744428555652633,0.01337139497540516
230000,H,feature_ae320_A30_popmean,True,0.0009797319479205135,0.02743855826109215
230000,H,feature_ae320_A31_popmean,True,-0.0011329735164063385,-0.03173027061552135
230000,H,feature_ae320_A32_popmean,True,-0.00029133553438869794,-0.008159198085576004
230000,H,feature_ae320_A33_popmean,True,0.0008979987357903464,0.025149522461392227
230000,H,feature_ae320_A34_popmean,True,8.618615498990465e-05,0.002413745759755378
230000,H,feature_ae320_A35_popmean,True,0.0017947603600225437,0.05026439814247297
230000,H,feature_ae320_A36_popmean,True,0.0007632388444627168,0.021375411453478457
230000,H,feature_ae320_A37_popmean,True,0.0009799238797793491,0.02744393354103683
230000,H,feature_ae320_A38_popmean,True,0.0007680160398150489,0.021509202490177626
230000,H,feature_ae320_A39_popmean,True,0.001638179809074645,0.04587917361360378
230000,H,feature_ae320_A40_popmean,True,-0.0019278230298240483,-0.053990976443277
230000,H,feature_ae320_A41_popmean,True,-2.0363249634296156e-05,-0.0005702970212023027
230000,H,feature_ae320_A42_popmean,True,0.000570386230468374,0.01597434466565028
230000,H,feature_ae320_A43_popmean,True,0.0007898070086540627,0.022119484485496853
230000,H,feature_ae320_A44_popmean,True,0.00021497911214514047,0.006020745680522472
230000,H,feature_ae320_A45_popmean,True,0.0005167508174619099,0.014472221143232489
230000,H,feature_ae320_A46_popmean,True,-0.0006040632178935249,-0.01691750874587076
230000,H,feature_ae320_A47_popmean,True,0.00040833441872992763,0.011435890972128751
230000,H,feature_ae320_A48_popmean,True,0.0010312528309682353,0.0288814618574976
230000,H,feature_ae320_A49_popmean,True,8.488338239579083e-05,0.0023772600640501215
230000,H,feature_ae320_A50_popmean,True,-0.001137288469291396,-0.03185111600224352
230000,H,feature_ae320_A51_popmean,True,-0.0007860264340355241,-0.022013604997590645
230000,H,feature_ae320_A52_popmean,True,-0.0023076093708513114,-0.06462734455106582
230000,H,feature_ae320_A53_popmean,True,0.00013535648974417007,0.0037908194560208946
230000,H,feature_ae320_A54_popmean,True,0.0012574343327755601,0.03521594378196079
230000,H,feature_ae320_A55_popmean,True,-0.0005053408185485975,-0.01415267055533299
230000,H,feature_ae320_A56_popmean,True,0.0013037182114702063,0.03651217884381406
230000,H,feature_ae320_A57_popmean,True,0.0017888102664862517,0.05009775869736656
230000,H,feature_ae320_A58_popmean,True,0.0017157100733616796,0.048050500860972734
230000,H,feature_ae320_A59_popmean,True,0.0009951377874527526,0.02787001711722478
230000,H,feature_ae320_A60_popmean,True,0.0019600704214389,0.054894102992809654
230000,H,feature_ae320_A61_popmean,True,-0.001439421918494,-0.040312722532648254
230000,H,feature_ae320_A62_popmean,True,0.0009779541128977472,0.027388767877146496
230000,H,feature_ae320_A63_popmean,True,-0.00029287120080620304,-0.008202206249753718
230000,H,feature_economic_log1p_retail_yuan_per_resident,True,0.0014616457232297497,0.04093512661196738
230000,H,feature_health_log1p_motorized_mean_minutes,True,-0.001112160848987282,-0.031147387114826473
230000,H,feature_health_log1p_q90_minutes,True,-0.00252849688335535,-0.07081356200968186
230000,H,feature_health_log1p_sd_minutes,True,-0.00024558020684604595,-0.006877765727267048
230000,H,feature_health_population_fraction_ge60min,True,-0.0018323191195609076,-0.051316275866778185
230000,E,feature_control_log1p_population,True,0.0024412365790364775,0.06574835498498088
230000,E,feature_control_log1p_population_density,True,0.0031581413888687503,0.08505632060046257
230000,E,feature_control_worldpop_child_share,True,-0.007555488933538948,-0.20348743450480253
230000,E,feature_control_worldpop_elderly_share,True,-0.004225285586833557,-0.11379707278747314
230000,E,feature_control_urbanization_rate,True,0.013577024639681887,0.36566183028519106
230000,E,feature_ae320_A00_popmean,True,0.005023004207465361,0.1352815481135515
230000,E,feature_ae320_A01_popmean,True,-0.002416222758058632,-0.06507467280468548
230000,E,feature_ae320_A02_popmean,True,0.005914836747219112,0.1593007369600621
230000,E,feature_ae320_A03_popmean,True,0.00035378082742766804,0.009528166023866143
230000,E,feature_ae320_A04_popmean,True,-0.003737567848046506,-0.10066166456952015
230000,E,feature_ae320_A05_popmean,True,0.0025478632082351366,0.068620065792367
230000,E,feature_ae320_A06_popmean,True,-5.540333558102804e-05,-0.0014921446804517277
230000,E,feature_ae320_A07_popmean,True,-0.0016767077619231267,-0.04515776065444057
230000,E,feature_ae320_A08_popmean,True,-0.002586244800634422,-0.069653774112006
230000,E,feature_ae320_A09_popmean,True,0.0007296595452846687,0.019651481226162344
230000,E,feature_ae320_A10_popmean,True,-0.001515712710393558,-0.04082177786207671
230000,E,feature_ae320_A11_popmean,True,-0.001814152645109304,-0.04885948094168971
230000,E,feature_ae320_A12_popmean,True,-0.002662326484383302,-0.07170283629382483
230000,E,feature_ae320_A13_popmean,True,0.004109056029515764,0.11066673209870073
230000,E,feature_ae320_A14_popmean,True,-0.0024315315801369287,-0.06548697609271956
230000,E,feature_ae320_A15_popmean,True,-0.0026917357108422863,-0.07249489728359672
230000,E,feature_ae320_A16_popmean,True,0.00332893138727589,0.08965610479982475
230000,E,feature_ae320_A17_popmean,True,-0.002194153564617374,-0.05909381691919532
230000,E,feature_ae320_A18_popmean,True,0.002041326208780203,0.05497780975738056
230000,E,feature_ae320_A19_popmean,True,0.00247595636745218,0.06668344214259672
230000,E,feature_ae320_A20_popmean,True,0.0011091001036813925,0.029870725335233345
230000,E,feature_ae320_A21_popmean,True,-0.00030877796748500323,-0.008316131091955723
230000,E,feature_ae320_A22_popmean,True,0.0019346657707062392,0.0521051883959112
230000,E,feature_ae320_A23_popmean,True,-0.0016324781145758748,-0.043966550191833376
230000,E,feature_ae320_A24_popmean,True,0.0027920084289867063,0.07519548203006579
230000,E,feature_ae320_A25_popmean,True,0.000413121113235649,0.011126342214456091
230000,E,feature_ae320_A26_popmean,True,-0.0007674073539798395,-0.020668120230881337
230000,E,feature_ae320_A27_popmean,True,-0.0035906793398783553,-0.09670560481636603
230000,E,feature_ae320_A28_popmean,True,0.003402425127831037,0.0916354674657328
230000,E,feature_ae320_A29_popmean,True,0.0026127359735011392,0.07036724492125336
230000,E,feature_ae320_A30_popmean,True,-0.000369268731034629,-0.00994529240689189
230000,E,feature_ae320_A31_popmean,True,-0.0016681548824802588,-0.0449274111018481
230000,E,feature_ae320_A32_popmean,True,0.0021271323321071004,0.05728877441554923
230000,E,feature_ae320_A33_popmean,True,0.0012366169161715794,0.0333050588718327
230000,E,feature_ae320_A34_popmean,True,0.0011563768649373838,0.031144001882165123
230000,E,feature_ae320_A35_popmean,True,0.005047606863287303,0.13594415663025364
230000,E,feature_ae320_A36_popmean,True,-0.00021260624491387534,-0.005725995990170845
230000,E,feature_ae320_A37_popmean,True,-0.001469530349683436,-0.0395779761461398
230000,E,feature_ae320_A38_popmean,True,0.0038754427312908193,0.10437496578944441
230000,E,feature_ae320_A39_popmean,True,0.0005930829701305245,0.015973146556356708
230000,E,feature_ae320_A40_popmean,True,-0.004752403963596437,-0.1279936346660402
230000,E,feature_ae320_A41_popmean,True,0.003027381970134976,0.08153465590218448
230000,E,feature_ae320_A42_popmean,True,-0.0044640720738131695,-0.12022816547483103
230000,E,feature_ae320_A43_popmean,True,0.007497285159258888,0.20191986729493322
230000,E,feature_ae320_A44_popmean,True,0.0023156879291431724,0.06236702878662935
230000,E,feature_ae320_A45_popmean,True,0.0018498202707790566,0.04982009562940338
230000,E,feature_ae320_A46_popmean,True,0.0026370106777328707,0.07102102091522655
230000,E,feature_ae320_A47_popmean,True,0.0023328751704773925,0.06282992240954108
230000,E,feature_ae320_A48_popmean,True,0.008972155817211636,0.24164167074844464
230000,E,feature_ae320_A49_popmean,True,0.0005545861190269801,0.014936334043429844
230000,E,feature_ae320_A50_popmean,True,0.0019299887587141931,0.0519792252478236
230000,E,feature_ae320_A51_popmean,True,-0.00032346059918760646,-0.008711569571612416
230000,E,feature_ae320_A52_popmean,True,0.002665834749529515,0.07179732228678241
230000,E,feature_ae320_A53_popmean,True,-0.0012562506333795957,-0.03383384195650075
230000,E,feature_ae320_A54_popmean,True,0.002610636765611205,0.07031070821902635
230000,E,feature_ae320_A55_popmean,True,0.00789529074105353,0.21263911200171465
230000,E,feature_ae320_A56_popmean,True,0.0006539605012647856,0.017612724449788238
230000,E,feature_ae320_A57_popmean,True,0.0015275825859739167,0.04114146207457242
230000,E,feature_ae320_A58_popmean,True,-0.0015637121606990967,-0.04211451815806969
230000,E,feature_ae320_A59_popmean,True,0.0016914870881102777,0.04555580334843263
230000,E,feature_ae320_A60_popmean,True,0.00039484101470466993,0.01063401532664188
230000,E,feature_ae320_A61_popmean,True,0.0015120321870638852,0.04072265254317569
230000,E,feature_ae320_A62_popmean,True,0.004980568236814558,0.1341386456654887
230000,E,feature_ae320_A63_popmean,True,-0.0006123302787431046,-0.016491522730969353
230000,E,feature_economic_log1p_retail_yuan_per_resident,True,0.00551590232326196,0.14855647630654692
230000,E,feature_health_log1p_motorized_mean_minutes,True,0.00018798823285711804,0.005062973893241979
230000,E,feature_health_log1p_q90_minutes,True,-0.0034302561630343196,-0.09238502398059836
230000,E,feature_health_log1p_sd_minutes,True,0.003067956744078628,0.08262743185990648
230000,E,feature_health_population_fraction_ge60min,True,-0.0006316016557687699,-0.017010547125660726
230000,I,feature_control_log1p_population,True,-0.005556418452246593,-0.0815644257354282
230000,I,feature_control_log1p_population_density,True,-0.009405165355549496,-0.13806140012042672
230000,I,feature_control_worldpop_child_share,True,0.004713281839898274,0.06918775644859657
230000,I,feature_control_worldpop_elderly_share,True,0.0013768447807380423,0.020211140473466997
230000,I,feature_control_urbanization_rate,True,0.02762769314588251,0.4055556551770168
230000,I,feature_ae320_A00_popmean,False,0.0,0.0
230000,I,feature_ae320_A01_popmean,False,0.0,0.0
230000,I,feature_ae320_A02_popmean,False,0.0,0.0
230000,I,feature_ae320_A03_popmean,False,0.0,0.0
230000,I,feature_ae320_A04_popmean,False,0.0,0.0
230000,I,feature_ae320_A05_popmean,False,0.0,0.0
230000,I,feature_ae320_A06_popmean,False,0.0,0.0
230000,I,feature_ae320_A07_popmean,False,0.0,0.0
230000,I,feature_ae320_A08_popmean,False,0.0,0.0
230000,I,feature_ae320_A09_popmean,False,0.0,0.0
230000,I,feature_ae320_A10_popmean,False,0.0,0.0
230000,I,feature_ae320_A11_popmean,False,0.0,0.0
230000,I,feature_ae320_A12_popmean,False,0.0,0.0
230000,I,feature_ae320_A13_popmean,False,0.0,0.0
230000,I,feature_ae320_A14_popmean,False,0.0,0.0
230000,I,feature_ae320_A15_popmean,False,0.0,0.0
230000,I,feature_ae320_A16_popmean,False,0.0,0.0
230000,I,feature_ae320_A17_popmean,False,0.0,0.0
230000,I,feature_ae320_A18_popmean,False,0.0,0.0
230000,I,feature_ae320_A19_popmean,False,0.0,0.0
230000,I,feature_ae320_A20_popmean,False,0.0,0.0
230000,I,feature_ae320_A21_popmean,False,0.0,0.0
230000,I,feature_ae320_A22_popmean,False,0.0,0.0
230000,I,feature_ae320_A23_popmean,False,0.0,0.0
230000,I,feature_ae320_A24_popmean,False,0.0,0.0
230000,I,feature_ae320_A25_popmean,False,0.0,0.0
230000,I,feature_ae320_A26_popmean,False,0.0,0.0
230000,I,feature_ae320_A27_popmean,False,0.0,0.0
230000,I,feature_ae320_A28_popmean,False,0.0,0.0
230000,I,feature_ae320_A29_popmean,False,0.0,0.0
230000,I,feature_ae320_A30_popmean,False,0.0,0.0
230000,I,feature_ae320_A31_popmean,False,0.0,0.0
230000,I,feature_ae320_A32_popmean,False,0.0,0.0
230000,I,feature_ae320_A33_popmean,False,0.0,0.0
230000,I,feature_ae320_A34_popmean,False,0.0,0.0
230000,I,feature_ae320_A35_popmean,False,0.0,0.0
230000,I,feature_ae320_A36_popmean,False,0.0,0.0
230000,I,feature_ae320_A37_popmean,False,0.0,0.0
230000,I,feature_ae320_A38_popmean,False,0.0,0.0
230000,I,feature_ae320_A39_popmean,False,0.0,0.0
230000,I,feature_ae320_A40_popmean,False,0.0,0.0
230000,I,feature_ae320_A41_popmean,False,0.0,0.0
230000,I,feature_ae320_A42_popmean,False,0.0,0.0
230000,I,feature_ae320_A43_popmean,False,0.0,0.0
230000,I,feature_ae320_A44_popmean,False,0.0,0.0
230000,I,feature_ae320_A45_popmean,False,0.0,0.0
230000,I,feature_ae320_A46_popmean,False,0.0,0.0
230000,I,feature_ae320_A47_popmean,False,0.0,0.0
230000,I,feature_ae320_A48_popmean,False,0.0,0.0
230000,I,feature_ae320_A49_popmean,False,0.0,0.0
230000,I,feature_ae320_A50_popmean,False,0.0,0.0
230000,I,feature_ae320_A51_popmean,False,0.0,0.0
230000,I,feature_ae320_A52_popmean,False,0.0,0.0
230000,I,feature_ae320_A53_popmean,False,0.0,0.0
230000,I,feature_ae320_A54_popmean,False,0.0,0.0
230000,I,feature_ae320_A55_popmean,False,0.0,0.0
230000,I,feature_ae320_A56_popmean,False,0.0,0.0
230000,I,feature_ae320_A57_popmean,False,0.0,0.0
230000,I,feature_ae320_A58_popmean,False,0.0,0.0
230000,I,feature_ae320_A59_popmean,False,0.0,0.0
230000,I,feature_ae320_A60_popmean,False,0.0,0.0
230000,I,feature_ae320_A61_popmean,False,0.0,0.0
230000,I,feature_ae320_A62_popmean,False,0.0,0.0
230000,I,feature_ae320_A63_popmean,False,0.0,0.0
230000,I,feature_economic_log1p_retail_yuan_per_resident,True,0.04826223215827424,0.7084565866539336
230000,I,feature_health_log1p_motorized_mean_minutes,False,0.0,0.0
230000,I,feature_health_log1p_q90_minutes,False,0.0,0.0
230000,I,feature_health_log1p_sd_minutes,False,0.0,0.0
230000,I,feature_health_population_fraction_ge60min,False,0.0,0.0
350000,H,feature_control_log1p_population,True,0.0017804606174225469,0.049397740646654684
350000,H,feature_control_log1p_population_density,True,0.0017006886420654567,0.04718451823049962
350000,H,feature_control_worldpop_child_share,True,-0.004863842272886002,-0.13494419185192116
350000,H,feature_control_worldpop_elderly_share,True,0.0025332710948384055,0.07028398567537439
350000,H,feature_control_urbanization_rate,True,0.002059798423349863,0.057147789344714914
350000,H,feature_ae320_A00_popmean,True,0.003644148359786921,0.10110456462400087
350000,H,feature_ae320_A01_popmean,True,-8.783473760278644e-05,-0.0024369185959027028
350000,H,feature_ae320_A02_popmean,True,0.002308157043674253,0.06403834035948842
350000,H,feature_ae320_A03_popmean,True,0.0005654199347381846,0.015687214319336264
350000,H,feature_ae320_A04_popmean,True,0.0014273060759881586,0.039599693851765067
350000,H,feature_ae320_A05_popmean,True,-0.00205206638688923,-0.05693326894026713
350000,H,feature_ae320_A06_popmean,True,-0.0019022263288798872,-0.052776052402256746
350000,H,feature_ae320_A07_popmean,True,-2.35941810193648e-05,-0.0006546054562285235
350000,H,feature_ae320_A08_popmean,True,0.0006223568936890463,0.01726689381572155
350000,H,feature_ae320_A09_popmean,True,-0.0007305202982148131,-0.020267818268607102
350000,H,feature_ae320_A10_popmean,True,-0.00019840791863950634,-0.005504700756248687
350000,H,feature_ae320_A11_popmean,True,-0.0005323216684329334,-0.014768924097804963
350000,H,feature_ae320_A12_popmean,True,-0.000989204959792246,-0.02744485869108393
350000,H,feature_ae320_A13_popmean,True,-0.0013567065814393052,-0.03764095604684932
350000,H,feature_ae320_A14_popmean,True,0.00012413683738114888,0.0034440971272517895
350000,H,feature_ae320_A15_popmean,True,0.0006414681953185429,0.017797124651537797
350000,H,feature_ae320_A16_popmean,True,0.001875581360573302,0.052036804804715155
350000,H,feature_ae320_A17_popmean,True,-0.0003504888074802047,-0.0097240877119348
350000,H,feature_ae320_A18_popmean,True,0.0006250524198221534,0.017341679463618812
350000,H,feature_ae320_A19_popmean,True,0.002792739602327813,0.0774827734011545
350000,H,feature_ae320_A20_popmean,True,0.0007945897733579373,0.02204538486318246
350000,H,feature_ae320_A21_popmean,True,0.0005266430775980315,0.014611375228396646
350000,H,feature_ae320_A22_popmean,True,-0.0007768252472005084,-0.021552519451137727
350000,H,feature_ae320_A23_popmean,True,0.00010064086649848962,0.0027922164484288315
350000,H,feature_ae320_A24_popmean,True,-0.001108164219683911,-0.030745307243635018
350000,H,feature_ae320_A25_popmean,True,0.0008837474549277365,0.024519007692996923
350000,H,feature_ae320_A26_popmean,True,0.00023563515580783255,0.006537546632556018
350000,H,feature_ae320_A27_popmean,True,-0.00010611658519533425,-0.0029441367601694734
350000,H,feature_ae320_A28_popmean,True,0.0015339991273355025,0.04255982429648442
350000,H,feature_ae320_A29_popmean,True,0.0005910789491099975,0.016399107255795856
350000,H,feature_ae320_A30_popmean,True,0.0015883420062130578,0.04406753270099387
350000,H,feature_ae320_A31_popmean,True,-0.0011091808538165793,-0.03077351310717767
350000,H,feature_ae320_A32_popmean,True,-0.00036045044770560664,-0.010000467046279216
350000,H,feature_ae320_A33_popmean,True,0.000988802123687628,0.027433682261106034
350000,H,feature_ae320_A34_popmean,True,-0.0001328207114605473,-0.0036850256574224322
350000,H,feature_ae320_A35_popmean,True,0.0018893443667144065,0.05241865060418068
350000,H,feature_ae320_A36_popmean,True,0.0007973225604628373,0.022121204292901608
350000,H,feature_ae320_A37_popmean,True,0.0006052229578566513,0.016791523728777246
350000,H,feature_ae320_A38_popmean,True,0.00026384514358877907,0.007320214694074719
350000,H,feature_ae320_A39_popmean,True,0.0016981813487241383,0.047114954980974434
350000,H,feature_ae320_A40_popmean,True,-0.0020787960287303635,-0.0576748657508485
350000,H,feature_ae320_A41_popmean,True,-0.00029779391669694684,-0.008262101682677178
350000,H,feature_ae320_A42_popmean,True,0.00010651765879133211,0.0029552642904734036
350000,H,feature_ae320_A43_popmean,True,0.001003793719931763,0.02784961450689712
350000,H,feature_ae320_A44_popmean,True,0.00026347698625278355,0.007310000404343898
350000,H,feature_ae320_A45_popmean,True,0.0004112920865383066,0.01141103578592608
350000,H,feature_ae320_A46_popmean,True,-0.0005882010136866935,-0.01631926077885216
350000,H,feature_ae320_A47_popmean,True,-0.0004965918790410354,-0.013777623951949671
350000,H,feature_ae320_A48_popmean,True,0.0011999476455131534,0.033291779667910144
350000,H,feature_ae320_A49_popmean,True,0.00022926459297764075,0.0063607994428795675
350000,H,feature_ae320_A50_popmean,True,-0.00132035805831988,-0.036632489529605274
350000,H,feature_ae320_A51_popmean,True,-0.0007924002487324129,-0.02198463790336052
350000,H,feature_ae320_A52_popmean,True,-0.0027534122953185507,-0.07639166243078821
350000,H,feature_ae320_A53_popmean,True,-2.772433764844621e-05,-0.0007691940093237174
350000,H,feature_ae320_A54_popmean,True,0.0008896471956189053,0.024682692223670095
350000,H,feature_ae320_A55_popmean,True,-0.00019562864553061455,-0.005427591602091712
350000,H,feature_ae320_A56_popmean,True,0.001566052322235431,0.04344911968053816
350000,H,feature_ae320_A57_popmean,True,0.0016690864819147856,0.046307736516980585
350000,H,feature_ae320_A58_popmean,True,0.0015853326317732171,0.04398403953263437
350000,H,feature_ae320_A59_popmean,True,0.0010559717422223085,0.02929726035052997
350000,H,feature_ae320_A60_popmean,True,0.0017636122276403973,0.04893029285217485
350000,H,feature_ae320_A61_popmean,True,-0.0011892947429678002,-0.032996221702785794
350000,H,feature_ae320_A62_popmean,True,0.0013662750241501965,0.03790642636773135
350000,H,feature_ae320_A63_popmean,True,-3.697953618614805e-05,-0.001025973571042151
350000,H,feature_economic_log1p_retail_yuan_per_resident,True,0.0018344837141744971,0.05089657690069391
350000,H,feature_health_log1p_motorized_mean_minutes,True,-0.0008642388554330845,-0.023977754082113167
350000,H,feature_health_log1p_q90_minutes,True,-0.0022564819008200924,-0.06260464658406309
350000,H,feature_health_log1p_sd_minutes,True,-0.00022309318662224912,-0.006189577722171098
350000,H,feature_health_population_fraction_ge60min,True,-0.001664670133711763,-0.04618520776177901
350000,E,feature_control_log1p_population,True,0.0025728568256553216,0.06872127617080034
350000,E,feature_control_log1p_population_density,True,0.0028306584426583794,0.07560718445092143
350000,E,feature_control_worldpop_child_share,True,-0.007894358170869302,-0.2108591362884497
350000,E,feature_control_worldpop_elderly_share,True,-0.004365895298994208,-0.11661352220738538
350000,E,feature_control_urbanization_rate,True,0.012909031416526022,0.34480158562521906
350000,E,feature_ae320_A00_popmean,True,0.005153109883460197,0.13764010647951638
350000,E,feature_ae320_A01_popmean,True,-0.002869439864903945,-0.07664304031427874
350000,E,feature_ae320_A02_popmean,True,0.0055978943540677855,0.14952034642770004
350000,E,feature_ae320_A03_popmean,True,0.0020383946728504926,0.05444573590773651
350000,E,feature_ae320_A04_popmean,True,-0.0026635906456167384,-0.07114478603634136
350000,E,feature_ae320_A05_popmean,True,0.0029720878723355124,0.07938477937909841
350000,E,feature_ae320_A06_popmean,True,-0.00037188404042569687,-0.00993306179759849
350000,E,feature_ae320_A07_popmean,True,-0.0009322503651655451,-0.024900505215074708
350000,E,feature_ae320_A08_popmean,True,-0.003641703340304474,-0.09727027889219858
350000,E,feature_ae320_A09_popmean,True,0.0007629114736976413,0.020377445629721005
350000,E,feature_ae320_A10_popmean,True,-0.0028101555709327025,-0.07505955059267289
350000,E,feature_ae320_A11_popmean,True,-0.001735066536426811,-0.04634380950993291
350000,E,feature_ae320_A12_popmean,True,-0.0024252334179413852,-0.06477823943839293
350000,E,feature_ae320_A13_popmean,True,0.004702149666300336,0.1255949116919699
350000,E,feature_ae320_A14_popmean,True,-0.0012560373210564562,-0.03354888883067469
350000,E,feature_ae320_A15_popmean,True,-0.0021759921920488975,-0.05812098010436689
350000,E,feature_ae320_A16_popmean,True,0.00332530648212555,0.08881928556304228
350000,E,feature_ae320_A17_popmean,True,-0.0007482858659011977,-0.019986794108609172
350000,E,feature_ae320_A18_popmean,True,0.00225777516460657,0.06030541189519276
350000,E,feature_ae320_A19_popmean,True,0.002923568853607202,0.07808883129045371
350000,E,feature_ae320_A20_popmean,True,0.0007514703415829062,0.02007185178869448
350000,E,feature_ae320_A21_popmean,True,-0.0001840908025506397,-0.004917084680514438
350000,E,feature_ae320_A22_popmean,True,0.0013042593928937038,0.034836905436655706
350000,E,feature_ae320_A23_popmean,True,-0.0014355173244297193,-0.038342818580655476
350000,E,feature_ae320_A24_popmean,True,0.0017524191002418637,0.046807298312852186
350000,E,feature_ae320_A25_popmean,True,-0.000276963858940922,-0.007397733775862866
350000,E,feature_ae320_A26_popmean,True,-0.0005535583827927769,-0.014785602572686768
350000,E,feature_ae320_A27_popmean,True,-0.0037620586823803874,-0.10048498272606751
350000,E,feature_ae320_A28_popmean,True,0.0028094879962439236,0.07504171960258639
350000,E,feature_ae320_A29_popmean,True,0.0020495459747759837,0.05474358835395278
350000,E,feature_ae320_A30_popmean,True,-0.0013951032077441756,-0.037263353277241715
350000,E,feature_ae320_A31_popmean,True,-0.0018777616318204644,-0.05015521050239516
350000,E,feature_ae320_A32_popmean,True,0.0014607199580357908,0.03901598357258354
350000,E,feature_ae320_A33_popmean,True,0.0006153980439023406,0.0164373464190769
350000,E,feature_ae320_A34_popmean,True,0.0006652591942969239,0.017769142985559847
350000,E,feature_ae320_A35_popmean,True,0.004745867407145886,0.1267626171438445
350000,E,feature_ae320_A36_popmean,True,-0.0004055361067975675,-0.010831912026573198
350000,E,feature_ae320_A37_popmean,True,-0.0015745395047421064,-0.042056115625344684
350000,E,feature_ae320_A38_popmean,True,0.0037333229971887733,0.09971744955503413
350000,E,feature_ae320_A39_popmean,True,0.0007141097912314151,0.01907394756293409
350000,E,feature_ae320_A40_popmean,True,-0.005166746497926769,-0.13800434188486327
350000,E,feature_ae320_A41_popmean,True,0.002902804797345224,0.07753422116579511
350000,E,feature_ae320_A42_popmean,True,-0.003061846270098203,-0.0817822356152134
350000,E,feature_ae320_A43_popmean,True,0.007971555616304716,0.21292108816798974
350000,E,feature_ae320_A44_popmean,True,0.0018986056787186367,0.05071195718535198
350000,E,feature_ae320_A45_popmean,True,0.00226637827265919,0.06053520181529868
350000,E,feature_ae320_A46_popmean,True,0.003057989815669382,0.08167922931218075
350000,E,feature_ae320_A47_popmean,True,0.0022405085798431475,0.05984421960177726
350000,E,feature_ae320_A48_popmean,True,0.008142827920971643,0.21749578942305373
350000,E,feature_ae320_A49_popmean,True,0.0006232193744317704,0.016646254979388708
350000,E,feature_ae320_A50_popmean,True,0.002916476214938589,0.07789938616631575
350000,E,feature_ae320_A51_popmean,True,0.0001614992009352055,0.0043136606274253135
350000,E,feature_ae320_A52_popmean,True,0.0020906246604403458,0.055840804364624144
350000,E,feature_ae320_A53_popmean,True,-0.0006594459104632374,-0.01761386956349826
350000,E,feature_ae320_A54_popmean,True,0.0021914860505282303,0.05853482269245507
350000,E,feature_ae320_A55_popmean,True,0.0068682594622780455,0.18345193195882645
350000,E,feature_ae320_A56_popmean,True,0.0016304399706053671,0.04354922294261138
350000,E,feature_ae320_A57_popmean,True,0.001690441374013688,0.04515186673263595
350000,E,feature_ae320_A58_popmean,True,-0.0014743260872745092,-0.039379404714291036
350000,E,feature_ae320_A59_popmean,True,0.0016151080918851506,0.04313970685091015
350000,E,feature_ae320_A60_popmean,True,0.001368522770024137,0.03655338699264899
350000,E,feature_ae320_A61_popmean,True,0.0009105223313392295,0.02432014714837723
350000,E,feature_ae320_A62_popmean,True,0.004069532170925228,0.10869763191462369
350000,E,feature_ae320_A63_popmean,True,-0.00029309858645740395,-0.007828694043276251
350000,E,feature_economic_log1p_retail_yuan_per_resident,True,0.006587898789861152,0.1759634689380809
350000,E,feature_health_log1p_motorized_mean_minutes,False,0.0,0.0
350000,E,feature_health_log1p_q90_minutes,False,0.0,0.0
350000,E,feature_health_log1p_sd_minutes,False,0.0,0.0
350000,E,feature_health_population_fraction_ge60min,False,0.0,0.0
350000,I,feature_control_log1p_population,True,-0.006454320869642441,-0.09588973886164052
350000,I,feature_control_log1p_population_density,True,-0.007058636639044199,-0.10486786103564955
350000,I,feature_control_worldpop_child_share,True,0.003869421711348041,0.05748673562107561
350000,I,feature_control_worldpop_elderly_share,True,1.7897505014476643e-05,0.00026589739134059217
350000,I,feature_control_urbanization_rate,True,0.024604347958916698,0.3655387682596205
350000,I,feature_ae320_A00_popmean,False,0.0,0.0
350000,I,feature_ae320_A01_popmean,False,0.0,0.0
350000,I,feature_ae320_A02_popmean,False,0.0,0.0
350000,I,feature_ae320_A03_popmean,False,0.0,0.0
350000,I,feature_ae320_A04_popmean,False,0.0,0.0
350000,I,feature_ae320_A05_popmean,False,0.0,0.0
350000,I,feature_ae320_A06_popmean,False,0.0,0.0
350000,I,feature_ae320_A07_popmean,False,0.0,0.0
350000,I,feature_ae320_A08_popmean,False,0.0,0.0
350000,I,feature_ae320_A09_popmean,False,0.0,0.0
350000,I,feature_ae320_A10_popmean,False,0.0,0.0
350000,I,feature_ae320_A11_popmean,False,0.0,0.0
350000,I,feature_ae320_A12_popmean,False,0.0,0.0
350000,I,feature_ae320_A13_popmean,False,0.0,0.0
350000,I,feature_ae320_A14_popmean,False,0.0,0.0
350000,I,feature_ae320_A15_popmean,False,0.0,0.0
350000,I,feature_ae320_A16_popmean,False,0.0,0.0
350000,I,feature_ae320_A17_popmean,False,0.0,0.0
350000,I,feature_ae320_A18_popmean,False,0.0,0.0
350000,I,feature_ae320_A19_popmean,False,0.0,0.0
350000,I,feature_ae320_A20_popmean,False,0.0,0.0
350000,I,feature_ae320_A21_popmean,False,0.0,0.0
350000,I,feature_ae320_A22_popmean,False,0.0,0.0
350000,I,feature_ae320_A23_popmean,False,0.0,0.0
350000,I,feature_ae320_A24_popmean,False,0.0,0.0
350000,I,feature_ae320_A25_popmean,False,0.0,0.0
350000,I,feature_ae320_A26_popmean,False,0.0,0.0
350000,I,feature_ae320_A27_popmean,False,0.0,0.0
350000,I,feature_ae320_A28_popmean,False,0.0,0.0
350000,I,feature_ae320_A29_popmean,False,0.0,0.0
350000,I,feature_ae320_A30_popmean,False,0.0,0.0
350000,I,feature_ae320_A31_popmean,False,0.0,0.0
350000,I,feature_ae320_A32_popmean,False,0.0,0.0
350000,I,feature_ae320_A33_popmean,False,0.0,0.0
350000,I,feature_ae320_A34_popmean,False,0.0,0.0
350000,I,feature_ae320_A35_popmean,False,0.0,0.0
350000,I,feature_ae320_A36_popmean,False,0.0,0.0
350000,I,feature_ae320_A37_popmean,False,0.0,0.0
350000,I,feature_ae320_A38_popmean,False,0.0,0.0
350000,I,feature_ae320_A39_popmean,False,0.0,0.0
350000,I,feature_ae320_A40_popmean,False,0.0,0.0
350000,I,feature_ae320_A41_popmean,False,0.0,0.0
350000,I,feature_ae320_A42_popmean,False,0.0,0.0
350000,I,feature_ae320_A43_popmean,False,0.0,0.0
350000,I,feature_ae320_A44_popmean,False,0.0,0.0
350000,I,feature_ae320_A45_popmean,False,0.0,0.0
350000,I,feature_ae320_A46_popmean,False,0.0,0.0
350000,I,feature_ae320_A47_popmean,False,0.0,0.0
350000,I,feature_ae320_A48_popmean,False,0.0,0.0
350000,I,feature_ae320_A49_popmean,False,0.0,0.0
350000,I,feature_ae320_A50_popmean,False,0.0,0.0
350000,I,feature_ae320_A51_popmean,False,0.0,0.0
350000,I,feature_ae320_A52_popmean,False,0.0,0.0
350000,I,feature_ae320_A53_popmean,False,0.0,0.0
350000,I,feature_ae320_A54_popmean,False,0.0,0.0
350000,I,feature_ae320_A55_popmean,False,0.0,0.0
350000,I,feature_ae320_A56_popmean,False,0.0,0.0
350000,I,feature_ae320_A57_popmean,False,0.0,0.0
350000,I,feature_ae320_A58_popmean,False,0.0,0.0
350000,I,feature_ae320_A59_popmean,False,0.0,0.0
350000,I,feature_ae320_A60_popmean,False,0.0,0.0
350000,I,feature_ae320_A61_popmean,False,0.0,0.0
350000,I,feature_ae320_A62_popmean,False,0.0,0.0
350000,I,feature_ae320_A63_popmean,False,0.0,0.0
350000,I,feature_economic_log1p_retail_yuan_per_resident,True,0.04842435760453755,0.7194248781590308
350000,I,feature_health_log1p_motorized_mean_minutes,False,0.0,0.0
350000,I,feature_health_log1p_q90_minutes,False,0.0,0.0
350000,I,feature_health_log1p_sd_minutes,False,0.0,0.0
350000,I,feature_health_population_fraction_ge60min,False,0.0,0.0
360000,H,feature_control_log1p_population,True,0.001703605626026569,0.04740516264557583
360000,H,feature_control_log1p_population_density,True,0.001512034593610051,0.04207443597319028
360000,H,feature_control_worldpop_child_share,True,-0.004468885941865423,-0.12435287937664616
360000,H,feature_control_worldpop_elderly_share,True,0.00185464860403571,0.051608140629216155
360000,H,feature_control_urbanization_rate,True,0.0023922244152583365,0.06656692473746877
360000,H,feature_ae320_A00_popmean,True,0.003762055939964774,0.10468436531977231
360000,H,feature_ae320_A01_popmean,True,0.00022021074603813555,0.006127665976655212
360000,H,feature_ae320_A02_popmean,True,0.0022088117429766565,0.06146321562314048
360000,H,feature_ae320_A03_popmean,True,0.0001171207360042974,0.0032590450833405956
360000,H,feature_ae320_A04_popmean,True,0.0013795219200342813,0.0383870891204384
360000,H,feature_ae320_A05_popmean,True,-0.0012918981168640264,-0.03594883664143122
360000,H,feature_ae320_A06_popmean,True,-0.0017505556246190457,-0.048711610737483695
360000,H,feature_ae320_A07_popmean,True,-5.880539342841217e-05,-0.0016363407101518217
360000,H,feature_ae320_A08_popmean,True,0.0008348892852643441,0.023231939220179316
360000,H,feature_ae320_A09_popmean,True,-0.0007117801751427811,-0.01980625941535471
360000,H,feature_ae320_A10_popmean,True,5.298271687950068e-07,1.4743167507231831e-05
360000,H,feature_ae320_A11_popmean,True,-0.0007443410415551761,-0.020712310172982567
360000,H,feature_ae320_A12_popmean,True,-0.0010916464795858315,-0.030376560235326165
360000,H,feature_ae320_A13_popmean,True,-0.0011257812262427656,-0.03132640636897133
360000,H,feature_ae320_A14_popmean,True,-0.00014742901492679678,-0.004102414505158972
360000,H,feature_ae320_A15_popmean,True,0.00076695689422715,0.021341627285995306
360000,H,feature_ae320_A16_popmean,True,0.0014406745459253215,0.04008874479254969
360000,H,feature_ae320_A17_popmean,True,-0.00029574132409050506,-0.008229407883693909
360000,H,feature_ae320_A18_popmean,True,0.0007738845965952147,0.02153440010412941
360000,H,feature_ae320_A19_popmean,True,0.0028349195501933743,0.07888552392110007
360000,H,feature_ae320_A20_popmean,True,0.00037388265398850503,0.010403797540880047
360000,H,feature_ae320_A21_popmean,True,0.0006750965844275499,0.018785488200636878
360000,H,feature_ae320_A22_popmean,True,-0.0006918893109853761,-0.01925276884445181
360000,H,feature_ae320_A23_popmean,True,7.730976500933892e-05,0.002151250223860086
360000,H,feature_ae320_A24_popmean,True,-0.0008381113822604643,-0.023321598487457715
360000,H,feature_ae320_A25_popmean,True,0.0011686933842050959,0.032520496008380154
360000,H,feature_ae320_A26_popmean,True,-0.0004880459348618419,-0.013580547379735467
360000,H,feature_ae320_A27_popmean,True,-0.0004062801648737682,-0.01130530270696111
360000,H,feature_ae320_A28_popmean,True,0.0015279321662060297,0.04251680773052002
360000,H,feature_ae320_A29_popmean,True,0.0008919532431204492,0.02481982209755528
360000,H,feature_ae320_A30_popmean,True,0.001509696449981112,0.04200937392049145
360000,H,feature_ae320_A31_popmean,True,-0.0011352982025715792,-0.03159122928565408
360000,H,feature_ae320_A32_popmean,True,-0.00026173577841633765,-0.007283156944563516
360000,H,feature_ae320_A33_popmean,True,0.0006795385718926407,0.01890909259301223
360000,H,feature_ae320_A34_popmean,True,-0.0004787716879152334,-0.01332247874095982
360000,H,feature_ae320_A35_popmean,True,0.0018349144141295885,0.05105900973419774
360000,H,feature_ae320_A36_popmean,True,0.0007645748607923977,0.021275343939264994
360000,H,feature_ae320_A37_popmean,True,0.0004946036328514233,0.013763024318662777
360000,H,feature_ae320_A38_popmean,True,0.0011495514888141467,0.031987846520441454
360000,H,feature_ae320_A39_popmean,True,0.0017887633627839458,0.04977479344500453
360000,H,feature_ae320_A40_popmean,True,-0.002592932094080933,-0.07215189112490238
360000,H,feature_ae320_A41_popmean,True,2.863023867173248e-05,0.0007966756507964046
360000,H,feature_ae320_A42_popmean,True,0.0002522492972078007,0.00701918259641947
360000,H,feature_ae320_A43_popmean,True,0.0007386405975936121,0.020553687502910617
360000,H,feature_ae320_A44_popmean,True,0.00042431529025488597,0.011807154801696975
360000,H,feature_ae320_A45_popmean,True,0.00046234124311502964,0.012865279083836436
360000,H,feature_ae320_A46_popmean,True,-0.0006883784388098532,-0.01915507401181811
360000,H,feature_ae320_A47_popmean,True,-0.0005316410510414858,-0.014793641268060395
360000,H,feature_ae320_A48_popmean,True,0.0009775252655253143,0.027200980963222366
360000,H,feature_ae320_A49_popmean,True,0.0001797550690105792,0.005001931287752344
360000,H,feature_ae320_A50_popmean,True,-0.0013030990415440124,-0.03626051773013132
360000,H,feature_ae320_A51_popmean,True,-0.000741281611183005,-0.020627177327575234
360000,H,feature_ae320_A52_popmean,True,-0.0024893171656264128,-0.06926866365672799
360000,H,feature_ae320_A53_popmean,True,0.00010088902915316904,0.0028073755821734006
360000,H,feature_ae320_A54_popmean,True,0.0008075893870163007,0.02247228211592649
360000,H,feature_ae320_A55_popmean,True,-0.00012098901346486462,-0.003366685208129397
360000,H,feature_ae320_A56_popmean,True,0.0017511677369258494,0.04872864360179106
360000,H,feature_ae320_A57_popmean,True,0.0015246670807711688,0.04242595225098496
360000,H,feature_ae320_A58_popmean,True,0.001945777798545507,0.05414393542908016
360000,H,feature_ae320_A59_popmean,True,0.0007046141069340878,0.019606853740841458
360000,H,feature_ae320_A60_popmean,True,0.0016611031283481465,0.04622247236532114
360000,H,feature_ae320_A61_popmean,True,-0.0014823666251546272,-0.0412488840681561
360000,H,feature_ae320_A62_popmean,True,0.0013937436465547724,0.03878282816268213
360000,H,feature_ae320_A63_popmean,True,-0.00012430163968013707,-0.0034588635750706083
360000,H,feature_economic_log1p_retail_yuan_per_resident,True,0.0014217854475499865,0.03956312972822313
360000,H,feature_health_log1p_motorized_mean_minutes,True,-0.0011042749624661217,-0.030727965088515875
360000,H,feature_health_log1p_q90_minutes,True,-0.0023280911324464392,-0.06478232819925253
360000,H,feature_health_log1p_sd_minutes,True,-0.00039505751998249227,-0.010993017223597613
360000,H,feature_health_population_fraction_ge60min,True,-0.0020268201417895765,-0.05639904976069002
360000,E,feature_control_log1p_population,True,0.0025657394197290814,0.06802696281719234
360000,E,feature_control_log1p_population_density,True,0.002556180832616667,0.06777353035827577
360000,E,feature_control_worldpop_child_share,True,-0.007769980639135603,-0.20601008035515703
360000,E,feature_control_worldpop_elderly_share,True,-0.004842477678280448,-0.12839146736041165
360000,E,feature_control_urbanization_rate,True,0.013322960197088058,0.3532395031908353
360000,E,feature_ae320_A00_popmean,True,0.00569267915971987,0.15093336078897676
360000,E,feature_ae320_A01_popmean,True,-0.0026654835360947374,-0.07067153741547974
360000,E,feature_ae320_A02_popmean,True,0.005673140190655536,0.15041531257573845
360000,E,feature_ae320_A03_popmean,True,0.0009920906276504981,0.026303884065355186
360000,E,feature_ae320_A04_popmean,True,-0.0029246702506775264,-0.0775435076787325
360000,E,feature_ae320_A05_popmean,True,0.0033064074937659005,0.08766473239930539
360000,E,feature_ae320_A06_popmean,True,-0.00015987274696669035,-0.004238800452515873
360000,E,feature_ae320_A07_popmean,True,-0.001622054859900851,-0.04300649738373376
360000,E,feature_ae320_A08_popmean,True,-0.0037282019763757064,-0.09884801834189107
360000,E,feature_ae320_A09_popmean,True,0.0009809349777804557,0.026008107739405793
360000,E,feature_ae320_A10_popmean,True,-0.0023714882589979816,-0.06287666720001454
360000,E,feature_ae320_A11_popmean,True,-0.0015563773649890067,-0.04126515121664477
360000,E,feature_ae320_A12_popmean,True,-0.002435145584166048,-0.0645644514149475
360000,E,feature_ae320_A13_popmean,True,0.0049160419491526336,0.1303419202711069
360000,E,feature_ae320_A14_popmean,True,-0.001926347221378759,-0.05107438027185614
360000,E,feature_ae320_A15_popmean,True,-0.0021353579177718776,-0.05661600416499159
360000,E,feature_ae320_A16_popmean,True,0.003822552508607774,0.10134958966225956
360000,E,feature_ae320_A17_popmean,True,-0.0008010592634410616,-0.021238956812779767
360000,E,feature_ae320_A18_popmean,True,0.002129112279410263,0.05645040987068089
360000,E,feature_ae320_A19_popmean,True,0.002756179521845211,0.07307621358909036
360000,E,feature_ae320_A20_popmean,True,0.0005106636666923678,0.01353952704590746
360000,E,feature_ae320_A21_popmean,True,7.891181084824519e-05,0.0020922353927031747
360000,E,feature_ae320_A22_popmean,True,0.002163333581171381,0.057357739432115966
360000,E,feature_ae320_A23_popmean,True,-0.0013564212992870424,-0.035963598088534866
360000,E,feature_ae320_A24_popmean,True,0.0022007642988093883,0.058350162129994776
360000,E,feature_ae320_A25_popmean,True,0.0008385073686279557,0.02223184051699948
360000,E,feature_ae320_A26_popmean,True,-0.0012226749506958111,-0.0324175022486418
360000,E,feature_ae320_A27_popmean,True,-0.004299963503043025,-0.11400746899218578
360000,E,feature_ae320_A28_popmean,True,0.0026035047919089134,0.06902825840835808
360000,E,feature_ae320_A29_popmean,True,0.002316365955596519,0.06141517705216265
360000,E,feature_ae320_A30_popmean,True,-0.0019242844270402218,-0.05101968818867413
360000,E,feature_ae320_A31_popmean,True,-0.0019596808830157895,-0.05195817530704431
360000,E,feature_ae320_A32_popmean,True,0.0012513021439945844,0.03317651191233628
360000,E,feature_ae320_A33_popmean,True,0.0006005072797464061,0.015921603759385488
360000,E,feature_ae320_A34_popmean,True,0.000996698295274917,0.026426049875238333
360000,E,feature_ae320_A35_popmean,True,0.004447872527409516,0.11792906820975904
360000,E,feature_ae320_A36_popmean,True,-0.00045886874494861004,-0.012166257730836467
360000,E,feature_ae320_A37_popmean,True,-0.0012125212835801028,-0.032148292082548095
360000,E,feature_ae320_A38_popmean,True,0.00435368461300599,0.11543180847181024
360000,E,feature_ae320_A39_popmean,True,0.0008686015138666462,0.023029744342861792
360000,E,feature_ae320_A40_popmean,True,-0.005518246126144898,-0.14630851486820604
360000,E,feature_ae320_A41_popmean,True,0.0031762908986126656,0.08421487435357937
360000,E,feature_ae320_A42_popmean,True,-0.003300538494246311,-0.08750912415280022
360000,E,feature_ae320_A43_popmean,True,0.0075201288790725665,0.19938561324796616
360000,E,feature_ae320_A44_popmean,True,0.0016451834207606565,0.04361971856181867
360000,E,feature_ae320_A45_popmean,True,0.0016504878591483256,0.04376035826598713
360000,E,feature_ae320_A46_popmean,True,0.0032505641928356416,0.08618412601864141
360000,E,feature_ae320_A47_popmean,True,0.0030981994101140025,0.08214438865125552
360000,E,feature_ae320_A48_popmean,True,0.007747499260407531,0.2054140182987167
360000,E,feature_ae320_A49_popmean,True,0.0008018641682853694,0.021260297729746653
360000,E,feature_ae320_A50_popmean,True,0.002725680520216862,0.07226757556693601
360000,E,feature_ae320_A51_popmean,True,-0.00017198649900134022,-0.004559979506359473
360000,E,feature_ae320_A52_popmean,True,0.0019411288232483823,0.05146629360219332
360000,E,feature_ae320_A53_popmean,True,-0.001128696789466392,-0.029925803820335765
360000,E,feature_ae320_A54_popmean,True,0.002797963859666261,0.07418406638717136
360000,E,feature_ae320_A55_popmean,True,0.006883872033916556,0.18251616017147945
360000,E,feature_ae320_A56_popmean,True,0.0013533765087487947,0.035882869760810385
360000,E,feature_ae320_A57_popmean,True,0.0011480262884350852,0.030438298229357667
360000,E,feature_ae320_A58_popmean,True,-0.001340942940220021,-0.03555321122359181
360000,E,feature_ae320_A59_popmean,True,0.002090838819970462,0.05543564306226057
360000,E,feature_ae320_A60_popmean,True,0.0011040243286666426,0.02927164831236512
360000,E,feature_ae320_A61_popmean,True,0.0007198470517490593,0.01908572953545277
360000,E,feature_ae320_A62_popmean,True,0.004016902892834261,0.1065025160505045
360000,E,feature_ae320_A63_popmean,True,-0.0006714258505148931,-0.017801909662478993
360000,E,feature_economic_log1p_retail_yuan_per_resident,True,0.005828707032249918,0.15453994801897708
360000,E,feature_health_log1p_motorized_mean_minutes,False,0.0,0.0
360000,E,feature_health_log1p_q90_minutes,False,0.0,0.0
360000,E,feature_health_log1p_sd_minutes,False,0.0,0.0
360000,E,feature_health_population_fraction_ge60min,False,0.0,0.0
360000,I,feature_control_log1p_population,True,-0.0061105514753258695,-0.08871411158717853
360000,I,feature_control_log1p_population_density,True,-0.00810958575803049,-0.11773645942903113
360000,I,feature_control_worldpop_child_share,True,0.005037040312602479,0.07312867883786259
360000,I,feature_control_worldpop_elderly_share,True,0.0002845629049548614,0.004131336656875307
360000,I,feature_control_urbanization_rate,True,0.02573608694493313,0.3736412496105137
360000,I,feature_ae320_A00_popmean,False,0.0,0.0
360000,I,feature_ae320_A01_popmean,False,0.0,0.0
360000,I,feature_ae320_A02_popmean,False,0.0,0.0
360000,I,feature_ae320_A03_popmean,False,0.0,0.0
360000,I,feature_ae320_A04_popmean,False,0.0,0.0
360000,I,feature_ae320_A05_popmean,False,0.0,0.0
360000,I,feature_ae320_A06_popmean,False,0.0,0.0
360000,I,feature_ae320_A07_popmean,False,0.0,0.0
360000,I,feature_ae320_A08_popmean,False,0.0,0.0
360000,I,feature_ae320_A09_popmean,False,0.0,0.0
360000,I,feature_ae320_A10_popmean,False,0.0,0.0
360000,I,feature_ae320_A11_popmean,False,0.0,0.0
360000,I,feature_ae320_A12_popmean,False,0.0,0.0
360000,I,feature_ae320_A13_popmean,False,0.0,0.0
360000,I,feature_ae320_A14_popmean,False,0.0,0.0
360000,I,feature_ae320_A15_popmean,False,0.0,0.0
360000,I,feature_ae320_A16_popmean,False,0.0,0.0
360000,I,feature_ae320_A17_popmean,False,0.0,0.0
360000,I,feature_ae320_A18_popmean,False,0.0,0.0
360000,I,feature_ae320_A19_popmean,False,0.0,0.0
360000,I,feature_ae320_A20_popmean,False,0.0,0.0
360000,I,feature_ae320_A21_popmean,False,0.0,0.0
360000,I,feature_ae320_A22_popmean,False,0.0,0.0
360000,I,feature_ae320_A23_popmean,False,0.0,0.0
360000,I,feature_ae320_A24_popmean,False,0.0,0.0
360000,I,feature_ae320_A25_popmean,False,0.0,0.0
360000,I,feature_ae320_A26_popmean,False,0.0,0.0
360000,I,feature_ae320_A27_popmean,False,0.0,0.0
360000,I,feature_ae320_A28_popmean,False,0.0,0.0
360000,I,feature_ae320_A29_popmean,False,0.0,0.0
360000,I,feature_ae320_A30_popmean,False,0.0,0.0
360000,I,feature_ae320_A31_popmean,False,0.0,0.0
360000,I,feature_ae320_A32_popmean,False,0.0,0.0
360000,I,feature_ae320_A33_popmean,False,0.0,0.0
360000,I,feature_ae320_A34_popmean,False,0.0,0.0
360000,I,feature_ae320_A35_popmean,False,0.0,0.0
360000,I,feature_ae320_A36_popmean,False,0.0,0.0
360000,I,feature_ae320_A37_popmean,False,0.0,0.0
360000,I,feature_ae320_A38_popmean,False,0.0,0.0
360000,I,feature_ae320_A39_popmean,False,0.0,0.0
360000,I,feature_ae320_A40_popmean,False,0.0,0.0
360000,I,feature_ae320_A41_popmean,False,0.0,0.0
360000,I,feature_ae320_A42_popmean,False,0.0,0.0
360000,I,feature_ae320_A43_popmean,False,0.0,0.0
360000,I,feature_ae320_A44_popmean,False,0.0,0.0
360000,I,feature_ae320_A45_popmean,False,0.0,0.0
360000,I,feature_ae320_A46_popmean,False,0.0,0.0
360000,I,feature_ae320_A47_popmean,False,0.0,0.0
360000,I,feature_ae320_A48_popmean,False,0.0,0.0
360000,I,feature_ae320_A49_popmean,False,0.0,0.0
360000,I,feature_ae320_A50_popmean,False,0.0,0.0
360000,I,feature_ae320_A51_popmean,False,0.0,0.0
360000,I,feature_ae320_A52_popmean,False,0.0,0.0
360000,I,feature_ae320_A53_popmean,False,0.0,0.0
360000,I,feature_ae320_A54_popmean,False,0.0,0.0
360000,I,feature_ae320_A55_popmean,False,0.0,0.0
360000,I,feature_ae320_A56_popmean,False,0.0,0.0
360000,I,feature_ae320_A57_popmean,False,0.0,0.0
360000,I,feature_ae320_A58_popmean,False,0.0,0.0
360000,I,feature_ae320_A59_popmean,False,0.0,0.0
360000,I,feature_ae320_A60_popmean,False,0.0,0.0
360000,I,feature_ae320_A61_popmean,False,0.0,0.0
360000,I,feature_ae320_A62_popmean,False,0.0,0.0
360000,I,feature_ae320_A63_popmean,False,0.0,0.0
360000,I,feature_economic_log1p_retail_yuan_per_resident,True,0.050387453535780544,0.7315343293673217
360000,I,feature_health_log1p_motorized_mean_minutes,False,0.0,0.0
360000,I,feature_health_log1p_q90_minutes,False,0.0,0.0
360000,I,feature_health_log1p_sd_minutes,False,0.0,0.0
360000,I,feature_health_population_fraction_ge60min,False,0.0,0.0
370000,H,feature_control_log1p_population,True,0.0015339822448186058,0.042565215851816614
370000,H,feature_control_log1p_population_density,True,0.0016825123760128126,0.04668665670690791
370000,H,feature_control_worldpop_child_share,True,-0.005015544708703818,-0.1391722387019282
370000,H,feature_control_worldpop_elderly_share,True,0.002244587784102561,0.06228322645284207
370000,H,feature_control_urbanization_rate,True,0.0020136743020683183,0.05587579752784537
370000,H,feature_ae320_A00_popmean,True,0.003980770362137976,0.11045913360030694
370000,H,feature_ae320_A01_popmean,True,-0.0002717943812526405,-0.007541799485884937
370000,H,feature_ae320_A02_popmean,True,0.002614785110338567,0.07255552859468617
370000,H,feature_ae320_A03_popmean,True,0.00044392367677412463,0.012318074206821808
370000,H,feature_ae320_A04_popmean,True,0.0016080112571700627,0.04461938623135003
370000,H,feature_ae320_A05_popmean,True,-0.0015648764882818305,-0.043422474888570484
370000,H,feature_ae320_A06_popmean,True,-0.001825037014502084,-0.05064145606784533
370000,H,feature_ae320_A07_popmean,True,-0.00023064622560047592,-0.006400013045295693
370000,H,feature_ae320_A08_popmean,True,0.0006516960956156718,0.0180833807388347
370000,H,feature_ae320_A09_popmean,True,-0.0004680873517999512,-0.01298857221729199
370000,H,feature_ae320_A10_popmean,True,-3.275812075479103e-05,-0.000908978239831216
370000,H,feature_ae320_A11_popmean,True,-0.0005083589237600862,-0.014106035055577849
370000,H,feature_ae320_A12_popmean,True,-0.0009669721589814831,-0.026831717778200932
370000,H,feature_ae320_A13_popmean,True,-0.00101029732105132,-0.028033912185304787
370000,H,feature_ae320_A14_popmean,True,0.00011498892856314221,0.003190733518195349
370000,H,feature_ae320_A15_popmean,True,0.0007892576327356455,0.021900463068305703
370000,H,feature_ae320_A16_popmean,True,0.0017246962383126987,0.0478571821222593
370000,H,feature_ae320_A17_popmean,True,-0.0007781130743907615,-0.02159122185438328
370000,H,feature_ae320_A18_popmean,True,0.0007282634484749976,0.020207985448353227
370000,H,feature_ae320_A19_popmean,True,0.0028206406387596694,0.07826764490576521
370000,H,feature_ae320_A20_popmean,True,0.0005862382964028984,0.016267045926559188
370000,H,feature_ae320_A21_popmean,True,0.00045000406210771643,0.012486793835136125
370000,H,feature_ae320_A22_popmean,True,-0.0004231433136196555,-0.01174145694404918
370000,H,feature_ae320_A23_popmean,True,0.00013610205990168315,0.003776584492525902
370000,H,feature_ae320_A24_popmean,True,-0.0009377191372815735,-0.026019999658789605
370000,H,feature_ae320_A25_popmean,True,0.000979025165997324,0.027166166789606146
370000,H,feature_ae320_A26_popmean,True,-0.0002662167390239608,-0.007387030063872472
370000,H,feature_ae320_A27_popmean,True,3.038427237599868e-05,0.0008431082670958213
370000,H,feature_ae320_A28_popmean,True,0.0016092519032100472,0.044653811901312
370000,H,feature_ae320_A29_popmean,True,0.0006106872763744322,0.016945460630093213
370000,H,feature_ae320_A30_popmean,True,0.0012969566148599882,0.03598818594441087
370000,H,feature_ae320_A31_popmean,True,-0.0013894715389136613,-0.03855530673421159
370000,H,feature_ae320_A32_popmean,True,-0.000306733542566079,-0.008511297632301755
370000,H,feature_ae320_A33_popmean,True,0.0013515393090579207,0.037502756382338874
370000,H,feature_ae320_A34_popmean,True,-0.00015575158154286262,-0.004321822961137153
370000,H,feature_ae320_A35_popmean,True,0.0016508511117155384,0.04580811423778418
370000,H,feature_ae320_A36_popmean,True,0.0008971142865279754,0.024893288940464383
370000,H,feature_ae320_A37_popmean,True,0.0009228146207587144,0.025606426447557628
370000,H,feature_ae320_A38_popmean,True,0.0008263019041241801,0.022928374188562972
370000,H,feature_ae320_A39_popmean,True,0.0017479899934719028,0.04850354143945474
370000,H,feature_ae320_A40_popmean,True,-0.0024457827954345148,-0.06786602189560549
370000,H,feature_ae320_A41_popmean,True,-0.00043086900371995063,-0.011955830785620073
370000,H,feature_ae320_A42_popmean,True,0.00033932559050436906,0.009415667653683665
370000,H,feature_ae320_A43_popmean,True,0.0012142962856405589,0.03369451222850467
370000,H,feature_ae320_A44_popmean,True,0.00022966689121179,0.006372838298139182
370000,H,feature_ae320_A45_popmean,True,0.0003880129260505294,0.010766652617018231
370000,H,feature_ae320_A46_popmean,True,-0.0009159034383274627,-0.025414653711614197
370000,H,feature_ae320_A47_popmean,True,-0.000289863671356647,-0.008043189404943014
370000,H,feature_ae320_A48_popmean,True,0.0010580314305891033,0.02935844686152607
370000,H,feature_ae320_A49_popmean,True,0.0004462953566973494,0.012383884008861219
370000,H,feature_ae320_A50_popmean,True,-0.001171319928937665,-0.03250199653559998
370000,H,feature_ae320_A51_popmean,True,-0.0011749197591066167,-0.032601885272049755
370000,H,feature_ae320_A52_popmean,True,-0.0025883230954876755,-0.07182125583644093
370000,H,feature_ae320_A53_popmean,True,0.00019640581604324502,0.005449903988570279
370000,H,feature_ae320_A54_popmean,True,0.0011052772133686888,0.03066943135883288
370000,H,feature_ae320_A55_popmean,True,1.101343333360383e-05,0.0003056027334722338
370000,H,feature_ae320_A56_popmean,True,0.0011716824457223653,0.03251205571669077
370000,H,feature_ae320_A57_popmean,True,0.0013834209341189506,0.03838741346165852
370000,H,feature_ae320_A58_popmean,True,0.0016292040885867779,0.04520744873781686
370000,H,feature_ae320_A59_popmean,True,0.000686923674674668,0.019060881952846744
370000,H,feature_ae320_A60_popmean,True,0.0016444423482405335,0.045630282713607
370000,H,feature_ae320_A61_popmean,True,-0.001036187532245574,-0.028752318432609728
370000,H,feature_ae320_A62_popmean,True,0.001207560738824014,0.03350761306125899
370000,H,feature_ae320_A63_popmean,True,0.00043198036565020515,0.011986669056799912
370000,H,feature_economic_log1p_retail_yuan_per_resident,True,0.0012675848306731936,0.035173172382104795
370000,H,feature_health_log1p_motorized_mean_minutes,True,-0.0010968193100485586,-0.030434739932845935
370000,H,feature_health_log1p_q90_minutes,True,-0.0025309296772370177,-0.07022869292082405
370000,H,feature_health_log1p_sd_minutes,True,-0.0003710482301085445,-0.010295913175887076
370000,H,feature_health_population_fraction_ge60min,True,-0.0016795080463824063,-0.04660329202674932
370000,E,feature_control_log1p_population,True,0.002740525640710255,0.07296603269664828
370000,E,feature_control_log1p_population_density,True,0.002997814671158547,0.07981630971259825
370000,E,feature_control_worldpop_child_share,True,-0.007724733125596533,-0.20566971585388297
370000,E,feature_control_worldpop_elderly_share,True,-0.004626198314864549,-0.12317174942253141
370000,E,feature_control_urbanization_rate,True,0.013038810986177369,0.3471561420955234
370000,E,feature_ae320_A00_popmean,True,0.005689390214402519,0.1514790543249565
370000,E,feature_ae320_A01_popmean,True,-0.002844917605216598,-0.0757454511345882
370000,E,feature_ae320_A02_popmean,True,0.006356463509066096,0.16923976822102094
370000,E,feature_ae320_A03_popmean,True,0.0012304230822167653,0.032759806919548266
370000,E,feature_ae320_A04_popmean,True,-0.0021703037295620004,-0.057783970542175725
370000,E,feature_ae320_A05_popmean,True,0.003502148580658073,0.09324411494234013
370000,E,feature_ae320_A06_popmean,True,-0.000253973002586613,-0.006761988333740971
370000,E,feature_ae320_A07_popmean,True,-0.0018878359577225155,-0.05026331378581432
370000,E,feature_ae320_A08_popmean,True,-0.003861370076264067,-0.10280832664113408
370000,E,feature_ae320_A09_popmean,True,0.0012269750769311888,0.032668004360700324
370000,E,feature_ae320_A10_popmean,True,-0.002214680497006824,-0.05896549448643314
370000,E,feature_ae320_A11_popmean,True,-0.0013753542891663294,-0.036618575846193255
370000,E,feature_ae320_A12_popmean,True,-0.0020796526034179055,-0.055370399606746064
370000,E,feature_ae320_A13_popmean,True,0.0046791449419320685,0.1245814444330056
370000,E,feature_ae320_A14_popmean,True,-0.0018185301371029014,-0.04841805800777015
370000,E,feature_ae320_A15_popmean,True,-0.0020540690099337903,-0.05468924074768284
370000,E,feature_ae320_A16_popmean,True,0.0034218017972282595,0.09110489539273178
370000,E,feature_ae320_A17_popmean,True,-0.001119213240897556,-0.029798863662041115
370000,E,feature_ae320_A18_popmean,True,0.002127436232300377,0.056642630661843704
370000,E,feature_ae320_A19_popmean,True,0.0032943437428212628,0.08771134620378794
370000,E,feature_ae320_A20_popmean,True,0.00022170076844884887,0.005902745546039956
370000,E,feature_ae320_A21_popmean,True,6.465885731319802e-05,0.0017215311642258513
370000,E,feature_ae320_A22_popmean,True,0.002203629900988249,0.058671274232321664
370000,E,feature_ae320_A23_popmean,True,-0.001096480038896781,-0.029193595995193753
370000,E,feature_ae320_A24_popmean,True,0.0020049406689868223,0.05338120696079971
370000,E,feature_ae320_A25_popmean,True,0.0005302249012649391,0.014117148516168555
370000,E,feature_ae320_A26_popmean,True,-0.0012491502560930498,-0.03325841476363275
370000,E,feature_ae320_A27_popmean,True,-0.003545067981482133,-0.09438683674626284
370000,E,feature_ae320_A28_popmean,True,0.002896242269586932,0.07711196166196999
370000,E,feature_ae320_A29_popmean,True,0.002382237386813015,0.06342666840085733
370000,E,feature_ae320_A30_popmean,True,-0.0022599011423108106,-0.060169486536279126
370000,E,feature_ae320_A31_popmean,True,-0.0025145515028282927,-0.06694950941061951
370000,E,feature_ae320_A32_popmean,True,0.0014049535422268932,0.03740665096380235
370000,E,feature_ae320_A33_popmean,True,0.00091367492423786,0.024326440667334664
370000,E,feature_ae320_A34_popmean,True,0.0010227922711203814,0.027231671613591423
370000,E,feature_ae320_A35_popmean,True,0.0035255391039108993,0.09386688367659474
370000,E,feature_ae320_A36_popmean,True,-0.00035967133456946896,-0.009576188585282296
370000,E,feature_ae320_A37_popmean,True,-0.0009467086973616965,-0.025205959302023604
370000,E,feature_ae320_A38_popmean,True,0.004156539334168132,0.11066715832047998
370000,E,feature_ae320_A39_popmean,True,0.0006685409434098023,0.01779978979625432
370000,E,feature_ae320_A40_popmean,True,-0.005014797275446907,-0.1335181311686213
370000,E,feature_ae320_A41_popmean,True,0.0031162051307495695,0.08296843571980135
370000,E,feature_ae320_A42_popmean,True,-0.0027620041772609327,-0.07353789510762238
370000,E,feature_ae320_A43_popmean,True,0.00794062068594675,0.21141768571532568
370000,E,feature_ae320_A44_popmean,True,0.0016092159092246463,0.04284510201408705
370000,E,feature_ae320_A45_popmean,True,0.001669065428664346,0.044438585369048114
370000,E,feature_ae320_A46_popmean,True,0.0028813683163650006,0.07671594516754354
370000,E,feature_ae320_A47_popmean,True,0.0024512871743374324,0.06526510734094967
370000,E,feature_ae320_A48_popmean,True,0.007951594974746297,0.21170987430260804
370000,E,feature_ae320_A49_popmean,True,0.00028550610736238324,0.007601551926913331
370000,E,feature_ae320_A50_popmean,True,0.002715431584857007,0.0722979076943932
370000,E,feature_ae320_A51_popmean,True,-0.00029691722644352577,-0.007905371046724305
370000,E,feature_ae320_A52_popmean,True,0.002288697824201836,0.06093619333194004
370000,E,feature_ae320_A53_popmean,True,-0.0006855798946771457,-0.018253448998277823
370000,E,feature_ae320_A54_popmean,True,0.0029747352633280382,0.07920182437395944
370000,E,feature_ae320_A55_popmean,True,0.007782211029400299,0.20720005534276784
370000,E,feature_ae320_A56_popmean,True,0.0010810884964237212,0.028783798774303652
370000,E,feature_ae320_A57_popmean,True,0.0013652313707091276,0.03634905485059978
370000,E,feature_ae320_A58_popmean,True,-0.0015164973519084554,-0.04037648607259711
370000,E,feature_ae320_A59_popmean,True,0.0018233398381062508,0.048546115485305935
370000,E,feature_ae320_A60_popmean,True,0.0010477265713689059,0.02789554314983086
370000,E,feature_ae320_A61_popmean,True,0.0009853460690677368,0.026234672803308285
370000,E,feature_ae320_A62_popmean,True,0.0038317368546546327,0.1020193471166438
370000,E,feature_ae320_A63_popmean,True,-0.0006985267904527603,-0.018598157913403596
370000,E,feature_economic_log1p_retail_yuan_per_resident,True,0.005849913401631587,0.1557529570952626
370000,E,feature_health_log1p_motorized_mean_minutes,False,0.0,0.0
370000,E,feature_health_log1p_q90_minutes,False,0.0,0.0
370000,E,feature_health_log1p_sd_minutes,False,0.0,0.0
370000,E,feature_health_population_fraction_ge60min,False,0.0,0.0
370000,I,feature_control_log1p_population,True,-0.005801697976479319,-0.08515854163052762
370000,I,feature_control_log1p_population_density,True,-0.0076923914264180795,-0.1129105372566222
370000,I,feature_control_worldpop_child_share,True,0.004217679530378164,0.06190798613234454
370000,I,feature_control_worldpop_elderly_share,True,-0.0005764030134487903,-0.008460564513309487
370000,I,feature_control_urbanization_rate,True,0.024882483765534244,0.36523032364122393
370000,I,feature_ae320_A00_popmean,False,0.0,0.0
370000,I,feature_ae320_A01_popmean,False,0.0,0.0
370000,I,feature_ae320_A02_popmean,False,0.0,0.0
370000,I,feature_ae320_A03_popmean,False,0.0,0.0
370000,I,feature_ae320_A04_popmean,False,0.0,0.0
370000,I,feature_ae320_A05_popmean,False,0.0,0.0
370000,I,feature_ae320_A06_popmean,False,0.0,0.0
370000,I,feature_ae320_A07_popmean,False,0.0,0.0
370000,I,feature_ae320_A08_popmean,False,0.0,0.0
370000,I,feature_ae320_A09_popmean,False,0.0,0.0
370000,I,feature_ae320_A10_popmean,False,0.0,0.0
370000,I,feature_ae320_A11_popmean,False,0.0,0.0
370000,I,feature_ae320_A12_popmean,False,0.0,0.0
370000,I,feature_ae320_A13_popmean,False,0.0,0.0
370000,I,feature_ae320_A14_popmean,False,0.0,0.0
370000,I,feature_ae320_A15_popmean,False,0.0,0.0
370000,I,feature_ae320_A16_popmean,False,0.0,0.0
370000,I,feature_ae320_A17_popmean,False,0.0,0.0
370000,I,feature_ae320_A18_popmean,False,0.0,0.0
370000,I,feature_ae320_A19_popmean,False,0.0,0.0
370000,I,feature_ae320_A20_popmean,False,0.0,0.0
370000,I,feature_ae320_A21_popmean,False,0.0,0.0
370000,I,feature_ae320_A22_popmean,False,0.0,0.0
370000,I,feature_ae320_A23_popmean,False,0.0,0.0
370000,I,feature_ae320_A24_popmean,False,0.0,0.0
370000,I,feature_ae320_A25_popmean,False,0.0,0.0
370000,I,feature_ae320_A26_popmean,False,0.0,0.0
370000,I,feature_ae320_A27_popmean,False,0.0,0.0
370000,I,feature_ae320_A28_popmean,False,0.0,0.0
370000,I,feature_ae320_A29_popmean,False,0.0,0.0
370000,I,feature_ae320_A30_popmean,False,0.0,0.0
370000,I,feature_ae320_A31_popmean,False,0.0,0.0
370000,I,feature_ae320_A32_popmean,False,0.0,0.0
370000,I,feature_ae320_A33_popmean,False,0.0,0.0
370000,I,feature_ae320_A34_popmean,False,0.0,0.0
370000,I,feature_ae320_A35_popmean,False,0.0,0.0
370000,I,feature_ae320_A36_popmean,False,0.0,0.0
370000,I,feature_ae320_A37_popmean,False,0.0,0.0
370000,I,feature_ae320_A38_popmean,False,0.0,0.0
370000,I,feature_ae320_A39_popmean,False,0.0,0.0
370000,I,feature_ae320_A40_popmean,False,0.0,0.0
370000,I,feature_ae320_A41_popmean,False,0.0,0.0
370000,I,feature_ae320_A42_popmean,False,0.0,0.0
370000,I,feature_ae320_A43_popmean,False,0.0,0.0
370000,I,feature_ae320_A44_popmean,False,0.0,0.0
370000,I,feature_ae320_A45_popmean,False,0.0,0.0
370000,I,feature_ae320_A46_popmean,False,0.0,0.0
370000,I,feature_ae320_A47_popmean,False,0.0,0.0
370000,I,feature_ae320_A48_popmean,False,0.0,0.0
370000,I,feature_ae320_A49_popmean,False,0.0,0.0
370000,I,feature_ae320_A50_popmean,False,0.0,0.0
370000,I,feature_ae320_A51_popmean,False,0.0,0.0
370000,I,feature_ae320_A52_popmean,False,0.0,0.0
370000,I,feature_ae320_A53_popmean,False,0.0,0.0
370000,I,feature_ae320_A54_popmean,False,0.0,0.0
370000,I,feature_ae320_A55_popmean,False,0.0,0.0
370000,I,feature_ae320_A56_popmean,False,0.0,0.0
370000,I,feature_ae320_A57_popmean,False,0.0,0.0
370000,I,feature_ae320_A58_popmean,False,0.0,0.0
370000,I,feature_ae320_A59_popmean,False,0.0,0.0
370000,I,feature_ae320_A60_popmean,False,0.0,0.0
370000,I,feature_ae320_A61_popmean,False,0.0,0.0
370000,I,feature_ae320_A62_popmean,False,0.0,0.0
370000,I,feature_ae320_A63_popmean,False,0.0,0.0
370000,I,feature_economic_log1p_retail_yuan_per_resident,True,0.04950389351817058,0.7266285480787064
370000,I,feature_health_log1p_motorized_mean_minutes,False,0.0,0.0
370000,I,feature_health_log1p_q90_minutes,False,0.0,0.0
370000,I,feature_health_log1p_sd_minutes,False,0.0,0.0
370000,I,feature_health_population_fraction_ge60min,False,0.0,0.0
410000,H,feature_control_log1p_population,True,0.0017082801574073046,0.04655747202154431
410000,H,feature_control_log1p_population_density,True,0.0024847322680622555,0.06771889994139561
410000,H,feature_control_worldpop_child_share,True,-0.00567526470225075,-0.15467367951572947
410000,H,feature_control_worldpop_elderly_share,True,0.00273862961137009,0.07463861882131263
410000,H,feature_control_urbanization_rate,True,0.003016379074919782,0.08220840345069091
410000,H,feature_ae320_A00_popmean,True,0.003947010008664214,0.10757182143123438
410000,H,feature_ae320_A01_popmean,True,-0.00043427038620187305,-0.011835606277874859
410000,H,feature_ae320_A02_popmean,True,0.002393533228672692,0.06523336107567726
410000,H,feature_ae320_A03_popmean,True,0.0006071879345416332,0.01654830160712402
410000,H,feature_ae320_A04_popmean,True,0.0015624057032535437,0.042581809254244214
410000,H,feature_ae320_A05_popmean,True,-0.002134244190786283,-0.05816669693716069
410000,H,feature_ae320_A06_popmean,True,-0.001498522510816304,-0.04084073655510463
410000,H,feature_ae320_A07_popmean,True,-0.0004641287705454343,-0.012649366765378093
410000,H,feature_ae320_A08_popmean,True,0.0001957933792330335,0.0053361532861685825
410000,H,feature_ae320_A09_popmean,True,-0.0006492706722572868,-0.017695224654430353
410000,H,feature_ae320_A10_popmean,True,6.61158754173675e-05,0.0018019222471071913
410000,H,feature_ae320_A11_popmean,True,-0.0005185841057589007,-0.014133492618290102
410000,H,feature_ae320_A12_popmean,True,-0.0010004117036437404,-0.02726522327175499
410000,H,feature_ae320_A13_popmean,True,-0.0016595344963677462,-0.045228957643981466
410000,H,feature_ae320_A14_popmean,True,-0.00017873874638395392,-0.004871346276460154
410000,H,feature_ae320_A15_popmean,True,0.00043114318974837396,0.011750377657289212
410000,H,feature_ae320_A16_popmean,True,0.001974088123798268,0.05380180305512208
410000,H,feature_ae320_A17_popmean,True,-0.00024228481806705916,-0.006603231085656481
410000,H,feature_ae320_A18_popmean,True,0.0007864459388499486,0.021433799740456474
410000,H,feature_ae320_A19_popmean,True,0.003244709965883806,0.08843133416941212
410000,H,feature_ae320_A20_popmean,True,0.00034860867128035176,0.009500981668156742
410000,H,feature_ae320_A21_popmean,True,0.0009060415448957569,0.024693258710481707
410000,H,feature_ae320_A22_popmean,True,-0.000822829246507707,-0.02242539050557911
410000,H,feature_ae320_A23_popmean,True,0.00036176847935078297,0.009859639112833664
410000,H,feature_ae320_A24_popmean,True,-0.0013517938493332678,-0.036841793218946504
410000,H,feature_ae320_A25_popmean,True,0.0012676550377718643,0.03454867382151617
410000,H,feature_ae320_A26_popmean,True,-6.71592184297159e-05,-0.0018303575203822775
410000,H,feature_ae320_A27_popmean,True,-0.0003339340109744657,-0.009101038436565335
410000,H,feature_ae320_A28_popmean,True,0.001419476455273965,0.03868641514396597
410000,H,feature_ae320_A29_popmean,True,0.0009485911314257378,0.025852905256633994
410000,H,feature_ae320_A30_popmean,True,0.0014739275983809085,0.04017042674519549
410000,H,feature_ae320_A31_popmean,True,-0.0013903615080994218,-0.03789291629507409
410000,H,feature_ae320_A32_popmean,True,-0.0008167875386047407,-0.02226072978208185
410000,H,feature_ae320_A33_popmean,True,0.0008014622698784324,0.021843054866843913
410000,H,feature_ae320_A34_popmean,True,0.0003833384748134473,0.01044750782740212
410000,H,feature_ae320_A35_popmean,True,0.0018564188749929983,0.05059484503053077
410000,H,feature_ae320_A36_popmean,True,0.0006003122048571303,0.016360910451741286
410000,H,feature_ae320_A37_popmean,True,0.0007036749529909435,0.019177959068411802
410000,H,feature_ae320_A38_popmean,True,0.0008312287019855463,0.022654309287846786
410000,H,feature_ae320_A39_popmean,True,0.0018128326168868768,0.04940694503444381
410000,H,feature_ae320_A40_popmean,True,-0.002665223014677874,-0.07263799523689914
410000,H,feature_ae320_A41_popmean,True,-0.0003736251408479888,-0.01018278059728601
410000,H,feature_ae320_A42_popmean,True,0.0004462826085015357,0.012162987416857306
410000,H,feature_ae320_A43_popmean,True,0.000970346267471263,0.026445819793147533
410000,H,feature_ae320_A44_popmean,True,0.0003524019951522209,0.009604364927200883
410000,H,feature_ae320_A45_popmean,True,0.00037436880164047105,0.01020304833053186
410000,H,feature_ae320_A46_popmean,True,-0.001136652737191668,-0.030978336767857936
410000,H,feature_ae320_A47_popmean,True,-0.0001509073965240418,-0.004112830592246348
410000,H,feature_ae320_A48_popmean,True,0.0013535894082948787,0.036890729387733426
410000,H,feature_ae320_A49_popmean,True,0.00011098694053852504,0.003024838377050323
410000,H,feature_ae320_A50_popmean,True,-0.0015764057448102154,-0.042963366424623374
410000,H,feature_ae320_A51_popmean,True,-0.0006221113154903538,-0.01695502347178667
410000,H,feature_ae320_A52_popmean,True,-0.0029110207606268222,-0.0793369676685319
410000,H,feature_ae320_A53_popmean,True,0.0003816476927788487,0.010401427249266841
410000,H,feature_ae320_A54_popmean,True,0.0011459827726269915,0.031232617578799016
410000,H,feature_ae320_A55_popmean,True,-0.0005398692191524558,-0.014713597156178008
410000,H,feature_ae320_A56_popmean,True,0.0016274113155065966,0.044353472386073976
410000,H,feature_ae320_A57_popmean,True,0.0016283914510542927,0.0443801850029368
410000,H,feature_ae320_A58_popmean,True,0.0017341030216135173,0.04726124843233021
410000,H,feature_ae320_A59_popmean,True,0.0009223445420956408,0.02513758064017789
410000,H,feature_ae320_A60_popmean,True,0.002045633691354785,0.05575170614644732
410000,H,feature_ae320_A61_popmean,True,-0.0013770217057744287,-0.03752935328649744
410000,H,feature_ae320_A62_popmean,True,0.0014127092204619062,0.038501980908129715
410000,H,feature_ae320_A63_popmean,True,8.604492427213675e-05,0.0023450685983942786
410000,H,feature_economic_log1p_retail_yuan_per_resident,False,0.0,0.0
410000,H,feature_health_log1p_motorized_mean_minutes,False,0.0,0.0
410000,H,feature_health_log1p_q90_minutes,False,0.0,0.0
410000,H,feature_health_log1p_sd_minutes,False,0.0,0.0
410000,H,feature_health_population_fraction_ge60min,False,0.0,0.0
410000,E,feature_control_log1p_population,True,0.002602023083200097,0.06890703740377438
410000,E,feature_control_log1p_population_density,True,0.003271489613130327,0.08663591748801378
410000,E,feature_control_worldpop_child_share,True,-0.007268569083582361,-0.1924869786698244
410000,E,feature_control_worldpop_elderly_share,True,-0.004564408358210996,-0.12087512193724792
410000,E,feature_control_urbanization_rate,True,0.013128332810545554,0.3476658319698288
410000,E,feature_ae320_A00_popmean,True,0.005593006469608126,0.14811456073896864
410000,E,feature_ae320_A01_popmean,True,-0.0025715349279780615,-0.06809964700596394
410000,E,feature_ae320_A02_popmean,True,0.005913388724303989,0.15659895588149078
410000,E,feature_ae320_A03_popmean,True,0.0011700789692305393,0.030986149130921566
410000,E,feature_ae320_A04_popmean,True,-0.0024079661728073688,-0.06376800275445559
410000,E,feature_ae320_A05_popmean,True,0.0036569370410657383,0.09684337510259772
410000,E,feature_ae320_A06_popmean,True,0.00014344456353308397,0.003798713381353272
410000,E,feature_ae320_A07_popmean,True,-0.001610893251626812,-0.04265983736271119
410000,E,feature_ae320_A08_popmean,True,-0.0033920507529699878,-0.08982862973795899
410000,E,feature_ae320_A09_popmean,True,0.00093029569478449,0.024636184302503167
410000,E,feature_ae320_A10_popmean,True,-0.0018819896274956153,-0.049839038897328304
410000,E,feature_ae320_A11_popmean,True,-0.0014148388953294088,-0.037467906149732326
410000,E,feature_ae320_A12_popmean,True,-0.0023911630807900435,-0.0633230215789954
410000,E,feature_ae320_A13_popmean,True,0.0048614230224162175,0.12874069419446557
410000,E,feature_ae320_A14_popmean,True,-0.0018242352680427358,-0.04830958213241899
410000,E,feature_ae320_A15_popmean,True,-0.001577848066734851,-0.04178473144759971
410000,E,feature_ae320_A16_popmean,True,0.0031345504372378118,0.08300948043747745
410000,E,feature_ae320_A17_popmean,True,-0.0008840073454583689,-0.023410371572797753
410000,E,feature_ae320_A18_popmean,True,0.0017008320627502718,0.045041606018857525
410000,E,feature_ae320_A19_popmean,True,0.0031463164510009576,0.083321069199201
410000,E,feature_ae320_A20_popmean,True,0.0008743693125360493,0.023155136214062847
410000,E,feature_ae320_A21_popmean,True,-0.0004333340553189362,-0.01147559610480786
410000,E,feature_ae320_A22_popmean,True,0.0020199953461029975,0.05349372023947778
410000,E,feature_ae320_A23_popmean,True,-0.0014282890020157989,-0.037824093229896126
410000,E,feature_ae320_A24_popmean,True,0.0019720924230057168,0.052225150204520635
410000,E,feature_ae320_A25_popmean,True,0.00026514116868760706,0.007021495138147631
410000,E,feature_ae320_A26_popmean,True,-0.0007146817417017732,-0.0189262738771221
410000,E,feature_ae320_A27_popmean,True,-0.0038705471125474343,-0.10250021853355978
410000,E,feature_ae320_A28_popmean,True,0.003008168556312855,0.0796626227357598
410000,E,feature_ae320_A29_popmean,True,0.0018656859189703236,0.0494072824458095
410000,E,feature_ae320_A30_popmean,True,-0.0015773234131666466,-0.04177083751895561
410000,E,feature_ae320_A31_popmean,True,-0.001846511574450645,-0.04889950552271417
410000,E,feature_ae320_A32_popmean,True,0.001660573779383189,0.04397548210331731
410000,E,feature_ae320_A33_popmean,True,0.0006724668337718028,0.01780833443280716
410000,E,feature_ae320_A34_popmean,True,0.0007939597391196773,0.021025721790802178
410000,E,feature_ae320_A35_popmean,True,0.004352463442250914,0.11526237532254845
410000,E,feature_ae320_A36_popmean,True,-0.0004101421619456637,-0.010861426048264382
410000,E,feature_ae320_A37_popmean,True,-0.0008041799339920854,-0.02129637402094334
410000,E,feature_ae320_A38_popmean,True,0.004338027486687493,0.11488008089311376
410000,E,feature_ae320_A39_popmean,True,0.0007443668296310954,0.019712397365990026
410000,E,feature_ae320_A40_popmean,True,-0.00470526568829389,-0.12460531994174862
410000,E,feature_ae320_A41_popmean,True,0.0028759923297989524,0.076162318590463
410000,E,feature_ae320_A42_popmean,True,-0.0034267369329527226,-0.09074719265036978
410000,E,feature_ae320_A43_popmean,True,0.007741705851616214,0.20501663422226996
410000,E,feature_ae320_A44_popmean,True,0.001777779400111141,0.047079333158128456
410000,E,feature_ae320_A45_popmean,True,0.0016493638324598604,0.04367861915966112
410000,E,feature_ae320_A46_popmean,True,0.0028182237960339284,0.07463248645999163
410000,E,feature_ae320_A47_popmean,True,0.0027064192846490273,0.07167166812688322
410000,E,feature_ae320_A48_popmean,True,0.00851762563124766,0.2255646199886517
410000,E,feature_ae320_A49_popmean,True,0.000559033347018388,0.014804377409895148
410000,E,feature_ae320_A50_popmean,True,0.002675465185283986,0.07085193854934088
410000,E,feature_ae320_A51_popmean,True,-0.0001014919879174267,-0.002687721047811986
410000,E,feature_ae320_A52_popmean,True,0.002765909542846682,0.07324709513721722
410000,E,feature_ae320_A53_popmean,True,-0.0007054294000720709,-0.01868125243405085
410000,E,feature_ae320_A54_popmean,True,0.002326129160627193,0.06160078675405899
410000,E,feature_ae320_A55_popmean,True,0.007076451010595573,0.18739928850799825
410000,E,feature_ae320_A56_popmean,True,0.0005553188155092681,0.01470600881228777
410000,E,feature_ae320_A57_popmean,True,0.0013800481450938532,0.03654657399735248
410000,E,feature_ae320_A58_popmean,True,-0.0014503555240016467,-0.03840846108799367
410000,E,feature_ae320_A59_popmean,True,0.0020567735349024284,0.054467683940110555
410000,E,feature_ae320_A60_popmean,True,0.001074479966984519,0.02845448672328894
410000,E,feature_ae320_A61_popmean,True,0.0007318678880374975,0.01938139913562905
410000,E,feature_ae320_A62_popmean,True,0.003601005114617416,0.09536218019209763
410000,E,feature_ae320_A63_popmean,True,-0.0007406507083128394,-0.019613986666896954
410000,E,feature_economic_log1p_retail_yuan_per_resident,True,0.00573101270690795,0.15176925581718362
410000,E,feature_health_log1p_motorized_mean_minutes,True,-0.0006686683808582499,-0.017707743420113775
410000,E,feature_health_log1p_q90_minutes,True,-0.0034655474936912695,-0.09177497782942495
410000,E,feature_health_log1p_sd_minutes,True,0.0033665457630408977,0.08915320402541486
410000,E,feature_health_population_fraction_ge60min,True,-0.0001577154630498213,-0.004176636779932786
410000,I,feature_control_log1p_population,True,-0.005264977847509544,-0.07593793976273618
410000,I,feature_control_log1p_population_density,True,-0.008777345651072577,-0.12659759729913192
410000,I,feature_control_worldpop_child_share,True,0.004365688072772033,0.0629672844777259
410000,I,feature_control_worldpop_elderly_share,True,0.0003409571571368099,0.00491770047476575
410000,I,feature_control_urbanization_rate,True,0.02560739192787872,0.36934107645293485
410000,I,feature_ae320_A00_popmean,False,0.0,0.0
410000,I,feature_ae320_A01_popmean,False,0.0,0.0
410000,I,feature_ae320_A02_popmean,False,0.0,0.0
410000,I,feature_ae320_A03_popmean,False,0.0,0.0
410000,I,feature_ae320_A04_popmean,False,0.0,0.0
410000,I,feature_ae320_A05_popmean,False,0.0,0.0
410000,I,feature_ae320_A06_popmean,False,0.0,0.0
410000,I,feature_ae320_A07_popmean,False,0.0,0.0
410000,I,feature_ae320_A08_popmean,False,0.0,0.0
410000,I,feature_ae320_A09_popmean,False,0.0,0.0
410000,I,feature_ae320_A10_popmean,False,0.0,0.0
410000,I,feature_ae320_A11_popmean,False,0.0,0.0
410000,I,feature_ae320_A12_popmean,False,0.0,0.0
410000,I,feature_ae320_A13_popmean,False,0.0,0.0
410000,I,feature_ae320_A14_popmean,False,0.0,0.0
410000,I,feature_ae320_A15_popmean,False,0.0,0.0
410000,I,feature_ae320_A16_popmean,False,0.0,0.0
410000,I,feature_ae320_A17_popmean,False,0.0,0.0
410000,I,feature_ae320_A18_popmean,False,0.0,0.0
410000,I,feature_ae320_A19_popmean,False,0.0,0.0
410000,I,feature_ae320_A20_popmean,False,0.0,0.0
410000,I,feature_ae320_A21_popmean,False,0.0,0.0
410000,I,feature_ae320_A22_popmean,False,0.0,0.0
410000,I,feature_ae320_A23_popmean,False,0.0,0.0
410000,I,feature_ae320_A24_popmean,False,0.0,0.0
410000,I,feature_ae320_A25_popmean,False,0.0,0.0
410000,I,feature_ae320_A26_popmean,False,0.0,0.0
410000,I,feature_ae320_A27_popmean,False,0.0,0.0
410000,I,feature_ae320_A28_popmean,False,0.0,0.0
410000,I,feature_ae320_A29_popmean,False,0.0,0.0
410000,I,feature_ae320_A30_popmean,False,0.0,0.0
410000,I,feature_ae320_A31_popmean,False,0.0,0.0
410000,I,feature_ae320_A32_popmean,False,0.0,0.0
410000,I,feature_ae320_A33_popmean,False,0.0,0.0
410000,I,feature_ae320_A34_popmean,False,0.0,0.0
410000,I,feature_ae320_A35_popmean,False,0.0,0.0
410000,I,feature_ae320_A36_popmean,False,0.0,0.0
410000,I,feature_ae320_A37_popmean,False,0.0,0.0
410000,I,feature_ae320_A38_popmean,False,0.0,0.0
410000,I,feature_ae320_A39_popmean,False,0.0,0.0
410000,I,feature_ae320_A40_popmean,False,0.0,0.0
410000,I,feature_ae320_A41_popmean,False,0.0,0.0
410000,I,feature_ae320_A42_popmean,False,0.0,0.0
410000,I,feature_ae320_A43_popmean,False,0.0,0.0
410000,I,feature_ae320_A44_popmean,False,0.0,0.0
410000,I,feature_ae320_A45_popmean,False,0.0,0.0
410000,I,feature_ae320_A46_popmean,False,0.0,0.0
410000,I,feature_ae320_A47_popmean,False,0.0,0.0
410000,I,feature_ae320_A48_popmean,False,0.0,0.0
410000,I,feature_ae320_A49_popmean,False,0.0,0.0
410000,I,feature_ae320_A50_popmean,False,0.0,0.0
410000,I,feature_ae320_A51_popmean,False,0.0,0.0
410000,I,feature_ae320_A52_popmean,False,0.0,0.0
410000,I,feature_ae320_A53_popmean,False,0.0,0.0
410000,I,feature_ae320_A54_popmean,False,0.0,0.0
410000,I,feature_ae320_A55_popmean,False,0.0,0.0
410000,I,feature_ae320_A56_popmean,False,0.0,0.0
410000,I,feature_ae320_A57_popmean,False,0.0,0.0
410000,I,feature_ae320_A58_popmean,False,0.0,0.0
410000,I,feature_ae320_A59_popmean,False,0.0,0.0
410000,I,feature_ae320_A60_popmean,False,0.0,0.0
410000,I,feature_ae320_A61_popmean,False,0.0,0.0
410000,I,feature_ae320_A62_popmean,False,0.0,0.0
410000,I,feature_ae320_A63_popmean,False,0.0,0.0
410000,I,feature_economic_log1p_retail_yuan_per_resident,True,0.050740230493401865,0.7318375648205072
410000,I,feature_health_log1p_motorized_mean_minutes,False,0.0,0.0
410000,I,feature_health_log1p_q90_minutes,False,0.0,0.0
410000,I,feature_health_log1p_sd_minutes,False,0.0,0.0
410000,I,feature_health_population_fraction_ge60min,False,0.0,0.0
420000,H,feature_control_log1p_population,True,0.0015550406527200522,0.04284472376869462
420000,H,feature_control_log1p_population_density,True,0.0017836000387108808,0.04914202779119108
420000,H,feature_control_worldpop_child_share,True,-0.004618801338740196,-0.12725793834048799
420000,H,feature_control_worldpop_elderly_share,True,0.0025790931479303548,0.07105957860556465
420000,H,feature_control_urbanization_rate,True,0.0021341239067015775,0.05879971633594157
420000,H,feature_ae320_A00_popmean,True,0.003937304358059228,0.10848122672500589
420000,H,feature_ae320_A01_popmean,True,-4.008934943475632e-05,-0.0011045480384029704
420000,H,feature_ae320_A02_popmean,True,0.002299043304345649,0.06334360142589092
420000,H,feature_ae320_A03_popmean,True,0.00025812429286068664,0.0071118809699676116
420000,H,feature_ae320_A04_popmean,True,0.0014063372134234821,0.03874762330448999
420000,H,feature_ae320_A05_popmean,True,-0.0020247962095636574,-0.055787502490632565
420000,H,feature_ae320_A06_popmean,True,-0.001607734849079942,-0.04429656252500221
420000,H,feature_ae320_A07_popmean,True,-0.0002625866797232086,-0.007234829352146159
420000,H,feature_ae320_A08_popmean,True,0.0008637450124790746,0.02379803794937562
420000,H,feature_ae320_A09_popmean,True,-0.0008231473828372344,-0.022679485695049736
420000,H,feature_ae320_A10_popmean,True,0.00021342971543552273,0.005880448968244619
420000,H,feature_ae320_A11_popmean,True,-0.000566925377103959,-0.01562001683814175
420000,H,feature_ae320_A12_popmean,True,-0.00102233172435964,-0.02816744388871449
420000,H,feature_ae320_A13_popmean,True,-0.0012765774630458214,-0.03517246232622166
420000,H,feature_ae320_A14_popmean,True,0.00010007721641348769,0.002757343150660167
420000,H,feature_ae320_A15_popmean,True,0.0009009563772534895,0.024823291303380995
420000,H,feature_ae320_A16_popmean,True,0.0017225870676423804,0.04746098885039893
420000,H,feature_ae320_A17_popmean,True,-0.0006423114379335592,-0.01769706540057293
420000,H,feature_ae320_A18_popmean,True,0.0007420913047440341,0.020446215928370457
420000,H,feature_ae320_A19_popmean,True,0.002809985025557019,0.0774211478031582
420000,H,feature_ae320_A20_popmean,True,0.0005890961772027552,0.016230870197057042
420000,H,feature_ae320_A21_popmean,True,0.0005907298401803887,0.01627588113544339
420000,H,feature_ae320_A22_popmean,True,-0.0006111312921900853,-0.016837985138516736
420000,H,feature_ae320_A23_popmean,True,0.0003845822368449541,0.010596070061028234
420000,H,feature_ae320_A24_popmean,True,-0.001094880234075778,-0.030166311798168408
420000,H,feature_ae320_A25_popmean,True,0.0009448784775423844,0.026033439893983396
420000,H,feature_ae320_A26_popmean,True,1.825720072734339e-05,0.0005030252556962952
420000,H,feature_ae320_A27_popmean,True,-0.00032637131250663894,-0.00899223355088107
420000,H,feature_ae320_A28_popmean,True,0.00132918245346488,0.03662184326646718
420000,H,feature_ae320_A29_popmean,True,0.0005863718020529013,0.01615580778596598
420000,H,feature_ae320_A30_popmean,True,0.0014954357808843921,0.04120248099864207
420000,H,feature_ae320_A31_popmean,True,-0.0012091608442410266,-0.03331498907942365
420000,H,feature_ae320_A32_popmean,True,-0.0005879074774591792,-0.016198118955429792
420000,H,feature_ae320_A33_popmean,True,0.001091388734820888,0.030070113463512203
420000,H,feature_ae320_A34_popmean,True,-0.00011552556411849407,-0.0031829784476834285
420000,H,feature_ae320_A35_popmean,True,0.001819473629586458,0.05013042258908063
420000,H,feature_ae320_A36_popmean,True,0.0009014305681809089,0.02483635628612815
420000,H,feature_ae320_A37_popmean,True,0.0006165883270142448,0.0169883382172149
420000,H,feature_ae320_A38_popmean,True,0.0005236487370742478,0.014427652069756491
420000,H,feature_ae320_A39_popmean,True,0.0016561143717317122,0.045629522715110865
420000,H,feature_ae320_A40_popmean,True,-0.002285693462443905,-0.0629757844896356
420000,H,feature_ae320_A41_popmean,True,-0.0003497906668816507,-0.009637487272887262
420000,H,feature_ae320_A42_popmean,True,0.00035548006418489983,0.009794242439024997
420000,H,feature_ae320_A43_popmean,True,0.0009563119646160617,0.026348457121685948
420000,H,feature_ae320_A44_popmean,True,0.00018911454683253755,0.005210513632237887
420000,H,feature_ae320_A45_popmean,True,0.000466883935897464,0.012863659371591313
420000,H,feature_ae320_A46_popmean,True,-0.000672237463100518,-0.01852159193596003
420000,H,feature_ae320_A47_popmean,True,-0.0004560512292639879,-0.012565194940731097
420000,H,feature_ae320_A48_popmean,True,0.0011255970257667669,0.031012625656753993
420000,H,feature_ae320_A49_popmean,True,8.947328099678006e-05,0.002465181860217231
420000,H,feature_ae320_A50_popmean,True,-0.0013669190814153713,-0.037661568753818715
420000,H,feature_ae320_A51_popmean,True,-0.00099492662061656,-0.027412374175475256
420000,H,feature_ae320_A52_popmean,True,-0.0026078664407364785,-0.07185234487829055
420000,H,feature_ae320_A53_popmean,True,-3.673287796937338e-05,-0.0010120700105647317
420000,H,feature_ae320_A54_popmean,True,0.00106652551142058,0.029385078035838844
420000,H,feature_ae320_A55_popmean,True,-0.0002508449569348512,-0.006911319565726238
420000,H,feature_ae320_A56_popmean,True,0.001542410385395407,0.04249673266395878
420000,H,feature_ae320_A57_popmean,True,0.0013462631871456088,0.03709245431772001
420000,H,feature_ae320_A58_popmean,True,0.001792441854088461,0.04938563887415768
420000,H,feature_ae320_A59_popmean,True,0.0007163079257735184,0.019735828230220555
420000,H,feature_ae320_A60_popmean,True,0.0018566034402251917,0.051153428950758605
420000,H,feature_ae320_A61_popmean,True,-0.0012153420292863471,-0.03348529405850359
420000,H,feature_ae320_A62_popmean,True,0.0013690840513518126,0.03772121834480021
420000,H,feature_ae320_A63_popmean,True,0.00017530950448612376,0.004830154941992307
420000,H,feature_economic_log1p_retail_yuan_per_resident,True,0.0013100952867184748,0.03609595065694197
420000,H,feature_health_log1p_motorized_mean_minutes,True,-0.0010759478358985416,-0.02964468339651616
420000,H,feature_health_log1p_q90_minutes,True,-0.00250240828676514,-0.06894674529273948
420000,H,feature_health_log1p_sd_minutes,True,-0.0004889034448423714,-0.01347034433292441
420000,H,feature_health_population_fraction_ge60min,True,-0.001707810241447886,-0.0470538554192737
420000,E,feature_control_log1p_population,True,0.0013155747542955949,0.03539306520389605
420000,E,feature_control_log1p_population_density,True,0.0014931823943199114,0.04017126481860097
420000,E,feature_control_worldpop_child_share,True,-0.004265973056148527,-0.11476798413874373
420000,E,feature_control_worldpop_elderly_share,True,-0.0023767471908070895,-0.06394191437829247
420000,E,feature_control_urbanization_rate,True,0.008154924343396904,0.21939290646636592
420000,E,feature_ae320_A00_popmean,True,0.0031759566804876104,0.08544314301427426
420000,E,feature_ae320_A01_popmean,True,-0.00022811280793280788,-0.006136946196822226
420000,E,feature_ae320_A02_popmean,True,0.002906368609477419,0.0781903828466735
420000,E,feature_ae320_A03_popmean,True,-0.0005140232423129384,-0.013828828861375488
420000,E,feature_ae320_A04_popmean,True,-0.0008474358884883542,-0.022798669220016617
420000,E,feature_ae320_A05_popmean,True,-6.853258818415115e-05,-0.0018437404292484753
420000,E,feature_ae320_A06_popmean,True,-0.000696035351710789,-0.018725522443235866
420000,E,feature_ae320_A07_popmean,True,8.586419862413854e-05,0.0023100148210214045
420000,E,feature_ae320_A08_popmean,True,-0.0018047568683034025,-0.04855359021482816
420000,E,feature_ae320_A09_popmean,True,-6.366326179997478e-05,-0.0017127403582517628
420000,E,feature_ae320_A10_popmean,True,0.0005662347494548272,0.015233481292286567
420000,E,feature_ae320_A11_popmean,True,0.0006801408528591398,0.018297910836671646
420000,E,feature_ae320_A12_popmean,True,-0.0006237115369514261,-0.016779786191293868
420000,E,feature_ae320_A13_popmean,True,0.001595812895677233,0.04293234549044249
420000,E,feature_ae320_A14_popmean,True,-0.0014503736995089848,-0.039019577374166795
420000,E,feature_ae320_A15_popmean,True,0.0002174447023399085,0.005849940874153425
420000,E,feature_ae320_A16_popmean,True,0.00318063585561169,0.08556902742314289
420000,E,feature_ae320_A17_popmean,True,0.0002048630529160628,0.005511455252582522
420000,E,feature_ae320_A18_popmean,True,-0.00014106149818364944,-0.003794994383003634
420000,E,feature_ae320_A19_popmean,True,0.0022889129892367643,0.06157890033202857
420000,E,feature_ae320_A20_popmean,True,9.359650745831147e-05,0.002518038051819168
420000,E,feature_ae320_A21_popmean,True,-0.00024928817769915364,-0.006706629706185532
420000,E,feature_ae320_A22_popmean,True,-1.7165649977928836e-07,-4.618095375822205e-06
420000,E,feature_ae320_A23_popmean,True,-0.0005519404783793296,-0.014848920805271037
420000,E,feature_ae320_A24_popmean,True,0.0011987850589101525,0.03225105803902508
420000,E,feature_ae320_A25_popmean,True,0.0011578852503603475,0.031150725590334095
420000,E,feature_ae320_A26_popmean,True,-0.0014033394948209286,-0.03775421053134599
420000,E,feature_ae320_A27_popmean,True,-0.0013267814173024198,-0.035694559401183996
420000,E,feature_ae320_A28_popmean,True,0.001441546062658466,0.03878208640253895
420000,E,feature_ae320_A29_popmean,True,0.0010379833107647088,0.027924989346669045
420000,E,feature_ae320_A30_popmean,True,-0.0004230839358452957,-0.01138227780610708
420000,E,feature_ae320_A31_popmean,True,-0.0016364417879026468,-0.04402538944480606
420000,E,feature_ae320_A32_popmean,True,0.0012610421502732222,0.0339259680255715
420000,E,feature_ae320_A33_popmean,True,-0.0004609940036155629,-0.012402176900473334
420000,E,feature_ae320_A34_popmean,True,0.00030378770988908184,0.008172837149040244
420000,E,feature_ae320_A35_popmean,True,0.0016827529059185186,0.04527130300026852
420000,E,feature_ae320_A36_popmean,True,0.00014013648049855768,0.003770108521416286
420000,E,feature_ae320_A37_popmean,True,0.0002956337111133795,0.007953469143232438
420000,E,feature_ae320_A38_popmean,True,0.0017221344125062028,0.04633078838939935
420000,E,feature_ae320_A39_popmean,True,4.58532574432118e-05,0.0012335956776303282
420000,E,feature_ae320_A40_popmean,True,-0.003059794622772121,-0.08231802126082104
420000,E,feature_ae320_A41_popmean,True,-0.0002951283668121606,-0.00793987380496294
420000,E,feature_ae320_A42_popmean,True,9.329491567078317e-05,0.0025099242918324434
420000,E,feature_ae320_A43_popmean,True,0.002396115194302428,0.06446297409636743
420000,E,feature_ae320_A44_popmean,True,0.0006155551827511376,0.016560354817216266
420000,E,feature_ae320_A45_popmean,True,0.0019152105161701792,0.051525137934326753
420000,E,feature_ae320_A46_popmean,True,-0.00017622271732497236,-0.004740940873428383
420000,E,feature_ae320_A47_popmean,True,0.0006979014482015735,0.01877572626066201
420000,E,feature_ae320_A48_popmean,True,0.0024625886035598587,0.06625131618828697
420000,E,feature_ae320_A49_popmean,True,0.0006131144294778158,0.016494690939532968
420000,E,feature_ae320_A50_popmean,True,0.00051929470396171,0.013970647625566282
420000,E,feature_ae320_A51_popmean,True,-0.0005028121462973711,-0.01352721540232232
420000,E,feature_ae320_A52_popmean,True,0.0006059468413665821,0.016301860457990782
420000,E,feature_ae320_A53_popmean,True,-0.0005911677515224737,-0.015904256833568206
420000,E,feature_ae320_A54_popmean,True,-0.0002259750211116855,-0.006079433061893967
420000,E,feature_ae320_A55_popmean,True,0.002505332889687437,0.06740127083819768
420000,E,feature_ae320_A56_popmean,True,0.0015208415283192117,0.04091538181379574
420000,E,feature_ae320_A57_popmean,True,7.46544850954531e-05,0.0020084385551784258
420000,E,feature_ae320_A58_popmean,True,0.0007866359722838477,0.021162961791312027
420000,E,feature_ae320_A59_popmean,True,0.00011056053956249044,0.0029744234395926456
420000,E,feature_ae320_A60_popmean,True,0.0002486579187883552,0.00668967377521134
420000,E,feature_ae320_A61_popmean,True,0.0003108677478573533,0.008363312258598928
420000,E,feature_ae320_A62_popmean,True,0.0006971852273217731,0.01875645768453861
420000,E,feature_ae320_A63_popmean,True,8.523491306109088e-05,0.0022930850761383463
420000,E,feature_economic_log1p_retail_yuan_per_resident,True,0.004366895775361493,0.11748312014298512
420000,E,feature_health_log1p_motorized_mean_minutes,True,-0.0014356841840171156,-0.03862438357927237
420000,E,feature_health_log1p_q90_minutes,True,-0.0018313674008455197,-0.04926949655941125
420000,E,feature_health_log1p_sd_minutes,True,0.00018338926850581332,0.0049337434583080035
420000,E,feature_health_population_fraction_ge60min,True,-0.002107774696048138,-0.056705715132316994
420000,I,feature_control_log1p_population,True,-0.00555579379512643,-0.08117740302125628
420000,I,feature_control_log1p_population_density,True,-0.010873527833122815,-0.15887644209303695
420000,I,feature_control_worldpop_child_share,True,0.0064738201708893104,0.09459096728183387
420000,I,feature_control_worldpop_elderly_share,True,0.004079740765041847,0.05961034057753648
420000,I,feature_control_urbanization_rate,True,0.025095572201373394,0.36667908381102265
420000,I,feature_ae320_A00_popmean,False,0.0,0.0
420000,I,feature_ae320_A01_popmean,False,0.0,0.0
420000,I,feature_ae320_A02_popmean,False,0.0,0.0
420000,I,feature_ae320_A03_popmean,False,0.0,0.0
420000,I,feature_ae320_A04_popmean,False,0.0,0.0
420000,I,feature_ae320_A05_popmean,False,0.0,0.0
420000,I,feature_ae320_A06_popmean,False,0.0,0.0
420000,I,feature_ae320_A07_popmean,False,0.0,0.0
420000,I,feature_ae320_A08_popmean,False,0.0,0.0
420000,I,feature_ae320_A09_popmean,False,0.0,0.0
420000,I,feature_ae320_A10_popmean,False,0.0,0.0
420000,I,feature_ae320_A11_popmean,False,0.0,0.0
420000,I,feature_ae320_A12_popmean,False,0.0,0.0
420000,I,feature_ae320_A13_popmean,False,0.0,0.0
420000,I,feature_ae320_A14_popmean,False,0.0,0.0
420000,I,feature_ae320_A15_popmean,False,0.0,0.0
420000,I,feature_ae320_A16_popmean,False,0.0,0.0
420000,I,feature_ae320_A17_popmean,False,0.0,0.0
420000,I,feature_ae320_A18_popmean,False,0.0,0.0
420000,I,feature_ae320_A19_popmean,False,0.0,0.0
420000,I,feature_ae320_A20_popmean,False,0.0,0.0
420000,I,feature_ae320_A21_popmean,False,0.0,0.0
420000,I,feature_ae320_A22_popmean,False,0.0,0.0
420000,I,feature_ae320_A23_popmean,False,0.0,0.0
420000,I,feature_ae320_A24_popmean,False,0.0,0.0
420000,I,feature_ae320_A25_popmean,False,0.0,0.0
420000,I,feature_ae320_A26_popmean,False,0.0,0.0
420000,I,feature_ae320_A27_popmean,False,0.0,0.0
420000,I,feature_ae320_A28_popmean,False,0.0,0.0
420000,I,feature_ae320_A29_popmean,False,0.0,0.0
420000,I,feature_ae320_A30_popmean,False,0.0,0.0
420000,I,feature_ae320_A31_popmean,False,0.0,0.0
420000,I,feature_ae320_A32_popmean,False,0.0,0.0
420000,I,feature_ae320_A33_popmean,False,0.0,0.0
420000,I,feature_ae320_A34_popmean,False,0.0,0.0
420000,I,feature_ae320_A35_popmean,False,0.0,0.0
420000,I,feature_ae320_A36_popmean,False,0.0,0.0
420000,I,feature_ae320_A37_popmean,False,0.0,0.0
420000,I,feature_ae320_A38_popmean,False,0.0,0.0
420000,I,feature_ae320_A39_popmean,False,0.0,0.0
420000,I,feature_ae320_A40_popmean,False,0.0,0.0
420000,I,feature_ae320_A41_popmean,False,0.0,0.0
420000,I,feature_ae320_A42_popmean,False,0.0,0.0
420000,I,feature_ae320_A43_popmean,False,0.0,0.0
420000,I,feature_ae320_A44_popmean,False,0.0,0.0
420000,I,feature_ae320_A45_popmean,False,0.0,0.0
420000,I,feature_ae320_A46_popmean,False,0.0,0.0
420000,I,feature_ae320_A47_popmean,False,0.0,0.0
420000,I,feature_ae320_A48_popmean,False,0.0,0.0
420000,I,feature_ae320_A49_popmean,False,0.0,0.0
420000,I,feature_ae320_A50_popmean,False,0.0,0.0
420000,I,feature_ae320_A51_popmean,False,0.0,0.0
420000,I,feature_ae320_A52_popmean,False,0.0,0.0
420000,I,feature_ae320_A53_popmean,False,0.0,0.0
420000,I,feature_ae320_A54_popmean,False,0.0,0.0
420000,I,feature_ae320_A55_popmean,False,0.0,0.0
420000,I,feature_ae320_A56_popmean,False,0.0,0.0
420000,I,feature_ae320_A57_popmean,False,0.0,0.0
420000,I,feature_ae320_A58_popmean,False,0.0,0.0
420000,I,feature_ae320_A59_popmean,False,0.0,0.0
420000,I,feature_ae320_A60_popmean,False,0.0,0.0
420000,I,feature_ae320_A61_popmean,False,0.0,0.0
420000,I,feature_ae320_A62_popmean,False,0.0,0.0
420000,I,feature_ae320_A63_popmean,False,0.0,0.0
420000,I,feature_economic_log1p_retail_yuan_per_resident,True,0.04952146346629061,0.7235732545602893
420000,I,feature_health_log1p_motorized_mean_minutes,True,0.013921621620221423,0.20341307302756578
420000,I,feature_health_log1p_q90_minutes,True,-0.014828846921603153,-0.21666881948560535
420000,I,feature_health_log1p_sd_minutes,True,-0.00926798917339927,-0.13541742549653998
420000,I,feature_health_population_fraction_ge60min,True,0.0069559270312413565,0.1016351781264554
430000,H,feature_control_log1p_population,True,0.0032363589452612733,0.08918041373253462
430000,H,feature_control_log1p_population_density,True,0.004617073300133056,0.12722708268877259
430000,H,feature_control_worldpop_child_share,True,-0.00895105830692412,-0.2466534450155342
430000,H,feature_control_worldpop_elderly_share,True,0.0019955183101312128,0.05498807503071417
430000,H,feature_control_urbanization_rate,True,0.0013607032921218456,0.037495248398305085
430000,H,feature_ae320_A00_popmean,True,0.007890974712413791,0.21744200859933308
430000,H,feature_ae320_A01_popmean,True,-0.0009348747104602193,-0.025761207232282188
430000,H,feature_ae320_A02_popmean,True,0.005847722229093275,0.1611385809188655
430000,H,feature_ae320_A03_popmean,True,0.0012979909715959467,0.035767161129488405
430000,H,feature_ae320_A04_popmean,True,0.0023933353440685383,0.06595023598888822
430000,H,feature_ae320_A05_popmean,True,-0.001628127199179508,-0.04486432428783003
430000,H,feature_ae320_A06_popmean,True,-0.0014433164631496387,-0.03977171923995966
430000,H,feature_ae320_A07_popmean,True,-0.00016640026568289315,-0.004585290071279803
430000,H,feature_ae320_A08_popmean,True,0.0007314095129723559,0.020154563841039114
430000,H,feature_ae320_A09_popmean,True,0.00018909267556155152,0.005210597256235344
430000,H,feature_ae320_A10_popmean,True,0.0010979920325203652,0.030256033212437035
430000,H,feature_ae320_A11_popmean,True,-0.005255067249363238,-0.14480750726884278
430000,H,feature_ae320_A12_popmean,True,-0.0024278608053939464,-0.06690161220437718
430000,H,feature_ae320_A13_popmean,True,-0.001552526193009253,-0.042781079158691566
430000,H,feature_ae320_A14_popmean,True,0.0012130545355281016,0.03342667089413044
430000,H,feature_ae320_A15_popmean,True,0.0006716232681447834,0.018507106887278045
430000,H,feature_ae320_A16_popmean,True,-0.0008436997955943534,-0.023248810811708348
430000,H,feature_ae320_A17_popmean,True,-0.00044391388273425385,-0.012232395847754339
430000,H,feature_ae320_A18_popmean,True,0.002718569394205078,0.07491231579575061
430000,H,feature_ae320_A19_popmean,True,0.005452667271749541,0.15025253115155243
430000,H,feature_ae320_A20_popmean,True,0.004041720990662057,0.11137279771345425
430000,H,feature_ae320_A21_popmean,True,0.0014837364345431754,0.040885523312036036
430000,H,feature_ae320_A22_popmean,True,0.0008103736550115759,0.022330482821658785
430000,H,feature_ae320_A23_popmean,True,0.0003875430937407723,0.010679054463224372
430000,H,feature_ae320_A24_popmean,True,-0.002683937134915935,-0.07395799667845356
430000,H,feature_ae320_A25_popmean,True,-0.000623813807406344,-0.017189679629950386
430000,H,feature_ae320_A26_popmean,True,-0.0007559401234058657,-0.020830524086664904
430000,H,feature_ae320_A27_popmean,True,-0.0023537601066701127,-0.06485970922580386
430000,H,feature_ae320_A28_popmean,True,0.0015838631272022431,0.043644593003635136
430000,H,feature_ae320_A29_popmean,True,0.003252266143366929,0.0896187490755487
430000,H,feature_ae320_A30_popmean,True,-0.00026842582557917315,-0.00739668454165095
430000,H,feature_ae320_A31_popmean,True,0.0004849961424222681,0.013364449794183563
430000,H,feature_ae320_A32_popmean,True,-0.002035133307454707,-0.05607969740977548
430000,H,feature_ae320_A33_popmean,True,0.0036914187032915163,0.10171994293203382
430000,H,feature_ae320_A34_popmean,True,0.0012306706400625881,0.033912096496578344
430000,H,feature_ae320_A35_popmean,True,0.005914782955343642,0.16298649192421572
430000,H,feature_ae320_A36_popmean,True,0.0023379834639959615,0.06442497144028991
430000,H,feature_ae320_A37_popmean,True,-0.0024752100917155248,-0.06820635899406237
430000,H,feature_ae320_A38_popmean,True,-0.002179460024555737,-0.060056733505408334
430000,H,feature_ae320_A39_popmean,True,0.005167317559738269,0.142389495621181
430000,H,feature_ae320_A40_popmean,True,-0.005634600481997597,-0.1552658437154652
430000,H,feature_ae320_A41_popmean,True,0.00022167576389105093,0.006108449857586364
430000,H,feature_ae320_A42_popmean,True,5.5883180959026064e-05,0.0015399049619984934
430000,H,feature_ae320_A43_popmean,True,0.002673224854306628,0.07366281136900084
430000,H,feature_ae320_A44_popmean,True,-0.00023247406688481765,-0.006406005581435666
430000,H,feature_ae320_A45_popmean,True,0.000658627753232117,0.01814900526252599
430000,H,feature_ae320_A46_popmean,True,-8.316077373333299e-05,-0.0022915604644890863
430000,H,feature_ae320_A47_popmean,True,-0.001202322510014112,-0.03313094149831448
430000,H,feature_ae320_A48_popmean,True,0.003122067629306012,0.08603102671603877
430000,H,feature_ae320_A49_popmean,True,0.00033950928942716956,0.009355445242403263
430000,H,feature_ae320_A50_popmean,True,-0.006070005034744442,-0.16726375828913995
430000,H,feature_ae320_A51_popmean,True,-0.0017044855654737086,-0.046968439070285806
430000,H,feature_ae320_A52_popmean,True,-0.0021347161722689418,-0.05882378149779297
430000,H,feature_ae320_A53_popmean,True,0.0007729895976327676,0.021300335745752845
430000,H,feature_ae320_A54_popmean,True,0.004590622904954199,0.12649822126600202
430000,H,feature_ae320_A55_popmean,True,0.0018656542772705162,0.05140956956349771
430000,H,feature_ae320_A56_popmean,True,0.0018556568571956957,0.05113408279778036
430000,H,feature_ae320_A57_popmean,True,0.003377236071238606,0.09306239363420918
430000,H,feature_ae320_A58_popmean,True,0.0015922171370112866,0.04387479430815576
430000,H,feature_ae320_A59_popmean,True,0.004388976740197284,0.12094170275098025
430000,H,feature_ae320_A60_popmean,True,0.0047054706481335605,0.12966294107187523
430000,H,feature_ae320_A61_popmean,True,-0.0032777370975071033,-0.09032062123089449
430000,H,feature_ae320_A62_popmean,True,0.005655947471598785,0.1558540767874999
430000,H,feature_ae320_A63_popmean,True,-0.0018394153911587467,-0.0506865364392657
430000,H,feature_economic_log1p_retail_yuan_per_resident,False,0.0,0.0
430000,H,feature_health_log1p_motorized_mean_minutes,False,0.0,0.0
430000,H,feature_health_log1p_q90_minutes,False,0.0,0.0
430000,H,feature_health_log1p_sd_minutes,False,0.0,0.0
430000,H,feature_health_population_fraction_ge60min,False,0.0,0.0
430000,E,feature_control_log1p_population,True,0.0020056108170466774,0.05317560861489686
430000,E,feature_control_log1p_population_density,True,0.0026496930330267583,0.07025243306242633
430000,E,feature_control_worldpop_child_share,True,-0.007539573124188688,-0.1998998939214048
430000,E,feature_control_worldpop_elderly_share,True,-0.004556456317170595,-0.12080725519296945
430000,E,feature_control_urbanization_rate,True,0.012881808126249665,0.34154083202559227
430000,E,feature_ae320_A00_popmean,True,0.004576996459771445,0.12135184468887439
430000,E,feature_ae320_A01_popmean,True,-0.002802659000444585,-0.07430808451069038
430000,E,feature_ae320_A02_popmean,True,0.006660242924224907,0.17658584008847478
430000,E,feature_ae320_A03_popmean,True,0.0016407230764348836,0.04350118548243767
430000,E,feature_ae320_A04_popmean,True,-0.002086173342180788,-0.0553115969478016
430000,E,feature_ae320_A05_popmean,True,0.0030828301972529257,0.08173638205477012
430000,E,feature_ae320_A06_popmean,True,-0.0002955504319524174,-0.007836053715848945
430000,E,feature_ae320_A07_popmean,True,-0.0010877894451021186,-0.02884102204501616
430000,E,feature_ae320_A08_popmean,True,-0.0032469421385909196,-0.08608755142793419
430000,E,feature_ae320_A09_popmean,True,0.000971101373635994,0.025747221809411754
430000,E,feature_ae320_A10_popmean,True,-0.0018835997951147502,-0.04994067874026169
430000,E,feature_ae320_A11_popmean,True,-0.0012768800606219933,-0.03385446158082855
430000,E,feature_ae320_A12_popmean,True,-0.0021302107816340717,-0.05647918022211715
430000,E,feature_ae320_A13_popmean,True,0.004004111668282312,0.1061627076964287
430000,E,feature_ae320_A14_popmean,True,-0.002305201247608328,-0.061118776524099465
430000,E,feature_ae320_A15_popmean,True,-0.0018646601808198046,-0.0494385247288727
430000,E,feature_ae320_A16_popmean,True,0.003203535705437944,0.08493669829077863
430000,E,feature_ae320_A17_popmean,True,-0.0005301663198372664,-0.014056524069799422
430000,E,feature_ae320_A18_popmean,True,0.0025946966662535316,0.06879429110890377
430000,E,feature_ae320_A19_popmean,True,0.002964304741995722,0.07859386648490477
430000,E,feature_ae320_A20_popmean,True,0.00018422593591271868,0.00488446022605382
430000,E,feature_ae320_A21_popmean,True,0.000688812091527333,0.01826276657312899
430000,E,feature_ae320_A22_popmean,True,0.002035961997334952,0.05398032230625301
430000,E,feature_ae320_A23_popmean,True,-0.0015519332605721202,-0.04114706350763722
430000,E,feature_ae320_A24_popmean,True,0.002073574223076943,0.054977551169495986
430000,E,feature_ae320_A25_popmean,True,0.0004416013792691555,0.011708364308881131
430000,E,feature_ae320_A26_popmean,True,-0.0004048795845920201,-0.010734743821401228
430000,E,feature_ae320_A27_popmean,True,-0.0037239246831981014,-0.09873399155110729
430000,E,feature_ae320_A28_popmean,True,0.0021054813370464335,0.055823517989205776
430000,E,feature_ae320_A29_popmean,True,0.0014415582570504537,0.03822064431491535
430000,E,feature_ae320_A30_popmean,True,-0.001422442651180333,-0.03771382416439234
430000,E,feature_ae320_A31_popmean,True,-0.0015162007196021028,-0.04019967152246865
430000,E,feature_ae320_A32_popmean,True,0.0010438140631610364,0.02767508412779203
430000,E,feature_ae320_A33_popmean,True,0.0017271292058339159,0.04579210776895431
430000,E,feature_ae320_A34_popmean,True,0.0014431033080025903,0.03826160890486598
430000,E,feature_ae320_A35_popmean,True,0.004573585853659945,0.12126141784524988
430000,E,feature_ae320_A36_popmean,True,-0.0012345350246857649,-0.03273174971739516
430000,E,feature_ae320_A37_popmean,True,-0.00040211968758700864,-0.01066156950377762
430000,E,feature_ae320_A38_popmean,True,0.0035864683137460766,0.09508955263929052
430000,E,feature_ae320_A39_popmean,True,0.00032214574456478746,0.00854118649756614
430000,E,feature_ae320_A40_popmean,True,-0.005237843036217268,-0.13887314972218273
430000,E,feature_ae320_A41_popmean,True,0.002276489021776556,0.060357517126056776
430000,E,feature_ae320_A42_popmean,True,-0.0032452640334416057,-0.08604305911572879
430000,E,feature_ae320_A43_popmean,True,0.005755530043609331,0.1525988044983341
430000,E,feature_ae320_A44_popmean,True,0.0022254562128688864,0.05900446266009161
430000,E,feature_ae320_A45_popmean,True,0.001736782729361348,0.04604805572480216
430000,E,feature_ae320_A46_popmean,True,0.0024176140373408104,0.06409922440527184
430000,E,feature_ae320_A47_popmean,True,0.002741173896744076,0.07267790392817884
430000,E,feature_ae320_A48_popmean,True,0.00779238189681089,0.2066027199298755
430000,E,feature_ae320_A49_popmean,True,0.001018245985082168,0.02699718685011426
430000,E,feature_ae320_A50_popmean,True,0.0027626324374373287,0.07324684330148731
430000,E,feature_ae320_A51_popmean,True,0.00021708198385883272,0.0057555865339920485
430000,E,feature_ae320_A52_popmean,True,0.0022822497848823025,0.06051025467694683
430000,E,feature_ae320_A53_popmean,True,-0.0004572614033333461,-0.012123565156153928
430000,E,feature_ae320_A54_popmean,True,0.0016366089035843258,0.043392104676024064
430000,E,feature_ae320_A55_popmean,True,0.006885606691452984,0.18256100505081058
430000,E,feature_ae320_A56_popmean,True,0.001155369655357837,0.030632804767828873
430000,E,feature_ae320_A57_popmean,True,0.0013086597748292784,0.03469705059671165
430000,E,feature_ae320_A58_popmean,True,-0.0008638570607052542,-0.022903807941622556
430000,E,feature_ae320_A59_popmean,True,0.0017604165986511448,0.0466746705060589
430000,E,feature_ae320_A60_popmean,True,0.001092474012959765,0.02896522597571441
430000,E,feature_ae320_A61_popmean,True,0.00033647740143134374,0.008921167782998776
430000,E,feature_ae320_A62_popmean,True,0.0033786826710005807,0.08958044393259763
430000,E,feature_ae320_A63_popmean,True,-0.00026191982347156936,-0.006944391156563503
430000,E,feature_economic_log1p_retail_yuan_per_resident,True,0.005534311856920024,0.1467335530677451
430000,E,feature_health_log1p_motorized_mean_minutes,True,-0.0015068121652880573,-0.03995074880754306
430000,E,feature_health_log1p_q90_minutes,True,-0.002951501863775863,-0.07825441835490021
430000,E,feature_health_log1p_sd_minutes,True,0.004175509510080886,0.1107070512327983
430000,E,feature_health_population_fraction_ge60min,True,-0.00019813733330612863,-0.005253298994169144
430000,I,feature_control_log1p_population,True,-0.005950825678291475,-0.08685587117475607
430000,I,feature_control_log1p_population_density,True,-0.007891626778397769,-0.11518302768038148
430000,I,feature_control_worldpop_child_share,True,0.004471782035684435,0.06526834180841075
430000,I,feature_control_worldpop_elderly_share,True,0.00015513156165092648,0.0022642382187475045
430000,I,feature_control_urbanization_rate,True,0.02519279622914269,0.3677039762385595
430000,I,feature_ae320_A00_popmean,False,0.0,0.0
430000,I,feature_ae320_A01_popmean,False,0.0,0.0
430000,I,feature_ae320_A02_popmean,False,0.0,0.0
430000,I,feature_ae320_A03_popmean,False,0.0,0.0
430000,I,feature_ae320_A04_popmean,False,0.0,0.0
430000,I,feature_ae320_A05_popmean,False,0.0,0.0
430000,I,feature_ae320_A06_popmean,False,0.0,0.0
430000,I,feature_ae320_A07_popmean,False,0.0,0.0
430000,I,feature_ae320_A08_popmean,False,0.0,0.0
430000,I,feature_ae320_A09_popmean,False,0.0,0.0
430000,I,feature_ae320_A10_popmean,False,0.0,0.0
430000,I,feature_ae320_A11_popmean,False,0.0,0.0
430000,I,feature_ae320_A12_popmean,False,0.0,0.0
430000,I,feature_ae320_A13_popmean,False,0.0,0.0
430000,I,feature_ae320_A14_popmean,False,0.0,0.0
430000,I,feature_ae320_A15_popmean,False,0.0,0.0
430000,I,feature_ae320_A16_popmean,False,0.0,0.0
430000,I,feature_ae320_A17_popmean,False,0.0,0.0
430000,I,feature_ae320_A18_popmean,False,0.0,0.0
430000,I,feature_ae320_A19_popmean,False,0.0,0.0
430000,I,feature_ae320_A20_popmean,False,0.0,0.0
430000,I,feature_ae320_A21_popmean,False,0.0,0.0
430000,I,feature_ae320_A22_popmean,False,0.0,0.0
430000,I,feature_ae320_A23_popmean,False,0.0,0.0
430000,I,feature_ae320_A24_popmean,False,0.0,0.0
430000,I,feature_ae320_A25_popmean,False,0.0,0.0
430000,I,feature_ae320_A26_popmean,False,0.0,0.0
430000,I,feature_ae320_A27_popmean,False,0.0,0.0
430000,I,feature_ae320_A28_popmean,False,0.0,0.0
430000,I,feature_ae320_A29_popmean,False,0.0,0.0
430000,I,feature_ae320_A30_popmean,False,0.0,0.0
430000,I,feature_ae320_A31_popmean,False,0.0,0.0
430000,I,feature_ae320_A32_popmean,False,0.0,0.0
430000,I,feature_ae320_A33_popmean,False,0.0,0.0
430000,I,feature_ae320_A34_popmean,False,0.0,0.0
430000,I,feature_ae320_A35_popmean,False,0.0,0.0
430000,I,feature_ae320_A36_popmean,False,0.0,0.0
430000,I,feature_ae320_A37_popmean,False,0.0,0.0
430000,I,feature_ae320_A38_popmean,False,0.0,0.0
430000,I,feature_ae320_A39_popmean,False,0.0,0.0
430000,I,feature_ae320_A40_popmean,False,0.0,0.0
430000,I,feature_ae320_A41_popmean,False,0.0,0.0
430000,I,feature_ae320_A42_popmean,False,0.0,0.0
430000,I,feature_ae320_A43_popmean,False,0.0,0.0
430000,I,feature_ae320_A44_popmean,False,0.0,0.0
430000,I,feature_ae320_A45_popmean,False,0.0,0.0
430000,I,feature_ae320_A46_popmean,False,0.0,0.0
430000,I,feature_ae320_A47_popmean,False,0.0,0.0
430000,I,feature_ae320_A48_popmean,False,0.0,0.0
430000,I,feature_ae320_A49_popmean,False,0.0,0.0
430000,I,feature_ae320_A50_popmean,False,0.0,0.0
430000,I,feature_ae320_A51_popmean,False,0.0,0.0
430000,I,feature_ae320_A52_popmean,False,0.0,0.0
430000,I,feature_ae320_A53_popmean,False,0.0,0.0
430000,I,feature_ae320_A54_popmean,False,0.0,0.0
430000,I,feature_ae320_A55_popmean,False,0.0,0.0
430000,I,feature_ae320_A56_popmean,False,0.0,0.0
430000,I,feature_ae320_A57_popmean,False,0.0,0.0
430000,I,feature_ae320_A58_popmean,False,0.0,0.0
430000,I,feature_ae320_A59_popmean,False,0.0,0.0
430000,I,feature_ae320_A60_popmean,False,0.0,0.0
430000,I,feature_ae320_A61_popmean,False,0.0,0.0
430000,I,feature_ae320_A62_popmean,False,0.0,0.0
430000,I,feature_ae320_A63_popmean,False,0.0,0.0
430000,I,feature_economic_log1p_retail_yuan_per_resident,True,0.04964634003640888,0.724618119840219
430000,I,feature_health_log1p_motorized_mean_minutes,False,0.0,0.0
430000,I,feature_health_log1p_q90_minutes,False,0.0,0.0
430000,I,feature_health_log1p_sd_minutes,False,0.0,0.0
430000,I,feature_health_population_fraction_ge60min,False,0.0,0.0
440000,H,feature_control_log1p_population,True,0.0017499090905615414,0.04932752523879035
440000,H,feature_control_log1p_population_density,True,0.0024889363887993683,0.07015968612223564
440000,H,feature_control_worldpop_child_share,True,-0.005312426616313923,-0.1497499838185056
440000,H,feature_control_worldpop_elderly_share,True,0.002856712509601277,0.08052678803566075
440000,H,feature_control_urbanization_rate,True,0.002807904550841126,0.07915095895369251
440000,H,feature_ae320_A00_popmean,True,0.0035915446510449657,0.10124069323156222
440000,H,feature_ae320_A01_popmean,True,-0.000246529561711507,-0.006949328535421203
440000,H,feature_ae320_A02_popmean,True,0.0020184593994958017,0.056897588285659134
440000,H,feature_ae320_A03_popmean,True,0.000674058932580819,0.019000792206092666
440000,H,feature_ae320_A04_popmean,True,0.0017945914314254638,0.050587058838896456
440000,H,feature_ae320_A05_popmean,True,-0.002368744345684665,-0.0667716380960723
440000,H,feature_ae320_A06_popmean,True,-0.0014122886897524774,-0.03981047150619022
440000,H,feature_ae320_A07_popmean,True,-0.0005071371774547535,-0.01429549800921415
440000,H,feature_ae320_A08_popmean,True,0.00010980926381151473,0.0030953717889295046
440000,H,feature_ae320_A09_popmean,True,-0.0006453917412157727,-0.018192703595540455
440000,H,feature_ae320_A10_popmean,True,-0.0002788571390104765,-0.007860598380080476
440000,H,feature_ae320_A11_popmean,True,-0.0003844054019673968,-0.010835858428159451
440000,H,feature_ae320_A12_popmean,True,-0.0008317539290917449,-0.023445996795507927
440000,H,feature_ae320_A13_popmean,True,-0.001556072599211801,-0.04386354172626135
440000,H,feature_ae320_A14_popmean,True,-0.0003193016407527748,-0.009000673136663013
440000,H,feature_ae320_A15_popmean,True,7.84009126959232e-05,0.0022100136633448407
440000,H,feature_ae320_A16_popmean,True,0.0018970582105424887,0.05347545610495708
440000,H,feature_ae320_A17_popmean,True,-0.0001521246560760517,-0.0042881843705525014
440000,H,feature_ae320_A18_popmean,True,0.001038963106090426,0.029286937883956976
440000,H,feature_ae320_A19_popmean,True,0.002871342026620267,0.08093917395552244
440000,H,feature_ae320_A20_popmean,True,0.00033012684089112624,0.009305820607419985
440000,H,feature_ae320_A21_popmean,True,0.0008763497998147153,0.024703092921528533
440000,H,feature_ae320_A22_popmean,True,-0.0007321412867925363,-0.020638053712281796
440000,H,feature_ae320_A23_popmean,True,0.0004959012471487664,0.013978772621170124
440000,H,feature_ae320_A24_popmean,True,-0.0011073433548659743,-0.031214482843580124
440000,H,feature_ae320_A25_popmean,True,0.001354884313778277,0.038192321272011075
440000,H,feature_ae320_A26_popmean,True,0.00010490193554712357,0.002957040969275836
440000,H,feature_ae320_A27_popmean,True,-0.00035028328460474847,-0.009874002972647256
440000,H,feature_ae320_A28_popmean,True,0.0019901357340471903,0.05609918319718502
440000,H,feature_ae320_A29_popmean,True,0.00031719232772089767,0.008941214509710547
440000,H,feature_ae320_A30_popmean,True,0.0013936537788412859,0.039285179053426614
440000,H,feature_ae320_A31_popmean,True,-0.0010885809878453433,-0.030685597578773236
440000,H,feature_ae320_A32_popmean,True,-0.0002452683085290721,-0.006913775546683315
440000,H,feature_ae320_A33_popmean,True,0.0004970351544907491,0.014010735906195495
440000,H,feature_ae320_A34_popmean,True,0.0002725352037014622,0.007682391737692365
440000,H,feature_ae320_A35_popmean,True,0.0017095026209313824,0.04818852255502666
440000,H,feature_ae320_A36_popmean,True,0.00013954617310941037,0.003933614273540439
440000,H,feature_ae320_A37_popmean,True,0.0005110465929626517,0.014405699043756395
440000,H,feature_ae320_A38_popmean,True,0.0008099654810962063,0.02283181047908099
440000,H,feature_ae320_A39_popmean,True,0.0017856762465708262,0.05033575206627748
440000,H,feature_ae320_A40_popmean,True,-0.0023247219128720827,-0.0655307063943353
440000,H,feature_ae320_A41_popmean,True,-0.00031915533998131985,-0.008996549119572456
440000,H,feature_ae320_A42_popmean,True,0.000311067541520195,0.008768565228941106
440000,H,feature_ae320_A43_popmean,True,0.0005827668948429753,0.016427395496570445
440000,H,feature_ae320_A44_popmean,True,0.00019463333350965782,0.0054864453946728625
440000,H,feature_ae320_A45_popmean,True,0.0005244572030158072,0.014783725656357355
440000,H,feature_ae320_A46_popmean,True,-0.0009746684644447827,-0.02747456055784301
440000,H,feature_ae320_A47_popmean,True,-0.00043050831665258975,-0.012135436046209248
440000,H,feature_ae320_A48_popmean,True,0.0012768740552731512,0.03599331961183836
440000,H,feature_ae320_A49_popmean,True,7.52227315505848e-05,0.0021204251175708315
440000,H,feature_ae320_A50_popmean,True,-0.001693344673137619,-0.047733052278368944
440000,H,feature_ae320_A51_popmean,True,-0.0001634095821673236,-0.004606290882249327
440000,H,feature_ae320_A52_popmean,True,-0.002969659195442958,-0.08371059942708876
440000,H,feature_ae320_A53_popmean,True,5.252497523796754e-05,0.001480606653049765
440000,H,feature_ae320_A54_popmean,True,0.0008159561960882129,0.02300068047727717
440000,H,feature_ae320_A55_popmean,True,-0.0004563910105814133,-0.012865033512105164
440000,H,feature_ae320_A56_popmean,True,0.0016424319574571602,0.04629789299995335
440000,H,feature_ae320_A57_popmean,True,0.0017562055452525409,0.049505013617678374
440000,H,feature_ae320_A58_popmean,True,0.0016506857662707197,0.046530556493595956
440000,H,feature_ae320_A59_popmean,True,0.0008259218894051617,0.023281599635458176
440000,H,feature_ae320_A60_popmean,True,0.0020706985592539987,0.058370138194293965
440000,H,feature_ae320_A61_popmean,True,-0.0011692078875741065,-0.032958358748337614
440000,H,feature_ae320_A62_popmean,True,0.001246328762178629,0.035132289902253394
440000,H,feature_ae320_A63_popmean,True,0.00023444850826527902,0.006608780290947112
440000,H,feature_economic_log1p_retail_yuan_per_resident,False,0.0,0.0
440000,H,feature_health_log1p_motorized_mean_minutes,False,0.0,0.0
440000,H,feature_health_log1p_q90_minutes,False,0.0,0.0
440000,H,feature_health_log1p_sd_minutes,False,0.0,0.0
440000,H,feature_health_population_fraction_ge60min,False,0.0,0.0
440000,E,feature_control_log1p_population,True,0.0027477572502994877,0.0735291303013259
440000,E,feature_control_log1p_population_density,True,0.003535304297322933,0.09460364459209879
440000,E,feature_control_worldpop_child_share,True,-0.010399054633687895,-0.2782754710546953
440000,E,feature_control_worldpop_elderly_share,True,-0.005838871185603482,-0.15624637881388606
440000,E,feature_control_urbanization_rate,True,0.015142135668734671,0.4051988458971018
440000,E,feature_ae320_A00_popmean,True,0.005394191831851469,0.14434689746749807
440000,E,feature_ae320_A01_popmean,True,-0.0021464461487607674,-0.05743823204899472
440000,E,feature_ae320_A02_popmean,True,0.004518690018897851,0.12091874096761177
440000,E,feature_ae320_A03_popmean,True,0.00034019067967597407,0.00910339689230734
440000,E,feature_ae320_A04_popmean,True,-0.0009290439236953256,-0.02486092674802446
440000,E,feature_ae320_A05_popmean,True,0.0013768071430514742,0.03684293137983499
440000,E,feature_ae320_A06_popmean,True,0.0002494296239550729,0.006674659240296536
440000,E,feature_ae320_A07_popmean,True,-0.003006931619949012,-0.08046455590875422
440000,E,feature_ae320_A08_popmean,True,-0.004523144332436477,-0.12103793701396881
440000,E,feature_ae320_A09_popmean,True,0.001831912756984327,0.04902141620926683
440000,E,feature_ae320_A10_popmean,True,-0.0010535563596689116,-0.028192840849184393
440000,E,feature_ae320_A11_popmean,True,-7.358508491046147e-05,-0.001969114009625751
440000,E,feature_ae320_A12_popmean,True,-0.0007534695853446121,-0.02016261200397216
440000,E,feature_ae320_A13_popmean,True,0.004774449467277574,0.12776278434286195
440000,E,feature_ae320_A14_popmean,True,-0.0016374005433365656,-0.0438163298061842
440000,E,feature_ae320_A15_popmean,True,-0.002392658542223139,-0.06402679920088664
440000,E,feature_ae320_A16_popmean,True,0.003011857324388988,0.08059636622917221
440000,E,feature_ae320_A17_popmean,True,-0.0019319031956466786,-0.05169712928126016
440000,E,feature_ae320_A18_popmean,True,0.0021089759936875714,0.0564355423410565
440000,E,feature_ae320_A19_popmean,True,0.003370237515581687,0.09018650879826194
440000,E,feature_ae320_A20_popmean,True,0.0017922496477448563,0.04796004372918079
440000,E,feature_ae320_A21_popmean,True,-0.0013843728766957171,-0.037045388061513126
440000,E,feature_ae320_A22_popmean,True,0.0016022124107426938,0.042874706310777846
440000,E,feature_ae320_A23_popmean,True,-0.0013214467113838162,-0.0353615034286631
440000,E,feature_ae320_A24_popmean,True,0.002929909419557097,0.07840346575674219
440000,E,feature_ae320_A25_popmean,True,0.0004185513478601255,0.01120030402658328
440000,E,feature_ae320_A26_popmean,True,-0.0009257112981851827,-0.024771746724805848
440000,E,feature_ae320_A27_popmean,True,-0.0028535972805739866,-0.07636137662741664
440000,E,feature_ae320_A28_popmean,True,0.0031971913577209313,0.0855558473786258
440000,E,feature_ae320_A29_popmean,True,0.0010860138180826197,0.02906139235193861
440000,E,feature_ae320_A30_popmean,True,-0.0008713931773794737,-0.023318210688458088
440000,E,feature_ae320_A31_popmean,True,-0.0003201154349939781,-0.00856618958191171
440000,E,feature_ae320_A32_popmean,True,0.002575972439173318,0.06893222212841214
440000,E,feature_ae320_A33_popmean,True,-0.00011424321939089667,-0.003057113056009819
440000,E,feature_ae320_A34_popmean,True,-0.00036054654006506716,-0.009648113391838764
440000,E,feature_ae320_A35_popmean,True,0.003563427226307904,0.09535620543406016
440000,E,feature_ae320_A36_popmean,True,-0.0018429788270485539,-0.04931754080600385
440000,E,feature_ae320_A37_popmean,True,-0.0002560767482025199,-0.006852534219924508
440000,E,feature_ae320_A38_popmean,True,0.005188252437524456,0.1388360232598159
440000,E,feature_ae320_A39_popmean,True,0.0013599063223305433,0.03639067066835721
440000,E,feature_ae320_A40_popmean,True,-0.0025878898264165852,-0.06925112770835957
440000,E,feature_ae320_A41_popmean,True,0.0039482479804832885,0.1056538892535942
440000,E,feature_ae320_A42_popmean,True,-0.004034768900150763,-0.10796916218220785
440000,E,feature_ae320_A43_popmean,True,0.00586335799568565,0.15690163824373538
440000,E,feature_ae320_A44_popmean,True,0.0007349305076849787,0.01966651204581428
440000,E,feature_ae320_A45_popmean,True,0.001793202210257957,0.04798553400607417
440000,E,feature_ae320_A46_popmean,True,0.0021427168081829904,0.05733843605382393
440000,E,feature_ae320_A47_popmean,True,0.002594611864809478,0.06943100736724417
440000,E,feature_ae320_A48_popmean,True,0.006993271753321256,0.18713777933858425
440000,E,feature_ae320_A49_popmean,True,0.0003155037445450184,0.008442782178330487
440000,E,feature_ae320_A50_popmean,True,0.0012677322663776627,0.0339241215691519
440000,E,feature_ae320_A51_popmean,True,0.0013882115694561392,0.03714811028711623
440000,E,feature_ae320_A52_popmean,True,0.0021011798505893337,0.05622691997397672
440000,E,feature_ae320_A53_popmean,True,-0.0008670011047795465,-0.02320068019028263
440000,E,feature_ae320_A54_popmean,True,0.0016479651624263874,0.04409903573064485
440000,E,feature_ae320_A55_popmean,True,0.005256148390807517,0.14065289787468183
440000,E,feature_ae320_A56_popmean,True,0.0013632407182363982,0.03647989806681502
440000,E,feature_ae320_A57_popmean,True,0.0012693191427679904,0.03396658588832121
440000,E,feature_ae320_A58_popmean,True,-0.0004744032624528208,-0.012694883908127478
440000,E,feature_ae320_A59_popmean,True,0.003679965321468532,0.09847472865265969
440000,E,feature_ae320_A60_popmean,True,0.0005116425429381943,0.013691395483827334
440000,E,feature_ae320_A61_popmean,True,0.0011834934823218314,0.03166991788045583
440000,E,feature_ae320_A62_popmean,True,0.0033725162797585678,0.09024748781963277
440000,E,feature_ae320_A63_popmean,True,-0.002104901776745675,-0.05632651756153352
440000,E,feature_economic_log1p_retail_yuan_per_resident,False,0.0,0.0
440000,E,feature_health_log1p_motorized_mean_minutes,False,0.0,0.0
440000,E,feature_health_log1p_q90_minutes,False,0.0,0.0
440000,E,feature_health_log1p_sd_minutes,False,0.0,0.0
440000,E,feature_health_population_fraction_ge60min,False,0.0,0.0
440000,I,feature_control_log1p_population,True,-0.006645588020571955,-0.09799206870800188
440000,I,feature_control_log1p_population_density,True,-0.007345989447024722,-0.10831979057274592
440000,I,feature_control_worldpop_child_share,True,0.005674699402599963,0.0836758962540946
440000,I,feature_control_worldpop_elderly_share,True,0.0011840277213153163,0.017459000687394945
440000,I,feature_control_urbanization_rate,True,0.024164165558736517,0.35631106899392895
440000,I,feature_ae320_A00_popmean,False,0.0,0.0
440000,I,feature_ae320_A01_popmean,False,0.0,0.0
440000,I,feature_ae320_A02_popmean,False,0.0,0.0
440000,I,feature_ae320_A03_popmean,False,0.0,0.0
440000,I,feature_ae320_A04_popmean,False,0.0,0.0
440000,I,feature_ae320_A05_popmean,False,0.0,0.0
440000,I,feature_ae320_A06_popmean,False,0.0,0.0
440000,I,feature_ae320_A07_popmean,False,0.0,0.0
440000,I,feature_ae320_A08_popmean,False,0.0,0.0
440000,I,feature_ae320_A09_popmean,False,0.0,0.0
440000,I,feature_ae320_A10_popmean,False,0.0,0.0
440000,I,feature_ae320_A11_popmean,False,0.0,0.0
440000,I,feature_ae320_A12_popmean,False,0.0,0.0
440000,I,feature_ae320_A13_popmean,False,0.0,0.0
440000,I,feature_ae320_A14_popmean,False,0.0,0.0
440000,I,feature_ae320_A15_popmean,False,0.0,0.0
440000,I,feature_ae320_A16_popmean,False,0.0,0.0
440000,I,feature_ae320_A17_popmean,False,0.0,0.0
440000,I,feature_ae320_A18_popmean,False,0.0,0.0
440000,I,feature_ae320_A19_popmean,False,0.0,0.0
440000,I,feature_ae320_A20_popmean,False,0.0,0.0
440000,I,feature_ae320_A21_popmean,False,0.0,0.0
440000,I,feature_ae320_A22_popmean,False,0.0,0.0
440000,I,feature_ae320_A23_popmean,False,0.0,0.0
440000,I,feature_ae320_A24_popmean,False,0.0,0.0
440000,I,feature_ae320_A25_popmean,False,0.0,0.0
440000,I,feature_ae320_A26_popmean,False,0.0,0.0
440000,I,feature_ae320_A27_popmean,False,0.0,0.0
440000,I,feature_ae320_A28_popmean,False,0.0,0.0
440000,I,feature_ae320_A29_popmean,False,0.0,0.0
440000,I,feature_ae320_A30_popmean,False,0.0,0.0
440000,I,feature_ae320_A31_popmean,False,0.0,0.0
440000,I,feature_ae320_A32_popmean,False,0.0,0.0
440000,I,feature_ae320_A33_popmean,False,0.0,0.0
440000,I,feature_ae320_A34_popmean,False,0.0,0.0
440000,I,feature_ae320_A35_popmean,False,0.0,0.0
440000,I,feature_ae320_A36_popmean,False,0.0,0.0
440000,I,feature_ae320_A37_popmean,False,0.0,0.0
440000,I,feature_ae320_A38_popmean,False,0.0,0.0
440000,I,feature_ae320_A39_popmean,False,0.0,0.0
440000,I,feature_ae320_A40_popmean,False,0.0,0.0
440000,I,feature_ae320_A41_popmean,False,0.0,0.0
440000,I,feature_ae320_A42_popmean,False,0.0,0.0
440000,I,feature_ae320_A43_popmean,False,0.0,0.0
440000,I,feature_ae320_A44_popmean,False,0.0,0.0
440000,I,feature_ae320_A45_popmean,False,0.0,0.0
440000,I,feature_ae320_A46_popmean,False,0.0,0.0
440000,I,feature_ae320_A47_popmean,False,0.0,0.0
440000,I,feature_ae320_A48_popmean,False,0.0,0.0
440000,I,feature_ae320_A49_popmean,False,0.0,0.0
440000,I,feature_ae320_A50_popmean,False,0.0,0.0
440000,I,feature_ae320_A51_popmean,False,0.0,0.0
440000,I,feature_ae320_A52_popmean,False,0.0,0.0
440000,I,feature_ae320_A53_popmean,False,0.0,0.0
440000,I,feature_ae320_A54_popmean,False,0.0,0.0
440000,I,feature_ae320_A55_popmean,False,0.0,0.0
440000,I,feature_ae320_A56_popmean,False,0.0,0.0
440000,I,feature_ae320_A57_popmean,False,0.0,0.0
440000,I,feature_ae320_A58_popmean,False,0.0,0.0
440000,I,feature_ae320_A59_popmean,False,0.0,0.0
440000,I,feature_ae320_A60_popmean,False,0.0,0.0
440000,I,feature_ae320_A61_popmean,False,0.0,0.0
440000,I,feature_ae320_A62_popmean,False,0.0,0.0
440000,I,feature_ae320_A63_popmean,False,0.0,0.0
440000,I,feature_economic_log1p_retail_yuan_per_resident,True,0.050031716873298514,0.7377392974482958
440000,I,feature_health_log1p_motorized_mean_minutes,False,0.0,0.0
440000,I,feature_health_log1p_q90_minutes,False,0.0,0.0
440000,I,feature_health_log1p_sd_minutes,False,0.0,0.0
440000,I,feature_health_population_fraction_ge60min,False,0.0,0.0
450000,H,feature_control_log1p_population,True,0.0018613250442657593,0.05100453217045185
450000,H,feature_control_log1p_population_density,True,0.0015682789500963705,0.04297440385754136
450000,H,feature_control_worldpop_child_share,True,-0.005069029191524724,-0.1389029085857868
450000,H,feature_control_worldpop_elderly_share,True,0.0024981170939513456,0.06845408010628196
450000,H,feature_control_urbanization_rate,True,0.002016672272016875,0.05526139891161143
450000,H,feature_ae320_A00_popmean,True,0.0037379022342830834,0.10242700776301082
450000,H,feature_ae320_A01_popmean,True,-6.108969458381257e-05,-0.0016739963298093713
450000,H,feature_ae320_A02_popmean,True,0.002197036628110581,0.06020379176831593
450000,H,feature_ae320_A03_popmean,True,0.00023315957170410168,0.006389101630834054
450000,H,feature_ae320_A04_popmean,True,0.0013220547906174615,0.036227302859801074
450000,H,feature_ae320_A05_popmean,True,-0.001622846333569108,-0.044469674054633944
450000,H,feature_ae320_A06_popmean,True,-0.001712803413695245,-0.046934702288895624
450000,H,feature_ae320_A07_popmean,True,-9.371893922532258e-05,-0.002568111714514753
450000,H,feature_ae320_A08_popmean,True,0.0007381339260631962,0.020226545435455295
450000,H,feature_ae320_A09_popmean,True,-0.0006964092267035579,-0.01908319394112745
450000,H,feature_ae320_A10_popmean,True,0.000268439702049611,0.00735585730240731
450000,H,feature_ae320_A11_popmean,True,-0.00018276863031939833,-0.005008275429159367
450000,H,feature_ae320_A12_popmean,True,-0.000798220013032753,-0.021873040638040533
450000,H,feature_ae320_A13_popmean,True,-0.0013606543935875024,-0.0372850196178264
450000,H,feature_ae320_A14_popmean,True,6.02017039863503e-05,0.001649663371342577
450000,H,feature_ae320_A15_popmean,True,0.0006391312892479984,0.017513648410856224
450000,H,feature_ae320_A16_popmean,True,0.0017653971136441407,0.04837588907637837
450000,H,feature_ae320_A17_popmean,True,-0.0006783475757389864,-0.01858826369747548
450000,H,feature_ae320_A18_popmean,True,0.0005273386291567914,0.01445027570998999
450000,H,feature_ae320_A19_popmean,True,0.00293604104154247,0.08045419053403036
450000,H,feature_ae320_A20_popmean,True,0.0008571298988165997,0.023487305257686865
450000,H,feature_ae320_A21_popmean,True,0.00042685194462750725,0.011696712408638885
450000,H,feature_ae320_A22_popmean,True,-0.0003527465370385407,-0.009666055991577199
450000,H,feature_ae320_A23_popmean,True,-0.00012386154102636839,-0.0033940874397105775
450000,H,feature_ae320_A24_popmean,True,-0.0008383983511898561,-0.022974018324556134
450000,H,feature_ae320_A25_popmean,True,0.0009370308708773999,0.025676773299542526
450000,H,feature_ae320_A26_popmean,True,-0.00021054228289358435,-0.005769336567070305
450000,H,feature_ae320_A27_popmean,True,-0.00020551666031273414,-0.005631623098167489
450000,H,feature_ae320_A28_popmean,True,0.0018288334577065107,0.05011418892973973
450000,H,feature_ae320_A29_popmean,True,0.0007686415891836145,0.021062524669638163
450000,H,feature_ae320_A30_popmean,True,0.0015051441569363534,0.041244367183546474
450000,H,feature_ae320_A31_popmean,True,-0.001210075457862584,-0.033158814904128135
450000,H,feature_ae320_A32_popmean,True,-0.0005469396777089242,-0.014987388942593714
450000,H,feature_ae320_A33_popmean,True,0.0010718099450149595,0.02937002593369736
450000,H,feature_ae320_A34_popmean,True,-0.00013940063569340015,-0.0038198939135911047
450000,H,feature_ae320_A35_popmean,True,0.0015234981898236378,0.04174730935570551
450000,H,feature_ae320_A36_popmean,True,0.0009107387339508693,0.024956309054014605
450000,H,feature_ae320_A37_popmean,True,0.0007640801844658242,0.020937531824144723
450000,H,feature_ae320_A38_popmean,True,0.0007649065132635897,0.020960175109302703
450000,H,feature_ae320_A39_popmean,True,0.0017772054594610202,0.04869946456146213
450000,H,feature_ae320_A40_popmean,True,-0.00237489033648755,-0.06507738717740025
450000,H,feature_ae320_A41_popmean,True,-0.00038365409088399595,-0.010512993139539096
450000,H,feature_ae320_A42_popmean,True,0.00042924136525931126,0.011762187958897578
450000,H,feature_ae320_A43_popmean,True,0.0007467051879429875,0.02046141747117845
450000,H,feature_ae320_A44_popmean,True,0.00022056299886064084,0.006043926935629123
450000,H,feature_ae320_A45_popmean,True,0.00012891975894698386,0.0035326940949275114
450000,H,feature_ae320_A46_popmean,True,-0.00074122925526781,-0.02031136448330577
450000,H,feature_ae320_A47_popmean,True,-0.00013587429108036396,-0.003723264064971272
450000,H,feature_ae320_A48_popmean,True,0.0009736642371617428,0.02668061070823047
450000,H,feature_ae320_A49_popmean,True,3.350579569702506e-05,0.0009181348737504545
450000,H,feature_ae320_A50_popmean,True,-0.0011542185100278787,-0.03162820771568711
450000,H,feature_ae320_A51_popmean,True,-0.0007350891638083415,-0.020143112036835567
450000,H,feature_ae320_A52_popmean,True,-0.002436270349236736,-0.06675933888408002
450000,H,feature_ae320_A53_popmean,True,0.00015261861839582024,0.004182096649782196
450000,H,feature_ae320_A54_popmean,True,0.0007532066251248055,0.020639571610841366
450000,H,feature_ae320_A55_popmean,True,-0.0004075461174050816,-0.01116768891074047
450000,H,feature_ae320_A56_popmean,True,0.0016085562926753322,0.0440780944899958
450000,H,feature_ae320_A57_popmean,True,0.0013461529543005609,0.03688764725725601
450000,H,feature_ae320_A58_popmean,True,0.00145632039945033,0.03990648537883431
450000,H,feature_ae320_A59_popmean,True,0.0009694350718873662,0.026564721977803924
450000,H,feature_ae320_A60_popmean,True,0.0018632612840144595,0.05105758953561036
450000,H,feature_ae320_A61_popmean,True,-0.0013547419649230072,-0.0371230056488247
450000,H,feature_ae320_A62_popmean,True,0.001212545811618407,0.03322650820573574
450000,H,feature_ae320_A63_popmean,True,-7.784449557459659e-05,-0.002133115917103737
450000,H,feature_economic_log1p_retail_yuan_per_resident,True,0.0021592826818415626,0.05916924792387995
450000,H,feature_health_log1p_motorized_mean_minutes,True,-0.0008832766170633261,-0.024203784701229174
450000,H,feature_health_log1p_q90_minutes,True,-0.0024076867271880216,-0.06597608274361005
450000,H,feature_health_log1p_sd_minutes,True,-0.00013169280509216049,-0.0036086818552370503
450000,H,feature_health_population_fraction_ge60min,True,-0.0019095343715062217,-0.0523255771914315
450000,E,feature_control_log1p_population,True,0.0025695077859420935,0.06935052668735472
450000,E,feature_control_log1p_population_density,True,0.0030407474506740444,0.08206919565731509
450000,E,feature_control_worldpop_child_share,True,-0.009105015372342503,-0.24574263406518584
450000,E,feature_control_worldpop_elderly_share,True,-0.005168488757702759,-0.13949652905719423
450000,E,feature_control_urbanization_rate,True,0.012268890121607869,0.33113501210537455
450000,E,feature_ae320_A00_popmean,True,0.005886143136458157,0.1588658843159974
450000,E,feature_ae320_A01_popmean,True,-0.0022024174071474164,-0.05944282714639481
450000,E,feature_ae320_A02_popmean,True,0.006384649747221303,0.17232048297598038
450000,E,feature_ae320_A03_popmean,True,0.0013076436120130755,0.03529305250935924
450000,E,feature_ae320_A04_popmean,True,-0.0022327255761074626,-0.06026083886514035
450000,E,feature_ae320_A05_popmean,True,0.0033818654139287927,0.09127590464012555
450000,E,feature_ae320_A06_popmean,True,0.001437440902856533,0.03879625671517378
450000,E,feature_ae320_A07_popmean,True,-0.0005858149083844762,-0.015811033015754185
450000,E,feature_ae320_A08_popmean,True,-0.0027112065212029518,-0.07317494861556834
450000,E,feature_ae320_A09_popmean,True,-0.0006613854892956953,-0.017850668628821953
450000,E,feature_ae320_A10_popmean,True,-0.002633211561449865,-0.07106987947842523
450000,E,feature_ae320_A11_popmean,True,-0.001307589122313599,-0.03529158184272869
450000,E,feature_ae320_A12_popmean,True,-0.0022398276835729853,-0.06045252339554687
450000,E,feature_ae320_A13_popmean,True,0.00448765762045355,0.12112102608666249
450000,E,feature_ae320_A14_popmean,True,-0.0021895761829395857,-0.05909624494610116
450000,E,feature_ae320_A15_popmean,True,-0.001493584851540443,-0.04031157121736721
450000,E,feature_ae320_A16_popmean,True,0.0033859888010759234,0.09138719407538388
450000,E,feature_ae320_A17_popmean,True,-0.0008050158344555536,-0.021727224341016708
450000,E,feature_ae320_A18_popmean,True,0.002274239540394928,0.06138129286958704
450000,E,feature_ae320_A19_popmean,True,0.003335213772888695,0.09001678571678126
450000,E,feature_ae320_A20_popmean,True,-0.0009605800118914418,-0.025925871917758116
450000,E,feature_ae320_A21_popmean,True,4.837567878312381e-05,0.0013056503742945003
450000,E,feature_ae320_A22_popmean,True,0.0012469937401749177,0.03365612399779427
450000,E,feature_ae320_A23_popmean,True,-0.0024163143805785844,-0.06521586579817062
450000,E,feature_ae320_A24_popmean,True,0.0019021799583171443,0.051339475476645746
450000,E,feature_ae320_A25_popmean,True,-5.776220396632714e-05,-0.0015589909046407043
450000,E,feature_ae320_A26_popmean,True,-0.0006343647129300205,-0.017121383011275665
450000,E,feature_ae320_A27_popmean,True,-0.0037593932683247485,-0.10146530966343321
450000,E,feature_ae320_A28_popmean,True,0.002007334887418255,0.0541775870234686
450000,E,feature_ae320_A29_popmean,True,0.0015500819244147345,0.04183641647433125
450000,E,feature_ae320_A30_popmean,True,-0.0018484456660322602,-0.049889197142594044
450000,E,feature_ae320_A31_popmean,True,-0.001087478728397937,-0.029350844153227765
450000,E,feature_ae320_A32_popmean,True,0.0019263168261602732,0.051990924951390315
450000,E,feature_ae320_A33_popmean,True,-0.0001751558354559533,-0.004727422702391356
450000,E,feature_ae320_A34_popmean,True,0.0015417675287921384,0.04161201251701743
450000,E,feature_ae320_A35_popmean,True,0.0036534269336909193,0.09860529843552789
450000,E,feature_ae320_A36_popmean,True,-0.00013824498486447498,-0.00373120586156215
450000,E,feature_ae320_A37_popmean,True,-0.0020507668839391743,-0.0553498083532844
450000,E,feature_ae320_A38_popmean,True,0.00410658493542814,0.11083594675852687
450000,E,feature_ae320_A39_popmean,True,0.0016528979520351568,0.04461140151480802
450000,E,feature_ae320_A40_popmean,True,-0.004807651139901453,-0.1297575903468155
450000,E,feature_ae320_A41_popmean,True,0.0018475196641715103,0.0498642045284024
450000,E,feature_ae320_A42_popmean,True,-0.0021860303617855545,-0.059000543907203135
450000,E,feature_ae320_A43_popmean,True,0.008568233933246511,0.23125500506442195
450000,E,feature_ae320_A44_popmean,True,0.0001878308750760491,0.0050695196122531976
450000,E,feature_ae320_A45_popmean,True,0.0021991329430041478,0.05935418008353413
450000,E,feature_ae320_A46_popmean,True,0.002578656099791175,0.06959743793907619
450000,E,feature_ae320_A47_popmean,True,0.0029613245344517745,0.0799255862465187
450000,E,feature_ae320_A48_popmean,True,0.008952689877521456,0.2416313979165558
450000,E,feature_ae320_A49_popmean,True,0.0006105525696028377,0.016478697789487382
450000,E,feature_ae320_A50_popmean,True,0.002712738555259494,0.07321629792351964
450000,E,feature_ae320_A51_popmean,True,7.635924463256398e-05,0.00206092149698441
450000,E,feature_ae320_A52_popmean,True,0.0017428857380894472,0.04704015475402264
450000,E,feature_ae320_A53_popmean,True,-0.0015102082872247532,-0.040760234586424714
450000,E,feature_ae320_A54_popmean,True,0.0038819950114534424,0.10477430740427691
450000,E,feature_ae320_A55_popmean,True,0.0074188569572679625,0.20023353897565263
450000,E,feature_ae320_A56_popmean,True,0.0005707427107322794,0.015404237266298023
450000,E,feature_ae320_A57_popmean,True,1.6365899038401678e-05,0.00044171250394133135
450000,E,feature_ae320_A58_popmean,True,-0.0007489772178966256,-0.020214752732853246
450000,E,feature_ae320_A59_popmean,True,0.00214781791479277,0.057969197226931994
450000,E,feature_ae320_A60_popmean,True,-0.0004256139900123023,-0.01148724068257207
450000,E,feature_ae320_A61_popmean,True,0.0008748016012480995,0.02361072892069617
450000,E,feature_ae320_A62_popmean,True,0.0035752001529802697,0.0964939724948086
450000,E,feature_ae320_A63_popmean,True,-0.0002853411992530878,-0.007701304725390322
450000,E,feature_economic_log1p_retail_yuan_per_resident,True,0.006151372953261626,0.16602438665218208
450000,E,feature_health_log1p_motorized_mean_minutes,False,0.0,0.0
450000,E,feature_health_log1p_q90_minutes,False,0.0,0.0
450000,E,feature_health_log1p_sd_minutes,False,0.0,0.0
450000,E,feature_health_population_fraction_ge60min,False,0.0,0.0
450000,I,feature_control_log1p_population,True,-0.004672590352204849,-0.06855435263086822
450000,I,feature_control_log1p_population_density,True,-0.009288177408202354,-0.13627237599365152
450000,I,feature_control_worldpop_child_share,True,0.0027893501943459372,0.04092421599593905
450000,I,feature_control_worldpop_elderly_share,True,0.00025111686899662294,0.003684284966395724
450000,I,feature_control_urbanization_rate,True,0.02413426180585662,0.35408811164960746
450000,I,feature_ae320_A00_popmean,False,0.0,0.0
450000,I,feature_ae320_A01_popmean,False,0.0,0.0
450000,I,feature_ae320_A02_popmean,False,0.0,0.0
450000,I,feature_ae320_A03_popmean,False,0.0,0.0
450000,I,feature_ae320_A04_popmean,False,0.0,0.0
450000,I,feature_ae320_A05_popmean,False,0.0,0.0
450000,I,feature_ae320_A06_popmean,False,0.0,0.0
450000,I,feature_ae320_A07_popmean,False,0.0,0.0
450000,I,feature_ae320_A08_popmean,False,0.0,0.0
450000,I,feature_ae320_A09_popmean,False,0.0,0.0
450000,I,feature_ae320_A10_popmean,False,0.0,0.0
450000,I,feature_ae320_A11_popmean,False,0.0,0.0
450000,I,feature_ae320_A12_popmean,False,0.0,0.0
450000,I,feature_ae320_A13_popmean,False,0.0,0.0
450000,I,feature_ae320_A14_popmean,False,0.0,0.0
450000,I,feature_ae320_A15_popmean,False,0.0,0.0
450000,I,feature_ae320_A16_popmean,False,0.0,0.0
450000,I,feature_ae320_A17_popmean,False,0.0,0.0
450000,I,feature_ae320_A18_popmean,False,0.0,0.0
450000,I,feature_ae320_A19_popmean,False,0.0,0.0
450000,I,feature_ae320_A20_popmean,False,0.0,0.0
450000,I,feature_ae320_A21_popmean,False,0.0,0.0
450000,I,feature_ae320_A22_popmean,False,0.0,0.0
450000,I,feature_ae320_A23_popmean,False,0.0,0.0
450000,I,feature_ae320_A24_popmean,False,0.0,0.0
450000,I,feature_ae320_A25_popmean,False,0.0,0.0
450000,I,feature_ae320_A26_popmean,False,0.0,0.0
450000,I,feature_ae320_A27_popmean,False,0.0,0.0
450000,I,feature_ae320_A28_popmean,False,0.0,0.0
450000,I,feature_ae320_A29_popmean,False,0.0,0.0
450000,I,feature_ae320_A30_popmean,False,0.0,0.0
450000,I,feature_ae320_A31_popmean,False,0.0,0.0
450000,I,feature_ae320_A32_popmean,False,0.0,0.0
450000,I,feature_ae320_A33_popmean,False,0.0,0.0
450000,I,feature_ae320_A34_popmean,False,0.0,0.0
450000,I,feature_ae320_A35_popmean,False,0.0,0.0
450000,I,feature_ae320_A36_popmean,False,0.0,0.0
450000,I,feature_ae320_A37_popmean,False,0.0,0.0
450000,I,feature_ae320_A38_popmean,False,0.0,0.0
450000,I,feature_ae320_A39_popmean,False,0.0,0.0
450000,I,feature_ae320_A40_popmean,False,0.0,0.0
450000,I,feature_ae320_A41_popmean,False,0.0,0.0
450000,I,feature_ae320_A42_popmean,False,0.0,0.0
450000,I,feature_ae320_A43_popmean,False,0.0,0.0
450000,I,feature_ae320_A44_popmean,False,0.0,0.0
450000,I,feature_ae320_A45_popmean,False,0.0,0.0
450000,I,feature_ae320_A46_popmean,False,0.0,0.0
450000,I,feature_ae320_A47_popmean,False,0.0,0.0
450000,I,feature_ae320_A48_popmean,False,0.0,0.0
450000,I,feature_ae320_A49_popmean,False,0.0,0.0
450000,I,feature_ae320_A50_popmean,False,0.0,0.0
450000,I,feature_ae320_A51_popmean,False,0.0,0.0
450000,I,feature_ae320_A52_popmean,False,0.0,0.0
450000,I,feature_ae320_A53_popmean,False,0.0,0.0
450000,I,feature_ae320_A54_popmean,False,0.0,0.0
450000,I,feature_ae320_A55_popmean,False,0.0,0.0
450000,I,feature_ae320_A56_popmean,False,0.0,0.0
450000,I,feature_ae320_A57_popmean,False,0.0,0.0
450000,I,feature_ae320_A58_popmean,False,0.0,0.0
450000,I,feature_ae320_A59_popmean,False,0.0,0.0
450000,I,feature_ae320_A60_popmean,False,0.0,0.0
450000,I,feature_ae320_A61_popmean,False,0.0,0.0
450000,I,feature_ae320_A62_popmean,False,0.0,0.0
450000,I,feature_ae320_A63_popmean,False,0.0,0.0
450000,I,feature_economic_log1p_retail_yuan_per_resident,True,0.05045360444660707,0.7402348440622311
450000,I,feature_health_log1p_motorized_mean_minutes,False,0.0,0.0
450000,I,feature_health_log1p_q90_minutes,False,0.0,0.0
450000,I,feature_health_log1p_sd_minutes,False,0.0,0.0
450000,I,feature_health_population_fraction_ge60min,False,0.0,0.0
460000,H,feature_control_log1p_population,True,0.00149874796311888,0.04181847246321456
460000,H,feature_control_log1p_population_density,True,0.0016043780723839082,0.044765792442481515
460000,H,feature_control_worldpop_child_share,True,-0.004893272227191919,-0.13653340983497086
460000,H,feature_control_worldpop_elderly_share,True,0.0023448581747701033,0.06542686924338405
460000,H,feature_control_urbanization_rate,True,0.0023074375909148907,0.06438274995580874
460000,H,feature_ae320_A00_popmean,True,0.0036695652571908078,0.10238920581447399
460000,H,feature_ae320_A01_popmean,True,-2.9780671268037577e-05,-0.0008309483729117778
460000,H,feature_ae320_A02_popmean,True,0.00236743737971841,0.06605688034839138
460000,H,feature_ae320_A03_popmean,True,0.00042317214901439667,0.011807464160906556
460000,H,feature_ae320_A04_popmean,True,0.0012514679204252616,0.03491879759422169
460000,H,feature_ae320_A05_popmean,True,-0.0016223262627991914,-0.045266587723019634
460000,H,feature_ae320_A06_popmean,True,-0.0012820696211920455,-0.03577265455505465
460000,H,feature_ae320_A07_popmean,True,-0.00024938384973235305,-0.006958375864011521
460000,H,feature_ae320_A08_popmean,True,0.0006401257799401546,0.017860963257434494
460000,H,feature_ae320_A09_popmean,True,-0.0006837839181343863,-0.01907912447919949
460000,H,feature_ae320_A10_popmean,True,-8.317642616091903e-05,-0.0023208112188260526
460000,H,feature_ae320_A11_popmean,True,-0.00043470161159226903,-0.012129162355128006
460000,H,feature_ae320_A12_popmean,True,-0.0011396774989690832,-0.031799590912140255
460000,H,feature_ae320_A13_popmean,True,-0.0010085926018329249,-0.028142024532650908
460000,H,feature_ae320_A14_popmean,True,-0.00010206683447496346,-0.002847896518916023
460000,H,feature_ae320_A15_popmean,True,0.0007825214866084382,0.02183412691451515
460000,H,feature_ae320_A16_popmean,True,0.0019887609299174447,0.05549094726414176
460000,H,feature_ae320_A17_popmean,True,-0.000601880407622948,-0.016793830498325193
460000,H,feature_ae320_A18_popmean,True,0.000559824997487125,0.015620389029864888
460000,H,feature_ae320_A19_popmean,True,0.0029085983193387704,0.08115649976978327
460000,H,feature_ae320_A20_popmean,True,0.000482696727237875,0.013468335098901317
460000,H,feature_ae320_A21_popmean,True,0.0008011066645700275,0.022352695594464053
460000,H,feature_ae320_A22_popmean,True,-0.0005392846687832505,-0.015047267203229771
460000,H,feature_ae320_A23_popmean,True,0.00034522250243115187,0.009632491964530554
460000,H,feature_ae320_A24_popmean,True,-0.0009492819464431126,-0.026487122527624907
460000,H,feature_ae320_A25_popmean,True,0.0009112168938160536,0.025425021097453208
460000,H,feature_ae320_A26_popmean,True,0.0003382284503677504,0.009437342025503451
460000,H,feature_ae320_A27_popmean,True,-0.0004618451709432264,-0.012886529315553761
460000,H,feature_ae320_A28_popmean,True,0.0014611232080768736,0.040768656335768365
460000,H,feature_ae320_A29_popmean,True,0.0007729085398329929,0.021565903864401537
460000,H,feature_ae320_A30_popmean,True,0.0013959674850560282,0.038950663667209236
460000,H,feature_ae320_A31_popmean,True,-0.00115087182220134,-0.03211193795737545
460000,H,feature_ae320_A32_popmean,True,-0.00031917129678902585,-0.008905604153779698
460000,H,feature_ae320_A33_popmean,True,0.001248389830340479,0.03483291188920834
460000,H,feature_ae320_A34_popmean,True,-8.8668703217897e-05,-0.0024740582240060428
460000,H,feature_ae320_A35_popmean,True,0.0016982498194123693,0.04738502740712125
460000,H,feature_ae320_A36_popmean,True,0.0008469302250081853,0.023631277015426794
460000,H,feature_ae320_A37_popmean,True,0.0006170411561529558,0.017216849818801536
460000,H,feature_ae320_A38_popmean,True,0.0007295333466670118,0.020355637451612882
460000,H,feature_ae320_A39_popmean,True,0.0017565283317150572,0.04901113027558183
460000,H,feature_ae320_A40_popmean,True,-0.0022569013826920113,-0.06297267495723065
460000,H,feature_ae320_A41_popmean,True,-0.00029600839782427597,-0.008259306659896945
460000,H,feature_ae320_A42_popmean,True,0.00032590481522028875,0.009093484612687773
460000,H,feature_ae320_A43_popmean,True,0.0010771867180926866,0.030055956182624972
460000,H,feature_ae320_A44_popmean,True,0.0001745908783652902,0.004871482076315062
460000,H,feature_ae320_A45_popmean,True,0.0005286596152241346,0.014750804074928042
460000,H,feature_ae320_A46_popmean,True,-0.0008329564942579313,-0.023241378187226335
460000,H,feature_ae320_A47_popmean,True,-0.000335783868148677,-0.009369132628908412
460000,H,feature_ae320_A48_popmean,True,0.0012077455860137632,0.033698845152178115
460000,H,feature_ae320_A49_popmean,True,0.0001807893606621754,0.005044433811780044
460000,H,feature_ae320_A50_popmean,True,-0.0014564633575985446,-0.04063863592292645
460000,H,feature_ae320_A51_popmean,True,-0.0008737400552751586,-0.02437933217636912
460000,H,feature_ae320_A52_popmean,True,-0.002556613850635661,-0.07133533358697215
460000,H,feature_ae320_A53_popmean,True,0.00017279084044395418,0.0048212569296603265
460000,H,feature_ae320_A54_popmean,True,0.0009018796975449441,0.025164492112756898
460000,H,feature_ae320_A55_popmean,True,-2.209380901058053e-05,-0.0006164674558047743
460000,H,feature_ae320_A56_popmean,True,0.0015787355389931346,0.044050307515811384
460000,H,feature_ae320_A57_popmean,True,0.001447164059874483,0.04037916439377645
460000,H,feature_ae320_A58_popmean,True,0.0015992238361454936,0.0446219775439735
460000,H,feature_ae320_A59_popmean,True,0.0009602821985832786,0.02679405454857302
460000,H,feature_ae320_A60_popmean,True,0.0018275024390999057,0.050991469083914935
460000,H,feature_ae320_A61_popmean,True,-0.0011157908399679491,-0.031133098869276413
460000,H,feature_ae320_A62_popmean,True,0.0013262887204538562,0.03700646786478557
460000,H,feature_ae320_A63_popmean,True,-0.00010350694721451014,-0.002888078935456115
460000,H,feature_economic_log1p_retail_yuan_per_resident,True,0.0015886713128344277,0.044327538174339313
460000,H,feature_health_log1p_motorized_mean_minutes,True,-0.0009474332052241203,-0.026435538448339714
460000,H,feature_health_log1p_q90_minutes,True,-0.002448626818950109,-0.06832225011860227
460000,H,feature_health_log1p_sd_minutes,True,-0.00021208145594936057,-0.005917554347910936
460000,H,feature_health_population_fraction_ge60min,True,-0.0016925828150551338,-0.047226905113384274
460000,E,feature_control_log1p_population,True,0.002729785107274792,0.0737897572196812
460000,E,feature_control_log1p_population_density,True,0.0029776236022161754,0.08048916455496158
460000,E,feature_control_worldpop_child_share,True,-0.007845145735987134,-0.2120648243221711
460000,E,feature_control_worldpop_elderly_share,True,-0.004322421582551004,-0.11684085986386102
460000,E,feature_control_urbanization_rate,True,0.012913682704616921,0.3490741850141378
460000,E,feature_ae320_A00_popmean,True,0.005558057527435231,0.15024175876316773
460000,E,feature_ae320_A01_popmean,True,-0.0028785602533117965,-0.07781134920402347
460000,E,feature_ae320_A02_popmean,True,0.005930394255543846,0.16030652052697328
460000,E,feature_ae320_A03_popmean,True,0.0009904122662866936,0.026772173561181566
460000,E,feature_ae320_A04_popmean,True,-0.002456201693606383,-0.06639443015890853
460000,E,feature_ae320_A05_popmean,True,0.0029556677561044355,0.07989566855052503
460000,E,feature_ae320_A06_popmean,True,-0.00042086331362789085,-0.011376500535705518
460000,E,feature_ae320_A07_popmean,True,-0.0014618747325095072,-0.039516437140047794
460000,E,feature_ae320_A08_popmean,True,-0.003517652765739497,-0.09508687803861203
460000,E,feature_ae320_A09_popmean,True,0.0009862298707996923,0.02665911779471846
460000,E,feature_ae320_A10_popmean,True,-0.002096565954229534,-0.05667299317640876
460000,E,feature_ae320_A11_popmean,True,-0.0016093084579149718,-0.04350176872335445
460000,E,feature_ae320_A12_popmean,True,-0.0020973504694230894,-0.056694199675599244
460000,E,feature_ae320_A13_popmean,True,0.0044172005527359426,0.1194028627046121
460000,E,feature_ae320_A14_popmean,True,-0.001566278982594754,-0.04233862422208674
460000,E,feature_ae320_A15_popmean,True,-0.0016944664260738363,-0.045803702959502875
460000,E,feature_ae320_A16_popmean,True,0.0031249386408252165,0.08447128787477895
460000,E,feature_ae320_A17_popmean,True,-0.0006602701477755207,-0.017847988757033768
460000,E,feature_ae320_A18_popmean,True,0.0022539259971146013,0.060926646451028556
460000,E,feature_ae320_A19_popmean,True,0.0032467656438309703,0.08776443536490151
460000,E,feature_ae320_A20_popmean,True,0.0008310063508423836,0.022463217603926944
460000,E,feature_ae320_A21_popmean,True,-0.0005799452514558599,-0.015676698942927832
460000,E,feature_ae320_A22_popmean,True,0.001721113363993969,0.04652400547508715
460000,E,feature_ae320_A23_popmean,True,-0.0018347037139548642,-0.04959450517258195
460000,E,feature_ae320_A24_popmean,True,0.0021259308374481658,0.057466765403282084
460000,E,feature_ae320_A25_popmean,True,0.0004524255257297214,0.012229669513037663
460000,E,feature_ae320_A26_popmean,True,-0.001042882626948371,-0.02819051787119195
460000,E,feature_ae320_A27_popmean,True,-0.004234009167882056,-0.11445095356821841
460000,E,feature_ae320_A28_popmean,True,0.002609221967299346,0.0705307736444825
460000,E,feature_ae320_A29_popmean,True,0.0020419474034834716,0.055196580403658935
460000,E,feature_ae320_A30_popmean,True,-0.0018888705654298065,-0.05105870790745612
460000,E,feature_ae320_A31_popmean,True,-0.00172397154819458,-0.0466012660322241
460000,E,feature_ae320_A32_popmean,True,0.001154998230206897,0.031221153184915907
460000,E,feature_ae320_A33_popmean,True,0.0005113189336764046,0.013821637416534596
460000,E,feature_ae320_A34_popmean,True,0.001133963476607316,0.03065255554799846
460000,E,feature_ae320_A35_popmean,True,0.004526398993200519,0.12235464319062007
460000,E,feature_ae320_A36_popmean,True,-6.850037116332358e-05,-0.001851657020228178
460000,E,feature_ae320_A37_popmean,True,-0.0009898991705330875,-0.026758303893936276
460000,E,feature_ae320_A38_popmean,True,0.003928919352991501,0.1062039661731387
460000,E,feature_ae320_A39_popmean,True,0.0005969297722311605,0.016135813347633938
460000,E,feature_ae320_A40_popmean,True,-0.004974345242632106,-0.13446323185019482
460000,E,feature_ae320_A41_popmean,True,0.0033504755000231387,0.09056785204752385
460000,E,feature_ae320_A42_popmean,True,-0.0033612820991534694,-0.09085996893396756
460000,E,feature_ae320_A43_popmean,True,0.007521610666796608,0.20331923693362566
460000,E,feature_ae320_A44_popmean,True,0.001700405545043313,0.04596424532076369
460000,E,feature_ae320_A45_popmean,True,0.001579463558013562,0.0426950210009415
460000,E,feature_ae320_A46_popmean,True,0.0029080499737883635,0.07860849594962005
460000,E,feature_ae320_A47_popmean,True,0.0029432736012340445,0.07956063790053285
460000,E,feature_ae320_A48_popmean,True,0.008166636327751723,0.2207551467404085
460000,E,feature_ae320_A49_popmean,True,0.0005648254714461448,0.015267990985235997
460000,E,feature_ae320_A50_popmean,True,0.002761947657653592,0.07465915414682127
460000,E,feature_ae320_A51_popmean,True,-0.00017352847710551191,-0.004690707763842952
460000,E,feature_ae320_A52_popmean,True,0.00225544598024581,0.06096773363621796
460000,E,feature_ae320_A53_popmean,True,-0.0012297796996245238,-0.03324259672571042
460000,E,feature_ae320_A54_popmean,True,0.002999266370825627,0.08107419765408619
460000,E,feature_ae320_A55_popmean,True,0.006857091435699311,0.18535638974840113
460000,E,feature_ae320_A56_popmean,True,0.0008729519152845617,0.023597062538600493
460000,E,feature_ae320_A57_popmean,True,0.0011013864918866575,0.029771955904062942
460000,E,feature_ae320_A58_popmean,True,-0.0011476505352449994,-0.031022535123033386
460000,E,feature_ae320_A59_popmean,True,0.001833402758601968,0.049559338602368046
460000,E,feature_ae320_A60_popmean,True,0.0009903231946739015,0.026769765835875432
460000,E,feature_ae320_A61_popmean,True,0.00031112411208271634,0.00841010255151249
460000,E,feature_ae320_A62_popmean,True,0.004086095608615648,0.11045265143129182
460000,E,feature_ae320_A63_popmean,True,-0.00047728312444467684,-0.012901603787040639
460000,E,feature_economic_log1p_retail_yuan_per_resident,True,0.005862473458146278,0.1584705301639307
460000,E,feature_health_log1p_motorized_mean_minutes,False,0.0,0.0
460000,E,feature_health_log1p_q90_minutes,False,0.0,0.0
460000,E,feature_health_log1p_sd_minutes,False,0.0,0.0
460000,E,feature_health_population_fraction_ge60min,False,0.0,0.0
460000,I,feature_control_log1p_population,True,-0.006612106382757736,-0.09682629018693989
460000,I,feature_control_log1p_population_density,True,-0.00894500988547046,-0.130988836651835
460000,I,feature_control_worldpop_child_share,True,0.005727683363684551,0.08387498617947572
460000,I,feature_control_worldpop_elderly_share,True,0.0031266701136563445,0.04578629716744743
460000,I,feature_control_urbanization_rate,True,0.024552909785857745,0.35954762828054815
460000,I,feature_ae320_A00_popmean,False,0.0,0.0
460000,I,feature_ae320_A01_popmean,False,0.0,0.0
460000,I,feature_ae320_A02_popmean,False,0.0,0.0
460000,I,feature_ae320_A03_popmean,False,0.0,0.0
460000,I,feature_ae320_A04_popmean,False,0.0,0.0
460000,I,feature_ae320_A05_popmean,False,0.0,0.0
460000,I,feature_ae320_A06_popmean,False,0.0,0.0
460000,I,feature_ae320_A07_popmean,False,0.0,0.0
460000,I,feature_ae320_A08_popmean,False,0.0,0.0
460000,I,feature_ae320_A09_popmean,False,0.0,0.0
460000,I,feature_ae320_A10_popmean,False,0.0,0.0
460000,I,feature_ae320_A11_popmean,False,0.0,0.0
460000,I,feature_ae320_A12_popmean,False,0.0,0.0
460000,I,feature_ae320_A13_popmean,False,0.0,0.0
460000,I,feature_ae320_A14_popmean,False,0.0,0.0
460000,I,feature_ae320_A15_popmean,False,0.0,0.0
460000,I,feature_ae320_A16_popmean,False,0.0,0.0
460000,I,feature_ae320_A17_popmean,False,0.0,0.0
460000,I,feature_ae320_A18_popmean,False,0.0,0.0
460000,I,feature_ae320_A19_popmean,False,0.0,0.0
460000,I,feature_ae320_A20_popmean,False,0.0,0.0
460000,I,feature_ae320_A21_popmean,False,0.0,0.0
460000,I,feature_ae320_A22_popmean,False,0.0,0.0
460000,I,feature_ae320_A23_popmean,False,0.0,0.0
460000,I,feature_ae320_A24_popmean,False,0.0,0.0
460000,I,feature_ae320_A25_popmean,False,0.0,0.0
460000,I,feature_ae320_A26_popmean,False,0.0,0.0
460000,I,feature_ae320_A27_popmean,False,0.0,0.0
460000,I,feature_ae320_A28_popmean,False,0.0,0.0
460000,I,feature_ae320_A29_popmean,False,0.0,0.0
460000,I,feature_ae320_A30_popmean,False,0.0,0.0
460000,I,feature_ae320_A31_popmean,False,0.0,0.0
460000,I,feature_ae320_A32_popmean,False,0.0,0.0
460000,I,feature_ae320_A33_popmean,False,0.0,0.0
460000,I,feature_ae320_A34_popmean,False,0.0,0.0
460000,I,feature_ae320_A35_popmean,False,0.0,0.0
460000,I,feature_ae320_A36_popmean,False,0.0,0.0
460000,I,feature_ae320_A37_popmean,False,0.0,0.0
460000,I,feature_ae320_A38_popmean,False,0.0,0.0
460000,I,feature_ae320_A39_popmean,False,0.0,0.0
460000,I,feature_ae320_A40_popmean,False,0.0,0.0
460000,I,feature_ae320_A41_popmean,False,0.0,0.0
460000,I,feature_ae320_A42_popmean,False,0.0,0.0
460000,I,feature_ae320_A43_popmean,False,0.0,0.0
460000,I,feature_ae320_A44_popmean,False,0.0,0.0
460000,I,feature_ae320_A45_popmean,False,0.0,0.0
460000,I,feature_ae320_A46_popmean,False,0.0,0.0
460000,I,feature_ae320_A47_popmean,False,0.0,0.0
460000,I,feature_ae320_A48_popmean,False,0.0,0.0
460000,I,feature_ae320_A49_popmean,False,0.0,0.0
460000,I,feature_ae320_A50_popmean,False,0.0,0.0
460000,I,feature_ae320_A51_popmean,False,0.0,0.0
460000,I,feature_ae320_A52_popmean,False,0.0,0.0
460000,I,feature_ae320_A53_popmean,False,0.0,0.0
460000,I,feature_ae320_A54_popmean,False,0.0,0.0
460000,I,feature_ae320_A55_popmean,False,0.0,0.0
460000,I,feature_ae320_A56_popmean,False,0.0,0.0
460000,I,feature_ae320_A57_popmean,False,0.0,0.0
460000,I,feature_ae320_A58_popmean,False,0.0,0.0
460000,I,feature_ae320_A59_popmean,False,0.0,0.0
460000,I,feature_ae320_A60_popmean,False,0.0,0.0
460000,I,feature_ae320_A61_popmean,False,0.0,0.0
460000,I,feature_ae320_A62_popmean,False,0.0,0.0
460000,I,feature_ae320_A63_popmean,False,0.0,0.0
460000,I,feature_economic_log1p_retail_yuan_per_resident,True,0.04881693576265002,0.7148649030386813
460000,I,feature_health_log1p_motorized_mean_minutes,True,0.013806016457592248,0.20217239083363886
460000,I,feature_health_log1p_q90_minutes,True,-0.018023958271501633,-0.26393904043416777
460000,I,feature_health_log1p_sd_minutes,True,-0.005744974422461919,-0.08412819279441808
460000,I,feature_health_population_fraction_ge60min,True,0.00702535906418527,0.1028778752244669
510000,H,feature_control_log1p_population,True,0.0013328611792555022,0.036357151075191683
510000,H,feature_control_log1p_population_density,True,0.001782475112675536,0.048621505351001654
510000,H,feature_control_worldpop_child_share,True,-0.004729616291275969,-0.12901221575502522
510000,H,feature_control_worldpop_elderly_share,True,0.0030220285266145354,0.08243345173953907
510000,H,feature_control_urbanization_rate,True,0.0020243808745872187,0.05522009526318968
510000,H,feature_ae320_A00_popmean,True,0.003909609504528491,0.10664446201407426
510000,H,feature_ae320_A01_popmean,True,-1.6236032621162802e-05,-0.0004428787484073012
510000,H,feature_ae320_A02_popmean,True,0.002220809723135156,0.060578187638700536
510000,H,feature_ae320_A03_popmean,True,0.0003398662832455794,0.009270710256731644
510000,H,feature_ae320_A04_popmean,True,0.0015348828346960827,0.04186780136768213
510000,H,feature_ae320_A05_popmean,True,-0.0019215831281207474,-0.05241602740027963
510000,H,feature_ae320_A06_popmean,True,-0.0015588072367258867,-0.04252039978717175
510000,H,feature_ae320_A07_popmean,True,-5.6966889504910094e-05,-0.0015539156217083722
510000,H,feature_ae320_A08_popmean,True,0.000688479788956653,0.01878002307284154
510000,H,feature_ae320_A09_popmean,True,-0.0006640937693961299,-0.01811483287067829
510000,H,feature_ae320_A10_popmean,True,0.0004273307786396686,0.011656525015425825
510000,H,feature_ae320_A11_popmean,True,-0.0004749834699462307,-0.012956372384331779
510000,H,feature_ae320_A12_popmean,True,-0.0010772258588746108,-0.02938405282017719
510000,H,feature_ae320_A13_popmean,True,-0.001247750794599237,-0.03403555062559052
510000,H,feature_ae320_A14_popmean,True,-0.00013963062040620809,-0.00380877741796552
510000,H,feature_ae320_A15_popmean,True,0.0010044316644715519,0.027398407529804797
510000,H,feature_ae320_A16_popmean,True,0.0016422859727980956,0.044797492905480324
510000,H,feature_ae320_A17_popmean,True,-0.0004170899856799476,-0.011377181552984892
510000,H,feature_ae320_A18_popmean,True,0.0007235313315900461,0.019736142322749194
510000,H,feature_ae320_A19_popmean,True,0.002957689612808877,0.08067844555761047
510000,H,feature_ae320_A20_popmean,True,0.0006549108298080361,0.01786434502759686
510000,H,feature_ae320_A21_popmean,True,0.0006660517617496789,0.018168242051551736
510000,H,feature_ae320_A22_popmean,True,-0.00042250911336030015,-0.01152500193130845
510000,H,feature_ae320_A23_popmean,True,3.4217469890783174e-06,9.333678117363405e-05
510000,H,feature_ae320_A24_popmean,True,-0.0009622014740266214,-0.02624647255125132
510000,H,feature_ae320_A25_popmean,True,0.0008747498063139421,0.023861007699928
510000,H,feature_ae320_A26_popmean,True,0.00016331719381349665,0.004454888461805386
510000,H,feature_ae320_A27_popmean,True,-7.539897184166327e-05,-0.0020566971660864798
510000,H,feature_ae320_A28_popmean,True,0.001323895080060563,0.03611257810085714
510000,H,feature_ae320_A29_popmean,True,0.000855924874578264,0.023347510197152418
510000,H,feature_ae320_A30_popmean,True,0.0015180234032349863,0.04140791784326641
510000,H,feature_ae320_A31_popmean,True,-0.0010593373519020587,-0.028896098665136098
510000,H,feature_ae320_A32_popmean,True,-0.00027790544166795276,-0.007580571993989161
510000,H,feature_ae320_A33_popmean,True,0.0010651198505158468,0.029053830902345534
510000,H,feature_ae320_A34_popmean,True,-7.713250711101447e-05,-0.0021039837137501903
510000,H,feature_ae320_A35_popmean,True,0.0018899077346861077,0.05155200113678489
510000,H,feature_ae320_A36_popmean,True,0.0006050826430809865,0.016505155532971383
510000,H,feature_ae320_A37_popmean,True,0.00089555210047721,0.02442844275121141
510000,H,feature_ae320_A38_popmean,True,0.0007035497228990765,0.019191093538067253
510000,H,feature_ae320_A39_popmean,True,0.0016061188471467205,0.04381094331447418
510000,H,feature_ae320_A40_popmean,True,-0.0023688643658547255,-0.06461675151655735
510000,H,feature_ae320_A41_popmean,True,-5.500100423940864e-05,-0.001500291141749962
510000,H,feature_ae320_A42_popmean,True,0.0003388021654873702,0.00924168376042494
510000,H,feature_ae320_A43_popmean,True,0.0010266391292872129,0.028004172155458446
510000,H,feature_ae320_A44_popmean,True,0.000545578625949399,0.01488203335482952
510000,H,feature_ae320_A45_popmean,True,0.00036238896606912606,0.00988507324875134
510000,H,feature_ae320_A46_popmean,True,-0.0008428563216850911,-0.022991032448932146
510000,H,feature_ae320_A47_popmean,True,-0.0001582455345265777,-0.004316546160471795
510000,H,feature_ae320_A48_popmean,True,0.001017077798625139,0.027743362741266448
510000,H,feature_ae320_A49_popmean,True,0.00019813860379009338,0.005404730262942898
510000,H,feature_ae320_A50_popmean,True,-0.0010252812536605165,-0.02796713267222532
510000,H,feature_ae320_A51_popmean,True,-0.000869764111783747,-0.023725010304197477
510000,H,feature_ae320_A52_popmean,True,-0.0025889517911951688,-0.07062019125761276
510000,H,feature_ae320_A53_popmean,True,3.7970058204895673e-05,0.001035729124664214
510000,H,feature_ae320_A54_popmean,True,0.0011038841553609065,0.030111225107767474
510000,H,feature_ae320_A55_popmean,True,-5.113648927078499e-05,-0.001394876746962749
510000,H,feature_ae320_A56_popmean,True,0.0013527856524392066,0.03690064134477713
510000,H,feature_ae320_A57_popmean,True,0.0016486774593997987,0.0449718368263551
510000,H,feature_ae320_A58_popmean,True,0.0018820665567173102,0.051338113226733914
510000,H,feature_ae320_A59_popmean,True,0.0010138586796692797,0.02765555315086892
510000,H,feature_ae320_A60_popmean,True,0.0017009099507420203,0.046396609794702434
510000,H,feature_ae320_A61_popmean,True,-0.0009656584783758799,-0.026340771065867664
510000,H,feature_ae320_A62_popmean,True,0.0012889827449829492,0.035160256088212494
510000,H,feature_ae320_A63_popmean,True,0.00036508635347221665,0.00995865129487409
510000,H,feature_economic_log1p_retail_yuan_per_resident,True,0.001363250805828297,0.037186104803923516
510000,H,feature_health_log1p_motorized_mean_minutes,True,-0.0009656652496428502,-0.026340955769256165
510000,H,feature_health_log1p_q90_minutes,True,-0.002146210316707482,-0.05854330063634553
510000,H,feature_health_log1p_sd_minutes,True,-0.0005573545641707606,-0.01520325177699507
510000,H,feature_health_population_fraction_ge60min,True,-0.001652046609740183,-0.045063738901249956
510000,E,feature_control_log1p_population,True,0.0022367783701639256,0.060146005123552136
510000,E,feature_control_log1p_population_density,True,0.0035797640410813137,0.09625831026799726
510000,E,feature_control_worldpop_child_share,True,-0.0072223666693222634,-0.1942063230276112
510000,E,feature_control_worldpop_elderly_share,True,-0.0028254754945704038,-0.07597581675490188
510000,E,feature_control_urbanization_rate,True,0.012904308034870955,0.34699127438556315
510000,E,feature_ae320_A00_popmean,True,0.006235583645284413,0.16767215334352883
510000,E,feature_ae320_A01_popmean,True,-0.002620659436108341,-0.0704684013283381
510000,E,feature_ae320_A02_popmean,True,0.005185009766060505,0.13942267509153713
510000,E,feature_ae320_A03_popmean,True,0.0012853877251165205,0.03456352123744089
510000,E,feature_ae320_A04_popmean,True,-0.002251975186631203,-0.06055464096038543
510000,E,feature_ae320_A05_popmean,True,0.0023090839282356272,0.06209027037765648
510000,E,feature_ae320_A06_popmean,True,-0.0005724490598453026,-0.01539290818692282
510000,E,feature_ae320_A07_popmean,True,0.00024637233494790624,0.006624845768243141
510000,E,feature_ae320_A08_popmean,True,-0.0029125105907627175,-0.07831615293274508
510000,E,feature_ae320_A09_popmean,True,0.00088675739171674,0.02384452359561848
510000,E,feature_ae320_A10_popmean,True,-0.0007385218145568645,-0.019858532894761884
510000,E,feature_ae320_A11_popmean,True,0.00014926114423316142,0.004013567756888249
510000,E,feature_ae320_A12_popmean,True,-0.0019857920184273084,-0.05339709043497442
510000,E,feature_ae320_A13_popmean,True,0.005369328566236008,0.14437892808807803
510000,E,feature_ae320_A14_popmean,True,-0.0013690939316092679,-0.036814345007798135
510000,E,feature_ae320_A15_popmean,True,-0.0008832040567623801,-0.023748975952087324
510000,E,feature_ae320_A16_popmean,True,0.0028812076470972397,0.07747443028592418
510000,E,feature_ae320_A17_popmean,True,-0.0005843262241326379,-0.015712280009186546
510000,E,feature_ae320_A18_popmean,True,0.001789801743816803,0.04812699652753649
510000,E,feature_ae320_A19_popmean,True,0.00358507381527467,0.09640108780469846
510000,E,feature_ae320_A20_popmean,True,0.00043058270703803553,0.011578183180358935
510000,E,feature_ae320_A21_popmean,True,7.691192873674407e-05,0.0020681285734730466
510000,E,feature_ae320_A22_popmean,True,0.002503611252436047,0.06732102617988282
510000,E,feature_ae320_A23_popmean,True,-0.003007402220029685,-0.08086774789458967
510000,E,feature_ae320_A24_popmean,True,0.002350024351790394,0.06319114069978184
510000,E,feature_ae320_A25_popmean,True,-0.0007993561886824719,-0.021494342962783384
510000,E,feature_ae320_A26_popmean,True,0.000754608339446662,0.020291092607135623
510000,E,feature_ae320_A27_popmean,True,-0.0033381716148038927,-0.0897619941812013
510000,E,feature_ae320_A28_popmean,True,0.0027364233743552894,0.07358124367150386
510000,E,feature_ae320_A29_popmean,True,0.0017299846901790996,0.046518541768424425
510000,E,feature_ae320_A30_popmean,True,-0.00032864920545983716,-0.008837235310886012
510000,E,feature_ae320_A31_popmean,True,-0.0006152550412664062,-0.016543942555018794
510000,E,feature_ae320_A32_popmean,True,0.0006413147407883116,0.017244676629467073
510000,E,feature_ae320_A33_popmean,True,-0.00038079562235084915,-0.01023942995803464
510000,E,feature_ae320_A34_popmean,True,0.0004130527120198395,0.011106809179141731
510000,E,feature_ae320_A35_popmean,True,0.0044478598974423515,0.11960103323102328
510000,E,feature_ae320_A36_popmean,True,-0.0006759851349791204,-0.018176948567738334
510000,E,feature_ae320_A37_popmean,True,-0.0003217467372135857,-0.008651630918407122
510000,E,feature_ae320_A38_popmean,True,0.004430386652853956,0.11913118522437358
510000,E,feature_ae320_A39_popmean,True,0.0003154726831966017,0.008482924313369937
510000,E,feature_ae320_A40_popmean,True,-0.0046979554051332275,-0.1263259935076422
510000,E,feature_ae320_A41_popmean,True,0.0050990644634175426,0.13711164299195097
510000,E,feature_ae320_A42_popmean,True,-0.001878788483660371,-0.05051981156095762
510000,E,feature_ae320_A43_popmean,True,0.007004705425602644,0.18835350611263024
510000,E,feature_ae320_A44_popmean,True,0.0023835461579111337,0.06409252760050592
510000,E,feature_ae320_A45_popmean,True,0.0027197727709535385,0.07313351613136382
510000,E,feature_ae320_A46_popmean,True,0.0023147776819254294,0.06224337295731616
510000,E,feature_ae320_A47_popmean,True,0.002560619156781486,0.06885394412677465
510000,E,feature_ae320_A48_popmean,True,0.005794885605821514,0.15582197323939434
510000,E,feature_ae320_A49_popmean,True,0.0007389070435067778,0.019868891534984934
510000,E,feature_ae320_A50_popmean,True,0.003123656764154173,0.0839937824180884
510000,E,feature_ae320_A51_popmean,True,0.00022719806192546835,0.006109257841056855
510000,E,feature_ae320_A52_popmean,True,0.0025587915570219793,0.06880480075791641
510000,E,feature_ae320_A53_popmean,True,-0.0007040220200462494,-0.018930848308271145
510000,E,feature_ae320_A54_popmean,True,0.002742652699597253,0.07374874753908281
510000,E,feature_ae320_A55_popmean,True,0.00792182503461837,0.21301445662903182
510000,E,feature_ae320_A56_popmean,True,0.0002910696884753738,0.007826738316084285
510000,E,feature_ae320_A57_popmean,True,0.0015347527987911763,0.04126884045857215
510000,E,feature_ae320_A58_popmean,True,-0.0016018493236596727,-0.0430730370577271
510000,E,feature_ae320_A59_popmean,True,0.003318621956672348,0.0892363123104233
510000,E,feature_ae320_A60_popmean,True,0.0015137946429698136,0.04070528469273223
510000,E,feature_ae320_A61_popmean,True,0.0010217806137490556,0.027475239768700487
510000,E,feature_ae320_A62_popmean,True,0.0042086833852372964,0.11316968003107959
510000,E,feature_ae320_A63_popmean,True,0.0001588483678225544,0.004271364061975915
510000,E,feature_economic_log1p_retail_yuan_per_resident,True,0.005886623395592694,0.15828876281819215
510000,E,feature_health_log1p_motorized_mean_minutes,True,-0.0010712096488883515,-0.028804365193193238
510000,E,feature_health_log1p_q90_minutes,True,-0.0036442287046192655,-0.09799173725171652
510000,E,feature_health_log1p_sd_minutes,True,0.0035472801473372282,0.09538483238318497
510000,E,feature_health_population_fraction_ge60min,True,-0.0005045644596985672,-0.013567520583618785
510000,I,feature_control_log1p_population,True,-0.005704289760457601,-0.08232886971327669
510000,I,feature_control_log1p_population_density,True,-0.008301516603992868,-0.11981412368818813
510000,I,feature_control_worldpop_child_share,True,0.0046028537264717635,0.06643206440578231
510000,I,feature_control_worldpop_elderly_share,True,0.0005183907538541866,0.007481829750388578
510000,I,feature_control_urbanization_rate,True,0.024809643506530064,0.3580726073982084
510000,I,feature_ae320_A00_popmean,False,0.0,0.0
510000,I,feature_ae320_A01_popmean,False,0.0,0.0
510000,I,feature_ae320_A02_popmean,False,0.0,0.0
510000,I,feature_ae320_A03_popmean,False,0.0,0.0
510000,I,feature_ae320_A04_popmean,False,0.0,0.0
510000,I,feature_ae320_A05_popmean,False,0.0,0.0
510000,I,feature_ae320_A06_popmean,False,0.0,0.0
510000,I,feature_ae320_A07_popmean,False,0.0,0.0
510000,I,feature_ae320_A08_popmean,False,0.0,0.0
510000,I,feature_ae320_A09_popmean,False,0.0,0.0
510000,I,feature_ae320_A10_popmean,False,0.0,0.0
510000,I,feature_ae320_A11_popmean,False,0.0,0.0
510000,I,feature_ae320_A12_popmean,False,0.0,0.0
510000,I,feature_ae320_A13_popmean,False,0.0,0.0
510000,I,feature_ae320_A14_popmean,False,0.0,0.0
510000,I,feature_ae320_A15_popmean,False,0.0,0.0
510000,I,feature_ae320_A16_popmean,False,0.0,0.0
510000,I,feature_ae320_A17_popmean,False,0.0,0.0
510000,I,feature_ae320_A18_popmean,False,0.0,0.0
510000,I,feature_ae320_A19_popmean,False,0.0,0.0
510000,I,feature_ae320_A20_popmean,False,0.0,0.0
510000,I,feature_ae320_A21_popmean,False,0.0,0.0
510000,I,feature_ae320_A22_popmean,False,0.0,0.0
510000,I,feature_ae320_A23_popmean,False,0.0,0.0
510000,I,feature_ae320_A24_popmean,False,0.0,0.0
510000,I,feature_ae320_A25_popmean,False,0.0,0.0
510000,I,feature_ae320_A26_popmean,False,0.0,0.0
510000,I,feature_ae320_A27_popmean,False,0.0,0.0
510000,I,feature_ae320_A28_popmean,False,0.0,0.0
510000,I,feature_ae320_A29_popmean,False,0.0,0.0
510000,I,feature_ae320_A30_popmean,False,0.0,0.0
510000,I,feature_ae320_A31_popmean,False,0.0,0.0
510000,I,feature_ae320_A32_popmean,False,0.0,0.0
510000,I,feature_ae320_A33_popmean,False,0.0,0.0
510000,I,feature_ae320_A34_popmean,False,0.0,0.0
510000,I,feature_ae320_A35_popmean,False,0.0,0.0
510000,I,feature_ae320_A36_popmean,False,0.0,0.0
510000,I,feature_ae320_A37_popmean,False,0.0,0.0
510000,I,feature_ae320_A38_popmean,False,0.0,0.0
510000,I,feature_ae320_A39_popmean,False,0.0,0.0
510000,I,feature_ae320_A40_popmean,False,0.0,0.0
510000,I,feature_ae320_A41_popmean,False,0.0,0.0
510000,I,feature_ae320_A42_popmean,False,0.0,0.0
510000,I,feature_ae320_A43_popmean,False,0.0,0.0
510000,I,feature_ae320_A44_popmean,False,0.0,0.0
510000,I,feature_ae320_A45_popmean,False,0.0,0.0
510000,I,feature_ae320_A46_popmean,False,0.0,0.0
510000,I,feature_ae320_A47_popmean,False,0.0,0.0
510000,I,feature_ae320_A48_popmean,False,0.0,0.0
510000,I,feature_ae320_A49_popmean,False,0.0,0.0
510000,I,feature_ae320_A50_popmean,False,0.0,0.0
510000,I,feature_ae320_A51_popmean,False,0.0,0.0
510000,I,feature_ae320_A52_popmean,False,0.0,0.0
510000,I,feature_ae320_A53_popmean,False,0.0,0.0
510000,I,feature_ae320_A54_popmean,False,0.0,0.0
510000,I,feature_ae320_A55_popmean,False,0.0,0.0
510000,I,feature_ae320_A56_popmean,False,0.0,0.0
510000,I,feature_ae320_A57_popmean,False,0.0,0.0
510000,I,feature_ae320_A58_popmean,False,0.0,0.0
510000,I,feature_ae320_A59_popmean,False,0.0,0.0
510000,I,feature_ae320_A60_popmean,False,0.0,0.0
510000,I,feature_ae320_A61_popmean,False,0.0,0.0
510000,I,feature_ae320_A62_popmean,False,0.0,0.0
510000,I,feature_ae320_A63_popmean,False,0.0,0.0
510000,I,feature_economic_log1p_retail_yuan_per_resident,True,0.05121007135055533,0.7391046859949937
510000,I,feature_health_log1p_motorized_mean_minutes,False,0.0,0.0
510000,I,feature_health_log1p_q90_minutes,False,0.0,0.0
510000,I,feature_health_log1p_sd_minutes,False,0.0,0.0
510000,I,feature_health_population_fraction_ge60min,False,0.0,0.0
520000,H,feature_control_log1p_population,True,0.0016385346626987091,0.04640322301034952
520000,H,feature_control_log1p_population_density,True,0.001936604643648371,0.054844550565738004
520000,H,feature_control_worldpop_child_share,True,-0.004439830747285839,-0.12573579368482032
520000,H,feature_control_worldpop_elderly_share,True,0.002214724776814838,0.06272089938934831
520000,H,feature_control_urbanization_rate,True,0.002494160969506783,0.07063451895555924
520000,H,feature_ae320_A00_popmean,True,0.003700451078122998,0.10479659693876373
520000,H,feature_ae320_A01_popmean,True,0.0002729194963193025,0.007729067037689856
520000,H,feature_ae320_A02_popmean,True,0.0020671471823151336,0.058541508995725654
520000,H,feature_ae320_A03_popmean,True,0.00023563279257480496,0.006673109377125611
520000,H,feature_ae320_A04_popmean,True,0.0019743074786616496,0.05591229304386298
520000,H,feature_ae320_A05_popmean,True,-0.002168786627042566,-0.061419933192481506
520000,H,feature_ae320_A06_popmean,True,-0.0014019875766212964,-0.039704220885109234
520000,H,feature_ae320_A07_popmean,True,-0.000664388181818205,-0.018815441423481034
520000,H,feature_ae320_A08_popmean,True,0.0008781235565012727,0.024868416976823175
520000,H,feature_ae320_A09_popmean,True,-0.0008552865966837283,-0.024221675370791763
520000,H,feature_ae320_A10_popmean,True,0.00039812470875756357,0.011274872645037655
520000,H,feature_ae320_A11_popmean,True,-0.0006837877438454583,-0.01936483608906051
520000,H,feature_ae320_A12_popmean,True,-0.0010645600470151867,-0.03014828944063497
520000,H,feature_ae320_A13_popmean,True,-0.000972026840951428,-0.02752775348580375
520000,H,feature_ae320_A14_popmean,True,-0.0003360778373810569,-0.009517708225435791
520000,H,feature_ae320_A15_popmean,True,0.00023380917836805052,0.006621464710310022
520000,H,feature_ae320_A16_popmean,True,0.001828069665328954,0.051770845188590646
520000,H,feature_ae320_A17_popmean,True,-1.5178561217166997e-05,-0.00042985612521396756
520000,H,feature_ae320_A18_popmean,True,0.0007536125528751534,0.021342271329718457
520000,H,feature_ae320_A19_popmean,True,0.0025444506645248663,0.07205872070494614
520000,H,feature_ae320_A20_popmean,True,0.0008467921945448665,0.023981114309886288
520000,H,feature_ae320_A21_popmean,True,0.0005011464103501591,0.014192442289877037
520000,H,feature_ae320_A22_popmean,True,-0.0010627683803174598,-0.030097549525741805
520000,H,feature_ae320_A23_popmean,True,7.522776552956478e-05,0.002130446709433185
520000,H,feature_ae320_A24_popmean,True,-0.0012093688634839843,-0.03424926817330276
520000,H,feature_ae320_A25_popmean,True,0.0008724667330333016,0.024708216007695002
520000,H,feature_ae320_A26_popmean,True,0.0005199345152399224,0.014724520518668122
520000,H,feature_ae320_A27_popmean,True,-0.00037068617131007903,-0.010497814581367278
520000,H,feature_ae320_A28_popmean,True,0.0014010880281839497,0.0396787457165351
520000,H,feature_ae320_A29_popmean,True,0.00012688475013384034,0.00359337003428149
520000,H,feature_ae320_A30_popmean,True,0.001061685625491498,0.03006688596103461
520000,H,feature_ae320_A31_popmean,True,-0.001232205021801917,-0.034895987080903634
520000,H,feature_ae320_A32_popmean,True,-0.0005260341045941771,-0.014897260596446431
520000,H,feature_ae320_A33_popmean,True,0.00138108728756509,0.03911232570209336
520000,H,feature_ae320_A34_popmean,True,-0.00048113587839763625,-0.013625744985335862
520000,H,feature_ae320_A35_popmean,True,0.0014440673497914784,0.040895918041777765
520000,H,feature_ae320_A36_popmean,True,0.0006725461112986103,0.019046473594847162
520000,H,feature_ae320_A37_popmean,True,0.00034027691231499333,0.009636625826041016
520000,H,feature_ae320_A38_popmean,True,0.00025211453286461794,0.007139871471134168
520000,H,feature_ae320_A39_popmean,True,0.0019644728191724964,0.055633775959119475
520000,H,feature_ae320_A40_popmean,True,-0.0019551234838036955,-0.05536900323017246
520000,H,feature_ae320_A41_popmean,True,-0.0005104074445395612,-0.014454714333661271
520000,H,feature_ae320_A42_popmean,True,-0.000273382022121629,-0.007742165746214
520000,H,feature_ae320_A43_popmean,True,0.0005872634503623732,0.01663127273005599
520000,H,feature_ae320_A44_popmean,True,-0.00020582270924025565,-0.005828889247749836
520000,H,feature_ae320_A45_popmean,True,-0.00013933224166806185,-0.003945882397145142
520000,H,feature_ae320_A46_popmean,True,-0.0004907212047479331,-0.01389720096755306
520000,H,feature_ae320_A47_popmean,True,0.00017005708243198392,0.004816008413019311
520000,H,feature_ae320_A48_popmean,True,0.001441293691383815,0.04081736816878737
520000,H,feature_ae320_A49_popmean,True,1.4639750532408883e-05,0.0004145970324804577
520000,H,feature_ae320_A50_popmean,True,-0.0011467470340762904,-0.03247582096985131
520000,H,feature_ae320_A51_popmean,True,-0.0015646800093150623,-0.04431166277098973
520000,H,feature_ae320_A52_popmean,True,-0.0024031751098201803,-0.06805780377586813
520000,H,feature_ae320_A53_popmean,True,0.00012170525896505594,0.0034466870929579395
520000,H,feature_ae320_A54_popmean,True,0.0010437833511515971,0.029559894410902465
520000,H,feature_ae320_A55_popmean,True,-0.0005036114725930247,-0.014262252734290637
520000,H,feature_ae320_A56_popmean,True,0.0014215309747006334,0.040257688980780686
520000,H,feature_ae320_A57_popmean,True,0.0016279727790410308,0.04610411097205465
520000,H,feature_ae320_A58_popmean,True,0.0016256191681951837,0.04603745682585579
520000,H,feature_ae320_A59_popmean,True,0.000401718073380951,0.011376636558717648
520000,H,feature_ae320_A60_popmean,True,0.0013546853251868774,0.038364623394637
520000,H,feature_ae320_A61_popmean,True,-0.0007732379977123397,-0.021898062985634573
520000,H,feature_ae320_A62_popmean,True,0.001207474624664043,0.03419562342083116
520000,H,feature_ae320_A63_popmean,True,6.241624238560781e-05,0.0017676249888525907
520000,H,feature_economic_log1p_retail_yuan_per_resident,True,0.001730270223028392,0.04900116967627269
520000,H,feature_health_log1p_motorized_mean_minutes,True,-0.000925019245630015,-0.02619650064231057
520000,H,feature_health_log1p_q90_minutes,True,-0.0023614321721933318,-0.06687564578562125
520000,H,feature_health_log1p_sd_minutes,True,-0.0003552006154832697,-0.010059264383541662
520000,H,feature_health_population_fraction_ge60min,True,-0.0016677090606135316,-0.047229440559146726
520000,E,feature_control_log1p_population,True,0.002753812395579351,0.07582503397092245
520000,E,feature_control_log1p_population_density,True,0.0030557249447520354,0.08413806551004094
520000,E,feature_control_worldpop_child_share,True,-0.007457275936317673,-0.2053328694828793
520000,E,feature_control_worldpop_elderly_share,True,-0.0044591463112384835,-0.12278066620432887
520000,E,feature_control_urbanization_rate,True,0.013141472818334278,0.36184477362282896
520000,E,feature_ae320_A00_popmean,True,0.005822156399493867,0.16031055982038672
520000,E,feature_ae320_A01_popmean,True,-0.0026423777746960725,-0.0727567298527569
520000,E,feature_ae320_A02_popmean,True,0.006221230786293757,0.17129890056015618
520000,E,feature_ae320_A03_popmean,True,0.0012291714593397982,0.03384470482090359
520000,E,feature_ae320_A04_popmean,True,-0.002445415345075036,-0.06733345449057722
520000,E,feature_ae320_A05_popmean,True,0.0031748126977243635,0.08741709531219559
520000,E,feature_ae320_A06_popmean,True,0.0004790699825873223,0.01319098489150737
520000,E,feature_ae320_A07_popmean,True,-0.0019258624861654267,-0.053027791098346384
520000,E,feature_ae320_A08_popmean,True,-0.0031849487628562265,-0.0876961874842654
520000,E,feature_ae320_A09_popmean,True,0.001072476152908934,0.029530167290214335
520000,E,feature_ae320_A10_popmean,True,-0.0020304985866446716,-0.05590890089586199
520000,E,feature_ae320_A11_popmean,True,-0.0013345107921971017,-0.03674517781797532
520000,E,feature_ae320_A12_popmean,True,-0.002132415719955186,-0.05871514510766604
520000,E,feature_ae320_A13_popmean,True,0.004692685767261244,0.1292110741779814
520000,E,feature_ae320_A14_popmean,True,-0.002324052637796481,-0.06399178480495452
520000,E,feature_ae320_A15_popmean,True,-0.0020367926982205005,-0.05608220653745912
520000,E,feature_ae320_A16_popmean,True,0.003825251168779757,0.1053266374592721
520000,E,feature_ae320_A17_popmean,True,-0.0009189246172233443,-0.025302192128094526
520000,E,feature_ae320_A18_popmean,True,0.0019046487996751387,0.0524436814104981
520000,E,feature_ae320_A19_popmean,True,0.002714273150225014,0.07473633794101497
520000,E,feature_ae320_A20_popmean,True,0.00035572297634101107,0.009794678391525015
520000,E,feature_ae320_A21_popmean,True,-0.0002317592075920907,-0.00638138960263024
520000,E,feature_ae320_A22_popmean,True,0.0014130336260740266,0.03890727010711194
520000,E,feature_ae320_A23_popmean,True,-0.0016223246892329278,-0.04467000906467825
520000,E,feature_ae320_A24_popmean,True,0.002090342370005461,0.057556673603096735
520000,E,feature_ae320_A25_popmean,True,0.00012977887403797122,0.003573405199436971
520000,E,feature_ae320_A26_popmean,True,-0.000646694752211502,-0.017806460466940496
520000,E,feature_ae320_A27_popmean,True,-0.004246237063084846,-0.11691830208690077
520000,E,feature_ae320_A28_popmean,True,0.0027612033315421998,0.07602854019791146
520000,E,feature_ae320_A29_popmean,True,0.002546050588544024,0.07010440241969448
520000,E,feature_ae320_A30_popmean,True,-0.002135758706313636,-0.058807192792032885
520000,E,feature_ae320_A31_popmean,True,-0.0017911146658137474,-0.04931756810999924
520000,E,feature_ae320_A32_popmean,True,0.0013565831597714252,0.03735293091830577
520000,E,feature_ae320_A33_popmean,True,0.000620663073584003,0.01708968944818161
520000,E,feature_ae320_A34_popmean,True,0.001020668039960765,0.028103653294355206
520000,E,feature_ae320_A35_popmean,True,0.004290919520394243,0.11814861423482634
520000,E,feature_ae320_A36_popmean,True,0.00034206244017267166,0.009418541432926048
520000,E,feature_ae320_A37_popmean,True,-0.0010737202852374613,-0.02956442393610145
520000,E,feature_ae320_A38_popmean,True,0.0038793238174161114,0.10681550446645496
520000,E,feature_ae320_A39_popmean,True,0.0009982788874509933,0.02748717765775817
520000,E,feature_ae320_A40_popmean,True,-0.004807865282585484,-0.1323824923458401
520000,E,feature_ae320_A41_popmean,True,0.003039724862640426,0.08369751016516781
520000,E,feature_ae320_A42_popmean,True,-0.003658468584355531,-0.10073435108928332
520000,E,feature_ae320_A43_popmean,True,0.007185345894464482,0.19784539332279952
520000,E,feature_ae320_A44_popmean,True,0.00153386391479434,0.04223427987787253
520000,E,feature_ae320_A45_popmean,True,0.0017186833922909711,0.04732320430212399
520000,E,feature_ae320_A46_popmean,True,0.003250386025496774,0.08949797422567478
520000,E,feature_ae320_A47_popmean,True,0.003460398756796721,0.0952805840035622
520000,E,feature_ae320_A48_popmean,True,0.008047321762864205,0.2215795262682553
520000,E,feature_ae320_A49_popmean,True,0.0006610357853362271,0.018201334615087262
520000,E,feature_ae320_A50_popmean,True,0.0024053931440738336,0.06623146048569192
520000,E,feature_ae320_A51_popmean,True,-0.0006580278952688375,-0.01811851366224867
520000,E,feature_ae320_A52_popmean,True,0.0022235678246286393,0.061224978909155486
520000,E,feature_ae320_A53_popmean,True,-0.0006958442638599204,-0.019159771025197146
520000,E,feature_ae320_A54_popmean,True,0.0024174327373079857,0.06656296548125412
520000,E,feature_ae320_A55_popmean,True,0.006565874551013057,0.18078851764869053
520000,E,feature_ae320_A56_popmean,True,0.0012491891062261647,0.034395882075248595
520000,E,feature_ae320_A57_popmean,True,0.0016876373624622409,0.04646836529050334
520000,E,feature_ae320_A58_popmean,True,-0.0015305680015633989,-0.042143528331724175
520000,E,feature_ae320_A59_popmean,True,0.0016404991792911302,0.04517043579246829
520000,E,feature_ae320_A60_popmean,True,0.0006692310487473288,0.018426987650691642
520000,E,feature_ae320_A61_popmean,True,0.001198936656503113,0.03301220259385428
520000,E,feature_ae320_A62_popmean,True,0.0035435614734305883,0.09757043345881186
520000,E,feature_ae320_A63_popmean,True,-0.0008160615630630351,-0.022469902394567712
520000,E,feature_economic_log1p_retail_yuan_per_resident,True,0.005926313293624449,0.16317847487822987
520000,E,feature_health_log1p_motorized_mean_minutes,False,0.0,0.0
520000,E,feature_health_log1p_q90_minutes,False,0.0,0.0
520000,E,feature_health_log1p_sd_minutes,False,0.0,0.0
520000,E,feature_health_population_fraction_ge60min,False,0.0,0.0
520000,I,feature_control_log1p_population,True,-0.005733620199871993,-0.08395722042512362
520000,I,feature_control_log1p_population_density,True,-0.010052681505266517,-0.14720109940663093
520000,I,feature_control_worldpop_child_share,True,0.006300972899897544,0.09226494818426219
520000,I,feature_control_worldpop_elderly_share,True,0.003923077317121061,0.05744549788381325
520000,I,feature_control_urbanization_rate,True,0.024907125761177904,0.36471425989014306
520000,I,feature_ae320_A00_popmean,False,0.0,0.0
520000,I,feature_ae320_A01_popmean,False,0.0,0.0
520000,I,feature_ae320_A02_popmean,False,0.0,0.0
520000,I,feature_ae320_A03_popmean,False,0.0,0.0
520000,I,feature_ae320_A04_popmean,False,0.0,0.0
520000,I,feature_ae320_A05_popmean,False,0.0,0.0
520000,I,feature_ae320_A06_popmean,False,0.0,0.0
520000,I,feature_ae320_A07_popmean,False,0.0,0.0
520000,I,feature_ae320_A08_popmean,False,0.0,0.0
520000,I,feature_ae320_A09_popmean,False,0.0,0.0
520000,I,feature_ae320_A10_popmean,False,0.0,0.0
520000,I,feature_ae320_A11_popmean,False,0.0,0.0
520000,I,feature_ae320_A12_popmean,False,0.0,0.0
520000,I,feature_ae320_A13_popmean,False,0.0,0.0
520000,I,feature_ae320_A14_popmean,False,0.0,0.0
520000,I,feature_ae320_A15_popmean,False,0.0,0.0
520000,I,feature_ae320_A16_popmean,False,0.0,0.0
520000,I,feature_ae320_A17_popmean,False,0.0,0.0
520000,I,feature_ae320_A18_popmean,False,0.0,0.0
520000,I,feature_ae320_A19_popmean,False,0.0,0.0
520000,I,feature_ae320_A20_popmean,False,0.0,0.0
520000,I,feature_ae320_A21_popmean,False,0.0,0.0
520000,I,feature_ae320_A22_popmean,False,0.0,0.0
520000,I,feature_ae320_A23_popmean,False,0.0,0.0
520000,I,feature_ae320_A24_popmean,False,0.0,0.0
520000,I,feature_ae320_A25_popmean,False,0.0,0.0
520000,I,feature_ae320_A26_popmean,False,0.0,0.0
520000,I,feature_ae320_A27_popmean,False,0.0,0.0
520000,I,feature_ae320_A28_popmean,False,0.0,0.0
520000,I,feature_ae320_A29_popmean,False,0.0,0.0
520000,I,feature_ae320_A30_popmean,False,0.0,0.0
520000,I,feature_ae320_A31_popmean,False,0.0,0.0
520000,I,feature_ae320_A32_popmean,False,0.0,0.0
520000,I,feature_ae320_A33_popmean,False,0.0,0.0
520000,I,feature_ae320_A34_popmean,False,0.0,0.0
520000,I,feature_ae320_A35_popmean,False,0.0,0.0
520000,I,feature_ae320_A36_popmean,False,0.0,0.0
520000,I,feature_ae320_A37_popmean,False,0.0,0.0
520000,I,feature_ae320_A38_popmean,False,0.0,0.0
520000,I,feature_ae320_A39_popmean,False,0.0,0.0
520000,I,feature_ae320_A40_popmean,False,0.0,0.0
520000,I,feature_ae320_A41_popmean,False,0.0,0.0
520000,I,feature_ae320_A42_popmean,False,0.0,0.0
520000,I,feature_ae320_A43_popmean,False,0.0,0.0
520000,I,feature_ae320_A44_popmean,False,0.0,0.0
520000,I,feature_ae320_A45_popmean,False,0.0,0.0
520000,I,feature_ae320_A46_popmean,False,0.0,0.0
520000,I,feature_ae320_A47_popmean,False,0.0,0.0
520000,I,feature_ae320_A48_popmean,False,0.0,0.0
520000,I,feature_ae320_A49_popmean,False,0.0,0.0
520000,I,feature_ae320_A50_popmean,False,0.0,0.0
520000,I,feature_ae320_A51_popmean,False,0.0,0.0
520000,I,feature_ae320_A52_popmean,False,0.0,0.0
520000,I,feature_ae320_A53_popmean,False,0.0,0.0
520000,I,feature_ae320_A54_popmean,False,0.0,0.0
520000,I,feature_ae320_A55_popmean,False,0.0,0.0
520000,I,feature_ae320_A56_popmean,False,0.0,0.0
520000,I,feature_ae320_A57_popmean,False,0.0,0.0
520000,I,feature_ae320_A58_popmean,False,0.0,0.0
520000,I,feature_ae320_A59_popmean,False,0.0,0.0
520000,I,feature_ae320_A60_popmean,False,0.0,0.0
520000,I,feature_ae320_A61_popmean,False,0.0,0.0
520000,I,feature_ae320_A62_popmean,False,0.0,0.0
520000,I,feature_ae320_A63_popmean,False,0.0,0.0
520000,I,feature_economic_log1p_retail_yuan_per_resident,True,0.04965375336254197,0.7270783502692993
520000,I,feature_health_log1p_motorized_mean_minutes,True,0.013949725640124599,0.20426539422058107
520000,I,feature_health_log1p_q90_minutes,True,-0.015140718393408695,-0.22170506368358983
520000,I,feature_health_log1p_sd_minutes,True,-0.0088547406255696,-0.12965968874688302
520000,I,feature_health_population_fraction_ge60min,True,0.007615604937559894,0.11151506380343268
530000,H,feature_control_log1p_population,True,0.001476088783262421,0.041659913794529546
530000,H,feature_control_log1p_population_density,True,0.0016720302172204048,0.047190003407042304
530000,H,feature_control_worldpop_child_share,True,-0.0046214762170947235,-0.13043273750926296
530000,H,feature_control_worldpop_elderly_share,True,0.0021688253644141274,0.06121114037408046
530000,H,feature_control_urbanization_rate,True,0.0020884698275889183,0.05894325190083256
530000,H,feature_ae320_A00_popmean,True,0.003544798217896583,0.10004546464351771
530000,H,feature_ae320_A01_popmean,True,-0.0001720644034863132,-0.004856203974739226
530000,H,feature_ae320_A02_popmean,True,0.0024073118125616773,0.06794198541785325
530000,H,feature_ae320_A03_popmean,True,0.00037296806309671985,0.010526343356109408
530000,H,feature_ae320_A04_popmean,True,0.0011863340178766232,0.033482114000639746
530000,H,feature_ae320_A05_popmean,True,-0.0017842544180294393,-0.050357326798682205
530000,H,feature_ae320_A06_popmean,True,-0.0019163098573934483,-0.05408435073002339
530000,H,feature_ae320_A07_popmean,True,-0.00010852143330140131,-0.0030628195319003506
530000,H,feature_ae320_A08_popmean,True,0.000996276588598484,0.028118089688878856
530000,H,feature_ae320_A09_popmean,True,-0.0006464396078944007,-0.018244578946483635
530000,H,feature_ae320_A10_popmean,True,4.583217699237444e-05,0.0012935296061920487
530000,H,feature_ae320_A11_popmean,True,-0.00031054836479953087,-0.00876466121366125
530000,H,feature_ae320_A12_popmean,True,-0.0007501510913299768,-0.0211716464158804
530000,H,feature_ae320_A13_popmean,True,-0.001339039973956433,-0.03779196110355964
530000,H,feature_ae320_A14_popmean,True,6.585236347899402e-05,0.0018585628566579187
530000,H,feature_ae320_A15_popmean,True,0.0005883078842988314,0.016603917069515566
530000,H,feature_ae320_A16_popmean,True,0.0020593314031684185,0.058120873014663205
530000,H,feature_ae320_A17_popmean,True,-0.0005101952139440029,-0.014399329411820368
530000,H,feature_ae320_A18_popmean,True,0.0005716841814916898,0.01613474337634465
530000,H,feature_ae320_A19_popmean,True,0.0030446900840759294,0.08593082467120955
530000,H,feature_ae320_A20_popmean,True,0.00038269058687567434,0.010800743857684455
530000,H,feature_ae320_A21_popmean,True,0.000539082213526371,0.015214612290485886
530000,H,feature_ae320_A22_popmean,True,-0.0009611050158112038,-0.02712543619340438
530000,H,feature_ae320_A23_popmean,True,0.0002492380174972506,0.0070342884797932655
530000,H,feature_ae320_A24_popmean,True,-0.0009985341530184331,-0.028181805327251782
530000,H,feature_ae320_A25_popmean,True,0.0007359379367402514,0.02077050604975175
530000,H,feature_ae320_A26_popmean,True,0.0002199281923563927,0.006207072120895025
530000,H,feature_ae320_A27_popmean,True,-0.00028453297855953716,-0.008030424384292398
530000,H,feature_ae320_A28_popmean,True,0.0016536642512718295,0.04667165751427029
530000,H,feature_ae320_A29_popmean,True,0.0007966548597977339,0.022484130466606432
530000,H,feature_ae320_A30_popmean,True,0.0014888209377571032,0.04201925563404598
530000,H,feature_ae320_A31_popmean,True,-0.0011018214734665557,-0.031096901569922543
530000,H,feature_ae320_A32_popmean,True,-0.000482016997439779,-0.013604050642846172
530000,H,feature_ae320_A33_popmean,True,0.0013394017694111436,0.03780217212042082
530000,H,feature_ae320_A34_popmean,True,-0.0002849974565944081,-0.008043533429704564
530000,H,feature_ae320_A35_popmean,True,0.0021338358482803875,0.06022362509561447
530000,H,feature_ae320_A36_popmean,True,0.0008608373933318799,0.024295565418532127
530000,H,feature_ae320_A37_popmean,True,0.0009229640230344753,0.02604897623440082
530000,H,feature_ae320_A38_popmean,True,0.0004458256702860526,0.012582616440222186
530000,H,feature_ae320_A39_popmean,True,0.001738445368018999,0.04906444990937591
530000,H,feature_ae320_A40_popmean,True,-0.0020739906709173715,-0.058534604111083126
530000,H,feature_ae320_A41_popmean,True,-0.00022020881234658556,-0.0062149921083192354
530000,H,feature_ae320_A42_popmean,True,0.0007303602379239139,0.0206130856733521
530000,H,feature_ae320_A43_popmean,True,0.0009865007628668354,0.02784218483690193
530000,H,feature_ae320_A44_popmean,True,0.00021199064685530083,0.005983049375742266
530000,H,feature_ae320_A45_popmean,True,0.0007035628643651769,0.019856778678112016
530000,H,feature_ae320_A46_popmean,True,-0.0006912544787409854,-0.01950939694208911
530000,H,feature_ae320_A47_popmean,True,-0.0002969773509115862,-0.008381644097694436
530000,H,feature_ae320_A48_popmean,True,0.0014343361892338717,0.04048152297708634
530000,H,feature_ae320_A49_popmean,True,0.0003811301384121637,0.01075670304577138
530000,H,feature_ae320_A50_popmean,True,-0.0015065635769424316,-0.04252000926575813
530000,H,feature_ae320_A51_popmean,True,-0.0011641463528428617,-0.03285590762126096
530000,H,feature_ae320_A52_popmean,True,-0.0024833616147526866,-0.07008835238391481
530000,H,feature_ae320_A53_popmean,True,7.767451756377576e-05,0.0021922215942774253
530000,H,feature_ae320_A54_popmean,True,0.0011145271608064753,0.031455496422267
530000,H,feature_ae320_A55_popmean,True,-0.00019983715997985387,-0.005640039374395989
530000,H,feature_ae320_A56_popmean,True,0.0013046476257834027,0.03682129980166072
530000,H,feature_ae320_A57_popmean,True,0.001010697832977971,0.028525103009806225
530000,H,feature_ae320_A58_popmean,True,0.001457499691777842,0.04113527059044356
530000,H,feature_ae320_A59_popmean,True,0.0013258742025773005,0.03742038121831663
530000,H,feature_ae320_A60_popmean,True,0.0018185605954968247,0.05132555608957373
530000,H,feature_ae320_A61_popmean,True,-0.0011836433250961805,-0.03340617410423795
530000,H,feature_ae320_A62_popmean,True,0.0012827134656655378,0.03620224813618701
530000,H,feature_ae320_A63_popmean,True,0.00024893993261833574,0.007025875577737605
530000,H,feature_economic_log1p_retail_yuan_per_resident,True,0.0013047688817146115,0.03682472202917069
530000,H,feature_health_log1p_motorized_mean_minutes,True,-0.0008601923707100926,-0.024277360831434197
530000,H,feature_health_log1p_q90_minutes,True,-0.0022965439497228666,-0.06481576450933169
530000,H,feature_health_log1p_sd_minutes,True,-0.0003914588839214171,-0.01104821305004775
530000,H,feature_health_population_fraction_ge60min,True,-0.0012841563293128002,-0.03624297033111445
530000,E,feature_control_log1p_population,True,0.002492590377225568,0.06830656160889262
530000,E,feature_control_log1p_population_density,True,0.0031623267282947023,0.08665991310378963
530000,E,feature_control_worldpop_child_share,True,-0.008257918217793214,-0.22629871504709062
530000,E,feature_control_worldpop_elderly_share,True,-0.0048931178563710155,-0.13409024578190165
530000,E,feature_control_urbanization_rate,True,0.012418333994556746,0.3403101062370157
530000,E,feature_ae320_A00_popmean,True,0.005153437928017422,0.1412240168075841
530000,E,feature_ae320_A01_popmean,True,-0.003469586301413383,-0.09508000697597821
530000,E,feature_ae320_A02_popmean,True,0.005511037959702919,0.15102363282907244
530000,E,feature_ae320_A03_popmean,True,0.0010509076661077944,0.028798911323789287
530000,E,feature_ae320_A04_popmean,True,-0.0026522009918814107,-0.07268050623414539
530000,E,feature_ae320_A05_popmean,True,0.003363904993019675,0.09218393272781468
530000,E,feature_ae320_A06_popmean,True,-0.00017154320873832883,-0.004700943589982977
530000,E,feature_ae320_A07_popmean,True,-0.0014720920621307844,-0.040340983442221874
530000,E,feature_ae320_A08_popmean,True,-0.0026666838387224773,-0.0730773919314747
530000,E,feature_ae320_A09_popmean,True,0.0014918124407049427,0.04088139765000108
530000,E,feature_ae320_A10_popmean,True,-0.0023916566149420914,-0.06554058838086965
530000,E,feature_ae320_A11_popmean,True,-0.0005797404022757489,-0.015887116417937216
530000,E,feature_ae320_A12_popmean,True,-0.0016264758735402682,-0.04457169355881768
530000,E,feature_ae320_A13_popmean,True,0.004676839035713555,0.1281633743942406
530000,E,feature_ae320_A14_popmean,True,-0.0021741401479704087,-0.05957980072482177
530000,E,feature_ae320_A15_popmean,True,-0.0016569695110009905,-0.045407336488727607
530000,E,feature_ae320_A16_popmean,True,0.003995464698552281,0.10949109732646589
530000,E,feature_ae320_A17_popmean,True,-0.0005469153594592653,-0.014987584015844591
530000,E,feature_ae320_A18_popmean,True,0.0018387463199632506,0.05038872007822418
530000,E,feature_ae320_A19_popmean,True,0.0028735417519851507,0.07874609422835638
530000,E,feature_ae320_A20_popmean,True,-3.348052116280444e-05,-0.0009174950294281656
530000,E,feature_ae320_A21_popmean,True,-0.0006878733114394584,-0.018850373954845893
530000,E,feature_ae320_A22_popmean,True,0.0008203533716175698,0.02248083705668072
530000,E,feature_ae320_A23_popmean,True,-0.001090749264492995,-0.02989072433067597
530000,E,feature_ae320_A24_popmean,True,0.00251441589778742,0.06890466480247218
530000,E,feature_ae320_A25_popmean,True,0.0002974189074636231,0.008150421790894619
530000,E,feature_ae320_A26_popmean,True,0.0002923470758010294,0.008011434099577082
530000,E,feature_ae320_A27_popmean,True,-0.0038867811265323768,-0.10651274950971978
530000,E,feature_ae320_A28_popmean,True,0.0024544003185916112,0.06726000714219714
530000,E,feature_ae320_A29_popmean,True,0.002756415476086753,0.0755363838588655
530000,E,feature_ae320_A30_popmean,True,-0.0018584699011414195,-0.05092922204966892
530000,E,feature_ae320_A31_popmean,True,-0.0018241305517091768,-0.049988191823028306
530000,E,feature_ae320_A32_popmean,True,0.0021721228732018345,0.05952451963871926
530000,E,feature_ae320_A33_popmean,True,0.0006928167357539403,0.018985842791033852
530000,E,feature_ae320_A34_popmean,True,0.00036602648598330523,0.010030533273234468
530000,E,feature_ae320_A35_popmean,True,0.00456419529935853,0.12507650284587388
530000,E,feature_ae320_A36_popmean,True,-0.0004684317810054675,-0.012836832157086388
530000,E,feature_ae320_A37_popmean,True,-0.0011144637797339374,-0.03054059324260424
530000,E,feature_ae320_A38_popmean,True,0.003902183785578209,0.10693484159860363
530000,E,feature_ae320_A39_popmean,True,0.0005130672949332918,0.014060016884875142
530000,E,feature_ae320_A40_popmean,True,-0.005222164707918484,-0.14310739486616345
530000,E,feature_ae320_A41_popmean,True,0.003093893919137546,0.08478459097405973
530000,E,feature_ae320_A42_popmean,True,-0.0031710925758705296,-0.08690013103649259
530000,E,feature_ae320_A43_popmean,True,0.007816885430392462,0.21421272067778602
530000,E,feature_ae320_A44_popmean,True,0.0016965648981784847,0.0464924023617163
530000,E,feature_ae320_A45_popmean,True,0.0018928809730931414,0.05187221774915268
530000,E,feature_ae320_A46_popmean,True,0.002426795525325453,0.06650352965228788
530000,E,feature_ae320_A47_popmean,True,0.002807968718741818,0.0769491409559526
530000,E,feature_ae320_A48_popmean,True,0.007676229934520824,0.2103582191992561
530000,E,feature_ae320_A49_popmean,True,0.0009496202660761313,0.026023247061549678
530000,E,feature_ae320_A50_popmean,True,0.0031146965772068684,0.08535466380191946
530000,E,feature_ae320_A51_popmean,True,-0.00010785187882224724,-0.0029555562248485623
530000,E,feature_ae320_A52_popmean,True,0.0024725068778820468,0.06775619649564954
530000,E,feature_ae320_A53_popmean,True,-0.001218320851191755,-0.03338667638360908
530000,E,feature_ae320_A54_popmean,True,0.0026044649773011904,0.07137235586548507
530000,E,feature_ae320_A55_popmean,True,0.007213830540602112,0.19768669764593155
530000,E,feature_ae320_A56_popmean,True,0.0009502855508748409,0.02604147842339145
530000,E,feature_ae320_A57_popmean,True,0.000935416843099702,0.02563401865263778
530000,E,feature_ae320_A58_popmean,True,-0.001500531516590538,-0.04112033385853083
530000,E,feature_ae320_A59_popmean,True,0.002045378113184217,0.056051225816416965
530000,E,feature_ae320_A60_popmean,True,0.0020604510676293817,0.05646428273136128
530000,E,feature_ae320_A61_popmean,True,0.0007730011338430581,0.02118320364831307
530000,E,feature_ae320_A62_popmean,True,0.003329455499631368,0.09123988413321857
530000,E,feature_ae320_A63_popmean,True,-0.000957971474816914,-0.02625210229567601
530000,E,feature_economic_log1p_retail_yuan_per_resident,True,0.005680588240878648,0.15566996254002397
530000,E,feature_health_log1p_motorized_mean_minutes,False,0.0,0.0
530000,E,feature_health_log1p_q90_minutes,False,0.0,0.0
530000,E,feature_health_log1p_sd_minutes,False,0.0,0.0
530000,E,feature_health_population_fraction_ge60min,False,0.0,0.0
530000,I,feature_control_log1p_population,True,-0.006113214242371727,-0.08977377544555122
530000,I,feature_control_log1p_population_density,True,-0.007972214535975365,-0.11707356705999317
530000,I,feature_control_worldpop_child_share,True,0.0048753613212272175,0.07159565739315113
530000,I,feature_control_worldpop_elderly_share,True,0.0006307612423271216,0.00926285516642763
530000,I,feature_control_urbanization_rate,True,0.02552385332637324,0.37482289777203015
530000,I,feature_ae320_A00_popmean,False,0.0,0.0
530000,I,feature_ae320_A01_popmean,False,0.0,0.0
530000,I,feature_ae320_A02_popmean,False,0.0,0.0
530000,I,feature_ae320_A03_popmean,False,0.0,0.0
530000,I,feature_ae320_A04_popmean,False,0.0,0.0
530000,I,feature_ae320_A05_popmean,False,0.0,0.0
530000,I,feature_ae320_A06_popmean,False,0.0,0.0
530000,I,feature_ae320_A07_popmean,False,0.0,0.0
530000,I,feature_ae320_A08_popmean,False,0.0,0.0
530000,I,feature_ae320_A09_popmean,False,0.0,0.0
530000,I,feature_ae320_A10_popmean,False,0.0,0.0
530000,I,feature_ae320_A11_popmean,False,0.0,0.0
530000,I,feature_ae320_A12_popmean,False,0.0,0.0
530000,I,feature_ae320_A13_popmean,False,0.0,0.0
530000,I,feature_ae320_A14_popmean,False,0.0,0.0
530000,I,feature_ae320_A15_popmean,False,0.0,0.0
530000,I,feature_ae320_A16_popmean,False,0.0,0.0
530000,I,feature_ae320_A17_popmean,False,0.0,0.0
530000,I,feature_ae320_A18_popmean,False,0.0,0.0
530000,I,feature_ae320_A19_popmean,False,0.0,0.0
530000,I,feature_ae320_A20_popmean,False,0.0,0.0
530000,I,feature_ae320_A21_popmean,False,0.0,0.0
530000,I,feature_ae320_A22_popmean,False,0.0,0.0
530000,I,feature_ae320_A23_popmean,False,0.0,0.0
530000,I,feature_ae320_A24_popmean,False,0.0,0.0
530000,I,feature_ae320_A25_popmean,False,0.0,0.0
530000,I,feature_ae320_A26_popmean,False,0.0,0.0
530000,I,feature_ae320_A27_popmean,False,0.0,0.0
530000,I,feature_ae320_A28_popmean,False,0.0,0.0
530000,I,feature_ae320_A29_popmean,False,0.0,0.0
530000,I,feature_ae320_A30_popmean,False,0.0,0.0
530000,I,feature_ae320_A31_popmean,False,0.0,0.0
530000,I,feature_ae320_A32_popmean,False,0.0,0.0
530000,I,feature_ae320_A33_popmean,False,0.0,0.0
530000,I,feature_ae320_A34_popmean,False,0.0,0.0
530000,I,feature_ae320_A35_popmean,False,0.0,0.0
530000,I,feature_ae320_A36_popmean,False,0.0,0.0
530000,I,feature_ae320_A37_popmean,False,0.0,0.0
530000,I,feature_ae320_A38_popmean,False,0.0,0.0
530000,I,feature_ae320_A39_popmean,False,0.0,0.0
530000,I,feature_ae320_A40_popmean,False,0.0,0.0
530000,I,feature_ae320_A41_popmean,False,0.0,0.0
530000,I,feature_ae320_A42_popmean,False,0.0,0.0
530000,I,feature_ae320_A43_popmean,False,0.0,0.0
530000,I,feature_ae320_A44_popmean,False,0.0,0.0
530000,I,feature_ae320_A45_popmean,False,0.0,0.0
530000,I,feature_ae320_A46_popmean,False,0.0,0.0
530000,I,feature_ae320_A47_popmean,False,0.0,0.0
530000,I,feature_ae320_A48_popmean,False,0.0,0.0
530000,I,feature_ae320_A49_popmean,False,0.0,0.0
530000,I,feature_ae320_A50_popmean,False,0.0,0.0
530000,I,feature_ae320_A51_popmean,False,0.0,0.0
530000,I,feature_ae320_A52_popmean,False,0.0,0.0
530000,I,feature_ae320_A53_popmean,False,0.0,0.0
530000,I,feature_ae320_A54_popmean,False,0.0,0.0
530000,I,feature_ae320_A55_popmean,False,0.0,0.0
530000,I,feature_ae320_A56_popmean,False,0.0,0.0
530000,I,feature_ae320_A57_popmean,False,0.0,0.0
530000,I,feature_ae320_A58_popmean,False,0.0,0.0
530000,I,feature_ae320_A59_popmean,False,0.0,0.0
530000,I,feature_ae320_A60_popmean,False,0.0,0.0
530000,I,feature_ae320_A61_popmean,False,0.0,0.0
530000,I,feature_ae320_A62_popmean,False,0.0,0.0
530000,I,feature_ae320_A63_popmean,False,0.0,0.0
530000,I,feature_economic_log1p_retail_yuan_per_resident,True,0.049474958477738945,0.72654967361905
530000,I,feature_health_log1p_motorized_mean_minutes,False,0.0,0.0
530000,I,feature_health_log1p_q90_minutes,False,0.0,0.0
530000,I,feature_health_log1p_sd_minutes,False,0.0,0.0
530000,I,feature_health_population_fraction_ge60min,False,0.0,0.0
540000,H,feature_control_log1p_population,True,0.0013249047754790707,0.04297492718006486
540000,H,feature_control_log1p_population_density,True,0.000991431438603858,0.03215830651876218
540000,H,feature_control_worldpop_child_share,True,-0.004467115935734936,-0.1448964375373321
540000,H,feature_control_worldpop_elderly_share,True,0.0020061606275094206,0.06507230442093949
540000,H,feature_control_urbanization_rate,True,0.0021870834808270885,0.07094076122661816
540000,H,feature_ae320_A00_popmean,True,0.003103300033809749,0.10065937978270463
540000,H,feature_ae320_A01_popmean,True,-0.0005184489276666987,-0.01681653302593221
540000,H,feature_ae320_A02_popmean,True,0.0017416189817340136,0.056491568526782984
540000,H,feature_ae320_A03_popmean,True,2.0033785501519128e-05,0.0006498206429647094
540000,H,feature_ae320_A04_popmean,True,0.0006482413376553811,0.021026510581316802
540000,H,feature_ae320_A05_popmean,True,-0.0013224185434084902,-0.04289428316385826
540000,H,feature_ae320_A06_popmean,True,-0.0014283334255200824,-0.046329763532162456
540000,H,feature_ae320_A07_popmean,True,-0.0005297065959719526,-0.01718168943912475
540000,H,feature_ae320_A08_popmean,True,0.0011948591522454326,0.03875673633949601
540000,H,feature_ae320_A09_popmean,True,-0.0003444085095785522,-0.011171316530262411
540000,H,feature_ae320_A10_popmean,True,0.00012722008678455664,0.004126541066644543
540000,H,feature_ae320_A11_popmean,True,9.428156764599945e-05,0.0030581394066936775
540000,H,feature_ae320_A12_popmean,True,-0.0008071442511295719,-0.026180723368257858
540000,H,feature_ae320_A13_popmean,True,-0.0012854306668042587,-0.04169453557970655
540000,H,feature_ae320_A14_popmean,True,0.0003539113401843264,0.01147955260944778
540000,H,feature_ae320_A15_popmean,True,0.0008935162068088565,0.02898230471539648
540000,H,feature_ae320_A16_popmean,True,0.0014674203314735013,0.047597595732733124
540000,H,feature_ae320_A17_popmean,True,-0.0008910895927883881,-0.028903594484477393
540000,H,feature_ae320_A18_popmean,True,0.0013573818734520344,0.04402836207307691
540000,H,feature_ae320_A19_popmean,True,0.0026158702718551093,0.08484899181137084
540000,H,feature_ae320_A20_popmean,True,0.0008754735898229386,0.028397070089136448
540000,H,feature_ae320_A21_popmean,True,0.0007319010860929091,0.02374011812771975
540000,H,feature_ae320_A22_popmean,True,-0.0007416561543840068,-0.024056535848604555
540000,H,feature_ae320_A23_popmean,True,0.00015188978088309798,0.004926733146151496
540000,H,feature_ae320_A24_popmean,True,-0.0013131961656562975,-0.04259514392029698
540000,H,feature_ae320_A25_popmean,True,0.0003703082296478311,0.012011406025417913
540000,H,feature_ae320_A26_popmean,True,-0.00016717064617585587,-0.005422386936037789
540000,H,feature_ae320_A27_popmean,True,-4.6639231118676035e-05,-0.001512801220249643
540000,H,feature_ae320_A28_popmean,True,0.0013012373661474134,0.0422072454482204
540000,H,feature_ae320_A29_popmean,True,8.911211307299828e-05,0.0028904617456670207
540000,H,feature_ae320_A30_popmean,True,0.0009030410406996512,0.02929125449838077
540000,H,feature_ae320_A31_popmean,True,-0.00026913545728021846,-0.00872974185937905
540000,H,feature_ae320_A32_popmean,True,-0.00149738240608038,-0.0485694527282132
540000,H,feature_ae320_A33_popmean,True,0.0008639551866368149,0.028023456417183828
540000,H,feature_ae320_A34_popmean,True,-9.633373043540857e-05,-0.0031247038482057907
540000,H,feature_ae320_A35_popmean,True,0.001348504154891499,0.04374040227722957
540000,H,feature_ae320_A36_popmean,True,0.0009048167377745275,0.029348851432061587
540000,H,feature_ae320_A37_popmean,True,0.0002223874566902332,0.007213412566625299
540000,H,feature_ae320_A38_popmean,True,0.00010468521002465185,0.003395594431314869
540000,H,feature_ae320_A39_popmean,True,0.0013281992914351887,0.043081788885093085
540000,H,feature_ae320_A40_popmean,True,-0.0013425758065531922,-0.043548108957096675
540000,H,feature_ae320_A41_popmean,True,0.0004459917335336916,0.014466294201853797
540000,H,feature_ae320_A42_popmean,True,0.0006618576139626393,0.02146817136599959
540000,H,feature_ae320_A43_popmean,True,0.0009560082468160479,0.03100931142436669
540000,H,feature_ae320_A44_popmean,True,0.0008873963845606597,0.028783800701871354
540000,H,feature_ae320_A45_popmean,True,0.00035577145775253825,0.011539887826377885
540000,H,feature_ae320_A46_popmean,True,-0.000531118584529576,-0.01722748903662489
540000,H,feature_ae320_A47_popmean,True,-0.0001984370515779948,-0.006436551516170313
540000,H,feature_ae320_A48_popmean,True,0.0012178155086012088,0.03950135418748616
540000,H,feature_ae320_A49_popmean,True,0.0007018251370873934,0.02276456747509566
540000,H,feature_ae320_A50_popmean,True,-0.001295276768799058,-0.0420139060915088
540000,H,feature_ae320_A51_popmean,True,-0.0007259490249191418,-0.023547055652402265
540000,H,feature_ae320_A52_popmean,True,-0.002007553836829342,-0.0651174948906082
540000,H,feature_ae320_A53_popmean,True,0.000142956217983957,0.004636961970022787
540000,H,feature_ae320_A54_popmean,True,0.0011179651812794184,0.036262585164249767
540000,H,feature_ae320_A55_popmean,True,-0.00012043383498833251,-0.003906420585410061
540000,H,feature_ae320_A56_popmean,True,0.001038890440019784,0.033697698003822336
540000,H,feature_ae320_A57_popmean,True,0.0009570957737544133,0.031044586707426724
540000,H,feature_ae320_A58_popmean,True,0.0015828612067512458,0.05134206348655351
540000,H,feature_ae320_A59_popmean,True,0.0013659451329683648,0.04430612200039336
540000,H,feature_ae320_A60_popmean,True,0.0014905729782233807,0.04834858050274579
540000,H,feature_ae320_A61_popmean,True,-0.00030040212253512735,-0.009743914868157974
540000,H,feature_ae320_A62_popmean,True,0.0007071648630163152,0.022937768098418906
540000,H,feature_ae320_A63_popmean,True,-0.0002949826820178703,-0.009568128603442005
540000,H,feature_economic_log1p_retail_yuan_per_resident,True,0.0016688694848546583,0.05413184850113346
540000,H,feature_health_log1p_motorized_mean_minutes,True,-0.0008474804721723938,-0.027489078650929005
540000,H,feature_health_log1p_q90_minutes,True,-0.0023775592705935827,-0.07711907935655364
540000,H,feature_health_log1p_sd_minutes,True,-0.00021905365798690642,-0.007105276677042851
540000,H,feature_health_population_fraction_ge60min,True,-8.133309140943147e-05,-0.002638139544320097
540000,E,feature_control_log1p_population,True,0.0024677705796075275,0.07301310079371746
540000,E,feature_control_log1p_population_density,True,0.0024295143994127514,0.07188122801606726
540000,E,feature_control_worldpop_child_share,True,-0.007548279296659073,-0.22332840891301567
540000,E,feature_control_worldpop_elderly_share,True,-0.004478745833792579,-0.13251115143942868
540000,E,feature_control_urbanization_rate,True,0.012899596093444978,0.38165602489625744
540000,E,feature_ae320_A00_popmean,True,0.005623136301369876,0.1663698485351203
540000,E,feature_ae320_A01_popmean,True,-0.0026894866452407446,-0.0795729396950464
540000,E,feature_ae320_A02_popmean,True,0.005940029491453153,0.1757456611084563
540000,E,feature_ae320_A03_popmean,True,0.0012305943304436113,0.03640918188559742
540000,E,feature_ae320_A04_popmean,True,-0.0025866122889487576,-0.07652923060510734
540000,E,feature_ae320_A05_popmean,True,0.0029676394593065787,0.08780255375125855
540000,E,feature_ae320_A06_popmean,True,-0.00018705011784145734,-0.0055341891261249535
540000,E,feature_ae320_A07_popmean,True,-0.0018232628065953465,-0.05394426539137761
540000,E,feature_ae320_A08_popmean,True,-0.003434907192958261,-0.1016274475305612
540000,E,feature_ae320_A09_popmean,True,0.0012803655530677401,0.03788174636307005
540000,E,feature_ae320_A10_popmean,True,-0.0026533110554620306,-0.0785026246484972
540000,E,feature_ae320_A11_popmean,True,-0.0013898365716519129,-0.04112062868865004
540000,E,feature_ae320_A12_popmean,True,-0.0024733467921697443,-0.07317808232531392
540000,E,feature_ae320_A13_popmean,True,0.0045915047015981135,0.13584731025763627
540000,E,feature_ae320_A14_popmean,True,-0.0018341974694061729,-0.05426778559400486
540000,E,feature_ae320_A15_popmean,True,-0.0016409282742480206,-0.048549594712319635
540000,E,feature_ae320_A16_popmean,True,0.0030337674665769556,0.08975906093228167
540000,E,feature_ae320_A17_popmean,True,-0.0010033527368969617,-0.02968586104238305
540000,E,feature_ae320_A18_popmean,True,0.0021714299032992053,0.06424536855500221
540000,E,feature_ae320_A19_popmean,True,0.002973229610440022,0.08796794767868885
540000,E,feature_ae320_A20_popmean,True,0.00039041004794513343,0.011550931199622095
540000,E,feature_ae320_A21_popmean,True,-5.164478802591218e-05,-0.0015279970288833717
540000,E,feature_ae320_A22_popmean,True,0.0018390530879830215,0.054411447152942674
540000,E,feature_ae320_A23_popmean,True,-0.0015752298304926933,-0.04660579688300076
540000,E,feature_ae320_A24_popmean,True,0.0019187331565215459,0.0567689146272404
540000,E,feature_ae320_A25_popmean,True,9.261743262732277e-05,0.0027402409282104023
540000,E,feature_ae320_A26_popmean,True,-0.0006094142169407405,-0.01803053412432495
540000,E,feature_ae320_A27_popmean,True,-0.004373748118239542,-0.12940461923091062
540000,E,feature_ae320_A28_popmean,True,0.0025970128907978848,0.07683694972511014
540000,E,feature_ae320_A29_popmean,True,0.00202095826742327,0.05979341471148387
540000,E,feature_ae320_A30_popmean,True,-0.002122803121857643,-0.06280666427511267
540000,E,feature_ae320_A31_popmean,True,-0.0018683290702524178,-0.05527762582527714
540000,E,feature_ae320_A32_popmean,True,0.0013671402408468455,0.04044911995829574
540000,E,feature_ae320_A33_popmean,True,0.0004841516577969528,0.014324432782481857
540000,E,feature_ae320_A34_popmean,True,0.001179164779643372,0.034887553008349566
540000,E,feature_ae320_A35_popmean,True,0.004205454945184384,0.12442538554172183
540000,E,feature_ae320_A36_popmean,True,-0.0002487172236474229,-0.007358713111083021
540000,E,feature_ae320_A37_popmean,True,-0.0010898791107960776,-0.032245887858091245
540000,E,feature_ae320_A38_popmean,True,0.0041035069648106244,0.12140908482549842
540000,E,feature_ae320_A39_popmean,True,0.0006018792923540032,0.01780760083673709
540000,E,feature_ae320_A40_popmean,True,-0.004744977168743652,-0.1403880486898692
540000,E,feature_ae320_A41_popmean,True,0.003421278643199504,0.10122422419795847
540000,E,feature_ae320_A42_popmean,True,-0.003109151400031448,-0.09198942009817104
540000,E,feature_ae320_A43_popmean,True,0.007719215913729459,0.2283858532940416
540000,E,feature_ae320_A44_popmean,True,0.001654252908744707,0.04894382620595416
540000,E,feature_ae320_A45_popmean,True,0.0016039261173279992,0.047454824300875574
540000,E,feature_ae320_A46_popmean,True,0.002772551434340316,0.08203054976182192
540000,E,feature_ae320_A47_popmean,True,0.0025731890434102208,0.07613208153963794
540000,E,feature_ae320_A48_popmean,True,0.008379012180535718,0.24790702423664415
540000,E,feature_ae320_A49_popmean,True,0.0006089335398026644,0.01801631249099258
540000,E,feature_ae320_A50_popmean,True,0.0028959104683508132,0.08568033214372246
540000,E,feature_ae320_A51_popmean,True,2.2398477665925827e-05,0.0006626962493848038
540000,E,feature_ae320_A52_popmean,True,0.0021597902161350248,0.06390098903319885
540000,E,feature_ae320_A53_popmean,True,-0.0007590018750968772,-0.02245633401541011
540000,E,feature_ae320_A54_popmean,True,0.0027066544649808617,0.08008087822201146
540000,E,feature_ae320_A55_popmean,True,0.006812793785337119,0.20156784566851463
540000,E,feature_ae320_A56_popmean,True,0.0011731690990937243,0.03471016081803989
540000,E,feature_ae320_A57_popmean,True,0.001342072212274867,0.0397074406012476
540000,E,feature_ae320_A58_popmean,True,-0.0016581878949467608,-0.049060249323470265
540000,E,feature_ae320_A59_popmean,True,0.001822627288915576,0.053925462542849995
540000,E,feature_ae320_A60_popmean,True,0.0008397034337742219,0.02484402397598018
540000,E,feature_ae320_A61_popmean,True,0.0008453253529681115,0.02501035781436433
540000,E,feature_ae320_A62_popmean,True,0.003814090931965048,0.11284622969135845
540000,E,feature_ae320_A63_popmean,True,-0.0006549709438103006,-0.019378405728859616
540000,E,feature_economic_log1p_retail_yuan_per_resident,True,0.0056841108153050015,0.16817388103659425
540000,E,feature_health_log1p_motorized_mean_minutes,False,0.0,0.0
540000,E,feature_health_log1p_q90_minutes,False,0.0,0.0
540000,E,feature_health_log1p_sd_minutes,False,0.0,0.0
540000,E,feature_health_population_fraction_ge60min,False,0.0,0.0
540000,I,feature_control_log1p_population,True,-0.005314137165266195,-0.0779087040865015
540000,I,feature_control_log1p_population_density,True,-0.005123648012657401,-0.07511600932519803
540000,I,feature_control_worldpop_child_share,True,0.003119395597786503,0.04573236651570517
540000,I,feature_control_worldpop_elderly_share,True,0.0009000732324284406,0.013195658474866569
540000,I,feature_control_urbanization_rate,True,0.02486365318502596,0.3645173126434638
540000,I,feature_ae320_A00_popmean,False,0.0,0.0
540000,I,feature_ae320_A01_popmean,False,0.0,0.0
540000,I,feature_ae320_A02_popmean,False,0.0,0.0
540000,I,feature_ae320_A03_popmean,False,0.0,0.0
540000,I,feature_ae320_A04_popmean,False,0.0,0.0
540000,I,feature_ae320_A05_popmean,False,0.0,0.0
540000,I,feature_ae320_A06_popmean,False,0.0,0.0
540000,I,feature_ae320_A07_popmean,False,0.0,0.0
540000,I,feature_ae320_A08_popmean,False,0.0,0.0
540000,I,feature_ae320_A09_popmean,False,0.0,0.0
540000,I,feature_ae320_A10_popmean,False,0.0,0.0
540000,I,feature_ae320_A11_popmean,False,0.0,0.0
540000,I,feature_ae320_A12_popmean,False,0.0,0.0
540000,I,feature_ae320_A13_popmean,False,0.0,0.0
540000,I,feature_ae320_A14_popmean,False,0.0,0.0
540000,I,feature_ae320_A15_popmean,False,0.0,0.0
540000,I,feature_ae320_A16_popmean,False,0.0,0.0
540000,I,feature_ae320_A17_popmean,False,0.0,0.0
540000,I,feature_ae320_A18_popmean,False,0.0,0.0
540000,I,feature_ae320_A19_popmean,False,0.0,0.0
540000,I,feature_ae320_A20_popmean,False,0.0,0.0
540000,I,feature_ae320_A21_popmean,False,0.0,0.0
540000,I,feature_ae320_A22_popmean,False,0.0,0.0
540000,I,feature_ae320_A23_popmean,False,0.0,0.0
540000,I,feature_ae320_A24_popmean,False,0.0,0.0
540000,I,feature_ae320_A25_popmean,False,0.0,0.0
540000,I,feature_ae320_A26_popmean,False,0.0,0.0
540000,I,feature_ae320_A27_popmean,False,0.0,0.0
540000,I,feature_ae320_A28_popmean,False,0.0,0.0
540000,I,feature_ae320_A29_popmean,False,0.0,0.0
540000,I,feature_ae320_A30_popmean,False,0.0,0.0
540000,I,feature_ae320_A31_popmean,False,0.0,0.0
540000,I,feature_ae320_A32_popmean,False,0.0,0.0
540000,I,feature_ae320_A33_popmean,False,0.0,0.0
540000,I,feature_ae320_A34_popmean,False,0.0,0.0
540000,I,feature_ae320_A35_popmean,False,0.0,0.0
540000,I,feature_ae320_A36_popmean,False,0.0,0.0
540000,I,feature_ae320_A37_popmean,False,0.0,0.0
540000,I,feature_ae320_A38_popmean,False,0.0,0.0
540000,I,feature_ae320_A39_popmean,False,0.0,0.0
540000,I,feature_ae320_A40_popmean,False,0.0,0.0
540000,I,feature_ae320_A41_popmean,False,0.0,0.0
540000,I,feature_ae320_A42_popmean,False,0.0,0.0
540000,I,feature_ae320_A43_popmean,False,0.0,0.0
540000,I,feature_ae320_A44_popmean,False,0.0,0.0
540000,I,feature_ae320_A45_popmean,False,0.0,0.0
540000,I,feature_ae320_A46_popmean,False,0.0,0.0
540000,I,feature_ae320_A47_popmean,False,0.0,0.0
540000,I,feature_ae320_A48_popmean,False,0.0,0.0
540000,I,feature_ae320_A49_popmean,False,0.0,0.0
540000,I,feature_ae320_A50_popmean,False,0.0,0.0
540000,I,feature_ae320_A51_popmean,False,0.0,0.0
540000,I,feature_ae320_A52_popmean,False,0.0,0.0
540000,I,feature_ae320_A53_popmean,False,0.0,0.0
540000,I,feature_ae320_A54_popmean,False,0.0,0.0
540000,I,feature_ae320_A55_popmean,False,0.0,0.0
540000,I,feature_ae320_A56_popmean,False,0.0,0.0
540000,I,feature_ae320_A57_popmean,False,0.0,0.0
540000,I,feature_ae320_A58_popmean,False,0.0,0.0
540000,I,feature_ae320_A59_popmean,False,0.0,0.0
540000,I,feature_ae320_A60_popmean,False,0.0,0.0
540000,I,feature_ae320_A61_popmean,False,0.0,0.0
540000,I,feature_ae320_A62_popmean,False,0.0,0.0
540000,I,feature_ae320_A63_popmean,False,0.0,0.0
540000,I,feature_economic_log1p_retail_yuan_per_resident,True,0.04810563444892753,0.7052598611250132
540000,I,feature_health_log1p_motorized_mean_minutes,False,0.0,0.0
540000,I,feature_health_log1p_q90_minutes,False,0.0,0.0
540000,I,feature_health_log1p_sd_minutes,False,0.0,0.0
540000,I,feature_health_population_fraction_ge60min,False,0.0,0.0
610000,H,feature_control_log1p_population,True,0.0016862242543564498,0.047054598341369484
610000,H,feature_control_log1p_population_density,True,0.0015378193091857729,0.042913313415098346
610000,H,feature_control_worldpop_child_share,True,-0.004944709214465685,-0.13798360769656395
610000,H,feature_control_worldpop_elderly_share,True,0.0025123215990215542,0.07010709485460687
610000,H,feature_control_urbanization_rate,True,0.002217336375293029,0.06187544287633412
610000,H,feature_ae320_A00_popmean,True,0.003524714577568199,0.09835822743442857
610000,H,feature_ae320_A01_popmean,True,-5.954110084183093e-05,-0.0016615124457361086
610000,H,feature_ae320_A02_popmean,True,0.0025620793442786304,0.07149559980072832
610000,H,feature_ae320_A03_popmean,True,0.0004661871777486562,0.013009094338541374
610000,H,feature_ae320_A04_popmean,True,0.0014068105023535029,0.03925747299603899
610000,H,feature_ae320_A05_popmean,True,-0.0019657451681863083,-0.05485471406992441
610000,H,feature_ae320_A06_popmean,True,-0.001845261769775207,-0.05149258835954477
610000,H,feature_ae320_A07_popmean,True,-8.197058616817952e-05,-0.002287414024549404
610000,H,feature_ae320_A08_popmean,True,0.000595118398222344,0.016606959081251614
610000,H,feature_ae320_A09_popmean,True,-0.0007194617101702464,-0.020076796847508373
610000,H,feature_ae320_A10_popmean,True,0.00016155758006685075,0.004508313185158536
610000,H,feature_ae320_A11_popmean,True,-0.0003782363768256518,-0.010554800610680613
610000,H,feature_ae320_A12_popmean,True,-0.0009762045814067895,-0.02724128440118562
610000,H,feature_ae320_A13_popmean,True,-0.0013126731551918876,-0.03663054182234263
610000,H,feature_ae320_A14_popmean,True,-6.265309364388892e-06,-0.00017483535470687176
610000,H,feature_ae320_A15_popmean,True,0.0006089110796992559,0.016991848033755877
610000,H,feature_ae320_A16_popmean,True,0.00210351712511864,0.05869928224014652
610000,H,feature_ae320_A17_popmean,True,-0.0006900771820933777,-0.019256812695023596
610000,H,feature_ae320_A18_popmean,True,0.0005231243033360951,0.014597942066420577
610000,H,feature_ae320_A19_popmean,True,0.0031563129430468486,0.08807786828532947
610000,H,feature_ae320_A20_popmean,True,0.0006131708024991382,0.01711071688816607
610000,H,feature_ae320_A21_popmean,True,0.0005463088093930607,0.015244912727312845
610000,H,feature_ae320_A22_popmean,True,-0.0005603476952387862,-0.015636672087270022
610000,H,feature_ae320_A23_popmean,True,0.0002705880181949447,0.007550840571327
610000,H,feature_ae320_A24_popmean,True,-0.0006903988968900323,-0.019265790243827054
610000,H,feature_ae320_A25_popmean,True,0.0006744413322087358,0.01882048957006145
610000,H,feature_ae320_A26_popmean,True,-6.0451687192043207e-05,-0.0016869226335291462
610000,H,feature_ae320_A27_popmean,True,-0.0002625199560448354,-0.007325698854330711
610000,H,feature_ae320_A28_popmean,True,0.0014692197272353914,0.04099902131147005
610000,H,feature_ae320_A29_popmean,True,0.0006896470635168588,0.01924481010592255
610000,H,feature_ae320_A30_popmean,True,0.001184870463228998,0.03306416900940105
610000,H,feature_ae320_A31_popmean,True,-0.001170873901719153,-0.03267359072285078
610000,H,feature_ae320_A32_popmean,True,-0.00029970367638914165,-0.008363321828332413
610000,H,feature_ae320_A33_popmean,True,0.0013268140828150796,0.037025148688994314
610000,H,feature_ae320_A34_popmean,True,-0.0002063112306194382,-0.005757177353504707
610000,H,feature_ae320_A35_popmean,True,0.0017499471251506784,0.04883280434370562
610000,H,feature_ae320_A36_popmean,True,0.0005365173720671232,0.014971679704263654
610000,H,feature_ae320_A37_popmean,True,0.0007886333510487634,0.02200705242872363
610000,H,feature_ae320_A38_popmean,True,0.0005282442351619457,0.014740815314138473
610000,H,feature_ae320_A39_popmean,True,0.0016962134054316596,0.04733334862645221
610000,H,feature_ae320_A40_popmean,True,-0.0023207079994311875,-0.06476005934484319
610000,H,feature_ae320_A41_popmean,True,-0.0001746293446575153,-0.004873084733686288
610000,H,feature_ae320_A42_popmean,True,0.0002593121795812301,0.007236184880923032
610000,H,feature_ae320_A43_popmean,True,0.0008996033901444535,0.0251037049671291
610000,H,feature_ae320_A44_popmean,True,7.994682642081925e-05,0.0022309403960830572
610000,H,feature_ae320_A45_popmean,True,0.0003087070894805457,0.008614564796533658
610000,H,feature_ae320_A46_popmean,True,-0.0008012614600020991,-0.022359443632369937
610000,H,feature_ae320_A47_popmean,True,-0.00019037367124113272,-0.005312434933775901
610000,H,feature_ae320_A48_popmean,True,0.0015999365737334834,0.04464671448900986
610000,H,feature_ae320_A49_popmean,True,0.0002888201365263005,0.008059613353344472
610000,H,feature_ae320_A50_popmean,True,-0.0013817218280749541,-0.03855736594441488
610000,H,feature_ae320_A51_popmean,True,-0.0007037703255108806,-0.019638924007843773
610000,H,feature_ae320_A52_popmean,True,-0.002426808037731491,-0.06772081303660532
610000,H,feature_ae320_A53_popmean,True,0.00017049996560550716,0.004757853161023572
610000,H,feature_ae320_A54_popmean,True,0.000962069693294229,0.026846846068906634
610000,H,feature_ae320_A55_popmean,True,-0.0001789015381514976,-0.004992301586590987
610000,H,feature_ae320_A56_popmean,True,0.0015048063195297928,0.04199207594369049
610000,H,feature_ae320_A57_popmean,True,0.001197048907741228,0.03340401219067727
610000,H,feature_ae320_A58_popmean,True,0.0014287896477688906,0.0398708077032914
610000,H,feature_ae320_A59_popmean,True,0.000777671064942036,0.021701146515958725
610000,H,feature_ae320_A60_popmean,True,0.0018284749104708932,0.05102414596824549
610000,H,feature_ae320_A61_popmean,True,-0.0014215647996948261,-0.03966919613037978
610000,H,feature_ae320_A62_popmean,True,0.0013654032450363968,0.038101990944087505
610000,H,feature_ae320_A63_popmean,True,0.00010157923095299547,0.002834599194009705
610000,H,feature_economic_log1p_retail_yuan_per_resident,True,0.0013575309271742044,0.03788231153070934
610000,H,feature_health_log1p_motorized_mean_minutes,True,-0.0007608451620500638,-0.021231614601524958
610000,H,feature_health_log1p_q90_minutes,True,-0.002295019595397858,-0.06404321665283692
610000,H,feature_health_log1p_sd_minutes,True,-0.00021014067257333182,-0.005864039090635173
610000,H,feature_health_population_fraction_ge60min,True,-0.0015475225686801056,-0.04318408580905976
610000,E,feature_control_log1p_population,True,0.002796846732095095,0.07501946487155582
610000,E,feature_control_log1p_population_density,True,0.003395687098690469,0.09108208400972309
610000,E,feature_control_worldpop_child_share,True,-0.007393732730932706,-0.19832115450329912
610000,E,feature_control_worldpop_elderly_share,True,-0.00424692175881096,-0.11391464324493136
610000,E,feature_control_urbanization_rate,True,0.012974915095719696,0.3480245006152406
610000,E,feature_ae320_A00_popmean,True,0.005944411426306139,0.15944619312184957
610000,E,feature_ae320_A01_popmean,True,-0.0018189029020948624,-0.04878820165674955
610000,E,feature_ae320_A02_popmean,True,0.005645560043889455,0.1514301404265952
610000,E,feature_ae320_A03_popmean,True,0.0010113117377411082,0.027126286368516515
610000,E,feature_ae320_A04_popmean,True,-0.002085600109751261,-0.0559417870039644
610000,E,feature_ae320_A05_popmean,True,0.003989123900812061,0.10699976402392256
610000,E,feature_ae320_A06_popmean,True,3.171225840736025e-05,0.0008506138818005755
610000,E,feature_ae320_A07_popmean,True,-0.0007652318342514872,-0.02052571635386768
610000,E,feature_ae320_A08_popmean,True,-0.0037782481730281475,-0.10134347114551424
610000,E,feature_ae320_A09_popmean,True,0.0014809630881827641,0.03972368492526324
610000,E,feature_ae320_A10_popmean,True,-0.00209654609153496,-0.05623538968389809
610000,E,feature_ae320_A11_popmean,True,-0.0014429921151018184,-0.03870519433423577
610000,E,feature_ae320_A12_popmean,True,-0.0016289852887822899,-0.0436940656224451
610000,E,feature_ae320_A13_popmean,True,0.003688276930711701,0.09893018393354291
610000,E,feature_ae320_A14_popmean,True,-0.0022657132239164626,-0.06077293820219296
610000,E,feature_ae320_A15_popmean,True,-0.000802719595305706,-0.021531245810039762
610000,E,feature_ae320_A16_popmean,True,0.004137773064514915,0.11098696167284015
610000,E,feature_ae320_A17_popmean,True,-0.0006646680978663472,-0.017828308018071573
610000,E,feature_ae320_A18_popmean,True,0.0026323849695602084,0.07060812789137103
610000,E,feature_ae320_A19_popmean,True,0.0019812013692557585,0.05314151283972009
610000,E,feature_ae320_A20_popmean,True,0.0016235563008340616,0.043548444567849405
610000,E,feature_ae320_A21_popmean,True,0.0006239337019713808,0.01673569448768432
610000,E,feature_ae320_A22_popmean,True,0.001515095378497305,0.040639211015718456
610000,E,feature_ae320_A23_popmean,True,-0.002183883441989573,-0.058578028348797884
610000,E,feature_ae320_A24_popmean,True,0.001475755960577345,0.03958401480248042
610000,E,feature_ae320_A25_popmean,True,0.0011031432311121166,0.029589470858389606
610000,E,feature_ae320_A26_popmean,True,0.0004906629487935797,0.013160989992190392
610000,E,feature_ae320_A27_popmean,True,-0.00410478202763951,-0.11010204727851555
610000,E,feature_ae320_A28_popmean,True,0.0019145659751443043,0.05135416012196789
610000,E,feature_ae320_A29_popmean,True,0.0016899813336458654,0.045330154791163715
610000,E,feature_ae320_A30_popmean,True,-0.002081041674064989,-0.05581951666218584
610000,E,feature_ae320_A31_popmean,True,-0.0012371035548018338,-0.03318267161619262
610000,E,feature_ae320_A32_popmean,True,0.0021642033007776146,0.05805015041920829
610000,E,feature_ae320_A33_popmean,True,0.0003113262458502001,0.00835066437360942
610000,E,feature_ae320_A34_popmean,True,0.0013003106197169861,0.034878066695094356
610000,E,feature_ae320_A35_popmean,True,0.004282484763806377,0.11486854521366104
610000,E,feature_ae320_A36_popmean,True,0.001727082355584714,0.04632531079313574
610000,E,feature_ae320_A37_popmean,True,-0.001801653611062896,-0.048325526112972965
610000,E,feature_ae320_A38_popmean,True,0.0050819587867531905,0.13631273544830155
610000,E,feature_ae320_A39_popmean,True,0.0009215960201422837,0.02471985306361041
610000,E,feature_ae320_A40_popmean,True,-0.005257319900393176,-0.1410164243396471
610000,E,feature_ae320_A41_popmean,True,0.0031381601446780127,0.0841744712119549
610000,E,feature_ae320_A42_popmean,True,-0.0026589675742769796,-0.07132114972337196
610000,E,feature_ae320_A43_popmean,True,0.0069795459908496655,0.18721147614968836
610000,E,feature_ae320_A44_popmean,True,0.001500063196938725,0.040236004717913214
610000,E,feature_ae320_A45_popmean,True,0.00122116569803955,0.03275517250736216
610000,E,feature_ae320_A46_popmean,True,0.003033007208463316,0.08135396735167001
610000,E,feature_ae320_A47_popmean,True,0.00408312473983527,0.10952113659685432
610000,E,feature_ae320_A48_popmean,True,0.0077753043408042375,0.2085560013593145
610000,E,feature_ae320_A49_popmean,True,0.0009423282370907137,0.025275950687132006
610000,E,feature_ae320_A50_popmean,True,0.0020176993762425276,0.054120494248177414
610000,E,feature_ae320_A51_popmean,True,-5.160657361048156e-05,-0.0013842365731685175
610000,E,feature_ae320_A52_popmean,True,0.0019068839224699553,0.05114810539822082
610000,E,feature_ae320_A53_popmean,True,-0.0005132766724292383,-0.013767555030750637
610000,E,feature_ae320_A54_popmean,True,0.002940186642252978,0.07886425308657755
610000,E,feature_ae320_A55_popmean,True,0.007188480313118496,0.19281569495440187
610000,E,feature_ae320_A56_popmean,True,0.001365960449765436,0.03663898375308917
610000,E,feature_ae320_A57_popmean,True,0.0019851778619796494,0.05324817379928882
610000,E,feature_ae320_A58_popmean,True,-0.0018654194195822814,-0.05003590830064578
610000,E,feature_ae320_A59_popmean,True,0.0028021620384559476,0.07516203665936375
610000,E,feature_ae320_A60_popmean,True,0.001093167588270365,0.029321895456723826
610000,E,feature_ae320_A61_popmean,True,0.0003902963256654236,0.010468868800265391
610000,E,feature_ae320_A62_popmean,True,0.0049402698468149365,0.13251223099791165
610000,E,feature_ae320_A63_popmean,True,-0.0006501913091872049,-0.017439998952971564
610000,E,feature_economic_log1p_retail_yuan_per_resident,True,0.005672544011626634,0.1521539279679447
610000,E,feature_health_log1p_motorized_mean_minutes,False,0.0,0.0
610000,E,feature_health_log1p_q90_minutes,False,0.0,0.0
610000,E,feature_health_log1p_sd_minutes,False,0.0,0.0
610000,E,feature_health_population_fraction_ge60min,False,0.0,0.0
610000,I,feature_control_log1p_population,True,-0.006555650095772501,-0.09551678203547238
610000,I,feature_control_log1p_population_density,True,-0.008068395480998199,-0.11755770385479701
610000,I,feature_control_worldpop_child_share,True,0.0056972475242026395,0.08300973084611728
610000,I,feature_control_worldpop_elderly_share,True,0.004392374842787218,0.06399754476633043
610000,I,feature_control_urbanization_rate,True,0.02426312932905605,0.3535173479006176
610000,I,feature_ae320_A00_popmean,False,0.0,0.0
610000,I,feature_ae320_A01_popmean,False,0.0,0.0
610000,I,feature_ae320_A02_popmean,False,0.0,0.0
610000,I,feature_ae320_A03_popmean,False,0.0,0.0
610000,I,feature_ae320_A04_popmean,False,0.0,0.0
610000,I,feature_ae320_A05_popmean,False,0.0,0.0
610000,I,feature_ae320_A06_popmean,False,0.0,0.0
610000,I,feature_ae320_A07_popmean,False,0.0,0.0
610000,I,feature_ae320_A08_popmean,False,0.0,0.0
610000,I,feature_ae320_A09_popmean,False,0.0,0.0
610000,I,feature_ae320_A10_popmean,False,0.0,0.0
610000,I,feature_ae320_A11_popmean,False,0.0,0.0
610000,I,feature_ae320_A12_popmean,False,0.0,0.0
610000,I,feature_ae320_A13_popmean,False,0.0,0.0
610000,I,feature_ae320_A14_popmean,False,0.0,0.0
610000,I,feature_ae320_A15_popmean,False,0.0,0.0
610000,I,feature_ae320_A16_popmean,False,0.0,0.0
610000,I,feature_ae320_A17_popmean,False,0.0,0.0
610000,I,feature_ae320_A18_popmean,False,0.0,0.0
610000,I,feature_ae320_A19_popmean,False,0.0,0.0
610000,I,feature_ae320_A20_popmean,False,0.0,0.0
610000,I,feature_ae320_A21_popmean,False,0.0,0.0
610000,I,feature_ae320_A22_popmean,False,0.0,0.0
610000,I,feature_ae320_A23_popmean,False,0.0,0.0
610000,I,feature_ae320_A24_popmean,False,0.0,0.0
610000,I,feature_ae320_A25_popmean,False,0.0,0.0
610000,I,feature_ae320_A26_popmean,False,0.0,0.0
610000,I,feature_ae320_A27_popmean,False,0.0,0.0
610000,I,feature_ae320_A28_popmean,False,0.0,0.0
610000,I,feature_ae320_A29_popmean,False,0.0,0.0
610000,I,feature_ae320_A30_popmean,False,0.0,0.0
610000,I,feature_ae320_A31_popmean,False,0.0,0.0
610000,I,feature_ae320_A32_popmean,False,0.0,0.0
610000,I,feature_ae320_A33_popmean,False,0.0,0.0
610000,I,feature_ae320_A34_popmean,False,0.0,0.0
610000,I,feature_ae320_A35_popmean,False,0.0,0.0
610000,I,feature_ae320_A36_popmean,False,0.0,0.0
610000,I,feature_ae320_A37_popmean,False,0.0,0.0
610000,I,feature_ae320_A38_popmean,False,0.0,0.0
610000,I,feature_ae320_A39_popmean,False,0.0,0.0
610000,I,feature_ae320_A40_popmean,False,0.0,0.0
610000,I,feature_ae320_A41_popmean,False,0.0,0.0
610000,I,feature_ae320_A42_popmean,False,0.0,0.0
610000,I,feature_ae320_A43_popmean,False,0.0,0.0
610000,I,feature_ae320_A44_popmean,False,0.0,0.0
610000,I,feature_ae320_A45_popmean,False,0.0,0.0
610000,I,feature_ae320_A46_popmean,False,0.0,0.0
610000,I,feature_ae320_A47_popmean,False,0.0,0.0
610000,I,feature_ae320_A48_popmean,False,0.0,0.0
610000,I,feature_ae320_A49_popmean,False,0.0,0.0
610000,I,feature_ae320_A50_popmean,False,0.0,0.0
610000,I,feature_ae320_A51_popmean,False,0.0,0.0
610000,I,feature_ae320_A52_popmean,False,0.0,0.0
610000,I,feature_ae320_A53_popmean,False,0.0,0.0
610000,I,feature_ae320_A54_popmean,False,0.0,0.0
610000,I,feature_ae320_A55_popmean,False,0.0,0.0
610000,I,feature_ae320_A56_popmean,False,0.0,0.0
610000,I,feature_ae320_A57_popmean,False,0.0,0.0
610000,I,feature_ae320_A58_popmean,False,0.0,0.0
610000,I,feature_ae320_A59_popmean,False,0.0,0.0
610000,I,feature_ae320_A60_popmean,False,0.0,0.0
610000,I,feature_ae320_A61_popmean,False,0.0,0.0
610000,I,feature_ae320_A62_popmean,False,0.0,0.0
610000,I,feature_ae320_A63_popmean,False,0.0,0.0
610000,I,feature_economic_log1p_retail_yuan_per_resident,True,0.04901720508658731,0.7141878571680995
610000,I,feature_health_log1p_motorized_mean_minutes,True,0.01080648621001336,0.15745208679712983
610000,I,feature_health_log1p_q90_minutes,True,-0.016122474294870275,-0.23490681177274833
610000,I,feature_health_log1p_sd_minutes,True,-0.006195204040171558,-0.09026503021446187
610000,I,feature_health_population_fraction_ge60min,True,0.00890206572199419,0.1297044013653954
620000,H,feature_control_log1p_population,True,0.0018687298033599092,0.05314882490008551
620000,H,feature_control_log1p_population_density,True,0.0016796930977089643,0.04777240357354232
620000,H,feature_control_worldpop_child_share,True,-0.004952257817493426,-0.1408479080971479
620000,H,feature_control_worldpop_elderly_share,True,0.002750377488767333,0.07822389908739438
620000,H,feature_control_urbanization_rate,True,0.00212167530052608,0.06034288576109308
620000,H,feature_ae320_A00_popmean,True,0.003456753524393873,0.09831404596878433
620000,H,feature_ae320_A01_popmean,True,-0.00012380980355552543,-0.0035212932111723058
620000,H,feature_ae320_A02_popmean,True,0.002436323568596488,0.06929184439316582
620000,H,feature_ae320_A03_popmean,True,0.00030344918447367577,0.008630443814117822
620000,H,feature_ae320_A04_popmean,True,0.0013170980763955171,0.03745978413397342
620000,H,feature_ae320_A05_popmean,True,-0.0014640676132053139,-0.041639766795729116
620000,H,feature_ae320_A06_popmean,True,-0.001584414023539211,-0.04506255712030675
620000,H,feature_ae320_A07_popmean,True,1.4628263654820469e-05,0.00041604464282876306
620000,H,feature_ae320_A08_popmean,True,0.0006488759850869337,0.018454779311192854
620000,H,feature_ae320_A09_popmean,True,-0.0006672650725399673,-0.01897778610829984
620000,H,feature_ae320_A10_popmean,True,-0.00013074240383463255,-0.00371846433653996
620000,H,feature_ae320_A11_popmean,True,-0.0008571233471382451,-0.024377573800620812
620000,H,feature_ae320_A12_popmean,True,-0.0008417007149020204,-0.02393893640170539
620000,H,feature_ae320_A13_popmean,True,-0.0012501386372571202,-0.03555538067244786
620000,H,feature_ae320_A14_popmean,True,-8.695423732041466e-05,-0.0024730785185498086
620000,H,feature_ae320_A15_popmean,True,0.0003554308118590818,0.010108861082874968
620000,H,feature_ae320_A16_popmean,True,0.0018273387200331852,0.051971614884918214
620000,H,feature_ae320_A17_popmean,True,-0.0005375550857571867,-0.015288684900134079
620000,H,feature_ae320_A18_popmean,True,0.0006747815633332595,0.019191563751444145
620000,H,feature_ae320_A19_popmean,True,0.0031113197012471996,0.08848951074278211
620000,H,feature_ae320_A20_popmean,True,0.0008429880522906944,0.023975549757651735
620000,H,feature_ae320_A21_popmean,True,0.000487628039079233,0.013868702269743132
620000,H,feature_ae320_A22_popmean,True,-0.0006739515769362632,-0.01916795798371673
620000,H,feature_ae320_A23_popmean,True,-0.00012755842697727773,-0.003627908372711901
620000,H,feature_ae320_A24_popmean,True,-0.0006129012918057614,-0.01743161765850364
620000,H,feature_ae320_A25_popmean,True,0.0009230422505213378,0.026252383228508383
620000,H,feature_ae320_A26_popmean,True,0.00044142850939090706,0.012554734509686903
620000,H,feature_ae320_A27_popmean,True,-0.0001882183348624504,-0.005353145920081091
620000,H,feature_ae320_A28_popmean,True,0.0011585091980809488,0.0329493340360046
620000,H,feature_ae320_A29_popmean,True,0.0006668380052678941,0.01896563982389684
620000,H,feature_ae320_A30_popmean,True,0.0013098175434102393,0.037252717402272505
620000,H,feature_ae320_A31_popmean,True,-0.0010148787885086276,-0.028864319993331552
620000,H,feature_ae320_A32_popmean,True,-0.0002987787348633028,-0.008497610855548808
620000,H,feature_ae320_A33_popmean,True,0.0011853845208748429,0.03371369912652638
620000,H,feature_ae320_A34_popmean,True,-0.00011346244540244222,-0.003227002444434438
620000,H,feature_ae320_A35_popmean,True,0.0016454817673670576,0.04679939399095218
620000,H,feature_ae320_A36_popmean,True,0.0009397753857753665,0.026728292840506228
620000,H,feature_ae320_A37_popmean,True,0.0008287774674997147,0.023571384382097903
620000,H,feature_ae320_A38_popmean,True,0.0006656938735641172,0.01893309940233491
620000,H,feature_ae320_A39_popmean,True,0.0016153446808701646,0.04594226058924681
620000,H,feature_ae320_A40_popmean,True,-0.0023088625272175995,-0.06566670577887876
620000,H,feature_ae320_A41_popmean,True,-0.0003647217279145502,-0.010373105421305085
620000,H,feature_ae320_A42_popmean,True,0.00020235234362224726,0.005755133385235271
620000,H,feature_ae320_A43_popmean,True,0.0007310276800363365,0.020791268001136502
620000,H,feature_ae320_A44_popmean,True,0.00037911079039181677,0.010782346907530443
620000,H,feature_ae320_A45_popmean,True,0.0003782592256605604,0.010758127427158665
620000,H,feature_ae320_A46_popmean,True,-0.0006909048282277249,-0.01965012794898244
620000,H,feature_ae320_A47_popmean,True,-0.00032057896141438253,-0.009117634371876482
620000,H,feature_ae320_A48_popmean,True,0.0013687399792956135,0.03892853924763916
620000,H,feature_ae320_A49_popmean,True,0.0002639652261739425,0.007507474628170379
620000,H,feature_ae320_A50_popmean,True,-0.0011420405524400806,-0.03248094681280394
620000,H,feature_ae320_A51_popmean,True,-0.000726622765475456,-0.02066598716477635
620000,H,feature_ae320_A52_popmean,True,-0.002523226833605942,-0.07176347320056686
620000,H,feature_ae320_A53_popmean,True,9.217143377047944e-05,0.0026214615860726187
620000,H,feature_ae320_A54_popmean,True,0.0011871095058344394,0.03376275968274379
620000,H,feature_ae320_A55_popmean,True,0.0002022054668712606,0.005750956041509041
620000,H,feature_ae320_A56_popmean,True,0.0012949066933264704,0.03682863567639176
620000,H,feature_ae320_A57_popmean,True,0.0010381068130350145,0.029524951726238133
620000,H,feature_ae320_A58_popmean,True,0.0015999675728729816,0.04550491795204877
620000,H,feature_ae320_A59_popmean,True,0.0007426349697054415,0.02112139266928202
620000,H,feature_ae320_A60_popmean,True,0.0019186364840802677,0.05456822829921884
620000,H,feature_ae320_A61_popmean,True,-0.001349992371034531,-0.03839533570640374
620000,H,feature_ae320_A62_popmean,True,0.0012338302440302311,0.03509155121221276
620000,H,feature_ae320_A63_popmean,True,0.0004923415134587487,0.014002758902230879
620000,H,feature_economic_log1p_retail_yuan_per_resident,True,0.0016965125916472608,0.04825076932584493
620000,H,feature_health_log1p_motorized_mean_minutes,True,-0.001065029789844793,-0.030290672151780246
620000,H,feature_health_log1p_q90_minutes,True,-0.0024437576964508505,-0.06950327953959844
620000,H,feature_health_log1p_sd_minutes,True,-0.0003816452386663789,-0.010854429531417981
620000,H,feature_health_population_fraction_ge60min,True,-0.0019511231935276448,-0.0554921876800208
620000,E,feature_control_log1p_population,True,0.001398234999850311,0.03818285628158043
620000,E,feature_control_log1p_population_density,True,0.001297384832780666,0.03542885038442732
620000,E,feature_control_worldpop_child_share,True,-0.0048424177633096645,-0.13223624178454937
620000,E,feature_control_worldpop_elderly_share,True,-0.00293504136664896,-0.08014980507228628
620000,E,feature_control_urbanization_rate,True,0.008029583773587019,0.21927104046215826
620000,E,feature_ae320_A00_popmean,True,0.0029509105050874365,0.08058315785802952
620000,E,feature_ae320_A01_popmean,True,-0.0006274522087761121,-0.017134399806773053
620000,E,feature_ae320_A02_popmean,True,0.002855667440590979,0.07798227013609806
620000,E,feature_ae320_A03_popmean,True,-0.0009656760878441552,-0.026370582398995594
620000,E,feature_ae320_A04_popmean,True,-0.0006214080391855802,-0.01696934625079606
620000,E,feature_ae320_A05_popmean,True,0.0005107217212763744,0.013946735767209985
620000,E,feature_ae320_A06_popmean,True,-0.0007169934608688148,-0.019579583027257767
620000,E,feature_ae320_A07_popmean,True,0.0001714729064766343,0.004682564336383467
620000,E,feature_ae320_A08_popmean,True,-0.0018355476840490304,-0.0501249456819026
620000,E,feature_ae320_A09_popmean,True,0.0003656688069786894,0.009985645835656391
620000,E,feature_ae320_A10_popmean,True,-0.00020816182204364044,-0.0056844614354919915
620000,E,feature_ae320_A11_popmean,True,0.0003517108907818146,0.009604484508559967
620000,E,feature_ae320_A12_popmean,True,-0.0006935382362315772,-0.01893907018680412
620000,E,feature_ae320_A13_popmean,True,0.001475516439534575,0.040293249817011725
620000,E,feature_ae320_A14_popmean,True,-0.0015073408638147812,-0.04116230789284679
620000,E,feature_ae320_A15_popmean,True,-0.0003211826637432548,-0.00877082285249387
620000,E,feature_ae320_A16_popmean,True,0.002981875049067193,0.08142873441184938
620000,E,feature_ae320_A17_popmean,True,0.001038155909071185,0.028349853835858925
620000,E,feature_ae320_A18_popmean,True,-0.0005697185308450064,-0.01555781452083295
620000,E,feature_ae320_A19_popmean,True,0.0026111780868750567,0.071305780235394
620000,E,feature_ae320_A20_popmean,True,0.00014705550559080145,0.004015776486777857
620000,E,feature_ae320_A21_popmean,True,-9.605731623292422e-05,-0.0026231232238563052
620000,E,feature_ae320_A22_popmean,True,0.00011659230583666938,0.0031838905890470568
620000,E,feature_ae320_A23_popmean,True,-0.0009609986355964725,-0.026242851018393375
620000,E,feature_ae320_A24_popmean,True,0.0021287554478414883,0.058131832869485194
620000,E,feature_ae320_A25_popmean,True,0.0011654802500166061,0.03182681372599643
620000,E,feature_ae320_A26_popmean,True,-0.001029114014100554,-0.02810293870627505
620000,E,feature_ae320_A27_popmean,True,-0.0011228676749297708,-0.030663153947416383
620000,E,feature_ae320_A28_popmean,True,0.0017651732070686874,0.04820316676725699
620000,E,feature_ae320_A29_popmean,True,0.0010556545972686278,0.02882770619732225
620000,E,feature_ae320_A30_popmean,True,-0.0006911801057262651,-0.018874674603667395
620000,E,feature_ae320_A31_popmean,True,-0.0015715511104318174,-0.04291575464439113
620000,E,feature_ae320_A32_popmean,True,0.001093916073171994,0.029872546610912085
620000,E,feature_ae320_A33_popmean,True,-4.087813452947897e-05,-0.0011162958558220207
620000,E,feature_ae320_A34_popmean,True,0.0006672292723638015,0.018220627731574412
620000,E,feature_ae320_A35_popmean,True,0.0017740760801136426,0.04844628550052077
620000,E,feature_ae320_A36_popmean,True,-4.37585437329488e-05,-0.0011949537714513708
620000,E,feature_ae320_A37_popmean,True,0.0007063596817696227,0.019289196891080378
620000,E,feature_ae320_A38_popmean,True,0.0023050612701183146,0.06294637396903041
620000,E,feature_ae320_A39_popmean,True,0.0002731666029155656,0.007459605246020313
620000,E,feature_ae320_A40_popmean,True,-0.0033019249362031895,-0.09016862351830005
620000,E,feature_ae320_A41_popmean,True,5.083290586854383e-05,0.001388139718546242
620000,E,feature_ae320_A42_popmean,True,-0.000555762937300573,-0.015176716620488374
620000,E,feature_ae320_A43_popmean,True,0.0026266689597477183,0.07172880338431846
620000,E,feature_ae320_A44_popmean,True,0.0007370278350320595,0.020126679637948012
620000,E,feature_ae320_A45_popmean,True,0.0018115847252236478,0.04947056768892648
620000,E,feature_ae320_A46_popmean,True,0.0001800012187187741,0.004915454602111995
620000,E,feature_ae320_A47_popmean,True,0.0007755811835662272,0.021179490479052262
620000,E,feature_ae320_A48_popmean,True,0.0027510447355524703,0.07512524416356609
620000,E,feature_ae320_A49_popmean,True,0.0010247586443259534,0.027984002720425376
620000,E,feature_ae320_A50_popmean,True,0.0007296864488683456,0.019926201826402257
620000,E,feature_ae320_A51_popmean,True,0.00014272743611965332,0.0038975860147819215
620000,E,feature_ae320_A52_popmean,True,0.0006993954308909957,0.019099017850764587
620000,E,feature_ae320_A53_popmean,True,-0.00021191017008307886,-0.005786820934788278
620000,E,feature_ae320_A54_popmean,True,-0.0003185338723585171,-0.00869848993222356
620000,E,feature_ae320_A55_popmean,True,0.0023886465478160637,0.065228912058787
620000,E,feature_ae320_A56_popmean,True,0.001203876171308631,0.03287532556030841
620000,E,feature_ae320_A57_popmean,True,-0.00026051074076773257,-0.00711400027578145
620000,E,feature_ae320_A58_popmean,True,0.0008925694224447333,0.02437419316651997
620000,E,feature_ae320_A59_popmean,True,0.0005367328204665092,0.014657044164731988
620000,E,feature_ae320_A60_popmean,True,-0.00017437587984857735,-0.0047618384319840085
620000,E,feature_ae320_A61_popmean,True,0.00032421706024212223,0.008853685837206733
620000,E,feature_ae320_A62_popmean,True,0.0006634802817625749,0.01811825068526749
620000,E,feature_ae320_A63_popmean,True,0.00011611046074836837,0.0031707324133766206
620000,E,feature_economic_log1p_retail_yuan_per_resident,True,0.004281787667470843,0.11692661330376175
620000,E,feature_health_log1p_motorized_mean_minutes,True,-0.0011692865619181189,-0.03193075609642336
620000,E,feature_health_log1p_q90_minutes,True,-0.0015635915744125488,-0.042698396460735075
620000,E,feature_health_log1p_sd_minutes,True,0.0005294185500690306,0.014457306827716792
620000,E,feature_health_population_fraction_ge60min,True,-0.0022875194436560195,-0.062467343592306934
620000,I,feature_control_log1p_population,True,-0.00632527604887247,-0.09574167000975392
620000,I,feature_control_log1p_population_density,True,-0.008388807371655604,-0.1269760277570196
620000,I,feature_control_worldpop_child_share,True,0.004211577651422146,0.0637479652441084
620000,I,feature_control_worldpop_elderly_share,True,-0.00020053685560330204,-0.0030353985036570092
620000,I,feature_control_urbanization_rate,True,0.025206548604555068,0.3815354523558426
620000,I,feature_ae320_A00_popmean,False,0.0,0.0
620000,I,feature_ae320_A01_popmean,False,0.0,0.0
620000,I,feature_ae320_A02_popmean,False,0.0,0.0
620000,I,feature_ae320_A03_popmean,False,0.0,0.0
620000,I,feature_ae320_A04_popmean,False,0.0,0.0
620000,I,feature_ae320_A05_popmean,False,0.0,0.0
620000,I,feature_ae320_A06_popmean,False,0.0,0.0
620000,I,feature_ae320_A07_popmean,False,0.0,0.0
620000,I,feature_ae320_A08_popmean,False,0.0,0.0
620000,I,feature_ae320_A09_popmean,False,0.0,0.0
620000,I,feature_ae320_A10_popmean,False,0.0,0.0
620000,I,feature_ae320_A11_popmean,False,0.0,0.0
620000,I,feature_ae320_A12_popmean,False,0.0,0.0
620000,I,feature_ae320_A13_popmean,False,0.0,0.0
620000,I,feature_ae320_A14_popmean,False,0.0,0.0
620000,I,feature_ae320_A15_popmean,False,0.0,0.0
620000,I,feature_ae320_A16_popmean,False,0.0,0.0
620000,I,feature_ae320_A17_popmean,False,0.0,0.0
620000,I,feature_ae320_A18_popmean,False,0.0,0.0
620000,I,feature_ae320_A19_popmean,False,0.0,0.0
620000,I,feature_ae320_A20_popmean,False,0.0,0.0
620000,I,feature_ae320_A21_popmean,False,0.0,0.0
620000,I,feature_ae320_A22_popmean,False,0.0,0.0
620000,I,feature_ae320_A23_popmean,False,0.0,0.0
620000,I,feature_ae320_A24_popmean,False,0.0,0.0
620000,I,feature_ae320_A25_popmean,False,0.0,0.0
620000,I,feature_ae320_A26_popmean,False,0.0,0.0
620000,I,feature_ae320_A27_popmean,False,0.0,0.0
620000,I,feature_ae320_A28_popmean,False,0.0,0.0
620000,I,feature_ae320_A29_popmean,False,0.0,0.0
620000,I,feature_ae320_A30_popmean,False,0.0,0.0
620000,I,feature_ae320_A31_popmean,False,0.0,0.0
620000,I,feature_ae320_A32_popmean,False,0.0,0.0
620000,I,feature_ae320_A33_popmean,False,0.0,0.0
620000,I,feature_ae320_A34_popmean,False,0.0,0.0
620000,I,feature_ae320_A35_popmean,False,0.0,0.0
620000,I,feature_ae320_A36_popmean,False,0.0,0.0
620000,I,feature_ae320_A37_popmean,False,0.0,0.0
620000,I,feature_ae320_A38_popmean,False,0.0,0.0
620000,I,feature_ae320_A39_popmean,False,0.0,0.0
620000,I,feature_ae320_A40_popmean,False,0.0,0.0
620000,I,feature_ae320_A41_popmean,False,0.0,0.0
620000,I,feature_ae320_A42_popmean,False,0.0,0.0
620000,I,feature_ae320_A43_popmean,False,0.0,0.0
620000,I,feature_ae320_A44_popmean,False,0.0,0.0
620000,I,feature_ae320_A45_popmean,False,0.0,0.0
620000,I,feature_ae320_A46_popmean,False,0.0,0.0
620000,I,feature_ae320_A47_popmean,False,0.0,0.0
620000,I,feature_ae320_A48_popmean,False,0.0,0.0
620000,I,feature_ae320_A49_popmean,False,0.0,0.0
620000,I,feature_ae320_A50_popmean,False,0.0,0.0
620000,I,feature_ae320_A51_popmean,False,0.0,0.0
620000,I,feature_ae320_A52_popmean,False,0.0,0.0
620000,I,feature_ae320_A53_popmean,False,0.0,0.0
620000,I,feature_ae320_A54_popmean,False,0.0,0.0
620000,I,feature_ae320_A55_popmean,False,0.0,0.0
620000,I,feature_ae320_A56_popmean,False,0.0,0.0
620000,I,feature_ae320_A57_popmean,False,0.0,0.0
620000,I,feature_ae320_A58_popmean,False,0.0,0.0
620000,I,feature_ae320_A59_popmean,False,0.0,0.0
620000,I,feature_ae320_A60_popmean,False,0.0,0.0
620000,I,feature_ae320_A61_popmean,False,0.0,0.0
620000,I,feature_ae320_A62_popmean,False,0.0,0.0
620000,I,feature_ae320_A63_popmean,False,0.0,0.0
620000,I,feature_economic_log1p_retail_yuan_per_resident,True,0.04774030176155045,0.7226145044270765
620000,I,feature_health_log1p_motorized_mean_minutes,False,0.0,0.0
620000,I,feature_health_log1p_q90_minutes,False,0.0,0.0
620000,I,feature_health_log1p_sd_minutes,False,0.0,0.0
620000,I,feature_health_population_fraction_ge60min,False,0.0,0.0
630000,H,feature_control_log1p_population,True,0.0017114833247712385,0.048004885937511996
630000,H,feature_control_log1p_population_density,True,0.0016891578184312214,0.04737868446079415
630000,H,feature_control_worldpop_child_share,True,-0.00487891467736809,-0.13684722439069846
630000,H,feature_control_worldpop_elderly_share,True,0.002578175009586268,0.07231446282345488
630000,H,feature_control_urbanization_rate,True,0.0023265185733120078,0.06525582640910281
630000,H,feature_ae320_A00_popmean,True,0.0036854429025230564,0.10337189010502336
630000,H,feature_ae320_A01_popmean,True,-4.114018636076116e-05,-0.001153928831857185
630000,H,feature_ae320_A02_popmean,True,0.0024285236181927866,0.06811693552636931
630000,H,feature_ae320_A03_popmean,True,0.0003721953702081684,0.010439597064552967
630000,H,feature_ae320_A04_popmean,True,0.0014482825424033993,0.04062244559856165
630000,H,feature_ae320_A05_popmean,True,-0.0017189885098824775,-0.04821539663895461
630000,H,feature_ae320_A06_popmean,True,-0.001608385303713686,-0.045113120257053184
630000,H,feature_ae320_A07_popmean,True,-0.0001348785848371945,-0.0037831692467047554
630000,H,feature_ae320_A08_popmean,True,0.0006323122176228753,0.017735537030685707
630000,H,feature_ae320_A09_popmean,True,-0.0006681137117708901,-0.0187397224750269
630000,H,feature_ae320_A10_popmean,True,5.59048352420537e-05,0.0015680580700421958
630000,H,feature_ae320_A11_popmean,True,-0.0005447889119508032,-0.015280621902474681
630000,H,feature_ae320_A12_popmean,True,-0.0009734347267424327,-0.02730358067095375
630000,H,feature_ae320_A13_popmean,True,-0.0011584579356693765,-0.03249324154101661
630000,H,feature_ae320_A14_popmean,True,-8.264583202694134e-06,-0.0002318108322904279
630000,H,feature_ae320_A15_popmean,True,0.0007018701062247839,0.019686545527268694
630000,H,feature_ae320_A16_popmean,True,0.001835615638397984,0.051486636224274435
630000,H,feature_ae320_A17_popmean,True,-0.0004410002393487841,-0.012369484342585418
630000,H,feature_ae320_A18_popmean,True,0.0007485864862940058,0.020996879355345114
630000,H,feature_ae320_A19_popmean,True,0.0029595827189566122,0.08301245404487587
630000,H,feature_ae320_A20_popmean,True,0.0005897399255142946,0.016541439491322286
630000,H,feature_ae320_A21_popmean,True,0.0005517260311719112,0.015475199092987899
630000,H,feature_ae320_A22_popmean,True,-0.0005573552843120488,-0.015633092337400203
630000,H,feature_ae320_A23_popmean,True,0.00012596698411601164,0.003533210412780263
630000,H,feature_ae320_A24_popmean,True,-0.0009010768954826273,-0.025274037416842882
630000,H,feature_ae320_A25_popmean,True,0.0009439297375051957,0.026476004017169874
630000,H,feature_ae320_A26_popmean,True,4.266101563960463e-05,0.0011965861192549851
630000,H,feature_ae320_A27_popmean,True,-0.00031551313197570414,-0.008849733849615697
630000,H,feature_ae320_A28_popmean,True,0.0013758438043079582,0.03859063301271963
630000,H,feature_ae320_A29_popmean,True,0.000520842946075899,0.014608968638986426
630000,H,feature_ae320_A30_popmean,True,0.0013281211867669088,0.037252075529547075
630000,H,feature_ae320_A31_popmean,True,-0.0011134655120828116,-0.031231262454767574
630000,H,feature_ae320_A32_popmean,True,-0.00036560097280378875,-0.010254632776182711
630000,H,feature_ae320_A33_popmean,True,0.001150412070721147,0.03226756547189101
630000,H,feature_ae320_A34_popmean,True,-0.00013853730787628384,-0.0038857916793199883
630000,H,feature_ae320_A35_popmean,True,0.0018053357179219243,0.050637323755019455
630000,H,feature_ae320_A36_popmean,True,0.0008414749730209961,0.023602280848715365
630000,H,feature_ae320_A37_popmean,True,0.0006208013526695506,0.01741267220861663
630000,H,feature_ae320_A38_popmean,True,0.0005745392106094914,0.01611507916714487
630000,H,feature_ae320_A39_popmean,True,0.0017390915776705272,0.04877926159877734
630000,H,feature_ae320_A40_popmean,True,-0.002171083292256574,-0.0608960685138697
630000,H,feature_ae320_A41_popmean,True,-0.00024264732460250907,-0.006805942524822924
630000,H,feature_ae320_A42_popmean,True,0.0002772893445527808,0.007777606222790936
630000,H,feature_ae320_A43_popmean,True,0.0009644387924712921,0.027051256390408868
630000,H,feature_ae320_A44_popmean,True,0.0002580644293759243,0.007238372303964006
630000,H,feature_ae320_A45_popmean,True,0.00044446776541501635,0.012466743948265234
630000,H,feature_ae320_A46_popmean,True,-0.0008303674395679616,-0.023290728951748278
630000,H,feature_ae320_A47_popmean,True,-0.00022978206401889768,-0.006445088663184989
630000,H,feature_ae320_A48_popmean,True,0.0012526379430814279,0.035134868513347094
630000,H,feature_ae320_A49_popmean,True,0.0002644779407883164,0.007418262975029682
630000,H,feature_ae320_A50_popmean,True,-0.0013478439767243685,-0.037805274189781704
630000,H,feature_ae320_A51_popmean,True,-0.0008445456643130498,-0.02368840975402857
630000,H,feature_ae320_A52_popmean,True,-0.0024869911652844337,-0.0697568743376667
630000,H,feature_ae320_A53_popmean,True,3.667549692053128e-05,0.0010287000877481547
630000,H,feature_ae320_A54_popmean,True,0.0010455906718954233,0.02932746128179503
630000,H,feature_ae320_A55_popmean,True,-0.00015533543971757465,-0.004356957475289539
630000,H,feature_ae320_A56_popmean,True,0.001422785372115374,0.03990728306458279
630000,H,feature_ae320_A57_popmean,True,0.0014072020653707507,0.039470191535861704
630000,H,feature_ae320_A58_popmean,True,0.0016712217930761606,0.04687560222862744
630000,H,feature_ae320_A59_popmean,True,0.0007627482489013805,0.021394098416028635
630000,H,feature_ae320_A60_popmean,True,0.0017376572904875037,0.04873903170484491
630000,H,feature_ae320_A61_popmean,True,-0.0012304899057316147,-0.0345136448114687
630000,H,feature_ae320_A62_popmean,True,0.001354908805952423,0.03800343348023584
630000,H,feature_ae320_A63_popmean,True,3.771754552857312e-05,0.0010579281987360767
630000,H,feature_economic_log1p_retail_yuan_per_resident,True,0.0015300292425149712,0.04291533443821689
630000,H,feature_health_log1p_motorized_mean_minutes,True,-0.0009438304656946718,-0.026473219571728872
630000,H,feature_health_log1p_q90_minutes,True,-0.002373761520815611,-0.06658092977028542
630000,H,feature_health_log1p_sd_minutes,True,-0.0002677243811670598,-0.007509321414121013
630000,H,feature_health_population_fraction_ge60min,True,-0.0016495360056531336,-0.046267344037244425
630000,E,feature_control_log1p_population,True,0.002499802569203073,0.06771903224641664
630000,E,feature_control_log1p_population_density,True,0.0033599818711567415,0.09102107641755719
630000,E,feature_control_worldpop_child_share,True,-0.007662296818017624,-0.20756972238266364
630000,E,feature_control_worldpop_elderly_share,True,-0.004839032813822915,-0.13108820000341467
630000,E,feature_control_urbanization_rate,True,0.012582355959898508,0.340852905538014
630000,E,feature_ae320_A00_popmean,True,0.005111010902088402,0.1384560190289951
630000,E,feature_ae320_A01_popmean,True,-0.002863941259737338,-0.07758345915366599
630000,E,feature_ae320_A02_popmean,True,0.006106550612005658,0.16542494311485487
630000,E,feature_ae320_A03_popmean,True,0.0014571867095400644,0.0394748269275729
630000,E,feature_ae320_A04_popmean,True,-0.0028243993682121765,-0.07651227910918336
630000,E,feature_ae320_A05_popmean,True,0.003126057234317972,0.08468411596296976
630000,E,feature_ae320_A06_popmean,True,-0.00013098833073165253,-0.003548441425735839
630000,E,feature_ae320_A07_popmean,True,-0.0017982640368897445,-0.048714527219855565
630000,E,feature_ae320_A08_popmean,True,-0.0032966496295689994,-0.08930542168419743
630000,E,feature_ae320_A09_popmean,True,0.0011612223464893261,0.03145722566092065
630000,E,feature_ae320_A10_popmean,True,-0.0023325233679127597,-0.06318748012870486
630000,E,feature_ae320_A11_popmean,True,-0.001656348370073039,-0.044870066966942096
630000,E,feature_ae320_A12_popmean,True,-0.0017816489851062336,-0.04826442958360018
630000,E,feature_ae320_A13_popmean,True,0.0045347297963200545,0.12284470665364682
630000,E,feature_ae320_A14_popmean,True,-0.0019780745134600317,-0.053585548480142
630000,E,feature_ae320_A15_popmean,True,-0.0017070038889100275,-0.04624231242177998
630000,E,feature_ae320_A16_popmean,True,0.0029756914599728328,0.08061074439071712
630000,E,feature_ae320_A17_popmean,True,-0.0008000858578671669,-0.021674127659642058
630000,E,feature_ae320_A18_popmean,True,0.0019678192978347204,0.05330773722969361
630000,E,feature_ae320_A19_popmean,True,0.0030002088788413637,0.08127491519340826
630000,E,feature_ae320_A20_popmean,True,0.0010027096369318153,0.02716315563225674
630000,E,feature_ae320_A21_popmean,True,-0.00020004114974024077,-0.005419065184091008
630000,E,feature_ae320_A22_popmean,True,0.0017945351790569042,0.048613513385029034
630000,E,feature_ae320_A23_popmean,True,-0.001355506203809683,-0.036720327219788865
630000,E,feature_ae320_A24_popmean,True,0.0023530424122883576,0.06374333595702324
630000,E,feature_ae320_A25_popmean,True,0.0006082604437772797,0.016477624718781197
630000,E,feature_ae320_A26_popmean,True,-0.00034026715321679385,-0.009217752875752237
630000,E,feature_ae320_A27_popmean,True,-0.004062147859956542,-0.11004257908487763
630000,E,feature_ae320_A28_popmean,True,0.002594930049870948,0.07029601212884067
630000,E,feature_ae320_A29_popmean,True,0.0023324623428854887,0.0631858269758357
630000,E,feature_ae320_A30_popmean,True,-0.0017875568783100215,-0.04842447294674595
630000,E,feature_ae320_A31_popmean,True,-0.001726874419448579,-0.046780600170929124
630000,E,feature_ae320_A32_popmean,True,0.0014131859502799018,0.03828285726088211
630000,E,feature_ae320_A33_popmean,True,0.0006082739597496356,0.016477990863123588
630000,E,feature_ae320_A34_popmean,True,0.0007466238025570721,0.020225853827097677
630000,E,feature_ae320_A35_popmean,True,0.004315641332956101,0.11690965446266871
630000,E,feature_ae320_A36_popmean,True,6.725952855397743e-05,0.0018220439642469904
630000,E,feature_ae320_A37_popmean,True,-0.0011596285231059002,-0.03141404938035073
630000,E,feature_ae320_A38_popmean,True,0.004022076936543873,0.10895706769763584
630000,E,feature_ae320_A39_popmean,True,0.0006818730020563968,0.01847177068424996
630000,E,feature_ae320_A40_popmean,True,-0.005251715860640541,-0.1422676814949876
630000,E,feature_ae320_A41_popmean,True,0.0030429083944551257,0.08243163449211534
630000,E,feature_ae320_A42_popmean,True,-0.003709105371888169,-0.10047874555322436
630000,E,feature_ae320_A43_popmean,True,0.007759513228931308,0.2102032908678914
630000,E,feature_ae320_A44_popmean,True,0.0019618252255485798,0.05314535929655871
630000,E,feature_ae320_A45_popmean,True,0.0019134773436667045,0.05183562715509267
630000,E,feature_ae320_A46_popmean,True,0.002859025957826923,0.0774503048427324
630000,E,feature_ae320_A47_popmean,True,0.0029318330626142306,0.07942263127266791
630000,E,feature_ae320_A48_popmean,True,0.008423909762075615,0.22820162833929825
630000,E,feature_ae320_A49_popmean,True,0.00037976984245482646,0.01028787093998933
630000,E,feature_ae320_A50_popmean,True,0.0029931546666833032,0.08108381833380424
630000,E,feature_ae320_A51_popmean,True,-0.0007115134002731495,-0.019274721728210525
630000,E,feature_ae320_A52_popmean,True,0.0026210111278499107,0.07100254206941983
630000,E,feature_ae320_A53_popmean,True,-0.0009292787791713329,-0.02517393188881951
630000,E,feature_ae320_A54_popmean,True,0.002400114950358238,0.06501851935060264
630000,E,feature_ae320_A55_popmean,True,0.006771342496241939,0.18343399054939075
630000,E,feature_ae320_A56_popmean,True,0.0005252940112247292,0.014230084616769284
630000,E,feature_ae320_A57_popmean,True,0.0014010408156989724,0.03795384857417402
630000,E,feature_ae320_A58_popmean,True,-0.0018859958636713936,-0.05109116067085548
630000,E,feature_ae320_A59_popmean,True,0.002563238404683782,0.06943749331267036
630000,E,feature_ae320_A60_popmean,True,0.000984757339561939,0.026676832344383863
630000,E,feature_ae320_A61_popmean,True,0.0009518168641598409,0.02578448302710233
630000,E,feature_ae320_A62_popmean,True,0.003942547654414667,0.10680263914900089
630000,E,feature_ae320_A63_popmean,True,-0.000472106513934103,-0.012789248492947571
630000,E,feature_economic_log1p_retail_yuan_per_resident,True,0.005392226520743254,0.14607408046412473
630000,E,feature_health_log1p_motorized_mean_minutes,True,-0.000529197848329522,-0.01433583859671999
630000,E,feature_health_log1p_q90_minutes,True,-0.003092007052962316,-0.08376170498634808
630000,E,feature_health_log1p_sd_minutes,True,0.00314517501346343,0.08520201186338236
630000,E,feature_health_population_fraction_ge60min,True,-0.0009007045337612931,-0.024399862660241838
630000,I,feature_control_log1p_population,True,-0.0054271347350728525,-0.07956655938929974
630000,I,feature_control_log1p_population_density,True,-0.010320712051243089,-0.1513106986377539
630000,I,feature_control_worldpop_child_share,True,0.006669419631333084,0.09777954649977967
630000,I,feature_control_worldpop_elderly_share,True,0.004466744318500386,0.06548639281018463
630000,I,feature_control_urbanization_rate,True,0.025734308695887508,0.3772875561687008
630000,I,feature_ae320_A00_popmean,False,0.0,0.0
630000,I,feature_ae320_A01_popmean,False,0.0,0.0
630000,I,feature_ae320_A02_popmean,False,0.0,0.0
630000,I,feature_ae320_A03_popmean,False,0.0,0.0
630000,I,feature_ae320_A04_popmean,False,0.0,0.0
630000,I,feature_ae320_A05_popmean,False,0.0,0.0
630000,I,feature_ae320_A06_popmean,False,0.0,0.0
630000,I,feature_ae320_A07_popmean,False,0.0,0.0
630000,I,feature_ae320_A08_popmean,False,0.0,0.0
630000,I,feature_ae320_A09_popmean,False,0.0,0.0
630000,I,feature_ae320_A10_popmean,False,0.0,0.0
630000,I,feature_ae320_A11_popmean,False,0.0,0.0
630000,I,feature_ae320_A12_popmean,False,0.0,0.0
630000,I,feature_ae320_A13_popmean,False,0.0,0.0
630000,I,feature_ae320_A14_popmean,False,0.0,0.0
630000,I,feature_ae320_A15_popmean,False,0.0,0.0
630000,I,feature_ae320_A16_popmean,False,0.0,0.0
630000,I,feature_ae320_A17_popmean,False,0.0,0.0
630000,I,feature_ae320_A18_popmean,False,0.0,0.0
630000,I,feature_ae320_A19_popmean,False,0.0,0.0
630000,I,feature_ae320_A20_popmean,False,0.0,0.0
630000,I,feature_ae320_A21_popmean,False,0.0,0.0
630000,I,feature_ae320_A22_popmean,False,0.0,0.0
630000,I,feature_ae320_A23_popmean,False,0.0,0.0
630000,I,feature_ae320_A24_popmean,False,0.0,0.0
630000,I,feature_ae320_A25_popmean,False,0.0,0.0
630000,I,feature_ae320_A26_popmean,False,0.0,0.0
630000,I,feature_ae320_A27_popmean,False,0.0,0.0
630000,I,feature_ae320_A28_popmean,False,0.0,0.0
630000,I,feature_ae320_A29_popmean,False,0.0,0.0
630000,I,feature_ae320_A30_popmean,False,0.0,0.0
630000,I,feature_ae320_A31_popmean,False,0.0,0.0
630000,I,feature_ae320_A32_popmean,False,0.0,0.0
630000,I,feature_ae320_A33_popmean,False,0.0,0.0
630000,I,feature_ae320_A34_popmean,False,0.0,0.0
630000,I,feature_ae320_A35_popmean,False,0.0,0.0
630000,I,feature_ae320_A36_popmean,False,0.0,0.0
630000,I,feature_ae320_A37_popmean,False,0.0,0.0
630000,I,feature_ae320_A38_popmean,False,0.0,0.0
630000,I,feature_ae320_A39_popmean,False,0.0,0.0
630000,I,feature_ae320_A40_popmean,False,0.0,0.0
630000,I,feature_ae320_A41_popmean,False,0.0,0.0
630000,I,feature_ae320_A42_popmean,False,0.0,0.0
630000,I,feature_ae320_A43_popmean,False,0.0,0.0
630000,I,feature_ae320_A44_popmean,False,0.0,0.0
630000,I,feature_ae320_A45_popmean,False,0.0,0.0
630000,I,feature_ae320_A46_popmean,False,0.0,0.0
630000,I,feature_ae320_A47_popmean,False,0.0,0.0
630000,I,feature_ae320_A48_popmean,False,0.0,0.0
630000,I,feature_ae320_A49_popmean,False,0.0,0.0
630000,I,feature_ae320_A50_popmean,False,0.0,0.0
630000,I,feature_ae320_A51_popmean,False,0.0,0.0
630000,I,feature_ae320_A52_popmean,False,0.0,0.0
630000,I,feature_ae320_A53_popmean,False,0.0,0.0
630000,I,feature_ae320_A54_popmean,False,0.0,0.0
630000,I,feature_ae320_A55_popmean,False,0.0,0.0
630000,I,feature_ae320_A56_popmean,False,0.0,0.0
630000,I,feature_ae320_A57_popmean,False,0.0,0.0
630000,I,feature_ae320_A58_popmean,False,0.0,0.0
630000,I,feature_ae320_A59_popmean,False,0.0,0.0
630000,I,feature_ae320_A60_popmean,False,0.0,0.0
630000,I,feature_ae320_A61_popmean,False,0.0,0.0
630000,I,feature_ae320_A62_popmean,False,0.0,0.0
630000,I,feature_ae320_A63_popmean,False,0.0,0.0
630000,I,feature_economic_log1p_retail_yuan_per_resident,True,0.04874563846308624,0.7146538508943836
630000,I,feature_health_log1p_motorized_mean_minutes,True,0.012150516152814511,0.17813723304781445
630000,I,feature_health_log1p_q90_minutes,True,-0.015293097787557075,-0.22421023850694838
630000,I,feature_health_log1p_sd_minutes,True,-0.007316007795009525,-0.10725909658227623
630000,I,feature_health_population_fraction_ge60min,True,0.007752783115901945,0.11366260620678911
640000,H,feature_control_log1p_population,True,0.003535976150429185,0.09847021601533557
640000,H,feature_control_log1p_population_density,True,0.004778647876035052,0.13307626199834005
640000,H,feature_control_worldpop_child_share,True,-0.009431626664420446,-0.26265287872735044
640000,H,feature_control_worldpop_elderly_share,True,0.0026400692736488073,0.0735209120797079
640000,H,feature_control_urbanization_rate,True,0.0019081678132970396,0.05313884731548984
640000,H,feature_ae320_A00_popmean,True,0.008265066288889409,0.2301663892018118
640000,H,feature_ae320_A01_popmean,True,-0.0013269132184615803,-0.036952011466382974
640000,H,feature_ae320_A02_popmean,True,0.006186965262081686,0.17229522483137064
640000,H,feature_ae320_A03_popmean,True,0.002361994965061788,0.06577707103837188
640000,H,feature_ae320_A04_popmean,True,0.0022756648649322948,0.06337294181161086
640000,H,feature_ae320_A05_popmean,True,-0.0016045942839897482,-0.04468490143584965
640000,H,feature_ae320_A06_popmean,True,-0.0010080826203581817,-0.02807318521532649
640000,H,feature_ae320_A07_popmean,True,-0.00033084296151130355,-0.009213347743654092
640000,H,feature_ae320_A08_popmean,True,0.0008654730967616483,0.024101780998504983
640000,H,feature_ae320_A09_popmean,True,-0.00019802555368347513,-0.005514635342040253
640000,H,feature_ae320_A10_popmean,True,0.0009725970289843892,0.027084978932434802
640000,H,feature_ae320_A11_popmean,True,-0.0052403140529368696,-0.14593278767399492
640000,H,feature_ae320_A12_popmean,True,-0.002473222561081898,-0.0688745482104499
640000,H,feature_ae320_A13_popmean,True,-0.0015219876234787647,-0.04238446292643416
640000,H,feature_ae320_A14_popmean,True,0.00140839909084329,0.039221238156345546
640000,H,feature_ae320_A15_popmean,True,0.0005207043875861284,0.014500627646913181
640000,H,feature_ae320_A16_popmean,True,-7.155877122047681e-05,-0.001992775788099436
640000,H,feature_ae320_A17_popmean,True,-0.0005261955187999056,-0.01465354521586329
640000,H,feature_ae320_A18_popmean,True,0.002203328405643615,0.06135850888873148
640000,H,feature_ae320_A19_popmean,True,0.00498259321798745,0.13875575219369574
640000,H,feature_ae320_A20_popmean,True,0.0037000105278876855,0.10303826169639003
640000,H,feature_ae320_A21_popmean,True,0.0014323908751460764,0.03988936375515706
640000,H,feature_ae320_A22_popmean,True,0.0009642558806709609,0.02685269380343597
640000,H,feature_ae320_A23_popmean,True,0.00011837042763221412,0.0032963914582277397
640000,H,feature_ae320_A24_popmean,True,-0.0023540150006080315,-0.06555484419347059
640000,H,feature_ae320_A25_popmean,True,-0.0004956718067717091,-0.013803517843183868
640000,H,feature_ae320_A26_popmean,True,-0.0013083802173198416,-0.036435902604727344
640000,H,feature_ae320_A27_popmean,True,-0.0018836388437718453,-0.052455762129101836
640000,H,feature_ae320_A28_popmean,True,0.002391279250219803,0.06659258272812534
640000,H,feature_ae320_A29_popmean,True,0.003440314998983319,0.09580623474215678
640000,H,feature_ae320_A30_popmean,True,-0.0010421797053315432,-0.029022724233685713
640000,H,feature_ae320_A31_popmean,True,-0.0005243744518131696,-0.01460283196104099
640000,H,feature_ae320_A32_popmean,True,-0.0021499779341000026,-0.059872799643554055
640000,H,feature_ae320_A33_popmean,True,0.003181874159153217,0.08860914849422889
640000,H,feature_ae320_A34_popmean,True,0.0006416408630409834,0.017868478660480528
640000,H,feature_ae320_A35_popmean,True,0.005766345000141234,0.1605817498836745
640000,H,feature_ae320_A36_popmean,True,0.0027043245223749243,0.07531029864596397
640000,H,feature_ae320_A37_popmean,True,-0.003249725233305531,-0.09049867196509279
640000,H,feature_ae320_A38_popmean,True,-0.0019380191473983063,-0.05397015024069223
640000,H,feature_ae320_A39_popmean,True,0.005160697994702431,0.1437156317546364
640000,H,feature_ae320_A40_popmean,True,-0.0046164944482370365,-0.12856059719077068
640000,H,feature_ae320_A41_popmean,True,0.0008729223741821,0.02430922921804713
640000,H,feature_ae320_A42_popmean,True,0.0005346818225370229,0.014889872647558287
640000,H,feature_ae320_A43_popmean,True,0.0030498367844521896,0.08493215853282039
640000,H,feature_ae320_A44_popmean,True,-0.00019975996260516966,-0.005562935334436258
640000,H,feature_ae320_A45_popmean,True,-0.00016629739609066885,-0.004631066449316519
640000,H,feature_ae320_A46_popmean,True,6.498432390166642e-05,0.0018096899243596242
640000,H,feature_ae320_A47_popmean,True,-0.0016910791995290344,-0.04709334197756199
640000,H,feature_ae320_A48_popmean,True,0.0033685449578631723,0.09380757548884916
640000,H,feature_ae320_A49_popmean,True,0.0008034201870644121,0.02237372538887501
640000,H,feature_ae320_A50_popmean,True,-0.00621317155737613,-0.17302502035283995
640000,H,feature_ae320_A51_popmean,True,-0.003048123726904551,-0.08488445313561567
640000,H,feature_ae320_A52_popmean,True,-0.0015360265240331988,-0.042775419627328524
640000,H,feature_ae320_A53_popmean,True,0.000684545398488721,0.019063288436859692
640000,H,feature_ae320_A54_popmean,True,0.003957158293082306,0.11019933827308065
640000,H,feature_ae320_A55_popmean,True,0.0017121377530808612,0.047679782674275174
640000,H,feature_ae320_A56_popmean,True,0.002058181968068212,0.0573164564387534
640000,H,feature_ae320_A57_popmean,True,0.002479205060375767,0.06904114944663396
640000,H,feature_ae320_A58_popmean,True,0.0008980398694233031,0.025008703727190874
640000,H,feature_ae320_A59_popmean,True,0.004500214848635849,0.12532243131979445
640000,H,feature_ae320_A60_popmean,True,0.0042557730320652775,0.11851519126588073
640000,H,feature_ae320_A61_popmean,True,-0.003254358510484488,-0.0906276999294402
640000,H,feature_ae320_A62_popmean,True,0.005436655121889745,0.15140051331748516
640000,H,feature_ae320_A63_popmean,True,-0.003061376573799825,-0.08525351973591992
640000,H,feature_economic_log1p_retail_yuan_per_resident,False,0.0,0.0
640000,H,feature_health_log1p_motorized_mean_minutes,False,0.0,0.0
640000,H,feature_health_log1p_q90_minutes,False,0.0,0.0
640000,H,feature_health_log1p_sd_minutes,False,0.0,0.0
640000,H,feature_health_population_fraction_ge60min,False,0.0,0.0
640000,E,feature_control_log1p_population,True,0.002479224936456664,0.06674304922516028
640000,E,feature_control_log1p_population_density,True,0.0029368438163651918,0.07906257658186305
640000,E,feature_control_worldpop_child_share,True,-0.007865980494971269,-0.21175953648254006
640000,E,feature_control_worldpop_elderly_share,True,-0.004836038569597354,-0.1301906719148764
640000,E,feature_control_urbanization_rate,True,0.013203053061855673,0.35543851123459347
640000,E,feature_ae320_A00_popmean,True,0.005553077140662428,0.14949401948177088
640000,E,feature_ae320_A01_popmean,True,-0.0030248653740441262,-0.08143219906776657
640000,E,feature_ae320_A02_popmean,True,0.006025708963436675,0.16221770927245327
640000,E,feature_ae320_A03_popmean,True,0.001309493056961911,0.03525277528295874
640000,E,feature_ae320_A04_popmean,True,-0.002599778312240653,-0.06998845861738331
640000,E,feature_ae320_A05_popmean,True,0.0030749233709856548,0.08277980706607768
640000,E,feature_ae320_A06_popmean,True,4.618458067738026e-07,1.2433320173034884e-05
640000,E,feature_ae320_A07_popmean,True,-0.00159411220063652,-0.04291498827434918
640000,E,feature_ae320_A08_popmean,True,-0.0034133078053034567,-0.09188943186235757
640000,E,feature_ae320_A09_popmean,True,0.0007022449597802778,0.01890508974378213
640000,E,feature_ae320_A10_popmean,True,-0.0024102542087468155,-0.06488629286274136
640000,E,feature_ae320_A11_popmean,True,-0.0013492784093203651,-0.03632383410132307
640000,E,feature_ae320_A12_popmean,True,-0.0024904445672927155,-0.06704509215888817
640000,E,feature_ae320_A13_popmean,True,0.0049350124701055135,0.13285514169189605
640000,E,feature_ae320_A14_popmean,True,-0.0020170822067736476,-0.05430173561028221
640000,E,feature_ae320_A15_popmean,True,-0.0020776003741089883,-0.05593094115838869
640000,E,feature_ae320_A16_popmean,True,0.003260402920322444,0.08777308964790696
640000,E,feature_ae320_A17_popmean,True,-0.0010296328416754665,-0.027718677085429733
640000,E,feature_ae320_A18_popmean,True,0.0020730439841477916,0.055808278888016476
640000,E,feature_ae320_A19_popmean,True,0.003287280811516761,0.08849666756480815
640000,E,feature_ae320_A20_popmean,True,0.0007240576703798794,0.019492308271587072
640000,E,feature_ae320_A21_popmean,True,-3.6965907117725468e-06,-9.951567210102478e-05
640000,E,feature_ae320_A22_popmean,True,0.0016180354789596342,0.043559025255127885
640000,E,feature_ae320_A23_popmean,True,-0.0012159934922412984,-0.032735679734703316
640000,E,feature_ae320_A24_popmean,True,0.0019593338542909715,0.05274709606316158
640000,E,feature_ae320_A25_popmean,True,0.0004719767752725191,0.012706055300560173
640000,E,feature_ae320_A26_popmean,True,-0.0004938764660611308,-0.013295615416234514
640000,E,feature_ae320_A27_popmean,True,-0.003843963702454618,-0.10348309055786334
640000,E,feature_ae320_A28_popmean,True,0.002462330232254636,0.0662882280197024
640000,E,feature_ae320_A29_popmean,True,0.0022916190618982872,0.06169252398380211
640000,E,feature_ae320_A30_popmean,True,-0.002010781554172272,-0.05413211616166321
640000,E,feature_ae320_A31_popmean,True,-0.0020065889473752565,-0.05401924727360061
640000,E,feature_ae320_A32_popmean,True,0.0013207535895624646,0.03555591933036188
640000,E,feature_ae320_A33_popmean,True,0.0003222792176685903,0.008676057332596474
640000,E,feature_ae320_A34_popmean,True,0.000987387417277743,0.026581390831708504
640000,E,feature_ae320_A35_popmean,True,0.004615488820722948,0.12425326682941475
640000,E,feature_ae320_A36_popmean,True,0.00030251764928739813,0.00814405746770429
640000,E,feature_ae320_A37_popmean,True,-0.0008157655449620888,-0.02196116984907799
640000,E,feature_ae320_A38_popmean,True,0.0042203803136155165,0.1136165770513423
640000,E,feature_ae320_A39_popmean,True,0.0005813159217745213,0.015649567173932177
640000,E,feature_ae320_A40_popmean,True,-0.005028619641459908,-0.13537513411116545
640000,E,feature_ae320_A41_popmean,True,0.0032244366045010055,0.0868048428575416
640000,E,feature_ae320_A42_popmean,True,-0.0029765521495668007,-0.08013156197264079
640000,E,feature_ae320_A43_popmean,True,0.007404365023549641,0.19933241715216468
640000,E,feature_ae320_A44_popmean,True,0.0016064304768901739,0.04324660776811798
640000,E,feature_ae320_A45_popmean,True,0.001983283767205965,0.05339185007201255
640000,E,feature_ae320_A46_popmean,True,0.0026704926601686806,0.07189215486344919
640000,E,feature_ae320_A47_popmean,True,0.002911151898393647,0.07837092617102363
640000,E,feature_ae320_A48_popmean,True,0.008248323331050357,0.22205256248194197
640000,E,feature_ae320_A49_popmean,True,0.0006527962240045135,0.017573883624695294
640000,E,feature_ae320_A50_popmean,True,0.002517015448137821,0.06776040507064653
640000,E,feature_ae320_A51_popmean,True,-6.667631763431644e-05,-0.0017949887017431555
640000,E,feature_ae320_A52_popmean,True,0.002550337932348573,0.06865747744648407
640000,E,feature_ae320_A53_popmean,True,-0.0010369973175440202,-0.02791693564929965
640000,E,feature_ae320_A54_popmean,True,0.0025627266918669253,0.06899099441552271
640000,E,feature_ae320_A55_popmean,True,0.007353222776243367,0.1979556201220709
640000,E,feature_ae320_A56_popmean,True,0.0009742240075936801,0.02622701955720446
640000,E,feature_ae320_A57_popmean,True,0.0014107033893628923,0.03797745189386278
640000,E,feature_ae320_A58_popmean,True,-0.0016409643814901452,-0.04417629271148865
640000,E,feature_ae320_A59_popmean,True,0.0018404907461876188,0.04954772867314591
640000,E,feature_ae320_A60_popmean,True,0.0013458767884790058,0.03623225929343788
640000,E,feature_ae320_A61_popmean,True,0.0005964345106240408,0.016056573696398267
640000,E,feature_ae320_A62_popmean,True,0.004133223892994944,0.11127024486250851
640000,E,feature_ae320_A63_popmean,True,-0.0004990184402308797,-0.013434042160044433
640000,E,feature_economic_log1p_retail_yuan_per_resident,True,0.005688878845726289,0.15314992812993578
640000,E,feature_health_log1p_motorized_mean_minutes,False,0.0,0.0
640000,E,feature_health_log1p_q90_minutes,False,0.0,0.0
640000,E,feature_health_log1p_sd_minutes,False,0.0,0.0
640000,E,feature_health_population_fraction_ge60min,False,0.0,0.0
640000,I,feature_control_log1p_population,True,-0.005195835196433232,-0.07608321765162744
640000,I,feature_control_log1p_population_density,True,-0.0105842760222481,-0.15498678188222859
640000,I,feature_control_worldpop_child_share,True,0.006219160766595006,0.09106789271147939
640000,I,feature_control_worldpop_elderly_share,True,0.004070069056230596,0.05959849343853714
640000,I,feature_control_urbanization_rate,True,0.024591732354647733,0.36009959023596894
640000,I,feature_ae320_A00_popmean,False,0.0,0.0
640000,I,feature_ae320_A01_popmean,False,0.0,0.0
640000,I,feature_ae320_A02_popmean,False,0.0,0.0
640000,I,feature_ae320_A03_popmean,False,0.0,0.0
640000,I,feature_ae320_A04_popmean,False,0.0,0.0
640000,I,feature_ae320_A05_popmean,False,0.0,0.0
640000,I,feature_ae320_A06_popmean,False,0.0,0.0
640000,I,feature_ae320_A07_popmean,False,0.0,0.0
640000,I,feature_ae320_A08_popmean,False,0.0,0.0
640000,I,feature_ae320_A09_popmean,False,0.0,0.0
640000,I,feature_ae320_A10_popmean,False,0.0,0.0
640000,I,feature_ae320_A11_popmean,False,0.0,0.0
640000,I,feature_ae320_A12_popmean,False,0.0,0.0
640000,I,feature_ae320_A13_popmean,False,0.0,0.0
640000,I,feature_ae320_A14_popmean,False,0.0,0.0
640000,I,feature_ae320_A15_popmean,False,0.0,0.0
640000,I,feature_ae320_A16_popmean,False,0.0,0.0
640000,I,feature_ae320_A17_popmean,False,0.0,0.0
640000,I,feature_ae320_A18_popmean,False,0.0,0.0
640000,I,feature_ae320_A19_popmean,False,0.0,0.0
640000,I,feature_ae320_A20_popmean,False,0.0,0.0
640000,I,feature_ae320_A21_popmean,False,0.0,0.0
640000,I,feature_ae320_A22_popmean,False,0.0,0.0
640000,I,feature_ae320_A23_popmean,False,0.0,0.0
640000,I,feature_ae320_A24_popmean,False,0.0,0.0
640000,I,feature_ae320_A25_popmean,False,0.0,0.0
640000,I,feature_ae320_A26_popmean,False,0.0,0.0
640000,I,feature_ae320_A27_popmean,False,0.0,0.0
640000,I,feature_ae320_A28_popmean,False,0.0,0.0
640000,I,feature_ae320_A29_popmean,False,0.0,0.0
640000,I,feature_ae320_A30_popmean,False,0.0,0.0
640000,I,feature_ae320_A31_popmean,False,0.0,0.0
640000,I,feature_ae320_A32_popmean,False,0.0,0.0
640000,I,feature_ae320_A33_popmean,False,0.0,0.0
640000,I,feature_ae320_A34_popmean,False,0.0,0.0
640000,I,feature_ae320_A35_popmean,False,0.0,0.0
640000,I,feature_ae320_A36_popmean,False,0.0,0.0
640000,I,feature_ae320_A37_popmean,False,0.0,0.0
640000,I,feature_ae320_A38_popmean,False,0.0,0.0
640000,I,feature_ae320_A39_popmean,False,0.0,0.0
640000,I,feature_ae320_A40_popmean,False,0.0,0.0
640000,I,feature_ae320_A41_popmean,False,0.0,0.0
640000,I,feature_ae320_A42_popmean,False,0.0,0.0
640000,I,feature_ae320_A43_popmean,False,0.0,0.0
640000,I,feature_ae320_A44_popmean,False,0.0,0.0
640000,I,feature_ae320_A45_popmean,False,0.0,0.0
640000,I,feature_ae320_A46_popmean,False,0.0,0.0
640000,I,feature_ae320_A47_popmean,False,0.0,0.0
640000,I,feature_ae320_A48_popmean,False,0.0,0.0
640000,I,feature_ae320_A49_popmean,False,0.0,0.0
640000,I,feature_ae320_A50_popmean,False,0.0,0.0
640000,I,feature_ae320_A51_popmean,False,0.0,0.0
640000,I,feature_ae320_A52_popmean,False,0.0,0.0
640000,I,feature_ae320_A53_popmean,False,0.0,0.0
640000,I,feature_ae320_A54_popmean,False,0.0,0.0
640000,I,feature_ae320_A55_popmean,False,0.0,0.0
640000,I,feature_ae320_A56_popmean,False,0.0,0.0
640000,I,feature_ae320_A57_popmean,False,0.0,0.0
640000,I,feature_ae320_A58_popmean,False,0.0,0.0
640000,I,feature_ae320_A59_popmean,False,0.0,0.0
640000,I,feature_ae320_A60_popmean,False,0.0,0.0
640000,I,feature_ae320_A61_popmean,False,0.0,0.0
640000,I,feature_ae320_A62_popmean,False,0.0,0.0
640000,I,feature_ae320_A63_popmean,False,0.0,0.0
640000,I,feature_economic_log1p_retail_yuan_per_resident,True,0.049005261696595456,0.7175897330801619
640000,I,feature_health_log1p_motorized_mean_minutes,True,0.013482966292944435,0.1974326398496712
640000,I,feature_health_log1p_q90_minutes,True,-0.016460818244231405,-0.24103767149109412
640000,I,feature_health_log1p_sd_minutes,True,-0.007711606424451491,-0.11292194764722284
640000,I,feature_health_population_fraction_ge60min,True,0.007342477866059346,0.10751675533687781
650000,H,feature_control_log1p_population,True,0.0021624908279358093,0.060707239764110785
650000,H,feature_control_log1p_population_density,True,0.002490524006812288,0.06991605978932523
650000,H,feature_control_worldpop_child_share,True,-0.005551377202230653,-0.1558428745607787
650000,H,feature_control_worldpop_elderly_share,True,0.0026508659447020506,0.0744173119296672
650000,H,feature_control_urbanization_rate,True,0.0028791112833177475,0.08082480476958369
650000,H,feature_ae320_A00_popmean,True,0.0039676598226737044,0.11138344405714706
650000,H,feature_ae320_A01_popmean,True,-0.00037890181267396156,-0.010636846590008825
650000,H,feature_ae320_A02_popmean,True,0.0027381049167474777,0.07686635685708158
650000,H,feature_ae320_A03_popmean,True,0.0006074997082299089,0.01705423670136147
650000,H,feature_ae320_A04_popmean,True,0.0011494596198944078,0.03226858576352991
650000,H,feature_ae320_A05_popmean,True,-0.0019293752995546626,-0.054163026909492505
650000,H,feature_ae320_A06_popmean,True,-0.0015337023865786166,-0.04305536805337181
650000,H,feature_ae320_A07_popmean,True,-0.00039269361735040604,-0.011024021593230413
650000,H,feature_ae320_A08_popmean,True,0.000392277913385435,0.011012351606034917
650000,H,feature_ae320_A09_popmean,True,-0.0006337698398934648,-0.017791713670480703
650000,H,feature_ae320_A10_popmean,True,-5.3719107066559664e-05,-0.001508047419427195
650000,H,feature_ae320_A11_popmean,True,-0.00015153712787082968,-0.004254076195828491
650000,H,feature_ae320_A12_popmean,True,-0.0008569836604907599,-0.0240579575548989
650000,H,feature_ae320_A13_popmean,True,-0.0013275006004035076,-0.0372667001379249
650000,H,feature_ae320_A14_popmean,True,0.00010294219579716817,0.0028898788754946935
650000,H,feature_ae320_A15_popmean,True,-8.38730170944789e-05,-0.0023545530425921573
650000,H,feature_ae320_A16_popmean,True,0.0018526305205055645,0.052008583689576296
650000,H,feature_ae320_A17_popmean,True,2.4449941545941042e-05,0.0006863790793807683
650000,H,feature_ae320_A18_popmean,True,0.000548063543757727,0.015385695295007362
650000,H,feature_ae320_A19_popmean,True,0.003019678973932286,0.0847709378060737
650000,H,feature_ae320_A20_popmean,True,0.00071083653391781,0.019955193955125017
650000,H,feature_ae320_A21_popmean,True,0.000643148073198085,0.01805498723004109
650000,H,feature_ae320_A22_popmean,True,-0.0005155961024644015,-0.01447424229938818
650000,H,feature_ae320_A23_popmean,True,0.0005182566341242542,0.014548930955306714
650000,H,feature_ae320_A24_popmean,True,-0.0012462967330415667,-0.034987077684950164
650000,H,feature_ae320_A25_popmean,True,0.0011878216047509294,0.03334551528499985
650000,H,feature_ae320_A26_popmean,True,-0.0003514591169122392,-0.009866452427009917
650000,H,feature_ae320_A27_popmean,True,-0.00028960907416956814,-0.008130146623676683
650000,H,feature_ae320_A28_popmean,True,0.0013869999157729261,0.038937014368750834
650000,H,feature_ae320_A29_popmean,True,0.0009751502009665192,0.027375226887136898
650000,H,feature_ae320_A30_popmean,True,0.0017150507523232014,0.04814633009485935
650000,H,feature_ae320_A31_popmean,True,-0.001127017451651766,-0.031638570564976196
650000,H,feature_ae320_A32_popmean,True,-0.0009590102345423419,-0.026922132335779884
650000,H,feature_ae320_A33_popmean,True,0.0007829820088083447,0.0219805216862285
650000,H,feature_ae320_A34_popmean,True,0.0005463807555228524,0.01533845466511564
650000,H,feature_ae320_A35_popmean,True,0.0017291461246572203,0.048542027101658905
650000,H,feature_ae320_A36_popmean,True,0.0006723151359332926,0.018873789255838012
650000,H,feature_ae320_A37_popmean,True,0.0005353877621297181,0.015029850218326236
650000,H,feature_ae320_A38_popmean,True,0.0014550691076520479,0.04084790929536634
650000,H,feature_ae320_A39_popmean,True,0.0012816103281189748,0.035978430275029484
650000,H,feature_ae320_A40_popmean,True,-0.0022924443065365937,-0.06435540181949788
650000,H,feature_ae320_A41_popmean,True,-0.0006270405930915043,-0.01760280466159097
650000,H,feature_ae320_A42_popmean,True,0.0002645086105751136,0.007425505548702321
650000,H,feature_ae320_A43_popmean,True,0.0010783093359760486,0.03027119586049879
650000,H,feature_ae320_A44_popmean,True,0.00040567985075977783,0.011388581930333881
650000,H,feature_ae320_A45_popmean,True,0.00022512095728614872,0.0063197826105656175
650000,H,feature_ae320_A46_popmean,True,-0.0012670503494613987,-0.035569690453381535
650000,H,feature_ae320_A47_popmean,True,-7.617252181476115e-05,-0.002138378339231933
650000,H,feature_ae320_A48_popmean,True,0.0012906237247215062,0.0362314618354737
650000,H,feature_ae320_A49_popmean,True,0.00034834207534276747,0.009778948245503979
650000,H,feature_ae320_A50_popmean,True,-0.0014974704029935071,-0.04203823369783324
650000,H,feature_ae320_A51_popmean,True,-0.00042756999564231435,-0.012003100270337085
650000,H,feature_ae320_A52_popmean,True,-0.003035493738339679,-0.08521490301614074
650000,H,feature_ae320_A53_popmean,True,0.0006754387817629949,0.018961478837625934
650000,H,feature_ae320_A54_popmean,True,0.0011038052371367079,0.03098693798747911
650000,H,feature_ae320_A55_popmean,True,-0.0004955099661551471,-0.01391036758736248
650000,H,feature_ae320_A56_popmean,True,0.0012949378046078848,0.036352570271468265
650000,H,feature_ae320_A57_popmean,True,0.001900995613422261,0.053366328774076856
650000,H,feature_ae320_A58_popmean,True,0.0016137491864405443,0.045302508345849424
650000,H,feature_ae320_A59_popmean,True,0.0007493102375181913,0.02103525973802184
650000,H,feature_ae320_A60_popmean,True,0.0016022528669615813,0.04497977411086522
650000,H,feature_ae320_A61_popmean,True,-0.0013363997795242592,-0.037516525290294644
650000,H,feature_ae320_A62_popmean,True,0.0014352339347472422,0.04029107983660557
650000,H,feature_ae320_A63_popmean,True,0.000302994926433871,0.0085059253933983
650000,H,feature_economic_log1p_retail_yuan_per_resident,False,0.0,0.0
650000,H,feature_health_log1p_motorized_mean_minutes,False,0.0,0.0
650000,H,feature_health_log1p_q90_minutes,False,0.0,0.0
650000,H,feature_health_log1p_sd_minutes,False,0.0,0.0
650000,H,feature_health_population_fraction_ge60min,False,0.0,0.0
650000,E,feature_control_log1p_population,True,0.0027337937616557393,0.07399400667878223
650000,E,feature_control_log1p_population_density,True,0.0025955356428822634,0.07025185454301745
650000,E,feature_control_worldpop_child_share,True,-0.007976185424258425,-0.21588677457378172
650000,E,feature_control_worldpop_elderly_share,True,-0.004699599980207554,-0.12720134093526875
650000,E,feature_control_urbanization_rate,True,0.012815412418765406,0.3468673187443204
650000,E,feature_ae320_A00_popmean,True,0.005395802978838091,0.1460450628183913
650000,E,feature_ae320_A01_popmean,True,-0.0021882141258901208,-0.05922711980572175
650000,E,feature_ae320_A02_popmean,True,0.006461906191029034,0.17490065877064429
650000,E,feature_ae320_A03_popmean,True,0.0010609884091025402,0.028717156550132645
650000,E,feature_ae320_A04_popmean,True,-0.0032088454092283414,-0.0868519534911139
650000,E,feature_ae320_A05_popmean,True,0.0034421832616453435,0.09316757351056237
650000,E,feature_ae320_A06_popmean,True,-0.00028216811409645197,-0.007637280328837573
650000,E,feature_ae320_A07_popmean,True,-0.0015698553280673129,-0.04249036165748716
650000,E,feature_ae320_A08_popmean,True,-0.00334530037629932,-0.0905453007678623
650000,E,feature_ae320_A09_popmean,True,0.0007822968328117635,0.021173973649279684
650000,E,feature_ae320_A10_popmean,True,-0.002150259666022326,-0.0581998285022087
650000,E,feature_ae320_A11_popmean,True,-0.0007014944796020605,-0.018986943322808043
650000,E,feature_ae320_A12_popmean,True,-0.002012906480881051,-0.05448216967905738
650000,E,feature_ae320_A13_popmean,True,0.004758056185868904,0.12878354107515877
650000,E,feature_ae320_A14_popmean,True,-0.0015696109619832434,-0.04248374754273193
650000,E,feature_ae320_A15_popmean,True,-0.00296456857830908,-0.08024025449902741
650000,E,feature_ae320_A16_popmean,True,0.0035613965608173466,0.0963942505843261
650000,E,feature_ae320_A17_popmean,True,-0.0009441138461980072,-0.025553780691487026
650000,E,feature_ae320_A18_popmean,True,0.001293912314969789,0.03502157251893301
650000,E,feature_ae320_A19_popmean,True,0.0024646811378709445,0.06671009171746617
650000,E,feature_ae320_A20_popmean,True,0.0010317327110541314,0.02792530957646946
650000,E,feature_ae320_A21_popmean,True,-0.0007039659853027797,-0.01905383813100122
650000,E,feature_ae320_A22_popmean,True,0.0022034827424806235,0.059640386575812394
650000,E,feature_ae320_A23_popmean,True,-0.0010768843558988785,-0.029147402902257414
650000,E,feature_ae320_A24_popmean,True,0.002330426047797741,0.06307628723269755
650000,E,feature_ae320_A25_popmean,True,0.00062217864888327,0.016840147836529366
650000,E,feature_ae320_A26_popmean,True,-0.0007739733437042423,-0.02094868660778769
650000,E,feature_ae320_A27_popmean,True,-0.003940284407182604,-0.10664938768635841
650000,E,feature_ae320_A28_popmean,True,0.0024056166339539485,0.06511142712227513
650000,E,feature_ae320_A29_popmean,True,0.0020994380482491234,0.05682426931494239
650000,E,feature_ae320_A30_popmean,True,-0.0008038763157223511,-0.021758052969748833
650000,E,feature_ae320_A31_popmean,True,-0.0017594766727898514,-0.04762273237419452
650000,E,feature_ae320_A32_popmean,True,0.0008929983512557721,0.02417026730170803
650000,E,feature_ae320_A33_popmean,True,0.00012755067145781135,0.0034523398831725603
650000,E,feature_ae320_A34_popmean,True,0.00179770905900894,0.048657546148708236
650000,E,feature_ae320_A35_popmean,True,0.004039004870522219,0.10932139708448499
650000,E,feature_ae320_A36_popmean,True,0.00018258727980991727,0.004941983770397171
650000,E,feature_ae320_A37_popmean,True,-0.0013602177865657413,-0.036816224177344585
650000,E,feature_ae320_A38_popmean,True,0.004980616211820707,0.13480744393048377
650000,E,feature_ae320_A39_popmean,True,-0.00043256518120119965,-0.011707990323097684
650000,E,feature_ae320_A40_popmean,True,-0.004397688781234299,-0.11902968600410231
650000,E,feature_ae320_A41_popmean,True,0.0023010881844356683,0.06228221633824952
650000,E,feature_ae320_A42_popmean,True,-0.0035270092900160374,-0.0954635103137813
650000,E,feature_ae320_A43_popmean,True,0.007814457188063968,0.21150937041222106
650000,E,feature_ae320_A44_popmean,True,0.0019866688188547713,0.05377201013211615
650000,E,feature_ae320_A45_popmean,True,0.0016851800178306654,0.04561178800071274
650000,E,feature_ae320_A46_popmean,True,0.0024847520386339673,0.06725333912183834
650000,E,feature_ae320_A47_popmean,True,0.0031519599173318786,0.08531226694769177
650000,E,feature_ae320_A48_popmean,True,0.008210462590505192,0.22222781845466696
650000,E,feature_ae320_A49_popmean,True,0.001190124642009633,0.03221241190341613
650000,E,feature_ae320_A50_popmean,True,0.002815071592394636,0.07619390647915648
650000,E,feature_ae320_A51_popmean,True,-0.00013752333999687773,-0.003722264305722283
650000,E,feature_ae320_A52_popmean,True,0.002091048157326332,0.05659718501411375
650000,E,feature_ae320_A53_popmean,True,0.0001940407389131529,0.005251987890410485
650000,E,feature_ae320_A54_popmean,True,0.0024206987828364027,0.06551964687929981
650000,E,feature_ae320_A55_popmean,True,0.0074068344069689145,0.2004764815345672
650000,E,feature_ae320_A56_popmean,True,0.00026014955787886457,0.007041316866387303
650000,E,feature_ae320_A57_popmean,True,0.0019916495990748924,0.05390682201516397
650000,E,feature_ae320_A58_popmean,True,-0.0012413064332269068,-0.03359771969593566
650000,E,feature_ae320_A59_popmean,True,0.0015661590518949039,0.042390316698857136
650000,E,feature_ae320_A60_popmean,True,0.00035672542202258236,0.009655279644666297
650000,E,feature_ae320_A61_popmean,True,0.0005135683717684657,0.01390045659758607
650000,E,feature_ae320_A62_popmean,True,0.00433742553696447,0.11739857580057105
650000,E,feature_ae320_A63_popmean,True,-0.00021059437667752672,-0.0057000355816720855
650000,E,feature_economic_log1p_retail_yuan_per_resident,True,0.005991163561754191,0.16215934165188184
650000,E,feature_health_log1p_motorized_mean_minutes,False,0.0,0.0
650000,E,feature_health_log1p_q90_minutes,False,0.0,0.0
650000,E,feature_health_log1p_sd_minutes,False,0.0,0.0
650000,E,feature_health_population_fraction_ge60min,False,0.0,0.0
650000,I,feature_control_log1p_population,True,-0.004763354734113092,-0.07067976841930003
650000,I,feature_control_log1p_population_density,True,-0.009303411800942952,-0.1380461939756131
650000,I,feature_control_worldpop_child_share,True,0.005174649345437179,0.0767826537812287
650000,I,feature_control_worldpop_elderly_share,True,0.003362265744415625,0.04989008323850768
650000,I,feature_control_urbanization_rate,True,0.02271157402381907,0.3369996319915505
650000,I,feature_ae320_A00_popmean,False,0.0,0.0
650000,I,feature_ae320_A01_popmean,False,0.0,0.0
650000,I,feature_ae320_A02_popmean,False,0.0,0.0
650000,I,feature_ae320_A03_popmean,False,0.0,0.0
650000,I,feature_ae320_A04_popmean,False,0.0,0.0
650000,I,feature_ae320_A05_popmean,False,0.0,0.0
650000,I,feature_ae320_A06_popmean,False,0.0,0.0
650000,I,feature_ae320_A07_popmean,False,0.0,0.0
650000,I,feature_ae320_A08_popmean,False,0.0,0.0
650000,I,feature_ae320_A09_popmean,False,0.0,0.0
650000,I,feature_ae320_A10_popmean,False,0.0,0.0
650000,I,feature_ae320_A11_popmean,False,0.0,0.0
650000,I,feature_ae320_A12_popmean,False,0.0,0.0
650000,I,feature_ae320_A13_popmean,False,0.0,0.0
650000,I,feature_ae320_A14_popmean,False,0.0,0.0
650000,I,feature_ae320_A15_popmean,False,0.0,0.0
650000,I,feature_ae320_A16_popmean,False,0.0,0.0
650000,I,feature_ae320_A17_popmean,False,0.0,0.0
650000,I,feature_ae320_A18_popmean,False,0.0,0.0
650000,I,feature_ae320_A19_popmean,False,0.0,0.0
650000,I,feature_ae320_A20_popmean,False,0.0,0.0
650000,I,feature_ae320_A21_popmean,False,0.0,0.0
650000,I,feature_ae320_A22_popmean,False,0.0,0.0
650000,I,feature_ae320_A23_popmean,False,0.0,0.0
650000,I,feature_ae320_A24_popmean,False,0.0,0.0
650000,I,feature_ae320_A25_popmean,False,0.0,0.0
650000,I,feature_ae320_A26_popmean,False,0.0,0.0
650000,I,feature_ae320_A27_popmean,False,0.0,0.0
650000,I,feature_ae320_A28_popmean,False,0.0,0.0
650000,I,feature_ae320_A29_popmean,False,0.0,0.0
650000,I,feature_ae320_A30_popmean,False,0.0,0.0
650000,I,feature_ae320_A31_popmean,False,0.0,0.0
650000,I,feature_ae320_A32_popmean,False,0.0,0.0
650000,I,feature_ae320_A33_popmean,False,0.0,0.0
650000,I,feature_ae320_A34_popmean,False,0.0,0.0
650000,I,feature_ae320_A35_popmean,False,0.0,0.0
650000,I,feature_ae320_A36_popmean,False,0.0,0.0
650000,I,feature_ae320_A37_popmean,False,0.0,0.0
650000,I,feature_ae320_A38_popmean,False,0.0,0.0
650000,I,feature_ae320_A39_popmean,False,0.0,0.0
650000,I,feature_ae320_A40_popmean,False,0.0,0.0
650000,I,feature_ae320_A41_popmean,False,0.0,0.0
650000,I,feature_ae320_A42_popmean,False,0.0,0.0
650000,I,feature_ae320_A43_popmean,False,0.0,0.0
650000,I,feature_ae320_A44_popmean,False,0.0,0.0
650000,I,feature_ae320_A45_popmean,False,0.0,0.0
650000,I,feature_ae320_A46_popmean,False,0.0,0.0
650000,I,feature_ae320_A47_popmean,False,0.0,0.0
650000,I,feature_ae320_A48_popmean,False,0.0,0.0
650000,I,feature_ae320_A49_popmean,False,0.0,0.0
650000,I,feature_ae320_A50_popmean,False,0.0,0.0
650000,I,feature_ae320_A51_popmean,False,0.0,0.0
650000,I,feature_ae320_A52_popmean,False,0.0,0.0
650000,I,feature_ae320_A53_popmean,False,0.0,0.0
650000,I,feature_ae320_A54_popmean,False,0.0,0.0
650000,I,feature_ae320_A55_popmean,False,0.0,0.0
650000,I,feature_ae320_A56_popmean,False,0.0,0.0
650000,I,feature_ae320_A57_popmean,False,0.0,0.0
650000,I,feature_ae320_A58_popmean,False,0.0,0.0
650000,I,feature_ae320_A59_popmean,False,0.0,0.0
650000,I,feature_ae320_A60_popmean,False,0.0,0.0
650000,I,feature_ae320_A61_popmean,False,0.0,0.0
650000,I,feature_ae320_A62_popmean,False,0.0,0.0
650000,I,feature_ae320_A63_popmean,False,0.0,0.0
650000,I,feature_economic_log1p_retail_yuan_per_resident,True,0.048994757853438826,0.7269956432261213
650000,I,feature_health_log1p_motorized_mean_minutes,True,0.0036446630268137173,0.05408035997334616
650000,I,feature_health_log1p_q90_minutes,True,-0.006386685844596054,-0.09476713401797912
650000,I,feature_health_log1p_sd_minutes,True,-0.0077937528556547885,-0.11564552247388009
650000,I,feature_health_population_fraction_ge60min,True,0.007996722857028375,0.11865723868943111
