country,unit,group,y_true,y_pred,power
China,130100,130000,0.778,0.793529180685225,0
China,130200,130000,0.799,0.800923748957952,0
China,130300,130000,0.778,0.785469727391018,0
China,130400,130000,0.745,0.752678491595306,0
China,130500,130000,0.732,0.752824058254029,0
China,130600,130000,0.74,0.757119376665079,0
China,130700,130000,0.742,0.761465268492691,0
China,130800,130000,0.751,0.756118251300117,0
China,130900,130000,0.757,0.751963023910644,0
China,131000,130000,0.78,0.795327713484777,0
China,131100,130000,0.743,0.750946427839769,0
China,140100,140000,0.822,0.826681409459026,0.5
China,140200,140000,0.761,0.784891467304614,0.5
China,140300,140000,0.775,0.784141380611583,0.5
China,140400,140000,0.766,0.75710020119823,0.5
China,140500,140000,0.779,0.780043450994171,0.5
China,140600,140000,0.786,0.767413914978921,0.5
China,140700,140000,0.761,0.766092452722952,0.5
China,140800,140000,0.749,0.749691724852101,0.5
China,140900,140000,0.748,0.745341434998899,0.5
China,141100,140000,0.756,0.746246677465444,0.5
China,150100,150000,0.802,0.815909167678021,0.5
China,150200,150000,0.817,0.832950147818222,0.5
China,150300,150000,0.805,0.807523145915768,0.5
China,150400,150000,0.738,0.753261104539711,0.5
China,150500,150000,0.745,0.748378868758267,0.5
China,150600,150000,0.818,0.799151024342716,0.5
China,150700,150000,0.761,0.783201298571102,0.5
China,150800,150000,0.763,0.757280225476225,0.5
China,150900,150000,0.746,0.756535827986205,0.5
China,210100,210000,0.826,0.836384585822907,0
China,210200,210000,0.835,0.809514616517763,0
China,210300,210000,0.785,0.795731366636011,0
China,210400,210000,0.761,0.774578622958242,0
China,210500,210000,0.798,0.777436885615792,0
China,210600,210000,0.761,0.764323420586582,0
China,210700,210000,0.776,0.757608343068851,0
China,210800,210000,0.778,0.781902085987568,0
China,210900,210000,0.753,0.755048111641492,0
China,211000,210000,0.781,0.779434502975087,0
China,211100,210000,0.822,0.822157530874983,0
China,211200,210000,0.738,0.729882269528528,0
China,211300,210000,0.737,0.73127264171187,0
China,211400,210000,0.748,0.747364805334945,0
China,220100,220000,0.817,0.792720680546082,0.5
China,220200,220000,0.765,0.774868445169275,0.5
China,220300,220000,0.737,0.741416597073934,0.5
China,220400,220000,0.762,0.759226626330763,0.5
China,220500,220000,0.755,0.782914641608556,0.5
China,220600,220000,0.772,0.795484439194026,0.5
China,220700,220000,0.731,0.737295026967859,0.5
China,220800,220000,0.73,0.743992018422085,0.5
China,230100,230000,0.793,0.809384799768673,0.5
China,230200,230000,0.746,0.736327303877345,0.5
China,230300,230000,0.758,0.79717674328501,0.5
China,230600,230000,0.81,0.806911091394922,0.5
China,230700,230000,0.774,0.806847890435518,0.5
China,231100,230000,0.77,0.764680940537686,0.5
China,350100,350000,0.827,0.828062936480987,0
China,350200,350000,0.845,0.842843584800407,0
China,350300,350000,0.795,0.812328951036126,0
China,350400,350000,0.809,0.792391778144436,0
China,350500,350000,0.807,0.823633596493126,0
China,350600,350000,0.788,0.792870494516251,0
China,350700,350000,0.784,0.781420920021617,0
China,350800,350000,0.802,0.808304966209459,0
China,350900,350000,0.785,0.782430491238399,0
China,360100,360000,0.815,0.821999457411725,0
China,360200,360000,0.76,0.789670704855346,0
China,360300,360000,0.77,0.77695013748285,0
China,360400,360000,0.763,0.782102877734067,0
China,360500,360000,0.794,0.802803108067909,0
China,360600,360000,0.784,0.786531256180736,0
China,360700,360000,0.744,0.762518595698319,0
China,360800,360000,0.75,0.757329257800713,0
China,360900,360000,0.749,0.760446074531247,0
China,361000,360000,0.742,0.74838446355529,0
China,361100,360000,0.741,0.75575219846117,0
China,370100,370000,0.83,0.821373883546989,0
China,370200,370000,0.844,0.830412158349592,0
China,370300,370000,0.806,0.796720688523408,0
China,370400,370000,0.75,0.774829021432007,0
China,370500,370000,0.845,0.803110029848796,0
China,370600,370000,0.829,0.809151352006007,0
China,370700,370000,0.788,0.785127727360292,0
China,370800,370000,0.773,0.775653631865029,0
China,370900,370000,0.77,0.768866588945928,0
China,371000,370000,0.833,0.813801195591966,0
China,371100,370000,0.785,0.771221100466636,0
China,371300,370000,0.747,0.766985299337067,0
China,371400,370000,0.765,0.755681082409718,0
China,371500,370000,0.751,0.73811143179649,0
China,371600,370000,0.774,0.763896860593263,0
China,371700,370000,0.748,0.745057732847943,0
China,410100,410000,0.832,0.824566796681332,0
China,410200,410000,0.75,0.755701068626187,0
China,410300,410000,0.789,0.792806423430895,0
China,410400,410000,0.763,0.759476430433796,0
China,410500,410000,0.75,0.750593717433663,0
China,410600,410000,0.772,0.768261797906056,0
China,410700,410000,0.764,0.753321818019314,0
China,410800,410000,0.784,0.783283614034627,0
China,410900,410000,0.75,0.747063238965075,0
China,411000,410000,0.783,0.775409517573578,0
China,411100,410000,0.782,0.776849922467743,0
China,411200,410000,0.786,0.775381279131511,0
China,411300,410000,0.74,0.752620849763419,0
China,411400,410000,0.737,0.73841135405895,0
China,411500,410000,0.74,0.748673956070483,0
China,411600,410000,0.729,0.73805389705255,0
China,411700,410000,0.745,0.730881895401482,0
China,420100,420000,0.859,0.83655313962892,0
China,420200,420000,0.791,0.790730065418661,0
China,420300,420000,0.783,0.783590871298738,0
China,420500,420000,0.829,0.792577533240946,0
China,420600,420000,0.801,0.780939274203189,0
China,420700,420000,0.809,0.794934533826156,0
China,420800,420000,0.803,0.779971561730736,0
China,420900,420000,0.767,0.772128736846472,0
China,421000,420000,0.765,0.764299121969583,0
China,421100,420000,0.748,0.748185976044438,0
China,421200,420000,0.776,0.761592927133646,0
China,421300,420000,0.771,0.773069159497045,0
China,430100,430000,0.84,0.828254830944049,0
China,430200,430000,0.803,0.79116109154859,0
China,430300,430000,0.804,0.783091908899549,0
China,430400,430000,0.759,0.760057816662855,0
China,430500,430000,0.734,0.744108387138141,0
China,430600,430000,0.79,0.781567883686993,0
China,430700,430000,0.781,0.774363334158761,0
China,430800,430000,0.754,0.738282338302053,0
China,430900,430000,0.757,0.750465610690257,0
China,431000,430000,0.766,0.755499153928123,0
China,431100,430000,0.745,0.732776190571828,0
China,431200,430000,0.737,0.730473055201063,0
China,431300,430000,0.748,0.745367561921521,0
China,440100,440000,0.863,0.843960142162295,-0.5
China,440200,440000,0.764,0.754162375186874,-0.5
China,440300,440000,0.88,0.86242980211885,-0.5
China,440400,440000,0.864,0.84065264572308,-0.5
China,440500,440000,0.761,0.793660426104489,-0.5
China,440600,440000,0.839,0.840827791355695,-0.5
China,440700,440000,0.796,0.787611004932716,-0.5
China,440800,440000,0.754,0.750491411863025,-0.5
China,440900,440000,0.761,0.746021482827928,-0.5
China,441200,440000,0.768,0.762744104897107,-0.5
China,441300,440000,0.794,0.802313689505559,-0.5
China,441400,440000,0.749,0.748950640457843,-0.5
China,441500,440000,0.738,0.751163480917044,-0.5
China,441600,440000,0.75,0.7333899028632,-0.5
China,441700,440000,0.767,0.752161979810255,-0.5
China,441800,440000,0.753,0.741361424723655,-0.5
China,441900,440000,0.815,0.840182820778587,-0.5
China,442000,440000,0.805,0.827845241508008,-0.5
China,445100,440000,0.748,0.771173205709398,-0.5
China,445200,440000,0.739,0.748915024955032,-0.5
China,445300,440000,0.762,0.733143325704262,-0.5
China,450100,450000,0.776,0.789449617519285,0
China,450200,450000,0.782,0.795831818297673,0
China,450300,450000,0.757,0.755113795435607,0
China,450400,450000,0.741,0.731768122620483,0
China,450500,450000,0.792,0.758323018840309,0
China,450600,450000,0.775,0.745304237479261,0
China,450700,450000,0.739,0.721232633900997,0
China,450800,450000,0.721,0.715484017603594,0
China,450900,450000,0.729,0.729053620159268,0
China,451000,450000,0.73,0.713986517657832,0
China,451100,450000,0.741,0.71529200412952,0
China,451200,450000,0.713,0.702230705962952,0
China,451300,450000,0.732,0.699523045664641,0
China,451400,450000,0.707,0.724247358755697,0
China,460100,460000,0.801,0.819666388128208,0
China,460200,460000,0.794,0.813867071711241,0
China,510100,510000,0.821,0.812601971468616,-0.5
China,510300,510000,0.758,0.76991409034392,-0.5
China,510400,510000,0.79,0.782518329046522,-0.5
China,510500,510000,0.751,0.755270130016953,-0.5
China,510600,510000,0.77,0.767515470059758,-0.5
China,510700,510000,0.776,0.772290897946227,-0.5
China,510800,510000,0.739,0.743551104398345,-0.5
China,510900,510000,0.749,0.759292433560876,-0.5
China,511000,510000,0.743,0.75110151506703,-0.5
China,511100,510000,0.767,0.763995475945572,-0.5
China,511300,510000,0.735,0.760171236603997,-0.5
China,511400,510000,0.749,0.748412718037033,-0.5
China,511500,510000,0.762,0.758327041623042,-0.5
China,511600,510000,0.731,0.73290074321564,-0.5
China,511700,510000,0.738,0.749700758783475,-0.5
China,511800,510000,0.756,0.749760796195893,-0.5
China,511900,510000,0.722,0.740652555174945,-0.5
China,512000,510000,0.719,0.738107108070029,-0.5
China,520100,520000,0.775,0.806172207024496,0
China,520200,520000,0.719,0.717600337572377,0
China,520300,520000,0.738,0.740651742358196,0
China,520400,520000,0.707,0.728253574436651,0
China,520500,520000,0.686,0.703591823225234,0
China,520600,520000,0.717,0.745006366444789,0
China,530100,530000,0.805,0.791575441593865,0
China,530300,530000,0.736,0.716303594544581,0
China,530400,530000,0.782,0.763309276529195,0
China,530500,530000,0.73,0.713161001987541,0
China,530600,530000,0.68,0.685295236616158,0
China,530700,530000,0.726,0.726115610462435,0
China,530800,530000,0.711,0.709375735453342,0
China,530900,530000,0.704,0.704370590264586,0
China,540100,540000,0.735,0.772071660656644,0
China,540300,540000,0.659,0.639789108567458,0
China,540400,540000,0.729,0.726914389991104,0
China,540500,540000,0.705,0.710224199970793,0
China,540600,540000,0.611,0.618522557545159,0
China,610100,610000,0.826,0.825263627394528,0
China,610200,610000,0.773,0.767572844590451,0
China,610300,610000,0.787,0.771879697293188,0
China,610400,610000,0.771,0.764662263544067,0
China,610500,610000,0.752,0.741586098595228,0
China,610600,610000,0.777,0.760015015810838,0
China,610700,610000,0.75,0.739626165686551,0
China,610800,610000,0.799,0.76027464179122,0
China,610900,610000,0.733,0.749392973378229,0
China,611000,610000,0.72,0.714969480753378,0
China,620100,620000,0.778,0.815099080982369,-0.5
China,620200,620000,0.817,0.813127210458502,-0.5
China,620300,620000,0.783,0.778570884666954,-0.5
China,620400,620000,0.724,0.72253020560656,-0.5
China,620500,620000,0.687,0.706924478985727,-0.5
China,620600,620000,0.723,0.709530850684542,-0.5
China,620700,620000,0.728,0.745501497149165,-0.5
China,620800,620000,0.69,0.707605113073455,-0.5
China,620900,620000,0.764,0.769140399561035,-0.5
China,621000,620000,0.727,0.700552780605753,-0.5
China,621100,620000,0.663,0.678137193092935,-0.5
China,621200,620000,0.663,0.6738126546605,-0.5
China,630100,630000,0.761,0.784245080303586,0
China,630200,630000,0.707,0.695144033189249,0
China,640100,640000,0.796,0.808821518268551,0
China,640200,640000,0.778,0.772243112048491,0
China,640300,640000,0.74,0.736099269248831,0
China,640400,640000,0.714,0.707559768761364,0
China,640500,640000,0.733,0.723061032010029,0
China,650200,650000,0.871,0.806159515195566,0
USA,01001,01,0.899059951499,0.870748854565333,1
USA,01003,01,0.910353014112,0.895932649835,1
USA,01005,01,0.844566237946,0.861030370089333,1
USA,01007,01,0.84508957139,0.873318005160333,1
USA,01009,01,0.860339172253,0.864549053218333,1
USA,01011,01,0.8304021878,0.854093709087667,1
USA,01013,01,0.855063150912,0.856857221434667,1
USA,01015,01,0.876507127809,0.885881627998667,1
USA,01017,01,0.861028676846,0.878369377282667,1
USA,01019,01,0.867828981248,0.868724391155667,1
USA,01021,01,0.863108572816,0.858668396229333,1
USA,01023,01,0.862484236912,0.857556007204333,1
USA,01025,01,0.861080531901,0.874718818916667,1
USA,01027,01,0.865162216394,0.859887441733333,1
USA,01029,01,0.865424815855,0.869357091261,1
USA,01031,01,0.890857232674,0.86967304038,1
USA,01033,01,0.87589105268,0.877706996221333,1
USA,01035,01,0.845246737278,0.853750001494667,1
USA,01037,01,0.860270890574,0.873222344365,1
USA,01039,01,0.866561807075,0.860696147439333,1
USA,01041,01,0.870245088137,0.843851417001,1
USA,01043,01,0.863919279241,0.870080827527,1
USA,01045,01,0.875865834597,0.865532531658,1
USA,01047,01,0.847365995335,0.860402521827,1
USA,01049,01,0.859090150205,0.856213093375,1
USA,01051,01,0.888974152159,0.871931981410667,1
USA,01053,01,0.847697637678,0.859791093675667,1
USA,01055,01,0.870792638475,0.883258308827667,1
USA,01057,01,0.864516215102,0.865901772076667,1
USA,01059,01,0.85667438368,0.858260110002667,1
USA,01061,01,0.860154741457,0.851923484952333,1
USA,01063,01,0.832101938239,0.847750962546,1
USA,01065,01,0.855977444011,0.849182621641,1
USA,01067,01,0.874754828171,0.857889242296667,1
USA,01069,01,0.892787999459,0.881202665224667,1
USA,01071,01,0.853514971171,0.862452035415,1
USA,01073,01,0.904421459116,0.90838001177,1
USA,01075,01,0.866785663407,0.854750242769,1
USA,01077,01,0.910291991658,0.883472759771667,1
USA,01079,01,0.866414784341,0.853329025821667,1
USA,01081,01,0.932124369126,0.898464380822333,1
USA,01083,01,0.90337631857,0.864583697175333,1
USA,01085,01,0.841477238894,0.842859482915,1
USA,01087,01,0.868399632717,0.878240358907,1
USA,01089,01,0.938831456761,0.897830885290667,1
USA,01091,01,0.86575025839,0.861217983663333,1
USA,01093,01,0.853168773216,0.864522949231667,1
USA,01095,01,0.872991549033,0.867824058139,1
USA,01097,01,0.887810010889,0.903601369721333,1
USA,01099,01,0.852030772372,0.856446696062333,1
USA,01101,01,0.907531081938,0.891817825584,1
USA,01103,01,0.887711172744,0.879934473694667,1
USA,01105,01,0.861334867791,0.85367580474,1
USA,01107,01,0.86165755499,0.859043538804333,1
USA,01109,01,0.897462111342,0.874373630898333,1
USA,01111,01,0.871958397837,0.874289578414,1
USA,01113,01,0.863595862,0.873413899783333,1
USA,01115,01,0.870813207253,0.878567784469333,1
USA,01117,01,0.949417591825,0.896237952215667,1
USA,01119,01,0.880107473045,0.854561689112,1
USA,01121,01,0.865589303959,0.876320137249,1
USA,01123,01,0.868638481021,0.888706722069333,1
USA,01125,01,0.911339575971,0.896675926639667,1
USA,01127,01,0.843561128914,0.880627587794,1
USA,01129,01,0.870072549551,0.861957139798667,1
USA,01131,01,0.836955891209,0.849993891326667,1
USA,01133,01,0.856957418169,0.869931244100333,1
USA,02013,02,0.912717564886,0.886910976765,1
USA,02016,02,0.924792966183,0.898032478165,1
USA,02020,02,0.930216031775,0.885165279884667,1
USA,02050,02,0.830915317082,0.834076144048,1
USA,02060,02,0.903627295302,0.85150847105,1
USA,02068,02,0.906121791289,0.901447454195667,1
USA,02090,02,0.929833230653,0.907203493787,1
USA,02100,02,0.907649755507,0.832203818634667,1
USA,02105,02,0.916988169317,0.851833504059333,1
USA,02110,02,0.944496526002,0.863961238315333,1
USA,02122,02,0.90875273783,0.858589917988333,1
USA,02130,02,0.910787843885,0.870061376713333,1
USA,02150,02,0.912767312052,0.859301787668333,1
USA,02158,02,0.779927108,0.841282243007,1
USA,02164,02,0.855556925682,0.827942755338,1
USA,02170,02,0.903421823922,0.852436924826667,1
USA,02180,02,0.830598210687,0.863311627405,1
USA,02185,02,0.891051621643,0.897521526038333,1
USA,02188,02,0.839536588484,0.860018919754333,1
USA,02195,02,0.900532684623,0.854085692415,1
USA,02198,02,0.893789562916,0.844411464402,1
USA,02220,02,0.933537107127,0.863582102818667,1
USA,02230,02,0.937047097051,0.851104915917667,1
USA,02240,02,0.892679448418,0.861416178506,1
USA,02261,02,0.917461926995,0.849209911337,1
USA,02282,02,0.912708328899,0.840533899073,1
USA,02290,02,0.851489604321,0.863920539334,1
USA,04001,04,0.826015986192,0.88015461573,1
USA,04003,04,0.892125494435,0.888387282720334,1
USA,04005,04,0.928563355378,0.927264218222667,1
USA,04007,04,0.861166288814,0.895857416439667,1
USA,04009,04,0.866755937328,0.865256300798333,1
USA,04011,04,0.875460443118,0.869081041784333,1
USA,04012,04,0.889017196377,0.865677793206333,1
USA,04013,04,0.92194859333,0.923271849628333,1
USA,04015,04,0.870085891389,0.892684350212,1
USA,04017,04,0.841837512992,0.892581835309667,1
USA,04019,04,0.920185423011,0.906444841356,1
USA,04021,04,0.899441463724,0.888862225609,1
USA,04023,04,0.894961462642,0.884267008241,1
USA,04025,04,0.914838898828,0.906632371404333,1
USA,04027,04,0.889910640169,0.892270568506667,1
USA,05001,05,0.86600353921,0.869604474433333,1
USA,05003,05,0.858201214639,0.860270820512333,1
USA,05005,05,0.886623770359,0.893324558865333,1
USA,05007,05,0.920878329449,0.885503738735,1
USA,05009,05,0.880887322222,0.872186087012333,1
USA,05011,05,0.867339692359,0.853341804298667,1
USA,05013,05,0.875606205371,0.862456087807667,1
USA,05015,05,0.885675379802,0.871242275665333,1
USA,05017,05,0.850287424432,0.845900700393,1
USA,05019,05,0.905012472068,0.883332157326,1
USA,05021,05,0.850706376268,0.868836457572667,1
USA,05023,05,0.871232442567,0.886484950953667,1
USA,05025,05,0.88186190949,0.85874622088,1
USA,05027,05,0.876605890459,0.875667949310667,1
USA,05029,05,0.879874317275,0.866004726121,1
USA,05031,05,0.906538173803,0.884297171034333,1
USA,05033,05,0.873471836905,0.870561920503333,1
USA,05035,05,0.858273110744,0.860202747765333,1
USA,05037,05,0.859696532919,0.866137261759,1
USA,05039,05,0.865093111427,0.875327931363,1
USA,05041,05,0.841252503166,0.844862840453333,1
USA,05043,05,0.902270517881,0.871770257258,1
USA,05045,05,0.9112989015,0.891342991459667,1
USA,05047,05,0.850737189765,0.859874293905667,1
USA,05049,05,0.849930344201,0.867347961537333,1
USA,05051,05,0.880884266027,0.898546580256,1
USA,05053,05,0.881010473923,0.871037906311,1
USA,05055,05,0.87155053048,0.876768569489667,1
USA,05057,05,0.865671568753,0.854059734608667,1
USA,05059,05,0.862072455404,0.874204528218333,1
USA,05061,05,0.86601804832,0.843203474701667,1
USA,05063,05,0.884233809664,0.874320674917667,1
USA,05065,05,0.867502425733,0.874240944890333,1
USA,05067,05,0.84426379653,0.874019664993,1
USA,05069,05,0.868845170929,0.889602062417333,1
USA,05071,05,0.86100032778,0.866376052970333,1
USA,05073,05,0.863032078055,0.854368511418667,1
USA,05075,05,0.866765892084,0.869157390480667,1
USA,05077,05,0.843584499868,0.848866610360333,1
USA,05079,05,0.820549710427,0.871330106272667,1
USA,05081,05,0.860558051449,0.851727145449,1
USA,05083,05,0.864477836328,0.864645566758667,1
USA,05085,05,0.8791959896,0.873088995348,1
USA,05087,05,0.865492800189,0.850043548687667,1
USA,05089,05,0.859539430085,0.876901774022,1
USA,05091,05,0.869117071763,0.866743159078,1
USA,05093,05,0.838060958986,0.858307314564,1
USA,05095,05,0.862238608942,0.855093976080333,1
USA,05097,05,0.860992516117,0.858198098269333,1
USA,05099,05,0.85066210768,0.85381420842,1
USA,05101,05,0.881116367834,0.848243839407333,1
USA,05103,05,0.858940846737,0.868436272768667,1
USA,05105,05,0.880978288873,0.858982686678667,1
USA,05107,05,0.841630025365,0.845320822832333,1
USA,05109,05,0.869480222895,0.851349844470333,1
USA,05111,05,0.840341536812,0.854593835693667,1
USA,05113,05,0.852522846816,0.857051128785667,1
USA,05115,05,0.893043480516,0.880784667813667,1
USA,05117,05,0.879088449048,0.862797641485333,1
USA,05119,05,0.905459837497,0.911358368540667,1
USA,05121,05,0.869000986961,0.869094372776,1
USA,05123,05,0.850041545292,0.858514354654667,1
USA,05125,05,0.904951704023,0.885602722716333,1
USA,05127,05,0.838863098399,0.842071021836,1
USA,05129,05,0.854500745543,0.856894103339,1
USA,05131,05,0.8885958153,0.888765772421667,1
USA,05133,05,0.867595952983,0.843741674565667,1
USA,05135,05,0.855829027094,0.875508001657333,1
USA,05137,05,0.869657667597,0.873171913073667,1
USA,05139,05,0.872817563007,0.877041520085667,1
USA,05141,05,0.868648804723,0.879581606668,1
USA,05143,05,0.917902003225,0.889139601084,1
USA,05145,05,0.89364193154,0.878215012392,1
USA,05147,05,0.854117361392,0.850147091961667,1
USA,05149,05,0.860889993378,0.852374228741667,1
USA,06001,06,0.966729413943,0.949765240327333,1
USA,06005,06,0.911933313858,0.915745071090333,1
USA,06007,06,0.91660527567,0.922005734868667,1
USA,06009,06,0.908440431504,0.902207352105667,1
USA,06011,06,0.882157230017,0.880675356026333,1
USA,06013,06,0.958188464888,0.941329100407667,1
USA,06015,06,0.859488188676,0.898982244275333,1
USA,06017,06,0.949933748396,0.926242246145667,1
USA,06019,06,0.888594455446,0.901968138249333,1
USA,06021,06,0.861134555376,0.885996656666333,1
USA,06023,06,0.905574728494,0.919301626082333,1
USA,06025,06,0.883473537842,0.893701547998333,1
USA,06027,06,0.912113058897,0.882989044308667,1
USA,06029,06,0.870345388504,0.894428844463333,1
USA,06031,06,0.879774951701,0.892223893414333,1
USA,06033,06,0.870108544481,0.890960464114,1
USA,06035,06,0.862477055882,0.899171303004667,1
USA,06037,06,0.929911306399,0.951365512116667,1
USA,06039,06,0.883348260773,0.886150237389667,1
USA,06041,06,0.983738214363,0.948202531135,1
USA,06043,06,0.908574545739,0.894105775678,1
USA,06045,06,0.902825119464,0.896311943684667,1
USA,06047,06,0.879513541571,0.901462725191333,1
USA,06049,06,0.86089851148,0.876549017969,1
USA,06051,06,0.92443704784,0.931617414751667,1
USA,06053,06,0.910159580082,0.919544873551333,1
USA,06055,06,0.947297246907,0.922043065255667,1
USA,06057,06,0.942732390585,0.933990704719,1
USA,06059,06,0.958338687235,0.957539464933,1
USA,06061,06,0.956051321275,0.926455720775,1
USA,06063,06,0.914341697324,0.909134794670333,1
USA,06065,06,0.910599414743,0.918757757468667,1
USA,06067,06,0.918202225405,0.932405044454667,1
USA,06069,06,0.918186748525,0.903953274977667,1
USA,06071,06,0.89003358776,0.91541764008,1
USA,06073,06,0.942680473175,0.947607906649333,1
USA,06075,06,0.974281990284,0.972712061558,1
USA,06077,06,0.890727543693,0.916070488919333,1
USA,06079,06,0.953468726576,0.923180890724667,1
USA,06081,06,0.976415263662,0.951625096532334,1
USA,06083,06,0.940213465446,0.932163751992,1
USA,06085,06,0.980274812998,0.949208447374667,1
USA,06087,06,0.963335599523,0.946028659562333,1
USA,06089,06,0.891884407954,0.901855425542,1
USA,06091,06,0.919767259355,0.893687937019333,1
USA,06093,06,0.8862023346,0.881406665349333,1
USA,06095,06,0.91840711901,0.926287829999333,1
USA,06097,06,0.94896387242,0.928616955007667,1
USA,06099,06,0.884824546211,0.917560160334667,1
USA,06101,06,0.892862708127,0.904702566334333,1
USA,06103,06,0.874896989288,0.886112067062333,1
USA,06105,06,0.871571534827,0.878390360126667,1
USA,06107,06,0.870332106965,0.889463223355,1
USA,06109,06,0.905295922831,0.917564865202,1
USA,06111,06,0.941780107732,0.936012991240333,1
USA,06113,06,0.957088445499,0.925487964049333,1
USA,06115,06,0.874521102496,0.884026865491667,1
USA,08001,08,0.903795877531,0.936720721745332,0.5
USA,08003,08,0.879985475853,0.916167696643987,0.5
USA,08005,08,0.937489008963,0.954367807409503,0.5
USA,08007,08,0.917069669091,0.926402135712185,0.5
USA,08009,08,0.883216406394,0.878144691870411,0.5
USA,08011,08,0.82963457901,0.908497925253873,0.5
USA,08013,08,0.973062869712,0.960206799654834,0.5
USA,08014,08,0.950110451135,0.957417638731482,0.5
USA,08015,08,0.912059893457,0.926322771811832,0.5
USA,08017,08,0.898028943604,0.871356309511742,0.5
USA,08019,08,0.943170720869,0.951437691351472,0.5
USA,08021,08,0.860723996886,0.896048752443871,0.5
USA,08023,08,0.854927421577,0.898363739651076,0.5
USA,08025,08,0.846073304378,0.907910040942198,0.5
USA,08027,08,0.909475217582,0.924955190940549,0.5
USA,08029,08,0.890473110981,0.912203710116932,0.5
USA,08031,08,0.940720418664,0.965343581853807,0.5
USA,08033,08,0.896878792555,0.897222780888699,0.5
USA,08035,08,0.973720876181,0.943164234566755,0.5
USA,08037,08,0.955717485919,0.949290276668119,0.5
USA,08039,08,0.945934090466,0.911741255135957,0.5
USA,08041,08,0.921317787371,0.943177374347857,0.5
USA,08043,08,0.868240298823,0.918483706075695,0.5
USA,08045,08,0.917894104173,0.92168142911614,0.5
USA,08047,08,0.950361963863,0.948616539961682,0.5
USA,08049,08,0.935892778328,0.931967807161344,0.5
USA,08051,08,0.960947749957,0.944311056304806,0.5
USA,08055,08,0.872793111893,0.904006059142146,0.5
USA,08057,08,0.894138359838,0.916484893252301,0.5
USA,08059,08,0.946503180614,0.964276751899324,0.5
USA,08061,08,0.890526605822,0.867467387234056,0.5
USA,08063,08,0.886234420097,0.895692414671882,0.5
USA,08065,08,0.913107015779,0.933950330825045,0.5
USA,08067,08,0.954936389865,0.942472003499595,0.5
USA,08069,08,0.959747266375,0.946735562219493,0.5
USA,08071,08,0.879234343104,0.914558984844512,0.5
USA,08073,08,0.852774717061,0.906232959749016,0.5
USA,08075,08,0.900100040843,0.919526737732268,0.5
USA,08077,08,0.911196276323,0.919479935743504,0.5
USA,08081,08,0.87098745385,0.906592565070218,0.5
USA,08083,08,0.882578732167,0.910749817390802,0.5
USA,08085,08,0.895428393416,0.913218670260525,0.5
USA,08087,08,0.865403029859,0.908493118207345,0.5
USA,08089,08,0.860549646006,0.896646461876856,0.5
USA,08091,08,0.951377319333,0.935812704713119,0.5
USA,08093,08,0.943870687937,0.941225828554541,0.5
USA,08095,08,0.899724137862,0.900425613770616,0.5
USA,08097,08,0.968448175758,0.960761141469584,0.5
USA,08099,08,0.866646854449,0.896038155639061,0.5
USA,08101,08,0.884435534744,0.917209487523912,0.5
USA,08103,08,0.91097123527,0.889861724845843,0.5
USA,08105,08,0.889231378849,0.914308413782559,0.5
USA,08107,08,0.964940634353,0.955019267385206,0.5
USA,08109,08,0.878371873626,0.898464354240778,0.5
USA,08113,08,0.969960392181,0.942307282112823,0.5
USA,08115,08,0.885284843641,0.89601453556448,0.5
USA,08117,08,0.951396187947,0.967921795439459,0.5
USA,08119,08,0.93616735504,0.945893970367319,0.5
USA,08121,08,0.88294028221,0.897286028332268,0.5
USA,08123,08,0.921496981373,0.920228849206427,0.5
USA,08125,08,0.892850296924,0.890255013781662,0.5
USA,09001,09,0.967397500988,0.942064572258333,1
USA,09003,09,0.943754018196,0.946579629181333,1
USA,09005,09,0.943320769762,0.925316989944,1
USA,09007,09,0.960380422384,0.932640183685667,1
USA,09009,09,0.942256244257,0.944279295548667,1
USA,09011,09,0.93395888237,0.923176211019,1
USA,09013,09,0.973232165072,0.931696824007,1
USA,09015,09,0.92081764537,0.915157257158667,1
USA,10001,10,0.901402459703,0.903961711177333,1
USA,10003,10,0.931062677447,0.928517245883667,1
USA,10005,10,0.919070980684,0.911873056997667,1
USA,11001,11,0.948188115064,0.939352712636333,1
USA,12001,12,0.939723963486,0.939526365151667,1
USA,12003,12,0.863811769705,0.869845334658667,1
USA,12005,12,0.89162795496,0.887679056608667,1
USA,12007,12,0.839904165959,0.889749806568333,1
USA,12009,12,0.916292383642,0.92540808249,1
USA,12011,12,0.929104971776,0.939549488397667,1
USA,12013,12,0.849583580562,0.852638410298667,1
USA,12015,12,0.915725499823,0.923321417261667,1
USA,12017,12,0.880854889472,0.911735634885,1
USA,12019,12,0.907718102226,0.912034286725,1
USA,12021,12,0.955190576261,0.920533198996,1
USA,12023,12,0.858515730405,0.891594521827,1
USA,12027,12,0.851541179525,0.882474054346333,1
USA,12029,12,0.857144937409,0.890729297804667,1
USA,12031,12,0.898254400594,0.933064397014667,1
USA,12033,12,0.892874396546,0.903632839296,1
USA,12035,12,0.91249723956,0.925200794432333,1
USA,12037,12,0.871211180786,0.878418999424667,1
USA,12039,12,0.86359572551,0.882247875708,1
USA,12041,12,0.867015291877,0.885841240887333,1
USA,12043,12,0.870694410464,0.865894308996667,1
USA,12045,12,0.873597086872,0.864459854374667,1
USA,12047,12,0.82852841206,0.878585141536,1
USA,12049,12,0.849094905958,0.860963635729333,1
USA,12051,12,0.837643321453,0.870112958414333,1
USA,12053,12,0.881636184962,0.909421775941,1
USA,12055,12,0.888320862538,0.887418556069,1
USA,12057,12,0.92390787082,0.927254440876667,1
USA,12059,12,0.83481923787,0.863982705685667,1
USA,12061,12,0.924474794199,0.920752199380667,1
USA,12063,12,0.849807561498,0.869767878958,1
USA,12065,12,0.884547809078,0.885392855795333,1
USA,12067,12,0.869080272971,0.873093263436333,1
USA,12069,12,0.902664876221,0.91178381871,1
USA,12071,12,0.932245970395,0.923039756055667,1
USA,12073,12,0.950027202309,0.936973373780667,1
USA,12075,12,0.861402626584,0.890481758573333,1
USA,12077,12,0.861991030995,0.862772267480667,1
USA,12079,12,0.848200860068,0.882831694930667,1
USA,12081,12,0.922553337317,0.918895442874667,1
USA,12083,12,0.880461943845,0.910086782123333,1
USA,12085,12,0.942159265933,0.926312928817333,1
USA,12086,12,0.918864993359,0.931273745999333,1
USA,12087,12,0.929626238745,0.920184968929,1
USA,12089,12,0.915228400275,0.904655857571667,1
USA,12091,12,0.908323012803,0.901361669952,1
USA,12093,12,0.846477072301,0.881118821951667,1
USA,12095,12,0.928891023715,0.934437423677,1
USA,12097,12,0.890912229888,0.906480624446667,1
USA,12099,12,0.944453085866,0.937137420860667,1
USA,12101,12,0.8989341844,0.914317381848667,1
USA,12103,12,0.922255726989,0.941602332176,1
USA,12105,12,0.887453368854,0.902671816815333,1
USA,12107,12,0.846235972312,0.891526393809,1
USA,12109,12,0.955105770778,0.927012757013333,1
USA,12111,12,0.90568814198,0.92196223771,1
USA,12113,12,0.907287975456,0.888679788344667,1
USA,12115,12,0.943196363973,0.931794871138333,1
USA,12117,12,0.946276231759,0.938050862923,1
USA,12119,12,0.919301002024,0.912637122649333,1
USA,12121,12,0.863397783412,0.889984303993667,1
USA,12123,12,0.837501753756,0.881528426207,1
USA,12125,12,0.785735447856,0.876452402907333,1
USA,12127,12,0.90321640392,0.926787053697667,1
USA,12129,12,0.889454293553,0.887949163849,1
USA,12131,12,0.909228976467,0.889852756989333,1
USA,12133,12,0.827090967335,0.867834576473,1
USA,13001,13,0.844292961268,0.852931760878667,1
USA,13003,13,0.829608528079,0.832599437127,1
USA,13005,13,0.832257997344,0.837923013821333,1
USA,13007,13,0.868491030578,0.843376324637,1
USA,13009,13,0.895884695168,0.888475462526333,1
USA,13011,13,0.876489941639,0.869587699711,1
USA,13013,13,0.881191594291,0.879822076319333,1
USA,13015,13,0.879103241373,0.884843107775667,1
USA,13017,13,0.835088158956,0.857777871065,1
USA,13019,13,0.843588696612,0.851504468227,1
USA,13021,13,0.883628310149,0.892235428048,1
USA,13023,13,0.882363862658,0.854572654844667,1
USA,13025,13,0.840290366716,0.838776944909667,1
USA,13027,13,0.878319193457,0.858226441969333,1
USA,13029,13,0.911703469804,0.865893589851333,1
USA,13031,13,0.91412454016,0.880015886499333,1
USA,13033,13,0.863468337938,0.842547792348667,1
USA,13035,13,0.861931203598,0.877775180210667,1
USA,13037,13,0.826704077489,0.848805484048333,1
USA,13039,13,0.897208952706,0.885805012261333,1
USA,13043,13,0.848501292249,0.843286931666333,1
USA,13045,13,0.88807231663,0.890654218589,1
USA,13047,13,0.899088998075,0.885874319555,1
USA,13049,13,0.855110725619,0.852254274217333,1
USA,13051,13,0.923468141055,0.919068386491,1
USA,13053,13,0.879467334766,0.860280963401,1
USA,13055,13,0.830403353693,0.865753067183667,1
USA,13057,13,0.939294723596,0.909020262911667,1
USA,13059,13,0.938707350173,0.924760642344,1
USA,13061,13,0.862108516245,0.863233455804333,1
USA,13063,13,0.873349148324,0.898636924242667,1
USA,13065,13,0.834592512798,0.834889414599333,1
USA,13067,13,0.952254780737,0.930534320700667,1
USA,13069,13,0.85305509575,0.861196477676667,1
USA,13071,13,0.844311419409,0.861996239604667,1
USA,13073,13,0.938438244132,0.892972172371667,1
USA,13075,13,0.85039288448,0.852914038357667,1
USA,13077,13,0.91800784358,0.901549425765,1
USA,13079,13,0.868587920365,0.841868575701333,1
USA,13081,13,0.861294211804,0.866291338164333,1
USA,13083,13,0.8872605728,0.866747233279333,1
USA,13085,13,0.910277065814,0.896870705192333,1
USA,13087,13,0.838501010272,0.871386075737333,1
USA,13089,13,0.942540856544,0.929228818512333,1
USA,13091,13,0.862540970049,0.853557536867,1
USA,13093,13,0.875036726082,0.848393615400667,1
USA,13095,13,0.881944798171,0.887970204626667,1
USA,13097,13,0.903144779712,0.902503278413333,1
USA,13099,13,0.853217922161,0.842996057276,1
USA,13101,13,0.859258822982,0.829989937686333,1
USA,13103,13,0.894301512087,0.860603689870667,1
USA,13105,13,0.860994634992,0.865165801011333,1
USA,13107,13,0.842833694576,0.846395645381333,1
USA,13109,13,0.858593823085,0.844209007941667,1
USA,13111,13,0.891071665361,0.888036122246333,1
USA,13113,13,0.957995316995,0.917410215152,1
USA,13115,13,0.883429919407,0.887171356513333,1
USA,13117,13,0.96431537435,0.896966035735,1
USA,13119,13,0.868980866252,0.863819968010333,1
USA,13121,13,0.953257201167,0.936199096403333,1
USA,13123,13,0.886639061035,0.888965996258,1
USA,13125,13,0.856720078684,0.829540407885667,1
USA,13127,13,0.911185843575,0.909898343461667,1
USA,13129,13,0.866831926187,0.873254988191,1
USA,13131,13,0.871601245716,0.862830717673667,1
USA,13133,13,0.913155577802,0.881876362606333,1
USA,13135,13,0.928744062907,0.918075219050333,1
USA,13137,13,0.880497747484,0.879770363091667,1
USA,13139,13,0.903932851562,0.894436347162,1
USA,13141,13,0.821525538635,0.866306634096333,1
USA,13143,13,0.858151667991,0.882102590593,1
USA,13145,13,0.929740564221,0.884128076612333,1
USA,13147,13,0.873387496216,0.868863089589333,1
USA,13149,13,0.853433714972,0.867350888072667,1
USA,13151,13,0.906713962366,0.891964676887667,1
USA,13153,13,0.913437030239,0.878318751974667,1
USA,13155,13,0.860663772331,0.843373329550333,1
USA,13157,13,0.895657212436,0.874101106501,1
USA,13159,13,0.864178069139,0.869836104265667,1
USA,13161,13,0.845084945879,0.846411405959333,1
USA,13163,13,0.838479499792,0.847775901130667,1
USA,13165,13,0.824383325333,0.834402696462667,1
USA,13167,13,0.856255555264,0.851837732336,1
USA,13169,13,0.905424440219,0.866846447742,1
USA,13171,13,0.88244099926,0.870795222662,1
USA,13173,13,0.856989843072,0.843736049365333,1
USA,13175,13,0.860393566833,0.853560942774667,1
USA,13177,13,0.910094579477,0.854608811653333,1
USA,13179,13,0.872177963635,0.857241151520667,1
USA,13181,13,0.877829012146,0.868713663591333,1
USA,13183,13,0.87351305084,0.822010300094333,1
USA,13185,13,0.894844934942,0.889409575752,1
USA,13187,13,0.904979288465,0.889262992622667,1
USA,13189,13,0.853265997018,0.862911597031333,1
USA,13191,13,0.915803716071,0.885257098883333,1
USA,13193,13,0.827098313324,0.85630156679,1
USA,13195,13,0.878342181487,0.859286008491,1
USA,13197,13,0.874120487896,0.840734697260333,1
USA,13199,13,0.853520851142,0.874640323962333,1
USA,13201,13,0.839364096322,0.84864540369,1
USA,13205,13,0.843101033617,0.856252384282333,1
USA,13207,13,0.911166759948,0.882724789072667,1
USA,13209,13,0.868005961725,0.851146225684667,1
USA,13211,13,0.895943499502,0.869967762892667,1
USA,13213,13,0.852058542712,0.858033190309,1
USA,13215,13,0.88790986061,0.905604422471,1
USA,13217,13,0.881544300814,0.883148956859,1
USA,13219,13,0.971407712149,0.876695755231333,1
USA,13221,13,0.886744002795,0.849332580780333,1
USA,13223,13,0.905247576787,0.893493602751667,1
USA,13225,13,0.893617034364,0.872142031186333,1
USA,13227,13,0.895884021807,0.891611127749333,1
USA,13229,13,0.844017000926,0.842860501459667,1
USA,13231,13,0.880288008604,0.856984467334667,1
USA,13233,13,0.847791990316,0.872663870387333,1
USA,13235,13,0.879408581093,0.86563938921,1
USA,13237,13,0.895586489935,0.883604378434333,1
USA,13239,13,0.838575588547,0.851592353145333,1
USA,13241,13,0.894861503294,0.892359636761667,1
USA,13243,13,0.84542204681,0.832544395098,1
USA,13245,13,0.866535870039,0.893112005528,1
USA,13247,13,0.899462986993,0.903275879539,1
USA,13249,13,0.887157966669,0.845588684618667,1
USA,13251,13,0.866942461078,0.849990435427333,1
USA,13253,13,0.865268592982,0.850519102088,1
USA,13255,13,0.856846247859,0.882326268775333,1
USA,13257,13,0.875443217829,0.881674613858667,1
USA,13259,13,0.810091329598,0.873227461431667,1
USA,13261,13,0.875439440791,0.865322187078,1
USA,13263,13,0.85208091482,0.863576756053667,1
USA,13265,13,0.832112577789,0.866879822984667,1
USA,13267,13,0.85052150891,0.849774689173,1
USA,13269,13,0.853526354489,0.842220782931,1
USA,13271,13,0.842445392614,0.861984775835333,1
USA,13273,13,0.857288182818,0.857385340226333,1
USA,13275,13,0.886239841893,0.881318255340667,1
USA,13277,13,0.874584055635,0.876743744839333,1
USA,13279,13,0.862807900125,0.855855913914333,1
USA,13281,13,0.911400042935,0.885814028216333,1
USA,13283,13,0.855602546898,0.844832465308333,1
USA,13285,13,0.868793614831,0.891603657203333,1
USA,13287,13,0.834362834686,0.845245203601667,1
USA,13289,13,0.864043011405,0.839938621999333,1
USA,13291,13,0.896689532876,0.882721870296333,1
USA,13293,13,0.848792669064,0.867881038129667,1
USA,13295,13,0.872368721378,0.873349279188333,1
USA,13297,13,0.892964218242,0.882580274445333,1
USA,13299,13,0.842948299395,0.870752908101667,1
USA,13301,13,0.858061626429,0.851032685179333,1
USA,13303,13,0.864543050811,0.849732247316333,1
USA,13305,13,0.85143241556,0.851183570808,1
USA,13307,13,0.885465740036,0.833804571758333,1
USA,13309,13,0.857109842016,0.856564619283333,1
USA,13311,13,0.905725724786,0.885937060932333,1
USA,13313,13,0.879629142759,0.884833413493,1
USA,13315,13,0.847156979094,0.839118034666,1
USA,13317,13,0.860060267554,0.863582387359667,1
USA,13319,13,0.86100085258,0.839563270850667,1
USA,13321,13,0.871604214389,0.853742790472667,1
USA,15001,15,0.912815858384,0.898994549764,1
USA,15003,15,0.934970900196,0.945356756485333,1
USA,15007,15,0.910912862007,0.908951799578333,1
USA,15009,15,0.91813361818,0.933466888731333,1
USA,16001,16,0.940482511184,0.920294741380333,1
USA,16003,16,0.894464983848,0.900407763364333,1
USA,16005,16,0.909460511474,0.913444539655,1
USA,16007,16,0.882069681172,0.901148959502,1
USA,16009,16,0.863341395275,0.895149223888333,1
USA,16011,16,0.87961413536,0.898160461582333,1
USA,16013,16,0.92941137097,0.933034196801333,1
USA,16015,16,0.930767177262,0.893458388853,1
USA,16017,16,0.899107768606,0.910214562157667,1
USA,16019,16,0.904500045394,0.915944047197333,1
USA,16021,16,0.890724731174,0.893740259205667,1
USA,16023,16,0.901094883067,0.894244206721,1
USA,16025,16,0.939720674505,0.876624944298333,1
USA,16027,16,0.882436594364,0.892688362578667,1
USA,16029,16,0.891818356534,0.901734205651,1
USA,16031,16,0.871491535436,0.890119548197,1
USA,16035,16,0.873278357299,0.907658853438667,1
USA,16037,16,0.884638370856,0.907706940363,1
USA,16039,16,0.874350810185,0.884431726589,1
USA,16041,16,0.887848860191,0.900137753017,1
USA,16043,16,0.89032725389,0.911383890408667,1
USA,16045,16,0.876264948163,0.876167377522333,1
USA,16047,16,0.874388397409,0.888462956649667,1
USA,16049,16,0.886432988957,0.897376069100667,1
USA,16051,16,0.905853030479,0.896486323217667,1
USA,16053,16,0.868349642038,0.894257743611,1
USA,16055,16,0.910462438644,0.917204179855333,1
USA,16057,16,0.961503496736,0.932721118181667,1
USA,16059,16,0.884713859907,0.893013583343667,1
USA,16061,16,0.878192055636,0.896559488726667,1
USA,16063,16,0.855344748554,0.864850490714667,1
USA,16065,16,0.922112133957,0.929145239479,1
USA,16067,16,0.877740450044,0.904218662146333,1
USA,16069,16,0.904451190433,0.914226139454,1
USA,16071,16,0.874584374836,0.887129208810667,1
USA,16073,16,0.861509514243,0.867697543813333,1
USA,16075,16,0.87474653182,0.874997287668667,1
USA,16077,16,0.881878797093,0.876919655132,1
USA,16079,16,0.847444198996,0.891813530310667,1
USA,16081,16,0.933406233618,0.914962507787333,1
USA,16083,16,0.888684991381,0.906310023158333,1
USA,16085,16,0.934429493425,0.920849162382333,1
USA,16087,16,0.86614567897,0.880367512035,1
USA,17001,17,0.906997910061,0.917181364776667,1
USA,17003,17,0.844845992357,0.844895192512667,1
USA,17005,17,0.928919209369,0.896618361406,1
USA,17007,17,0.916739785859,0.919013562204333,1
USA,17009,17,0.870637946355,0.898633524772,1
USA,17011,17,0.902687063371,0.905709868015333,1
USA,17013,17,0.929103074007,0.890651874115667,1
USA,17015,17,0.898111394887,0.910655289834333,1
USA,17017,17,0.876094827162,0.893563090582,1
USA,17019,17,0.961540254315,0.935335322754667,1
USA,17021,17,0.886249771088,0.906833384782333,1
USA,17023,17,0.884379636825,0.888845828153,1
USA,17025,17,0.866576329495,0.883346161358667,1
USA,17027,17,0.913824513207,0.907408631567667,1
USA,17029,17,0.924500806555,0.924077600583,1
USA,17031,17,0.934144497559,0.934211257224333,1
USA,17033,17,0.881197533534,0.896724344843333,1
USA,17035,17,0.901686939061,0.879230527386333,1
USA,17037,17,0.935488964779,0.923665674721667,1
USA,17039,17,0.891518165476,0.906041568860333,1
USA,17041,17,0.880561908001,0.891855105057333,1
USA,17043,17,0.968386525148,0.948088365449333,1
USA,17045,17,0.880394892173,0.902797379905333,1
USA,17047,17,0.886143615129,0.869208798897,1
USA,17049,17,0.906615432523,0.902080280913667,1
USA,17051,17,0.880202427153,0.892122507946,1
USA,17053,17,0.88996467947,0.900509403040667,1
USA,17055,17,0.86757336904,0.891162763964667,1
USA,17057,17,0.893187567688,0.913227436292667,1
USA,17059,17,0.882381499949,0.866357041475667,1
USA,17061,17,0.875978603105,0.902466987755667,1
USA,17063,17,0.911335596467,0.910960748617,1
USA,17065,17,0.896121811894,0.871360410586,1
USA,17067,17,0.905456819781,0.903559479055,1
USA,17069,17,0.863230238574,0.872715278511333,1
USA,17071,17,0.894033080519,0.899417152924333,1
USA,17073,17,0.914398589741,0.918452779630667,1
USA,17075,17,0.884842840514,0.899484652172333,1
USA,17077,17,0.933224102418,0.908471355192,1
USA,17079,17,0.898480921173,0.879715761992,1
USA,17081,17,0.883187868561,0.891126257934333,1
USA,17083,17,0.911602177953,0.909188518479667,1
USA,17085,17,0.927369642388,0.914899523952667,1
USA,17087,17,0.885874179889,0.877295323997667,1
USA,17089,17,0.937619622404,0.930044777402,1
USA,17091,17,0.898825692714,0.918969054008,1
USA,17093,17,0.94205221702,0.916637492527,1
USA,17095,17,0.890489189928,0.929475239402333,1
USA,17097,17,0.950432866173,0.933385035354333,1
USA,17099,17,0.892465922502,0.921407210357,1
USA,17101,17,0.858485282271,0.886348646689333,1
USA,17103,17,0.902035073457,0.916537904390667,1
USA,17105,17,0.88274262998,0.907724477346667,1
USA,17107,17,0.899986896224,0.913714343119333,1
USA,17109,17,0.931982080486,0.929091036454667,1
USA,17111,17,0.941598442036,0.932905991483333,1
USA,17113,17,0.960455733912,0.924916963352,1
USA,17115,17,0.899300688113,0.920689523769,1
USA,17117,17,0.908417331682,0.901455164630667,1
USA,17119,17,0.918232780321,0.922895178707667,1
USA,17121,17,0.867905441438,0.892519939630333,1
USA,17123,17,0.891258764904,0.899109715501333,1
USA,17125,17,0.88252047092,0.896155478702333,1
USA,17127,17,0.868244807202,0.872022780728667,1
USA,17129,17,0.919510727371,0.896477296471,1
USA,17131,17,0.903976640994,0.909202259401667,1
USA,17133,17,0.949381030913,0.910190370583,1
USA,17135,17,0.884065633313,0.904502947472,1
USA,17137,17,0.905096698074,0.920929993197,1
USA,17139,17,0.872875330933,0.887691573568667,1
USA,17141,17,0.906265487258,0.913210836481333,1
USA,17143,17,0.920476806111,0.922532964281333,1
USA,17145,17,0.875250951052,0.891469512909667,1
USA,17147,17,0.916443894715,0.906861252411667,1
USA,17149,17,0.886698355078,0.894200169742667,1
USA,17151,17,0.871687378442,0.866014229233667,1
USA,17153,17,0.852694935517,0.855514549047333,1
USA,17155,17,0.908662358677,0.903679227990333,1
USA,17157,17,0.881438745794,0.896380547163667,1
USA,17159,17,0.888047098188,0.887054561288667,1
USA,17161,17,0.91137008674,0.930579875889,1
USA,17163,17,0.902676086458,0.919491798733,1
USA,17165,17,0.866960320386,0.88777768786,1
USA,17167,17,0.929973503394,0.925318211596333,1
USA,17169,17,0.887654213291,0.900518216097667,1
USA,17171,17,0.894537491031,0.891045451010333,1
USA,17173,17,0.900931316952,0.891148981275667,1
USA,17175,17,0.893622698468,0.902714509972667,1
USA,17177,17,0.899545702579,0.923139599075333,1
USA,17179,17,0.92325636091,0.922257177264333,1
USA,17181,17,0.881844237792,0.880228450782,1
USA,17183,17,0.876933302911,0.907716460767667,1
USA,17185,17,0.897423249532,0.885186512478,1
USA,17187,17,0.908265646739,0.912419276155667,1
USA,17189,17,0.908886540395,0.891890645014333,1
USA,17191,17,0.879311147278,0.876133170373,1
USA,17193,17,0.878028125829,0.876844511533333,1
USA,17195,17,0.892512467771,0.924427209655667,1
USA,17197,17,0.932960583306,0.930902791079667,1
USA,17199,17,0.90542034127,0.896857149732,1
USA,17201,17,0.897122125465,0.936623145993,1
USA,17203,17,0.945596633428,0.906656752054667,1
USA,18001,18,0.866081108789,0.870682569468404,0.5
USA,18003,18,0.903390276093,0.91785197648059,0.5
USA,18005,18,0.909478496754,0.90890372153037,0.5
USA,18007,18,0.883786808073,0.886286245262502,0.5
USA,18009,18,0.867727338805,0.897955270046315,0.5
USA,18011,18,0.937207989377,0.918067569414698,0.5
USA,18013,18,0.915243947364,0.885515539626752,0.5
USA,18015,18,0.900245209103,0.901001252755922,0.5
USA,18017,18,0.88049978351,0.902916480477642,0.5
USA,18019,18,0.890881215494,0.907524086631676,0.5
USA,18021,18,0.885645441763,0.897759060016156,0.5
USA,18023,18,0.876940214471,0.894257289358052,0.5
USA,18025,18,0.853981967356,0.85590426007853,0.5
USA,18027,18,0.843339835277,0.872641961728857,0.5
USA,18029,18,0.900611786579,0.896240315405487,0.5
USA,18031,18,0.888076772039,0.898397570285069,0.5
USA,18033,18,0.894276655148,0.896604847627798,0.5
USA,18035,18,0.903507137622,0.92959779040242,0.5
USA,18037,18,0.910507603581,0.88596844734066,0.5
USA,18039,18,0.884455762681,0.906247713894322,0.5
USA,18041,18,0.850444833581,0.900033915119924,0.5
USA,18043,18,0.912735381126,0.905231077948356,0.5
USA,18045,18,0.879350616259,0.898097975366779,0.5
USA,18047,18,0.895856437496,0.879603865347378,0.5
USA,18049,18,0.884135808571,0.899284968064225,0.5
USA,18051,18,0.900952082008,0.890226973666401,0.5
USA,18053,18,0.888858909073,0.910389272711078,0.5
USA,18055,18,0.87429449215,0.881492853078307,0.5
USA,18057,18,0.96603736231,0.929912902575146,0.5
USA,18059,18,0.915843993241,0.917802361074988,0.5
USA,18061,18,0.890970245307,0.882316777084944,0.5
USA,18063,18,0.934534731187,0.927963607076677,0.5
USA,18065,18,0.870723377328,0.910569388761527,0.5
USA,18067,18,0.886168239868,0.916278189123674,0.5
USA,18069,18,0.90057853834,0.902978096112329,0.5
USA,18071,18,0.872092912136,0.888261624036322,0.5
USA,18073,18,0.889892756915,0.898214424428483,0.5
USA,18075,18,0.861823411689,0.878452924339025,0.5
USA,18077,18,0.886198980032,0.892822147290058,0.5
USA,18079,18,0.868841202741,0.879289232477955,0.5
USA,18081,18,0.918501116348,0.927324877108887,0.5
USA,18083,18,0.889999561497,0.896294851419404,0.5
USA,18085,18,0.896955179342,0.905972940906141,0.5
USA,18087,18,0.826764969804,0.874590875802671,0.5
USA,18089,18,0.890835041249,0.92346677296534,0.5
USA,18091,18,0.883334506954,0.911346568229137,0.5
USA,18093,18,0.881898189879,0.883875689172712,0.5
USA,18095,18,0.877782407884,0.915718869321744,0.5
USA,18097,18,0.894173265719,0.93709818301143,0.5
USA,18099,18,0.883000340672,0.893652150190209,0.5
USA,18101,18,0.890612817944,0.871642266731309,0.5
USA,18103,18,0.872436245652,0.898987391226761,0.5
USA,18105,18,0.955475567782,0.932122134707217,0.5
USA,18107,18,0.892987955536,0.906848623418982,0.5
USA,18109,18,0.894306186464,0.909514155733629,0.5
USA,18111,18,0.874613602959,0.892106646251022,0.5
USA,18113,18,0.874399396063,0.892698233405379,0.5
USA,18115,18,0.888506671415,0.873676722353842,0.5
USA,18117,18,0.862558300225,0.868968480897497,0.5
USA,18119,18,0.870612332667,0.882953537158601,0.5
USA,18121,18,0.879146685257,0.888688412893674,0.5
USA,18123,18,0.880458654329,0.872246330474464,0.5
USA,18125,18,0.881303769858,0.865339692511228,0.5
USA,18127,18,0.92314453542,0.918267226530241,0.5
USA,18129,18,0.921370739171,0.895231550726097,0.5
USA,18131,18,0.868551269053,0.888520642749893,0.5
USA,18133,18,0.904345026147,0.910496148155241,0.5
USA,18135,18,0.872552638908,0.882057503491237,0.5
USA,18137,18,0.887657942382,0.878629686900451,0.5
USA,18139,18,0.875841269323,0.89535867567777,0.5
USA,18141,18,0.911830615291,0.920008987614569,0.5
USA,18143,18,0.840658252051,0.882323264588184,0.5
USA,18145,18,0.89103395996,0.907647964803623,0.5
USA,18147,18,0.898006687424,0.873783750229615,0.5
USA,18149,18,0.85778746005,0.878669468059849,0.5
USA,18151,18,0.91924359946,0.911944841576569,0.5
USA,18153,18,0.872874620505,0.892151990139994,0.5
USA,18155,18,0.858486454898,0.862624683936774,0.5
USA,18157,18,0.941400841312,0.932339317270085,0.5
USA,18159,18,0.903721360096,0.897076669705359,0.5
USA,18161,18,0.874763335768,0.890179426834842,0.5
USA,18163,18,0.907218997491,0.916779541753084,0.5
USA,18165,18,0.876217782288,0.900607204021941,0.5
USA,18167,18,0.902753756473,0.922062793786515,0.5
USA,18169,18,0.889669257732,0.90420472243014,0.5
USA,18171,18,0.906304045963,0.880224712417651,0.5
USA,18173,18,0.926792575207,0.893350465423355,0.5
USA,18175,18,0.863973673644,0.880058636798814,0.5
USA,18177,18,0.873139823066,0.908646525648445,0.5
USA,18179,18,0.901186708578,0.894468501558259,0.5
USA,18181,18,0.889025528273,0.903971814405106,0.5
USA,18183,18,0.904819737819,0.901138927246284,0.5
USA,19001,19,0.898850711567,0.894298619783713,0.5
USA,19003,19,0.895588186304,0.890436839411324,0.5
USA,19005,19,0.909469332277,0.887534475743982,0.5
USA,19007,19,0.881810836795,0.890111912860003,0.5
USA,19009,19,0.893375326628,0.89603222200717,0.5
USA,19011,19,0.919794026983,0.898761216472455,0.5
USA,19013,19,0.927538992711,0.92684539693955,0.5
USA,19015,19,0.918205599378,0.912349961616578,0.5
USA,19017,19,0.957139703084,0.908867720280375,0.5
USA,19019,19,0.910070909721,0.89123853647649,0.5
USA,19021,19,0.911528851526,0.900927078292426,0.5
USA,19023,19,0.904084464474,0.889652970119856,0.5
USA,19025,19,0.908909850177,0.899401531201426,0.5
USA,19027,19,0.913509630711,0.907791244583642,0.5
USA,19029,19,0.883215678522,0.910381818489393,0.5
USA,19031,19,0.929228926441,0.8989120590827,0.5
USA,19033,19,0.913517778567,0.925947919025911,0.5
USA,19035,19,0.910829174727,0.900558199171262,0.5
USA,19037,19,0.900437962188,0.893131270386993,0.5
USA,19039,19,0.881803185193,0.886783439621669,0.5
USA,19041,19,0.910080055428,0.910997912853096,0.5
USA,19043,19,0.904511525968,0.895582874533409,0.5
USA,19045,19,0.896621746962,0.909984678947339,0.5
USA,19047,19,0.893445221974,0.899729101429871,0.5
USA,19049,19,0.955191812013,0.90963144660852,0.5
USA,19051,19,0.845571148068,0.865253698206047,0.5
USA,19053,19,0.908483879595,0.887625638832636,0.5
USA,19055,19,0.922699316942,0.898343259417591,0.5
USA,19057,19,0.90191007576,0.919786625766118,0.5
USA,19059,19,0.931545015659,0.928773650234577,0.5
USA,19061,19,0.941301217974,0.919950218647845,0.5
USA,19063,19,0.921337624922,0.91528683025493,0.5
USA,19065,19,0.911247092873,0.904850199584407,0.5
USA,19067,19,0.897442732404,0.90068889358171,0.5
USA,19069,19,0.906550922477,0.89394632972586,0.5
USA,19071,19,0.903888951655,0.905277977598847,0.5
USA,19073,19,0.905728476235,0.892324258435802,0.5
USA,19075,19,0.926689274893,0.893299872097566,0.5
USA,19077,19,0.907014342543,0.899604451958348,0.5
USA,19079,19,0.918028909008,0.899711552639002,0.5
USA,19081,19,0.916418421575,0.903372760749791,0.5
USA,19083,19,0.908825968903,0.910009005971352,0.5
USA,19085,19,0.893845844526,0.892538979565398,0.5
USA,19087,19,0.905286670863,0.907506077897567,0.5
USA,19089,19,0.901025986384,0.884813835024426,0.5
USA,19091,19,0.916355369306,0.894508636479147,0.5
USA,19093,19,0.904884897556,0.894333252078215,0.5
USA,19095,19,0.911152267609,0.899512703784186,0.5
USA,19097,19,0.902480494209,0.900833466331677,0.5
USA,19099,19,0.898618202105,0.908020594154477,0.5
USA,19101,19,0.934371262794,0.919831925068958,0.5
USA,19103,19,0.979818665052,0.934855415135935,0.5
USA,19105,19,0.914097966718,0.899769380562621,0.5
USA,19107,19,0.905077739988,0.884207677412961,0.5
USA,19109,19,0.916032271155,0.901798195093056,0.5
USA,19111,19,0.883060908509,0.911363794975188,0.5
USA,19113,19,0.937089723587,0.932372560224834,0.5
USA,19115,19,0.898530687249,0.893441014493726,0.5
USA,19117,19,0.902962834413,0.890914045284741,0.5
USA,19119,19,0.914098109088,0.886833158471422,0.5
USA,19121,19,0.927497489063,0.890114620477825,0.5
USA,19123,19,0.915881348647,0.897824305620394,0.5
USA,19125,19,0.926164343723,0.90716482545506,0.5
USA,19127,19,0.878452851345,0.90234110211379,0.5
USA,19129,19,0.919031883942,0.901784221285124,0.5
USA,19131,19,0.904076019872,0.892262578469365,0.5
USA,19133,19,0.890739400798,0.898989625552155,0.5
USA,19135,19,0.873683135621,0.884260497108838,0.5
USA,19137,19,0.886872587761,0.90775734277374,0.5
USA,19139,19,0.901147887253,0.908914965821768,0.5
USA,19141,19,0.901778841206,0.905147960552284,0.5
USA,19143,19,0.911252043025,0.898220375248064,0.5
USA,19145,19,0.90002286847,0.911996084380339,0.5
USA,19147,19,0.92051115539,0.892031614398709,0.5
USA,19149,19,0.918894537948,0.902982511620003,0.5
USA,19151,19,0.891578005239,0.897045707593186,0.5
USA,19153,19,0.926618900805,0.93211791559135,0.5
USA,19155,19,0.90309587165,0.917218238970366,0.5
USA,19157,19,0.931776273652,0.920235291072068,0.5
USA,19159,19,0.898440873192,0.887987698729966,0.5
USA,19161,19,0.908839974127,0.89081952909746,0.5
USA,19163,19,0.925961857478,0.933124349285138,0.5
USA,19165,19,0.921121493881,0.89751576693951,0.5
USA,19167,19,0.945196525748,0.904717812182815,0.5
USA,19169,19,0.971010932961,0.936394902612526,0.5
USA,19171,19,0.89205180625,0.889296258154283,0.5
USA,19173,19,0.895837030804,0.891094996167996,0.5
USA,19175,19,0.892544835018,0.90668853458634,0.5
USA,19177,19,0.877665926142,0.880631696403204,0.5
USA,19179,19,0.884599899243,0.908225732659876,0.5
USA,19181,19,0.938665249027,0.90542660325091,0.5
USA,19183,19,0.904166419021,0.900105629382693,0.5
USA,19185,19,0.864509091569,0.875118216283451,0.5
USA,19187,19,0.892630734748,0.912503949102439,0.5
USA,19189,19,0.918556225593,0.909816007477432,0.5
USA,19191,19,0.96190222232,0.913090952201495,0.5
USA,19193,19,0.900871553108,0.920199670888901,0.5
USA,19195,19,0.910023681006,0.900043177710983,0.5
USA,19197,19,0.899582027329,0.892435697756491,0.5
USA,20001,20,0.888956764551,0.895784936981054,0.5
USA,20003,20,0.887959733487,0.884049460795555,0.5
USA,20005,20,0.906585606179,0.908615397297191,0.5
USA,20007,20,0.883450944658,0.876410238842207,0.5
USA,20009,20,0.892961249144,0.908555401505067,0.5
USA,20011,20,0.891055813194,0.873414861167439,0.5
USA,20013,20,0.883677585148,0.891335438876467,0.5
USA,20015,20,0.913183576149,0.902909545778299,0.5
USA,20017,20,0.873177864765,0.87359364434734,0.5
USA,20019,20,0.861388552174,0.868036625360663,0.5
USA,20021,20,0.876809758596,0.861806535749905,0.5
USA,20023,20,0.918177741151,0.884981233047108,0.5
USA,20025,20,0.890390698999,0.867773666998811,0.5
USA,20027,20,0.910521893077,0.896670887485737,0.5
USA,20029,20,0.892044252034,0.901514617045562,0.5
USA,20031,20,0.900923372246,0.891204837836112,0.5
USA,20033,20,0.863711230806,0.876903109950266,0.5
USA,20035,20,0.888810848611,0.899205346494105,0.5
USA,20037,20,0.903794229568,0.886650154496498,0.5
USA,20039,20,0.90540677224,0.894659265339647,0.5
USA,20041,20,0.899238641902,0.898787246239733,0.5
USA,20043,20,0.915961001913,0.897951203012488,0.5
USA,20045,20,0.963694201044,0.942676234883224,0.5
USA,20047,20,0.865957359077,0.883724924470173,0.5
USA,20049,20,0.876772602551,0.871644811002503,0.5
USA,20051,20,0.937791871824,0.914772075467992,0.5
USA,20053,20,0.898244611762,0.90455548046884,0.5
USA,20055,20,0.877447765448,0.894057294601642,0.5
USA,20057,20,0.871265078761,0.892312102577489,0.5
USA,20059,20,0.89466436278,0.904679659253305,0.5
USA,20061,20,0.873470876425,0.893173079324228,0.5
USA,20063,20,0.897266552383,0.893376888312093,0.5
USA,20065,20,0.895954551064,0.889386145744361,0.5
USA,20067,20,0.869978650937,0.872742351430572,0.5
USA,20069,20,0.883891015782,0.875064295529608,0.5
USA,20071,20,0.891620488535,0.881819220822173,0.5
USA,20073,20,0.888066654247,0.881994982072412,0.5
USA,20075,20,0.861889931839,0.859392200921625,0.5
USA,20077,20,0.863204466301,0.881297187206483,0.5
USA,20079,20,0.910438590838,0.911274455658368,0.5
USA,20081,20,0.862341890694,0.876451101158838,0.5
USA,20083,20,0.909902000237,0.88152581304171,0.5
USA,20085,20,0.904371871623,0.895112724184868,0.5
USA,20087,20,0.909068423484,0.896665231398755,0.5
USA,20089,20,0.890199379739,0.89264288992281,0.5
USA,20091,20,0.96178433901,0.948603708164495,0.5
USA,20093,20,0.86559471342,0.874753504962744,0.5
USA,20095,20,0.890798526557,0.886946205694791,0.5
USA,20097,20,0.910529458388,0.886718382173672,0.5
USA,20099,20,0.864687997877,0.878829790723786,0.5
USA,20101,20,0.859936630982,0.880447024000473,0.5
USA,20103,20,0.919688659528,0.917903479617482,0.5
USA,20105,20,0.903069432706,0.8836290449997,0.5
USA,20107,20,0.877474503074,0.873095524087681,0.5
USA,20109,20,0.908119058995,0.887550338533248,0.5
USA,20111,20,0.919475545032,0.913062242921162,0.5
USA,20113,20,0.912129634843,0.913791858514493,0.5
USA,20115,20,0.915390928397,0.891914313424409,0.5
USA,20117,20,0.89896721295,0.893232739227447,0.5
USA,20119,20,0.877196406867,0.88116123901105,0.5
USA,20121,20,0.925708425361,0.898851980484322,0.5
USA,20123,20,0.9177064236,0.902344609362729,0.5
USA,20125,20,0.881255345408,0.886426814924801,0.5
USA,20127,20,0.905796720268,0.888267202314313,0.5
USA,20129,20,0.838243434223,0.872635742644029,0.5
USA,20131,20,0.916104165413,0.891167065790575,0.5
USA,20133,20,0.896537390977,0.886766834643033,0.5
USA,20135,20,0.910164272342,0.876269900572578,0.5
USA,20137,20,0.883093992769,0.897330879479177,0.5
USA,20139,20,0.883176597791,0.886491198002891,0.5
USA,20141,20,0.899541775293,0.892838443873764,0.5
USA,20143,20,0.895520594546,0.889962374803392,0.5
USA,20145,20,0.890985695288,0.912165535880775,0.5
USA,20147,20,0.904832621296,0.895381965977541,0.5
USA,20149,20,0.929889674546,0.894686623465422,0.5
USA,20151,20,0.910212262499,0.899101259514511,0.5
USA,20153,20,0.904406787482,0.884892504037288,0.5
USA,20155,20,0.898589262363,0.91050374459798,0.5
USA,20157,20,0.914122391043,0.898060969694377,0.5
USA,20159,20,0.904264754313,0.894102806414407,0.5
USA,20161,20,0.949164643094,0.942544696411892,0.5
USA,20163,20,0.900443981446,0.886687022379583,0.5
USA,20165,20,0.898164213315,0.887925876416788,0.5
USA,20167,20,0.896741950628,0.894234916517495,0.5
USA,20169,20,0.909338219671,0.92316596318703,0.5
USA,20171,20,0.894321125152,0.882354764763123,0.5
USA,20173,20,0.909355987838,0.927984415494778,0.5
USA,20175,20,0.857106833719,0.88700836886632,0.5
USA,20177,20,0.905789098384,0.930754054068411,0.5
USA,20179,20,0.904005325035,0.885523542724776,0.5
USA,20181,20,0.911491999443,0.900871746031646,0.5
USA,20183,20,0.890372110863,0.901442031851374,0.5
USA,20185,20,0.878058863518,0.885058540850596,0.5
USA,20187,20,0.889958357033,0.869663934645078,0.5
USA,20189,20,0.871746518645,0.870341774035246,0.5
USA,20191,20,0.894553377461,0.885638318558878,0.5
USA,20193,20,0.913352524525,0.902908154234352,0.5
USA,20195,20,0.914951362671,0.902075051205669,0.5
USA,20197,20,0.906372193172,0.885298159975209,0.5
USA,20199,20,0.906308678617,0.87202543364459,0.5
USA,20201,20,0.906440332401,0.886571758397537,0.5
USA,20203,20,0.900332536154,0.8891527187131,0.5
USA,20205,20,0.870325136692,0.869298234794192,0.5
USA,20207,20,0.86944057568,0.871614158897809,0.5
USA,20209,20,0.862845321351,0.921513904374009,0.5
USA,21001,21,0.893570207245,0.874177958403667,1
USA,21003,21,0.86168722712,0.859779597406,1
USA,21005,21,0.887184864213,0.886359881876,1
USA,21007,21,0.883738001407,0.871313072664,1
USA,21009,21,0.861659565416,0.877228629036,1
USA,21011,21,0.846741517652,0.841226448667,1
USA,21013,21,0.815134453492,0.875734080093333,1
USA,21015,21,0.926745854284,0.910343692613,1
USA,21017,21,0.884725920494,0.884172376366667,1
USA,21019,21,0.880622927373,0.893277093786667,1
USA,21021,21,0.902352976868,0.904504762070333,1
USA,21023,21,0.847316305978,0.851801489403667,1
USA,21025,21,0.827059739998,0.86479062624,1
USA,21027,21,0.863375281396,0.863466114576,1
USA,21029,21,0.895478735679,0.902462348511,1
USA,21031,21,0.856699172286,0.85782082463,1
USA,21033,21,0.87920881577,0.880286312745667,1
USA,21035,21,0.915065316958,0.905804200281,1
USA,21037,21,0.925861250652,0.910891510636667,1
USA,21039,21,0.878443264764,0.868941680173333,1
USA,21041,21,0.841791352628,0.868918423556333,1
USA,21043,21,0.849567528101,0.864055020772333,1
USA,21045,21,0.840771061454,0.850981764508333,1
USA,21047,21,0.862204536656,0.879022484445,1
USA,21049,21,0.874752600308,0.888843341028,1
USA,21051,21,0.810063660846,0.861763713918333,1
USA,21053,21,0.845446218908,0.853217073248667,1
USA,21055,21,0.862683976442,0.868948182832667,1
USA,21057,21,0.822705705431,0.851022238283333,1
USA,21059,21,0.900018690901,0.890199880840667,1
USA,21061,21,0.857558546652,0.865425166789,1
USA,21063,21,0.835115908091,0.857444397346333,1
USA,21065,21,0.827938538627,0.85725389169,1
USA,21067,21,0.942615003582,0.929738727600333,1
USA,21069,21,0.849309972154,0.858920486980333,1
USA,21071,21,0.832021276895,0.868121832157667,1
USA,21073,21,0.907163576674,0.907455731244333,1
USA,21075,21,0.844228150755,0.867189697386333,1
USA,21077,21,0.84282036607,0.869953891947667,1
USA,21079,21,0.884840822273,0.859420249585,1
USA,21081,21,0.854024053458,0.871681933454,1
USA,21083,21,0.876753278141,0.886711045717333,1
USA,21085,21,0.848232081742,0.86635966328,1
USA,21087,21,0.858471181527,0.862553673181667,1
USA,21089,21,0.887622259638,0.875893299708,1
USA,21091,21,0.880354336594,0.852153788803667,1
USA,21093,21,0.897485361148,0.889478067182,1
USA,21095,21,0.823473580914,0.851508281573,1
USA,21097,21,0.849537217001,0.877610341275,1
USA,21099,21,0.841530000241,0.854981545017667,1
USA,21101,21,0.881550192292,0.892724416223,1
USA,21103,21,0.856444213382,0.870791354733667,1
USA,21105,21,0.875401092003,0.884630562799667,1
USA,21107,21,0.865952416909,0.882923857405667,1
USA,21109,21,0.836775810418,0.850961117980333,1
USA,21111,21,0.910498808459,0.930344376792667,1
USA,21113,21,0.911758435091,0.895353273955,1
USA,21115,21,0.862193524993,0.869822833086,1
USA,21117,21,0.908440475749,0.910099770357,1
USA,21119,21,0.847339099677,0.861235585263333,1
USA,21121,21,0.842713358734,0.857195746104667,1
USA,21123,21,0.860899636316,0.863265515334333,1
USA,21125,21,0.861256053355,0.872076372229,1
USA,21127,21,0.825773433992,0.856615896025,1
USA,21129,21,0.813117855689,0.863577534989333,1
USA,21131,21,0.812519009819,0.857561947792,1
USA,21133,21,0.83539952558,0.862782622863667,1
USA,21135,21,0.839980019319,0.852174013264333,1
USA,21137,21,0.845078155121,0.859662748555333,1
USA,21139,21,0.870575009839,0.867186367603,1
USA,21141,21,0.867018504124,0.876054200704,1
USA,21143,21,0.879295237975,0.901499338868,1
USA,21145,21,0.899793697674,0.902366723178667,1
USA,21147,21,0.822560382593,0.856473586666333,1
USA,21149,21,0.871922220821,0.863517110982,1
USA,21151,21,0.912173967881,0.893790453244,1
USA,21153,21,0.827578439659,0.849179584773333,1
USA,21155,21,0.866584080951,0.867358062595333,1
USA,21157,21,0.899784858689,0.890662655126667,1
USA,21159,21,0.829596670303,0.866140874826667,1
USA,21161,21,0.87153645096,0.878707323609667,1
USA,21163,21,0.883879430601,0.879250084572667,1
USA,21165,21,0.840281386658,0.848107417339333,1
USA,21167,21,0.871988168886,0.881104254062,1
USA,21169,21,0.838845852311,0.848923412208333,1
USA,21171,21,0.853579053669,0.859264044537333,1
USA,21173,21,0.860405416308,0.878520684444,1
USA,21175,21,0.842462040025,0.862926550724667,1
USA,21177,21,0.859940580142,0.876510144799667,1
USA,21179,21,0.889647611599,0.885853545290667,1
USA,21181,21,0.837680876716,0.848427394825667,1
USA,21183,21,0.867663936802,0.857371570341333,1
USA,21185,21,0.941172551196,0.898497797727333,1
USA,21187,21,0.867588020336,0.864883450546,1
USA,21189,21,0.808758740418,0.852662378167333,1
USA,21191,21,0.861423659667,0.866071145959667,1
USA,21193,21,0.836558364146,0.868161230595333,1
USA,21195,21,0.858087708143,0.877783754435,1
USA,21197,21,0.837854759641,0.851495513879667,1
USA,21199,21,0.862487212652,0.875651595413,1
USA,21201,21,0.859816188434,0.830395765994667,1
USA,21203,21,0.851733068422,0.857059029824333,1
USA,21205,21,0.887632869034,0.884079847506667,1
USA,21207,21,0.850421952455,0.860266602202,1
USA,21209,21,0.909913993265,0.891138265381667,1
USA,21211,21,0.907352824073,0.895832086610333,1
USA,21213,21,0.874824088977,0.887070492976,1
USA,21215,21,0.906576631188,0.878102933158333,1
USA,21217,21,0.886742089508,0.886658640639,1
USA,21219,21,0.849700412139,0.860724813528333,1
USA,21221,21,0.876914610487,0.875771987667,1
USA,21223,21,0.865160352702,0.862809619758333,1
USA,21225,21,0.857887821705,0.892446780397333,1
USA,21227,21,0.917717443928,0.901646110094667,1
USA,21229,21,0.88256053449,0.865686139860333,1
USA,21231,21,0.8608108698,0.863327548218333,1
USA,21233,21,0.852703783701,0.863519211735,1
USA,21235,21,0.857361317102,0.856842712175667,1
USA,21237,21,0.802009850017,0.848584107783333,1
USA,21239,21,0.914019586905,0.892374466925667,1
USA,22001,22,0.861608623737,0.876297851361872,0.5
USA,22003,22,0.854371110846,0.875611110637357,0.5
USA,22005,22,0.912566123051,0.876260825996095,0.5
USA,22007,22,0.87493162603,0.872454204760686,0.5
USA,22009,22,0.850631154561,0.854719418826004,0.5
USA,22011,22,0.865824356891,0.872416315268631,0.5
USA,22013,22,0.860953148025,0.859901900777638,0.5
USA,22015,22,0.891874724439,0.881597144480828,0.5
USA,22017,22,0.880937762051,0.89408943177171,0.5
USA,22019,22,0.886765453061,0.894247496934991,0.5
USA,22021,22,0.850813329586,0.85854602264363,0.5
USA,22023,22,0.890483963586,0.873480443355958,0.5
USA,22025,22,0.84004745041,0.856641569576469,0.5
USA,22027,22,0.846346599457,0.874737611574115,0.5
USA,22029,22,0.852005319543,0.857289977428388,0.5
USA,22031,22,0.870249597857,0.860494436104529,0.5
USA,22033,22,0.915875023917,0.905972929085604,0.5
USA,22035,22,0.808924637525,0.861927912044306,0.5
USA,22037,22,0.848343056438,0.873020122289557,0.5
USA,22039,22,0.833422488569,0.869378144530024,0.5
USA,22041,22,0.836712269765,0.851591703333439,0.5
USA,22043,22,0.845292355208,0.871396725570954,0.5
USA,22045,22,0.861952147151,0.872225020246525,0.5
USA,22047,22,0.865598444305,0.874595860246002,0.5
USA,22049,22,0.862048071705,0.869727371748541,0.5
USA,22051,22,0.900967221457,0.911653266395948,0.5
USA,22053,22,0.868454006647,0.872625590035765,0.5
USA,22055,22,0.922880434055,0.895601392902066,0.5
USA,22057,22,0.885158937462,0.877709230594983,0.5
USA,22059,22,0.845800653735,0.86535931475485,0.5
USA,22061,22,0.914871436352,0.894304197129024,0.5
USA,22063,22,0.889367979296,0.876011039917577,0.5
USA,22065,22,0.813597294652,0.854981236782713,0.5
USA,22067,22,0.81924290159,0.866626589024364,0.5
USA,22069,22,0.88252100673,0.872649555103346,0.5
USA,22071,22,0.917382734542,0.921232979320651,0.5
USA,22073,22,0.882333324942,0.883874699883597,0.5
USA,22075,22,0.891691729096,0.87068497641453,0.5
USA,22077,22,0.878663027989,0.85997791811279,0.5
USA,22079,22,0.874607958226,0.879799353181402,0.5
USA,22081,22,0.858563153762,0.851407243134999,0.5
USA,22083,22,0.845335437165,0.855095739258748,0.5
USA,22085,22,0.861572994082,0.865394793370792,0.5
USA,22087,22,0.856727430819,0.875338282437168,0.5
USA,22089,22,0.905027699695,0.882417452007603,0.5
USA,22091,22,0.871877153478,0.861427192849355,0.5
USA,22093,22,0.884590397682,0.870250795492301,0.5
USA,22095,22,0.870358893493,0.884306239016232,0.5
USA,22097,22,0.84035928149,0.860441617189409,0.5
USA,22099,22,0.871525424638,0.863396611966299,0.5
USA,22101,22,0.858025083667,0.877259034093619,0.5
USA,22103,22,0.920971543617,0.901094456867145,0.5
USA,22105,22,0.87993864114,0.878901353039313,0.5
USA,22107,22,0.837399624361,0.840408228405275,0.5
USA,22109,22,0.869640923701,0.878530245319063,0.5
USA,22111,22,0.87446004672,0.87315303297718,0.5
USA,22113,22,0.87641910732,0.867896822865004,0.5
USA,22115,22,0.860526476064,0.870849840496919,0.5
USA,22117,22,0.833175768427,0.864772354621891,0.5
USA,22119,22,0.850483171197,0.873952788782854,0.5
USA,22121,22,0.894355528742,0.873705545468183,0.5
USA,22123,22,0.848587194317,0.846348049633831,0.5
USA,22125,22,0.895731276662,0.886889987706241,0.5
USA,22127,22,0.854667218517,0.882977171254014,0.5
USA,23001,23,0.901287288248,0.921834937213333,1
USA,23003,23,0.897486156591,0.919269169463333,1
USA,23005,23,0.952333411574,0.943499703124333,1
USA,23007,23,0.911860608241,0.910907213646667,1
USA,23009,23,0.937922291096,0.919610423222667,1
USA,23011,23,0.915999844601,0.929782116346667,1
USA,23013,23,0.91491720273,0.926162040609667,1
USA,23015,23,0.915253005445,0.925767936832667,1
USA,23017,23,0.891812820807,0.908332619740667,1
USA,23019,23,0.920946913388,0.931458452456,1
USA,23021,23,0.886400998623,0.913424195761667,1
USA,23023,23,0.933805077123,0.925231103072333,1
USA,23025,23,0.880829366553,0.911343964439667,1
USA,23027,23,0.911292555352,0.914280141346667,1
USA,23029,23,0.887269025604,0.89587907473,1
USA,23031,23,0.923768290277,0.932685137750333,1
USA,24001,24,0.897848780786,0.917598960312333,1
USA,24003,24,0.940732707512,0.922888409723,1
USA,24005,24,0.934119918946,0.92612318597,1
USA,24009,24,0.934007290899,0.914149375571333,1
USA,24011,24,0.883207791315,0.884672273477667,1
USA,24013,24,0.937538825896,0.925394400626667,1
USA,24015,24,0.897217510855,0.901929098736,1
USA,24017,24,0.92387985225,0.90352932556,1
USA,24019,24,0.88551841268,0.901561297828667,1
USA,24021,24,0.950043514354,0.924250358378333,1
USA,24023,24,0.901542603841,0.898763271874,1
USA,24025,24,0.934237574419,0.914991402614667,1
USA,24027,24,0.981203616042,0.925560101997,1
USA,24029,24,0.933166753159,0.905224924709,1
USA,24031,24,0.969208287775,0.940036905719,1
USA,24033,24,0.939850970511,0.923023110867333,1
USA,24035,24,0.937867827438,0.907103982836333,1
USA,24037,24,0.929527043515,0.906158295121667,1
USA,24039,24,0.882641330299,0.902221852205333,1
USA,24041,24,0.94974872662,0.919415549967333,1
USA,24043,24,0.895236637178,0.925617066558667,1
USA,24045,24,0.911174767339,0.917085150736667,1
USA,24047,24,0.928952888484,0.923599798825333,1
USA,24510,24,0.882807123486,0.926137201386667,1
USA,25001,25,0.942908250103,0.948895890149379,2
USA,25003,25,0.93216425893,0.92983235068418,2
USA,25005,25,0.917465418941,0.937075501859826,2
USA,25007,25,0.945148800364,0.912782867502371,2
USA,25009,25,0.937390839172,0.948255717815488,2
USA,25011,25,0.938723138052,0.928535983753973,2
USA,25013,25,0.911104046693,0.938998058919308,2
USA,25015,25,0.970098903172,0.946995219587413,2
USA,25017,25,0.972376305234,0.957416542727703,2
USA,25019,25,0.964221706157,0.910291195135692,2
USA,25021,25,0.967795562613,0.950974496042602,2
USA,25023,25,0.941939309927,0.943377499480609,2
USA,25025,25,0.958600574286,0.973643416750162,2
USA,25027,25,0.937467293588,0.936217932044738,2
USA,26001,26,0.884600163747,0.907035028552858,0.5
USA,26003,26,0.882839833631,0.904105546069171,0.5
USA,26005,26,0.901730526552,0.890812168366314,0.5
USA,26007,26,0.887490957611,0.909542335067302,0.5
USA,26009,26,0.914624793379,0.902365637680838,0.5
USA,26011,26,0.869201213151,0.89758682315111,0.5
USA,26013,26,0.872652428995,0.908053038058558,0.5
USA,26015,26,0.908591118754,0.895756618059079,0.5
USA,26017,26,0.8976115291,0.9174460754205,0.5
USA,26019,26,0.922188210161,0.89689922586568,0.5
USA,26021,26,0.913826827823,0.902407242718873,0.5
USA,26023,26,0.876050627746,0.901948361086581,0.5
USA,26025,26,0.891585696417,0.907029508318044,0.5
USA,26027,26,0.902950135912,0.893427078926544,0.5
USA,26029,26,0.923116978281,0.90070340064039,0.5
USA,26031,26,0.893939761848,0.911765374625499,0.5
USA,26033,26,0.901830778293,0.91374833970593,0.5
USA,26035,26,0.855962673224,0.886806661303028,0.5
USA,26037,26,0.945728074542,0.906858561052801,0.5
USA,26039,26,0.891889132868,0.890109952869016,0.5
USA,26041,26,0.900720694206,0.907283704209151,0.5
USA,26043,26,0.916340595536,0.90864468884721,0.5
USA,26045,26,0.925230840178,0.915084064169067,0.5
USA,26047,26,0.923454193584,0.917476209194565,0.5
USA,26049,26,0.889113653866,0.916284883837198,0.5
USA,26051,26,0.877693994624,0.894473805809008,0.5
USA,26053,26,0.900410085891,0.918684381752624,0.5
USA,26055,26,0.939822279259,0.920645459389383,0.5
USA,26057,26,0.89140243613,0.907771569709358,0.5
USA,26059,26,0.892081369337,0.896976987916325,0.5
USA,26061,26,0.923979526683,0.92268040177731,0.5
USA,26063,26,0.890180816533,0.91197675898781,0.5
USA,26065,26,0.938671146784,0.928762538968317,0.5
USA,26067,26,0.889514430689,0.893792292476294,0.5
USA,26069,26,0.877262303199,0.907286795521515,0.5
USA,26071,26,0.88272067919,0.907541245509707,0.5
USA,26073,26,0.926704169651,0.914298923514953,0.5
USA,26075,26,0.898157914172,0.909486362559645,0.5
USA,26077,26,0.940939869666,0.923731488427331,0.5
USA,26079,26,0.865633905318,0.888289200611296,0.5
USA,26081,26,0.928518639288,0.918663685935718,0.5
USA,26083,26,0.946350212809,0.904427136944662,0.5
USA,26085,26,0.86758200633,0.883210669013881,0.5
USA,26087,26,0.898616272581,0.906121514875499,0.5
USA,26089,26,0.961477810491,0.908987534637474,0.5
USA,26091,26,0.903965145411,0.907698313649307,0.5
USA,26093,26,0.944987530979,0.920490829140902,0.5
USA,26095,26,0.881525255226,0.89435324850955,0.5
USA,26097,26,0.901260246932,0.913360202259452,0.5
USA,26099,26,0.91190011137,0.930573898980584,0.5
USA,26101,26,0.892855619722,0.902915611035423,0.5
USA,26103,26,0.930111887137,0.920022783193769,0.5
USA,26105,26,0.899588713032,0.90277710711762,0.5
USA,26107,26,0.916696739149,0.904679281755925,0.5
USA,26109,26,0.896596234708,0.908640606767756,0.5
USA,26111,26,0.943882905603,0.909596466429369,0.5
USA,26113,26,0.876766304356,0.885274326743077,0.5
USA,26115,26,0.907456503176,0.906590129071187,0.5
USA,26117,26,0.880711690017,0.898079615697727,0.5
USA,26119,26,0.878147895945,0.896704015386273,0.5
USA,26121,26,0.890163496646,0.902421782713959,0.5
USA,26123,26,0.887870548108,0.888956117623685,0.5
USA,26125,26,0.952301395911,0.938591529029395,0.5
USA,26127,26,0.88372856445,0.879590014074053,0.5
USA,26129,26,0.868064180009,0.899775974285307,0.5
USA,26131,26,0.888978029659,0.915016891769805,0.5
USA,26133,26,0.870274004175,0.883423248661816,0.5
USA,26135,26,0.86145966913,0.883369981398724,0.5
USA,26137,26,0.896074610845,0.905748435241571,0.5
USA,26139,26,0.9443959961,0.910574167629284,0.5
USA,26141,26,0.895586892286,0.899824812212492,0.5
USA,26143,26,0.878713215328,0.906926935293275,0.5
USA,26145,26,0.905740237047,0.918322631676085,0.5
USA,26147,26,0.893715610111,0.910046256266934,0.5
USA,26149,26,0.875425782137,0.901476835325362,0.5
USA,26151,26,0.875917408382,0.898624008382341,0.5
USA,26153,26,0.883146134931,0.90086997097455,0.5
USA,26155,26,0.896043925282,0.907006785808829,0.5
USA,26157,26,0.884179687395,0.900137492121854,0.5
USA,26159,26,0.894519401397,0.882055486755024,0.5
USA,26161,26,0.980381243897,0.931433456119104,0.5
USA,26163,26,0.88488840999,0.923950350487502,0.5
USA,26165,26,0.883297768051,0.893381662664907,0.5
USA,27001,27,0.899039034346,0.91020762689347,0
USA,27003,27,0.936003798836,0.935293665122411,0
USA,27005,27,0.904286370748,0.922054048251949,0
USA,27007,27,0.907019498256,0.905371509317287,0
USA,27009,27,0.909257701294,0.915090527930333,0
USA,27011,27,0.889772255299,0.916445000124755,0
USA,27013,27,0.94618863726,0.933598150015615,0
USA,27015,27,0.926575976906,0.919232376267647,0
USA,27017,27,0.907314198798,0.901052548843111,0
USA,27019,27,0.964436239782,0.923987596909372,0
USA,27021,27,0.89439930848,0.904324194840378,0
USA,27023,27,0.898169122406,0.918027150037183,0
USA,27025,27,0.918371653886,0.92194085040537,0
USA,27027,27,0.93951341549,0.92500444139473,0
USA,27029,27,0.884434309602,0.89239637837843,0
USA,27031,27,0.930329414973,0.919611054120512,0
USA,27033,27,0.902221214642,0.901860301824682,0
USA,27035,27,0.909170739295,0.921090639410061,0
USA,27037,27,0.952929984606,0.94333703898565,0
USA,27039,27,0.927263819201,0.903691951342293,0
USA,27041,27,0.932925180557,0.934147629698464,0
USA,27043,27,0.900244996775,0.904951099546573,0
USA,27045,27,0.910279364839,0.896280343570715,0
USA,27047,27,0.902095773177,0.92128645857025,0
USA,27049,27,0.927953192087,0.918126806475204,0
USA,27051,27,0.910913664291,0.916458639959218,0
USA,27053,27,0.955831296463,0.950927290436755,0
USA,27055,27,0.927713523921,0.902384573253409,0
USA,27057,27,0.911713449572,0.910488197404621,0
USA,27059,27,0.911487442619,0.912167668684759,0
USA,27061,27,0.914861292279,0.907329556455694,0
USA,27063,27,0.921504747124,0.906981787467897,0
USA,27065,27,0.899581107416,0.902938054144897,0
USA,27067,27,0.915290746342,0.924488873437837,0
USA,27069,27,0.894326941762,0.90965129655318,0
USA,27071,27,0.908923484074,0.910170103986087,0
USA,27073,27,0.920178210582,0.912739002718273,0
USA,27075,27,0.920051449225,0.902628582523691,0
USA,27077,27,0.898436457632,0.902850497375987,0
USA,27079,27,0.923032191306,0.90786926073882,0
USA,27081,27,0.908986647548,0.8992043986383,0
USA,27083,27,0.93245034458,0.919829420748634,0
USA,27085,27,0.920586938814,0.925254251991393,0
USA,27087,27,0.851281795505,0.883171167037583,0
USA,27089,27,0.916249035212,0.908587711232658,0
USA,27091,27,0.902819029883,0.920655134793878,0
USA,27093,27,0.914889125264,0.911576155293969,0
USA,27095,27,0.877202403202,0.903150535929816,0
USA,27097,27,0.900221154369,0.910238851317836,0
USA,27099,27,0.908202361567,0.904457785539344,0
USA,27101,27,0.913395652854,0.909083356146355,0
USA,27103,27,0.954904207761,0.921923267117776,0
USA,27105,27,0.885814920837,0.90434122163718,0
USA,27107,27,0.891412622815,0.912346068885748,0
USA,27109,27,0.955670724469,0.929632468062069,0
USA,27111,27,0.912745630293,0.928288236009319,0
USA,27113,27,0.903641419813,0.922106066978604,0
USA,27115,27,0.893010776778,0.905849178937029,0
USA,27117,27,0.901474071486,0.896171360989647,0
USA,27119,27,0.912064904276,0.921987315137597,0
USA,27121,27,0.918693298683,0.921616374493681,0
USA,27123,27,0.935245885465,0.946074430262801,0
USA,27125,27,0.909940566135,0.908756677732755,0
USA,27127,27,0.903653007952,0.905531767677977,0
USA,27129,27,0.898473506142,0.910275786382469,0
USA,27131,27,0.942212257631,0.926597554185231,0
USA,27133,27,0.915104513874,0.899523415154358,0
USA,27135,27,0.902289980214,0.905159707698103,0
USA,27137,27,0.933939937511,0.923433000206615,0
USA,27139,27,0.949413640323,0.925513299270229,0
USA,27141,27,0.924992838319,0.918761540957376,0
USA,27143,27,0.909330129381,0.901892707681512,0
USA,27145,27,0.943343057354,0.931705019714751,0
USA,27147,27,0.927187958369,0.919530158514637,0
USA,27149,27,0.945129770332,0.923038508080255,0
USA,27151,27,0.913215206235,0.908811673774027,0
USA,27153,27,0.892880784828,0.901464212873988,0
USA,27155,27,0.897800659918,0.913485900528289,0
USA,27157,27,0.932836956702,0.911269958145651,0
USA,27159,27,0.875939326805,0.895457188948946,0
USA,27161,27,0.916907285074,0.917115804993357,0
USA,27163,27,0.956062465075,0.939809028350951,0
USA,27165,27,0.893554854821,0.899088196959028,0
USA,27167,27,0.91331453338,0.912623008933382,0
USA,27169,27,0.945620520725,0.928863122035572,0
USA,27171,27,0.929224343252,0.925240969303486,0
USA,27173,27,0.911892717392,0.909142137296979,0
USA,28001,28,0.85010523412,0.876972967084493,0
USA,28003,28,0.860017560605,0.875777904365261,0
USA,28005,28,0.866265451163,0.869325343112062,0
USA,28007,28,0.854673185421,0.866527655894405,0
USA,28009,28,0.845964661166,0.856544979909456,0
USA,28011,28,0.864723561189,0.852162855292419,0
USA,28013,28,0.854541954783,0.845649900944068,0
USA,28015,28,0.869670346649,0.859156390897585,0
USA,28017,28,0.856217994053,0.841395098271643,0
USA,28019,28,0.880645196244,0.862058293058329,0
USA,28021,28,0.853848117086,0.853619339527503,0
USA,28023,28,0.856024734415,0.855586934484371,0
USA,28025,28,0.878611804378,0.856455079656951,0
USA,28027,28,0.840040906117,0.845764785998124,0
USA,28029,28,0.860251349291,0.865678619584617,0
USA,28031,28,0.836394229765,0.855264622030377,0
USA,28033,28,0.906010048375,0.882799589182882,0
USA,28035,28,0.887749247358,0.888411682564873,0
USA,28037,28,0.878124331571,0.857600843194631,0
USA,28039,28,0.853691424108,0.861605428782171,0
USA,28041,28,0.844452511275,0.862882731593586,0
USA,28043,28,0.857401120381,0.873822954965186,0
USA,28045,28,0.901866275742,0.89141165183947,0
USA,28047,28,0.876693104431,0.894472281805466,0
USA,28049,28,0.891245302402,0.895294451955604,0
USA,28051,28,0.831323935469,0.844312640746407,0
USA,28053,28,0.836349598832,0.831955188868188,0
USA,28057,28,0.865512249806,0.864451433468199,0
USA,28059,28,0.888008780287,0.897204009888126,0
USA,28061,28,0.868091197775,0.863966910997943,0
USA,28063,28,0.833505510075,0.844296101484289,0
USA,28065,28,0.849573892008,0.861307976028863,0
USA,28067,28,0.868722007278,0.869128655834557,0
USA,28069,28,0.872514874299,0.859876928353178,0
USA,28071,28,0.946218307741,0.896115279892663,0
USA,28073,28,0.934300897366,0.882506257667792,0
USA,28075,28,0.877106775434,0.879909438527405,0
USA,28077,28,0.861434059169,0.857397546294174,0
USA,28079,28,0.849911446561,0.850852131277101,0
USA,28081,28,0.879819059417,0.871089728589884,0
USA,28083,28,0.851800474527,0.850246275383747,0
USA,28085,28,0.870529239716,0.874951719735146,0
USA,28087,28,0.889126235784,0.864250651755333,0
USA,28089,28,0.925658569985,0.88739892758662,0
USA,28091,28,0.837644323578,0.865874762497555,0
USA,28093,28,0.857521249041,0.867357195467438,0
USA,28095,28,0.868421915202,0.851760603966607,0
USA,28097,28,0.871051312161,0.860593288406615,0
USA,28099,28,0.836598724408,0.85731240491306,0
USA,28101,28,0.868892345084,0.856234182518427,0
USA,28103,28,0.845139403784,0.83728916776742,0
USA,28105,28,0.937999333325,0.88823595581217,0
USA,28107,28,0.85001327087,0.861627394103122,0
USA,28109,28,0.876541127162,0.874519324198294,0
USA,28111,28,0.857181495698,0.857483912278596,0
USA,28113,28,0.841926617487,0.873864456433099,0
USA,28115,28,0.866520460018,0.847761062389579,0
USA,28117,28,0.870701166395,0.860800548075142,0
USA,28119,28,0.812784530687,0.8313044838585,0
USA,28121,28,0.919153274893,0.887927698216699,0
USA,28123,28,0.844298017851,0.848712328131278,0
USA,28125,28,0.856224344293,0.851154523268556,0
USA,28127,28,0.864963766513,0.864092535873056,0
USA,28129,28,0.863846975693,0.847443334104425,0
USA,28131,28,0.868472656089,0.869968833208306,0
USA,28133,28,0.823985909488,0.853272303636546,0
USA,28135,28,0.832174734558,0.853109024539412,0
USA,28137,28,0.875302472022,0.865704513282388,0
USA,28139,28,0.850744307438,0.862177960717141,0
USA,28141,28,0.85583162951,0.867138980210327,0
USA,28143,28,0.844965960918,0.825140012009539,0
USA,28145,28,0.862389841331,0.854685966755079,0
USA,28147,28,0.854777975723,0.860287501894975,0
USA,28149,28,0.873883149705,0.872866066451827,0
USA,28151,28,0.845906610152,0.860239250624837,0
USA,28153,28,0.878472642729,0.855665595781391,0
USA,28155,28,0.857496011798,0.856032001787165,0
USA,28157,28,0.814143782124,0.862768372063466,0
USA,28159,28,0.872410534477,0.863839311034207,0
USA,28161,28,0.840753614252,0.863645741327383,0
USA,28163,28,0.84912693876,0.861354852502277,0
USA,29001,29,0.921502394217,0.918855043765667,1
USA,29003,29,0.914455736774,0.906866047981,1
USA,29005,29,0.90016801013,0.913327329558333,1
USA,29007,29,0.870130709253,0.897954000307667,1
USA,29009,29,0.870188689646,0.879374569919333,1
USA,29011,29,0.89032345768,0.875608559758,1
USA,29013,29,0.870295601538,0.881846818104333,1
USA,29015,29,0.871538087914,0.890103791392333,1
USA,29017,29,0.864866108445,0.863803663015667,1
USA,29019,29,0.95667102404,0.929838304248333,1
USA,29021,29,0.892226607307,0.932266291175,1
USA,29023,29,0.850685780229,0.881317503449333,1
USA,29025,29,0.890303468198,0.891204261462667,1
USA,29027,29,0.899688433165,0.900609903271,1
USA,29029,29,0.904702183024,0.908216986017667,1
USA,29031,29,0.926585292736,0.900927063696333,1
USA,29033,29,0.871922409475,0.881460004302333,1
USA,29035,29,0.866490060807,0.857288315119,1
USA,29037,29,0.910547520092,0.908716634834333,1
USA,29039,29,0.86125420748,0.870986480531,1
USA,29041,29,0.900145338221,0.880828996802333,1
USA,29043,29,0.919724917623,0.885130859607333,1
USA,29045,29,0.881646637047,0.885584844179333,1
USA,29047,29,0.927250007084,0.937365594104333,1
USA,29049,29,0.889443892247,0.904755035136667,1
USA,29051,29,0.924084702079,0.910489631515333,1
USA,29053,29,0.890920424065,0.900439323744,1
USA,29055,29,0.852852543952,0.888597173614,1
USA,29057,29,0.867925816391,0.871241703235667,1
USA,29059,29,0.859994650042,0.871289288966667,1
USA,29061,29,0.868746043971,0.874958160786333,1
USA,29063,29,0.882145863278,0.920594957485333,1
USA,29065,29,0.865292680348,0.878173245543333,1
USA,29067,29,0.853051098186,0.869230993356333,1
USA,29069,29,0.838243606893,0.858255055979,1
USA,29071,29,0.895327164698,0.909482720251667,1
USA,29073,29,0.89311545914,0.891723259284333,1
USA,29075,29,0.866272079046,0.892685673945,1
USA,29077,29,0.910884358566,0.919507166710667,1
USA,29079,29,0.879696570041,0.886137869320333,1
USA,29081,29,0.871708698419,0.884302657822333,1
USA,29083,29,0.87374674358,0.887209525047,1
USA,29085,29,0.854908185807,0.884137896797333,1
USA,29087,29,0.893468889535,0.897993070154,1
USA,29089,29,0.91092093241,0.889991080682,1
USA,29091,29,0.86743687665,0.882549615602,1
USA,29093,29,0.838514374146,0.870712301297333,1
USA,29095,29,0.907985419932,0.938536351187667,1
USA,29097,29,0.888633438389,0.893267722178333,1
USA,29099,29,0.897817247676,0.909024535223333,1
USA,29101,29,0.91326879554,0.902372640051333,1
USA,29103,29,0.878121768233,0.878823557657667,1
USA,29105,29,0.861158316718,0.884784271635,1
USA,29107,29,0.88914312282,0.898102251125,1
USA,29109,29,0.858686672284,0.877054319941667,1
USA,29111,29,0.879715115551,0.8880421463,1
USA,29113,29,0.882265967097,0.898479413029333,1
USA,29115,29,0.873410437678,0.886810661271667,1
USA,29117,29,0.883212207284,0.898526768965667,1
USA,29119,29,0.8426438842,0.857842293282,1
USA,29121,29,0.876374621067,0.885301718062,1
USA,29123,29,0.872140749579,0.878565925109333,1
USA,29125,29,0.876194959411,0.880598128175667,1
USA,29127,29,0.889280966141,0.906175041811,1
USA,29129,29,0.889824723613,0.872561957902333,1
USA,29131,29,0.880222040273,0.889243080068667,1
USA,29133,29,0.826490003839,0.874545647020667,1
USA,29135,29,0.871065976925,0.887508800876667,1
USA,29137,29,0.87232329187,0.883011078790333,1
USA,29139,29,0.864912531888,0.887013106144,1
USA,29141,29,0.841694944288,0.882444750923,1
USA,29143,29,0.850395623605,0.862841135727667,1
USA,29145,29,0.888348906183,0.877650112237667,1
USA,29147,29,0.92838124895,0.933855651991333,1
USA,29149,29,0.844190965722,0.869973519041333,1
USA,29151,29,0.903295534094,0.881735213480667,1
USA,29153,29,0.850353136641,0.868975307844333,1
USA,29155,29,0.83499275341,0.855628427301,1
USA,29157,29,0.898518861865,0.881885379184333,1
USA,29159,29,0.881417705157,0.904308414765333,1
USA,29161,29,0.915195487675,0.901760103193,1
USA,29163,29,0.862765917676,0.894268028505667,1
USA,29165,29,0.946732571748,0.932916668529,1
USA,29167,29,0.889918787592,0.883621628754333,1
USA,29169,29,0.883206223183,0.888099639243667,1
USA,29171,29,0.870783586658,0.879117924316667,1
USA,29173,29,0.892248559852,0.886300907424,1
USA,29175,29,0.868915679721,0.903061606687667,1
USA,29177,29,0.888014306139,0.892254764327,1
USA,29179,29,0.859063389932,0.871273382914667,1
USA,29181,29,0.838860477955,0.862924310077333,1
USA,29183,29,0.951843787171,0.934828017495333,1
USA,29185,29,0.869120202131,0.873992324116667,1
USA,29186,29,0.904759413418,0.886376315516333,1
USA,29187,29,0.858857069215,0.901897294247,1
USA,29189,29,0.938150648076,0.946793403519,1
USA,29195,29,0.88992194705,0.905110207094667,1
USA,29197,29,0.866647379451,0.874240291088,1
USA,29199,29,0.845198811618,0.871058307659667,1
USA,29201,29,0.867183484715,0.877459078184333,1
USA,29203,29,0.843262945404,0.861883044826,1
USA,29205,29,0.872714490804,0.874569734574667,1
USA,29207,29,0.86221783002,0.873161586082,1
USA,29209,29,0.89792861032,0.890600363082333,1
USA,29211,29,0.867655456521,0.878779640319667,1
USA,29213,29,0.895002205104,0.892179188051333,1
USA,29215,29,0.860335435317,0.880669333286667,1
USA,29217,29,0.883364297564,0.879274615955,1
USA,29219,29,0.892857602368,0.897133831387667,1
USA,29221,29,0.84621372113,0.884861576504333,1
USA,29223,29,0.844060495016,0.863319082205,1
USA,29225,29,0.864120770535,0.871644458684,1
USA,29227,29,0.870703775291,0.897194727567667,1
USA,29229,29,0.841882711459,0.868310741037333,1
USA,29510,29,0.898801892434,0.937722702529667,1
USA,30001,30,0.939305804512,0.908728578587333,1
USA,30003,30,0.838385108851,0.875154187862667,1
USA,30005,30,0.863528254504,0.879704016008333,1
USA,30007,30,0.904048498837,0.906108514729333,1
USA,30009,30,0.915300744804,0.918885141222667,1
USA,30011,30,0.887744865556,0.885887157266333,1
USA,30013,30,0.903310717611,0.918772096537333,1
USA,30015,30,0.899773102103,0.897834964909333,1
USA,30017,30,0.897363637861,0.916755827535667,1
USA,30019,30,0.907488511043,0.900727752139667,1
USA,30021,30,0.89402489086,0.907114008196667,1
USA,30023,30,0.868021155917,0.917138088240667,1
USA,30025,30,0.898108968671,0.892659898922667,1
USA,30027,30,0.908556977481,0.905907848822,1
USA,30029,30,0.911064416655,0.921785651535667,1
USA,30031,30,0.969091363054,0.948394196942667,1
USA,30033,30,0.878038541239,0.905904495914667,1
USA,30035,30,0.838822605803,0.884788817047333,1
USA,30039,30,0.934812807849,0.904924165974333,1
USA,30041,30,0.895960391464,0.897248222279333,1
USA,30043,30,0.926097911774,0.911944943575667,1
USA,30045,30,0.907529944603,0.912355359401333,1
USA,30047,30,0.88480132119,0.905915421790667,1
USA,30049,30,0.927894156221,0.922348138801667,1
USA,30051,30,0.900345253135,0.886453903411,1
USA,30053,30,0.874345747197,0.898466503201333,1
USA,30055,30,0.895235199064,0.893565526663667,1
USA,30057,30,0.925459104915,0.913910999709667,1
USA,30059,30,0.912134927498,0.894390353501333,1
USA,30061,30,0.87215559932,0.899633457426,1
USA,30063,30,0.941526282699,0.929406090848,1
USA,30065,30,0.842371415313,0.906264810587333,1
USA,30067,30,0.922070639346,0.929363137062667,1
USA,30071,30,0.864748919302,0.893308080808667,1
USA,30073,30,0.901763298415,0.890529322756,1
USA,30075,30,0.910748749738,0.910469065343,1
USA,30077,30,0.878478131516,0.908874859546333,1
USA,30079,30,0.890766496661,0.874289346386333,1
USA,30081,30,0.908274439272,0.903561370042667,1
USA,30083,30,0.897430236391,0.906855918838,1
USA,30085,30,0.815629635982,0.879075079890333,1
USA,30087,30,0.856253801695,0.886395571516333,1
USA,30089,30,0.876040801828,0.896024254584333,1
USA,30091,30,0.886507714273,0.895408503217667,1
USA,30093,30,0.905747718778,0.926239402492333,1
USA,30095,30,0.915500942829,0.910210675919667,1
USA,30097,30,0.915735995859,0.909589538912667,1
USA,30099,30,0.900481692716,0.893920182825667,1
USA,30101,30,0.872194317382,0.905174750987333,1
USA,30105,30,0.88823561993,0.906869966383,1
USA,30107,30,0.864604048706,0.88208227886,1
USA,30109,30,0.88664691697,0.885818021464667,1
USA,30111,30,0.913701600172,0.938320010161667,1
USA,31001,31,0.922710318135,0.922642434672911,0.5
USA,31003,31,0.903510854199,0.890880612297667,0.5
USA,31011,31,0.925762490603,0.892652891293311,0.5
USA,31013,31,0.880061303714,0.902331176000338,0.5
USA,31015,31,0.901239423655,0.887743641215471,0.5
USA,31017,31,0.925254405422,0.897617405049401,0.5
USA,31019,31,0.940313475289,0.92405419879651,0.5
USA,31021,31,0.903233907177,0.887289791403096,0.5
USA,31023,31,0.90687278073,0.891691271489505,0.5
USA,31025,31,0.922554071647,0.91148282442341,0.5
USA,31027,31,0.924126815475,0.89384369844694,0.5
USA,31029,31,0.901582055652,0.892062698064426,0.5
USA,31031,31,0.902082668279,0.888600261994179,0.5
USA,31033,31,0.908293249675,0.912846928328919,0.5
USA,31035,31,0.895541791541,0.898688127320949,0.5
USA,31037,31,0.871451597488,0.885880854685331,0.5
USA,31039,31,0.913711482058,0.889640981217823,0.5
USA,31041,31,0.905591098992,0.892811992592293,0.5
USA,31043,31,0.877993228027,0.895457711747691,0.5
USA,31045,31,0.935836518954,0.922399030883402,0.5
USA,31047,31,0.874592269132,0.89939686552997,0.5
USA,31049,31,0.891305008658,0.89844465922997,0.5
USA,31051,31,0.914852142915,0.878832370649598,0.5
USA,31053,31,0.906855517718,0.91321533426678,0.5
USA,31055,31,0.932324656442,0.93854369611636,0.5
USA,31057,31,0.90171930723,0.863798287024541,0.5
USA,31059,31,0.906422686825,0.908293191774549,0.5
USA,31061,31,0.892852128069,0.898047918552758,0.5
USA,31063,31,0.944852704616,0.895734831380905,0.5
USA,31065,31,0.892249413876,0.895814974151002,0.5
USA,31067,31,0.90015830928,0.914529984537251,0.5
USA,31069,31,0.919528097076,0.891812424893422,0.5
USA,31071,31,0.899601539192,0.890501850471316,0.5
USA,31073,31,0.932808137233,0.901052429805523,0.5
USA,31077,31,0.914714684617,0.878609415976456,0.5
USA,31079,31,0.891719252555,0.917497349838485,0.5
USA,31081,31,0.92810576398,0.908391802295736,0.5
USA,31083,31,0.908811090535,0.886246445450236,0.5
USA,31087,31,0.910750471704,0.870953408984943,0.5
USA,31089,31,0.89700523086,0.886987750514169,0.5
USA,31093,31,0.909759125386,0.888649162293042,0.5
USA,31095,31,0.884526309575,0.901154949215847,0.5
USA,31097,31,0.885930293131,0.903029364203485,0.5
USA,31099,31,0.916031077723,0.892371514602683,0.5
USA,31101,31,0.90098391356,0.896500613745962,0.5
USA,31105,31,0.883110092704,0.888381500041194,0.5
USA,31107,31,0.905794991567,0.893493768119737,0.5
USA,31109,31,0.946189048771,0.944914411153727,0.5
USA,31111,31,0.905121995789,0.902936676716614,0.5
USA,31119,31,0.912526380874,0.916732463310724,0.5
USA,31121,31,0.902519930495,0.902035722766907,0.5
USA,31123,31,0.890779080115,0.884732894382905,0.5
USA,31125,31,0.906061903629,0.899411845292577,0.5
USA,31127,31,0.92572742692,0.90423516689514,0.5
USA,31129,31,0.899017417445,0.901646874282568,0.5
USA,31131,31,0.909925974251,0.905863618352859,0.5
USA,31133,31,0.88526049874,0.888565792312537,0.5
USA,31135,31,0.894841146745,0.889887891232931,0.5
USA,31137,31,0.914730406073,0.907389106998667,0.5
USA,31139,31,0.926983759225,0.888794676274742,0.5
USA,31141,31,0.921567419276,0.91334687041664,0.5
USA,31143,31,0.931705647571,0.899357367666071,0.5
USA,31145,31,0.897446831822,0.912876796280269,0.5
USA,31147,31,0.891974485583,0.900900324615191,0.5
USA,31149,31,0.920298536522,0.891191513945375,0.5
USA,31151,31,0.903790750056,0.906688314564173,0.5
USA,31153,31,0.947329868349,0.931511764153288,0.5
USA,31155,31,0.923615907993,0.898982269402215,0.5
USA,31157,31,0.895290559277,0.90604233262455,0.5
USA,31159,31,0.934722382919,0.907760956304679,0.5
USA,31161,31,0.891560026289,0.897542599930907,0.5
USA,31163,31,0.900816560023,0.897115527266356,0.5
USA,31165,31,0.920502423284,0.87272836849948,0.5
USA,31167,31,0.932777827354,0.887839207631826,0.5
USA,31169,31,0.899627497713,0.891832190314172,0.5
USA,31173,31,0.851360095371,0.864129786047904,0.5
USA,31175,31,0.91353976724,0.895129198164385,0.5
USA,31177,31,0.928923046719,0.914864919745344,0.5
USA,31179,31,0.965902704653,0.911364468224769,0.5
USA,31181,31,0.897840360973,0.893762390537612,0.5
USA,31185,31,0.929553358949,0.920033554891648,0.5
USA,32001,32,0.879217640663,0.883062462633,1
USA,32003,32,0.904461483312,0.915181191558667,1
USA,32005,32,0.938754610623,0.917030399117333,1
USA,32007,32,0.900115928978,0.894231632695,1
USA,32011,32,0.867166958223,0.881185685533,1
USA,32013,32,0.885955671606,0.878962864067667,1
USA,32015,32,0.895698240668,0.865152737139667,1
USA,32017,32,0.892886243265,0.893443078305333,1
USA,32019,32,0.872783098794,0.888452814530667,1
USA,32021,32,0.84439578488,0.869957021448333,1
USA,32023,32,0.853341289601,0.877421267033333,1
USA,32027,32,0.874469033085,0.889957325084667,1
USA,32029,32,0.948046935826,0.905826543207333,1
USA,32031,32,0.923845691045,0.922149019715,1
USA,32033,32,0.877154465212,0.900038395047333,1
USA,32510,32,0.883077811035,0.920868214687333,1
USA,33001,33,0.923125689189,0.931324584097,1
USA,33003,33,0.920762832812,0.926366782074,1
USA,33005,33,0.936866062338,0.927116017774,1
USA,33007,33,0.883544936869,0.914967201484667,1
USA,33009,33,0.945422949618,0.928891057999333,1
USA,33011,33,0.936573384557,0.938917580079,1
USA,33013,33,0.93355045697,0.925869655534,1
USA,33015,33,0.945843936281,0.943959469450333,1
USA,33017,33,0.929211158774,0.938439076323667,1
USA,33019,33,0.908364487773,0.916015929418,1
USA,34001,34,0.914745454973,0.911541419031667,1
USA,34003,34,0.970508711712,0.9479590432,1
USA,34005,34,0.939313734836,0.921124602514667,1
USA,34007,34,0.914366076374,0.923553990991333,1
USA,34009,34,0.919250919761,0.911859779682333,1
USA,34011,34,0.865100572952,0.888758308631667,1
USA,34013,34,0.926669625246,0.937618070061667,1
USA,34015,34,0.93224447159,0.914031633904333,1
USA,34017,34,0.94349394099,0.929641702486,1
USA,34019,34,0.971799236623,0.917909237241667,1
USA,34021,34,0.953287835641,0.931254680278333,1
USA,34023,34,0.956400363773,0.935045235779333,1
USA,34025,34,0.955385862182,0.933045973368667,1
USA,34027,34,0.973923517157,0.933986881651333,1
USA,34029,34,0.921815502671,0.914116087802333,1
USA,34031,34,0.916929763403,0.927442624174,1
USA,34033,34,0.896146552113,0.891353834909667,1
USA,34035,34,0.971725119392,0.929715496408667,1
USA,34037,34,0.942967083623,0.915473367734,1
USA,34039,34,0.939379470432,0.940215566323333,1
USA,34041,34,0.939807212599,0.922016570930667,1
USA,35001,35,0.918675753823,0.915738484475667,1
USA,35003,35,0.893390476948,0.890881675313,1
USA,35005,35,0.863537821331,0.872693394696667,1
USA,35006,35,0.866086203379,0.862405923192667,1
USA,35007,35,0.877151034257,0.900319101636,1
USA,35009,35,0.869929968728,0.883813572875,1
USA,35011,35,0.854352432697,0.843747207612,1
USA,35013,35,0.90844666977,0.888858720882667,1
USA,35015,35,0.872328893217,0.870336019871333,1
USA,35017,35,0.896757792692,0.897936715796667,1
USA,35019,35,0.839646871189,0.870434385735333,1
USA,35023,35,0.83337718584,0.868310340109333,1
USA,35025,35,0.862430849255,0.869025082792667,1
USA,35027,35,0.905767862382,0.916744089676,1
USA,35028,35,0.987916100361,0.910363265255667,1
USA,35029,35,0.822821432284,0.872334921047,1
USA,35031,35,0.822891691149,0.868175374883333,1
USA,35033,35,0.862369145582,0.897629806699,1
USA,35035,35,0.875300505978,0.876463112872667,1
USA,35037,35,0.884591273144,0.863781789517,1
USA,35039,35,0.857217207558,0.865865191997333,1
USA,35041,35,0.889838181479,0.874588516265,1
USA,35043,35,0.918716905185,0.880083937279333,1
USA,35045,35,0.872680362817,0.878923886422,1
USA,35047,35,0.889859869841,0.890623644223,1
USA,35049,35,0.942607761174,0.908375198905667,1
USA,35051,35,0.864471621464,0.890332705116,1
USA,35053,35,0.880914599228,0.858675230734333,1
USA,35055,35,0.904998963521,0.893851339450667,1
USA,35057,35,0.869734353331,0.869866965303333,1
USA,35061,35,0.878564935195,0.874714225394333,1
USA,36001,36,0.952539512992,0.947437211786333,1
USA,36003,36,0.907201528855,0.898733499210667,1
USA,36005,36,0.884428149699,0.920584807297667,1
USA,36007,36,0.928321953969,0.923653093458667,1
USA,36009,36,0.888959852507,0.902975915004667,1
USA,36011,36,0.90663670645,0.928778277559333,1
USA,36013,36,0.895380100687,0.912068183646,1
USA,36015,36,0.894181838603,0.923297894291333,1
USA,36017,36,0.880771262007,0.899242708918,1
USA,36019,36,0.907775909864,0.923054111215333,1
USA,36021,36,0.91736179146,0.91993346681,1
USA,36023,36,0.923702095645,0.926018537860667,1
USA,36025,36,0.910873876411,0.901467338899333,1
USA,36027,36,0.945506866326,0.929831844821667,1
USA,36029,36,0.931679465948,0.93821773207,1
USA,36031,36,0.909178128975,0.921310566506,1
USA,36033,36,0.878558236467,0.913304801299667,1
USA,36035,36,0.886251808828,0.920616999207667,1
USA,36037,36,0.903283950183,0.923098547672667,1
USA,36039,36,0.877653754036,0.916163561909333,1
USA,36041,36,0.883787991184,0.915983721875,1
USA,36043,36,0.907605192905,0.910540195344,1
USA,36045,36,0.886729950871,0.920549554362667,1
USA,36047,36,0.935537069369,0.92277132734,1
USA,36049,36,0.895913133426,0.907320727530333,1
USA,36051,36,0.934848676677,0.929208008214333,1
USA,36053,36,0.929671892357,0.924154394966,1
USA,36055,36,0.938624577231,0.944323514647667,1
USA,36057,36,0.881257140456,0.917336027433333,1
USA,36059,36,0.968265875387,0.947323310795667,1
USA,36061,36,0.984139535266,0.960309547201,1
USA,36063,36,0.914932075854,0.927803936500333,1
USA,36065,36,0.913592660846,0.926546200616667,1
USA,36067,36,0.938541458554,0.945953024785667,1
USA,36069,36,0.943766726985,0.930767942872,1
USA,36071,36,0.925753050393,0.912880211279667,1
USA,36073,36,0.885889722302,0.919134745321667,1
USA,36075,36,0.910690180628,0.922094823829333,1
USA,36077,36,0.930147549965,0.921946367705667,1
USA,36079,36,0.960607756776,0.920520295316667,1
USA,36081,36,0.937837913578,0.931206667564,1
USA,36083,36,0.934458386593,0.92901133921,1
USA,36085,36,0.93533822589,0.932417589768667,1
USA,36087,36,0.955767764018,0.922608143307333,1
USA,36089,36,0.910281019646,0.920916163228667,1
USA,36091,36,0.953336619707,0.933889164431333,1
USA,36093,36,0.923997443939,0.933693372506,1
USA,36095,36,0.929986631566,0.909665568884667,1
USA,36097,36,0.893289745535,0.913801860184333,1
USA,36099,36,0.887682695095,0.9242561913,1
USA,36101,36,0.896882988238,0.912732205179,1
USA,36103,36,0.946552390855,0.950403321235667,1
USA,36105,36,0.894082956883,0.902300940080333,1
USA,36107,36,0.921232050481,0.904432902297333,1
USA,36109,36,0.967636566851,0.942122609455,1
USA,36111,36,0.937240524124,0.924419377822333,1
USA,36113,36,0.927296082656,0.932479333526667,1
USA,36115,36,0.894502014559,0.915243862250333,1
USA,36117,36,0.904408319063,0.914676440091333,1
USA,36119,36,0.969679579936,0.941615135002333,1
USA,36121,36,0.889799938594,0.917885829454333,1
USA,36123,36,0.884116231334,0.913584701602667,1
USA,37001,37,0.90569471519,0.90343106559602,0
USA,37003,37,0.892793281165,0.878986346250433,0
USA,37005,37,0.8826783602,0.874220615797851,0
USA,37007,37,0.856212911299,0.881994670221854,0
USA,37009,37,0.883142801434,0.871176530013091,0
USA,37011,37,0.899544553929,0.880448183612676,0
USA,37013,37,0.88693118935,0.892736166687589,0
USA,37015,37,0.870000623097,0.875678460936476,0
USA,37017,37,0.861426647693,0.859836151516584,0
USA,37019,37,0.913230333139,0.902471947166913,0
USA,37021,37,0.926788438092,0.907373716814996,0
USA,37023,37,0.87598210311,0.897294775961257,0
USA,37025,37,0.920376746077,0.899134028168848,0
USA,37027,37,0.871744824439,0.893328993110046,0
USA,37029,37,0.90694854222,0.868622893314426,0
USA,37031,37,0.915251875554,0.910825003575755,0
USA,37033,37,0.874473671913,0.872402193958702,0
USA,37035,37,0.898853638062,0.906481741172664,0
USA,37037,37,0.947390100979,0.900857457360816,0
USA,37039,37,0.873139307662,0.880667713086954,0
USA,37041,37,0.899771456677,0.881827123289977,0
USA,37043,37,0.902173262183,0.863618899032208,0
USA,37045,37,0.871956343923,0.892835282822189,0
USA,37047,37,0.850345245045,0.871986236735702,0
USA,37049,37,0.890776713251,0.896899543000478,0
USA,37051,37,0.886411912332,0.890792419739753,0
USA,37053,37,0.90667555299,0.893064123019775,0
USA,37055,37,0.922856992023,0.906585394061242,0
USA,37057,37,0.882469349044,0.891739868800908,0
USA,37059,37,0.905875445106,0.892493516984322,0
USA,37061,37,0.87736402182,0.860702410039891,0
USA,37063,37,0.94729208913,0.937591271664807,0
USA,37065,37,0.845014229375,0.878255210539363,0
USA,37067,37,0.920776231994,0.914676324185563,0
USA,37069,37,0.892616430135,0.889030658223149,0
USA,37071,37,0.882563266827,0.908527699128972,0
USA,37073,37,0.880042975862,0.871680439508664,0
USA,37075,37,0.870021396576,0.861358877901906,0
USA,37077,37,0.892904725223,0.896875883999217,0
USA,37079,37,0.853601121961,0.864383927375581,0
USA,37081,37,0.926384999353,0.918471853934898,0
USA,37083,37,0.855766071914,0.879612644393815,0
USA,37085,37,0.896044667194,0.867844364685602,0
USA,37087,37,0.902455978208,0.878220997758596,0
USA,37089,37,0.913585408484,0.89403398355795,0
USA,37091,37,0.87019503838,0.889292772800952,0
USA,37093,37,0.872411052575,0.852022096734198,0
USA,37095,37,0.850758176194,0.870494944600416,0
USA,37097,37,0.911760884065,0.907336054260424,0
USA,37099,37,0.928080097665,0.883457550704532,0
USA,37101,37,0.898607993547,0.87948689800064,0
USA,37103,37,0.864672722305,0.86354514491768,0
USA,37105,37,0.883893065982,0.900745164416207,0
USA,37107,37,0.869050211603,0.881225074371368,0
USA,37109,37,0.898069495358,0.899654076894582,0
USA,37111,37,0.873512983627,0.877167662177781,0
USA,37113,37,0.893627176019,0.875332180293087,0
USA,37115,37,0.902871039507,0.85992811815711,0
USA,37117,37,0.865116424702,0.871610561337834,0
USA,37119,37,0.945564567093,0.930633219939687,0
USA,37121,37,0.889944038099,0.869825204474001,0
USA,37123,37,0.870395852256,0.881261739009558,0
USA,37125,37,0.929821188575,0.903205420216362,0
USA,37127,37,0.887993327978,0.888004401264565,0
USA,37129,37,0.939267137367,0.926834900579968,0
USA,37131,37,0.866789258713,0.870845341175102,0
USA,37133,37,0.871014948683,0.885634201879388,0
USA,37135,37,0.984928352578,0.933683893925427,0
USA,37137,37,0.888451635453,0.906128994545614,0
USA,37139,37,0.896899457162,0.899753327382885,0
USA,37141,37,0.902983033694,0.881397794512537,0
USA,37143,37,0.902458292251,0.881081831614413,0
USA,37145,37,0.882864251895,0.889466900318376,0
USA,37147,37,0.93060734669,0.901313506442139,0
USA,37149,37,0.926683292762,0.882637802599357,0
USA,37151,37,0.876023554212,0.889980459913634,0
USA,37153,37,0.851130848765,0.873819933446384,0
USA,37155,37,0.845211147862,0.86336211394593,0
USA,37157,37,0.870184677823,0.891420620844362,0
USA,37159,37,0.880657772588,0.89483163091378,0
USA,37161,37,0.870305428376,0.886256733854173,0
USA,37163,37,0.870277505099,0.852575696695652,0
USA,37165,37,0.855122505588,0.870121573620025,0
USA,37167,37,0.88440076279,0.887930803919592,0
USA,37169,37,0.878708175113,0.886829152550652,0
USA,37171,37,0.869349832257,0.889020444923976,0
USA,37173,37,0.848353059536,0.857584223900279,0
USA,37175,37,0.926643893966,0.884247965618977,0
USA,37177,37,0.861191261093,0.892069389956636,0
USA,37179,37,0.933769550365,0.889641091743967,0
USA,37181,37,0.859229951014,0.89217107965167,0
USA,37183,37,0.963348483237,0.930995240156393,0
USA,37185,37,0.867943956613,0.881923890269415,0
USA,37187,37,0.869627594413,0.877859914740355,0
USA,37189,37,0.96178985708,0.910219076866312,0
USA,37191,37,0.881863092575,0.87566507508124,0
USA,37193,37,0.878517965638,0.879592027743438,0
USA,37195,37,0.876081203211,0.888460512882031,0
USA,37197,37,0.870471060453,0.87692045526968,0
USA,37199,37,0.884664243722,0.86438574845531,0
USA,38001,38,0.917321634668,0.900933628132,1
USA,38003,38,0.928521338923,0.914798400288,1
USA,38005,38,0.851731246545,0.866186787876333,1
USA,38009,38,0.917768056739,0.899649780433333,1
USA,38011,38,0.879921413936,0.891308372761,1
USA,38013,38,0.91932659025,0.872153941856,1
USA,38015,38,0.940184913075,0.92669721994,1
USA,38017,38,0.950145983459,0.935032766426333,1
USA,38019,38,0.912490623059,0.906435027099667,1
USA,38021,38,0.910595496717,0.900693305381,1
USA,38023,38,0.911302624735,0.894221426107,1
USA,38025,38,0.917373877367,0.900738786415333,1
USA,38027,38,0.888435237139,0.900140347624,1
USA,38029,38,0.896173675361,0.912245870751667,1
USA,38031,38,0.922520316713,0.898673568405,1
USA,38033,38,0.919661222369,0.898850809960333,1
USA,38035,38,0.937190054873,0.932321927706667,1
USA,38037,38,0.920422798807,0.89472721226,1
USA,38039,38,0.906760957581,0.893663137093667,1
USA,38041,38,0.902989113502,0.899770979087,1
USA,38043,38,0.907402511568,0.905540171470333,1
USA,38045,38,0.911742275301,0.901358134055333,1
USA,38047,38,0.905786801089,0.907514359015333,1
USA,38049,38,0.904340705904,0.890043942728333,1
USA,38051,38,0.880881271945,0.909478847224667,1
USA,38053,38,0.899403848182,0.885060820934667,1
USA,38055,38,0.913923697227,0.903605710943,1
USA,38057,38,0.921593152855,0.907452712118333,1
USA,38059,38,0.912284364894,0.916425123801333,1
USA,38061,38,0.887974530108,0.885343191797,1
USA,38063,38,0.891338469712,0.907002324675333,1
USA,38065,38,0.929486702792,0.890625596064667,1
USA,38067,38,0.90614978027,0.907754722434,1
USA,38069,38,0.899055173305,0.903599462225333,1
USA,38071,38,0.91624721326,0.916056279454333,1
USA,38073,38,0.904220763287,0.907223555509667,1
USA,38075,38,0.908094388552,0.878915482138333,1
USA,38077,38,0.926975888075,0.914985718612667,1
USA,38079,38,0.837674720125,0.879238684747,1
USA,38081,38,0.90959987918,0.908082418389333,1
USA,38083,38,0.895482086744,0.900322161113,1
USA,38085,38,0.792843790772,0.87488372309,1
USA,38089,38,0.922354384247,0.905653537598,1
USA,38091,38,0.923602910146,0.902941475436667,1
USA,38093,38,0.912360868073,0.919308003852667,1
USA,38095,38,0.881233212516,0.897089337205333,1
USA,38097,38,0.930645426619,0.910253835027667,1
USA,38099,38,0.888707015587,0.905996309359,1
USA,38101,38,0.925938819228,0.911297508403333,1
USA,38103,38,0.903600655567,0.89568708602,1
USA,38105,38,0.903186412626,0.892425523393,1
USA,39001,39,0.845074844177,0.861111358576553,0
USA,39003,39,0.899334402408,0.905882715598036,0
USA,39005,39,0.896836356623,0.888766737974654,0
USA,39007,39,0.859964619771,0.883716289064551,0
USA,39009,39,0.923006731358,0.904305199114599,0
USA,39011,39,0.903233342506,0.892859783477245,0
USA,39013,39,0.893390026097,0.894729469970957,0
USA,39015,39,0.861056297637,0.862237654659195,0
USA,39017,39,0.915769487755,0.920803307744592,0
USA,39019,39,0.886587183982,0.875710022179137,0
USA,39021,39,0.887038082465,0.88543945653628,0
USA,39023,39,0.877037277747,0.90055261040581,0
USA,39025,39,0.909211491894,0.903029957629508,0
USA,39027,39,0.887159171471,0.884381727809666,0
USA,39029,39,0.878874882785,0.89842129161167,0
USA,39031,39,0.867061900502,0.873229983930896,0
USA,39033,39,0.868505384199,0.889410549802041,0
USA,39035,39,0.915911054615,0.927359193539789,0
USA,39037,39,0.886231464615,0.887749800130533,0
USA,39039,39,0.90401866955,0.897019445437426,0
USA,39041,39,0.966922679974,0.910445560416524,0
USA,39043,39,0.901318855912,0.908108479843883,0
USA,39045,39,0.910603181923,0.903889825294768,0
USA,39047,39,0.859849143895,0.886942874120254,0
USA,39049,39,0.924819686474,0.931508320072256,0
USA,39051,39,0.898184027667,0.891257352035035,0
USA,39053,39,0.862861493298,0.859961561219793,0
USA,39055,39,0.927030714835,0.888502938459689,0
USA,39057,39,0.948831850717,0.919152888225087,0
USA,39059,39,0.880847585644,0.87420928757247,0
USA,39061,39,0.922360948567,0.930828847335653,0
USA,39063,39,0.920470018122,0.906010709316552,0
USA,39065,39,0.885790764578,0.884525725035872,0
USA,39067,39,0.860529047021,0.86898112506014,0
USA,39069,39,0.900464777104,0.887714993617471,0
USA,39071,39,0.858369138918,0.871033197751184,0
USA,39073,39,0.872906398928,0.872987471875027,0
USA,39075,39,0.81404596374,0.856337767694276,0
USA,39077,39,0.873765471583,0.885438023498797,0
USA,39079,39,0.844628285879,0.865254725766619,0
USA,39081,39,0.888336550028,0.89686456546484,0
USA,39083,39,0.905785394015,0.889182122324929,0
USA,39085,39,0.921990766897,0.918245357876282,0
USA,39087,39,0.867340262184,0.874603732407908,0
USA,39089,39,0.910420634528,0.900805595371995,0
USA,39091,39,0.882483722728,0.886576291645838,0
USA,39093,39,0.906828611807,0.903709471156243,0
USA,39095,39,0.899235548337,0.922877292867275,0
USA,39097,39,0.890758482219,0.900642334232224,0
USA,39099,39,0.902319880242,0.915320096144252,0
USA,39101,39,0.870753744261,0.902153022831597,0
USA,39103,39,0.937743006151,0.904496156441158,0
USA,39105,39,0.867044801398,0.863798064626774,0
USA,39107,39,0.905293082167,0.887718855368366,0
USA,39109,39,0.904192542977,0.903499453806793,0
USA,39111,39,0.882248262459,0.863977576870369,0
USA,39113,39,0.901993025992,0.922909312416878,0
USA,39115,39,0.854323784362,0.859827866885659,0
USA,39117,39,0.878219835793,0.869415746442224,0
USA,39119,39,0.884068431715,0.88762568481879,0
USA,39121,39,0.890968876309,0.857077158241579,0
USA,39123,39,0.915653344588,0.90063752265788,0
USA,39125,39,0.88949856566,0.874798156273791,0
USA,39127,39,0.870488418953,0.862554698176846,0
USA,39129,39,0.878989353099,0.8906455727675,0
USA,39131,39,0.85531387039,0.866528013722619,0
USA,39133,39,0.920001702259,0.907525278025539,0
USA,39135,39,0.886628312057,0.892261939902636,0
USA,39137,39,0.923021385819,0.873447245518889,0
USA,39139,39,0.880573469294,0.905731926330506,0
USA,39141,39,0.870711339471,0.889201787732188,0
USA,39143,39,0.887326092881,0.894137571805885,0
USA,39145,39,0.863089166261,0.879132573597501,0
USA,39147,39,0.902984167072,0.893320406012132,0
USA,39149,39,0.896617723666,0.887850470015896,0
USA,39151,39,0.904509477395,0.917636277157684,0
USA,39153,39,0.917517219693,0.925620695494022,0
USA,39155,39,0.88169869821,0.904755580148893,0
USA,39157,39,0.881198408696,0.889986445155487,0
USA,39159,39,0.9274915594,0.892498918546213,0
USA,39161,39,0.895871963714,0.890657609883387,0
USA,39163,39,0.851033893461,0.849174196023053,0
USA,39165,39,0.942015979796,0.911830011774196,0
USA,39167,39,0.895592507146,0.887975018485875,0
USA,39169,39,0.893450488614,0.891060327066119,0
USA,39171,39,0.886417136683,0.892360466592136,0
USA,39173,39,0.941709115967,0.913910676956515,0
USA,39175,39,0.896278168426,0.878682508637061,0
USA,40001,40,0.840148235659,0.847545030423007,0.5
USA,40003,40,0.884995254592,0.893059582183653,0.5
USA,40005,40,0.85877977523,0.871655019214839,0.5
USA,40007,40,0.884880952136,0.863994128319158,0.5
USA,40009,40,0.86595458794,0.888184457448464,0.5
USA,40011,40,0.849877759298,0.887163167429955,0.5
USA,40013,40,0.888626802794,0.884475971231297,0.5
USA,40015,40,0.855109189705,0.882516155675445,0.5
USA,40017,40,0.915011354209,0.903592276833208,0.5
USA,40019,40,0.872780581198,0.895751834712818,0.5
USA,40021,40,0.891953620003,0.871472777792161,0.5
USA,40023,40,0.842456636882,0.850070741370046,0.5
USA,40025,40,0.890106540509,0.857539332596364,0.5
USA,40027,40,0.936801739882,0.92569006381012,0.5
USA,40029,40,0.852230067677,0.86012307168597,0.5
USA,40031,40,0.887093340623,0.903700271670074,0.5
USA,40033,40,0.871406244537,0.873946322848879,0.5
USA,40035,40,0.858971447202,0.871504272060863,0.5
USA,40037,40,0.870617038288,0.888701614257057,0.5
USA,40039,40,0.899836677,0.895992961013724,0.5
USA,40041,40,0.876228520463,0.875508651810073,0.5
USA,40043,40,0.881034108395,0.870482679435734,0.5
USA,40045,40,0.878573671428,0.865489433294884,0.5
USA,40047,40,0.888153852332,0.900691963318769,0.5
USA,40049,40,0.85420285695,0.887587600777123,0.5
USA,40051,40,0.896544232307,0.896770672783335,0.5
USA,40053,40,0.888127251805,0.881520089188263,0.5
USA,40055,40,0.851482220813,0.875718805981765,0.5
USA,40057,40,0.865423409821,0.857849656951195,0.5
USA,40059,40,0.870277668838,0.866640995041654,0.5
USA,40061,40,0.866364433867,0.851311663034708,0.5
USA,40063,40,0.851060548463,0.875619999794889,0.5
USA,40065,40,0.877773466273,0.882263663863134,0.5
USA,40067,40,0.854946886463,0.864427100564294,0.5
USA,40069,40,0.87049894135,0.870871089003441,0.5
USA,40071,40,0.875803914816,0.900517789360402,0.5
USA,40073,40,0.899251908579,0.883397379038404,0.5
USA,40075,40,0.843508535374,0.872673090059908,0.5
USA,40077,40,0.881620079819,0.853496481861765,0.5
USA,40079,40,0.852603259001,0.85909115737379,0.5
USA,40081,40,0.875211146203,0.888760639327302,0.5
USA,40083,40,0.922487136684,0.906236728998295,0.5
USA,40085,40,0.862133131364,0.869022823753462,0.5
USA,40087,40,0.908167154891,0.895049852656826,0.5
USA,40089,40,0.842265962862,0.853003477710927,0.5
USA,40091,40,0.860256636942,0.873180300604813,0.5
USA,40093,40,0.88163916442,0.87612364430618,0.5
USA,40095,40,0.867050519477,0.879334812712911,0.5
USA,40097,40,0.863973181278,0.87315517575262,0.5
USA,40099,40,0.86475046315,0.891220924560649,0.5
USA,40101,40,0.863055875356,0.874729078516532,0.5
USA,40103,40,0.888486273509,0.886670461646127,0.5
USA,40105,40,0.867577052017,0.87512167588349,0.5
USA,40107,40,0.828165230789,0.873651816451995,0.5
USA,40109,40,0.903762435295,0.924374279598055,0.5
USA,40111,40,0.86332752192,0.883683821896818,0.5
USA,40113,40,0.890090673211,0.889929573903044,0.5
USA,40115,40,0.851844803914,0.866381937522654,0.5
USA,40117,40,0.864424866295,0.892795221519457,0.5
USA,40119,40,0.932835273527,0.921788635107984,0.5
USA,40121,40,0.868999869377,0.877012670920462,0.5
USA,40123,40,0.895645285593,0.893471252454594,0.5
USA,40125,40,0.878971959878,0.901112972283422,0.5
USA,40127,40,0.860918139546,0.849472277273875,0.5
USA,40129,40,0.898235466289,0.856698100065686,0.5
USA,40131,40,0.910483543693,0.893740297906453,0.5
USA,40133,40,0.848600099579,0.886078637463018,0.5
USA,40135,40,0.850439686294,0.860718660821494,0.5
USA,40137,40,0.873567869421,0.895387461851163,0.5
USA,40139,40,0.871684162154,0.874460206354976,0.5
USA,40141,40,0.850251801241,0.861208497391954,0.5
USA,40143,40,0.908553777915,0.921023753551493,0.5
USA,40145,40,0.907056199355,0.884940608326513,0.5
USA,40147,40,0.906430221982,0.900154580681009,0.5
USA,40149,40,0.871855568705,0.871641827327983,0.5
USA,40151,40,0.902674181795,0.896024258143026,0.5
USA,40153,40,0.879906952786,0.887753425823203,0.5
USA,41001,41,0.896661832248,0.889638164180422,0.5
USA,41003,41,0.978263797657,0.932718731509148,0.5
USA,41005,41,0.941521660929,0.934162838831226,0.5
USA,41007,41,0.900824751255,0.910101004363719,0.5
USA,41009,41,0.897220494556,0.906927467319039,0.5
USA,41011,41,0.882896556559,0.911879511750587,0.5
USA,41013,41,0.887469886641,0.882847732930588,0.5
USA,41015,41,0.882160754128,0.909374391461552,0.5
USA,41017,41,0.925497235532,0.916428019512824,0.5
USA,41019,41,0.878051793233,0.896466307106661,0.5
USA,41021,41,0.896733060882,0.874277087184012,0.5
USA,41023,41,0.883336363944,0.875496072029719,0.5
USA,41025,41,0.892182624531,0.881031930908641,0.5
USA,41027,41,0.908881075931,0.897836314127269,0.5
USA,41029,41,0.904863353561,0.903530759306912,0.5
USA,41031,41,0.872970128161,0.874708278964738,0.5
USA,41033,41,0.875794056931,0.896687710536403,0.5
USA,41035,41,0.882483295708,0.898309894837423,0.5
USA,41037,41,0.86481275197,0.879507474993669,0.5
USA,41039,41,0.919854441723,0.930092751001002,0.5
USA,41041,41,0.88892517638,0.921688949360583,0.5
USA,41043,41,0.885800357617,0.911820026806758,0.5
USA,41045,41,0.852637623408,0.873569339186758,0.5
USA,41047,41,0.898350074887,0.924923264017494,0.5
USA,41049,41,0.878494558725,0.85228893121692,0.5
USA,41051,41,0.93788372183,0.957690941344625,0.5
USA,41053,41,0.924690030471,0.912619438878865,0.5
USA,41055,41,0.901057975842,0.887276930217881,0.5
USA,41057,41,0.891406109202,0.896072863583016,0.5
USA,41059,41,0.880451721008,0.883408286918819,0.5
USA,41061,41,0.908748421422,0.899115897095131,0.5
USA,41063,41,0.91193830585,0.897813286224205,0.5
USA,41065,41,0.881381482573,0.890663599529207,0.5
USA,41067,41,0.950635377892,0.941520112183301,0.5
USA,41069,41,0.896819772785,0.859997235402508,0.5
USA,41071,41,0.916481961216,0.917532808551292,0.5
USA,42001,42,0.921780876332,0.909491500171667,1
USA,42003,42,0.942212297921,0.938428945528,1
USA,42005,42,0.88820270047,0.902729605464333,1
USA,42007,42,0.906257045925,0.915058695832333,1
USA,42009,42,0.884331112256,0.902608187596,1
USA,42011,42,0.916633525316,0.924899819019667,1
USA,42013,42,0.900027420022,0.924390564967333,1
USA,42015,42,0.8903507152,0.897759351011,1
USA,42017,42,0.946768041497,0.936225218361333,1
USA,42019,42,0.941833843787,0.916347129527667,1
USA,42021,42,0.900932659861,0.915794472201,1
USA,42023,42,0.883304171088,0.884283980950667,1
USA,42025,42,0.88894004006,0.902784747270667,1
USA,42027,42,0.973650065898,0.940659004537,1
USA,42029,42,0.963458754851,0.92728679288,1
USA,42031,42,0.90720830819,0.902147095611,1
USA,42033,42,0.87699974328,0.909001162133,1
USA,42035,42,0.897502955607,0.907610177059,1
USA,42037,42,0.920015515528,0.914552193053333,1
USA,42039,42,0.890920011306,0.892623591966667,1
USA,42041,42,0.945434215409,0.937770501451333,1
USA,42043,42,0.915908334902,0.930142776878,1
USA,42045,42,0.940051267563,0.934547474040333,1
USA,42047,42,0.900081975549,0.901121047195667,1
USA,42049,42,0.912493059683,0.910205646461333,1
USA,42051,42,0.879902287496,0.901202658233667,1
USA,42053,42,0.837555282736,0.899225246125,1
USA,42055,42,0.904719990322,0.916425483281333,1
USA,42057,42,0.887627182325,0.897744503939667,1
USA,42059,42,0.888196048407,0.891570303993667,1
USA,42061,42,0.901313010123,0.903516756905667,1
USA,42063,42,0.913238529203,0.911704743778667,1
USA,42065,42,0.874123580356,0.895534024151333,1
USA,42067,42,0.877856682396,0.887108755039,1
USA,42069,42,0.913702096441,0.923154677360333,1
USA,42071,42,0.911425363574,0.928463009789,1
USA,42073,42,0.897411173645,0.909849610523,1
USA,42075,42,0.89966081197,0.923198347818333,1
USA,42077,42,0.923021521411,0.934575024138667,1
USA,42079,42,0.903874214088,0.91738972952,1
USA,42081,42,0.911645054172,0.911458753252667,1
USA,42083,42,0.89529842946,0.896405027665667,1
USA,42085,42,0.904038134255,0.908646409498333,1
USA,42087,42,0.870384513119,0.903375362696667,1
USA,42089,42,0.911383740262,0.917409636364333,1
USA,42091,42,0.958874078738,0.941093372401667,1
USA,42093,42,0.914035153432,0.902625503648333,1
USA,42095,42,0.9375870553,0.937834958248,1
USA,42097,42,0.877792914178,0.9090313535,1
USA,42099,42,0.884516014745,0.894440463707,1
USA,42101,42,0.896394285409,0.928418758963333,1
USA,42103,42,0.925970753809,0.910010932564,1
USA,42105,42,0.884022911112,0.882024694176667,1
USA,42107,42,0.883485173442,0.907560786720333,1
USA,42109,42,0.911109190583,0.901345785872333,1
USA,42111,42,0.87903322139,0.903757854431667,1
USA,42113,42,0.894881605934,0.902103153005,1
USA,42115,42,0.896385591059,0.896313794005667,1
USA,42117,42,0.894829765859,0.902401336885333,1
USA,42119,42,0.929265157943,0.911834068565667,1
USA,42121,42,0.881497603645,0.900459940132667,1
USA,42123,42,0.895412891246,0.901524514369,1
USA,42125,42,0.919977514793,0.908648613371,1
USA,42127,42,0.895587159342,0.908893338515,1
USA,42129,42,0.922078854848,0.920242224216667,1
USA,42131,42,0.897975870667,0.897819952068,1
USA,42133,42,0.914164933875,0.926226578618333,1
USA,44001,44,0.973718212728,0.937680364997,1
USA,44003,44,0.929784019476,0.940442912156,1
USA,44005,44,0.957523370992,0.936662224910667,1
USA,44007,44,0.91873730048,0.940193352748667,1
USA,44009,44,0.964274012827,0.930497993026333,1
USA,45001,45,0.8768076256,0.871433585802333,1
USA,45003,45,0.899309283377,0.885555789402333,1
USA,45005,45,0.825957781868,0.857960553947,1
USA,45007,45,0.889686743106,0.886446654863,1
USA,45009,45,0.874789378277,0.865760935860333,1
USA,45011,45,0.83273143011,0.850792422897667,1
USA,45013,45,0.939510967545,0.928501593565667,1
USA,45015,45,0.895030506963,0.897687457873,1
USA,45017,45,0.871560717748,0.861299795421333,1
USA,45019,45,0.941780801936,0.932221211252,1
USA,45021,45,0.853692555642,0.886878444237333,1
USA,45023,45,0.846426500877,0.879467834947,1
USA,45025,45,0.849865824541,0.856946574025667,1
USA,45027,45,0.868957240236,0.875290115927333,1
USA,45029,45,0.848709727258,0.876700881210333,1
USA,45031,45,0.862271782188,0.868669406008333,1
USA,45033,45,0.836777158559,0.858121505238333,1
USA,45035,45,0.904706690927,0.900771820568333,1
USA,45037,45,0.89774117642,0.880797176947333,1
USA,45039,45,0.855518075722,0.891429498511667,1
USA,45041,45,0.881518453636,0.882499823112333,1
USA,45043,45,0.902907847707,0.906518355732,1
USA,45045,45,0.921392004459,0.909683331343,1
USA,45047,45,0.887443600158,0.89182497312,1
USA,45049,45,0.835934608537,0.861602389369333,1
USA,45051,45,0.901162908599,0.914548419457667,1
USA,45053,45,0.87998697484,0.887408060731667,1
USA,45055,45,0.875987252195,0.863420427495333,1
USA,45057,45,0.903835637471,0.879411080625,1
USA,45059,45,0.861448208443,0.880760369249333,1
USA,45061,45,0.836694071659,0.864873670450667,1
USA,45063,45,0.912556307653,0.894487560798,1
USA,45065,45,0.873429542147,0.893076132206333,1
USA,45067,45,0.839712966805,0.861544497682,1
USA,45069,45,0.819234352566,0.867617338664333,1
USA,45071,45,0.87725472344,0.881260155291,1
USA,45073,45,0.903367990919,0.888516913783,1
USA,45075,45,0.872309401874,0.870712988490333,1
USA,45077,45,0.911711860716,0.901526496562,1
USA,45079,45,0.919238839999,0.911716196888333,1
USA,45081,45,0.87209703059,0.867501118251333,1
USA,45083,45,0.89123075814,0.898342121960333,1
USA,45085,45,0.875736166817,0.877170589791667,1
USA,45087,45,0.856236957753,0.881875795550667,1
USA,45089,45,0.83805814201,0.868713116175667,1
USA,45091,45,0.920123741491,0.906286645705667,1
USA,46003,46,0.916391169886,0.898913218004,1
USA,46005,46,0.884747372666,0.905726709273,1
USA,46007,46,0.840650583265,0.883458087613667,1
USA,46009,46,0.891639357326,0.901513864969667,1
USA,46011,46,0.958180400086,0.926561314973,1
USA,46013,46,0.930088229279,0.919682568789333,1
USA,46015,46,0.905884735632,0.904948444462667,1
USA,46019,46,0.88529577971,0.899998159886667,1
USA,46021,46,0.923405414482,0.916179492034333,1
USA,46023,46,0.862186892823,0.885481039546333,1
USA,46025,46,0.896560843063,0.895260097580667,1
USA,46027,46,0.95125604559,0.927844883452,1
USA,46029,46,0.925515067753,0.923535912304667,1
USA,46031,46,0.820078638176,0.870824437904333,1
USA,46033,46,0.916718036396,0.921253541574333,1
USA,46035,46,0.920633301891,0.931182105542,1
USA,46037,46,0.89366560063,0.916102976624,1
USA,46039,46,0.901300000322,0.909622258188333,1
USA,46041,46,0.81557927472,0.871321193786333,1
USA,46043,46,0.890565277279,0.897479320036,1
USA,46045,46,0.927139190358,0.908822967613,1
USA,46047,46,0.880254746018,0.916517143441333,1
USA,46049,46,0.919908214528,0.900517867644,1
USA,46051,46,0.895874063933,0.914382579728333,1
USA,46053,46,0.882725751201,0.905184510995333,1
USA,46055,46,0.876468637606,0.898753281423333,1
USA,46057,46,0.89248537775,0.894092642270667,1
USA,46059,46,0.917414644244,0.898053680097333,1
USA,46061,46,0.898343667895,0.875789590631,1
USA,46063,46,0.926783869478,0.906784267188333,1
USA,46065,46,0.902995245379,0.923865655819,1
USA,46067,46,0.901190497875,0.892609172879,1
USA,46069,46,0.900235334649,0.911911808014333,1
USA,46071,46,0.825972495402,0.894959923799,1
USA,46073,46,0.918435750697,0.894414026691,1
USA,46075,46,0.90680510175,0.921549282933,1
USA,46077,46,0.903261852987,0.899276045277333,1
USA,46079,46,0.951239156005,0.920787464950667,1
USA,46081,46,0.941573829059,0.930363837601333,1
USA,46083,46,0.955958552251,0.911549547148333,1
USA,46085,46,0.870020943195,0.893613610547,1
USA,46087,46,0.887818161717,0.892167960915,1
USA,46089,46,0.894709913539,0.895089050491667,1
USA,46091,46,0.922980868792,0.898581595676667,1
USA,46093,46,0.915033762193,0.908200189103,1
USA,46095,46,0.796468988796,0.874896278941667,1
USA,46097,46,0.888057492007,0.897272314103,1
USA,46099,46,0.91448988609,0.932806578646,1
USA,46101,46,0.915570015206,0.896120012334,1
USA,46102,46,0.772208217949,0.880466372443333,1
USA,46103,46,0.923034197815,0.926960743178,1
USA,46105,46,0.903282847058,0.897347694818667,1
USA,46107,46,0.920577555959,0.903105874032333,1
USA,46109,46,0.878360018366,0.896697314158667,1
USA,46111,46,0.906625987746,0.894264152508,1
USA,46115,46,0.918458735193,0.903570834776,1
USA,46117,46,0.915731542992,0.906972539471667,1
USA,46119,46,0.942160669647,0.908892781691667,1
USA,46121,46,0.775011805113,0.871706079461333,1
USA,46123,46,0.876648149478,0.904895253849667,1
USA,46125,46,0.907604701443,0.89287453294,1
USA,46127,46,0.934215449357,0.907042139770333,1
USA,46129,46,0.904921025118,0.903638196049,1
USA,46135,46,0.912563707576,0.926711484342333,1
USA,46137,46,0.84513105642,0.902823206048667,1
USA,47001,47,0.881600946309,0.88794957535925,0
USA,47003,47,0.862009108296,0.868510846149499,0
USA,47005,47,0.849568021078,0.877166032769393,0
USA,47007,47,0.860525457624,0.847336467247818,0
USA,47009,47,0.900163375332,0.8899770840665,0
USA,47011,47,0.901378370208,0.89160383712354,0
USA,47013,47,0.844100334538,0.870791931751733,0
USA,47015,47,0.869411277561,0.857557819439325,0
USA,47017,47,0.86245058383,0.869538565203164,0
USA,47019,47,0.87181531418,0.88299029576967,0
USA,47021,47,0.869871025664,0.87258530949065,0
USA,47023,47,0.892063516722,0.86423464376627,0
USA,47025,47,0.862452592176,0.866915640361673,0
USA,47027,47,0.836411617548,0.853868060908359,0
USA,47029,47,0.832853368941,0.871131306907081,0
USA,47031,47,0.868006243795,0.872828101212199,0
USA,47033,47,0.861318636284,0.842712970400737,0
USA,47035,47,0.870679320793,0.871489627158084,0
USA,47037,47,0.920772566692,0.922640708907692,0
USA,47039,47,0.860182208207,0.86160577885238,0
USA,47041,47,0.858534602677,0.865115664513638,0
USA,47043,47,0.866751947455,0.872109885314126,0
USA,47045,47,0.860403160286,0.8790154985199,0
USA,47047,47,0.895508493577,0.870726323820307,0
USA,47049,47,0.850520008747,0.853765480785668,0
USA,47051,47,0.899645653839,0.876948681572972,0
USA,47053,47,0.863266224753,0.873794023648197,0
USA,47055,47,0.873610248999,0.867766898661182,0
USA,47057,47,0.851695147168,0.859503043630011,0
USA,47059,47,0.868540207999,0.873288734064943,0
USA,47061,47,0.836524935965,0.85250055975688,0
USA,47063,47,0.867608613747,0.884383271115442,0
USA,47065,47,0.919428145528,0.906574303133457,0
USA,47067,47,0.832612916537,0.843044110345943,0
USA,47069,47,0.840566463545,0.866527974791178,0
USA,47071,47,0.860546351267,0.87318818773268,0
USA,47073,47,0.867210954913,0.867927721020419,0
USA,47075,47,0.852166265988,0.859434507570289,0
USA,47077,47,0.858141355776,0.867852608080059,0
USA,47079,47,0.858862759916,0.878751132879267,0
USA,47081,47,0.850511802082,0.861836916133269,0
USA,47083,47,0.861376772389,0.859770989315972,0
USA,47085,47,0.860404553792,0.865043456653476,0
USA,47087,47,0.847358767676,0.85994270956003,0
USA,47089,47,0.887579659855,0.881072321710473,0
USA,47091,47,0.855308126479,0.874170113886709,0
USA,47093,47,0.921983461744,0.913288643314349,0
USA,47095,47,0.817963644043,0.871425106003116,0
USA,47097,47,0.83104517902,0.862308216212946,0
USA,47099,47,0.854859542919,0.862856231423486,0
USA,47101,47,0.860076610725,0.860091236855656,0
USA,47103,47,0.878117956133,0.865736591322906,0
USA,47105,47,0.898194791908,0.884135153210025,0
USA,47107,47,0.864156571254,0.87351639956145,0
USA,47109,47,0.839272502466,0.866121167845746,0
USA,47111,47,0.84545005977,0.856723221097214,0
USA,47113,47,0.895726980075,0.891019930501036,0
USA,47115,47,0.858361924211,0.865524748849755,0
USA,47117,47,0.86934654095,0.872057355061135,0
USA,47119,47,0.884852571867,0.880555126225613,0
USA,47121,47,0.840105301119,0.860550897541067,0
USA,47123,47,0.852478730883,0.866647548629071,0
USA,47125,47,0.890952968312,0.887803604582533,0
USA,47127,47,0.914245973532,0.859139767202313,0
USA,47129,47,0.843531643015,0.854247130631183,0
USA,47131,47,0.868978029934,0.883134651606201,0
USA,47133,47,0.850423358739,0.852169630871525,0
USA,47135,47,0.858690507732,0.853338052554604,0
USA,47137,47,0.838749595293,0.850667727277603,0
USA,47139,47,0.849858359334,0.86889256241316,0
USA,47141,47,0.89500683107,0.886196353721047,0
USA,47143,47,0.861062099524,0.864555113487632,0
USA,47145,47,0.877389512881,0.883610336128559,0
USA,47147,47,0.878309281482,0.882750997931855,0
USA,47149,47,0.913252045536,0.898201773086439,0
USA,47151,47,0.840877632732,0.852003798639347,0
USA,47153,47,0.863602278066,0.86593629971369,0
USA,47155,47,0.870855247211,0.888913714841055,0
USA,47157,47,0.895141115859,0.908762647996331,0
USA,47159,47,0.872987551371,0.864965213758939,0
USA,47161,47,0.877652938286,0.867254799800639,0
USA,47163,47,0.890818456178,0.896377257958043,0
USA,47165,47,0.909326414906,0.896641763860691,0
USA,47167,47,0.88048547117,0.870155061770955,0
USA,47169,47,0.86879702193,0.874720153589024,0
USA,47171,47,0.85557677193,0.883005542004417,0
USA,47173,47,0.85068553167,0.859480387652824,0
USA,47175,47,0.839518117064,0.845590068870949,0
USA,47177,47,0.853060304399,0.861487490695147,0
USA,47179,47,0.910246619169,0.89997207565714,0
USA,47181,47,0.853428376322,0.858637535613621,0
USA,47183,47,0.896709181037,0.88816639736853,0
USA,47185,47,0.85256717891,0.856174086297314,0
USA,47187,47,0.963300381379,0.899259714859326,0
USA,47189,47,0.919600988545,0.890268051125249,0
USA,48001,48,0.831873911458,0.874580248218,1
USA,48003,48,0.861272764679,0.863919509745333,1
USA,48005,48,0.867278992904,0.867236776323667,1
USA,48007,48,0.891447881382,0.910760234764333,1
USA,48009,48,0.921788986407,0.863963461800333,1
USA,48011,48,0.883631991608,0.862845057553333,1
USA,48013,48,0.865442580832,0.853772410309333,1
USA,48015,48,0.899947926688,0.863892181529667,1
USA,48017,48,0.853080142341,0.873990425601,1
USA,48019,48,0.903506373331,0.870685944833667,1
USA,48021,48,0.880295625865,0.873399473298,1
USA,48023,48,0.847079830618,0.871994952634,1
USA,48025,48,0.854761990277,0.878945143876,1
USA,48027,48,0.893932350388,0.895698955124333,1
USA,48029,48,0.903351288113,0.912442781349333,1
USA,48031,48,0.910211890939,0.870453086245,1
USA,48035,48,0.873801762761,0.869832214556667,1
USA,48037,48,0.882862225924,0.870220874856667,1
USA,48039,48,0.917046322541,0.887344802894667,1
USA,48041,48,0.949505456896,0.907977957617333,1
USA,48043,48,0.937096791387,0.878967172116333,1
USA,48045,48,0.881725908474,0.880464599732667,1
USA,48047,48,0.83270335831,0.867793982921667,1
USA,48049,48,0.883430831294,0.878323374722,1
USA,48051,48,0.89204015356,0.862028673586333,1
USA,48053,48,0.896333666188,0.885406900922,1
USA,48055,48,0.874442641202,0.870256107704333,1
USA,48057,48,0.870143528352,0.883219767216333,1
USA,48059,48,0.877921546643,0.863819235970667,1
USA,48061,48,0.86933233796,0.909407800487333,1
USA,48063,48,0.858049544575,0.842200440932,1
USA,48065,48,0.9090688592,0.874885052477,1
USA,48067,48,0.866129555751,0.849969570058,1
USA,48069,48,0.871422035943,0.857290519093667,1
USA,48071,48,0.908223887177,0.867983718531667,1
USA,48073,48,0.86529006149,0.853765743022667,1
USA,48075,48,0.827674646339,0.892659645553,1
USA,48077,48,0.906465648671,0.875060492580333,1
USA,48079,48,0.821191040748,0.854206646700333,1
USA,48081,48,0.864773561354,0.846929680641667,1
USA,48083,48,0.857180185728,0.854390629493333,1
USA,48085,48,0.9643121895,0.908954199894667,1
USA,48087,48,0.856353521447,0.863398281739,1
USA,48089,48,0.892077665746,0.860622908519667,1
USA,48091,48,0.929580351563,0.900600572710333,1
USA,48093,48,0.880581126569,0.862385539912667,1
USA,48095,48,0.848286417671,0.851809879520667,1
USA,48097,48,0.893827271017,0.885885450305,1
USA,48099,48,0.869183642872,0.890304406417333,1
USA,48101,48,0.848723617627,0.835564248085333,1
USA,48103,48,0.866411731259,0.836708219627,1
USA,48105,48,0.867520245869,0.840216151203333,1
USA,48107,48,0.836189542161,0.856605275436667,1
USA,48109,48,0.840674419153,0.857652413663667,1
USA,48111,48,0.858197576167,0.857631332123333,1
USA,48113,48,0.905302156813,0.913650945738333,1
USA,48115,48,0.851372160883,0.869933956271,1
USA,48117,48,0.864714638762,0.872853649503667,1
USA,48119,48,0.885154301864,0.831886916771,1
USA,48121,48,0.959261610959,0.907776451783333,1
USA,48123,48,0.864302487115,0.861947082904,1
USA,48125,48,0.877628454991,0.863025811889667,1
USA,48127,48,0.851510093123,0.830588706245667,1
USA,48129,48,0.895553945204,0.870503263373667,1
USA,48131,48,0.831883680615,0.843425606275333,1
USA,48133,48,0.874023027063,0.870203395145333,1
USA,48135,48,0.868405364191,0.880661140471667,1
USA,48137,48,0.859066576435,0.841766001965333,1
USA,48139,48,0.905299053665,0.875171911747667,1
USA,48141,48,0.89462402139,0.898030543575333,1
USA,48143,48,0.926324347791,0.888139638046333,1
USA,48145,48,0.851635386399,0.85511086784,1
USA,48147,48,0.878734883304,0.865872226870333,1
USA,48149,48,0.906178877907,0.866573157077667,1
USA,48151,48,0.894338568987,0.848462743992333,1
USA,48153,48,0.85456094494,0.858408810149,1
USA,48155,48,0.882821315183,0.869542161235667,1
USA,48157,48,0.964248220276,0.902253633618333,1
USA,48159,48,0.907101896722,0.850721509306333,1
USA,48161,48,0.866787498991,0.850995410877,1
USA,48163,48,0.831972763062,0.869064021808,1
USA,48165,48,0.829297256988,0.838598410172333,1
USA,48167,48,0.918595017848,0.903160016391667,1
USA,48169,48,0.84132010895,0.895572648749,1
USA,48171,48,0.91608533688,0.86901857004,1
USA,48173,48,0.912228602238,0.841269380011,1
USA,48175,48,0.894699236452,0.847200328399,1
USA,48177,48,0.858571090803,0.851160742226667,1
USA,48179,48,0.849681666508,0.894804524806667,1
USA,48181,48,0.891778634774,0.888983224413333,1
USA,48183,48,0.880916038658,0.882610502963,1
USA,48185,48,0.876913983149,0.864461045639667,1
USA,48187,48,0.917843567331,0.886737420856667,1
USA,48189,48,0.86265900759,0.882671462893,1
USA,48191,48,0.840549910713,0.861975777603333,1
USA,48193,48,0.87756724437,0.865294076750667,1
USA,48195,48,0.84555507051,0.875913180467667,1
USA,48197,48,0.860922562791,0.872471754239333,1
USA,48199,48,0.884413520049,0.870050532813,1
USA,48201,48,0.91383529968,0.911600715850667,1
USA,48203,48,0.882225353485,0.857618773259333,1
USA,48205,48,0.866064377595,0.883642407445,1
USA,48207,48,0.84442907844,0.877192991520333,1
USA,48209,48,0.938751899022,0.901943951502,1
USA,48211,48,0.90411959985,0.859546387902667,1
USA,48213,48,0.869044388174,0.874416854514,1
USA,48215,48,0.879404307038,0.902908868381333,1
USA,48217,48,0.877356964168,0.870060654004333,1
USA,48219,48,0.865544030374,0.877135506031333,1
USA,48221,48,0.887257217727,0.899741639963667,1
USA,48223,48,0.880956313995,0.855560443342,1
USA,48225,48,0.854589004428,0.863412267024667,1
USA,48227,48,0.851532770392,0.884908577990667,1
USA,48229,48,0.848072901919,0.832762578668333,1
USA,48231,48,0.884016425491,0.871546600858333,1
USA,48233,48,0.863961852597,0.889459839986667,1
USA,48235,48,0.901837203793,0.804254584052,1
USA,48237,48,0.856803103748,0.86680953077,1
USA,48239,48,0.884887246742,0.851846038761667,1
USA,48241,48,0.855131871891,0.862244050242667,1
USA,48243,48,0.925464140775,0.869432388927667,1
USA,48245,48,0.882183283063,0.897588546026,1
USA,48247,48,0.817758189802,0.850272271783,1
USA,48249,48,0.848026395352,0.864922161721333,1
USA,48251,48,0.855870706041,0.88598922854,1
USA,48253,48,0.845235788152,0.875950046021,1
USA,48255,48,0.86649512427,0.868947196278667,1
USA,48257,48,0.886036974175,0.861707960129667,1
USA,48259,48,0.946122911201,0.879448911398333,1
USA,48265,48,0.906366363893,0.885839535062,1
USA,48267,48,0.881833411506,0.847588034149333,1
USA,48271,48,0.876309741732,0.851596769637333,1
USA,48273,48,0.880092821669,0.895477830109667,1
USA,48275,48,0.862297125168,0.854046139561333,1
USA,48277,48,0.866457516931,0.866558796326,1
USA,48279,48,0.854054926048,0.861651707506333,1
USA,48281,48,0.89810340217,0.878062620883667,1
USA,48283,48,0.856699676044,0.863986780824333,1
USA,48285,48,0.902761590791,0.852727870447333,1
USA,48287,48,0.896379592346,0.866556571925333,1
USA,48289,48,0.880441557352,0.845357821292333,1
USA,48291,48,0.843134516642,0.862205687034333,1
USA,48293,48,0.851156711324,0.857943983508333,1
USA,48295,48,0.876172578797,0.875426164688667,1
USA,48297,48,0.86103035345,0.871707972997,1
USA,48299,48,0.885328889376,0.878257524460667,1
USA,48303,48,0.910447062108,0.919150811249333,1
USA,48305,48,0.878893548672,0.847705750041,1
USA,48307,48,0.855763787687,0.856673858822,1
USA,48309,48,0.907850028857,0.894295997968667,1
USA,48313,48,0.857535905659,0.866478678715,1
USA,48315,48,0.862054847695,0.858429806695,1
USA,48317,48,0.874280984915,0.843892073768,1
USA,48319,48,0.902442381495,0.834889834926,1
USA,48321,48,0.86866303379,0.871855984826,1
USA,48323,48,0.839524873269,0.855960586662333,1
USA,48325,48,0.893733398729,0.861526486344667,1
USA,48327,48,0.858776896683,0.847826738059667,1
USA,48329,48,0.910789664752,0.892671218919333,1
USA,48331,48,0.867782498904,0.857551205086333,1
USA,48333,48,0.875441350337,0.849462220615667,1
USA,48335,48,0.857455306877,0.880017286687,1
USA,48337,48,0.860385761876,0.872663285546667,1
USA,48339,48,0.929285772857,0.906267741716,1
USA,48341,48,0.850401983469,0.873079603086667,1
USA,48343,48,0.861078710942,0.850924331236333,1
USA,48345,48,0.866373684379,0.836537034170667,1
USA,48347,48,0.900408336602,0.866442110173333,1
USA,48349,48,0.863317492551,0.862167547479,1
USA,48351,48,0.849545282154,0.859655569942,1
USA,48353,48,0.855537842913,0.865866062163667,1
USA,48355,48,0.894449297317,0.915564710919333,1
USA,48357,48,0.857719054463,0.885924563144667,1
USA,48359,48,0.893864102622,0.848741468700333,1
USA,48361,48,0.876897562802,0.880149018230333,1
USA,48363,48,0.865288044292,0.878567167838,1
USA,48365,48,0.880107986411,0.849281264386,1
USA,48367,48,0.906851897686,0.888392828623,1
USA,48369,48,0.857113640175,0.86057514504,1
USA,48371,48,0.858953180561,0.854209061777667,1
USA,48373,48,0.838339805569,0.875908557308333,1
USA,48375,48,0.85002228873,0.897003159403333,1
USA,48377,48,0.847609733494,0.844521085715333,1
USA,48379,48,0.87459370776,0.859556051642,1
USA,48381,48,0.931150599402,0.912213830915,1
USA,48383,48,0.851847891819,0.825782383012,1
USA,48385,48,0.862428417517,0.822368930612667,1
USA,48387,48,0.852638002471,0.848058251862667,1
USA,48389,48,0.845481114893,0.875204388565667,1
USA,48391,48,0.862246124173,0.859145904777667,1
USA,48395,48,0.881792180126,0.845288848578333,1
USA,48397,48,0.943615557104,0.889404627632667,1
USA,48399,48,0.864754370774,0.85595525284,1
USA,48401,48,0.869526762989,0.856842466430333,1
USA,48403,48,0.87091437768,0.872268572824667,1
USA,48405,48,0.860363011626,0.856535927118667,1
USA,48407,48,0.862903191162,0.858862229202333,1
USA,48409,48,0.866879683783,0.886057028225,1
USA,48411,48,0.872367815867,0.847473263725,1
USA,48413,48,0.877383084984,0.813320594429667,1
USA,48415,48,0.867666630077,0.866943532532,1
USA,48417,48,0.88892500268,0.848297789610667,1
USA,48419,48,0.845112161127,0.842835523953667,1
USA,48421,48,0.881273355977,0.883815274290667,1
USA,48423,48,0.903919492211,0.883836262470667,1
USA,48425,48,0.881940108998,0.874985492872667,1
USA,48427,48,0.832248641075,0.870963960318667,1
USA,48429,48,0.853777289787,0.861904273657333,1
USA,48431,48,0.852321310071,0.822854582467333,1
USA,48433,48,0.86131417985,0.839546994421667,1
USA,48435,48,0.873082674102,0.828089902873667,1
USA,48437,48,0.858948882457,0.872160456025667,1
USA,48439,48,0.914894248514,0.916030678675667,1
USA,48441,48,0.890360937608,0.894155383559667,1
USA,48445,48,0.832689688697,0.874517106946333,1
USA,48447,48,0.88177214109,0.865862483092,1
USA,48449,48,0.8604330705,0.854149009894667,1
USA,48451,48,0.902224070433,0.888617365791333,1
USA,48453,48,0.957244643502,0.932374192317333,1
USA,48455,48,0.85067651633,0.860370355584333,1
USA,48457,48,0.838667910422,0.868912370987,1
USA,48459,48,0.873153294932,0.854016926569,1
USA,48461,48,0.86459367887,0.835967261754667,1
USA,48463,48,0.858247123289,0.852206288680667,1
USA,48465,48,0.859507845434,0.866737222617667,1
USA,48467,48,0.875158737778,0.857004039189333,1
USA,48469,48,0.893649118761,0.881879014093,1
USA,48471,48,0.898034542687,0.907880571889667,1
USA,48473,48,0.902228461236,0.871067498493667,1
USA,48475,48,0.852099243847,0.860757327668333,1
USA,48477,48,0.920524799391,0.87265492159,1
USA,48479,48,0.877474352282,0.879418109962,1
USA,48481,48,0.877283209009,0.870055137450667,1
USA,48483,48,0.864010423509,0.869645373892333,1
USA,48485,48,0.875003490745,0.905547960317667,1
USA,48487,48,0.849971696731,0.889754550691333,1
USA,48489,48,0.829929864299,0.8970515983,1
USA,48491,48,0.945967289344,0.911842840998667,1
USA,48493,48,0.906828689807,0.86640181192,1
USA,48495,48,0.826162202018,0.855099537380667,1
USA,48497,48,0.880685876239,0.87729550407,1
USA,48499,48,0.888414559263,0.869888647077333,1
USA,48501,48,0.84128597357,0.838067136703333,1
USA,48503,48,0.86875511462,0.871583352856,1
USA,48505,48,0.842131536483,0.837290568653333,1
USA,48507,48,0.812794944651,0.825152234705667,1
USA,49001,49,0.880894450968,0.870236628465,1
USA,49003,49,0.893977116331,0.884520181896667,1
USA,49005,49,0.935669180759,0.912018720705,1
USA,49007,49,0.882954653657,0.890857734169667,1
USA,49009,49,0.892774693929,0.889761631892333,1
USA,49011,49,0.931111840917,0.915128738930667,1
USA,49013,49,0.870132584478,0.87121569643,1
USA,49015,49,0.881371715176,0.861672446044333,1
USA,49017,49,0.892369931543,0.875336964916667,1
USA,49019,49,0.880116381154,0.886742654632333,1
USA,49021,49,0.91311387459,0.885191242871667,1
USA,49023,49,0.880739682949,0.858008250740333,1
USA,49025,49,0.882964356127,0.864177797675333,1
USA,49027,49,0.898544958478,0.865263756234667,1
USA,49029,49,0.959447932967,0.880701869916667,1
USA,49031,49,0.875284484419,0.869873550597667,1
USA,49033,49,0.90053109873,0.884554048286333,1
USA,49035,49,0.925305225753,0.936584831426,1
USA,49037,49,0.871250420085,0.859424154294333,1
USA,49039,49,0.894538175307,0.889489823715,1
USA,49041,49,0.879197498101,0.879331187773667,1
USA,49043,49,0.964712605321,0.935956794255667,1
USA,49045,49,0.88854754874,0.881160281150667,1
USA,49047,49,0.876297604641,0.876104230364333,1
USA,49049,49,0.933442212067,0.906801317021,1
USA,49051,49,0.93490751427,0.896123758942667,1
USA,49053,49,0.931060329531,0.889978560396,1
USA,49055,49,0.888372982361,0.882384647608333,1
USA,49057,49,0.899614393517,0.919872175093,1
USA,50001,50,0.95397695703,0.920852033523333,1
USA,50003,50,0.925844357372,0.904782877988667,1
USA,50005,50,0.916386048343,0.914849619609333,1
USA,50007,50,0.968931672172,0.942273709357,1
USA,50009,50,0.88686907708,0.889338278118333,1
USA,50011,50,0.8942375022,0.915329607823667,1
USA,50013,50,0.938061875135,0.918172881992333,1
USA,50015,50,0.941997431812,0.912734326172,1
USA,50017,50,0.919332347991,0.909033706459333,1
USA,50019,50,0.887818273652,0.916567765981333,1
USA,50021,50,0.915644179683,0.913203115680333,1
USA,50023,50,0.950587752602,0.924048997404333,1
USA,50025,50,0.926380781896,0.918869022696667,1
USA,50027,50,0.92692206932,0.915739481767,1
USA,51001,51,0.86959007618,0.896853446735056,0.5
USA,51003,51,0.97256141946,0.921468014405562,0.5
USA,51005,51,0.876189044364,0.879542187176446,0.5
USA,51007,51,0.88970345917,0.872947980755176,0.5
USA,51009,51,0.900545495442,0.889391210139491,0.5
USA,51011,51,0.902214878367,0.885936574766235,0.5
USA,51013,51,0.982667545185,0.957184342021274,0.5
USA,51015,51,0.89790128147,0.900023205348697,0.5
USA,51017,51,0.866743161529,0.876928221058465,0.5
USA,51019,51,0.922208233944,0.894582676403136,0.5
USA,51021,51,0.857376777437,0.868094785293195,0.5
USA,51023,51,0.925077668163,0.887079175943912,0.5
USA,51025,51,0.862392461434,0.885745254285813,0.5
USA,51027,51,0.834152370658,0.864958067759155,0.5
USA,51029,51,0.861125210737,0.88132914216553,0.5
USA,51031,51,0.904580987416,0.897849697716571,0.5
USA,51033,51,0.885238401158,0.879277779228561,0.5
USA,51035,51,0.872618094394,0.879783574965638,0.5
USA,51036,51,0.89027884026,0.895306497110063,0.5
USA,51037,51,0.853004482935,0.870828825348292,0.5
USA,51041,51,0.935934882823,0.92305022452794,0.5
USA,51043,51,0.922473408869,0.90247880673908,0.5
USA,51045,51,0.911843252239,0.867992747125937,0.5
USA,51047,51,0.888618058365,0.898425873308266,0.5
USA,51049,51,0.880947028437,0.875929029174689,0.5
USA,51051,51,0.844839793893,0.857795308254413,0.5
USA,51053,51,0.894339726424,0.885027390777226,0.5
USA,51057,51,0.877973989164,0.897035249703724,0.5
USA,51059,51,0.986234668951,0.939785457558419,0.5
USA,51061,51,0.937837705475,0.897796611306992,0.5
USA,51063,51,0.88834599887,0.878594237598347,0.5
USA,51065,51,0.939232109054,0.90196883807267,0.5
USA,51067,51,0.913829636064,0.890171315637728,0.5
USA,51069,51,0.924731302693,0.914949179623539,0.5
USA,51071,51,0.877393435491,0.877353074681339,0.5
USA,51073,51,0.905381047741,0.92094436250197,0.5
USA,51075,51,0.936185022694,0.902340660213194,0.5
USA,51077,51,0.867319380126,0.871004256790883,0.5
USA,51079,51,0.917696564384,0.891331352159757,0.5
USA,51081,51,0.848579506512,0.885787228067268,0.5
USA,51083,51,0.864741916075,0.881209321671662,0.5
USA,51085,51,0.946199823262,0.91229843948647,0.5
USA,51087,51,0.940424576486,0.93480081350948,0.5
USA,51089,51,0.866170260264,0.887022340476428,0.5
USA,51091,51,0.88163986602,0.870340158593236,0.5
USA,51093,51,0.92831673073,0.896960602561445,0.5
USA,51095,51,0.962629069786,0.924314842819376,0.5
USA,51097,51,0.906539667261,0.876545839906003,0.5
USA,51099,51,0.923427943345,0.887478921324623,0.5
USA,51101,51,0.90456867173,0.883777511927833,0.5
USA,51103,51,0.91185274938,0.923647745516946,0.5
USA,51105,51,0.854739605549,0.861407542309748,0.5
USA,51107,51,0.982853074729,0.9196484975443,0.5
USA,51109,51,0.908339507231,0.890421316146716,0.5
USA,51111,51,0.857749589227,0.88444151815485,0.5
USA,51113,51,0.891819804486,0.89121091280472,0.5
USA,51115,51,0.903270510547,0.932606542825346,0.5
USA,51117,51,0.864416551343,0.892220050074334,0.5
USA,51119,51,0.900041481358,0.915685191656445,0.5
USA,51121,51,0.964387340021,0.927285774703397,0.5
USA,51125,51,0.917529631818,0.875803218124958,0.5
USA,51127,51,0.917476651393,0.89522831049039,0.5
USA,51131,51,0.873874986317,0.902122709035816,0.5
USA,51133,51,0.932731280834,0.913314921838171,0.5
USA,51135,51,0.853218066066,0.887082373292126,0.5
USA,51137,51,0.907590500435,0.897658533156072,0.5
USA,51139,51,0.875865841661,0.895368678726944,0.5
USA,51141,51,0.871029911765,0.87534441243949,0.5
USA,51143,51,0.869216862277,0.87925061393316,0.5
USA,51145,51,0.934530918692,0.901771705481843,0.5
USA,51147,51,0.905141749355,0.907457014317239,0.5
USA,51149,51,0.915300024837,0.891212503986777,0.5
USA,51153,51,0.948097395233,0.918214307079312,0.5
USA,51155,51,0.88505095372,0.904430907314734,0.5
USA,51157,51,0.939036588559,0.887191094236641,0.5
USA,51159,51,0.878993897306,0.892593198293156,0.5
USA,51161,51,0.935236508734,0.917770986062395,0.5
USA,51163,51,0.917785719089,0.890745662956217,0.5
USA,51165,51,0.924688177445,0.899087823425079,0.5
USA,51167,51,0.851239425764,0.86520702694637,0.5
USA,51169,51,0.866815854444,0.856179119280783,0.5
USA,51171,51,0.894344791727,0.902045782249455,0.5
USA,51173,51,0.849987619549,0.876785605690357,0.5
USA,51175,51,0.880581156785,0.866618494710911,0.5
USA,51177,51,0.923233307406,0.907243876602406,0.5
USA,51179,51,0.937411427794,0.904778357708987,0.5
USA,51181,51,0.888974140885,0.876416904825818,0.5
USA,51183,51,0.850255050361,0.88993357493841,0.5
USA,51185,51,0.857028080012,0.881944336363775,0.5
USA,51187,51,0.893241496435,0.915640318814573,0.5
USA,51191,51,0.898730496032,0.888282867972569,0.5
USA,51193,51,0.884323255518,0.899958766887816,0.5
USA,51195,51,0.857772933942,0.870581457095094,0.5
USA,51197,51,0.877823336757,0.892404079300502,0.5
USA,51199,51,0.934076088483,0.927244214903879,0.5
USA,51510,51,0.973140416417,0.957575157424408,0.5
USA,51520,51,0.865500995102,0.924789844286866,0.5
USA,51530,51,0.894597926397,0.911824766160075,0.5
USA,51540,51,0.98360586397,0.970111390519597,0.5
USA,51550,51,0.924672634817,0.925743397520042,0.5
USA,51570,51,0.884350934668,0.930687387721053,0.5
USA,51580,51,0.844953841882,0.919024407682076,0.5
USA,51590,51,0.87239673069,0.918824057904844,0.5
USA,51595,51,0.837452525649,0.895260191684187,0.5
USA,51600,51,0.991654403834,0.95580949325502,0.5
USA,51610,51,0.984516792136,0.956801122552536,0.5
USA,51620,51,0.880984124357,0.914192256827778,0.5
USA,51630,51,0.940488678964,0.941700896135071,0.5
USA,51640,51,0.845888656291,0.913232131490637,0.5
USA,51650,51,0.908015250957,0.939253259771487,0.5
USA,51660,51,0.938151105309,0.968952625787391,0.5
USA,51670,51,0.839814955996,0.912580242075466,0.5
USA,51678,51,0.917617168483,0.967977917658134,0.5
USA,51680,51,0.917651948992,0.941073870641544,0.5
USA,51683,51,0.924181483234,0.936556158540249,0.5
USA,51685,51,0.921740256338,0.924693150041212,0.5
USA,51690,51,0.825589999112,0.914899681460201,0.5
USA,51700,51,0.906255731632,0.934430819034872,0.5
USA,51710,51,0.893851163126,0.948479925159746,0.5
USA,51720,51,0.85103051874,0.885281869766385,0.5
USA,51730,51,0.828738296669,0.923842869973634,0.5
USA,51735,51,0.944973787145,0.928948057724514,0.5
USA,51740,51,0.872574806485,0.933327908698685,0.5
USA,51750,51,0.930016722136,0.957245519103708,0.5
USA,51760,51,0.92388139905,0.943463682338118,0.5
USA,51770,51,0.875939979045,0.935425969157312,0.5
USA,51775,51,0.913905440528,0.938550787042053,0.5
USA,51790,51,0.920543608416,0.944234588342975,0.5
USA,51800,51,0.914254033007,0.90406170792803,0.5
USA,51810,51,0.939044358895,0.939725812823344,0.5
USA,51820,51,0.898886084615,0.934360369463689,0.5
USA,51830,51,0.971225817471,0.965452524014343,0.5
USA,51840,51,0.914727920609,0.95061534230469,0.5
USA,53001,53,0.844557959434,0.856428067708,1
USA,53003,53,0.903443849273,0.902007490756333,1
USA,53005,53,0.916820850768,0.897071952193,1
USA,53007,53,0.905276259417,0.888299580002333,1
USA,53009,53,0.899655494756,0.906052871018667,1
USA,53011,53,0.917945457923,0.93334142055,1
USA,53013,53,0.922125421547,0.886412392382333,1
USA,53015,53,0.883730925449,0.909371942849667,1
USA,53017,53,0.910749825181,0.879242013959333,1
USA,53019,53,0.881483601975,0.894959000062,1
USA,53021,53,0.880579932527,0.87747223327,1
USA,53023,53,0.919555814693,0.889335099712,1
USA,53025,53,0.874425847487,0.875393119010667,1
USA,53027,53,0.876518297107,0.894958472385,1
USA,53029,53,0.923209758704,0.917677652072667,1
USA,53031,53,0.927408012082,0.914596467832333,1
USA,53033,53,0.961835820293,0.946796064944667,1
USA,53035,53,0.92009841157,0.933195020505667,1
USA,53037,53,0.937490082448,0.905728889890667,1
USA,53039,53,0.915257441414,0.883323585462,1
USA,53041,53,0.882613565372,0.895145342353333,1
USA,53043,53,0.902241613717,0.883141916457333,1
USA,53045,53,0.884882638231,0.910491553668,1
USA,53047,53,0.874879648822,0.877118589879,1
USA,53049,53,0.884708956102,0.890404385247667,1
USA,53051,53,0.882057846208,0.898008193342,1
USA,53053,53,0.905686848929,0.926964216695667,1
USA,53055,53,0.96012662784,0.932225524844333,1
USA,53057,53,0.912505857776,0.904543303722667,1
USA,53059,53,0.912203229024,0.889747407482667,1
USA,53061,53,0.925458409697,0.929525624517,1
USA,53063,53,0.917501722533,0.924168531199333,1
USA,53065,53,0.888600853274,0.896423397536667,1
USA,53067,53,0.922833265137,0.924545525837333,1
USA,53069,53,0.889690360084,0.874575302660333,1
USA,53071,53,0.919610617528,0.906218945896,1
USA,53073,53,0.938924086261,0.919379060690333,1
USA,53075,53,0.946192473392,0.932149151631,1
USA,53077,53,0.866955057809,0.883454949653667,1
USA,54001,54,0.880944237688,0.871672811906667,1
USA,54003,54,0.890731310897,0.916935469029,1
USA,54005,54,0.844479472755,0.859764078499667,1
USA,54007,54,0.873076959191,0.8697033607,1
USA,54009,54,0.903416560708,0.903680103113,1
USA,54011,54,0.880848580848,0.896301200232333,1
USA,54013,54,0.856524356823,0.855886311936667,1
USA,54015,54,0.843184486566,0.858249230818667,1
USA,54017,54,0.877190680827,0.868718939309,1
USA,54019,54,0.86073037636,0.872203651166,1
USA,54021,54,0.892458633045,0.87348874637,1
USA,54023,54,0.879144230403,0.885662734111,1
USA,54025,54,0.874291490247,0.878913987215333,1
USA,54027,54,0.869067527796,0.891875415837667,1
USA,54029,54,0.884272604624,0.899659483481333,1
USA,54031,54,0.882181235126,0.887455030787667,1
USA,54033,54,0.891005151335,0.893930448446667,1
USA,54035,54,0.872077727736,0.865271701048,1
USA,54037,54,0.922134158697,0.915908071836333,1
USA,54039,54,0.881693515597,0.897883103981667,1
USA,54041,54,0.866677816272,0.868592071258,1
USA,54043,54,0.836682774829,0.852385897923333,1
USA,54045,54,0.833093911051,0.868986034051333,1
USA,54047,54,0.793556381975,0.85814777198,1
USA,54049,54,0.900273421259,0.898090440136333,1
USA,54051,54,0.890376221501,0.890499803480333,1
USA,54053,54,0.864683760713,0.862183135420333,1
USA,54055,54,0.866069848786,0.886103344973333,1
USA,54057,54,0.888131810156,0.898346876562667,1
USA,54059,54,0.828644175374,0.853642309887667,1
USA,54061,54,0.959260198198,0.925968238810333,1
USA,54063,54,0.869026004878,0.862760235844,1
USA,54065,54,0.883342073606,0.901189838971,1
USA,54067,54,0.868546921007,0.868767166902,1
USA,54069,54,0.918563886061,0.912663951923333,1
USA,54071,54,0.878137531097,0.873688038414333,1
USA,54073,54,0.886624381379,0.870261602657,1
USA,54075,54,0.881964084396,0.875182494012333,1
USA,54077,54,0.878394801189,0.881417851563667,1
USA,54079,54,0.907949134052,0.879582807003333,1
USA,54081,54,0.864170406822,0.886829859624,1
USA,54083,54,0.878416263315,0.881985866877333,1
USA,54085,54,0.867574108383,0.861660116792,1
USA,54087,54,0.853605406193,0.862542414105667,1
USA,54089,54,0.860732484438,0.876358778509667,1
USA,54091,54,0.896908096869,0.881835368244667,1
USA,54093,54,0.891441580316,0.877107772184667,1
USA,54095,54,0.878763627636,0.861321835002333,1
USA,54097,54,0.891201051575,0.880168516861333,1
USA,54099,54,0.862369827527,0.869025775444,1
USA,54101,54,0.850284541753,0.856425889809,1
USA,54103,54,0.861056385592,0.873906920184,1
USA,54105,54,0.859244315616,0.851926032609333,1
USA,54107,54,0.88850273991,0.893751339808667,1
USA,54109,54,0.835265163513,0.861917657154,1
USA,55001,55,0.883712170205,0.897464144652942,0.5
USA,55003,55,0.893324647369,0.909505742049579,0.5
USA,55005,55,0.899379247591,0.922820863562662,0.5
USA,55007,55,0.924234459714,0.912290854969563,0.5
USA,55009,55,0.930824514397,0.928083896795324,0.5
USA,55011,55,0.916366391068,0.904259022582228,0.5
USA,55013,55,0.907559603626,0.903746667168249,0.5
USA,55015,55,0.935457908569,0.918715205847296,0.5
USA,55017,55,0.911915767313,0.921907576850901,0.5
USA,55019,55,0.86108062876,0.884803320746041,0.5
USA,55021,55,0.912448662045,0.914746098997501,0.5
USA,55023,55,0.897202199803,0.900640715153191,0.5
USA,55025,55,0.972650872086,0.943617289605295,0.5
USA,55027,55,0.902664490939,0.918585747282004,0.5
USA,55029,55,0.939354821464,0.925653722425972,0.5
USA,55031,55,0.919857239014,0.920404502607738,0.5
USA,55033,55,0.943831290697,0.926625152983939,0.5
USA,55035,55,0.942042265367,0.9388912846419,0.5
USA,55037,55,0.909979378768,0.901282943577033,0.5
USA,55039,55,0.927225773839,0.923697664057752,0.5
USA,55041,55,0.880395135461,0.887765518078738,0.5
USA,55043,55,0.92668695794,0.911770303839828,0.5
USA,55045,55,0.923908043064,0.922029906206585,0.5
USA,55047,55,0.891978895106,0.908333051196903,0.5
USA,55049,55,0.918608427444,0.91532490959929,0.5
USA,55051,55,0.911144069467,0.914604270714962,0.5
USA,55053,55,0.88307469981,0.89446675566244,0.5
USA,55055,55,0.92860785666,0.918839803842319,0.5
USA,55057,55,0.883886402849,0.89182647539011,0.5
USA,55059,55,0.909677546685,0.923401880177977,0.5
USA,55061,55,0.924222381073,0.909970637048841,0.5
USA,55063,55,0.946205459255,0.933899202418015,0.5
USA,55065,55,0.913572364332,0.894674207636584,0.5
USA,55067,55,0.890627155604,0.915687579531445,0.5
USA,55069,55,0.903260420259,0.91636809699728,0.5
USA,55071,55,0.90865179744,0.912762266302257,0.5
USA,55073,55,0.922698415163,0.913068807118499,0.5
USA,55075,55,0.893445448145,0.908077001523234,0.5
USA,55077,55,0.886782557412,0.897664908480793,0.5
USA,55078,55,0.840871860399,0.859117860151434,0.5
USA,55079,55,0.905442701973,0.926985307473732,0.5
USA,55081,55,0.892436343196,0.894652288871411,0.5
USA,55083,55,0.902817061272,0.908975421740452,0.5
USA,55085,55,0.919845436692,0.927662828700176,0.5
USA,55087,55,0.928942094595,0.927115173222219,0.5
USA,55089,55,0.966723578876,0.918956590382359,0.5
USA,55091,55,0.913432763979,0.90701006938911,0.5
USA,55093,55,0.948612167721,0.919628491171427,0.5
USA,55095,55,0.907694244893,0.918262606839447,0.5
USA,55097,55,0.946161787859,0.919757715646578,0.5
USA,55099,55,0.894644369771,0.905096703134601,0.5
USA,55101,55,0.909683385885,0.91636642372744,0.5
USA,55103,55,0.90566346854,0.89376293915539,0.5
USA,55105,55,0.908949699515,0.924976127842451,0.5
USA,55107,55,0.884249576095,0.899940736431357,0.5
USA,55109,55,0.942223434946,0.925862942374045,0.5
USA,55111,55,0.905261873131,0.91352649999112,0.5
USA,55113,55,0.902486631592,0.914163576815326,0.5
USA,55115,55,0.89612533116,0.907628136659146,0.5
USA,55117,55,0.919496685231,0.91452033289492,0.5
USA,55119,55,0.901018797502,0.894347786246833,0.5
USA,55121,55,0.90237807737,0.896466688766183,0.5
USA,55123,55,0.891730845403,0.890651818997301,0.5
USA,55125,55,0.903246018224,0.929402352574176,0.5
USA,55127,55,0.935169026223,0.924896140610811,0.5
USA,55129,55,0.902788992999,0.912531839926958,0.5
USA,55131,55,0.941322773554,0.916918633252873,0.5
USA,55133,55,0.958734648536,0.931535359626601,0.5
USA,55135,55,0.900036358068,0.913748532547879,0.5
USA,55137,55,0.891930284869,0.903843053684236,0.5
USA,55139,55,0.935008921724,0.934371503561507,0.5
USA,55141,55,0.910499771211,0.911982912311463,0.5
USA,56001,56,0.967885224218,0.917540271201333,1
USA,56003,56,0.878390490736,0.877586627614333,1
USA,56005,56,0.905947569775,0.889784617745,1
USA,56007,56,0.894135808007,0.886264753765333,1
USA,56009,56,0.90049594539,0.879886763865,1
USA,56011,56,0.91366249495,0.885705283143,1
USA,56013,56,0.88146180983,0.895328879469,1
USA,56015,56,0.918280276865,0.897922377296,1
USA,56017,56,0.905177571938,0.89128958781,1
USA,56019,56,0.92165318374,0.881571474541,1
USA,56021,56,0.916172141677,0.91518351359,1
USA,56023,56,0.908209996935,0.900623032558333,1
USA,56025,56,0.912337866716,0.898114317448333,1
USA,56027,56,0.901039963756,0.891204449899667,1
USA,56029,56,0.939925690571,0.903455475042333,1
USA,56031,56,0.915864534933,0.903080655514667,1
USA,56033,56,0.92936109658,0.910227454176333,1
USA,56035,56,0.926471596932,0.896733689957,1
USA,56037,56,0.911072660709,0.891812738904667,1
USA,56039,56,0.978932837359,0.937059162421,1
USA,56041,56,0.889008177075,0.902617800339,1
USA,56043,56,0.901466239711,0.895408780298,1
USA,56045,56,0.901569427613,0.888794962440667,1
Indonesia,ID1101,ID11,0.6603,0.67035673015054,0
Indonesia,ID1102,ID11,0.6894,0.671689735746225,0
Indonesia,ID1103,ID11,0.6712,0.67579886078501,0
Indonesia,ID1104,ID11,0.6937,0.706369095789355,0
Indonesia,ID1105,ID11,0.6763,0.696033437523953,0
Indonesia,ID1106,ID11,0.7324,0.725488711618393,0
Indonesia,ID1107,ID11,0.7138,0.715059332452176,0
Indonesia,ID1108,ID11,0.7356,0.723275210022059,0
Indonesia,ID1109,ID11,0.7063,0.707005949723774,0
Indonesia,ID1110,ID11,0.7228,0.714044053231734,0
Indonesia,ID1111,ID11,0.6933,0.708245846270704,0
Indonesia,ID1112,ID11,0.6675,0.71330956087588,0
Indonesia,ID1113,ID11,0.6722,0.703350667173893,0
Indonesia,ID1114,ID11,0.6924,0.702331453047169,0
Indonesia,ID1115,ID11,0.6918,0.6880939475253,0
Indonesia,ID1116,ID11,0.6975,0.691388980582493,0
Indonesia,ID1117,ID11,0.7298,0.716546263567702,0
Indonesia,ID1118,ID11,0.732,0.701395727189015,0
Indonesia,ID1171,ID11,0.8541,0.803661255317703,0
Indonesia,ID1172,ID11,0.7578,0.735248713025128,0
Indonesia,ID1173,ID11,0.7717,0.77225173445634,0
Indonesia,ID1174,ID11,0.7731,0.767667539577644,0
Indonesia,ID1175,ID11,0.6493,0.68299299995466,0
Indonesia,ID1202,ID12,0.6679,0.681331219692333,1
Indonesia,ID1203,ID12,0.7012,0.705667272072,1
Indonesia,ID1204,ID12,0.6923,0.697868739467333,1
Indonesia,ID1205,ID12,0.7347,0.671923449216,1
Indonesia,ID1206,ID12,0.7516,0.678732912546333,1
Indonesia,ID1207,ID12,0.7201,0.721174915874,1
Indonesia,ID1208,ID12,0.7029,0.728802708029,1
Indonesia,ID1209,ID12,0.7325,0.731252481259333,1
Indonesia,ID1210,ID12,0.7157,0.696421442597667,1
Indonesia,ID1211,ID12,0.7443,0.722685586699667,1
Indonesia,ID1212,ID12,0.7544,0.760574903182,1
Indonesia,ID1213,ID12,0.71,0.723459973235333,1
Indonesia,ID1215,ID12,0.6887,0.673232483029333,1
Indonesia,ID1216,ID12,0.6759,0.656729410871333,1
Indonesia,ID1217,ID12,0.7063,0.676945960681667,1
Indonesia,ID1218,ID12,0.7024,0.716669568277333,1
Indonesia,ID1219,ID12,0.6836,0.740544436686333,1
Indonesia,ID1220,ID12,0.6985,0.681496126998667,1
Indonesia,ID1221,ID12,0.6825,0.680257731926333,1
Indonesia,ID1222,ID12,0.714,0.697671808253,1
Indonesia,ID1223,ID12,0.7161,0.700016580406,1
Indonesia,ID1271,ID12,0.7363,0.781484339723667,1
Indonesia,ID1272,ID12,0.6865,0.773167170705333,1
Indonesia,ID1273,ID12,0.7875,0.792436849254333,1
Indonesia,ID1274,ID12,0.7517,0.781098841264333,1
Indonesia,ID1275,ID12,0.8098,0.820134833547667,1
Indonesia,ID1276,ID12,0.7589,0.788966132474667,1
Indonesia,ID1277,ID12,0.7522,0.740430296679333,1
Indonesia,ID1278,ID12,0.6931,0.728015677584667,1
Indonesia,ID1302,ID13,0.699,0.672214499624,1
Indonesia,ID1303,ID13,0.6908,0.682946047371667,1
Indonesia,ID1304,ID13,0.6774,0.689096042064333,1
Indonesia,ID1305,ID13,0.7233,0.715090240312667,1
Indonesia,ID1306,ID13,0.7061,0.699794612496,1
Indonesia,ID1307,ID13,0.7246,0.741080243729667,1
Indonesia,ID1308,ID13,0.6947,0.707075637422333,1
Indonesia,ID1309,ID13,0.6664,0.673229308068,1
Indonesia,ID1310,ID13,0.6904,0.679264999275333,1
Indonesia,ID1311,ID13,0.7151,0.709559516777333,1
Indonesia,ID1312,ID13,0.6849,0.668596222525333,1
Indonesia,ID1371,ID13,0.8282,0.773185276325667,1
Indonesia,ID1372,ID13,0.7829,0.745207954842667,1
Indonesia,ID1373,ID13,0.7264,0.728936216912333,1
Indonesia,ID1374,ID13,0.7793,0.797104187627333,1
Indonesia,ID1375,ID13,0.8058,0.806568556685333,1
Indonesia,ID1376,ID13,0.789,0.761584779565667,1
Indonesia,ID1377,ID13,0.769,0.729056927856667,1
Indonesia,ID1401,ID14,0.7031,0.706445783939297,0
Indonesia,ID1402,ID14,0.6983,0.701829340848245,0
Indonesia,ID1403,ID14,0.6654,0.692430803739888,0
Indonesia,ID1404,ID14,0.7156,0.696436727286673,0
Indonesia,ID1405,ID14,0.7368,0.728710131434811,0
Indonesia,ID1406,ID14,0.7283,0.708246346095126,0
Indonesia,ID1407,ID14,0.6938,0.685510258443861,0
Indonesia,ID1408,ID14,0.7346,0.74623884173011,0
Indonesia,ID1409,ID14,0.6915,0.699109728710205,0
Indonesia,ID1410,ID14,0.655,0.717658938284754,0
Indonesia,ID1471,ID14,0.8132,0.799419760218425,0
Indonesia,ID1473,ID14,0.744,0.767438806612789,0
Indonesia,ID1501,ID15,0.7121,0.709803157108093,-1
Indonesia,ID1502,ID15,0.6919,0.677020088850589,-1
Indonesia,ID1503,ID15,0.6986,0.679219205362548,-1
Indonesia,ID1504,ID15,0.6984,0.682315080446383,-1
Indonesia,ID1505,ID15,0.6918,0.693856306289375,-1
Indonesia,ID1506,ID15,0.6443,0.680819022643548,-1
Indonesia,ID1507,ID15,0.6754,0.70629563362803,-1
Indonesia,ID1508,ID15,0.6914,0.684981758592073,-1
Indonesia,ID1509,ID15,0.6992,0.708041933816534,-1
Indonesia,ID1571,ID15,0.7837,0.771657282161566,-1
Indonesia,ID1572,ID15,0.7542,0.764393010094745,-1
Indonesia,ID1601,ID16,0.6932,0.685542127281936,-0.5
Indonesia,ID1602,ID16,0.6682,0.64511571424602,-0.5
Indonesia,ID1603,ID16,0.6874,0.693988935860148,-0.5
Indonesia,ID1604,ID16,0.6744,0.693164127845066,-0.5
Indonesia,ID1605,ID16,0.6679,0.661650842981063,-0.5
Indonesia,ID1606,ID16,0.6769,0.674684385539913,-0.5
Indonesia,ID1607,ID16,0.6674,0.652102987806836,-0.5
Indonesia,ID1608,ID16,0.653,0.660152525081586,-0.5
Indonesia,ID1609,ID16,0.6928,0.647752175914569,-0.5
Indonesia,ID1610,ID16,0.6706,0.662956673768657,-0.5
Indonesia,ID1611,ID16,0.6525,0.667751280340659,-0.5
Indonesia,ID1612,ID16,0.647,0.676350787893198,-0.5
Indonesia,ID1671,ID16,0.7833,0.777602505973162,-0.5
Indonesia,ID1672,ID16,0.7455,0.727958179965197,-0.5
Indonesia,ID1673,ID16,0.6831,0.684826203103051,-0.5
Indonesia,ID1674,ID16,0.7478,0.740764600944912,-0.5
Indonesia,ID1701,ID17,0.7063,0.698391869971853,0.5
Indonesia,ID1702,ID17,0.7044,0.72615244053783,0.5
Indonesia,ID1703,ID17,0.6882,0.678138570968713,0.5
Indonesia,ID1704,ID17,0.6699,0.657587806216546,0.5
Indonesia,ID1705,ID17,0.6689,0.658413374013496,0.5
Indonesia,ID1706,ID17,0.6845,0.668324721533739,0.5
Indonesia,ID1707,ID17,0.6701,0.673327590296915,0.5
Indonesia,ID1708,ID17,0.6817,0.703155808277955,0.5
Indonesia,ID1709,ID17,0.6761,0.665948135211152,0.5
Indonesia,ID1771,ID17,0.8036,0.753393249506268,0.5
Indonesia,ID1801,ID18,0.678,0.670654914728302,0
Indonesia,ID1802,ID18,0.6642,0.681853049910737,0
Indonesia,ID1803,ID18,0.6836,0.696415434612167,0
Indonesia,ID1804,ID18,0.6937,0.684548868289838,0
Indonesia,ID1805,ID18,0.7016,0.688050906802631,0
Indonesia,ID1806,ID18,0.6767,0.688380727977248,0
Indonesia,ID1807,ID18,0.6744,0.658338774638578,0
Indonesia,ID1808,ID18,0.6852,0.676374196936084,0
Indonesia,ID1809,ID18,0.6579,0.682086320603325,0
Indonesia,ID1810,ID18,0.703,0.697747014088128,0
Indonesia,ID1811,ID18,0.6363,0.665457022661679,0
Indonesia,ID1812,ID18,0.6597,0.685456792780472,0
Indonesia,ID1871,ID18,0.7744,0.782544968413909,0
Indonesia,ID1872,ID18,0.7719,0.734284459813943,0
Indonesia,ID1901,ID19,0.724,0.690446869335511,-1
Indonesia,ID1902,ID19,0.7251,0.697254567518494,-1
Indonesia,ID1903,ID19,0.6908,0.682543769405931,-1
Indonesia,ID1904,ID19,0.7045,0.679365985330603,-1
Indonesia,ID1905,ID19,0.669,0.669299542208454,-1
Indonesia,ID1971,ID19,0.7822,0.762339151216677,-1
Indonesia,ID2101,ID21,0.7144,0.736799129213738,0.5
Indonesia,ID2103,ID21,0.7272,0.708223792764679,0.5
Indonesia,ID2104,ID21,0.6529,0.696720742574356,0.5
Indonesia,ID2105,ID21,0.688,0.710940083657046,0.5
Indonesia,ID2171,ID21,0.8111,0.788433368351686,0.5
Indonesia,ID2172,ID21,0.7891,0.771986989386664,0.5
Indonesia,ID3171,ID31,0.8472,0.842184163300106,0
Indonesia,ID3172,ID31,0.8266,0.821271949500517,0
Indonesia,ID3173,ID31,0.8139,0.876148398854035,0
Indonesia,ID3174,ID31,0.8138,0.833293134520077,0
Indonesia,ID3175,ID31,0.8029,0.836362472625627,0
Indonesia,ID3201,ID32,0.704,0.743304783993536,0.5
Indonesia,ID3202,ID32,0.6688,0.697572433209328,0.5
Indonesia,ID3203,ID32,0.6536,0.691767627004872,0.5
Indonesia,ID3204,ID32,0.7239,0.726713100349331,0.5
Indonesia,ID3205,ID32,0.6612,0.702222045696268,0.5
Indonesia,ID3206,ID32,0.6567,0.695270112062375,0.5
Indonesia,ID3207,ID32,0.7049,0.717665368386464,0.5
Indonesia,ID3208,ID32,0.6938,0.708673686128131,0.5
Indonesia,ID3209,ID32,0.6875,0.72010778018282,0.5
Indonesia,ID3210,ID32,0.6759,0.701503673111589,0.5
Indonesia,ID3211,ID32,0.7164,0.710421559896878,0.5
Indonesia,ID3212,ID32,0.6729,0.711730398252103,0.5
Indonesia,ID3213,ID32,0.6895,0.697226101276986,0.5
Indonesia,ID3214,ID32,0.7082,0.731920721990407,0.5
Indonesia,ID3215,ID32,0.7066,0.742990187725518,0.5
Indonesia,ID3216,ID32,0.7407,0.759920346890962,0.5
Indonesia,ID3217,ID32,0.6808,0.71410746997219,0.5
Indonesia,ID3218,ID32,0.6806,0.70818899250841,0.5
Indonesia,ID3271,ID32,0.7611,0.783941355379058,0.5
Indonesia,ID3272,ID32,0.7421,0.756478822349529,0.5
Indonesia,ID3273,ID32,0.8151,0.819259060296651,0.5
Indonesia,ID3274,ID32,0.7489,0.798906064829293,0.5
Indonesia,ID3275,ID32,0.815,0.779969449762427,0.5
Indonesia,ID3276,ID32,0.8097,0.777953959918599,0.5
Indonesia,ID3277,ID32,0.7783,0.795773346759608,0.5
Indonesia,ID3278,ID32,0.7304,0.760344379829373,0.5
Indonesia,ID3279,ID32,0.717,0.740799283478797,0.5
Indonesia,ID3301,ID33,0.6995,0.726881320100944,0
Indonesia,ID3302,ID33,0.7198,0.722111787036969,0
Indonesia,ID3303,ID33,0.6897,0.715018773554945,0
Indonesia,ID3304,ID33,0.6745,0.701992433185413,0
Indonesia,ID3305,ID33,0.6981,0.694471621330604,0
Indonesia,ID3306,ID33,0.7268,0.696495462225546,0
Indonesia,ID3307,ID33,0.6822,0.710957053950944,0
Indonesia,ID3308,ID33,0.6987,0.708917573555638,0
Indonesia,ID3309,ID33,0.7425,0.720800250851144,0
Indonesia,ID3310,ID33,0.7556,0.730198777402526,0
Indonesia,ID3311,ID33,0.7698,0.73854158781651,0
Indonesia,ID3312,ID33,0.7025,0.706468249001613,0
Indonesia,ID3313,ID33,0.7586,0.729412063874555,0
Indonesia,ID3314,ID33,0.7395,0.716683063339481,0
Indonesia,ID3315,ID33,0.6987,0.69551704114439,0
Indonesia,ID3316,ID33,0.6884,0.700583055797186,0
Indonesia,ID3317,ID33,0.7002,0.701844690466504,0
Indonesia,ID3318,ID33,0.7177,0.71317719652133,0
Indonesia,ID3319,ID33,0.75,0.7593557022138,0
Indonesia,ID3320,ID33,0.7199,0.715652691242603,0
Indonesia,ID3321,ID33,0.7222,0.707323091980826,0
Indonesia,ID3322,ID33,0.741,0.738720180236319,0
Indonesia,ID3323,ID33,0.6957,0.709862663042997,0
Indonesia,ID3324,ID33,0.7229,0.720027647865705,0
Indonesia,ID3325,ID33,0.6865,0.70751238040089,0
Indonesia,ID3326,ID33,0.6963,0.70565239109215,0
Indonesia,ID3327,ID33,0.6632,0.702821451485196,0
Indonesia,ID3328,ID33,0.6839,0.710884855536427,0
Indonesia,ID3329,ID33,0.6611,0.706608482055031,0
Indonesia,ID3371,ID33,0.7899,0.794428930832091,0
Indonesia,ID3372,ID33,0.8221,0.809378683510333,0
Indonesia,ID3373,ID33,0.8314,0.78046029142367,0
Indonesia,ID3374,ID33,0.8305,0.791139435822714,0
Indonesia,ID3375,ID33,0.7498,0.767763131353053,0
Indonesia,ID3376,ID33,0.7507,0.778213585939465,0
Indonesia,ID3401,ID34,0.7446,0.708762656226229,0.5
Indonesia,ID3402,ID34,0.8001,0.742782138291848,0.5
Indonesia,ID3403,ID34,0.6998,0.70359636875248,0.5
Indonesia,ID3404,ID34,0.8384,0.755812199871496,0.5
Indonesia,ID3471,ID34,0.8661,0.82130873269626,0.5
Indonesia,ID3501,ID35,0.6839,0.705055454507866,0
Indonesia,ID3502,ID35,0.7081,0.718580343371093,0
Indonesia,ID3503,ID35,0.6974,0.70638114082777,0
Indonesia,ID3504,ID35,0.73,0.730244190958131,0
Indonesia,ID3505,ID35,0.7058,0.721308811347561,0
Indonesia,ID3506,ID35,0.7205,0.713351123188969,0
Indonesia,ID3507,ID35,0.7036,0.736385535467552,0
Indonesia,ID3508,ID35,0.6546,0.700828178717619,0
Indonesia,ID3509,ID35,0.6711,0.707613079744633,0
Indonesia,ID3510,ID35,0.7062,0.713468698667635,0
Indonesia,ID3511,ID35,0.6643,0.683956282704783,0
Indonesia,ID3512,ID35,0.6738,0.692848683070982,0
Indonesia,ID3513,ID35,0.6607,0.68398698463281,0
Indonesia,ID3514,ID35,0.686,0.711327409808235,0
Indonesia,ID3515,ID35,0.8029,0.758586131458241,0
Indonesia,ID3516,ID35,0.7383,0.706749164377669,0
Indonesia,ID3517,ID35,0.7297,0.7018244311272,0
Indonesia,ID3518,ID35,0.7172,0.709266716847758,0
Indonesia,ID3519,ID35,0.7173,0.71111401311797,0
Indonesia,ID3520,ID35,0.7392,0.721186476210031,0
Indonesia,ID3521,ID35,0.7054,0.698197260627755,0
Indonesia,ID3522,ID35,0.6904,0.704367201484848,0
Indonesia,ID3523,ID35,0.684,0.70905363015796,0
Indonesia,ID3524,ID35,0.7258,0.690334848918154,0
Indonesia,ID3525,ID35,0.7611,0.729064806026716,0
Indonesia,ID3526,ID35,0.6411,0.679620644647035,0
Indonesia,ID3527,ID35,0.627,0.677202587587122,0
Indonesia,ID3528,ID35,0.6626,0.699520585461118,0
Indonesia,ID3571,ID35,0.7823,0.803895777758005,0
Indonesia,ID3572,ID35,0.7857,0.784904262874033,0
Indonesia,ID3573,ID35,0.8145,0.811845013473858,0
Indonesia,ID3574,ID35,0.7327,0.770536670282082,0
Indonesia,ID3575,ID35,0.7526,0.759382958439206,0
Indonesia,ID3576,ID35,0.7804,0.773750922136229,0
Indonesia,ID3577,ID35,0.8091,0.805059281404416,0
Indonesia,ID3578,ID35,0.8223,0.809687544255684,0
Indonesia,ID3579,ID35,0.759,0.7605380836467,0
Indonesia,ID3601,ID36,0.65,0.670284183185179,0.5
Indonesia,ID3602,ID36,0.6391,0.665464192605976,0.5
Indonesia,ID3603,ID36,0.7192,0.741776025675124,0.5
Indonesia,ID3604,ID36,0.667,0.703074916488499,0.5
Indonesia,ID3671,ID36,0.7825,0.799152417861089,0.5
Indonesia,ID3672,ID36,0.7305,0.765370755086168,0.5
Indonesia,ID3673,ID36,0.7216,0.734942278825064,0.5
Indonesia,ID3674,ID36,0.8136,0.792149392565899,0.5
Indonesia,ID5101,ID51,0.7236,0.694095623205655,0
Indonesia,ID5102,ID51,0.7617,0.720474095365515,0
Indonesia,ID5103,ID51,0.816,0.759515575422503,0
Indonesia,ID5104,ID51,0.7736,0.737955437460852,0
Indonesia,ID5105,ID51,0.7173,0.729152519245808,0
Indonesia,ID5106,ID51,0.6936,0.692599726066743,0
Indonesia,ID5107,ID51,0.6735,0.674297476799936,0
Indonesia,ID5108,ID51,0.7255,0.704709495851415,0
Indonesia,ID5171,ID51,0.8393,0.791194418457204,0
Indonesia,ID5201,ID52,0.682,0.683368402957061,0
Indonesia,ID5202,ID52,0.6643,0.667216447062942,0
Indonesia,ID5203,ID52,0.663,0.676070991303197,0
Indonesia,ID5204,ID52,0.6761,0.688784170019678,0
Indonesia,ID5205,ID52,0.6784,0.687441945368873,0
Indonesia,ID5206,ID52,0.663,0.673016854811543,0
Indonesia,ID5207,ID52,0.7163,0.702317234537602,0
Indonesia,ID5271,ID52,0.7891,0.778131075581941,0
Indonesia,ID5272,ID52,0.7581,0.73015090339821,0
Indonesia,ID5305,ID53,0.6353,0.656789790016157,-0.5
Indonesia,ID5309,ID53,0.6422,0.658908029260313,-0.5
Indonesia,ID5310,ID53,0.6511,0.672312314148008,-0.5
Indonesia,ID5311,ID53,0.6704,0.680809485011637,-0.5
Indonesia,ID5312,ID53,0.6788,0.653872055172987,-0.5
Indonesia,ID5313,ID53,0.6454,0.65225564525901,-0.5
Indonesia,ID5315,ID53,0.6389,0.625157400894519,-0.5
Indonesia,ID5318,ID53,0.6581,0.650367450625516,-0.5
Indonesia,ID5371,ID53,0.7971,0.775376254510975,-0.5
Indonesia,ID6101,ID61,0.6703,0.698542162051827,0
Indonesia,ID6102,ID61,0.6787,0.670741227457667,0
Indonesia,ID6103,ID61,0.6598,0.677835953349435,0
Indonesia,ID6104,ID61,0.6574,0.698305321613764,0
Indonesia,ID6105,ID61,0.6577,0.693320920765911,0
Indonesia,ID6106,ID61,0.6717,0.687019290122772,0
Indonesia,ID6107,ID61,0.6688,0.694005375213754,0
Indonesia,ID6108,ID61,0.6569,0.689657822984794,0
Indonesia,ID6109,ID61,0.6476,0.685406932112172,0
Indonesia,ID6110,ID61,0.6555,0.691681590912036,0
Indonesia,ID6111,ID61,0.6268,0.652688906221233,0
Indonesia,ID6112,ID61,0.6795,0.692260067953925,0
Indonesia,ID6171,ID61,0.7944,0.802482856120326,0
Indonesia,ID6172,ID61,0.7194,0.769839434165451,0
Indonesia,ID6201,ID62,0.7287,0.709557754661248,0
Indonesia,ID6202,ID62,0.7131,0.702535811941059,0
Indonesia,ID6203,ID62,0.6948,0.657500133024819,0
Indonesia,ID6204,ID62,0.7022,0.678879597792926,0
Indonesia,ID6205,ID62,0.7059,0.706369097440193,0
Indonesia,ID6206,ID62,0.6803,0.661910459510646,0
Indonesia,ID6207,ID62,0.7051,0.663127050152112,0
Indonesia,ID6208,ID62,0.6758,0.655047678922954,0
Indonesia,ID6209,ID62,0.6868,0.654212875098675,0
Indonesia,ID6210,ID62,0.6845,0.637013726621686,0
Indonesia,ID6211,ID62,0.7081,0.655081951214939,0
Indonesia,ID6212,ID62,0.7139,0.670166481181144,0
Indonesia,ID6213,ID62,0.6798,0.664310779070537,0
Indonesia,ID6271,ID62,0.8077,0.693001303892833,0
Indonesia,ID6301,ID63,0.6938,0.676742854257081,0.5
Indonesia,ID6302,ID63,0.6886,0.690789796774119,0.5
Indonesia,ID6303,ID63,0.6918,0.680766259995097,0.5
Indonesia,ID6304,ID63,0.6622,0.675089187826968,0.5
Indonesia,ID6305,ID63,0.7011,0.680615286548366,0.5
Indonesia,ID6306,ID63,0.6885,0.695272447484215,0.5
Indonesia,ID6307,ID63,0.6884,0.691588460674601,0.5
Indonesia,ID6308,ID63,0.6559,0.695472058527249,0.5
Indonesia,ID6309,ID63,0.7219,0.703687811525735,0.5
Indonesia,ID6310,ID63,0.7071,0.694606745162635,0.5
Indonesia,ID6311,ID63,0.6882,0.694761157736334,0.5
Indonesia,ID6371,ID63,0.771,0.784238470578482,0.5
Indonesia,ID6372,ID63,0.791,0.744125242826628,0.5
Indonesia,ID6401,ID64,0.7204,0.716689224390317,0.5
Indonesia,ID6402,ID64,0.7119,0.709105118824486,0.5
Indonesia,ID6403,ID64,0.7359,0.718418404616861,0.5
Indonesia,ID6404,ID64,0.73,0.723353760274376,0.5
Indonesia,ID6405,ID64,0.7471,0.717025671124699,0.5
Indonesia,ID6409,ID64,0.7141,0.699167836979233,0.5
Indonesia,ID6411,ID64,0.6709,0.688820735016299,0.5
Indonesia,ID6471,ID64,0.8001,0.789629697730881,0.5
Indonesia,ID6472,ID64,0.8011,0.776163193647291,0.5
Indonesia,ID6474,ID64,0.8002,0.810463847824199,0.5
Indonesia,ID6501,ID65,0.7194,0.68142752124221,0.5
Indonesia,ID6502,ID65,0.711,0.711783639114343,0.5
Indonesia,ID6503,ID65,0.6697,0.691692243998902,0.5
Indonesia,ID6504,ID65,0.6579,0.70512229967197,0.5
Indonesia,ID6571,ID65,0.7583,0.75960940736356,0.5
Indonesia,ID7101,ID71,0.6789,0.677465117242538,0
Indonesia,ID7102,ID71,0.7529,0.745286382422263,0
Indonesia,ID7104,ID71,0.694,0.670009157041383,0
Indonesia,ID7105,ID71,0.7211,0.708159277914206,0
Indonesia,ID7106,ID71,0.739,0.722284446577158,0
Indonesia,ID7107,ID71,0.6699,0.668158670956383,0
Indonesia,ID7108,ID71,0.6764,0.69620491897235,0
Indonesia,ID7109,ID71,0.7051,0.71892075473201,0
Indonesia,ID7110,ID71,0.65,0.676084784676238,0
Indonesia,ID7111,ID71,0.6599,0.705147372247619,0
Indonesia,ID7171,ID71,0.7893,0.795481209564249,0
Indonesia,ID7172,ID71,0.741,0.781298581134217,0
Indonesia,ID7173,ID71,0.7669,0.751878601224483,0
Indonesia,ID7174,ID71,0.7297,0.754828372341849,0
Indonesia,ID7201,ID72,0.6542,0.665119995555596,0.5
Indonesia,ID7202,ID72,0.7052,0.700329666038786,0.5
Indonesia,ID7203,ID72,0.7221,0.726990437840238,0.5
Indonesia,ID7204,ID72,0.7128,0.676682301268365,0.5
Indonesia,ID7206,ID72,0.6569,0.689867028449694,0.5
Indonesia,ID7207,ID72,0.6782,0.665050783282505,0.5
Indonesia,ID7208,ID72,0.6544,0.673845818082362,0.5
Indonesia,ID7211,ID72,0.6543,0.676776876462884,0.5
Indonesia,ID7212,ID72,0.6836,0.683239951953624,0.5
Indonesia,ID7271,ID72,0.8147,0.774452856850395,0.5
Indonesia,ID7301,ID73,0.6738,0.685739994606155,0.5
Indonesia,ID7302,ID73,0.6899,0.695317398767772,0.5
Indonesia,ID7303,ID73,0.6873,0.697332905421135,0.5
Indonesia,ID7304,ID73,0.6426,0.663766795239488,0.5
Indonesia,ID7305,ID73,0.6731,0.685156187525059,0.5
Indonesia,ID7306,ID73,0.7014,0.696925027881036,0.5
Indonesia,ID7307,ID73,0.676,0.705670798623955,0.5
Indonesia,ID7308,ID73,0.6986,0.698333702928622,0.5
Indonesia,ID7310,ID73,0.71,0.690271725500602,0.5
Indonesia,ID7311,ID73,0.6606,0.70495233147242,0.5
Indonesia,ID7312,ID73,0.6867,0.725062441252065,0.5
Indonesia,ID7313,ID73,0.6915,0.721242082520862,0.5
Indonesia,ID7314,ID73,0.7121,0.719460033427734,0.5
Indonesia,ID7315,ID73,0.7126,0.714770961126836,0.5
Indonesia,ID7316,ID73,0.7276,0.692216675443219,0.5
Indonesia,ID7317,ID73,0.7051,0.694889594746327,0.5
Indonesia,ID7318,ID73,0.6875,0.70020197029862,0.5
Indonesia,ID7322,ID73,0.6957,0.692071880536325,0.5
Indonesia,ID7325,ID73,0.7322,0.70835801019059,0.5
Indonesia,ID7326,ID73,0.6933,0.721821608971654,0.5
Indonesia,ID7371,ID73,0.8225,0.797094770424391,0.5
Indonesia,ID7372,ID73,0.7786,0.752142594583949,0.5
Indonesia,ID7373,ID73,0.7806,0.744618357158581,0.5
Indonesia,ID7401,ID74,0.6598,0.654361264989998,0
Indonesia,ID7402,ID74,0.6902,0.6890903047448,0
Indonesia,ID7403,ID74,0.7135,0.670260185090255,0
Indonesia,ID7404,ID74,0.7345,0.709144546139674,0
Indonesia,ID7405,ID74,0.682,0.657731489961564,0
Indonesia,ID7406,ID74,0.6605,0.651954671438113,0
Indonesia,ID7407,ID74,0.6948,0.710034783959285,0
Indonesia,ID7408,ID74,0.6931,0.681468010567685,0
Indonesia,ID7409,ID74,0.6787,0.671120380846976,0
Indonesia,ID7410,ID74,0.6986,0.651050495029684,0
Indonesia,ID7411,ID74,0.6702,0.650278912264288,0
Indonesia,ID7412,ID74,0.6541,0.648588668947942,0
Indonesia,ID7413,ID74,0.6508,0.645204316063523,0
Indonesia,ID7414,ID74,0.6437,0.682208430966426,0
Indonesia,ID7471,ID74,0.8353,0.747363610563393,0
Indonesia,ID7472,ID74,0.759,0.740157192665976,0
Indonesia,ID7501,ID75,0.6591,0.694672103559663,0.5
Indonesia,ID7502,ID75,0.6692,0.711826086098558,0.5
Indonesia,ID7503,ID75,0.6537,0.685428025248987,0.5
Indonesia,ID7504,ID75,0.6998,0.709887882796838,0.5
Indonesia,ID7505,ID75,0.6486,0.659122653197944,0.5
Indonesia,ID7571,ID75,0.7713,0.793138727302626,0.5
Indonesia,ID7601,ID76,0.6691,0.695713177288864,-0.5
Indonesia,ID7602,ID76,0.6384,0.693511155064004,-0.5
Indonesia,ID7603,ID76,0.6602,0.661937642737591,-0.5
Indonesia,ID7604,ID76,0.6815,0.687936615383896,-0.5
Indonesia,ID7605,ID76,0.6779,0.687472806511225,-0.5
Indonesia,ID7606,ID76,0.6571,0.661520036231654,-0.5
Indonesia,ID8102,ID81,0.662,0.690705290130285,0
Indonesia,ID8103,ID81,0.7125,0.688595310765687,0
Indonesia,ID8104,ID81,0.6895,0.673587827541478,0
Indonesia,ID8171,ID81,0.8084,0.769386073283085,0
Indonesia,ID8172,ID81,0.6796,0.740244687885042,0
Indonesia,ID8201,ID82,0.6531,0.68620554072021,0.5
Indonesia,ID8202,ID82,0.6542,0.698951271678665,0.5
Indonesia,ID8204,ID82,0.6384,0.690277400872295,0.5
Indonesia,ID8205,ID82,0.675,0.696349307475553,0.5
Indonesia,ID8206,ID82,0.6675,0.68294962935948,0.5
Indonesia,ID8207,ID82,0.625,0.670727864026586,0.5
Indonesia,ID8271,ID82,0.7982,0.775218937083374,0.5
Indonesia,ID8272,ID82,0.7053,0.706607003833131,0.5
Indonesia,ID9101,ID91,0.6836,0.729042577011667,1
Indonesia,ID9102,ID91,0.65,0.695162712949,1
Indonesia,ID9105,ID91,0.7201,0.723425245652333,1
Indonesia,ID9171,ID91,0.7845,0.782927961232,1
Indonesia,ID9401,ID94,0.7009,0.69070380161416,0.5
Indonesia,ID9403,ID94,0.7169,0.690442725100833,0.5
Indonesia,ID9408,ID94,0.6766,0.67868457126072,0.5
Indonesia,ID9409,ID94,0.7219,0.687159711693066,0.5
Indonesia,ID9412,ID94,0.7419,0.756695728610161,0.5
Indonesia,ID9471,ID94,0.7994,0.750466939227137,0.5
