k,replicate,method,n_test,offset,MAE,RMSE,Spearman,bias
1,0,uncalibrated,442,-0.110110227592543,0.157459260971174,0.170464903084049,0.0254328518916154,0.156823877884927
1,0,offset,442,-0.110110227592543,0.0677128098864324,0.0815274164451862,0.0254328518916154,0.0467136502923847
1,1,uncalibrated,442,-0.267112691810976,0.15710405177611,0.170071426565114,0.0297853634313155,0.156468668689863
1,1,offset,442,-0.267112691810976,0.111001959654891,0.129166348964196,0.0297853634313155,-0.110644023121113
1,2,uncalibrated,442,-0.1865176231278,0.157286393560461,0.170314432432941,0.024741414313263,0.156651010474214
1,2,offset,442,-0.1865176231278,0.0593121516810444,0.0732084787696189,0.024741414313263,-0.0298666126535857
1,3,uncalibrated,442,-0.246845288294921,0.157149905630219,0.170140697918314,0.0284222165701626,0.156514522543972
1,3,offset,442,-0.246845288294921,0.0924067197140795,0.11229741119953,0.0284222165701626,-0.0903307657509492
1,4,uncalibrated,442,-0.185971561669193,0.157287628993625,0.170315783415534,0.0249514650806685,0.156652245907378
1,4,offset,442,-0.185971561669193,0.0591788680335036,0.0729874113074456,0.0249514650806685,-0.0293193157618147
1,5,uncalibrated,442,-0.0130746733506568,0.15767879842421,0.170544208001502,0.0303505503295018,0.157043415337963
1,5,offset,442,-0.0130746733506568,0.144891391646639,0.158586541835224,0.0303505503295018,0.143968741987306
1,6,uncalibrated,442,-0.193770785844946,0.15726998369006,0.17029611096983,0.0243784967856964,0.156634600603813
1,6,offset,442,-0.193770785844946,0.06129389160781,0.0764556313125216,0.0243784967856964,-0.0371361852411333
1,7,uncalibrated,442,-0.275293547569297,0.157085543052675,0.170041909207168,0.0301516856992327,0.156450159966428
1,7,offset,442,-0.275293547569297,0.118951863782554,0.136240042242447,0.0301516856992327,-0.118843387602869
1,8,uncalibrated,442,-0.0891675821979759,0.157506642521841,0.170492595953887,0.0204217715914109,0.156871259435594
1,8,offset,442,-0.0891675821979759,0.0791406053038935,0.0950942750626011,0.0204217715914109,0.0677036772376177
1,9,uncalibrated,442,-0.12303500959485,0.157430019382934,0.17044490501751,0.0267379123641096,0.156794636296687
1,9,offset,442,-0.12303500959485,0.0625408730790588,0.0748773668745451,0.0267379123641096,0.033759626701837
1,10,uncalibrated,442,-0.229090117476602,0.157190075699943,0.170196872611,0.0273151200802681,0.156554692613696
1,10,offset,442,-0.229090117476602,0.0787092194031892,0.0985849457434468,0.0273151200802681,-0.0725354248629053
1,11,uncalibrated,442,-0.192122074118349,0.157273713807089,0.17030033716049,0.0237291641617044,0.156638330720842
1,11,offset,442,-0.192122074118349,0.0608067949538538,0.075668581534644,0.0237291641617044,-0.0354837433975076
1,12,uncalibrated,442,-0.101719566744455,0.157478244366758,0.170476697622392,0.0262367206876137,0.156842861280511
1,12,offset,442,-0.101719566744455,0.0718357462615123,0.0866094619431827,0.0262367206876137,0.0551232945360556
1,13,uncalibrated,442,-0.11918498879304,0.157438729837236,0.170451094137454,0.0263950758561613,0.156803346750989
1,13,offset,442,-0.11918498879304,0.0639489789372324,0.0766904609178786,0.0263950758561613,0.0376183579579495
1,14,uncalibrated,442,-0.122362926292807,0.157431539933391,0.170445999619738,0.0233383138663642,0.156796156847144
1,14,offset,442,-0.122362926292807,0.0627685557476398,0.0751827862661771,0.0233383138663642,0.0344332305543366
1,15,uncalibrated,442,-0.13714084089819,0.157398105737451,0.17042054596372,0.026083993763319,0.156762722651204
1,15,offset,442,-0.13714084089819,0.0589198557418765,0.0696679949265318,0.026083993763319,0.0196218817530139
1,16,uncalibrated,442,-0.107040489571479,0.157466206079819,0.170469326621469,0.0246433716880675,0.156830822993572
1,16,offset,442,-0.107040489571479,0.0691427359362109,0.0833244356729719,0.0246433716880675,0.049790333422093
1,17,uncalibrated,442,-0.192507280969147,0.157272842298376,0.170299352990969,0.0259199399655019,0.156637459212129
1,17,offset,442,-0.192507280969147,0.0609187355389735,0.0758499842688939,0.0259199399655019,-0.0358698217570179
1,18,uncalibrated,442,-0.228489201578636,0.157191435238174,0.170198700180533,0.0272660630781348,0.156556052151927
1,18,offset,442,-0.228489201578636,0.0782953020626801,0.0981436603362198,0.0272660630781348,-0.0719331494267088
1,19,uncalibrated,442,-0.163870825780775,0.157337630658531,0.170367129406685,0.0247512116273329,0.156702247572284
1,19,offset,442,-0.163870825780775,0.0564737123416932,0.0672365443906803,0.0247512116273329,-0.00716857820849113
1,20,uncalibrated,442,-0.103309517804245,0.157474647192415,0.170474534482057,0.0241002800226108,0.156839264106168
1,20,offset,442,-0.103309517804245,0.0710120371855684,0.0856063425258779,0.0241002800226108,0.0535297463019228
1,21,uncalibrated,442,-0.204727519940926,0.157245194698893,0.170267104986448,0.0256947416114085,0.156609811612646
1,21,offset,442,-0.204727519940926,0.065444377848776,0.0823381309107952,0.0256947416114085,-0.0481177083282802
1,22,uncalibrated,442,-0.207858665104493,0.157238110660061,0.170258521854003,0.0249036597484282,0.156602727573814
1,22,offset,442,-0.207858665104493,0.066839814691622,0.0842064196632332,0.0249036597484282,-0.0512559375306788
1,23,uncalibrated,442,-0.182363485018665,0.15729579206297,0.170324610156534,0.0227463746465899,0.156660408976723
1,23,offset,442,-0.182363485018665,0.0583808793958211,0.0716145041331636,0.0227463746465899,-0.0257030760419419
1,24,uncalibrated,442,-0.113951464535739,0.157450570389855,0.170459191471443,0.020418853242539,0.156815187303608
1,24,offset,442,-0.113951464535739,0.0660532362454515,0.07938911586328,0.020418853242539,0.0428637227678689
1,25,uncalibrated,442,-0.121239556271345,0.157434081494525,0.170447815817551,0.0260142313283818,0.156798698408278
1,25,offset,442,-0.121239556271345,0.0631671983900204,0.075703888169354,0.0260142313283818,0.0355591421369334
1,26,uncalibrated,442,-0.20279560133843,0.157249565555459,0.170272335585018,0.0262996736418498,0.156614182469213
1,26,offset,442,-0.20279560133843,0.0646270270582333,0.0812243163335417,0.0262996736418498,-0.0461814188692174
1,27,uncalibrated,442,-0.217365351923091,0.157216602318843,0.170231660981903,0.0241036161157647,0.156581219232596
1,27,offset,442,-0.217365351923091,0.071592049656456,0.0903097501448598,0.0241036161157647,-0.0607841326904956
1,28,uncalibrated,442,-0.200743194254055,0.157254209010402,0.170277837899686,0.0232839066963152,0.156618825924155
1,28,offset,442,-0.200743194254055,0.0637918037304225,0.0800752479012319,0.0232839066963152,-0.0441243683299006
1,29,uncalibrated,442,-0.0780696487697221,0.157531750968511,0.170504910023701,0.0265580170015076,0.156896367882264
1,29,offset,442,-0.0780696487697221,0.0869187381053972,0.1032913633059,0.0265580170015076,0.0788267191125418
1,30,uncalibrated,442,-0.0517982978347393,0.157591188414065,0.17052754428888,0.0288496851953952,0.156955805327818
1,30,offset,442,-0.0517982978347393,0.10864445517672,0.124509517376179,0.0288496851953952,0.105157507493079
1,31,uncalibrated,442,-0.222011962362207,0.157206089625541,0.170218093520368,0.0269264932888302,0.156570706539294
1,31,offset,442,-0.222011962362207,0.0741866704660883,0.093500648014732,0.0269264932888302,-0.0654412558229122
1,32,uncalibrated,442,-0.0262674227455463,0.1576489505749,0.170540765231964,0.0292080862306601,0.157013567488653
1,32,offset,442,-0.0262674227455463,0.132195059315921,0.146715529496967,0.0292080862306601,0.130746144743107
1,33,uncalibrated,442,-0.197664581681977,0.157261174197216,0.170285986106842,0.0252484426875027,0.156625791110969
1,33,offset,442,-0.197664581681977,0.0625971872729557,0.0784210491817949,0.0252484426875027,-0.0410387905710076
1,34,uncalibrated,442,-0.106720158360463,0.157466930811066,0.170469781010589,0.0217733137851172,0.156831547724819
1,34,offset,442,-0.106720158360463,0.0692988944298568,0.0835162452464313,0.0217733137851172,0.0501113893643562
1,35,uncalibrated,442,-0.21099189972994,0.15723102189394,0.170249802144426,0.0263226035258431,0.156595638807693
1,35,offset,442,-0.21099189972994,0.0683267860435699,0.0861496038235109,0.0263226035258431,-0.0543962609222471
1,36,uncalibrated,442,-0.209918368018441,0.157233450698717,0.170252804496975,0.0262276867917989,0.15659806761247
1,36,offset,442,-0.209918368018441,0.0678045641402851,0.0854758275450339,0.0262276867917989,-0.0533203004059705
1,37,uncalibrated,442,-0.126469721890275,0.157422248540636,0.170439217272632,0.0241593426823181,0.156786865454389
1,37,offset,442,-0.126469721890275,0.0614638004894161,0.0733930160122992,0.0241593426823181,0.0303171435641142
1,38,uncalibrated,442,-0.247289252548681,0.157148901186206,0.170139239323707,0.0263855564800793,0.156513518099959
1,38,offset,442,-0.247289252548681,0.092794732479126,0.112654841770465,0.0263855564800793,-0.0907757344487221
1,39,uncalibrated,442,-0.0910955365772094,0.157502280634105,0.170490290009749,0.0267939863531477,0.156866897547858
1,39,offset,442,-0.0910955365772094,0.0779208447327376,0.0937314641155768,0.0267939863531477,0.0657713609706485
1,40,uncalibrated,442,-0.116274321687779,0.157445315056932,0.170455642452645,0.0214078948283559,0.156809931970685
1,40,offset,442,-0.116274321687779,0.0651085522492909,0.0781594970576251,0.0214078948283559,0.0405356102829053
1,41,uncalibrated,442,-0.0751162616008577,0.157538432839934,0.170507911578165,0.0263469230997754,0.156903049753687
1,41,offset,442,-0.0751162616008577,0.08918998476431,0.10556258619935,0.0263469230997754,0.081786788152829
1,42,uncalibrated,442,-0.224881170430893,0.157199598204572,0.170209571970131,0.0269403892522477,0.156564215118325
1,42,offset,442,-0.224881170430893,0.0759272072067908,0.0955308919555227,0.0269403892522477,-0.0683169553125682
1,43,uncalibrated,442,-0.129230711016854,0.157416001958902,0.170434531509473,0.0259780993899681,0.156780618872655
1,43,offset,442,-0.129230711016854,0.0607282170555258,0.0722963657428509,0.0259780993899681,0.0275499078558013
1,44,uncalibrated,442,-0.254742770997969,0.157132038022293,0.170114358328,0.0287272535117704,0.156496654936046
1,44,offset,442,-0.254742770997969,0.0994710211766478,0.118743383918551,0.0287272535117704,-0.0982461160619232
1,45,uncalibrated,442,-0.242729474837417,0.157159217425371,0.170154094596742,0.028005657010951,0.156523834339124
1,45,offset,442,-0.242729474837417,0.0889362235864403,0.109014300188261,0.028005657010951,-0.0862056404982925
1,46,uncalibrated,442,-0.0759124897542186,0.157536631418772,0.170507113764672,0.0271857399469484,0.156901248332525
1,46,offset,442,-0.0759124897542186,0.0885678802103158,0.104946906253158,0.0271857399469484,0.0809887585783066
1,47,uncalibrated,442,-0.227433630812013,0.157193823407329,0.170201898826037,0.0255860678581797,0.156558440321082
1,47,offset,442,-0.227433630812013,0.0775801995646333,0.0973726540428282,0.0255860678581797,-0.0708751904909309
1,48,uncalibrated,442,-0.189507351117321,0.157279629469987,0.170306965295047,0.0244975237289707,0.15664424638374
1,48,offset,442,-0.189507351117321,0.0600860735061787,0.0744783603176715,0.0244975237289707,-0.0328631047335809
1,49,uncalibrated,442,-0.168210929231563,0.157327811419955,0.170357559246118,0.0256860560492899,0.156692428333708
1,49,offset,442,-0.168210929231563,0.0565533062933931,0.06783698665267,0.0256860560492899,-0.0115185008978556
1,50,uncalibrated,442,-0.140345720830792,0.157390854877875,0.170414642770153,0.0256486030143415,0.156755471791628
1,50,offset,442,-0.140345720830792,0.0582898373966489,0.0688342390127162,0.0256486030143415,0.0164097509608356
1,51,uncalibrated,442,-0.253078784533747,0.157135802697552,0.170119977347145,0.0271685763323017,0.156500419611305
1,51,offset,442,-0.253078784533747,0.0979613863980208,0.117370379249499,0.0271685763323017,-0.0965783649224426
1,52,uncalibrated,442,-0.177399114278602,0.157307023670979,0.170336471542259,0.0252637987613285,0.156671640584732
1,52,offset,442,-0.177399114278602,0.0575030686752445,0.0699867040207309,0.0252637987613285,-0.020727473693869
1,53,uncalibrated,442,-0.242560420772314,0.157159599900632,0.170154640017298,0.0278623799782414,0.156524216814385
1,53,offset,442,-0.242560420772314,0.0887973850669106,0.108880666151297,0.0278623799782414,-0.0860362039579297
1,54,uncalibrated,442,-0.0873233180181452,0.157510815065234,0.170494755611529,0.026970754913387,0.156875431978987
1,54,offset,442,-0.0873233180181452,0.0803435807766446,0.0964160624007395,0.026970754913387,0.0695521139608417
1,55,uncalibrated,442,-0.20248301873025,0.15725027275593,0.170273177214757,0.0235094541823505,0.156614889669684
1,55,offset,442,-0.20248301873025,0.0644976093720413,0.0810470016476712,0.0235094541823505,-0.0458681290605669
1,56,uncalibrated,442,-0.192229046683375,0.157273471787711,0.170300064053298,0.0254897596886856,0.156638088701464
1,56,offset,442,-0.192229046683375,0.0608375314148453,0.0757188039695559,0.0254897596886856,-0.0355909579819109
1,57,uncalibrated,442,-0.0672835693267392,0.157556153863178,0.170515311281601,0.024930898536444,0.156920770776931
1,57,offset,442,-0.0672835693267392,0.0955348879001029,0.111741536431433,0.024930898536444,0.0896372014501921
1,58,uncalibrated,442,-0.15630295292905,0.157354752542811,0.170383217367975,0.0227802838713637,0.156719369456564
1,58,offset,442,-0.15630295292905,0.0566669992761889,0.0668554664969439,0.0227802838713637,0.000416416527514017
1,59,uncalibrated,442,-0.256476602592597,0.157128115326378,0.170108464078654,0.0276245335854425,0.156492732240131
1,59,offset,442,-0.256476602592597,0.101051867630573,0.120181898128945,0.0276245335854425,-0.0999838703524665
1,60,uncalibrated,442,-0.190458966199048,0.157277476494689,0.170304563561618,0.0243206161997376,0.156642093408442
1,60,offset,442,-0.190458966199048,0.0603422775666438,0.0749031363019612,0.0243206161997376,-0.0338168727906064
1,61,uncalibrated,442,-0.219778877548753,0.157211141853626,0.170224649771406,0.0267038640328495,0.156575758767379
1,61,offset,442,-0.219778877548753,0.0729099032276565,0.0919516034656805,0.0267038640328495,-0.0632031187813739
1,62,uncalibrated,442,-0.104567411584272,0.157471801278885,0.170472799317393,0.0234929168720766,0.156836418192638
1,62,offset,442,-0.104567411584272,0.0703739309158199,0.0848254813569451,0.0234929168720766,0.052269006608366
1,63,uncalibrated,442,-0.242062164727704,0.157160727176751,0.17015624532436,0.0270032736579593,0.156525344090504
1,63,offset,442,-0.242062164727704,0.0883926697251285,0.108487382514989,0.0270032736579593,-0.0855368206371999
1,64,uncalibrated,442,-0.0873867024091449,0.157510671661634,0.170494682136978,0.0270964523683684,0.156875288575387
1,64,offset,442,-0.0873867024091449,0.0803012767147783,0.0963703485453983,0.0270964523683684,0.0694885861662425
1,65,uncalibrated,442,-0.234468581088721,0.157177907230233,0.170180300406899,0.0249754372312832,0.156542524143986
1,65,offset,442,-0.234468581088721,0.0825712252797222,0.102607227485038,0.0249754372312832,-0.0779260569447359
1,66,uncalibrated,442,-0.109604743549256,0.157460404600231,0.170465640103452,0.0252871446737687,0.156825021513984
1,66,offset,442,-0.109604743549256,0.0679403920688173,0.0818181015062318,0.0252871446737687,0.0472202779647289
1,67,uncalibrated,442,-0.170518636318992,0.157322590363196,0.170352368536534,0.0257405310006117,0.156687207276949
1,67,offset,442,-0.170518636318992,0.0567142602376886,0.0682668072426318,0.0257405310006117,-0.0138314290420431
1,68,uncalibrated,442,-0.242297753555478,0.157160194170353,0.170155486705391,0.0277990091512207,0.156524811084106
1,68,offset,442,-0.242297753555478,0.0885829530091002,0.108673229597866,0.0277990091512207,-0.085772942471372
1,69,uncalibrated,442,-0.239174195323742,0.15716726104418,0.170165484624417,0.0248582177526349,0.156531877957934
1,69,offset,442,-0.239174195323742,0.0861052070270419,0.106225307530815,0.0248582177526349,-0.0826423173658085
1,70,uncalibrated,442,-0.197396112410029,0.157261781593759,0.170286690680391,0.0225757909968417,0.156626398507512
1,70,offset,442,-0.197396112410029,0.0625007685432713,0.0782808909321959,0.0225757909968417,-0.0407697139025168
1,71,uncalibrated,442,-0.147132711809745,0.157375499694665,0.170401690679631,0.0257008535684162,0.156740116608418
1,71,offset,442,-0.147132711809745,0.0573188436883936,0.0675394274407325,0.0257008535684162,0.00960740479867318
1,72,uncalibrated,442,-0.239078918506959,0.15716747660259,0.170165787539514,0.0272585596997513,0.156532093516343
1,72,offset,442,-0.239078918506959,0.0860317016095687,0.106151200013779,0.0272585596997513,-0.0825468249906161
1,73,uncalibrated,442,-0.231039212549035,0.157185665982585,0.170190911644163,0.0268200430395038,0.156550282896338
1,73,offset,442,-0.231039212549035,0.0800835929151549,0.10002777600323,0.0268200430395038,-0.0744889296526973
1,74,uncalibrated,442,-0.173837397233445,0.15731508185434,0.170344779390739,0.0221171238324788,0.156679698768093
1,74,offset,442,-0.173837397233445,0.05702783215295,0.0690159581274302,0.0221171238324788,-0.0171576984653526
1,75,uncalibrated,442,-0.0948339194331314,0.15749382275434,0.170485678045473,0.0268609684749938,0.156858439668093
1,75,offset,442,-0.0948339194331314,0.0756578127251172,0.0911473391487276,0.0268609684749938,0.062024520234962
1,76,uncalibrated,442,-0.0462565777109301,0.1576037262424,0.170531148932953,0.0292475534249273,0.156968343156153
1,76,offset,442,-0.0462565777109301,0.113609676018854,0.129224250863386,0.0292475534249273,0.110711765445223
1,77,uncalibrated,442,0.0247780253094091,0.157652320252358,0.170541269529107,0.0313748212990326,0.157129054927692
1,77,offset,442,0.0247780253094091,0.182177549289312,0.193610357549685,0.0313748212990326,0.181907080237101
1,78,uncalibrated,442,-0.110374124844133,0.157458663918569,0.170464516960853,0.0268345652993662,0.156823280832322
1,78,offset,442,-0.110374124844133,0.0675951905231671,0.0813764967524343,0.0268345652993662,0.046449155988189
1,79,uncalibrated,442,-0.0703315008945667,0.1575492580904,0.170512528628269,0.028373646906795,0.156913875004153
1,79,offset,442,-0.0703315008945667,0.0930282431928821,0.109311782333102,0.028373646906795,0.0865823741095866
1,80,uncalibrated,442,-0.107210395022627,0.157465821678346,0.170469085057736,0.0262574270677046,0.156830438592099
1,80,offset,442,-0.107210395022627,0.0690608584224224,0.0832230209453352,0.0262574270677046,0.0496200435694719
1,81,uncalibrated,442,-0.0885188649081551,0.157508110208017,0.170493360759408,0.026316002498633,0.15687272712177
1,81,offset,442,-0.0885188649081551,0.0795577055035355,0.0955572290720809,0.026316002498633,0.0683538622136146
1,82,uncalibrated,442,-0.240892865169218,0.157163372650865,0.170159999611876,0.0281357319892403,0.156527989564618
1,82,offset,442,-0.240892865169218,0.08745352641458,0.107567867816333,0.0281357319892403,-0.0843648756045999
1,83,uncalibrated,442,-0.0759124897542186,0.157536631418772,0.170507113764672,0.0271857399469484,0.156901248332525
1,83,offset,442,-0.0759124897542186,0.0885678802103158,0.104946906253158,0.0271857399469484,0.0809887585783066
1,84,uncalibrated,442,-0.17315620493393,0.157316623013388,0.170346349059818,0.0258404497037535,0.156681239927141
1,84,offset,442,-0.17315620493393,0.0569587892536041,0.0688497797010114,0.0258404497037535,-0.016474965006789
1,85,uncalibrated,442,-0.235003376110234,0.157176697286745,0.170178631478941,0.0273363823363346,0.156541314200498
1,85,offset,442,-0.235003376110234,0.082964456913187,0.103013973418917,0.0273363823363346,-0.0784620619097355
1,86,uncalibrated,442,-0.229836777464987,0.157188386423951,0.170194595073931,0.0264026496663288,0.156553003337704
1,86,offset,442,-0.229836777464987,0.0792313999879448,0.0991356085806847,0.0264026496663288,-0.0732837741272824
1,87,uncalibrated,442,-0.129807649817685,0.157414696667497,0.17043353956985,0.0260607859413379,0.15677931358125
1,87,offset,442,-0.129807649817685,0.0605807191268064,0.0720784911709072,0.0260607859413379,0.0269716637635653
1,88,uncalibrated,442,-0.145064802226019,0.157380178223135,0.170405701902445,0.0234817298680677,0.156744795136888
1,88,offset,442,-0.145064802226019,0.0575590348803212,0.0678645317729233,0.0234817298680677,0.0116799929108691
1,89,uncalibrated,442,-0.168210929231563,0.157327811419955,0.170357559246118,0.0256860560492899,0.156692428333708
1,89,offset,442,-0.168210929231563,0.0565533062933931,0.06783698665267,0.0256860560492899,-0.0115185008978556
1,90,uncalibrated,442,-0.169736969305468,0.157324358840602,0.170354134673503,0.0261623722758779,0.156688975754355
1,90,offset,442,-0.169736969305468,0.0566519157064288,0.0681127463337004,0.0261623722758779,-0.0130479935511135
1,91,uncalibrated,442,-0.197396112410029,0.157261781593759,0.170286690680391,0.0225757909968417,0.156626398507512
1,91,offset,442,-0.197396112410029,0.0625007685432713,0.0782808909321959,0.0225757909968417,-0.0407697139025168
1,92,uncalibrated,442,-0.177834170376284,0.157306039381166,0.170335445180865,0.0255517371903231,0.156670656294919
1,92,offset,442,-0.177834170376284,0.0575690160927665,0.0701167859314368,0.0255517371903231,-0.0211635140813652
1,93,uncalibrated,442,-0.197396112410029,0.157261781593759,0.170286690680391,0.0225757909968417,0.156626398507512
1,93,offset,442,-0.197396112410029,0.0625007685432713,0.0782808909321959,0.0225757909968417,-0.0407697139025168
1,94,uncalibrated,442,-0.100416396994449,0.157481192714609,0.17047844555653,0.0269654046071219,0.156845809628362
1,94,offset,442,-0.100416396994449,0.0725235737950651,0.0874446740036397,0.0269654046071219,0.0564294126339125
1,95,uncalibrated,442,-0.231024142495743,0.157185700077728,0.170190957927816,0.0265147967232188,0.156550316991481
1,95,offset,442,-0.231024142495743,0.0800727847547624,0.100016554107276,0.0265147967232188,-0.0744738255042623
1,96,uncalibrated,442,-0.247245746519725,0.157148999616135,0.170139382374261,0.0279673710531319,0.156513616529888
1,96,offset,442,-0.247245746519725,0.0927564432364476,0.112619788172073,0.0279673710531319,-0.0907321299898364
1,97,uncalibrated,442,-0.0891675821979759,0.157506642521841,0.170492595953887,0.0204217715914109,0.156871259435594
1,97,offset,442,-0.0891675821979759,0.0791406053038935,0.0950942750626011,0.0204217715914109,0.0677036772376177
1,98,uncalibrated,442,-0.169736969305468,0.157324358840602,0.170354134673503,0.0261623722758779,0.156688975754355
1,98,offset,442,-0.169736969305468,0.0566519157064288,0.0681127463337004,0.0261623722758779,-0.0130479935511135
1,99,uncalibrated,442,-0.0780587556759803,0.157531775613519,0.170504921307206,0.0271572513031991,0.156896392527272
1,99,offset,442,-0.0780587556759803,0.0869268956031994,0.103299676602595,0.0271572513031991,0.0788376368512921
1,100,uncalibrated,442,-0.217177549007175,0.157217027212318,0.170232203284515,0.0264558747909921,0.156581644126071
1,100,offset,442,-0.217177549007175,0.0714921996898487,0.0901834543929039,0.0264558747909921,-0.060595904881104
1,101,uncalibrated,442,-0.113951464535739,0.157450570389855,0.170459191471443,0.020418853242539,0.156815187303608
1,101,offset,442,-0.113951464535739,0.0660532362454515,0.07938911586328,0.020418853242539,0.0428637227678689
1,102,uncalibrated,442,-0.121059914732145,0.157434487923347,0.17044810469601,0.0259901896924373,0.1567991048371
1,102,offset,442,-0.121059914732145,0.0632333956483755,0.0757884346460881,0.0259901896924373,0.035739190104955
1,103,uncalibrated,442,-0.234468581088721,0.157177907230233,0.170180300406899,0.0249754372312832,0.156542524143986
1,103,offset,442,-0.234468581088721,0.0825712252797222,0.102607227485038,0.0249754372312832,-0.0779260569447359
1,104,uncalibrated,442,-0.158984749028306,0.157348685130822,0.170377603517246,0.0244011487317019,0.156713302044575
1,104,offset,442,-0.158984749028306,0.0565669209445143,0.0668926618842865,0.0244011487317019,-0.00227144698373148
1,105,uncalibrated,442,-0.239982955510668,0.157165431270002,0.170162908438004,0.0280003067046859,0.156530048183755
1,105,offset,442,-0.239982955510668,0.0867345761714975,0.106855730613693,0.0280003067046859,-0.083452907326913
1,106,uncalibrated,442,-0.259650238481488,0.157120935154683,0.170097571034579,0.0280690963566658,0.156485552068436
1,106,offset,442,-0.259650238481488,0.103976991408033,0.122834881806446,0.0280690963566658,-0.103164686413051
1,107,uncalibrated,442,-0.145445053832519,0.157379317925382,0.170404968577471,0.0206864380402911,0.156743934839135
1,107,offset,442,-0.145445053832519,0.0575114114150995,0.0678001247715328,0.0206864380402911,0.011298881006616
1,108,uncalibrated,442,-0.12303500959485,0.157430019382934,0.17044490501751,0.0267379123641096,0.156794636296687
1,108,offset,442,-0.12303500959485,0.0625408730790588,0.0748773668745451,0.0267379123641096,0.033759626701837
1,109,uncalibrated,442,-0.237696498846622,0.15717060424888,0.170170169047951,0.0279898830577093,0.156535221162633
1,109,offset,442,-0.237696498846622,0.0849723057739035,0.105079798080657,0.0279898830577093,-0.0811612776839894
1,110,uncalibrated,442,-0.220361182438801,0.157209824421748,0.17022294655907,0.0261211652466551,0.156574441335501
1,110,offset,442,-0.220361182438801,0.0732359661994671,0.0923528245172129,0.0261211652466551,-0.0637867411032999
1,111,uncalibrated,442,-0.0864125534621445,0.157512875618528,0.170495805470567,0.0239642302148842,0.156877492532281
1,111,offset,442,-0.0864125534621445,0.080958475801417,0.0970751237856516,0.0239642302148842,0.0704649390701366
1,112,uncalibrated,442,-0.260869303562117,0.15711817708889,0.170093350971518,0.0294530190824067,0.156482794002643
1,112,offset,442,-0.260869303562117,0.105111704225538,0.123860512690108,0.0294530190824067,-0.104386509559474
1,113,uncalibrated,442,-0.236495691081439,0.15717332100853,0.170173954235118,0.0275556049668635,0.156537937922283
1,113,offset,442,-0.236495691081439,0.0840712771231533,0.104155129404731,0.0275556049668635,-0.0799577531591559
1,114,uncalibrated,442,-0.158984749028306,0.157348685130822,0.170377603517246,0.0244011487317019,0.156713302044575
1,114,offset,442,-0.158984749028306,0.0565669209445143,0.0668926618842865,0.0244011487317019,-0.00227144698373148
1,115,uncalibrated,442,-0.0885188649081551,0.157508110208017,0.170493360759408,0.026316002498633,0.15687272712177
1,115,offset,442,-0.0885188649081551,0.0795577055035355,0.0955572290720809,0.026316002498633,0.0683538622136146
1,116,uncalibrated,442,-0.239982955510668,0.157165431270002,0.170162908438004,0.0280003067046859,0.156530048183755
1,116,offset,442,-0.239982955510668,0.0867345761714975,0.106855730613693,0.0280003067046859,-0.083452907326913
1,117,uncalibrated,442,-0.0845920805267307,0.157516994335576,0.17049787096254,0.0235927660941928,0.15688161124933
1,117,offset,442,-0.0845920805267307,0.0822102469101836,0.0984045746226596,0.0235927660941928,0.0722895307225988
1,118,uncalibrated,442,-0.260869303562117,0.15711817708889,0.170093350971518,0.0294530190824067,0.156482794002643
1,118,offset,442,-0.260869303562117,0.105111704225538,0.123860512690108,0.0294530190824067,-0.104386509559474
1,119,uncalibrated,442,-0.191074547430959,0.15727608377697,0.170303003500902,0.0259892160065536,0.156640700690723
1,119,offset,442,-0.191074547430959,0.0605107964106735,0.0751830678402905,0.0259892160065536,-0.0344338467402359
1,120,uncalibrated,442,-0.16431539794648,0.157336624839152,0.170366160625314,0.0258542753216897,0.156701241752905
1,120,offset,442,-0.16431539794648,0.0564727065223138,0.067285398816148,0.0258542753216897,-0.0076141561935757
1,121,uncalibrated,442,-0.0610232624522141,0.157570317453392,0.170520640002459,0.0274945985358884,0.156934934367145
1,121,offset,442,-0.0610232624522141,0.100751389484314,0.116823644231574,0.0274945985358884,0.095911671914931
1,122,uncalibrated,442,-0.184601771385742,0.157290728066665,0.170319154866012,0.0225543202872843,0.156655344980418
1,122,offset,442,-0.184601771385742,0.058861926546316,0.0724480514035199,0.0225543202872843,-0.0279464264053238
1,123,uncalibrated,442,-0.185971561669193,0.157287628993625,0.170315783415534,0.0249514650806685,0.156652245907378
1,123,offset,442,-0.185971561669193,0.0591788680335036,0.0729874113074456,0.0249514650806685,-0.0293193157618147
1,124,uncalibrated,442,-0.0884532402824687,0.15750825868002,0.170493437816359,0.0264146704843011,0.156872875593774
1,124,offset,442,-0.0884532402824687,0.0796003169686305,0.0956041826360805,0.0264146704843011,0.0684196353113048
1,125,uncalibrated,442,-0.217365351923091,0.157216602318843,0.170231660981903,0.0241036161157647,0.156581219232596
1,125,offset,442,-0.217365351923091,0.071592049656456,0.0903097501448598,0.0241036161157647,-0.0607841326904956
1,126,uncalibrated,442,-0.0564616812368278,0.157580637772884,0.170524195201158,0.0280003761891829,0.156945254686637
1,126,offset,442,-0.0564616812368278,0.104599975596667,0.120597001262852,0.0280003761891829,0.100483573449809
1,127,uncalibrated,442,-0.0873233180181452,0.157510815065234,0.170494755611529,0.026970754913387,0.156875431978987
1,127,offset,442,-0.0873233180181452,0.0803435807766446,0.0964160624007395,0.026970754913387,0.0695521139608417
1,128,uncalibrated,442,-0.208377144064096,0.157236937630741,0.170257087979037,0.0234326738132214,0.156601554544494
1,128,offset,442,-0.208377144064096,0.0670779396436571,0.084523019299194,0.0234326738132214,-0.0517755895196025
1,129,uncalibrated,442,-0.195984263960653,0.15726497582102,0.170290380142865,0.0244563194222797,0.156629592734773
1,129,offset,442,-0.195984263960653,0.0620101162974469,0.077554976605229,0.0244563194222797,-0.0393546712258797
1,130,uncalibrated,442,-0.121239556271345,0.157434081494525,0.170447815817551,0.0260142313283818,0.156798698408278
1,130,offset,442,-0.121239556271345,0.0631671983900204,0.075703888169354,0.0260142313283818,0.0355591421369334
1,131,uncalibrated,442,-0.229090117476602,0.157190075699943,0.170196872611,0.0273151200802681,0.156554692613696
1,131,offset,442,-0.229090117476602,0.0787092194031892,0.0985849457434468,0.0273151200802681,-0.0725354248629053
1,132,uncalibrated,442,-0.179792208605456,0.157301609430421,0.170330794684107,0.0209456152139122,0.156666226344174
1,132,offset,442,-0.179792208605456,0.0578948149917566,0.0707324833180951,0.0209456152139122,-0.0231259822612816
1,133,uncalibrated,442,-0.248047598788024,0.157147185470732,0.170136741771286,0.0283890724651177,0.156511802384485
1,133,offset,442,-0.248047598788024,0.0934655772293141,0.113266802895372,0.0283890724651177,-0.0915357964035387
1,134,uncalibrated,442,-0.110572825119517,0.157458214370434,0.170464225620533,0.0205070978412,0.156822831284187
1,134,offset,442,-0.110572825119517,0.067507528636968,0.0812632443030135,0.0205070978412,0.0462500061646702
1,135,uncalibrated,442,-0.228489201578636,0.157191435238174,0.170198700180533,0.0272660630781348,0.156556052151927
1,135,offset,442,-0.228489201578636,0.0782953020626801,0.0981436603362198,0.0272660630781348,-0.0719331494267088
1,136,uncalibrated,442,-0.191074547430959,0.15727608377697,0.170303003500902,0.0259892160065536,0.156640700690723
1,136,offset,442,-0.191074547430959,0.0605107964106735,0.0751830678402905,0.0259892160065536,-0.0344338467402359
1,137,uncalibrated,442,-0.122276946524123,0.157431734457754,0.170446139219365,0.0254277126896321,0.156796351371507
1,137,offset,442,-0.122276946524123,0.0627983179752612,0.07522220338695,0.0254277126896321,0.0345194048473843
1,138,uncalibrated,442,-0.16431539794648,0.157336624839152,0.170366160625314,0.0258542753216897,0.156701241752905
1,138,offset,442,-0.16431539794648,0.0564727065223138,0.067285398816148,0.0258542753216897,-0.0076141561935757
1,139,uncalibrated,442,-0.0929760738035768,0.157498026024995,0.170487993227846,0.0233577000410131,0.156862642938748
1,139,offset,442,-0.0929760738035768,0.0767586972698179,0.0924216468203847,0.0233577000410131,0.0638865691351716
1,140,uncalibrated,442,-0.142822590316644,0.157385251100758,0.170409986967832,0.0261641093883016,0.156749868014511
1,140,offset,442,-0.142822590316644,0.0578748596634525,0.068286247516492,0.0261641093883016,0.013927277697867
1,141,uncalibrated,442,-0.120272378408332,0.157436269679736,0.170449366058713,0.0207848280879714,0.156800886593489
1,141,offset,442,-0.120272378408332,0.0635290891360881,0.0761629848649998,0.0207848280879714,0.0365285081851566
1,142,uncalibrated,442,-0.0780587556759803,0.157531775613519,0.170504921307206,0.0271572513031991,0.156896392527272
1,142,offset,442,-0.0780587556759803,0.0869268956031994,0.103299676602595,0.0271572513031991,0.0788376368512921
1,143,uncalibrated,442,-0.1865176231278,0.157286393560461,0.170314432432941,0.024741414313263,0.156651010474214
1,143,offset,442,-0.1865176231278,0.0593121516810444,0.0732084787696189,0.024741414313263,-0.0298666126535857
1,144,uncalibrated,442,-0.127666720695391,0.157419540398543,0.170437198248826,0.0259569761028955,0.156784157312296
1,144,offset,442,-0.127666720695391,0.06113653203826,0.0729067327338317,0.0259569761028955,0.0291174366169052
1,145,uncalibrated,442,-0.0948339194331314,0.15749382275434,0.170485678045473,0.0268609684749938,0.156858439668093
1,145,offset,442,-0.0948339194331314,0.0756578127251172,0.0911473391487276,0.0268609684749938,0.062024520234962
1,146,uncalibrated,442,-0.146596530243049,0.157376712775132,0.170402736197759,0.0260964314882729,0.156741329688885
1,146,offset,442,-0.146596530243049,0.0573779914738621,0.0676177863201649,0.0260964314882729,0.0101447994458363
1,147,uncalibrated,442,-0.104567411584272,0.157471801278885,0.170472799317393,0.0234929168720766,0.156836418192638
1,147,offset,442,-0.104567411584272,0.0703739309158199,0.0848254813569451,0.0234929168720766,0.052269006608366
1,148,uncalibrated,442,-0.198241665505816,0.157259868577705,0.170284468350636,0.0252898554476845,0.156624485491458
1,148,offset,442,-0.198241665505816,0.0628106025662872,0.07872458560286,0.0252898554476845,-0.0416171800143575
1,149,uncalibrated,442,-0.0988356377842385,0.157484769092912,0.170480535545924,0.0269216293740438,0.156849386006665
1,149,offset,442,-0.0988356377842385,0.0733900120682894,0.0884730359610888,0.0269216293740438,0.0580137482224269
1,150,uncalibrated,442,-0.237386415649712,0.157171305794574,0.170171148336554,0.0271305692563705,0.156535922708327
1,150,offset,442,-0.237386415649712,0.084738312942381,0.10484048281508,0.0271305692563705,-0.0808504929413851
1,151,uncalibrated,442,-0.139912828233294,0.157391834272892,0.170415448109335,0.0255110940859713,0.156756451186645
1,151,offset,442,-0.139912828233294,0.0583687771492504,0.0689387235149378,0.0255110940859713,0.016843622953351
1,152,uncalibrated,442,-0.100513215727302,0.157480973667702,0.170478316469751,0.0266837116753248,0.156845590581455
1,152,offset,442,-0.100513215727302,0.0724716596781284,0.0873822267868247,0.0266837116753248,0.0563323748541532
1,153,uncalibrated,442,-0.204727519940926,0.157245194698893,0.170267104986448,0.0256947416114085,0.156609811612646
1,153,offset,442,-0.204727519940926,0.065444377848776,0.0823381309107952,0.0256947416114085,-0.0481177083282802
1,154,uncalibrated,442,-0.11918498879304,0.157438729837236,0.170451094137454,0.0263950758561613,0.156803346750989
1,154,offset,442,-0.11918498879304,0.0639489789372324,0.0766904609178786,0.0263950758561613,0.0376183579579495
1,155,uncalibrated,442,-0.217900676677362,0.157215391176865,0.170230112587928,0.0237821808328768,0.156580008090618
1,155,offset,442,-0.217900676677362,0.0718791586371508,0.0906709252956315,0.0237821808328768,-0.0613206685867441
1,156,uncalibrated,442,-0.0600646419839139,0.157572486277981,0.170521410049509,0.0263501193866351,0.156937103191734
1,156,offset,442,-0.0600646419839139,0.101556023406802,0.117611949509905,0.0263501193866351,0.0968724612078201
1,157,uncalibrated,442,-0.116274321687779,0.157445315056932,0.170455642452645,0.0214078948283559,0.156809931970685
1,157,offset,442,-0.116274321687779,0.0651085522492909,0.0781594970576251,0.0214078948283559,0.0405356102829053
1,158,uncalibrated,442,-0.199715069784716,0.157256535083862,0.17028057309961,0.0262920303471854,0.156621151997615
1,158,offset,442,-0.199715069784716,0.0633825106194552,0.0795133578231546,0.0262920303471854,-0.0430939177871013
1,159,uncalibrated,442,-0.114022645398602,0.157450409347179,0.170459083781233,0.0257895879497444,0.156815026260932
1,159,offset,442,-0.114022645398602,0.0660234433503619,0.0793507066268942,0.0257895879497444,0.0427923808623299
1,160,uncalibrated,442,-0.168537112606466,0.157327073448518,0.170356829865605,0.0242998403351497,0.156691690362271
1,160,offset,442,-0.168537112606466,0.0565714537650144,0.0678931342730321,0.0242998403351497,-0.0118454222441947
1,161,uncalibrated,442,-0.0775655325374306,0.157532891502973,0.170505430557148,0.026427591846264,0.156897508416726
1,161,offset,442,-0.0775655325374306,0.0872984867912922,0.103676593785747,0.026427591846264,0.0793319758792955
1,162,uncalibrated,442,-0.0295341676831871,0.15764155974925,0.170539556074472,0.0292474144559334,0.157006176663003
1,162,offset,442,-0.0295341676831871,0.129083521716946,0.143812077897144,0.0292474144559334,0.127472008979816
1,163,uncalibrated,442,-0.209918368018441,0.157233450698717,0.170252804496975,0.0262276867917989,0.15659806761247
1,163,offset,442,-0.209918368018441,0.0678045641402851,0.0854758275450339,0.0262276867917989,-0.0533203004059705
1,164,uncalibrated,442,-0.169490606007388,0.157324916223629,0.170354689633279,0.0259847699016753,0.156689533137382
1,164,offset,442,-0.169490606007388,0.0566335220665268,0.0680659823396622,0.0259847699016753,-0.0128010728700054
1,165,uncalibrated,442,-0.20248301873025,0.15725027275593,0.170273177214757,0.0235094541823505,0.156614889669684
1,165,offset,442,-0.20248301873025,0.0644976093720413,0.0810470016476712,0.0235094541823505,-0.0458681290605669
1,166,uncalibrated,442,-0.126095216575816,0.157423095837728,0.17043984505404,0.0255033804207626,0.156787712751481
1,166,offset,442,-0.126095216575816,0.0615711363266078,0.0735485093914036,0.0255033804207626,0.0306924961756648
1,167,uncalibrated,442,-0.110374124844133,0.157458663918569,0.170464516960853,0.0268345652993662,0.156823280832322
1,167,offset,442,-0.110374124844133,0.0675951905231671,0.0813764967524343,0.0268345652993662,0.046449155988189
1,168,uncalibrated,442,-0.0751162616008577,0.157538432839934,0.170507911578165,0.0263469230997754,0.156903049753687
1,168,offset,442,-0.0751162616008577,0.08918998476431,0.10556258619935,0.0263469230997754,0.081786788152829
1,169,uncalibrated,442,-0.208616583704868,0.157236395912097,0.170256424588985,0.0251498441863315,0.15660101282585
1,169,offset,442,-0.208616583704868,0.0671889919657344,0.0846699032101315,0.0251498441863315,-0.0520155708790185
1,170,uncalibrated,442,-0.208901269475139,0.157235751826643,0.170255634845514,0.0264357937713737,0.156600368740396
1,170,offset,442,-0.208901269475139,0.0673223176545266,0.0848450936983771,0.0264357937713737,-0.0523009007347429
1,171,uncalibrated,442,-0.103309517804245,0.157474647192415,0.170474534482057,0.0241002800226108,0.156839264106168
1,171,offset,442,-0.103309517804245,0.0710120371855684,0.0856063425258779,0.0241002800226108,0.0535297463019228
1,172,uncalibrated,442,-0.121059914732145,0.157434487923347,0.17044810469601,0.0259901896924373,0.1567991048371
1,172,offset,442,-0.121059914732145,0.0632333956483755,0.0757884346460881,0.0259901896924373,0.035739190104955
1,173,uncalibrated,442,-0.125941441494153,0.157423443745152,0.170440102286609,0.0241150810577613,0.156788060658905
1,173,offset,442,-0.125941441494153,0.0616160163843784,0.073612814211823,0.0241150810577613,0.0308466191647529
1,174,uncalibrated,442,-0.0710613558468434,0.157547606834852,0.170511843997615,0.0283434906351189,0.156912223748605
1,174,offset,442,-0.0710613558468434,0.0924321399400045,0.108734605812595,0.0283434906351189,0.0858508679017619
1,175,uncalibrated,442,-0.192122074118349,0.157273713807089,0.17030033716049,0.0237291641617044,0.156638330720842
1,175,offset,442,-0.192122074118349,0.0608067949538538,0.075668581534644,0.0237291641617044,-0.0354837433975076
1,176,uncalibrated,442,-0.135584698670208,0.157401626421225,0.170423363031464,0.024508779365984,0.156766243334978
1,176,offset,442,-0.135584698670208,0.0592503203897868,0.0701222179624856,0.024508779365984,0.0211815446647697
1,177,uncalibrated,442,-0.231039212549035,0.157185665982585,0.170190911644163,0.0268200430395038,0.156550282896338
1,177,offset,442,-0.231039212549035,0.0800835929151549,0.10002777600323,0.0268200430395038,-0.0744889296526973
1,178,uncalibrated,442,-0.170419667647216,0.157322814274218,0.170352592600909,0.0234900680077016,0.156687431187971
1,178,offset,442,-0.170419667647216,0.0567059755298703,0.0682468243344605,0.0234900680077016,-0.0137322364592449
1,179,uncalibrated,442,-0.12555790167013,0.157424311482311,0.170440742496608,0.0207063106064186,0.156788928396064
1,179,offset,442,-0.12555790167013,0.0617319560878628,0.0737743564225743,0.0207063106064186,0.0312310267259341
1,180,uncalibrated,442,-0.153973457051132,0.157360022895476,0.170388016089063,0.0260852444842641,0.156724639809229
1,180,offset,442,-0.153973457051132,0.0567796855848162,0.066910629275196,0.0260852444842641,0.00275118275809663
1,181,uncalibrated,442,-0.227860794922665,0.15719285697269,0.170200606202458,0.0253006950292086,0.156557473886443
1,181,offset,442,-0.227860794922665,0.0778673599734333,0.0976840176936569,0.0253006950292086,-0.0713033210362227
1,182,uncalibrated,442,-0.173585107585219,0.157315652645399,0.170345361461177,0.0246295434174864,0.156680269559152
1,182,offset,442,-0.173585107585219,0.0570008431548059,0.0689536717724161,0.0246295434174864,-0.0169048380260674
1,183,uncalibrated,442,-0.260730495170041,0.157118491135026,0.170093832489956,0.0295163889436245,0.156483108048779
1,183,offset,442,-0.260730495170041,0.104981483487208,0.123743551218339,0.0295163889436245,-0.104247387121262
1,184,uncalibrated,442,-0.100738176276282,0.157480464707184,0.170478016052944,0.024998090044994,0.156845081620937
1,184,offset,442,-0.100738176276282,0.0723520539563855,0.0872373724731757,0.024998090044994,0.0561069053446549
1,185,uncalibrated,442,-0.0752937950103996,0.157538031180636,0.170507734420318,0.0276487141895408,0.156902648094389
1,185,offset,442,-0.0752937950103996,0.0890506089880407,0.10542509862363,0.0276487141895408,0.0816088530839895
1,186,uncalibrated,442,-0.174922423400889,0.157312627044006,0.170342266412267,0.025404708025427,0.156677243957759
1,186,offset,442,-0.174922423400889,0.0571595948478796,0.0692936903706298,0.025404708025427,-0.0182451794431297
1,187,uncalibrated,442,-0.0780696487697221,0.157531750968511,0.170504910023701,0.0265580170015076,0.156896367882264
1,187,offset,442,-0.0780696487697221,0.0869187381053972,0.1032913633059,0.0265580170015076,0.0788267191125418
1,188,uncalibrated,442,-0.195948620941777,0.157265056461334,0.170290472941948,0.0245292086595796,0.156629673375087
1,188,offset,442,-0.195948620941777,0.0619982621712596,0.0775368959332131,0.0245292086595796,-0.0393189475666893
1,189,uncalibrated,442,0.0116781235970127,0.157681958039037,0.170544437294694,0.0307794086446734,0.157099417141012
1,189,offset,442,0.0116781235970127,0.169201555071385,0.181358861056453,0.0307794086446734,0.168777540738025
1,190,uncalibrated,442,-0.109328585832806,0.157461029391445,0.170466041320552,0.0258146023686462,0.156825646305198
1,190,offset,442,-0.109328585832806,0.0680670829716446,0.0819777936881385,0.0258146023686462,0.0474970604723919
1,191,uncalibrated,442,-0.183525353371825,0.157293163401538,0.170321786707095,0.0253643428284142,0.156657780315291
1,191,offset,442,-0.183525353371825,0.0586256047562948,0.0720396930568939,0.0253643428284142,-0.0268675730565338
1,192,uncalibrated,442,-0.204687872436901,0.157245284399128,0.170267212830666,0.0257040516409806,0.156609901312881
1,192,offset,442,-0.204687872436901,0.0654270730977061,0.0823149675532643,0.0257040516409806,-0.0480779711240196
1,193,uncalibrated,442,-0.0295341676831871,0.15764155974925,0.170539556074472,0.0292474144559334,0.157006176663003
1,193,offset,442,-0.0295341676831871,0.129083521716946,0.143812077897144,0.0292474144559334,0.127472008979816
1,194,uncalibrated,442,-0.0942663690301181,0.157495106805026,0.170486390169362,0.0262005887492,0.156859723718779
1,194,offset,442,-0.0942663690301181,0.0759875901663655,0.0915344981907299,0.0262005887492,0.0625933546886608
1,195,uncalibrated,442,-0.140259255957027,0.157391050499761,0.170414803825706,0.0246781834210391,0.156755667413514
1,195,offset,442,-0.140259255957027,0.0583052915256703,0.0688549031488626,0.0246781834210391,0.016496411456487
1,196,uncalibrated,442,-0.0904756980677723,0.157503682983674,0.170491036755458,0.0269282998857509,0.156868299897427
1,196,offset,442,-0.0904756980677723,0.0783092955633124,0.09416744489978,0.0269282998857509,0.0663926018296544
1,197,uncalibrated,442,-0.285305249880296,0.157062892142469,0.170004567038054,0.0314542420790458,0.156427509056222
1,197,offset,442,-0.285305249880296,0.128877740824075,0.145056745117831,0.0314542420790458,-0.128877740824075
1,198,uncalibrated,442,-0.240467177797822,0.157164335744465,0.170161361838375,0.027842437927617,0.156528952658218
1,198,offset,442,-0.240467177797822,0.0871154193924727,0.107234330706162,0.027842437927617,-0.0839382251396038
1,199,uncalibrated,442,-0.0876377406353984,0.157510103701846,0.170494390611961,0.0205191193716369,0.156874720615599
1,199,offset,442,-0.0876377406353984,0.0801348644969225,0.0961894934943528,0.0205191193716369,0.0692369799802011
1,200,uncalibrated,442,-0.192229046683375,0.157273471787711,0.170300064053298,0.0254897596886856,0.156638088701464
1,200,offset,442,-0.192229046683375,0.0608375314148453,0.0757188039695559,0.0254897596886856,-0.0355909579819109
1,201,uncalibrated,442,-0.169237655128496,0.157325488510686,0.170355258591716,0.0257508156004467,0.156690105424439
1,201,offset,442,-0.169237655128496,0.056615781167781,0.0680188649971786,0.0257508156004467,-0.0125475497040576
1,202,uncalibrated,442,-0.148923597914085,0.157371447916148,0.170398170858379,0.0259977635026048,0.156736064829901
1,202,offset,442,-0.148923597914085,0.0571480834116587,0.0673080771737619,0.0259977635026048,0.00781246691581594
1,203,uncalibrated,442,-0.230900736342448,0.15718597927717,0.170191336822871,0.0264666448880192,0.156550596190923
1,203,offset,442,-0.230900736342448,0.0799848369305816,0.0999246981600347,0.0264666448880192,-0.0743501401515254
1,204,uncalibrated,442,-0.0751162616008577,0.157538432839934,0.170507911578165,0.0263469230997754,0.156903049753687
1,204,offset,442,-0.0751162616008577,0.08918998476431,0.10556258619935,0.0263469230997754,0.081786788152829
1,205,uncalibrated,442,-0.148923597914085,0.157371447916148,0.170398170858379,0.0259977635026048,0.156736064829901
1,205,offset,442,-0.148923597914085,0.0571480834116587,0.0673080771737619,0.0259977635026048,0.00781246691581594
1,206,uncalibrated,442,-0.189507351117321,0.157279629469987,0.170306965295047,0.0244975237289707,0.15664424638374
1,206,offset,442,-0.189507351117321,0.0600860735061787,0.0744783603176715,0.0244975237289707,-0.0328631047335809
1,207,uncalibrated,442,-0.0572229358654944,0.157578915477344,0.170523621092486,0.0278057501132277,0.156943532391097
1,207,offset,442,-0.0572229358654944,0.103954114769178,0.119963454278877,0.0278057501132277,0.0997205965256026
1,208,uncalibrated,442,-0.234468581088721,0.157177907230233,0.170180300406899,0.0249754372312832,0.156542524143986
1,208,offset,442,-0.234468581088721,0.0825712252797222,0.102607227485038,0.0249754372312832,-0.0779260569447359
1,209,uncalibrated,442,-0.168898623164492,0.157326255551328,0.17035601983528,0.0220083103456357,0.156690872465081
1,209,offset,442,-0.168898623164492,0.0565935369891473,0.067957142063135,0.0220083103456357,-0.0122077506994113
1,210,uncalibrated,442,-0.0528420809044911,0.157588826913907,0.170526819746705,0.0272753054635161,0.15695344382766
1,210,offset,442,-0.0528420809044911,0.10772232155528,0.123629238504823,0.0272753054635161,0.104111362923169
1,211,uncalibrated,442,-0.173512602422355,0.157315816684229,0.170345528584819,0.0261308263142629,0.156680433597982
1,211,offset,442,-0.173512602422355,0.0569934614074555,0.0689359321669176,0.0261308263142629,-0.0168321688243734
1,212,uncalibrated,442,-0.16060829389664,0.157345011952387,0.170374158422005,0.0225596705935494,0.15670962886614
1,212,offset,442,-0.16060829389664,0.0565193422915336,0.0669674970986913,0.0225596705935494,-0.00389866503050034
1,213,uncalibrated,442,-0.194212960646984,0.15726898329458,0.170294971371037,0.0257940349575492,0.156633600208333
1,213,offset,442,-0.194212960646984,0.0614302296247254,0.0766713824775341,0.0257940349575492,-0.0375793604386505
1,214,uncalibrated,442,-0.233868703489321,0.157179264419371,0.170182167893286,0.025300139153233,0.156543881333125
1,214,offset,442,-0.233868703489321,0.0821328531878528,0.102152394037078,0.025300139153233,-0.0773248221561967
1,215,uncalibrated,442,-0.0889045125193725,0.157507237702109,0.170492906773545,0.0255151241867944,0.156871854615862
1,215,offset,442,-0.0889045125193725,0.0793090413198319,0.0952817510393972,0.0255151241867944,0.0679673420964895
1,216,uncalibrated,442,-0.0942663690301181,0.157495106805026,0.170486390169362,0.0262005887492,0.156859723718779
1,216,offset,442,-0.0942663690301181,0.0759875901663655,0.0915344981907299,0.0262005887492,0.0625933546886608
1,217,uncalibrated,442,-0.267112691810976,0.15710405177611,0.170071426565114,0.0297853634313155,0.156468668689863
1,217,offset,442,-0.267112691810976,0.111001959654891,0.129166348964196,0.0297853634313155,-0.110644023121113
1,218,uncalibrated,442,-0.268305466247883,0.157101353191411,0.170067178675499,0.0297716749854165,0.156465970105164
1,218,offset,442,-0.268305466247883,0.112136537768781,0.130189547810688,0.0297716749854165,-0.111839496142719
1,219,uncalibrated,442,-0.0815790140445326,0.15752381122807,0.170501192879247,0.0278463985439431,0.156888428141823
1,219,offset,442,-0.0815790140445326,0.0843375340464005,0.100638887812372,0.0278463985439431,0.0753094140972906
1,220,uncalibrated,442,-0.239982955510668,0.157165431270002,0.170162908438004,0.0280003067046859,0.156530048183755
1,220,offset,442,-0.239982955510668,0.0867345761714975,0.106855730613693,0.0280003067046859,-0.083452907326913
1,221,uncalibrated,442,-0.104075846945624,0.157472913416077,0.170473479893606,0.0263371952702025,0.15683753032983
1,221,offset,442,-0.104075846945624,0.070621937509527,0.085129264419532,0.0263371952702025,0.0527616833842056
1,222,uncalibrated,442,-0.0295341676831871,0.15764155974925,0.170539556074472,0.0292474144559334,0.157006176663003
1,222,offset,442,-0.0295341676831871,0.129083521716946,0.143812077897144,0.0292474144559334,0.127472008979816
1,223,uncalibrated,442,-0.0891675821979759,0.157506642521841,0.170492595953887,0.0204217715914109,0.156871259435594
1,223,offset,442,-0.0891675821979759,0.0791406053038935,0.0950942750626011,0.0204217715914109,0.0677036772376177
1,224,uncalibrated,442,-0.227040431682621,0.15719471299812,0.170203086517046,0.0272814886359216,0.156559329911873
1,224,offset,442,-0.227040431682621,0.0773180154695424,0.0970868301279474,0.0272814886359216,-0.0704811017707483
1,225,uncalibrated,442,-0.20248301873025,0.15725027275593,0.170273177214757,0.0235094541823505,0.156614889669684
1,225,offset,442,-0.20248301873025,0.0644976093720413,0.0810470016476712,0.0235094541823505,-0.0458681290605669
1,226,uncalibrated,442,-0.104567411584272,0.157471801278885,0.170472799317393,0.0234929168720766,0.156836418192638
1,226,offset,442,-0.104567411584272,0.0703739309158199,0.0848254813569451,0.0234929168720766,0.052269006608366
1,227,uncalibrated,442,-0.125592959380601,0.157424232166224,0.170440684058976,0.0237459099254692,0.156788849079977
1,227,offset,442,-0.125592959380601,0.0617210897839386,0.073759522238172,0.0237459099254692,0.0311958896993761
1,228,uncalibrated,442,-0.101719566744455,0.157478244366758,0.170476697622392,0.0262367206876137,0.156842861280511
1,228,offset,442,-0.101719566744455,0.0718357462615123,0.0866094619431827,0.0262367206876137,0.0551232945360556
1,229,uncalibrated,442,-0.0826553877353879,0.157521375993475,0.17050002001158,0.0218655204690251,0.156885992907228
1,229,offset,442,-0.0826553877353879,0.0835697921212063,0.0998359894909642,0.0218655204690251,0.0742306051718405
1,230,uncalibrated,442,-0.11918498879304,0.157438729837236,0.170451094137454,0.0263950758561613,0.156803346750989
1,230,offset,442,-0.11918498879304,0.0639489789372324,0.0766904609178786,0.0263950758561613,0.0376183579579495
1,231,uncalibrated,442,-0.175430371660267,0.157311477839799,0.170341084590776,0.023774119805262,0.156676094753552
1,231,offset,442,-0.175430371660267,0.0572250994876638,0.0694291677512526,0.023774119805262,-0.0187542769067151
1,232,uncalibrated,442,-0.0775088500614567,0.157533019743869,0.17050548887457,0.0233064204822644,0.156897636657622
1,232,offset,442,-0.0775088500614567,0.0873414474914082,0.103719972931063,0.0233064204822644,0.0793887865961653
1,233,uncalibrated,442,-0.230900736342448,0.15718597927717,0.170191336822871,0.0264666448880192,0.156550596190923
1,233,offset,442,-0.230900736342448,0.0799848369305816,0.0999246981600347,0.0264666448880192,-0.0743501401515254
1,234,uncalibrated,442,-0.254742770997969,0.157132038022293,0.170114358328,0.0287272535117704,0.156496654936046
1,234,offset,442,-0.254742770997969,0.0994710211766478,0.118743383918551,0.0287272535117704,-0.0982461160619232
1,235,uncalibrated,442,-0.227040431682621,0.15719471299812,0.170203086517046,0.0272814886359216,0.156559329911873
1,235,offset,442,-0.227040431682621,0.0773180154695424,0.0970868301279474,0.0272814886359216,-0.0704811017707483
1,236,uncalibrated,442,-0.121877285852626,0.157432638667418,0.170446786832148,0.0245840310735657,0.156797255581171
1,236,offset,442,-0.121877285852626,0.0629384704731843,0.0754064458084254,0.0245840310735657,0.034919969728545
1,237,uncalibrated,442,-0.12303500959485,0.157430019382934,0.17044490501751,0.0267379123641096,0.156794636296687
1,237,offset,442,-0.12303500959485,0.0625408730790588,0.0748773668745451,0.0267379123641096,0.033759626701837
1,238,uncalibrated,442,-0.28079838911138,0.157073088660046,0.17002154304529,0.0308204739823705,0.156437705573799
1,238,offset,442,-0.28079838911138,0.124394433361492,0.141067887856314,0.0308204739823705,-0.124360683537582
1,239,uncalibrated,442,-0.109328585832806,0.157461029391445,0.170466041320552,0.0258146023686462,0.156825646305198
1,239,offset,442,-0.109328585832806,0.0680670829716446,0.0819777936881385,0.0258146023686462,0.0474970604723919
1,240,uncalibrated,442,-0.216815402020311,0.157217846549392,0.170233247697432,0.025236977745506,0.156582463463145
1,240,offset,442,-0.216815402020311,0.0713017216009647,0.0899405228173574,0.025236977745506,-0.0602329385571659
1,241,uncalibrated,442,-0.20404656795635,0.157246735314242,0.170268954316694,0.0259999166187121,0.156611352227996
1,241,offset,442,-0.20404656795635,0.0651528501410904,0.0819420578739319,0.0259999166187121,-0.0474352157283542
1,242,uncalibrated,442,-0.196154328736786,0.157264591059083,0.17028993713428,0.0254290302446815,0.156629207972836
1,242,offset,442,-0.196154328736786,0.0620674458260531,0.0776414133720132,0.0254290302446815,-0.0395251207639502
1,243,uncalibrated,442,-0.248047598788024,0.157147185470732,0.170136741771286,0.0283890724651177,0.156511802384485
1,243,offset,442,-0.248047598788024,0.0934655772293141,0.113266802895372,0.0283890724651177,-0.0915357964035387
1,244,uncalibrated,442,-0.161750185499773,0.157342428487221,0.170371714366276,0.0234888867712535,0.156707045400974
1,244,offset,442,-0.161750185499773,0.0564960911050445,0.0670436890382475,0.0234888867712535,-0.0050431400987984
1,245,uncalibrated,442,-0.240467177797822,0.157164335744465,0.170161361838375,0.027842437927617,0.156528952658218
1,245,offset,442,-0.240467177797822,0.0871154193924727,0.107234330706162,0.027842437927617,-0.0839382251396038
1,246,uncalibrated,442,-0.216909868346576,0.157217632824672,0.170232975430154,0.0257149607066227,0.156582249738425
1,246,offset,442,-0.216909868346576,0.0713510920112977,0.0900038141279992,0.0257149607066227,-0.0603276186081508
1,247,uncalibrated,442,-0.0560173568118884,0.157581643031764,0.170524526738984,0.0288600383854406,0.156946259945517
1,247,offset,442,-0.0560173568118884,0.104978958194409,0.120967471646001,0.0288600383854406,0.100928903133629
1,248,uncalibrated,442,-0.16431539794648,0.157336624839152,0.170366160625314,0.0258542753216897,0.156701241752905
1,248,offset,442,-0.16431539794648,0.0564727065223138,0.067285398816148,0.0258542753216897,-0.0076141561935757
1,249,uncalibrated,442,-0.258746610882439,0.157122979561016,0.170100686317444,0.029418207349435,0.156487596474769
1,249,offset,442,-0.258746610882439,0.103140829217963,0.122076949760564,0.029418207349435,-0.10225901440767
1,250,uncalibrated,442,-0.0864125534621445,0.157512875618528,0.170495805470567,0.0239642302148842,0.156877492532281
1,250,offset,442,-0.0864125534621445,0.080958475801417,0.0970751237856516,0.0239642302148842,0.0704649390701366
1,251,uncalibrated,442,-0.103309517804245,0.157474647192415,0.170474534482057,0.0241002800226108,0.156839264106168
1,251,offset,442,-0.103309517804245,0.0710120371855684,0.0856063425258779,0.0241002800226108,0.0535297463019228
1,252,uncalibrated,442,-0.130267938271087,0.157413655290906,0.170432745015969,0.0230747591694352,0.156778272204659
1,252,offset,442,-0.130267938271087,0.0604651263251603,0.0719075221619387,0.0230747591694352,0.0265103339335724
1,253,uncalibrated,442,-0.123616054558051,0.157428704801569,0.170443953848576,0.0208761994761716,0.156793321715322
1,253,offset,442,-0.123616054558051,0.0623499932184522,0.0746172012677775,0.0208761994761716,0.0331772671572705
1,254,uncalibrated,442,-0.0758707063226325,0.157536725951423,0.170507155840529,0.0277723965898137,0.156901342865176
1,254,offset,442,-0.0758707063226325,0.0886003049094879,0.104979154399437,0.0277723965898137,0.0810306365425434
1,255,uncalibrated,442,-0.28375023942659,0.157066410265667,0.170010455034726,0.030781422625666,0.15643102717942
1,255,offset,442,-0.28375023942659,0.127326248493566,0.143676965321326,0.030781422625666,-0.127319212247169
1,256,uncalibrated,442,-0.0724591382934199,0.157544444431127,0.170510513088553,0.0271792778887321,0.15690906134488
1,256,offset,442,-0.0724591382934199,0.0913079836974099,0.107634432432136,0.0271792778887321,0.0844499230514601
1,257,uncalibrated,442,-0.0329039157398913,0.157633935884868,0.170538160440993,0.0272690518587907,0.156998552798621
1,257,offset,442,-0.0329039157398913,0.125897622742519,0.140833936011439,0.0272690518587907,0.12409463705873
1,258,uncalibrated,442,-0.210985518090177,0.157231036332039,0.170249820037403,0.0265323068158417,0.156595653245792
1,258,offset,442,-0.210985518090177,0.0683236529760845,0.086145574495049,0.0265323068158417,-0.0543898648443851
1,259,uncalibrated,442,-0.0600646419839139,0.157572486277981,0.170521410049509,0.0263501193866351,0.156937103191734
1,259,offset,442,-0.0600646419839139,0.101556023406802,0.117611949509905,0.0263501193866351,0.0968724612078201
1,260,uncalibrated,442,-0.239982955510668,0.157165431270002,0.170162908438004,0.0280003067046859,0.156530048183755
1,260,offset,442,-0.239982955510668,0.0867345761714975,0.106855730613693,0.0280003067046859,-0.083452907326913
1,261,uncalibrated,442,-0.242319701418344,0.157160144514555,0.170155415993385,0.0275068972918484,0.156524761428308
1,261,offset,442,-0.242319701418344,0.088600779440704,0.108690553313465,0.0275068972918484,-0.0857949399900364
1,262,uncalibrated,442,-0.250840892732241,0.157140865801175,0.170127476000019,0.0280270553148344,0.156505482714928
1,262,offset,442,-0.250840892732241,0.095949207365236,0.115535975148172,0.0280270553148344,-0.0943354100173133
1,263,uncalibrated,442,-0.0651038010875983,0.157561085465529,0.170517225708514,0.026931217298969,0.156925702379282
1,263,offset,442,-0.0651038010875983,0.097344785962919,0.113497620031951,0.026931217298969,0.091821901291684
1,264,uncalibrated,442,-0.28079838911138,0.157073088660046,0.17002154304529,0.0308204739823705,0.156437705573799
1,264,offset,442,-0.28079838911138,0.124394433361492,0.141067887856314,0.0308204739823705,-0.124360683537582
1,265,uncalibrated,442,-0.258746610882439,0.157122979561016,0.170100686317444,0.029418207349435,0.156487596474769
1,265,offset,442,-0.258746610882439,0.103140829217963,0.122076949760564,0.029418207349435,-0.10225901440767
1,266,uncalibrated,442,-0.154966591215269,0.157357775985602,0.170385979077863,0.0237338196230001,0.156722392899355
1,266,offset,442,-0.154966591215269,0.0567265603478807,0.0668771730097494,0.0237338196230001,0.00175580168408664
1,267,uncalibrated,442,-0.123093698956762,0.157429886601572,0.1704448091469,0.0255648741984264,0.156794503515325
1,267,offset,442,-0.123093698956762,0.0625213542188753,0.0748509242454643,0.0255648741984264,0.033700804558563
1,268,uncalibrated,442,-0.250840892732241,0.157140865801175,0.170127476000019,0.0280270553148344,0.156505482714928
1,268,offset,442,-0.250840892732241,0.095949207365236,0.115535975148172,0.0280270553148344,-0.0943354100173133
1,269,uncalibrated,442,-0.121059914732145,0.157434487923347,0.17044810469601,0.0259901896924373,0.1567991048371
1,269,offset,442,-0.121059914732145,0.0632333956483755,0.0757884346460881,0.0259901896924373,0.035739190104955
1,270,uncalibrated,442,-0.148096591583175,0.157373318971195,0.170399801563869,0.0238702176905117,0.156737935884948
1,270,offset,442,-0.148096591583175,0.0572247966685984,0.0674090843942687,0.0238702176905117,0.00864134430177373
1,271,uncalibrated,442,-0.113951464535739,0.157450570389855,0.170459191471443,0.020418853242539,0.156815187303608
1,271,offset,442,-0.113951464535739,0.0660532362454515,0.07938911586328,0.020418853242539,0.0428637227678689
1,272,uncalibrated,442,-0.165762455065224,0.157333350954268,0.170362989083065,0.0250896706119733,0.156697967868021
1,272,offset,442,-0.165762455065224,0.0564831544177885,0.0674645080282789,0.0250896706119733,-0.00906448719720367
1,273,uncalibrated,442,-0.211510772561975,0.157229847973506,0.170248345500612,0.0264250236743465,0.156594464887259
1,273,offset,442,-0.211510772561975,0.0685838746187185,0.0864781681176979,0.0264250236743465,-0.0549163076747166
1,274,uncalibrated,442,-0.244579870448581,0.157155031009961,0.170148099691664,0.0283625293872831,0.156519647923714
1,274,offset,442,-0.244579870448581,0.0904720977679387,0.110483385328519,0.0283625293872831,-0.0880602225248668
1,275,uncalibrated,442,-0.256762778762254,0.15712746786898,0.170107487344222,0.0292485956923816,0.156492084782733
1,275,offset,442,-0.256762778762254,0.101314087876525,0.120420084379861,0.0292485956923816,-0.10027069397952
1,276,uncalibrated,442,-0.197430880269639,0.157261702933443,0.1702865994894,0.0261751565139302,0.156626319847196
1,276,offset,442,-0.197430880269639,0.0625131182128615,0.078299004131955,0.0261751565139302,-0.0408045604224432
1,277,uncalibrated,442,-0.080992812488755,0.157525137475934,0.170501825162617,0.0279605615724309,0.156889754389687
1,277,offset,442,-0.080992812488755,0.0847608618693312,0.101078302029866,0.0279605615724309,0.0758969419009319
1,278,uncalibrated,442,-0.227040431682621,0.15719471299812,0.170203086517046,0.0272814886359216,0.156559329911873
1,278,offset,442,-0.227040431682621,0.0773180154695424,0.0970868301279474,0.0272814886359216,-0.0704811017707483
1,279,uncalibrated,442,-0.260869303562117,0.15711817708889,0.170093350971518,0.0294530190824067,0.156482794002643
1,279,offset,442,-0.260869303562117,0.105111704225538,0.123860512690108,0.0294530190824067,-0.104386509559474
1,280,uncalibrated,442,-0.242560420772314,0.157159599900632,0.170154640017298,0.0278623799782414,0.156524216814385
1,280,offset,442,-0.242560420772314,0.0887973850669106,0.108880666151297,0.0278623799782414,-0.0860362039579297
1,281,uncalibrated,442,-0.212105311676533,0.157228502862387,0.170246672023246,0.0256288008238036,0.15659311977614
1,281,offset,442,-0.212105311676533,0.0688811441759972,0.0868569376811784,0.0256288008238036,-0.0555121919003929
1,282,uncalibrated,442,-0.217885575324868,0.157215425342821,0.170230156320061,0.0267477791626764,0.156580042256574
1,282,offset,442,-0.217885575324868,0.0718709929736983,0.0906607129492694,0.0267477791626764,-0.0613055330682944
1,283,uncalibrated,442,-0.260869303562117,0.15711817708889,0.170093350971518,0.0294530190824067,0.156482794002643
1,283,offset,442,-0.260869303562117,0.105111704225538,0.123860512690108,0.0294530190824067,-0.104386509559474
1,284,uncalibrated,442,-0.146596530243049,0.157376712775132,0.170402736197759,0.0260964314882729,0.156741329688885
1,284,offset,442,-0.146596530243049,0.0573779914738621,0.0676177863201649,0.0260964314882729,0.0101447994458363
1,285,uncalibrated,442,-0.123093698956762,0.157429886601572,0.1704448091469,0.0255648741984264,0.156794503515325
1,285,offset,442,-0.123093698956762,0.0625213542188753,0.0748509242454643,0.0255648741984264,0.033700804558563
1,286,uncalibrated,442,-0.116274321687779,0.157445315056932,0.170455642452645,0.0214078948283559,0.156809931970685
1,286,offset,442,-0.116274321687779,0.0651085522492909,0.0781594970576251,0.0214078948283559,0.0405356102829053
1,287,uncalibrated,442,-0.0815790140445326,0.15752381122807,0.170501192879247,0.0278463985439431,0.156888428141823
1,287,offset,442,-0.0815790140445326,0.0843375340464005,0.100638887812372,0.0278463985439431,0.0753094140972906
1,288,uncalibrated,442,-0.274209798185925,0.157087994974357,0.170045870946597,0.0297473543779913,0.15645261188811
1,288,offset,442,-0.274209798185925,0.117885277850955,0.135295725668454,0.0297473543779913,-0.117757186297816
1,289,uncalibrated,442,-0.237612935365638,0.157170793306529,0.17017043308017,0.0251704810819255,0.156535410220282
1,289,offset,442,-0.237612935365638,0.0849089714613928,0.105015269011494,0.0251704810819255,-0.0810775251453558
1,290,uncalibrated,442,-0.195984263960653,0.15726497582102,0.170290380142865,0.0244563194222797,0.156629592734773
1,290,offset,442,-0.195984263960653,0.0620101162974469,0.077554976605229,0.0244563194222797,-0.0393546712258797
1,291,uncalibrated,442,-0.210985518090177,0.157231036332039,0.170249820037403,0.0265323068158417,0.156595653245792
1,291,offset,442,-0.210985518090177,0.0683236529760845,0.086145574495049,0.0265323068158417,-0.0543898648443851
1,292,uncalibrated,442,-0.269032213674243,0.157099708966464,0.170064581140889,0.0303848051308584,0.156464325880217
1,292,offset,442,-0.269032213674243,0.112835333371051,0.130814394650908,0.0303848051308584,-0.112567887794025
1,293,uncalibrated,442,-0.220361182438801,0.157209824421748,0.17022294655907,0.0261211652466551,0.156574441335501
1,293,offset,442,-0.220361182438801,0.0732359661994671,0.0923528245172129,0.0261211652466551,-0.0637867411032999
1,294,uncalibrated,442,-0.107040489571479,0.157466206079819,0.170469326621469,0.0246433716880675,0.156830822993572
1,294,offset,442,-0.107040489571479,0.0691427359362109,0.0833244356729719,0.0246433716880675,0.049790333422093
1,295,uncalibrated,442,-0.22138367952835,0.157207511079917,0.170219944860712,0.0233752796187413,0.15657212799367
1,295,offset,442,-0.22138367952835,0.0738213566916511,0.0930619985614447,0.0233752796187413,-0.0648115515346799
1,296,uncalibrated,442,-0.173512602422355,0.157315816684229,0.170345528584819,0.0261308263142629,0.156680433597982
1,296,offset,442,-0.173512602422355,0.0569934614074555,0.0689359321669176,0.0261308263142629,-0.0168321688243734
1,297,uncalibrated,442,-0.165999107621908,0.157332815541243,0.170362467755827,0.0256701414239656,0.156697432454997
1,297,offset,442,-0.165999107621908,0.056487973135006,0.0674967128294233,0.0256701414239656,-0.0093016751669111
1,298,uncalibrated,442,-0.13086991141051,0.157412293360726,0.170431701634877,0.0253011814206872,0.156776910274479
1,298,offset,442,-0.13086991141051,0.0603176282490564,0.071687780807369,0.0253011814206872,0.0259069988639696
1,299,uncalibrated,442,-0.170518636318992,0.157322590363196,0.170352368536534,0.0257405310006117,0.156687207276949
1,299,offset,442,-0.170518636318992,0.0567142602376886,0.0682668072426318,0.0257405310006117,-0.0138314290420431
1,300,uncalibrated,442,-0.148096591583175,0.157373318971195,0.170399801563869,0.0238702176905117,0.156737935884948
1,300,offset,442,-0.148096591583175,0.0572247966685984,0.0674090843942687,0.0238702176905117,0.00864134430177373
1,301,uncalibrated,442,-0.0843570876022766,0.157517525993777,0.1704981343768,0.0276686572007466,0.15688214290753
1,301,offset,442,-0.0843570876022766,0.0823734659776212,0.0985773336510016,0.0276686572007466,0.0725250553052531
1,302,uncalibrated,442,-0.0817211232027409,0.157523489714138,0.170501038911723,0.0254306310385039,0.156888106627891
1,302,offset,442,-0.0817211232027409,0.0842356141297669,0.100532590068739,0.0254306310385039,0.0751669834251496
1,303,uncalibrated,442,-0.180338176282561,0.157300374209432,0.170329488865285,0.0244789018837883,0.156664991123185
1,303,offset,442,-0.180338176282561,0.0579923974498817,0.0709128692768225,0.0244789018837883,-0.0236731851593757
1,304,uncalibrated,442,-0.194209600287967,0.157268990897203,0.170294980041375,0.0262210171913031,0.156633607810956
1,304,offset,442,-0.194209600287967,0.0614291576549939,0.0766697355026642,0.0262210171913031,-0.0375759924770115
1,305,uncalibrated,442,-0.239078918506959,0.15716747660259,0.170165787539514,0.0272585596997513,0.156532093516343
1,305,offset,442,-0.239078918506959,0.0860317016095687,0.106151200013779,0.0272585596997513,-0.0825468249906161
1,306,uncalibrated,442,-0.0130746733506568,0.15767879842421,0.170544208001502,0.0303505503295018,0.157043415337963
1,306,offset,442,-0.0130746733506568,0.144891391646639,0.158586541835224,0.0303505503295018,0.143968741987306
1,307,uncalibrated,442,-0.148923597914085,0.157371447916148,0.170398170858379,0.0259977635026048,0.156736064829901
1,307,offset,442,-0.148923597914085,0.0571480834116587,0.0673080771737619,0.0259977635026048,0.00781246691581594
1,308,uncalibrated,442,-0.120096212353732,0.15743666824547,0.170449647088227,0.0227009325758475,0.156801285159223
1,308,offset,442,-0.120096212353732,0.0635964467452,0.0762476329768574,0.0227009325758475,0.0367050728054912
1,309,uncalibrated,442,-0.0857896921629711,0.157514284806988,0.170496517115379,0.027083250313948,0.156878901720741
1,309,offset,442,-0.0857896921629711,0.0813838406906059,0.0975281921237,0.027083250313948,0.0710892095577697
1,310,uncalibrated,442,-0.240892865169218,0.157163372650865,0.170159999611876,0.0281357319892403,0.156527989564618
1,310,offset,442,-0.240892865169218,0.08745352641458,0.107567867816333,0.0281357319892403,-0.0843648756045999
1,311,uncalibrated,442,-0.22400442298393,0.157201581796081,0.170212187565717,0.0267427058652947,0.156566198709834
1,311,offset,442,-0.22400442298393,0.0753802447142466,0.0949058918650635,0.0267427058652947,-0.0674382242740962
1,312,uncalibrated,442,-0.0710613558468434,0.157547606834852,0.170511843997615,0.0283434906351189,0.156912223748605
1,312,offset,442,-0.0710613558468434,0.0924321399400045,0.108734605812595,0.0283434906351189,0.0858508679017619
1,313,uncalibrated,442,-0.142250362401699,0.157386545734049,0.170411069837942,0.0250115700374022,0.156751162647802
1,313,offset,442,-0.142250362401699,0.0579657963833627,0.0684052552049283,0.0250115700374022,0.0145008002461031
1,314,uncalibrated,442,-0.24355858344514,0.157157341614042,0.17015141410928,0.0283407797551127,0.156521958527795
1,314,offset,442,-0.24355858344514,0.0896208947217774,0.109671118800776,0.0283407797551127,-0.0870366249173454
1,315,uncalibrated,442,-0.26917704975438,0.157099381283025,0.170064062624541,0.0296787742129952,0.156463998196778
1,315,offset,442,-0.26917704975438,0.1129752541996,0.130939049393483,0.0296787742129952,-0.112713051557602
1,316,uncalibrated,442,-0.0415454403882345,0.157614384924125,0.170533892848779,0.0250718825807543,0.156979001837878
1,316,offset,442,-0.0415454403882345,0.117896189792721,0.133282814725271,0.0250718825807543,0.115433561449644
1,317,uncalibrated,442,-0.168537112606466,0.157327073448518,0.170356829865605,0.0242998403351497,0.156691690362271
1,317,offset,442,-0.168537112606466,0.0565714537650144,0.0678931342730321,0.0242998403351497,-0.0118454222441947
1,318,uncalibrated,442,-0.142822590316644,0.157385251100758,0.170409986967832,0.0261641093883016,0.156749868014511
1,318,offset,442,-0.142822590316644,0.0578748596634525,0.068286247516492,0.0261641093883016,0.013927277697867
1,319,uncalibrated,442,-0.205463375251907,0.157243529867872,0.170265099600416,0.0263321923864222,0.156608146781625
1,319,offset,442,-0.205463375251907,0.0657690198977383,0.0827703198764383,0.0263321923864222,-0.0488552284702818
1,320,uncalibrated,442,-0.0742549311523051,0.157540381551356,0.170508765147416,0.0272875347349792,0.156904998465109
1,320,offset,442,-0.0742549311523051,0.0898737871381645,0.106231323420035,0.0272875347349792,0.0826500673128036
1,321,uncalibrated,442,-0.0948339194331314,0.15749382275434,0.170485678045473,0.0268609684749938,0.156858439668093
1,321,offset,442,-0.0948339194331314,0.0756578127251172,0.0911473391487276,0.0268609684749938,0.062024520234962
1,322,uncalibrated,442,-0.185101902315018,0.157289596548725,0.170317926795547,0.0248252821010809,0.156654213462478
1,322,offset,442,-0.185101902315018,0.0589762098582095,0.072642443470995,0.0248252821010809,-0.0284476888525399
1,323,uncalibrated,442,-0.0356040961369631,0.157627826879445,0.1705369333921,0.0295507142851175,0.156992443793198
1,323,offset,442,-0.0356040961369631,0.123377216935998,0.138460641300451,0.0295507142851175,0.121388347656235
1,324,uncalibrated,442,-0.211510772561975,0.157229847973506,0.170248345500612,0.0264250236743465,0.156594464887259
1,324,offset,442,-0.211510772561975,0.0685838746187185,0.0864781681176979,0.0264250236743465,-0.0549163076747166
1,325,uncalibrated,442,-0.22671926793046,0.157195439612944,0.170204055088159,0.0271571123342052,0.156560056526697
1,325,offset,442,-0.22671926793046,0.0771065705557893,0.0968539313275857,0.0271571123342052,-0.0701592114037633
1,326,uncalibrated,442,-0.121228364923032,0.157434106814318,0.170447833826691,0.0243370789523514,0.156798723728071
1,326,offset,442,-0.121228364923032,0.063171274876623,0.0757091455438403,0.0243370789523514,0.0355703588050385
1,327,uncalibrated,442,-0.194209600287967,0.157268990897203,0.170294980041375,0.0262210171913031,0.156633607810956
1,327,offset,442,-0.194209600287967,0.0614291576549939,0.0766697355026642,0.0262210171913031,-0.0375759924770115
1,328,uncalibrated,442,-0.0843570876022766,0.157517525993777,0.1704981343768,0.0276686572007466,0.15688214290753
1,328,offset,442,-0.0843570876022766,0.0823734659776212,0.0985773336510016,0.0276686572007466,0.0725250553052531
1,329,uncalibrated,442,-0.0948339194331314,0.15749382275434,0.170485678045473,0.0268609684749938,0.156858439668093
1,329,offset,442,-0.0948339194331314,0.0756578127251172,0.0911473391487276,0.0268609684749938,0.062024520234962
1,330,uncalibrated,442,-0.212105311676533,0.157228502862387,0.170246672023246,0.0256288008238036,0.15659311977614
1,330,offset,442,-0.212105311676533,0.0688811441759972,0.0868569376811784,0.0256288008238036,-0.0555121919003929
1,331,uncalibrated,442,-0.122362926292807,0.157431539933391,0.170445999619738,0.0233383138663642,0.156796156847144
1,331,offset,442,-0.122362926292807,0.0627685557476398,0.0751827862661771,0.0233383138663642,0.0344332305543366
1,332,uncalibrated,442,-0.219720952707526,0.157211272905303,0.170224818951255,0.0262090658578279,0.156575889819056
1,332,offset,442,-0.219720952707526,0.0728777955667951,0.0919117983805514,0.0262090658578279,-0.0631450628884694
1,333,uncalibrated,442,0.0845516858481706,0.157517085726252,0.170497916294956,0.0326627164499894,0.157264289453798
1,333,offset,442,0.0845516858481706,0.239404987860708,0.247795249564065,0.0326282784865954,0.239404987860708
1,334,uncalibrated,442,-0.152570592191757,0.157363196797873,0.170390871139447,0.0239547108388021,0.156727813711626
1,334,offset,442,-0.152570592191757,0.0568656065891864,0.0669830117835756,0.0239547108388021,0.00415722151986854
1,335,uncalibrated,442,-0.100416396994449,0.157481192714609,0.17047844555653,0.0269654046071219,0.156845809628362
1,335,offset,442,-0.100416396994449,0.0725235737950651,0.0874446740036397,0.0269654046071219,0.0564294126339125
1,336,uncalibrated,442,-0.196603507475836,0.157263574817592,0.170288765197202,0.0244831404381022,0.156628191731345
1,336,offset,442,-0.196603507475836,0.062222818849154,0.0778710406777038,0.0244831404381022,-0.0399753157444911
1,337,uncalibrated,442,-0.113159772006535,0.157452361549423,0.170460384692639,0.0264465638684008,0.156816978463176
1,337,offset,442,-0.113159772006535,0.06638818308473,0.0798193566175529,0.0264465638684008,0.0436572064566408
1,338,uncalibrated,442,-0.0130746733506568,0.15767879842421,0.170544208001502,0.0303505503295018,0.157043415337963
1,338,offset,442,-0.0130746733506568,0.144891391646639,0.158586541835224,0.0303505503295018,0.143968741987306
1,339,uncalibrated,442,-0.148096591583175,0.157373318971195,0.170399801563869,0.0238702176905117,0.156737935884948
1,339,offset,442,-0.148096591583175,0.0572247966685984,0.0674090843942687,0.0238702176905117,0.00864134430177373
1,340,uncalibrated,442,-0.135584698670208,0.157401626421225,0.170423363031464,0.024508779365984,0.156766243334978
1,340,offset,442,-0.135584698670208,0.0592503203897868,0.0701222179624856,0.024508779365984,0.0211815446647697
1,341,uncalibrated,442,-0.222408409411005,0.157205192686517,0.170216922612689,0.0268109405704034,0.15656980960027
1,341,offset,442,-0.222408409411005,0.0744198290763671,0.0937785513350863,0.0268109405704034,-0.0658385998107348
1,342,uncalibrated,442,-0.142250362401699,0.157386545734049,0.170411069837942,0.0250115700374022,0.156751162647802
1,342,offset,442,-0.142250362401699,0.0579657963833627,0.0684052552049283,0.0250115700374022,0.0145008002461031
1,343,uncalibrated,442,-0.163870825780775,0.157337630658531,0.170367129406685,0.0247512116273329,0.156702247572284
1,343,offset,442,-0.163870825780775,0.0564737123416932,0.0672365443906803,0.0247512116273329,-0.00716857820849113
1,344,uncalibrated,442,-0.173837397233445,0.15731508185434,0.170344779390739,0.0221171238324788,0.156679698768093
1,344,offset,442,-0.173837397233445,0.05702783215295,0.0690159581274302,0.0221171238324788,-0.0171576984653526
1,345,uncalibrated,442,-0.0564616812368278,0.157580637772884,0.170524195201158,0.0280003761891829,0.156945254686637
1,345,offset,442,-0.0564616812368278,0.104599975596667,0.120597001262852,0.0280003761891829,0.100483573449809
1,346,uncalibrated,442,-0.129230711016854,0.157416001958902,0.170434531509473,0.0259780993899681,0.156780618872655
1,346,offset,442,-0.129230711016854,0.0607282170555258,0.0722963657428509,0.0259780993899681,0.0275499078558013
1,347,uncalibrated,442,-0.22347920268115,0.157202770077309,0.17021374953951,0.0266545309677703,0.156567386991062
1,347,offset,442,-0.22347920268115,0.0750603845224519,0.094533406486991,0.0266545309677703,-0.0669118156900884
1,348,uncalibrated,442,-0.108836658011494,0.157462142350317,0.1704667535106,0.0237975369067026,0.15682675926407
1,348,offset,442,-0.108836658011494,0.0682952395403527,0.0822637918491827,0.0237975369067026,0.0479901012525758
1,349,uncalibrated,442,-0.163121765614813,0.157339325364789,0.170368755758399,0.023464845135309,0.156703942278542
1,349,offset,442,-0.163121765614813,0.0564787964604667,0.0671608209405154,0.023464845135309,-0.00641782333627108
1,350,uncalibrated,442,-0.181825533338435,0.15729700914822,0.170325911340751,0.0254439016934404,0.156661626061973
1,350,offset,442,-0.181825533338435,0.058273362448634,0.071423198073837,0.0254439016934404,-0.0251639072764627
1,351,uncalibrated,442,-0.233868703489321,0.157179264419371,0.170182167893286,0.025300139153233,0.156543881333125
1,351,offset,442,-0.233868703489321,0.0821328531878528,0.102152394037078,0.025300139153233,-0.0773248221561967
1,352,uncalibrated,442,-0.149727636753449,0.157369628823751,0.170396576719402,0.0252004280245886,0.156734245737504
1,352,offset,442,-0.149727636753449,0.0570807583765995,0.0672195071407261,0.0252004280245886,0.00700660898405566
1,353,uncalibrated,442,-0.0610232624522141,0.157570317453392,0.170520640002459,0.0274945985358884,0.156934934367145
1,353,offset,442,-0.0610232624522141,0.100751389484314,0.116823644231574,0.0274945985358884,0.095911671914931
1,354,uncalibrated,442,-0.130267938271087,0.157413655290906,0.170432745015969,0.0230747591694352,0.156778272204659
1,354,offset,442,-0.130267938271087,0.0604651263251603,0.0719075221619387,0.0230747591694352,0.0265103339335724
1,355,uncalibrated,442,-0.113159772006535,0.157452361549423,0.170460384692639,0.0264465638684008,0.156816978463176
1,355,offset,442,-0.113159772006535,0.06638818308473,0.0798193566175529,0.0264465638684008,0.0436572064566408
1,356,uncalibrated,442,-0.221171683550999,0.157207990708825,0.170220568353914,0.0267180388697347,0.156572607622578
1,356,offset,442,-0.221171683550999,0.0736990513201025,0.0929144824222882,0.0267180388697347,-0.0645990759284209
1,357,uncalibrated,442,-0.229550030043517,0.157189035173774,0.170195470619782,0.027241951958531,0.156553652087527
1,357,offset,442,-0.229550030043517,0.0790296387932004,0.0989238264132593,0.027241951958531,-0.0729963779559904
1,358,uncalibrated,442,-0.107210395022627,0.157465821678346,0.170469085057736,0.0262574270677046,0.156830438592099
1,358,offset,442,-0.107210395022627,0.0690608584224224,0.0832230209453352,0.0262574270677046,0.0496200435694719
1,359,uncalibrated,442,-0.180338176282561,0.157300374209432,0.170329488865285,0.0244789018837883,0.156664991123185
1,359,offset,442,-0.180338176282561,0.0579923974498817,0.0709128692768225,0.0244789018837883,-0.0236731851593757
1,360,uncalibrated,442,-0.0834194823581726,0.157519647272609,0.17049917808264,0.027534830059622,0.156884264186362
1,360,offset,442,-0.0834194823581726,0.0830289411369608,0.0992691872970817,0.027534830059622,0.0734647818281898
1,361,uncalibrated,442,-0.252229240781048,0.157137724742241,0.170122831851576,0.0271685772762019,0.156502341655994
1,361,offset,442,-0.252229240781048,0.0971944905669643,0.116672336864779,0.0271685772762019,-0.0957268991250541
1,362,uncalibrated,442,-0.184580929466038,0.157290775220329,0.170319205970994,0.0228396236317585,0.156655392134082
1,362,offset,442,-0.184580929466038,0.0588572583335316,0.0724400143096697,0.0228396236317585,-0.0279255373319555
1,363,uncalibrated,442,-0.0937506693906227,0.157496273546292,0.170487033525184,0.0244808474497029,0.156860890460045
1,363,offset,442,-0.0937506693906227,0.0762917498790332,0.0918879189432999,0.0244808474497029,0.063110221069422
1,364,uncalibrated,442,-0.240892865169218,0.157163372650865,0.170159999611876,0.0281357319892403,0.156527989564618
1,364,offset,442,-0.240892865169218,0.08745352641458,0.107567867816333,0.0281357319892403,-0.0843648756045999
1,365,uncalibrated,442,-0.181825533338435,0.15729700914822,0.170325911340751,0.0254439016934404,0.156661626061973
1,365,offset,442,-0.181825533338435,0.058273362448634,0.071423198073837,0.0254439016934404,-0.0251639072764627
1,366,uncalibrated,442,-0.245756832189262,0.157152368200593,0.170144262775797,0.028613784334142,0.156516985114346
1,366,offset,442,-0.245756832189262,0.0914675040737542,0.111423757934244,0.028613784334142,-0.0892398470749156
1,367,uncalibrated,442,-0.244579870448581,0.157155031009961,0.170148099691664,0.0283625293872831,0.156519647923714
1,367,offset,442,-0.244579870448581,0.0904720977679387,0.110483385328519,0.0283625293872831,-0.0880602225248668
1,368,uncalibrated,442,-0.0879330453862703,0.15750943559155,0.17049404661012,0.0222366371672317,0.156874052505303
1,368,offset,442,-0.0879330453862703,0.0799404444007602,0.0959771537536086,0.0222366371672317,0.068941007119033
1,369,uncalibrated,442,-0.193989936958141,0.157269487873062,0.170295546486369,0.0258161301306661,0.156634104786815
1,369,offset,442,-0.193989936958141,0.0613608269025642,0.076562318198552,0.0258161301306661,-0.0373558321713265
1,370,uncalibrated,442,-0.161750185499773,0.157342428487221,0.170371714366276,0.0234888867712535,0.156707045400974
1,370,offset,442,-0.161750185499773,0.0564960911050445,0.0670436890382475,0.0234888867712535,-0.0050431400987984
1,371,uncalibrated,442,-0.178359491934101,0.157304850870854,0.170334202511189,0.0247906788216001,0.156669467784607
1,371,offset,442,-0.178359491934101,0.0576510233042808,0.0702771339541983,0.0247906788216001,-0.0216900241494937
1,372,uncalibrated,442,-0.080007027258822,0.15752736775926,0.170502878154715,0.0271591273846167,0.156891984673013
1,372,offset,442,-0.080007027258822,0.0854851509469368,0.101820593599658,0.0271591273846167,0.0768849574141905
1,373,uncalibrated,442,-0.0780587556759803,0.157531775613519,0.170504921307206,0.0271572513031991,0.156896392527272
1,373,offset,442,-0.0780587556759803,0.0869268956031994,0.103299676602595,0.0271572513031991,0.0788376368512921
1,374,uncalibrated,442,-0.20404656795635,0.157246735314242,0.170268954316694,0.0259999166187121,0.156611352227996
1,374,offset,442,-0.20404656795635,0.0651528501410904,0.0819420578739319,0.0259999166187121,-0.0474352157283542
1,375,uncalibrated,442,-0.143316245136765,0.157384134234649,0.170409049289082,0.0260090199911106,0.156748751148402
1,375,offset,442,-0.143316245136765,0.0578007567001606,0.0681872811510911,0.0260090199911106,0.013432506011637
1,376,uncalibrated,442,-0.143478417007703,0.157383767329963,0.170408740542566,0.0252781811739736,0.156748384243716
1,376,offset,442,-0.143478417007703,0.0577776417049816,0.0681555201046304,0.0252781811739736,0.0132699672360131
1,377,uncalibrated,442,-0.116274321687779,0.157445315056932,0.170455642452645,0.0214078948283559,0.156809931970685
1,377,offset,442,-0.116274321687779,0.0651085522492909,0.0781594970576251,0.0214078948283559,0.0405356102829053
1,378,uncalibrated,442,-0.0930634379292682,0.157497828368602,0.170487885384737,0.027120355035319,0.156862445282355
1,378,offset,442,-0.0930634379292682,0.0767055277001097,0.0923612779374486,0.027120355035319,0.0637990073530872
1,379,uncalibrated,442,-0.195984263960653,0.15726497582102,0.170290380142865,0.0244563194222797,0.156629592734773
1,379,offset,442,-0.195984263960653,0.0620101162974469,0.077554976605229,0.0244563194222797,-0.0393546712258797
1,380,uncalibrated,442,-0.162143351663864,0.157341538971013,0.170370868834883,0.0222408062370487,0.156706155884766
1,380,offset,442,-0.162143351663864,0.056489864491586,0.0670744120608801,0.0222408062370487,-0.00543719577909855
1,381,uncalibrated,442,-0.177834170376284,0.157306039381166,0.170335445180865,0.0255517371903231,0.156670656294919
1,381,offset,442,-0.177834170376284,0.0575690160927665,0.0701167859314368,0.0255517371903231,-0.0211635140813652
1,382,uncalibrated,442,-0.170518636318992,0.157322590363196,0.170352368536534,0.0257405310006117,0.156687207276949
1,382,offset,442,-0.170518636318992,0.0567142602376886,0.0682668072426318,0.0257405310006117,-0.0138314290420431
1,383,uncalibrated,442,-0.0758707063226325,0.157536725951423,0.170507155840529,0.0277723965898137,0.156901342865176
1,383,offset,442,-0.0758707063226325,0.0886003049094879,0.104979154399437,0.0277723965898137,0.0810306365425434
1,384,uncalibrated,442,-0.235881922470896,0.157174709625296,0.17017588152112,0.0269760347979443,0.156539326539049
1,384,offset,442,-0.235881922470896,0.0836144222071611,0.103684701993089,0.0269760347979443,-0.0793425959318472
1,385,uncalibrated,442,-0.109573424854484,0.157460475457007,0.170465685655905,0.0261967671018678,0.15682509237076
1,385,offset,442,-0.109573424854484,0.0679546342806929,0.0818361807033357,0.0261967671018678,0.0472516675162756
1,386,uncalibrated,442,-0.169490606007388,0.157324916223629,0.170354689633279,0.0259847699016753,0.156689533137382
1,386,offset,442,-0.169490606007388,0.0566335220665268,0.0680659823396622,0.0259847699016753,-0.0128010728700054
1,387,uncalibrated,442,-0.173964490658596,0.157314794312654,0.170344485846001,0.0259348105483686,0.156679411226407
1,387,offset,442,-0.173964490658596,0.0570424967789289,0.0690476641665879,0.0259348105483686,-0.0172850794321894
1,388,uncalibrated,442,0.0845516858481706,0.157517085726252,0.170497916294956,0.0326627164499894,0.157264289453798
1,388,offset,442,0.0845516858481706,0.239404987860708,0.247795249564065,0.0326282784865954,0.239404987860708
1,389,uncalibrated,442,-0.223928409208939,0.157201753772947,0.17021241385396,0.0259491938392372,0.1565663706867
1,389,offset,442,-0.223928409208939,0.0753336389834267,0.09485189314852,0.0259491938392372,-0.0673620385222391
1,390,uncalibrated,442,-0.242319701418344,0.157160144514555,0.170155415993385,0.0275068972918484,0.156524761428308
1,390,offset,442,-0.242319701418344,0.088600779440704,0.108690553313465,0.0275068972918484,-0.0857949399900364
1,391,uncalibrated,442,-0.044281951212507,0.157608193723165,0.170532334867994,0.0292866037122129,0.156972810636918
1,391,offset,442,-0.044281951212507,0.115401135805885,0.130919989894928,0.0292866037122129,0.112690859424411
1,392,uncalibrated,442,-0.222725764120496,0.157204474689437,0.17021598379323,0.0240249588305345,0.15656909160319
1,392,offset,442,-0.222725764120496,0.0746086623084854,0.094001627708308,0.0240249588305345,-0.0661566725173066
1,393,uncalibrated,442,-0.222011962362207,0.157206089625541,0.170218093520368,0.0269264932888302,0.156570706539294
1,393,offset,442,-0.222011962362207,0.0741866704660883,0.093500648014732,0.0269264932888302,-0.0654412558229122
1,394,uncalibrated,442,-0.251220392838431,0.15714000720365,0.17012620909654,0.0275768681802764,0.156504624117403
1,394,offset,442,-0.251220392838431,0.0962883533877361,0.11584604652661,0.0275768681802764,-0.0947157687210287
1,395,uncalibrated,442,-0.193989936958141,0.157269487873062,0.170295546486369,0.0258161301306661,0.156634104786815
1,395,offset,442,-0.193989936958141,0.0613608269025642,0.076562318198552,0.0258161301306661,-0.0373558321713265
1,396,uncalibrated,442,-0.204727519940926,0.157245194698893,0.170267104986448,0.0256947416114085,0.156609811612646
1,396,offset,442,-0.204727519940926,0.065444377848776,0.0823381309107952,0.0256947416114085,-0.0481177083282802
1,397,uncalibrated,442,-0.107040489571479,0.157466206079819,0.170469326621469,0.0246433716880675,0.156830822993572
1,397,offset,442,-0.107040489571479,0.0691427359362109,0.0833244356729719,0.0246433716880675,0.049790333422093
1,398,uncalibrated,442,-0.158984749028306,0.157348685130822,0.170377603517246,0.0244011487317019,0.156713302044575
1,398,offset,442,-0.158984749028306,0.0565669209445143,0.0668926618842865,0.0244011487317019,-0.00227144698373148
1,399,uncalibrated,442,-0.0845920805267307,0.157516994335576,0.17049787096254,0.0235927660941928,0.15688161124933
1,399,offset,442,-0.0845920805267307,0.0822102469101836,0.0984045746226596,0.0235927660941928,0.0722895307225988
1,400,uncalibrated,442,-0.16544624568651,0.157334066360102,0.170363684504514,0.0257747182673973,0.156698683273855
1,400,offset,442,-0.16544624568651,0.056478791922799,0.0674227521416692,0.0257747182673973,-0.00874756241265546
1,401,uncalibrated,442,-0.127666720695391,0.157419540398543,0.170437198248826,0.0259569761028955,0.156784157312296
1,401,offset,442,-0.127666720695391,0.06113653203826,0.0729067327338317,0.0259569761028955,0.0291174366169052
1,402,uncalibrated,442,-0.1257438016599,0.157423890894099,0.170440432433918,0.0255107466634866,0.156788507807852
1,402,offset,442,-0.1257438016599,0.0616750180470485,0.0736958520370097,0.0255107466634866,0.0310447061479517
1,403,uncalibrated,442,0.0194118273059852,0.157664460971822,0.170542842444951,0.0313120767982873,0.157116914208227
1,403,offset,442,0.0194118273059852,0.176847773444283,0.188577657635998,0.0313120767982873,0.176528741514212
1,404,uncalibrated,442,-0.28079838911138,0.157073088660046,0.17002154304529,0.0308204739823705,0.156437705573799
1,404,offset,442,-0.28079838911138,0.124394433361492,0.141067887856314,0.0308204739823705,-0.124360683537582
1,405,uncalibrated,442,-0.237612935365638,0.157170793306529,0.17017043308017,0.0251704810819255,0.156535410220282
1,405,offset,442,-0.237612935365638,0.0849089714613928,0.105015269011494,0.0251704810819255,-0.0810775251453558
1,406,uncalibrated,442,-0.143155563550214,0.15738449776765,0.170409354853439,0.0235445430353172,0.156749114681403
1,406,offset,442,-0.143155563550214,0.0578243863452417,0.0682191168259885,0.0235445430353172,0.0135935511311894
1,407,uncalibrated,442,-0.142822590316644,0.157385251100758,0.170409986967832,0.0261641093883016,0.156749868014511
1,407,offset,442,-0.142822590316644,0.0578748596634525,0.068286247516492,0.0261641093883016,0.013927277697867
1,408,uncalibrated,442,-0.185101902315018,0.157289596548725,0.170317926795547,0.0248252821010809,0.156654213462478
1,408,offset,442,-0.185101902315018,0.0589762098582095,0.072642443470995,0.0248252821010809,-0.0284476888525399
1,409,uncalibrated,442,-0.267112691810976,0.15710405177611,0.170071426565114,0.0297853634313155,0.156468668689863
1,409,offset,442,-0.267112691810976,0.111001959654891,0.129166348964196,0.0297853634313155,-0.110644023121113
1,410,uncalibrated,442,-0.211510772561975,0.157229847973506,0.170248345500612,0.0264250236743465,0.156594464887259
1,410,offset,442,-0.211510772561975,0.0685838746187185,0.0864781681176979,0.0264250236743465,-0.0549163076747166
1,411,uncalibrated,442,-0.226332376860134,0.157196314932107,0.170205220052853,0.0268122607758454,0.15656093184586
1,411,offset,442,-0.226332376860134,0.0768536033174994,0.0965740446091791,0.0268122607758454,-0.0697714450142739
1,412,uncalibrated,442,-0.0873233180181452,0.157510815065234,0.170494755611529,0.026970754913387,0.156875431978987
1,412,offset,442,-0.0873233180181452,0.0803435807766446,0.0964160624007395,0.026970754913387,0.0695521139608417
1,413,uncalibrated,442,-0.196179064168788,0.157264535096567,0.170289872667852,0.0228275333292893,0.15662915201032
1,413,offset,442,-0.196179064168788,0.0620758961659449,0.0776540084316559,0.0228275333292893,-0.0395499121584674
1,414,uncalibrated,442,-0.219778877548753,0.157211141853626,0.170224649771406,0.0267038640328495,0.156575758767379
1,414,offset,442,-0.219778877548753,0.0729099032276565,0.0919516034656805,0.0267038640328495,-0.0632031187813739
1,415,uncalibrated,442,-0.139912828233294,0.157391834272892,0.170415448109335,0.0255110940859713,0.156756451186645
1,415,offset,442,-0.139912828233294,0.0583687771492504,0.0689387235149378,0.0255110940859713,0.016843622953351
1,416,uncalibrated,442,-0.190458966199048,0.157277476494689,0.170304563561618,0.0243206161997376,0.156642093408442
1,416,offset,442,-0.190458966199048,0.0603422775666438,0.0749031363019612,0.0243206161997376,-0.0338168727906064
1,417,uncalibrated,442,-0.24355858344514,0.157157341614042,0.17015141410928,0.0283407797551127,0.156521958527795
1,417,offset,442,-0.24355858344514,0.0896208947217774,0.109671118800776,0.0283407797551127,-0.0870366249173454
1,418,uncalibrated,442,-0.158306793484718,0.157350218966893,0.170379031730706,0.0242805931294947,0.156714835880646
1,418,offset,442,-0.158306793484718,0.0565899284855863,0.0668730812615065,0.0242805931294947,-0.00159195760407172
1,419,uncalibrated,442,-0.110572825119517,0.157458214370434,0.170464225620533,0.0205070978412,0.156822831284187
1,419,offset,442,-0.110572825119517,0.067507528636968,0.0812632443030135,0.0205070978412,0.0462500061646702
1,420,uncalibrated,442,-0.204689506588887,0.157245280701952,0.170267208386063,0.0263385840450772,0.156609897615705
1,420,offset,442,-0.204689506588887,0.065427779258406,0.0823159220284596,0.0263385840450772,-0.0480796089731821
1,421,uncalibrated,442,-0.208901269475139,0.157235751826643,0.170255634845514,0.0264357937713737,0.156600368740396
1,421,offset,442,-0.208901269475139,0.0673223176545266,0.0848450936983771,0.0264357937713737,-0.0523009007347429
1,422,uncalibrated,442,-0.0512807775353109,0.157592359274471,0.170527898164506,0.0253412044909301,0.156956976188224
1,422,offset,442,-0.0512807775353109,0.109104603316258,0.124946911286287,0.0253412044909301,0.105676198652913
1,423,uncalibrated,442,-0.17656327495925,0.157308914710164,0.17033843633841,0.0259136168764992,0.156673531623917
1,423,offset,442,-0.17656327495925,0.057380151128281,0.0697437400248204,0.0259136168764992,-0.0198897433353332
1,424,uncalibrated,442,-0.0398781588010102,0.157618157054413,0.170534793372448,0.0279911347510886,0.156982773968166
1,424,offset,442,-0.0398781588010102,0.119423902559296,0.134729415204293,0.0279911347510886,0.117104615167156
1,425,uncalibrated,442,-0.0560173568118884,0.157581643031764,0.170524526738984,0.0288600383854406,0.156946259945517
1,425,offset,442,-0.0560173568118884,0.104978958194409,0.120967471646001,0.0288600383854406,0.100928903133629
1,426,uncalibrated,442,-0.183525353371825,0.157293163401538,0.170321786707095,0.0253643428284142,0.156657780315291
1,426,offset,442,-0.183525353371825,0.0586256047562948,0.0720396930568939,0.0253643428284142,-0.0268675730565338
1,427,uncalibrated,442,-0.223928409208939,0.157201753772947,0.17021241385396,0.0259491938392372,0.1565663706867
1,427,offset,442,-0.223928409208939,0.0753336389834267,0.09485189314852,0.0259491938392372,-0.0673620385222391
1,428,uncalibrated,442,-0.204689506588887,0.157245280701952,0.170267208386063,0.0263385840450772,0.156609897615705
1,428,offset,442,-0.204689506588887,0.065427779258406,0.0823159220284596,0.0263385840450772,-0.0480796089731821
1,429,uncalibrated,442,-0.0600646419839139,0.157572486277981,0.170521410049509,0.0263501193866351,0.156937103191734
1,429,offset,442,-0.0600646419839139,0.101556023406802,0.117611949509905,0.0263501193866351,0.0968724612078201
1,430,uncalibrated,442,-0.190458966199048,0.157277476494689,0.170304563561618,0.0243206161997376,0.156642093408442
1,430,offset,442,-0.190458966199048,0.0603422775666438,0.0749031363019612,0.0243206161997376,-0.0338168727906064
1,431,uncalibrated,442,-0.28375023942659,0.157066410265667,0.170010455034726,0.030781422625666,0.15643102717942
1,431,offset,442,-0.28375023942659,0.127326248493566,0.143676965321326,0.030781422625666,-0.127319212247169
1,432,uncalibrated,442,-0.178460069556869,0.157304623319671,0.170333964171593,0.0248542571363088,0.156669240233424
1,432,offset,442,-0.178460069556869,0.057667179438255,0.0703082410368415,0.0248542571363088,-0.0217908293234452
1,433,uncalibrated,442,-0.194155442094066,0.157269113427053,0.17029511975862,0.0250868217475984,0.156633730340806
1,433,offset,442,-0.194155442094066,0.0614121260057807,0.0766432070442077,0.0250868217475984,-0.0375217117532603
1,434,uncalibrated,442,-0.0870558173707452,0.157511420270319,0.170495065107981,0.0276864452319656,0.156876037184072
1,434,offset,442,-0.0870558173707452,0.0805233266867754,0.0966092090764516,0.0276864452319656,0.0698202198133264
1,435,uncalibrated,442,-0.197396112410029,0.157261781593759,0.170286690680391,0.0225757909968417,0.156626398507512
1,435,offset,442,-0.197396112410029,0.0625007685432713,0.0782808909321959,0.0225757909968417,-0.0407697139025168
1,436,uncalibrated,442,-0.0885188649081551,0.157508110208017,0.170493360759408,0.026316002498633,0.15687272712177
1,436,offset,442,-0.0885188649081551,0.0795577055035355,0.0955572290720809,0.026316002498633,0.0683538622136146
1,437,uncalibrated,442,-0.24355858344514,0.157157341614042,0.17015141410928,0.0283407797551127,0.156521958527795
1,437,offset,442,-0.24355858344514,0.0896208947217774,0.109671118800776,0.0283407797551127,-0.0870366249173454
1,438,uncalibrated,442,-0.197977676257248,0.157260465838449,0.170285163204893,0.0262137204083973,0.156625082752202
1,438,offset,442,-0.197977676257248,0.0627115777558614,0.0785853500989642,0.0262137204083973,-0.041352593505046
1,439,uncalibrated,442,-0.170518636318992,0.157322590363196,0.170352368536534,0.0257405310006117,0.156687207276949
1,439,offset,442,-0.170518636318992,0.0567142602376886,0.0682668072426318,0.0257405310006117,-0.0138314290420431
1,440,uncalibrated,442,-0.120096212353732,0.15743666824547,0.170449647088227,0.0227009325758475,0.156801285159223
1,440,offset,442,-0.120096212353732,0.0635964467452,0.0762476329768574,0.0227009325758475,0.0367050728054912
1,441,uncalibrated,442,-0.048753526274351,0.157598077037505,0.170529575220395,0.0214117867039456,0.156962693951258
1,441,offset,442,-0.048753526274351,0.111363119714627,0.127091591782231,0.0214117867039456,0.108209167676907
1,442,uncalibrated,442,-0.139810724738003,0.157392065276275,0.17041563769617,0.026225325230114,0.156756682190028
1,442,offset,442,-0.139810724738003,0.0583879504300402,0.0689637414452902,0.026225325230114,0.0169459574520247
1,443,uncalibrated,442,-0.190458966199048,0.157277476494689,0.170304563561618,0.0243206161997376,0.156642093408442
1,443,offset,442,-0.190458966199048,0.0603422775666438,0.0749031363019612,0.0243206161997376,-0.0338168727906064
1,444,uncalibrated,442,-0.237696498846622,0.15717060424888,0.170170169047951,0.0279898830577093,0.156535221162633
1,444,offset,442,-0.237696498846622,0.0849723057739035,0.105079798080657,0.0279898830577093,-0.0811612776839894
1,445,uncalibrated,442,-0.179792208605456,0.157301609430421,0.170330794684107,0.0209456152139122,0.156666226344174
1,445,offset,442,-0.179792208605456,0.0578948149917566,0.0707324833180951,0.0209456152139122,-0.0231259822612816
1,446,uncalibrated,442,-0.225960537948032,0.157197156196614,0.17020633781154,0.02722875085056,0.156561773110367
1,446,offset,442,-0.225960537948032,0.0766135641811985,0.0963057484927421,0.02722875085056,-0.0693987648376643
1,447,uncalibrated,442,-0.0528420809044911,0.157588826913907,0.170526819746705,0.0272753054635161,0.15695344382766
1,447,offset,442,-0.0528420809044911,0.10772232155528,0.123629238504823,0.0272753054635161,0.104111362923169
1,448,uncalibrated,442,-0.240879346963457,0.157163403235041,0.170160042908198,0.0270774831007012,0.156528020148794
1,448,offset,442,-0.240879346963457,0.0874427302004769,0.107557265892233,0.0270774831007012,-0.0843513268146631
1,449,uncalibrated,442,-0.227832215009723,0.157192921633126,0.170200692762965,0.0239565166034172,0.156557538546879
1,449,offset,442,-0.227832215009723,0.0778480265029133,0.0976631580792809,0.0239565166034172,-0.0712746764628434
1,450,uncalibrated,442,-0.225325108864243,0.157198593818976,0.170208243659211,0.0263422667232876,0.156563210732729
1,450,offset,442,-0.225325108864243,0.0762074307880229,0.0958488700468666,0.0263422667232876,-0.0687618981315139
1,451,uncalibrated,442,-0.146596530243049,0.157376712775132,0.170402736197759,0.0260964314882729,0.156741329688885
1,451,offset,442,-0.146596530243049,0.0573779914738621,0.0676177863201649,0.0260964314882729,0.0101447994458363
1,452,uncalibrated,442,-0.13368764183409,0.157405918405017,0.170426753708082,0.0257473413755992,0.15677053531877
1,452,offset,442,-0.13368764183409,0.0596666428176228,0.0707184389460535,0.0257473413755992,0.0230828934846803
1,453,uncalibrated,442,-0.222725764120496,0.157204474689437,0.17021598379323,0.0240249588305345,0.15656909160319
1,453,offset,442,-0.222725764120496,0.0746086623084854,0.094001627708308,0.0240249588305345,-0.0661566725173066
1,454,uncalibrated,442,-0.180614832741325,0.157299748289842,0.170328825656581,0.0258609476296414,0.156664365203595
1,454,offset,442,-0.180614832741325,0.0580430969366688,0.0710057069550069,0.0258609476296414,-0.0239504675377301
1,455,uncalibrated,442,-0.0904048710298188,0.157503843225841,0.17049112175901,0.0260927488099346,0.156868460139594
1,455,offset,442,-0.0904048710298188,0.0783540031279935,0.0942173948346649,0.0260927488099346,0.0664635891097752
1,456,uncalibrated,442,-0.138853504185137,0.157394230933634,0.170417408332103,0.0200341870674272,0.156758847847387
1,456,offset,442,-0.138853504185137,0.0585720313055914,0.0692051877813618,0.0200341870674272,0.0179053436622501
1,457,uncalibrated,442,-0.0471012311060695,0.157601815261868,0.170530625846028,0.026442186345093,0.156966432175621
1,457,offset,442,-0.0471012311060695,0.11284719478659,0.128501346014534,0.026442186345093,0.109865201069551
1,458,uncalibrated,442,-0.196154328736786,0.157264591059083,0.17028993713428,0.0254290302446815,0.156629207972836
1,458,offset,442,-0.196154328736786,0.0620674458260531,0.0776414133720132,0.0254290302446815,-0.0395251207639502
1,459,uncalibrated,442,-0.0918204829953004,0.157500640483838,0.170489410163359,0.0266479299405601,0.156865257397591
1,459,offset,442,-0.0918204829953004,0.0774698034092646,0.0932242064942499,0.0266479299405601,0.0650447744022902
1,460,uncalibrated,442,-0.193989936958141,0.157269487873062,0.170295546486369,0.0258161301306661,0.156634104786815
1,460,offset,442,-0.193989936958141,0.0613608269025642,0.076562318198552,0.0258161301306661,-0.0373558321713265
1,461,uncalibrated,442,-0.26773471021599,0.157102644494651,0.170069213713301,0.0290854460935444,0.156467261408404
1,461,offset,442,-0.26773471021599,0.111591610586341,0.129699571026907,0.0290854460935444,-0.111267448807587
1,462,uncalibrated,442,-0.0885188649081551,0.157508110208017,0.170493360759408,0.026316002498633,0.15687272712177
1,462,offset,442,-0.0885188649081551,0.0795577055035355,0.0955572290720809,0.026316002498633,0.0683538622136146
1,463,uncalibrated,442,-0.168277630189537,0.15732766051281,0.170357410210906,0.0224159071693611,0.156692277426563
1,463,offset,442,-0.168277630189537,0.0565567771577221,0.0678483441749803,0.0224159071693611,-0.0115853527629742
1,464,uncalibrated,442,-0.125941441494153,0.157423443745152,0.170440102286609,0.0241150810577613,0.156788060658905
1,464,offset,442,-0.125941441494153,0.0616160163843784,0.073612814211823,0.0241150810577613,0.0308466191647529
1,465,uncalibrated,442,-0.233868703489321,0.157179264419371,0.170182167893286,0.025300139153233,0.156543881333125
1,465,offset,442,-0.233868703489321,0.0821328531878528,0.102152394037078,0.025300139153233,-0.0773248221561967
1,466,uncalibrated,442,-0.273188523155539,0.157090305551348,0.17004958991998,0.0298583221531124,0.156454922465101
1,466,offset,442,-0.273188523155539,0.116884798013496,0.134407789203405,0.0298583221531124,-0.116733600690438
1,467,uncalibrated,442,-0.0672835693267392,0.157556153863178,0.170515311281601,0.024930898536444,0.156920770776931
1,467,offset,442,-0.0672835693267392,0.0955348879001029,0.111741536431433,0.024930898536444,0.0896372014501921
1,468,uncalibrated,442,-0.0870558173707452,0.157511420270319,0.170495065107981,0.0276864452319656,0.156876037184072
1,468,offset,442,-0.0870558173707452,0.0805233266867754,0.0966092090764516,0.0276864452319656,0.0698202198133264
1,469,uncalibrated,442,-0.101719566744455,0.157478244366758,0.170476697622392,0.0262367206876137,0.156842861280511
1,469,offset,442,-0.101719566744455,0.0718357462615123,0.0866094619431827,0.0262367206876137,0.0551232945360556
1,470,uncalibrated,442,-0.212430627982343,0.157227766852645,0.170245754344722,0.0265315424864018,0.156592383766398
1,470,offset,442,-0.212430627982343,0.0690462939249129,0.0870652154185578,0.0265315424864018,-0.0558382442159451
1,471,uncalibrated,442,-0.0995987727117298,0.157483042543303,0.170479530716068,0.0242880271268452,0.156847659457056
1,471,offset,442,-0.0995987727117298,0.0729693395619471,0.0879745255718582,0.0242880271268452,0.057248886745326
1,472,uncalibrated,442,-0.165999107621908,0.157332815541243,0.170362467755827,0.0256701414239656,0.156697432454997
1,472,offset,442,-0.165999107621908,0.056487973135006,0.0674967128294233,0.0256701414239656,-0.0093016751669111
1,473,uncalibrated,442,-0.11918498879304,0.157438729837236,0.170451094137454,0.0263950758561613,0.156803346750989
1,473,offset,442,-0.11918498879304,0.0639489789372324,0.0766904609178786,0.0263950758561613,0.0376183579579495
1,474,uncalibrated,442,-0.15202654888209,0.157364427665089,0.170391971308201,0.0240968761195606,0.156729044578842
1,474,offset,442,-0.15202654888209,0.0569037634728961,0.0670189819191241,0.0240968761195606,0.00470249569675249
1,475,uncalibrated,442,-0.0560173568118884,0.157581643031764,0.170524526738984,0.0288600383854406,0.156946259945517
1,475,offset,442,-0.0560173568118884,0.104978958194409,0.120967471646001,0.0288600383854406,0.100928903133629
1,476,uncalibrated,442,-0.19112928735003,0.157275959930999,0.170302864529706,0.0254436914720098,0.156640576844752
1,476,offset,442,-0.19112928735003,0.0605260294650758,0.0752081545118851,0.0254436914720098,-0.0344887105052785
1,477,uncalibrated,442,-0.178460069556869,0.157304623319671,0.170333964171593,0.0248542571363088,0.156669240233424
1,477,offset,442,-0.178460069556869,0.057667179438255,0.0703082410368415,0.0248542571363088,-0.0217908293234452
1,478,uncalibrated,442,-0.126748042840736,0.157421618855228,0.170438749517167,0.0211442011715944,0.156786235768981
1,478,offset,442,-0.126748042840736,0.0613863491841972,0.0732784869164453,0.0211442011715944,0.0300381929282447
1,479,uncalibrated,442,-0.158306793484718,0.157350218966893,0.170379031730706,0.0242805931294947,0.156714835880646
1,479,offset,442,-0.158306793484718,0.0565899284855863,0.0668730812615065,0.0242805931294947,-0.00159195760407172
1,480,uncalibrated,442,-0.252229240781048,0.157137724742241,0.170122831851576,0.0271685772762019,0.156502341655994
1,480,offset,442,-0.252229240781048,0.0971944905669643,0.116672336864779,0.0271685772762019,-0.0957268991250541
1,481,uncalibrated,442,-0.167254508197572,0.157329975268448,0.170359689741077,0.0255952389225383,0.156694592182201
1,481,offset,442,-0.167254508197572,0.0565192161357579,0.067681167955211,0.0255952389225383,-0.0105599160153711
1,482,uncalibrated,442,-0.121726653761546,0.157432979464004,0.170447030366606,0.0252265550709636,0.156797596377758
1,482,offset,442,-0.121726653761546,0.0629919755372104,0.075476320438546,0.0252265550709636,0.0350709426162111
1,483,uncalibrated,442,-0.167873496295245,0.157328574842888,0.17035831229163,0.0257699238371078,0.156693191756641
1,483,offset,442,-0.167873496295245,0.05653856803197,0.0677805092452482,0.0257699238371078,-0.011180304538604
1,484,uncalibrated,442,-0.0941868625755402,0.157495286683882,0.170486489587098,0.0226764732450874,0.156859903597635
1,484,offset,442,-0.0941868625755402,0.0760341787902019,0.0915888849480626,0.0226764732450874,0.0626730410220952
1,485,uncalibrated,442,-0.0528420809044911,0.157588826913907,0.170526819746705,0.0272753054635161,0.15695344382766
1,485,offset,442,-0.0528420809044911,0.10772232155528,0.123629238504823,0.0272753054635161,0.104111362923169
1,486,uncalibrated,442,-0.22138367952835,0.157207511079917,0.170219944860712,0.0233752796187413,0.15657212799367
1,486,offset,442,-0.22138367952835,0.0738213566916511,0.0930619985614447,0.0233752796187413,-0.0648115515346799
1,487,uncalibrated,442,-0.109328585832806,0.157461029391445,0.170466041320552,0.0258146023686462,0.156825646305198
1,487,offset,442,-0.109328585832806,0.0680670829716446,0.0819777936881385,0.0258146023686462,0.0474970604723919
1,488,uncalibrated,442,-0.28375023942659,0.157066410265667,0.170010455034726,0.030781422625666,0.15643102717942
1,488,offset,442,-0.28375023942659,0.127326248493566,0.143676965321326,0.030781422625666,-0.127319212247169
1,489,uncalibrated,442,-0.150911460349313,0.157366950489824,0.170394213944598,0.0260564084180301,0.156731567403577
1,489,offset,442,-0.150911460349313,0.0569870166891441,0.0671064644511876,0.0260564084180301,0.0058201070542637
1,490,uncalibrated,442,-0.231039212549035,0.157185665982585,0.170190911644163,0.0268200430395038,0.156550282896338
1,490,offset,442,-0.231039212549035,0.0800835929151549,0.10002777600323,0.0268200430395038,-0.0744889296526973
1,491,uncalibrated,442,-0.110572825119517,0.157458214370434,0.170464225620533,0.0205070978412,0.156822831284187
1,491,offset,442,-0.110572825119517,0.067507528636968,0.0812632443030135,0.0205070978412,0.0462500061646702
1,492,uncalibrated,442,-0.173837397233445,0.15731508185434,0.170344779390739,0.0221171238324788,0.156679698768093
1,492,offset,442,-0.173837397233445,0.05702783215295,0.0690159581274302,0.0221171238324788,-0.0171576984653526
1,493,uncalibrated,442,-0.239594746643781,0.157166309570606,0.170164146110354,0.0263946589491797,0.156530926484359
1,493,offset,442,-0.239594746643781,0.0864315624631806,0.106552822087878,0.0263946589491797,-0.083063820159422
1,494,uncalibrated,442,-0.148923597914085,0.157371447916148,0.170398170858379,0.0259977635026048,0.156736064829901
1,494,offset,442,-0.148923597914085,0.0571480834116587,0.0673080771737619,0.0259977635026048,0.00781246691581594
1,495,uncalibrated,442,-0.186077451999816,0.157287389422741,0.170315521748125,0.0252822112746567,0.156652006336494
1,495,offset,442,-0.186077451999816,0.0592040229762988,0.0730300124029288,0.0252822112746567,-0.0294254456633218
1,496,uncalibrated,442,-0.0543724529202672,0.157585364533781,0.170525731300159,0.0289615552354837,0.156949981447534
1,496,offset,442,-0.0543724529202672,0.106393980451628,0.122343278188199,0.0289615552354837,0.102577528527267
1,497,uncalibrated,442,-0.170518636318992,0.157322590363196,0.170352368536534,0.0257405310006117,0.156687207276949
1,497,offset,442,-0.170518636318992,0.0567142602376886,0.0682668072426318,0.0257405310006117,-0.0138314290420431
1,498,uncalibrated,442,-0.0810491132099165,0.157525010098737,0.170501764634086,0.0278993447613297,0.15688962701249
1,498,offset,442,-0.0810491132099165,0.0847199737890307,0.101036034230652,0.0278993447613297,0.0758405138025732
1,499,uncalibrated,442,-0.0712131245873089,0.157547263466661,0.170511700744952,0.0263571364051182,0.156911880380414
1,499,offset,442,-0.0712131245873089,0.0923088707594002,0.108614817731767,0.0263571364051182,0.0856987557931053
1,500,uncalibrated,442,-0.152570592191757,0.157363196797873,0.170390871139447,0.0239547108388021,0.156727813711626
1,500,offset,442,-0.152570592191757,0.0568656065891864,0.0669830117835756,0.0239547108388021,0.00415722151986854
1,501,uncalibrated,442,-0.180614832741325,0.157299748289842,0.170328825656581,0.0258609476296414,0.156664365203595
1,501,offset,442,-0.180614832741325,0.0580430969366688,0.0710057069550069,0.0258609476296414,-0.0239504675377301
1,502,uncalibrated,442,-0.109604743549256,0.157460404600231,0.170465640103452,0.0252871446737687,0.156825021513984
1,502,offset,442,-0.109604743549256,0.0679403920688173,0.0818181015062318,0.0252871446737687,0.0472202779647289
1,503,uncalibrated,442,-0.0395148212546564,0.157618979085061,0.170534984721746,0.0279732762635153,0.156983595998814
1,503,offset,442,-0.0395148212546564,0.119758469032974,0.135045342908303,0.0279732762635153,0.117468774744157
1,504,uncalibrated,442,-0.192122074118349,0.157273713807089,0.17030033716049,0.0237291641617044,0.156638330720842
1,504,offset,442,-0.192122074118349,0.0608067949538538,0.075668581534644,0.0237291641617044,-0.0354837433975076
1,505,uncalibrated,442,-0.175910465331004,0.157310391655024,0.170339964419668,0.0251769431401417,0.156675008568777
1,505,offset,442,-0.175910465331004,0.0572891843894137,0.0695603907789412,0.0251769431401417,-0.0192354567622272
1,506,uncalibrated,442,-0.0310253712088862,0.157638185985617,0.170538957052364,0.0290889898028888,0.15700280289937
1,506,offset,442,-0.0310253712088862,0.127669914754802,0.142491996440432,0.0290889898028888,0.125977431690484
1,507,uncalibrated,442,-0.100406905407668,0.157481214188787,0.170478458204801,0.0271432154348153,0.15684583110254
1,507,offset,442,-0.100406905407668,0.0725287061236643,0.0874507993744539,0.0271432154348153,0.0564389256948725
1,508,uncalibrated,442,-0.113159772006535,0.157452361549423,0.170460384692639,0.0264465638684008,0.156816978463176
1,508,offset,442,-0.113159772006535,0.06638818308473,0.0798193566175529,0.0264465638684008,0.0436572064566408
1,509,uncalibrated,442,-0.163121765614813,0.157339325364789,0.170368755758399,0.023464845135309,0.156703942278542
1,509,offset,442,-0.163121765614813,0.0564787964604667,0.0671608209405154,0.023464845135309,-0.00641782333627108
1,510,uncalibrated,442,-0.107040489571479,0.157466206079819,0.170469326621469,0.0246433716880675,0.156830822993572
1,510,offset,442,-0.107040489571479,0.0691427359362109,0.0833244356729719,0.0246433716880675,0.049790333422093
1,511,uncalibrated,442,-0.0572229358654944,0.157578915477344,0.170523621092486,0.0278057501132277,0.156943532391097
1,511,offset,442,-0.0572229358654944,0.103954114769178,0.119963454278877,0.0278057501132277,0.0997205965256026
1,512,uncalibrated,442,-0.205463375251907,0.157243529867872,0.170265099600416,0.0263321923864222,0.156608146781625
1,512,offset,442,-0.205463375251907,0.0657690198977383,0.0827703198764383,0.0263321923864222,-0.0488552284702818
1,513,uncalibrated,442,-0.0845920805267307,0.157516994335576,0.17049787096254,0.0235927660941928,0.15688161124933
1,513,offset,442,-0.0845920805267307,0.0822102469101836,0.0984045746226596,0.0235927660941928,0.0722895307225988
1,514,uncalibrated,442,-0.140259255957027,0.157391050499761,0.170414803825706,0.0246781834210391,0.156755667413514
1,514,offset,442,-0.140259255957027,0.0583052915256703,0.0688549031488626,0.0246781834210391,0.016496411456487
1,515,uncalibrated,442,-0.146596530243049,0.157376712775132,0.170402736197759,0.0260964314882729,0.156741329688885
1,515,offset,442,-0.146596530243049,0.0573779914738621,0.0676177863201649,0.0260964314882729,0.0101447994458363
1,516,uncalibrated,442,0.0194118273059852,0.157664460971822,0.170542842444951,0.0313120767982873,0.157116914208227
1,516,offset,442,0.0194118273059852,0.176847773444283,0.188577657635998,0.0313120767982873,0.176528741514212
1,517,uncalibrated,442,-0.0329039157398913,0.157633935884868,0.170538160440993,0.0272690518587907,0.156998552798621
1,517,offset,442,-0.0329039157398913,0.125897622742519,0.140833936011439,0.0272690518587907,0.12409463705873
1,518,uncalibrated,442,-0.129230711016854,0.157416001958902,0.170434531509473,0.0259780993899681,0.156780618872655
1,518,offset,442,-0.129230711016854,0.0607282170555258,0.0722963657428509,0.0259780993899681,0.0275499078558013
1,519,uncalibrated,442,-0.209918368018441,0.157233450698717,0.170252804496975,0.0262276867917989,0.15659806761247
1,519,offset,442,-0.209918368018441,0.0678045641402851,0.0854758275450339,0.0262276867917989,-0.0533203004059705
1,520,uncalibrated,442,-0.0870558173707452,0.157511420270319,0.170495065107981,0.0276864452319656,0.156876037184072
1,520,offset,442,-0.0870558173707452,0.0805233266867754,0.0966092090764516,0.0276864452319656,0.0698202198133264
1,521,uncalibrated,442,-0.10642470298928,0.157467599262132,0.170470198904993,0.0267122031002383,0.156832216175885
1,521,offset,442,-0.10642470298928,0.0694452852133158,0.0836938592115699,0.0267122031002383,0.0504075131866044
1,522,uncalibrated,442,-0.145445053832519,0.157379317925382,0.170404968577471,0.0206864380402911,0.156743934839135
1,522,offset,442,-0.145445053832519,0.0575114114150995,0.0678001247715328,0.0206864380402911,0.011298881006616
1,523,uncalibrated,442,-0.209834970898173,0.157233639379985,0.170253037090906,0.026419811419189,0.156598256293738
1,523,offset,442,-0.209834970898173,0.0677643750302919,0.0854238289139055,0.026419811419189,-0.0532367146044354
1,524,uncalibrated,442,-0.112431250947234,0.157454009787114,0.170461475346159,0.0245579752413167,0.156818626700867
1,524,offset,442,-0.112431250947234,0.0666997000082772,0.0802201472395658,0.0245579752413167,0.0443873757536323
1,525,uncalibrated,442,-0.243870162378392,0.157156636684328,0.170150404408517,0.0278512624587295,0.156521253598081
1,525,offset,442,-0.243870162378392,0.0898796039265362,0.109918556930019,0.0278512624587295,-0.0873489087803104
1,526,uncalibrated,442,-0.0808705987754796,0.157525413977548,0.170501956408946,0.0271555141907754,0.156890030891301
1,526,offset,442,-0.0808705987754796,0.0848501718905709,0.101170101341339,0.0271555141907754,0.076019432115821
1,527,uncalibrated,442,-0.149727636753449,0.157369628823751,0.170396576719402,0.0252004280245886,0.156734245737504
1,527,offset,442,-0.149727636753449,0.0570807583765995,0.0672195071407261,0.0252004280245886,0.00700660898405566
1,528,uncalibrated,442,-0.212430627982343,0.157227766852645,0.170245754344722,0.0265315424864018,0.156592383766398
1,528,offset,442,-0.212430627982343,0.0690462939249129,0.0870652154185578,0.0265315424864018,-0.0558382442159451
1,529,uncalibrated,442,-0.125941441494153,0.157423443745152,0.170440102286609,0.0241150810577613,0.156788060658905
1,529,offset,442,-0.125941441494153,0.0616160163843784,0.073612814211823,0.0241150810577613,0.0308466191647529
1,530,uncalibrated,442,-0.247045056351133,0.15714945366629,0.170140041928732,0.0281757540805913,0.156514070580044
1,530,offset,442,-0.247045056351133,0.092580725826391,0.112458165389006,0.0281757540805913,-0.0905309857710894
1,531,uncalibrated,442,-0.126409854441484,0.157422383987353,0.170439317753315,0.022098431735048,0.156787000901106
1,531,offset,442,-0.126409854441484,0.0614807313290063,0.0734177663217937,0.022098431735048,0.0303771464596219
1,532,uncalibrated,442,-0.152570592191757,0.157363196797873,0.170390871139447,0.0239547108388021,0.156727813711626
1,532,offset,442,-0.152570592191757,0.0568656065891864,0.0669830117835756,0.0239547108388021,0.00415722151986854
1,533,uncalibrated,442,-0.110374124844133,0.157458663918569,0.170464516960853,0.0268345652993662,0.156823280832322
1,533,offset,442,-0.110374124844133,0.0675951905231671,0.0813764967524343,0.0268345652993662,0.046449155988189
1,534,uncalibrated,442,-0.179792208605456,0.157301609430421,0.170330794684107,0.0209456152139122,0.156666226344174
1,534,offset,442,-0.179792208605456,0.0578948149917566,0.0707324833180951,0.0209456152139122,-0.0231259822612816
1,535,uncalibrated,442,-0.0879330453862703,0.15750943559155,0.17049404661012,0.0222366371672317,0.156874052505303
1,535,offset,442,-0.0879330453862703,0.0799404444007602,0.0959771537536086,0.0222366371672317,0.068941007119033
1,536,uncalibrated,442,-0.0873867024091449,0.157510671661634,0.170494682136978,0.0270964523683684,0.156875288575387
1,536,offset,442,-0.0873867024091449,0.0803012767147783,0.0963703485453983,0.0270964523683684,0.0694885861662425
1,537,uncalibrated,442,-0.0398781588010102,0.157618157054413,0.170534793372448,0.0279911347510886,0.156982773968166
1,537,offset,442,-0.0398781588010102,0.119423902559296,0.134729415204293,0.0279911347510886,0.117104615167156
1,538,uncalibrated,442,-0.185101902315018,0.157289596548725,0.170317926795547,0.0248252821010809,0.156654213462478
1,538,offset,442,-0.185101902315018,0.0589762098582095,0.072642443470995,0.0248252821010809,-0.0284476888525399
1,539,uncalibrated,442,-0.186170334726125,0.157287179280827,0.170315292101071,0.0257950718479157,0.15665179619458
1,539,offset,442,-0.186170334726125,0.0592265081611744,0.0730674865417133,0.0257950718479157,-0.0295185385315452
1,540,uncalibrated,442,-0.100738176276282,0.157480464707184,0.170478016052944,0.024998090044994,0.156845081620937
1,540,offset,442,-0.100738176276282,0.0723520539563855,0.0872373724731757,0.024998090044994,0.0561069053446549
1,541,uncalibrated,442,-0.120096212353732,0.15743666824547,0.170449647088227,0.0227009325758475,0.156801285159223
1,541,offset,442,-0.120096212353732,0.0635964467452,0.0762476329768574,0.0227009325758475,0.0367050728054912
1,542,uncalibrated,442,-0.179792208605456,0.157301609430421,0.170330794684107,0.0209456152139122,0.156666226344174
1,542,offset,442,-0.179792208605456,0.0578948149917566,0.0707324833180951,0.0209456152139122,-0.0231259822612816
1,543,uncalibrated,442,-0.139912828233294,0.157391834272892,0.170415448109335,0.0255110940859713,0.156756451186645
1,543,offset,442,-0.139912828233294,0.0583687771492504,0.0689387235149378,0.0255110940859713,0.016843622953351
1,544,uncalibrated,442,-0.182363485018665,0.15729579206297,0.170324610156534,0.0227463746465899,0.156660408976723
1,544,offset,442,-0.182363485018665,0.0583808793958211,0.0716145041331636,0.0227463746465899,-0.0257030760419419
1,545,uncalibrated,442,-0.103299827241947,0.157474669116764,0.170474547767839,0.0244907142482697,0.156839286030517
1,545,offset,442,-0.103299827241947,0.0710170140128118,0.0856124023810804,0.0244907142482697,0.0535394587885695
1,546,uncalibrated,442,-0.209918368018441,0.157233450698717,0.170252804496975,0.0262276867917989,0.15659806761247
1,546,offset,442,-0.209918368018441,0.0678045641402851,0.0854758275450339,0.0262276867917989,-0.0533203004059705
1,547,uncalibrated,442,-0.168898623164492,0.157326255551328,0.17035601983528,0.0220083103456357,0.156690872465081
1,547,offset,442,-0.168898623164492,0.0565935369891473,0.067957142063135,0.0220083103456357,-0.0122077506994113
1,548,uncalibrated,442,-0.186077451999816,0.157287389422741,0.170315521748125,0.0252822112746567,0.156652006336494
1,548,offset,442,-0.186077451999816,0.0592040229762988,0.0730300124029288,0.0252822112746567,-0.0294254456633218
1,549,uncalibrated,442,-0.169490606007388,0.157324916223629,0.170354689633279,0.0259847699016753,0.156689533137382
1,549,offset,442,-0.169490606007388,0.0566335220665268,0.0680659823396622,0.0259847699016753,-0.0128010728700054
1,550,uncalibrated,442,-0.139810724738003,0.157392065276275,0.17041563769617,0.026225325230114,0.156756682190028
1,550,offset,442,-0.139810724738003,0.0583879504300402,0.0689637414452902,0.026225325230114,0.0169459574520247
1,551,uncalibrated,442,-0.240467177797822,0.157164335744465,0.170161361838375,0.027842437927617,0.156528952658218
1,551,offset,442,-0.240467177797822,0.0871154193924727,0.107234330706162,0.027842437927617,-0.0839382251396038
1,552,uncalibrated,442,-0.22138367952835,0.157207511079917,0.170219944860712,0.0233752796187413,0.15657212799367
1,552,offset,442,-0.22138367952835,0.0738213566916511,0.0930619985614447,0.0233752796187413,-0.0648115515346799
1,553,uncalibrated,442,-0.240892865169218,0.157163372650865,0.170159999611876,0.0281357319892403,0.156527989564618
1,553,offset,442,-0.240892865169218,0.08745352641458,0.107567867816333,0.0281357319892403,-0.0843648756045999
1,554,uncalibrated,442,-0.147067924014235,0.157375646273388,0.170401817214577,0.0261889839283427,0.156740263187141
1,554,offset,442,-0.147067924014235,0.0573257328883686,0.0675486739405881,0.0261889839283427,0.00967233917290595
1,555,uncalibrated,442,-0.147132711809745,0.157375499694665,0.170401690679631,0.0257008535684162,0.156740116608418
1,555,offset,442,-0.147132711809745,0.0573188436883936,0.0675394274407325,0.0257008535684162,0.00960740479867318
1,556,uncalibrated,442,0.0845516858481706,0.157517085726252,0.170497916294956,0.0326627164499894,0.157264289453798
1,556,offset,442,0.0845516858481706,0.239404987860708,0.247795249564065,0.0326282784865954,0.239404987860708
1,557,uncalibrated,442,-0.0710613558468434,0.157547606834852,0.170511843997615,0.0283434906351189,0.156912223748605
1,557,offset,442,-0.0710613558468434,0.0924321399400045,0.108734605812595,0.0283434906351189,0.0858508679017619
1,558,uncalibrated,442,-0.194212960646984,0.15726898329458,0.170294971371037,0.0257940349575492,0.156633600208333
1,558,offset,442,-0.194212960646984,0.0614302296247254,0.0766713824775341,0.0257940349575492,-0.0375793604386505
1,559,uncalibrated,442,-0.113951464535739,0.157450570389855,0.170459191471443,0.020418853242539,0.156815187303608
1,559,offset,442,-0.113951464535739,0.0660532362454515,0.07938911586328,0.020418853242539,0.0428637227678689
1,560,uncalibrated,442,-0.17656327495925,0.157308914710164,0.17033843633841,0.0259136168764992,0.156673531623917
1,560,offset,442,-0.17656327495925,0.057380151128281,0.0697437400248204,0.0259136168764992,-0.0198897433353332
1,561,uncalibrated,442,-0.165588867119333,0.157333743687177,0.170363371009984,0.0253791421445335,0.15669836060093
1,561,offset,442,-0.165588867119333,0.0564804052874237,0.0674414047378917,0.0253791421445335,-0.00889050651840279
1,562,uncalibrated,442,-0.196154328736786,0.157264591059083,0.17028993713428,0.0254290302446815,0.156629207972836
1,562,offset,442,-0.196154328736786,0.0620674458260531,0.0776414133720132,0.0254290302446815,-0.0395251207639502
1,563,uncalibrated,442,-0.114673651340269,0.157448936483057,0.17045809574487,0.0265922024501312,0.15681355339681
1,563,offset,442,-0.114673651340269,0.0657567875257715,0.0790015393607486,0.0265922024501312,0.0421399020565415
1,564,uncalibrated,442,-0.161750185499773,0.157342428487221,0.170371714366276,0.0234888867712535,0.156707045400974
1,564,offset,442,-0.161750185499773,0.0564960911050445,0.0670436890382475,0.0234888867712535,-0.0050431400987984
1,565,uncalibrated,442,-0.168086252182354,0.157328093494727,0.170357837663095,0.0246889526603141,0.15669271040848
1,565,offset,442,-0.168086252182354,0.0565473827231818,0.0678159284552151,0.0246889526603141,-0.0113935417738742
1,566,uncalibrated,442,-0.17656327495925,0.157308914710164,0.17033843633841,0.0259136168764992,0.156673531623917
1,566,offset,442,-0.17656327495925,0.057380151128281,0.0697437400248204,0.0259136168764992,-0.0198897433353332
1,567,uncalibrated,442,-0.187182927143025,0.157284888347757,0.170312781071002,0.0212459272097275,0.15664950526151
1,567,offset,442,-0.187182927143025,0.0594792302912028,0.0734824179600652,0.0212459272097275,-0.0305334218815154
1,568,uncalibrated,442,-0.153973457051132,0.157360022895476,0.170388016089063,0.0260852444842641,0.156724639809229
1,568,offset,442,-0.153973457051132,0.0567796855848162,0.066910629275196,0.0260852444842641,0.00275118275809663
1,569,uncalibrated,442,-0.11918498879304,0.157438729837236,0.170451094137454,0.0263950758561613,0.156803346750989
1,569,offset,442,-0.11918498879304,0.0639489789372324,0.0766904609178786,0.0263950758561613,0.0376183579579495
1,570,uncalibrated,442,-0.0910955365772094,0.157502280634105,0.170490290009749,0.0267939863531477,0.156866897547858
1,570,offset,442,-0.0910955365772094,0.0779208447327376,0.0937314641155768,0.0267939863531477,0.0657713609706485
1,571,uncalibrated,442,-0.121726653761546,0.157432979464004,0.170447030366606,0.0252265550709636,0.156797596377758
1,571,offset,442,-0.121726653761546,0.0629919755372104,0.075476320438546,0.0252265550709636,0.0350709426162111
1,572,uncalibrated,442,-0.0971861756667094,0.157488500907658,0.17048268098877,0.0269251730833882,0.156853117821411
1,572,offset,442,-0.0971861756667094,0.0743170447615872,0.0895633180097402,0.0269251730833882,0.0596669421547016
1,573,uncalibrated,442,-0.227433630812013,0.157193823407329,0.170201898826037,0.0255860678581797,0.156558440321082
1,573,offset,442,-0.227433630812013,0.0775801995646333,0.0973726540428282,0.0255860678581797,-0.0708751904909309
1,574,uncalibrated,442,-0.168210929231563,0.157327811419955,0.170357559246118,0.0256860560492899,0.156692428333708
1,574,offset,442,-0.168210929231563,0.0565533062933931,0.06783698665267,0.0256860560492899,-0.0115185008978556
1,575,uncalibrated,442,-0.0517982978347393,0.157591188414065,0.17052754428888,0.0288496851953952,0.156955805327818
1,575,offset,442,-0.0517982978347393,0.10864445517672,0.124509517376179,0.0288496851953952,0.105157507493079
1,576,uncalibrated,442,-0.226270772712254,0.157196454308007,0.170205405364258,0.0256050371258469,0.15656107122176
1,576,offset,442,-0.226270772712254,0.0768136024341472,0.0965295471604416,0.0256050371258469,-0.0697097014904934
1,577,uncalibrated,442,-0.186170334726125,0.157287179280827,0.170315292101071,0.0257950718479157,0.15665179619458
1,577,offset,442,-0.186170334726125,0.0592265081611744,0.0730674865417133,0.0257950718479157,-0.0295185385315452
1,578,uncalibrated,442,-0.195984263960653,0.15726497582102,0.170290380142865,0.0244563194222797,0.156629592734773
1,578,offset,442,-0.195984263960653,0.0620101162974469,0.077554976605229,0.0244563194222797,-0.0393546712258797
1,579,uncalibrated,442,-0.0884532402824687,0.15750825868002,0.170493437816359,0.0264146704843011,0.156872875593774
1,579,offset,442,-0.0884532402824687,0.0796003169686305,0.0956041826360805,0.0264146704843011,0.0684196353113048
1,580,uncalibrated,442,-0.179792208605456,0.157301609430421,0.170330794684107,0.0209456152139122,0.156666226344174
1,580,offset,442,-0.179792208605456,0.0578948149917566,0.0707324833180951,0.0209456152139122,-0.0231259822612816
1,581,uncalibrated,442,-0.0610232624522141,0.157570317453392,0.170520640002459,0.0274945985358884,0.156934934367145
1,581,offset,442,-0.0610232624522141,0.100751389484314,0.116823644231574,0.0274945985358884,0.095911671914931
1,582,uncalibrated,442,-0.125592959380601,0.157424232166224,0.170440684058976,0.0237459099254692,0.156788849079977
1,582,offset,442,-0.125592959380601,0.0617210897839386,0.073759522238172,0.0237459099254692,0.0311958896993761
1,583,uncalibrated,442,-0.207255958464429,0.157239474249745,0.17026018415921,0.0244123331912855,0.156604091163498
1,583,offset,442,-0.207255958464429,0.0665679766689303,0.0838409243857331,0.0244123331912855,-0.0506518673009317
1,584,uncalibrated,442,-0.242729474837417,0.157159217425371,0.170154094596742,0.028005657010951,0.156523834339124
1,584,offset,442,-0.242729474837417,0.0889362235864403,0.109014300188261,0.028005657010951,-0.0862056404982925
1,585,uncalibrated,442,-0.0775655325374306,0.157532891502973,0.170505430557148,0.026427591846264,0.156897508416726
1,585,offset,442,-0.0775655325374306,0.0872984867912922,0.103676593785747,0.026427591846264,0.0793319758792955
1,586,uncalibrated,442,-0.216815402020311,0.157217846549392,0.170233247697432,0.025236977745506,0.156582463463145
1,586,offset,442,-0.216815402020311,0.0713017216009647,0.0899405228173574,0.025236977745506,-0.0602329385571659
1,587,uncalibrated,442,-0.212205301569857,0.157228276640909,0.170246390113907,0.0250693811388641,0.156592893554662
1,587,offset,442,-0.212205301569857,0.0689315915656154,0.0869208775855566,0.0250693811388641,-0.0556124080151948
1,588,uncalibrated,442,-0.153973457051132,0.157360022895476,0.170388016089063,0.0260852444842641,0.156724639809229
1,588,offset,442,-0.153973457051132,0.0567796855848162,0.066910629275196,0.0260852444842641,0.00275118275809663
1,589,uncalibrated,442,-0.123616054558051,0.157428704801569,0.170443953848576,0.0208761994761716,0.156793321715322
1,589,offset,442,-0.123616054558051,0.0623499932184522,0.0746172012677775,0.0208761994761716,0.0331772671572705
1,590,uncalibrated,442,-0.133234334279764,0.157406943987719,0.170427556838783,0.0225746097603935,0.156771560901472
1,590,offset,442,-0.133234334279764,0.0597681755051302,0.0708676996917107,0.0225746097603935,0.0235372266217083
1,591,uncalibrated,442,-0.204727519940926,0.157245194698893,0.170267104986448,0.0256947416114085,0.156609811612646
1,591,offset,442,-0.204727519940926,0.065444377848776,0.0823381309107952,0.0256947416114085,-0.0481177083282802
1,592,uncalibrated,442,-0.100406905407668,0.157481214188787,0.170478458204801,0.0271432154348153,0.15684583110254
1,592,offset,442,-0.100406905407668,0.0725287061236643,0.0874507993744539,0.0271432154348153,0.0564389256948725
1,593,uncalibrated,442,-0.100738176276282,0.157480464707184,0.170478016052944,0.024998090044994,0.156845081620937
1,593,offset,442,-0.100738176276282,0.0723520539563855,0.0872373724731757,0.024998090044994,0.0561069053446549
1,594,uncalibrated,442,-0.108836658011494,0.157462142350317,0.1704667535106,0.0237975369067026,0.15682675926407
1,594,offset,442,-0.108836658011494,0.0682952395403527,0.0822637918491827,0.0237975369067026,0.0479901012525758
1,595,uncalibrated,442,-0.142605514436276,0.157385742222659,0.170410398269501,0.0235866506390056,0.156750359136412
1,595,offset,442,-0.142605514436276,0.0579087470746411,0.0683308523330929,0.0235866506390056,0.014144844700136
1,596,uncalibrated,442,-0.0843570876022766,0.157517525993777,0.1704981343768,0.0276686572007466,0.15688214290753
1,596,offset,442,-0.0843570876022766,0.0823734659776212,0.0985773336510016,0.0276686572007466,0.0725250553052531
1,597,uncalibrated,442,-0.207255958464429,0.157239474249745,0.17026018415921,0.0244123331912855,0.156604091163498
1,597,offset,442,-0.207255958464429,0.0665679766689303,0.0838409243857331,0.0244123331912855,-0.0506518673009317
1,598,uncalibrated,442,-0.247289252548681,0.157148901186206,0.170139239323707,0.0263855564800793,0.156513518099959
1,598,offset,442,-0.247289252548681,0.092794732479126,0.112654841770465,0.0263855564800793,-0.0907757344487221
1,599,uncalibrated,442,-0.170518636318992,0.157322590363196,0.170352368536534,0.0257405310006117,0.156687207276949
1,599,offset,442,-0.170518636318992,0.0567142602376886,0.0682668072426318,0.0257405310006117,-0.0138314290420431
1,600,uncalibrated,442,-0.0672835693267392,0.157556153863178,0.170515311281601,0.024930898536444,0.156920770776931
1,600,offset,442,-0.0672835693267392,0.0955348879001029,0.111741536431433,0.024930898536444,0.0896372014501921
1,601,uncalibrated,442,-0.251220392838431,0.15714000720365,0.17012620909654,0.0275768681802764,0.156504624117403
1,601,offset,442,-0.251220392838431,0.0962883533877361,0.11584604652661,0.0275768681802764,-0.0947157687210287
1,602,uncalibrated,442,-0.120272378408332,0.157436269679736,0.170449366058713,0.0207848280879714,0.156800886593489
1,602,offset,442,-0.120272378408332,0.0635290891360881,0.0761629848649998,0.0207848280879714,0.0365285081851566
1,603,uncalibrated,442,-0.177834170376284,0.157306039381166,0.170335445180865,0.0255517371903231,0.156670656294919
1,603,offset,442,-0.177834170376284,0.0575690160927665,0.0701167859314368,0.0255517371903231,-0.0211635140813652
1,604,uncalibrated,442,-0.182807337549519,0.157294787871724,0.170323533675273,0.0244905057947788,0.156659404785477
1,604,offset,442,-0.182807337549519,0.0584722607992322,0.0717750054247632,0.0244905057947788,-0.0261479327640422
1,605,uncalibrated,442,-0.148923597914085,0.157371447916148,0.170398170858379,0.0259977635026048,0.156736064829901
1,605,offset,442,-0.148923597914085,0.0571480834116587,0.0673080771737619,0.0259977635026048,0.00781246691581594
1,606,uncalibrated,442,-0.22400442298393,0.157201581796081,0.170212187565717,0.0267427058652947,0.156566198709834
1,606,offset,442,-0.22400442298393,0.0753802447142466,0.0949058918650635,0.0267427058652947,-0.0674382242740962
1,607,uncalibrated,442,-0.0780587556759803,0.157531775613519,0.170504921307206,0.0271572513031991,0.156896392527272
1,607,offset,442,-0.0780587556759803,0.0869268956031994,0.103299676602595,0.0271572513031991,0.0788376368512921
1,608,uncalibrated,442,-0.22709461825287,0.157194590404069,0.170202922964542,0.026372215456665,0.156559207317822
1,608,offset,442,-0.22709461825287,0.0773539355262909,0.0971261745641455,0.026372215456665,-0.0705354109350472
1,609,uncalibrated,442,-0.187934186793865,0.157283188665289,0.170310909269362,0.0255845391992468,0.156647805579042
1,609,offset,442,-0.187934186793865,0.0596712944100828,0.0737977538475723,0.0255845391992468,-0.0312863812148236
1,610,uncalibrated,442,-0.0724591382934199,0.157544444431127,0.170510513088553,0.0271792778887321,0.15690906134488
1,610,offset,442,-0.0724591382934199,0.0913079836974099,0.107634432432136,0.0271792778887321,0.0844499230514601
1,611,uncalibrated,442,-0.192229046683375,0.157273471787711,0.170300064053298,0.0254897596886856,0.156638088701464
1,611,offset,442,-0.192229046683375,0.0608375314148453,0.0757188039695559,0.0254897596886856,-0.0355909579819109
1,612,uncalibrated,442,-0.0752937950103996,0.157538031180636,0.170507734420318,0.0276487141895408,0.156902648094389
1,612,offset,442,-0.0752937950103996,0.0890506089880407,0.10542509862363,0.0276487141895408,0.0816088530839895
1,613,uncalibrated,442,-0.224092810180495,0.157201381825048,0.170211924345624,0.0262730601667304,0.156565998738801
1,613,offset,442,-0.224092810180495,0.0754348368062431,0.0949687184911139,0.0262730601667304,-0.0675268114416948
1,614,uncalibrated,442,-0.204727519940926,0.157245194698893,0.170267104986448,0.0256947416114085,0.156609811612646
1,614,offset,442,-0.204727519940926,0.065444377848776,0.0823381309107952,0.0256947416114085,-0.0481177083282802
1,615,uncalibrated,442,-0.169736969305468,0.157324358840602,0.170354134673503,0.0261623722758779,0.156688975754355
1,615,offset,442,-0.169736969305468,0.0566519157064288,0.0681127463337004,0.0261623722758779,-0.0130479935511135
1,616,uncalibrated,442,-0.199166385275161,0.15725777645153,0.170282027042414,0.0236820536727728,0.156622393365283
1,616,offset,442,-0.199166385275161,0.0631677540127742,0.0792173331906068,0.0236820536727728,-0.0425439919098776
1,617,uncalibrated,442,-0.161750185499773,0.157342428487221,0.170371714366276,0.0234888867712535,0.156707045400974
1,617,offset,442,-0.161750185499773,0.0564960911050445,0.0670436890382475,0.0234888867712535,-0.0050431400987984
1,618,uncalibrated,442,-0.126095216575816,0.157423095837728,0.17043984505404,0.0255033804207626,0.156787712751481
1,618,offset,442,-0.126095216575816,0.0615711363266078,0.0735485093914036,0.0255033804207626,0.0306924961756648
1,619,uncalibrated,442,-0.217900676677362,0.157215391176865,0.170230112587928,0.0237821808328768,0.156580008090618
1,619,offset,442,-0.217900676677362,0.0718791586371508,0.0906709252956315,0.0237821808328768,-0.0613206685867441
1,620,uncalibrated,442,-0.227433630812013,0.157193823407329,0.170201898826037,0.0255860678581797,0.156558440321082
1,620,offset,442,-0.227433630812013,0.0775801995646333,0.0973726540428282,0.0255860678581797,-0.0708751904909309
1,621,uncalibrated,442,-0.149727636753449,0.157369628823751,0.170396576719402,0.0252004280245886,0.156734245737504
1,621,offset,442,-0.149727636753449,0.0570807583765995,0.0672195071407261,0.0252004280245886,0.00700660898405566
1,622,uncalibrated,442,-0.0808705987754796,0.157525413977548,0.170501956408946,0.0271555141907754,0.156890030891301
1,622,offset,442,-0.0808705987754796,0.0848501718905709,0.101170101341339,0.0271555141907754,0.076019432115821
1,623,uncalibrated,442,-0.0775655325374306,0.157532891502973,0.170505430557148,0.026427591846264,0.156897508416726
1,623,offset,442,-0.0775655325374306,0.0872984867912922,0.103676593785747,0.026427591846264,0.0793319758792955
1,624,uncalibrated,442,-0.152620458555996,0.157363083978044,0.170390770102308,0.0220402739788528,0.156727700891797
1,624,offset,442,-0.152620458555996,0.0568623348141572,0.0669799354197492,0.0220402739788528,0.00410724233580129
1,625,uncalibrated,442,-0.209918368018441,0.157233450698717,0.170252804496975,0.0262276867917989,0.15659806761247
1,625,offset,442,-0.209918368018441,0.0678045641402851,0.0854758275450339,0.0262276867917989,-0.0533203004059705
1,626,uncalibrated,442,-0.048753526274351,0.157598077037505,0.170529575220395,0.0214117867039456,0.156962693951258
1,626,offset,442,-0.048753526274351,0.111363119714627,0.127091591782231,0.0214117867039456,0.108209167676907
1,627,uncalibrated,442,-0.208616583704868,0.157236395912097,0.170256424588985,0.0251498441863315,0.15660101282585
1,627,offset,442,-0.208616583704868,0.0671889919657344,0.0846699032101315,0.0251498441863315,-0.0520155708790185
1,628,uncalibrated,442,-0.13714084089819,0.157398105737451,0.17042054596372,0.026083993763319,0.156762722651204
1,628,offset,442,-0.13714084089819,0.0589198557418765,0.0696679949265318,0.026083993763319,0.0196218817530139
1,629,uncalibrated,442,-0.230900736342448,0.15718597927717,0.170191336822871,0.0264666448880192,0.156550596190923
1,629,offset,442,-0.230900736342448,0.0799848369305816,0.0999246981600347,0.0264666448880192,-0.0743501401515254
1,630,uncalibrated,442,-0.129807649817685,0.157414696667497,0.17043353956985,0.0260607859413379,0.15677931358125
1,630,offset,442,-0.129807649817685,0.0605807191268064,0.0720784911709072,0.0260607859413379,0.0269716637635653
1,631,uncalibrated,442,-0.207255958464429,0.157239474249745,0.17026018415921,0.0244123331912855,0.156604091163498
1,631,offset,442,-0.207255958464429,0.0665679766689303,0.0838409243857331,0.0244123331912855,-0.0506518673009317
1,632,uncalibrated,442,-0.0948339194331314,0.15749382275434,0.170485678045473,0.0268609684749938,0.156858439668093
1,632,offset,442,-0.0948339194331314,0.0756578127251172,0.0911473391487276,0.0268609684749938,0.062024520234962
1,633,uncalibrated,442,-0.220215919589607,0.157210153070728,0.170223371869045,0.0260186079477421,0.156574769984481
1,633,offset,442,-0.220215919589607,0.0731541326034277,0.0922525536656627,0.0260186079477421,-0.0636411496051255
1,634,uncalibrated,442,-0.0712131245873089,0.157547263466661,0.170511700744952,0.0263571364051182,0.156911880380414
1,634,offset,442,-0.0712131245873089,0.0923088707594002,0.108614817731767,0.0263571364051182,0.0856987557931053
1,635,uncalibrated,442,-0.126095216575816,0.157423095837728,0.17043984505404,0.0255033804207626,0.156787712751481
1,635,offset,442,-0.126095216575816,0.0615711363266078,0.0735485093914036,0.0255033804207626,0.0306924961756648
1,636,uncalibrated,442,-0.26773471021599,0.157102644494651,0.170069213713301,0.0290854460935444,0.156467261408404
1,636,offset,442,-0.26773471021599,0.111591610586341,0.129699571026907,0.0290854460935444,-0.111267448807587
1,637,uncalibrated,442,-0.132747657593207,0.157408045066195,0.170428416049329,0.0251581823259654,0.156772661979948
1,637,offset,442,-0.132747657593207,0.0598793844312437,0.0710308263262291,0.0251581823259654,0.0240250043867412
1,638,uncalibrated,442,-0.0941868625755402,0.157495286683882,0.170486489587098,0.0226764732450874,0.156859903597635
1,638,offset,442,-0.0941868625755402,0.0760341787902019,0.0915888849480626,0.0226764732450874,0.0626730410220952
1,639,uncalibrated,442,-0.245756832189262,0.157152368200593,0.170144262775797,0.028613784334142,0.156516985114346
1,639,offset,442,-0.245756832189262,0.0914675040737542,0.111423757934244,0.028613784334142,-0.0892398470749156
1,640,uncalibrated,442,-0.219778877548753,0.157211141853626,0.170224649771406,0.0267038640328495,0.156575758767379
1,640,offset,442,-0.219778877548753,0.0729099032276565,0.0919516034656805,0.0267038640328495,-0.0632031187813739
1,641,uncalibrated,442,-0.251220392838431,0.15714000720365,0.17012620909654,0.0275768681802764,0.156504624117403
1,641,offset,442,-0.251220392838431,0.0962883533877361,0.11584604652661,0.0275768681802764,-0.0947157687210287
1,642,uncalibrated,442,0.0845516858481706,0.157517085726252,0.170497916294956,0.0326627164499894,0.157264289453798
1,642,offset,442,0.0845516858481706,0.239404987860708,0.247795249564065,0.0326282784865954,0.239404987860708
1,643,uncalibrated,442,-0.244579870448581,0.157155031009961,0.170148099691664,0.0283625293872831,0.156519647923714
1,643,offset,442,-0.244579870448581,0.0904720977679387,0.110483385328519,0.0283625293872831,-0.0880602225248668
1,644,uncalibrated,442,-0.222725764120496,0.157204474689437,0.17021598379323,0.0240249588305345,0.15656909160319
1,644,offset,442,-0.222725764120496,0.0746086623084854,0.094001627708308,0.0240249588305345,-0.0661566725173066
1,645,uncalibrated,442,-0.239594746643781,0.157166309570606,0.170164146110354,0.0263946589491797,0.156530926484359
1,645,offset,442,-0.239594746643781,0.0864315624631806,0.106552822087878,0.0263946589491797,-0.083063820159422
1,646,uncalibrated,442,-0.140345720830792,0.157390854877875,0.170414642770153,0.0256486030143415,0.156755471791628
1,646,offset,442,-0.140345720830792,0.0582898373966489,0.0688342390127162,0.0256486030143415,0.0164097509608356
1,647,uncalibrated,442,-0.199166385275161,0.15725777645153,0.170282027042414,0.0236820536727728,0.156622393365283
1,647,offset,442,-0.199166385275161,0.0631677540127742,0.0792173331906068,0.0236820536727728,-0.0425439919098776
1,648,uncalibrated,442,-0.148096591583175,0.157373318971195,0.170399801563869,0.0238702176905117,0.156737935884948
1,648,offset,442,-0.148096591583175,0.0572247966685984,0.0674090843942687,0.0238702176905117,0.00864134430177373
1,649,uncalibrated,442,-0.0724591382934199,0.157544444431127,0.170510513088553,0.0271792778887321,0.15690906134488
1,649,offset,442,-0.0724591382934199,0.0913079836974099,0.107634432432136,0.0271792778887321,0.0844499230514601
1,650,uncalibrated,442,-0.184580929466038,0.157290775220329,0.170319205970994,0.0228396236317585,0.156655392134082
1,650,offset,442,-0.184580929466038,0.0588572583335316,0.0724400143096697,0.0228396236317585,-0.0279255373319555
1,651,uncalibrated,442,-0.204689506588887,0.157245280701952,0.170267208386063,0.0263385840450772,0.156609897615705
1,651,offset,442,-0.204689506588887,0.065427779258406,0.0823159220284596,0.0263385840450772,-0.0480796089731821
1,652,uncalibrated,442,-0.0553830843033619,0.157583078037439,0.170524995469344,0.0265545427766602,0.156947694951192
1,652,offset,442,-0.0553830843033619,0.105522825345386,0.12149718212935,0.0265545427766602,0.10156461064783
1,653,uncalibrated,442,-0.107040489571479,0.157466206079819,0.170469326621469,0.0246433716880675,0.156830822993572
1,653,offset,442,-0.107040489571479,0.0691427359362109,0.0833244356729719,0.0246433716880675,0.049790333422093
1,654,uncalibrated,442,-0.228489201578636,0.157191435238174,0.170198700180533,0.0272660630781348,0.156556052151927
1,654,offset,442,-0.228489201578636,0.0782953020626801,0.0981436603362198,0.0272660630781348,-0.0719331494267088
1,655,uncalibrated,442,-0.0930634379292682,0.157497828368602,0.170487885384737,0.027120355035319,0.156862445282355
1,655,offset,442,-0.0930634379292682,0.0767055277001097,0.0923612779374486,0.027120355035319,0.0637990073530872
1,656,uncalibrated,442,-0.0930634379292682,0.157497828368602,0.170487885384737,0.027120355035319,0.156862445282355
1,656,offset,442,-0.0930634379292682,0.0767055277001097,0.0923612779374486,0.027120355035319,0.0637990073530872
1,657,uncalibrated,442,-0.0553830843033619,0.157583078037439,0.170524995469344,0.0265545427766602,0.156947694951192
1,657,offset,442,-0.0553830843033619,0.105522825345386,0.12149718212935,0.0265545427766602,0.10156461064783
1,658,uncalibrated,442,-0.245073141657583,0.157153915011751,0.170146493871603,0.0283662815501183,0.156518531925504
1,658,offset,442,-0.245073141657583,0.0908874498896372,0.110876947313159,0.0283662815501183,-0.0885546097320787
1,659,uncalibrated,442,-0.204727519940926,0.157245194698893,0.170267104986448,0.0256947416114085,0.156609811612646
1,659,offset,442,-0.204727519940926,0.065444377848776,0.0823381309107952,0.0256947416114085,-0.0481177083282802
1,660,uncalibrated,442,-0.242560420772314,0.157159599900632,0.170154640017298,0.0278623799782414,0.156524216814385
1,660,offset,442,-0.242560420772314,0.0887973850669106,0.108880666151297,0.0278623799782414,-0.0860362039579297
1,661,uncalibrated,442,-0.239982955510668,0.157165431270002,0.170162908438004,0.0280003067046859,0.156530048183755
1,661,offset,442,-0.239982955510668,0.0867345761714975,0.106855730613693,0.0280003067046859,-0.083452907326913
1,662,uncalibrated,442,-0.220547761471363,0.15720940229724,0.170222399867882,0.0259458585833836,0.156574019210993
1,662,offset,442,-0.220547761471363,0.0733419194509898,0.092481790768198,0.0259458585833836,-0.0639737422603699
1,663,uncalibrated,442,-0.158984749028306,0.157348685130822,0.170377603517246,0.0244011487317019,0.156713302044575
1,663,offset,442,-0.158984749028306,0.0565669209445143,0.0668926618842865,0.0244011487317019,-0.00227144698373148
1,664,uncalibrated,442,-0.0833667414106265,0.15751976659602,0.170499236445085,0.0265606574123917,0.156884383509773
1,664,offset,442,-0.0833667414106265,0.0830660507177003,0.0993082249309374,0.0265606574123917,0.0735176420991467
1,665,uncalibrated,442,-0.197430880269639,0.157261702933443,0.1702865994894,0.0261751565139302,0.156626319847196
1,665,offset,442,-0.197430880269639,0.0625131182128615,0.078299004131955,0.0261751565139302,-0.0408045604224432
1,666,uncalibrated,442,-0.183525353371825,0.157293163401538,0.170321786707095,0.0253643428284142,0.156657780315291
1,666,offset,442,-0.183525353371825,0.0586256047562948,0.0720396930568939,0.0253643428284142,-0.0268675730565338
1,667,uncalibrated,442,-0.168898623164492,0.157326255551328,0.17035601983528,0.0220083103456357,0.156690872465081
1,667,offset,442,-0.168898623164492,0.0565935369891473,0.067957142063135,0.0220083103456357,-0.0122077506994113
1,668,uncalibrated,442,-0.121877285852626,0.157432638667418,0.170446786832148,0.0245840310735657,0.156797255581171
1,668,offset,442,-0.121877285852626,0.0629384704731843,0.0754064458084254,0.0245840310735657,0.034919969728545
1,669,uncalibrated,442,-0.285305249880296,0.157062892142469,0.170004567038054,0.0314542420790458,0.156427509056222
1,669,offset,442,-0.285305249880296,0.128877740824075,0.145056745117831,0.0314542420790458,-0.128877740824075
1,670,uncalibrated,442,-0.138853504185137,0.157394230933634,0.170417408332103,0.0200341870674272,0.156758847847387
1,670,offset,442,-0.138853504185137,0.0585720313055914,0.0692051877813618,0.0200341870674272,0.0179053436622501
1,671,uncalibrated,442,-0.239078918506959,0.15716747660259,0.170165787539514,0.0272585596997513,0.156532093516343
1,671,offset,442,-0.239078918506959,0.0860317016095687,0.106151200013779,0.0272585596997513,-0.0825468249906161
1,672,uncalibrated,442,-0.260754453354956,0.157118436930988,0.170093749398769,0.0291806398543651,0.156483053844741
1,672,offset,442,-0.260754453354956,0.105003869755013,0.123763735398436,0.0291806398543651,-0.104271399510215
1,673,uncalibrated,442,-0.0262674227455463,0.1576489505749,0.170540765231964,0.0292080862306601,0.157013567488653
1,673,offset,442,-0.0262674227455463,0.132195059315921,0.146715529496967,0.0292080862306601,0.130746144743107
1,674,uncalibrated,442,-0.197977676257248,0.157260465838449,0.170285163204893,0.0262137204083973,0.156625082752202
1,674,offset,442,-0.197977676257248,0.0627115777558614,0.0785853500989642,0.0262137204083973,-0.041352593505046
1,675,uncalibrated,442,-0.140345720830792,0.157390854877875,0.170414642770153,0.0256486030143415,0.156755471791628
1,675,offset,442,-0.140345720830792,0.0582898373966489,0.0688342390127162,0.0256486030143415,0.0164097509608356
1,676,uncalibrated,442,-0.104075846945624,0.157472913416077,0.170473479893606,0.0263371952702025,0.15683753032983
1,676,offset,442,-0.104075846945624,0.070621937509527,0.085129264419532,0.0263371952702025,0.0527616833842056
1,677,uncalibrated,442,-0.237890151591626,0.157170166120498,0.170169556812605,0.0275396244899116,0.156534783034251
1,677,offset,442,-0.237890151591626,0.0851199550387596,0.105229443404995,0.0275396244899116,-0.0813553685573759
1,678,uncalibrated,442,0.0194118273059852,0.157664460971822,0.170542842444951,0.0313120767982873,0.157116914208227
1,678,offset,442,0.0194118273059852,0.176847773444283,0.188577657635998,0.0313120767982873,0.176528741514212
1,679,uncalibrated,442,-0.22138367952835,0.157207511079917,0.170219944860712,0.0233752796187413,0.15657212799367
1,679,offset,442,-0.22138367952835,0.0738213566916511,0.0930619985614447,0.0233752796187413,-0.0648115515346799
1,680,uncalibrated,442,-0.100406905407668,0.157481214188787,0.170478458204801,0.0271432154348153,0.15684583110254
1,680,offset,442,-0.100406905407668,0.0725287061236643,0.0874507993744539,0.0271432154348153,0.0564389256948725
1,681,uncalibrated,442,-0.0712417324524625,0.157547198742984,0.170511673708089,0.0277462018993421,0.156911815656737
1,681,offset,442,-0.0712417324524625,0.0922857644067762,0.108592247118601,0.0277462018993421,0.0856700832042749
1,682,uncalibrated,442,-0.248047598788024,0.157147185470732,0.170136741771286,0.0283890724651177,0.156511802384485
1,682,offset,442,-0.248047598788024,0.0934655772293141,0.113266802895372,0.0283890724651177,-0.0915357964035387
1,683,uncalibrated,442,-0.0860547071481185,0.157513685225573,0.17049621495437,0.0275123865671074,0.156878302139326
1,683,offset,442,-0.0860547071481185,0.0812021675220547,0.0973351901376248,0.0275123865671074,0.0708235949912079
1,684,uncalibrated,442,0.0845516858481706,0.157517085726252,0.170497916294956,0.0326627164499894,0.157264289453798
1,684,offset,442,0.0845516858481706,0.239404987860708,0.247795249564065,0.0326282784865954,0.239404987860708
1,685,uncalibrated,442,-0.138853504185137,0.157394230933634,0.170417408332103,0.0200341870674272,0.156758847847387
1,685,offset,442,-0.138853504185137,0.0585720313055914,0.0692051877813618,0.0200341870674272,0.0179053436622501
1,686,uncalibrated,442,-0.260869303562117,0.15711817708889,0.170093350971518,0.0294530190824067,0.156482794002643
1,686,offset,442,-0.260869303562117,0.105111704225538,0.123860512690108,0.0294530190824067,-0.104386509559474
1,687,uncalibrated,442,-0.141913131184667,0.157387308700604,0.170411705966912,0.0247699029570123,0.156751925614357
1,687,offset,442,-0.141913131184667,0.0580214929418318,0.0684775376811339,0.0247699029570123,0.0148387944296895
1,688,uncalibrated,442,-0.247289252548681,0.157148901186206,0.170139239323707,0.0263855564800793,0.156513518099959
1,688,offset,442,-0.247289252548681,0.092794732479126,0.112654841770465,0.0263855564800793,-0.0907757344487221
1,689,uncalibrated,442,-0.121059914732145,0.157434487923347,0.17044810469601,0.0259901896924373,0.1567991048371
1,689,offset,442,-0.121059914732145,0.0632333956483755,0.0757884346460881,0.0259901896924373,0.035739190104955
1,690,uncalibrated,442,-0.186077451999816,0.157287389422741,0.170315521748125,0.0252822112746567,0.156652006336494
1,690,offset,442,-0.186077451999816,0.0592040229762988,0.0730300124029288,0.0252822112746567,-0.0294254456633218
1,691,uncalibrated,442,-0.140345720830792,0.157390854877875,0.170414642770153,0.0256486030143415,0.156755471791628
1,691,offset,442,-0.140345720830792,0.0582898373966489,0.0688342390127162,0.0256486030143415,0.0164097509608356
1,692,uncalibrated,442,-0.199166385275161,0.15725777645153,0.170282027042414,0.0236820536727728,0.156622393365283
1,692,offset,442,-0.199166385275161,0.0631677540127742,0.0792173331906068,0.0236820536727728,-0.0425439919098776
1,693,uncalibrated,442,-0.0937506693906227,0.157496273546292,0.170487033525184,0.0244808474497029,0.156860890460045
1,693,offset,442,-0.0937506693906227,0.0762917498790332,0.0918879189432999,0.0244808474497029,0.063110221069422
1,694,uncalibrated,442,-0.167620149867236,0.157329148024851,0.170358876686128,0.0226594503311687,0.156693764938604
1,694,offset,442,-0.167620149867236,0.0565299703025127,0.0677391820347246,0.0226594503311687,-0.0109263849286317
1,695,uncalibrated,442,-0.114673651340269,0.157448936483057,0.17045809574487,0.0265922024501312,0.15681355339681
1,695,offset,442,-0.114673651340269,0.0657567875257715,0.0790015393607486,0.0265922024501312,0.0421399020565415
1,696,uncalibrated,442,-0.239174195323742,0.15716726104418,0.170165484624417,0.0248582177526349,0.156531877957934
1,696,offset,442,-0.239174195323742,0.0861052070270419,0.106225307530815,0.0248582177526349,-0.0826423173658085
1,697,uncalibrated,442,-0.190458966199048,0.157277476494689,0.170304563561618,0.0243206161997376,0.156642093408442
1,697,offset,442,-0.190458966199048,0.0603422775666438,0.0749031363019612,0.0243206161997376,-0.0338168727906064
1,698,uncalibrated,442,-0.0860547071481185,0.157513685225573,0.17049621495437,0.0275123865671074,0.156878302139326
1,698,offset,442,-0.0860547071481185,0.0812021675220547,0.0973351901376248,0.0275123865671074,0.0708235949912079
1,699,uncalibrated,442,-0.179792208605456,0.157301609430421,0.170330794684107,0.0209456152139122,0.156666226344174
1,699,offset,442,-0.179792208605456,0.0578948149917566,0.0707324833180951,0.0209456152139122,-0.0231259822612816
1,700,uncalibrated,442,-0.192507280969147,0.157272842298376,0.170299352990969,0.0259199399655019,0.156637459212129
1,700,offset,442,-0.192507280969147,0.0609187355389735,0.0758499842688939,0.0259199399655019,-0.0358698217570179
1,701,uncalibrated,442,-0.222725764120496,0.157204474689437,0.17021598379323,0.0240249588305345,0.15656909160319
1,701,offset,442,-0.222725764120496,0.0746086623084854,0.094001627708308,0.0240249588305345,-0.0661566725173066
1,702,uncalibrated,442,-0.0826553877353879,0.157521375993475,0.17050002001158,0.0218655204690251,0.156885992907228
1,702,offset,442,-0.0826553877353879,0.0835697921212063,0.0998359894909642,0.0218655204690251,0.0742306051718405
1,703,uncalibrated,442,-0.0329039157398913,0.157633935884868,0.170538160440993,0.0272690518587907,0.156998552798621
1,703,offset,442,-0.0329039157398913,0.125897622742519,0.140833936011439,0.0272690518587907,0.12409463705873
1,704,uncalibrated,442,-0.0600646419839139,0.157572486277981,0.170521410049509,0.0263501193866351,0.156937103191734
1,704,offset,442,-0.0600646419839139,0.101556023406802,0.117611949509905,0.0263501193866351,0.0968724612078201
1,705,uncalibrated,442,-0.0180908966057578,0.157667449502818,0.170543171036709,0.028416101934431,0.157032066416571
1,705,offset,442,-0.0180908966057578,0.140028937212369,0.154047239418936,0.028416101934431,0.138941169810814
1,706,uncalibrated,442,-0.185101902315018,0.157289596548725,0.170317926795547,0.0248252821010809,0.156654213462478
1,706,offset,442,-0.185101902315018,0.0589762098582095,0.072642443470995,0.0248252821010809,-0.0284476888525399
1,707,uncalibrated,442,-0.253078784533747,0.157135802697552,0.170119977347145,0.0271685763323017,0.156500419611305
1,707,offset,442,-0.253078784533747,0.0979613863980208,0.117370379249499,0.0271685763323017,-0.0965783649224426
1,708,uncalibrated,442,-0.100513215727302,0.157480973667702,0.170478316469751,0.0266837116753248,0.156845590581455
1,708,offset,442,-0.100513215727302,0.0724716596781284,0.0873822267868247,0.0266837116753248,0.0563323748541532
1,709,uncalibrated,442,-0.229333923872616,0.157189524101762,0.17019612974653,0.026813093658259,0.156554141015515
1,709,offset,442,-0.229333923872616,0.0788785600447646,0.0987644688352983,0.026813093658259,-0.0727797828571004
1,710,uncalibrated,442,-0.200250307797478,0.157255324138131,0.170279150922141,0.0256497851418823,0.156619941051884
1,710,offset,442,-0.200250307797478,0.0635944261222456,0.0798047129311578,0.0256497851418823,-0.0436303667455935
1,711,uncalibrated,442,-0.132747657593207,0.157408045066195,0.170428416049329,0.0251581823259654,0.156772661979948
1,711,offset,442,-0.132747657593207,0.0598793844312437,0.0710308263262291,0.0251581823259654,0.0240250043867412
1,712,uncalibrated,442,-0.22347920268115,0.157202770077309,0.17021374953951,0.0266545309677703,0.156567386991062
1,712,offset,442,-0.22347920268115,0.0750603845224519,0.094533406486991,0.0266545309677703,-0.0669118156900884
1,713,uncalibrated,442,-0.114673651340269,0.157448936483057,0.17045809574487,0.0265922024501312,0.15681355339681
1,713,offset,442,-0.114673651340269,0.0657567875257715,0.0790015393607486,0.0265922024501312,0.0421399020565415
1,714,uncalibrated,442,-0.208377144064096,0.157236937630741,0.170257087979037,0.0234326738132214,0.156601554544494
1,714,offset,442,-0.208377144064096,0.0670779396436571,0.084523019299194,0.0234326738132214,-0.0517755895196025
1,715,uncalibrated,442,-0.20248301873025,0.15725027275593,0.170273177214757,0.0235094541823505,0.156614889669684
1,715,offset,442,-0.20248301873025,0.0644976093720413,0.0810470016476712,0.0235094541823505,-0.0458681290605669
1,716,uncalibrated,442,-0.140259255957027,0.157391050499761,0.170414803825706,0.0246781834210391,0.156755667413514
1,716,offset,442,-0.140259255957027,0.0583052915256703,0.0688549031488626,0.0246781834210391,0.016496411456487
1,717,uncalibrated,442,-0.0817211232027409,0.157523489714138,0.170501038911723,0.0254306310385039,0.156888106627891
1,717,offset,442,-0.0817211232027409,0.0842356141297669,0.100532590068739,0.0254306310385039,0.0751669834251496
1,718,uncalibrated,442,-0.15630295292905,0.157354752542811,0.170383217367975,0.0227802838713637,0.156719369456564
1,718,offset,442,-0.15630295292905,0.0566669992761889,0.0668554664969439,0.0227802838713637,0.000416416527514017
1,719,uncalibrated,442,-0.219778877548753,0.157211141853626,0.170224649771406,0.0267038640328495,0.156575758767379
1,719,offset,442,-0.219778877548753,0.0729099032276565,0.0919516034656805,0.0267038640328495,-0.0632031187813739
1,720,uncalibrated,442,-0.199166385275161,0.15725777645153,0.170282027042414,0.0236820536727728,0.156622393365283
1,720,offset,442,-0.199166385275161,0.0631677540127742,0.0792173331906068,0.0236820536727728,-0.0425439919098776
1,721,uncalibrated,442,-0.0759124897542186,0.157536631418772,0.170507113764672,0.0271857399469484,0.156901248332525
1,721,offset,442,-0.0759124897542186,0.0885678802103158,0.104946906253158,0.0271857399469484,0.0809887585783066
1,722,uncalibrated,442,-0.148923597914085,0.157371447916148,0.170398170858379,0.0259977635026048,0.156736064829901
1,722,offset,442,-0.148923597914085,0.0571480834116587,0.0673080771737619,0.0259977635026048,0.00781246691581594
1,723,uncalibrated,442,-0.22671926793046,0.157195439612944,0.170204055088159,0.0271571123342052,0.156560056526697
1,723,offset,442,-0.22671926793046,0.0771065705557893,0.0968539313275857,0.0271571123342052,-0.0701592114037633
1,724,uncalibrated,442,-0.0879330453862703,0.15750943559155,0.17049404661012,0.0222366371672317,0.156874052505303
1,724,offset,442,-0.0879330453862703,0.0799404444007602,0.0959771537536086,0.0222366371672317,0.068941007119033
1,725,uncalibrated,442,-0.212105311676533,0.157228502862387,0.170246672023246,0.0256288008238036,0.15659311977614
1,725,offset,442,-0.212105311676533,0.0688811441759972,0.0868569376811784,0.0256288008238036,-0.0555121919003929
1,726,uncalibrated,442,-0.239594746643781,0.157166309570606,0.170164146110354,0.0263946589491797,0.156530926484359
1,726,offset,442,-0.239594746643781,0.0864315624631806,0.106552822087878,0.0263946589491797,-0.083063820159422
1,727,uncalibrated,442,-0.158306793484718,0.157350218966893,0.170379031730706,0.0242805931294947,0.156714835880646
1,727,offset,442,-0.158306793484718,0.0565899284855863,0.0668730812615065,0.0242805931294947,-0.00159195760407172
1,728,uncalibrated,442,-0.235003376110234,0.157176697286745,0.170178631478941,0.0273363823363346,0.156541314200498
1,728,offset,442,-0.235003376110234,0.082964456913187,0.103013973418917,0.0273363823363346,-0.0784620619097355
1,729,uncalibrated,442,-0.274209798185925,0.157087994974357,0.170045870946597,0.0297473543779913,0.15645261188811
1,729,offset,442,-0.274209798185925,0.117885277850955,0.135295725668454,0.0297473543779913,-0.117757186297816
1,730,uncalibrated,442,-0.109328585832806,0.157461029391445,0.170466041320552,0.0258146023686462,0.156825646305198
1,730,offset,442,-0.109328585832806,0.0680670829716446,0.0819777936881385,0.0258146023686462,0.0474970604723919
1,731,uncalibrated,442,-0.169736969305468,0.157324358840602,0.170354134673503,0.0261623722758779,0.156688975754355
1,731,offset,442,-0.169736969305468,0.0566519157064288,0.0681127463337004,0.0261623722758779,-0.0130479935511135
1,732,uncalibrated,442,-0.219720952707526,0.157211272905303,0.170224818951255,0.0262090658578279,0.156575889819056
1,732,offset,442,-0.219720952707526,0.0728777955667951,0.0919117983805514,0.0262090658578279,-0.0631450628884694
1,733,uncalibrated,442,-0.142822590316644,0.157385251100758,0.170409986967832,0.0261641093883016,0.156749868014511
1,733,offset,442,-0.142822590316644,0.0578748596634525,0.068286247516492,0.0261641093883016,0.013927277697867
1,734,uncalibrated,442,-0.0512807775353109,0.157592359274471,0.170527898164506,0.0253412044909301,0.156956976188224
1,734,offset,442,-0.0512807775353109,0.109104603316258,0.124946911286287,0.0253412044909301,0.105676198652913
1,735,uncalibrated,442,-0.164666796049281,0.15733582982082,0.170365393021397,0.0250439498129806,0.156700446734573
1,735,offset,442,-0.164666796049281,0.0564735015406459,0.0673260711309102,0.0250439498129806,-0.00796634931470854
1,736,uncalibrated,442,-0.106795580271922,0.157466760173257,0.170469674147457,0.0209474218108329,0.15683137708701
1,736,offset,442,-0.106795580271922,0.0692618660253622,0.0834710125004673,0.0209474218108329,0.0500357968150885
1,737,uncalibrated,442,-0.0937506693906227,0.157496273546292,0.170487033525184,0.0244808474497029,0.156860890460045
1,737,offset,442,-0.0937506693906227,0.0762917498790332,0.0918879189432999,0.0244808474497029,0.063110221069422
1,738,uncalibrated,442,-0.208377144064096,0.157236937630741,0.170257087979037,0.0234326738132214,0.156601554544494
1,738,offset,442,-0.208377144064096,0.0670779396436571,0.084523019299194,0.0234326738132214,-0.0517755895196025
1,739,uncalibrated,442,-0.103299827241947,0.157474669116764,0.170474547767839,0.0244907142482697,0.156839286030517
1,739,offset,442,-0.103299827241947,0.0710170140128118,0.0856124023810804,0.0244907142482697,0.0535394587885695
1,740,uncalibrated,442,-0.233868703489321,0.157179264419371,0.170182167893286,0.025300139153233,0.156543881333125
1,740,offset,442,-0.233868703489321,0.0821328531878528,0.102152394037078,0.025300139153233,-0.0773248221561967
1,741,uncalibrated,442,-0.10642470298928,0.157467599262132,0.170470198904993,0.0267122031002383,0.156832216175885
1,741,offset,442,-0.10642470298928,0.0694452852133158,0.0836938592115699,0.0267122031002383,0.0504075131866044
1,742,uncalibrated,442,-0.22138367952835,0.157207511079917,0.170219944860712,0.0233752796187413,0.15657212799367
1,742,offset,442,-0.22138367952835,0.0738213566916511,0.0930619985614447,0.0233752796187413,-0.0648115515346799
1,743,uncalibrated,442,-0.227860794922665,0.15719285697269,0.170200606202458,0.0253006950292086,0.156557473886443
1,743,offset,442,-0.227860794922665,0.0778673599734333,0.0976840176936569,0.0253006950292086,-0.0713033210362227
1,744,uncalibrated,442,-0.0180908966057578,0.157667449502818,0.170543171036709,0.028416101934431,0.157032066416571
1,744,offset,442,-0.0180908966057578,0.140028937212369,0.154047239418936,0.028416101934431,0.138941169810814
1,745,uncalibrated,442,-0.0310253712088862,0.157638185985617,0.170538957052364,0.0290889898028888,0.15700280289937
1,745,offset,442,-0.0310253712088862,0.127669914754802,0.142491996440432,0.0290889898028888,0.125977431690484
1,746,uncalibrated,442,-0.199715069784716,0.157256535083862,0.17028057309961,0.0262920303471854,0.156621151997615
1,746,offset,442,-0.199715069784716,0.0633825106194552,0.0795133578231546,0.0262920303471854,-0.0430939177871013
1,747,uncalibrated,442,-0.239174195323742,0.15716726104418,0.170165484624417,0.0248582177526349,0.156531877957934
1,747,offset,442,-0.239174195323742,0.0861052070270419,0.106225307530815,0.0248582177526349,-0.0826423173658085
1,748,uncalibrated,442,-0.178790070302609,0.157303876711649,0.170333181220187,0.0240392039870926,0.156668493625402
1,748,offset,442,-0.178790070302609,0.0577216818238635,0.0704112198759688,0.0240392039870926,-0.0221215766772066
1,749,uncalibrated,442,-0.109604743549256,0.157460404600231,0.170465640103452,0.0252871446737687,0.156825021513984
1,749,offset,442,-0.109604743549256,0.0679403920688173,0.0818181015062318,0.0252871446737687,0.0472202779647289
1,750,uncalibrated,442,-0.220361182438801,0.157209824421748,0.17022294655907,0.0261211652466551,0.156574441335501
1,750,offset,442,-0.220361182438801,0.0732359661994671,0.0923528245172129,0.0261211652466551,-0.0637867411032999
1,751,uncalibrated,442,-0.170518636318992,0.157322590363196,0.170352368536534,0.0257405310006117,0.156687207276949
1,751,offset,442,-0.170518636318992,0.0567142602376886,0.0682668072426318,0.0257405310006117,-0.0138314290420431
1,752,uncalibrated,442,-0.22709461825287,0.157194590404069,0.170202922964542,0.026372215456665,0.156559207317822
1,752,offset,442,-0.22709461825287,0.0773539355262909,0.0971261745641455,0.026372215456665,-0.0705354109350472
1,753,uncalibrated,442,-0.0339517576648636,0.15763156520178,0.170537695753706,0.029637847844292,0.156996182115533
1,753,offset,442,-0.0339517576648636,0.124913789260927,0.13991152512401,0.029637847844292,0.123044424450669
1,754,uncalibrated,442,-0.192122074118349,0.157273713807089,0.17030033716049,0.0237291641617044,0.156638330720842
1,754,offset,442,-0.192122074118349,0.0608067949538538,0.075668581534644,0.0237291641617044,-0.0354837433975076
1,755,uncalibrated,442,-0.0752937950103996,0.157538031180636,0.170507734420318,0.0276487141895408,0.156902648094389
1,755,offset,442,-0.0752937950103996,0.0890506089880407,0.10542509862363,0.0276487141895408,0.0816088530839895
1,756,uncalibrated,442,-0.143316245136765,0.157384134234649,0.170409049289082,0.0260090199911106,0.156748751148402
1,756,offset,442,-0.143316245136765,0.0578007567001606,0.0681872811510911,0.0260090199911106,0.013432506011637
1,757,uncalibrated,442,-0.175910465331004,0.157310391655024,0.170339964419668,0.0251769431401417,0.156675008568777
1,757,offset,442,-0.175910465331004,0.0572891843894137,0.0695603907789412,0.0251769431401417,-0.0192354567622272
1,758,uncalibrated,442,-0.125837759966467,0.157423678318744,0.170440275546073,0.0254951099943931,0.156788295232498
1,758,offset,442,-0.125837759966467,0.0616467455249367,0.0736563211106987,0.0254951099943931,0.0309505352660304
1,759,uncalibrated,442,-0.237696498846622,0.15717060424888,0.170170169047951,0.0279898830577093,0.156535221162633
1,759,offset,442,-0.237696498846622,0.0849723057739035,0.105079798080657,0.0279898830577093,-0.0811612776839894
1,760,uncalibrated,442,-0.196154328736786,0.157264591059083,0.17028993713428,0.0254290302446815,0.156629207972836
1,760,offset,442,-0.196154328736786,0.0620674458260531,0.0776414133720132,0.0254290302446815,-0.0395251207639502
1,761,uncalibrated,442,-0.246845288294921,0.157149905630219,0.170140697918314,0.0284222165701626,0.156514522543972
1,761,offset,442,-0.246845288294921,0.0924067197140795,0.11229741119953,0.0284222165701626,-0.0903307657509492
1,762,uncalibrated,442,-0.165999107621908,0.157332815541243,0.170362467755827,0.0256701414239656,0.156697432454997
1,762,offset,442,-0.165999107621908,0.056487973135006,0.0674967128294233,0.0256701414239656,-0.0093016751669111
1,763,uncalibrated,442,-0.222011962362207,0.157206089625541,0.170218093520368,0.0269264932888302,0.156570706539294
1,763,offset,442,-0.222011962362207,0.0741866704660883,0.093500648014732,0.0269264932888302,-0.0654412558229122
1,764,uncalibrated,442,-0.226270772712254,0.157196454308007,0.170205405364258,0.0256050371258469,0.15656107122176
1,764,offset,442,-0.226270772712254,0.0768136024341472,0.0965295471604416,0.0256050371258469,-0.0697097014904934
1,765,uncalibrated,442,-0.0310253712088862,0.157638185985617,0.170538957052364,0.0290889898028888,0.15700280289937
1,765,offset,442,-0.0310253712088862,0.127669914754802,0.142491996440432,0.0290889898028888,0.125977431690484
1,766,uncalibrated,442,-0.219778877548753,0.157211141853626,0.170224649771406,0.0267038640328495,0.156575758767379
1,766,offset,442,-0.219778877548753,0.0729099032276565,0.0919516034656805,0.0267038640328495,-0.0632031187813739
1,767,uncalibrated,442,-0.173512602422355,0.157315816684229,0.170345528584819,0.0261308263142629,0.156680433597982
1,767,offset,442,-0.173512602422355,0.0569934614074555,0.0689359321669176,0.0261308263142629,-0.0168321688243734
1,768,uncalibrated,442,-0.178460069556869,0.157304623319671,0.170333964171593,0.0248542571363088,0.156669240233424
1,768,offset,442,-0.178460069556869,0.057667179438255,0.0703082410368415,0.0248542571363088,-0.0217908293234452
1,769,uncalibrated,442,-0.167873496295245,0.157328574842888,0.17035831229163,0.0257699238371078,0.156693191756641
1,769,offset,442,-0.167873496295245,0.05653856803197,0.0677805092452482,0.0257699238371078,-0.011180304538604
1,770,uncalibrated,442,-0.196603507475836,0.157263574817592,0.170288765197202,0.0244831404381022,0.156628191731345
1,770,offset,442,-0.196603507475836,0.062222818849154,0.0778710406777038,0.0244831404381022,-0.0399753157444911
1,771,uncalibrated,442,-0.149727636753449,0.157369628823751,0.170396576719402,0.0252004280245886,0.156734245737504
1,771,offset,442,-0.149727636753449,0.0570807583765995,0.0672195071407261,0.0252004280245886,0.00700660898405566
1,772,uncalibrated,442,-0.260754453354956,0.157118436930988,0.170093749398769,0.0291806398543651,0.156483053844741
1,772,offset,442,-0.260754453354956,0.105003869755013,0.123763735398436,0.0291806398543651,-0.104271399510215
1,773,uncalibrated,442,-0.208901269475139,0.157235751826643,0.170255634845514,0.0264357937713737,0.156600368740396
1,773,offset,442,-0.208901269475139,0.0673223176545266,0.0848450936983771,0.0264357937713737,-0.0523009007347429
1,774,uncalibrated,442,-0.250840892732241,0.157140865801175,0.170127476000019,0.0280270553148344,0.156505482714928
1,774,offset,442,-0.250840892732241,0.095949207365236,0.115535975148172,0.0280270553148344,-0.0943354100173133
1,775,uncalibrated,442,-0.245756832189262,0.157152368200593,0.170144262775797,0.028613784334142,0.156516985114346
1,775,offset,442,-0.245756832189262,0.0914675040737542,0.111423757934244,0.028613784334142,-0.0892398470749156
1,776,uncalibrated,442,-0.182363485018665,0.15729579206297,0.170324610156534,0.0227463746465899,0.156660408976723
1,776,offset,442,-0.182363485018665,0.0583808793958211,0.0716145041331636,0.0227463746465899,-0.0257030760419419
1,777,uncalibrated,442,-0.211510772561975,0.157229847973506,0.170248345500612,0.0264250236743465,0.156594464887259
1,777,offset,442,-0.211510772561975,0.0685838746187185,0.0864781681176979,0.0264250236743465,-0.0549163076747166
1,778,uncalibrated,442,-0.217900676677362,0.157215391176865,0.170230112587928,0.0237821808328768,0.156580008090618
1,778,offset,442,-0.217900676677362,0.0718791586371508,0.0906709252956315,0.0237821808328768,-0.0613206685867441
1,779,uncalibrated,442,-0.268020703641995,0.1571019974507,0.170068194544898,0.0303497849456126,0.156466614364453
1,779,offset,442,-0.268020703641995,0.111864016089391,0.12994500459667,0.0303497849456126,-0.111554089277542
1,780,uncalibrated,442,-0.209918368018441,0.157233450698717,0.170252804496975,0.0262276867917989,0.15659806761247
1,780,offset,442,-0.209918368018441,0.0678045641402851,0.0854758275450339,0.0262276867917989,-0.0533203004059705
1,781,uncalibrated,442,-0.101491577769215,0.157478760178919,0.170477005050582,0.0232670922569911,0.156843377092672
1,781,offset,442,-0.101491577769215,0.0719548988707443,0.0867547462766518,0.0232670922569911,0.0553517993234572
1,782,uncalibrated,442,-0.227860794922665,0.15719285697269,0.170200606202458,0.0253006950292086,0.156557473886443
1,782,offset,442,-0.227860794922665,0.0778673599734333,0.0976840176936569,0.0253006950292086,-0.0713033210362227
1,783,uncalibrated,442,-0.0876377406353984,0.157510103701846,0.170494390611961,0.0205191193716369,0.156874720615599
1,783,offset,442,-0.0876377406353984,0.0801348644969225,0.0961894934943528,0.0205191193716369,0.0692369799802011
1,784,uncalibrated,442,-0.100416396994449,0.157481192714609,0.17047844555653,0.0269654046071219,0.156845809628362
1,784,offset,442,-0.100416396994449,0.0725235737950651,0.0874446740036397,0.0269654046071219,0.0564294126339125
1,785,uncalibrated,442,-0.106795580271922,0.157466760173257,0.170469674147457,0.0209474218108329,0.15683137708701
1,785,offset,442,-0.106795580271922,0.0692618660253622,0.0834710125004673,0.0209474218108329,0.0500357968150885
1,786,uncalibrated,442,-0.0471012311060695,0.157601815261868,0.170530625846028,0.026442186345093,0.156966432175621
1,786,offset,442,-0.0471012311060695,0.11284719478659,0.128501346014534,0.026442186345093,0.109865201069551
1,787,uncalibrated,442,-0.26773471021599,0.157102644494651,0.170069213713301,0.0290854460935444,0.156467261408404
1,787,offset,442,-0.26773471021599,0.111591610586341,0.129699571026907,0.0290854460935444,-0.111267448807587
1,788,uncalibrated,442,-0.0262674227455463,0.1576489505749,0.170540765231964,0.0292080862306601,0.157013567488653
1,788,offset,442,-0.0262674227455463,0.132195059315921,0.146715529496967,0.0292080862306601,0.130746144743107
1,789,uncalibrated,442,-0.197396112410029,0.157261781593759,0.170286690680391,0.0225757909968417,0.156626398507512
1,789,offset,442,-0.197396112410029,0.0625007685432713,0.0782808909321959,0.0225757909968417,-0.0407697139025168
1,790,uncalibrated,442,-0.0845920805267307,0.157516994335576,0.17049787096254,0.0235927660941928,0.15688161124933
1,790,offset,442,-0.0845920805267307,0.0822102469101836,0.0984045746226596,0.0235927660941928,0.0722895307225988
1,791,uncalibrated,442,0.0194118273059852,0.157664460971822,0.170542842444951,0.0313120767982873,0.157116914208227
1,791,offset,442,0.0194118273059852,0.176847773444283,0.188577657635998,0.0313120767982873,0.176528741514212
1,792,uncalibrated,442,-0.0891675821979759,0.157506642521841,0.170492595953887,0.0204217715914109,0.156871259435594
1,792,offset,442,-0.0891675821979759,0.0791406053038935,0.0950942750626011,0.0204217715914109,0.0677036772376177
1,793,uncalibrated,442,-0.127296299740915,0.157420378455001,0.170437825086791,0.0229004225665892,0.156784995368754
1,793,offset,442,-0.127296299740915,0.0612362607567727,0.0730554626114063,0.0229004225665892,0.0294886956278389
1,794,uncalibrated,442,-0.153973457051132,0.157360022895476,0.170388016089063,0.0260852444842641,0.156724639809229
1,794,offset,442,-0.153973457051132,0.0567796855848162,0.066910629275196,0.0260852444842641,0.00275118275809663
1,795,uncalibrated,442,-0.260730495170041,0.157118491135026,0.170093832489956,0.0295163889436245,0.156483108048779
1,795,offset,442,-0.260730495170041,0.104981483487208,0.123743551218339,0.0295163889436245,-0.104247387121262
1,796,uncalibrated,442,-0.0130746733506568,0.15767879842421,0.170544208001502,0.0303505503295018,0.157043415337963
1,796,offset,442,-0.0130746733506568,0.144891391646639,0.158586541835224,0.0303505503295018,0.143968741987306
1,797,uncalibrated,442,-0.0904756980677723,0.157503682983674,0.170491036755458,0.0269282998857509,0.156868299897427
1,797,offset,442,-0.0904756980677723,0.0783092955633124,0.09416744489978,0.0269282998857509,0.0663926018296544
1,798,uncalibrated,442,-0.22400442298393,0.157201581796081,0.170212187565717,0.0267427058652947,0.156566198709834
1,798,offset,442,-0.22400442298393,0.0753802447142466,0.0949058918650635,0.0267427058652947,-0.0674382242740962
1,799,uncalibrated,442,-0.0180908966057578,0.157667449502818,0.170543171036709,0.028416101934431,0.157032066416571
1,799,offset,442,-0.0180908966057578,0.140028937212369,0.154047239418936,0.028416101934431,0.138941169810814
1,800,uncalibrated,442,-0.1116232855132,0.157455837763209,0.170462676687672,0.0247984610852585,0.156820454676962
1,800,offset,442,-0.1116232855132,0.0670488434424414,0.080670026892611,0.0247984610852585,0.0451971691637619
1,801,uncalibrated,442,-0.13086991141051,0.157412293360726,0.170431701634877,0.0253011814206872,0.156776910274479
1,801,offset,442,-0.13086991141051,0.0603176282490564,0.071687780807369,0.0253011814206872,0.0259069988639696
1,802,uncalibrated,442,-0.252229240781048,0.157137724742241,0.170122831851576,0.0271685772762019,0.156502341655994
1,802,offset,442,-0.252229240781048,0.0971944905669643,0.116672336864779,0.0271685772762019,-0.0957268991250541
1,803,uncalibrated,442,-0.0767609149858739,0.157534711904673,0.170506254388529,0.0280541571898217,0.156899328818426
1,803,offset,442,-0.0767609149858739,0.087913325902636,0.104293570144715,0.0280541571898217,0.0801384138325525
1,804,uncalibrated,442,-0.208616583704868,0.157236395912097,0.170256424588985,0.0251498441863315,0.15660101282585
1,804,offset,442,-0.208616583704868,0.0671889919657344,0.0846699032101315,0.0251498441863315,-0.0520155708790185
1,805,uncalibrated,442,-0.10642470298928,0.157467599262132,0.170470198904993,0.0267122031002383,0.156832216175885
1,805,offset,442,-0.10642470298928,0.0694452852133158,0.0836938592115699,0.0267122031002383,0.0504075131866044
1,806,uncalibrated,442,-0.142250362401699,0.157386545734049,0.170411069837942,0.0250115700374022,0.156751162647802
1,806,offset,442,-0.142250362401699,0.0579657963833627,0.0684052552049283,0.0250115700374022,0.0145008002461031
1,807,uncalibrated,442,-0.107040489571479,0.157466206079819,0.170469326621469,0.0246433716880675,0.156830822993572
1,807,offset,442,-0.107040489571479,0.0691427359362109,0.0833244356729719,0.0246433716880675,0.049790333422093
1,808,uncalibrated,442,-0.242062164727704,0.157160727176751,0.17015624532436,0.0270032736579593,0.156525344090504
1,808,offset,442,-0.242062164727704,0.0883926697251285,0.108487382514989,0.0270032736579593,-0.0855368206371999
1,809,uncalibrated,442,-0.147193688055735,0.157375361739357,0.170401571537905,0.0250808460808608,0.15673997865311
1,809,offset,442,-0.147193688055735,0.0573126356995484,0.0675307806750365,0.0250808460808608,0.00954629059737541
1,810,uncalibrated,442,-0.163870825780775,0.157337630658531,0.170367129406685,0.0247512116273329,0.156702247572284
1,810,offset,442,-0.163870825780775,0.0564737123416932,0.0672365443906803,0.0247512116273329,-0.00716857820849113
1,811,uncalibrated,442,-0.142605514436276,0.157385742222659,0.170410398269501,0.0235866506390056,0.156750359136412
1,811,offset,442,-0.142605514436276,0.0579087470746411,0.0683308523330929,0.0235866506390056,0.014144844700136
1,812,uncalibrated,442,-0.193989936958141,0.157269487873062,0.170295546486369,0.0258161301306661,0.156634104786815
1,812,offset,442,-0.193989936958141,0.0613608269025642,0.076562318198552,0.0258161301306661,-0.0373558321713265
1,813,uncalibrated,442,-0.20404656795635,0.157246735314242,0.170268954316694,0.0259999166187121,0.156611352227996
1,813,offset,442,-0.20404656795635,0.0651528501410904,0.0819420578739319,0.0259999166187121,-0.0474352157283542
1,814,uncalibrated,442,-0.110572825119517,0.157458214370434,0.170464225620533,0.0205070978412,0.156822831284187
1,814,offset,442,-0.110572825119517,0.067507528636968,0.0812632443030135,0.0205070978412,0.0462500061646702
1,815,uncalibrated,442,-0.107040489571479,0.157466206079819,0.170469326621469,0.0246433716880675,0.156830822993572
1,815,offset,442,-0.107040489571479,0.0691427359362109,0.0833244356729719,0.0246433716880675,0.049790333422093
1,816,uncalibrated,442,-0.175910465331004,0.157310391655024,0.170339964419668,0.0251769431401417,0.156675008568777
1,816,offset,442,-0.175910465331004,0.0572891843894137,0.0695603907789412,0.0251769431401417,-0.0192354567622272
1,817,uncalibrated,442,-0.227433630812013,0.157193823407329,0.170201898826037,0.0255860678581797,0.156558440321082
1,817,offset,442,-0.227433630812013,0.0775801995646333,0.0973726540428282,0.0255860678581797,-0.0708751904909309
1,818,uncalibrated,442,-0.148927712133959,0.157371438607958,0.170398162723149,0.0242009638959907,0.156736055521711
1,818,offset,442,-0.148927712133959,0.0571477203922581,0.0673075997594691,0.0242009638959907,0.00780834338775194
1,819,uncalibrated,442,-0.136256772257221,0.157400105892747,0.170422150333389,0.0263681853558419,0.1567647228065
1,819,offset,442,-0.136256772257221,0.0591058701844334,0.0699221498767671,0.0263681853558419,0.0205079505492797
1,820,uncalibrated,442,-0.246845288294921,0.157149905630219,0.170140697918314,0.0284222165701626,0.156514522543972
1,820,offset,442,-0.246845288294921,0.0924067197140795,0.11229741119953,0.0284222165701626,-0.0903307657509492
1,821,uncalibrated,442,-0.138853504185137,0.157394230933634,0.170417408332103,0.0200341870674272,0.156758847847387
1,821,offset,442,-0.138853504185137,0.0585720313055914,0.0692051877813618,0.0200341870674272,0.0179053436622501
1,822,uncalibrated,442,-0.12555790167013,0.157424311482311,0.170440742496608,0.0207063106064186,0.156788928396064
1,822,offset,442,-0.12555790167013,0.0617319560878628,0.0737743564225743,0.0207063106064186,0.0312310267259341
1,823,uncalibrated,442,-0.145064802226019,0.157380178223135,0.170405701902445,0.0234817298680677,0.156744795136888
1,823,offset,442,-0.145064802226019,0.0575590348803212,0.0678645317729233,0.0234817298680677,0.0116799929108691
1,824,uncalibrated,442,-0.242297753555478,0.157160194170353,0.170155486705391,0.0277990091512207,0.156524811084106
1,824,offset,442,-0.242297753555478,0.0885829530091002,0.108673229597866,0.0277990091512207,-0.085772942471372
1,825,uncalibrated,442,-0.129807649817685,0.157414696667497,0.17043353956985,0.0260607859413379,0.15677931358125
1,825,offset,442,-0.129807649817685,0.0605807191268064,0.0720784911709072,0.0260607859413379,0.0269716637635653
1,826,uncalibrated,442,-0.205463375251907,0.157243529867872,0.170265099600416,0.0263321923864222,0.156608146781625
1,826,offset,442,-0.205463375251907,0.0657690198977383,0.0827703198764383,0.0263321923864222,-0.0488552284702818
1,827,uncalibrated,442,-0.147132711809745,0.157375499694665,0.170401690679631,0.0257008535684162,0.156740116608418
1,827,offset,442,-0.147132711809745,0.0573188436883936,0.0675394274407325,0.0257008535684162,0.00960740479867318
1,828,uncalibrated,442,-0.138162451407889,0.157395794401456,0.170418679047114,0.0258033431907343,0.156760411315209
1,828,offset,442,-0.138162451407889,0.0587095241663502,0.0693872014507289,0.0258033431907343,0.0185979599073202
1,829,uncalibrated,442,-0.13714084089819,0.157398105737451,0.17042054596372,0.026083993763319,0.156762722651204
1,829,offset,442,-0.13714084089819,0.0589198557418765,0.0696679949265318,0.026083993763319,0.0196218817530139
1,830,uncalibrated,442,-0.228653143765898,0.157191064328248,0.170198202060155,0.027252167126032,0.156555681242001
1,830,offset,442,-0.228653143765898,0.0784076877702374,0.0982638832824508,0.027252167126032,-0.0720974625238966
1,831,uncalibrated,442,0.0116781235970127,0.157681958039037,0.170544437294694,0.0307794086446734,0.157099417141012
1,831,offset,442,0.0116781235970127,0.169201555071385,0.181358861056453,0.0307794086446734,0.168777540738025
1,832,uncalibrated,442,-0.080992812488755,0.157525137475934,0.170501825162617,0.0279605615724309,0.156889754389687
1,832,offset,442,-0.080992812488755,0.0847608618693312,0.101078302029866,0.0279605615724309,0.0758969419009319
1,833,uncalibrated,442,-0.118218872496662,0.157440915620712,0.17045261630756,0.0263039816806607,0.156805532534465
1,833,offset,442,-0.118218872496662,0.064329852038494,0.0771689685401337,0.0263039816806607,0.0385866600378035
1,834,uncalibrated,442,-0.136256772257221,0.157400105892747,0.170422150333389,0.0263681853558419,0.1567647228065
1,834,offset,442,-0.136256772257221,0.0591058701844334,0.0699221498767671,0.0263681853558419,0.0205079505492797
1,835,uncalibrated,442,-0.168210929231563,0.157327811419955,0.170357559246118,0.0256860560492899,0.156692428333708
1,835,offset,442,-0.168210929231563,0.0565533062933931,0.06783698665267,0.0256860560492899,-0.0115185008978556
1,836,uncalibrated,442,-0.237386415649712,0.157171305794574,0.170171148336554,0.0271305692563705,0.156535922708327
1,836,offset,442,-0.237386415649712,0.084738312942381,0.10484048281508,0.0271305692563705,-0.0808504929413851
1,837,uncalibrated,442,-0.182363485018665,0.15729579206297,0.170324610156534,0.0227463746465899,0.156660408976723
1,837,offset,442,-0.182363485018665,0.0583808793958211,0.0716145041331636,0.0227463746465899,-0.0257030760419419
1,838,uncalibrated,442,-0.209712089561107,0.15723391739206,0.170253379637017,0.0264003566779295,0.156598534305813
1,838,offset,442,-0.209712089561107,0.0677057144825069,0.0853473027280562,0.0264003566779295,-0.0531135552552943
1,839,uncalibrated,442,-0.0672835693267392,0.157556153863178,0.170515311281601,0.024930898536444,0.156920770776931
1,839,offset,442,-0.0672835693267392,0.0955348879001029,0.111741536431433,0.024930898536444,0.0896372014501921
1,840,uncalibrated,442,-0.209918368018441,0.157233450698717,0.170252804496975,0.0262276867917989,0.15659806761247
1,840,offset,442,-0.209918368018441,0.0678045641402851,0.0854758275450339,0.0262276867917989,-0.0533203004059705
1,841,uncalibrated,442,-0.109328585832806,0.157461029391445,0.170466041320552,0.0258146023686462,0.156825646305198
1,841,offset,442,-0.109328585832806,0.0680670829716446,0.0819777936881385,0.0258146023686462,0.0474970604723919
1,842,uncalibrated,442,-0.246036677402382,0.157151735066627,0.170143347752253,0.0282218232809606,0.15651635198038
1,842,offset,442,-0.246036677402382,0.0917063586740301,0.111648013913185,0.0282218232809606,-0.0895203254220019
1,843,uncalibrated,442,-0.106720158360463,0.157466930811066,0.170469781010589,0.0217733137851172,0.156831547724819
1,843,offset,442,-0.106720158360463,0.0692988944298568,0.0835162452464313,0.0217733137851172,0.0501113893643562
1,844,uncalibrated,442,-0.223508244793382,0.157202704371172,0.170213663266146,0.0269522720371984,0.156567321284925
1,844,offset,442,-0.223508244793382,0.0750779280608365,0.0945539650586323,0.0269522720371984,-0.0669409235084568
1,845,uncalibrated,442,-0.168898623164492,0.157326255551328,0.17035601983528,0.0220083103456357,0.156690872465081
1,845,offset,442,-0.168898623164492,0.0565935369891473,0.067957142063135,0.0220083103456357,-0.0122077506994113
1,846,uncalibrated,442,-0.123616054558051,0.157428704801569,0.170443953848576,0.0208761994761716,0.156793321715322
1,846,offset,442,-0.123616054558051,0.0623499932184522,0.0746172012677775,0.0208761994761716,0.0331772671572705
1,847,uncalibrated,442,-0.100406905407668,0.157481214188787,0.170478458204801,0.0271432154348153,0.15684583110254
1,847,offset,442,-0.100406905407668,0.0725287061236643,0.0874507993744539,0.0271432154348153,0.0564389256948725
1,848,uncalibrated,442,-0.139912828233294,0.157391834272892,0.170415448109335,0.0255110940859713,0.156756451186645
1,848,offset,442,-0.139912828233294,0.0583687771492504,0.0689387235149378,0.0255110940859713,0.016843622953351
1,849,uncalibrated,442,-0.256762778762254,0.15712746786898,0.170107487344222,0.0292485956923816,0.156492084782733
1,849,offset,442,-0.256762778762254,0.101314087876525,0.120420084379861,0.0292485956923816,-0.10027069397952
1,850,uncalibrated,442,-0.275293547569297,0.157085543052675,0.170041909207168,0.0301516856992327,0.156450159966428
1,850,offset,442,-0.275293547569297,0.118951863782554,0.136240042242447,0.0301516856992327,-0.118843387602869
1,851,uncalibrated,442,-0.0780587556759803,0.157531775613519,0.170504921307206,0.0271572513031991,0.156896392527272
1,851,offset,442,-0.0780587556759803,0.0869268956031994,0.103299676602595,0.0271572513031991,0.0788376368512921
1,852,uncalibrated,442,-0.200743194254055,0.157254209010402,0.170277837899686,0.0232839066963152,0.156618825924155
1,852,offset,442,-0.200743194254055,0.0637918037304225,0.0800752479012319,0.0232839066963152,-0.0441243683299006
1,853,uncalibrated,442,-0.048753526274351,0.157598077037505,0.170529575220395,0.0214117867039456,0.156962693951258
1,853,offset,442,-0.048753526274351,0.111363119714627,0.127091591782231,0.0214117867039456,0.108209167676907
1,854,uncalibrated,442,-0.16060829389664,0.157345011952387,0.170374158422005,0.0225596705935494,0.15670962886614
1,854,offset,442,-0.16060829389664,0.0565193422915336,0.0669674970986913,0.0225596705935494,-0.00389866503050034
1,855,uncalibrated,442,-0.154966591215269,0.157357775985602,0.170385979077863,0.0237338196230001,0.156722392899355
1,855,offset,442,-0.154966591215269,0.0567265603478807,0.0668771730097494,0.0237338196230001,0.00175580168408664
1,856,uncalibrated,442,-0.180614832741325,0.157299748289842,0.170328825656581,0.0258609476296414,0.156664365203595
1,856,offset,442,-0.180614832741325,0.0580430969366688,0.0710057069550069,0.0258609476296414,-0.0239504675377301
1,857,uncalibrated,442,-0.0167134383604413,0.157670565924188,0.170543489034995,0.029545919854828,0.157035182837941
1,857,offset,442,-0.0167134383604413,0.141359649137143,0.155290775567941,0.029545919854828,0.1403217444775
1,858,uncalibrated,442,-0.235881922470896,0.157174709625296,0.17017588152112,0.0269760347979443,0.156539326539049
1,858,offset,442,-0.235881922470896,0.0836144222071611,0.103684701993089,0.0269760347979443,-0.0793425959318472
1,859,uncalibrated,442,-0.0780587556759803,0.157531775613519,0.170504921307206,0.0271572513031991,0.156896392527272
1,859,offset,442,-0.0780587556759803,0.0869268956031994,0.103299676602595,0.0271572513031991,0.0788376368512921
1,860,uncalibrated,442,-0.204687872436901,0.157245284399128,0.170267212830666,0.0257040516409806,0.156609901312881
1,860,offset,442,-0.204687872436901,0.0654270730977061,0.0823149675532643,0.0257040516409806,-0.0480779711240196
1,861,uncalibrated,442,-0.0771189836315272,0.157533901794615,0.170505888830715,0.0280536707983431,0.156898518708368
1,861,offset,442,-0.0771189836315272,0.0876386985929607,0.104018686639223,0.0280536707983431,0.0797795350768412
1,862,uncalibrated,442,0.0845516858481706,0.157517085726252,0.170497916294956,0.0326627164499894,0.157264289453798
1,862,offset,442,0.0845516858481706,0.239404987860708,0.247795249564065,0.0326282784865954,0.239404987860708
1,863,uncalibrated,442,-0.118218872496662,0.157440915620712,0.17045261630756,0.0263039816806607,0.156805532534465
1,863,offset,442,-0.118218872496662,0.064329852038494,0.0771689685401337,0.0263039816806607,0.0385866600378035
1,864,uncalibrated,442,-0.148923597914085,0.157371447916148,0.170398170858379,0.0259977635026048,0.156736064829901
1,864,offset,442,-0.148923597914085,0.0571480834116587,0.0673080771737619,0.0259977635026048,0.00781246691581594
1,865,uncalibrated,442,-0.0990833679957137,0.157484208617321,0.170480210204156,0.0248842040899583,0.156848825531074
1,865,offset,442,-0.0990833679957137,0.0732526955483541,0.0883107925739844,0.0248842040899583,0.0577654575353602
1,866,uncalibrated,442,-0.0990833679957137,0.157484208617321,0.170480210204156,0.0248842040899583,0.156848825531074
1,866,offset,442,-0.0990833679957137,0.0732526955483541,0.0883107925739844,0.0248842040899583,0.0577654575353602
1,867,uncalibrated,442,-0.0923923852915908,0.15749934658724,0.170488711137854,0.020553305744136,0.156863963500993
1,867,offset,442,-0.0923923852915908,0.0771165696380265,0.0928260845722621,0.020553305744136,0.0644715782094019
1,868,uncalibrated,442,-0.0560173568118884,0.157581643031764,0.170524526738984,0.0288600383854406,0.156946259945517
1,868,offset,442,-0.0560173568118884,0.104978958194409,0.120967471646001,0.0288600383854406,0.100928903133629
1,869,uncalibrated,442,-0.122610590047041,0.157430979608155,0.170445596955534,0.0266133952209645,0.156795596521908
1,869,offset,442,-0.122610590047041,0.0626839466370303,0.0750696816334936,0.0266133952209645,0.0341850064748665
1,870,uncalibrated,442,-0.1865176231278,0.157286393560461,0.170314432432941,0.024741414313263,0.156651010474214
1,870,offset,442,-0.1865176231278,0.0593121516810444,0.0732084787696189,0.024741414313263,-0.0298666126535857
1,871,uncalibrated,442,-0.217177549007175,0.157217027212318,0.170232203284515,0.0264558747909921,0.156581644126071
1,871,offset,442,-0.217177549007175,0.0714921996898487,0.0901834543929039,0.0264558747909921,-0.060595904881104
1,872,uncalibrated,442,-0.196603507475836,0.157263574817592,0.170288765197202,0.0244831404381022,0.156628191731345
1,872,offset,442,-0.196603507475836,0.062222818849154,0.0778710406777038,0.0244831404381022,-0.0399753157444911
1,873,uncalibrated,442,-0.183024074598183,0.15729429751641,0.170323007066735,0.026067664000884,0.156658914430163
1,873,offset,442,-0.183024074598183,0.058517863843408,0.0718542478667969,0.026067664000884,-0.0263651601680196
1,874,uncalibrated,442,-0.267112691810976,0.15710405177611,0.170071426565114,0.0297853634313155,0.156468668689863
1,874,offset,442,-0.267112691810976,0.111001959654891,0.129166348964196,0.0297853634313155,-0.110644023121113
1,875,uncalibrated,442,-0.22347920268115,0.157202770077309,0.17021374953951,0.0266545309677703,0.156567386991062
1,875,offset,442,-0.22347920268115,0.0750603845224519,0.094533406486991,0.0266545309677703,-0.0669118156900884
1,876,uncalibrated,442,-0.103309517804245,0.157474647192415,0.170474534482057,0.0241002800226108,0.156839264106168
1,876,offset,442,-0.103309517804245,0.0710120371855684,0.0856063425258779,0.0241002800226108,0.0535297463019228
1,877,uncalibrated,442,-0.0543724529202672,0.157585364533781,0.170525731300159,0.0289615552354837,0.156949981447534
1,877,offset,442,-0.0543724529202672,0.106393980451628,0.122343278188199,0.0289615552354837,0.102577528527267
1,878,uncalibrated,442,-0.178460069556869,0.157304623319671,0.170333964171593,0.0248542571363088,0.156669240233424
1,878,offset,442,-0.178460069556869,0.057667179438255,0.0703082410368415,0.0248542571363088,-0.0217908293234452
1,879,uncalibrated,442,-0.152570592191757,0.157363196797873,0.170390871139447,0.0239547108388021,0.156727813711626
1,879,offset,442,-0.152570592191757,0.0568656065891864,0.0669830117835756,0.0239547108388021,0.00415722151986854
1,880,uncalibrated,442,-0.203554078802513,0.157247849543097,0.170270287967403,0.0253281414055036,0.15661246645685
1,880,offset,442,-0.203554078802513,0.0649444893452364,0.081657952977128,0.0253281414055036,-0.0469416123456626
1,881,uncalibrated,442,-0.122610590047041,0.157430979608155,0.170445596955534,0.0266133952209645,0.156795596521908
1,881,offset,442,-0.122610590047041,0.0626839466370303,0.0750696816334936,0.0266133952209645,0.0341850064748665
1,882,uncalibrated,442,-0.169736969305468,0.157324358840602,0.170354134673503,0.0261623722758779,0.156688975754355
1,882,offset,442,-0.169736969305468,0.0566519157064288,0.0681127463337004,0.0261623722758779,-0.0130479935511135
1,883,uncalibrated,442,-0.148096591583175,0.157373318971195,0.170399801563869,0.0238702176905117,0.156737935884948
1,883,offset,442,-0.148096591583175,0.0572247966685984,0.0674090843942687,0.0238702176905117,0.00864134430177373
1,884,uncalibrated,442,-0.204687872436901,0.157245284399128,0.170267212830666,0.0257040516409806,0.156609901312881
1,884,offset,442,-0.204687872436901,0.0654270730977061,0.0823149675532643,0.0257040516409806,-0.0480779711240196
1,885,uncalibrated,442,-0.268305466247883,0.157101353191411,0.170067178675499,0.0297716749854165,0.156465970105164
1,885,offset,442,-0.268305466247883,0.112136537768781,0.130189547810688,0.0297716749854165,-0.111839496142719
1,886,uncalibrated,442,-0.132747657593207,0.157408045066195,0.170428416049329,0.0251581823259654,0.156772661979948
1,886,offset,442,-0.132747657593207,0.0598793844312437,0.0710308263262291,0.0251581823259654,0.0240250043867412
1,887,uncalibrated,442,-0.163121765614813,0.157339325364789,0.170368755758399,0.023464845135309,0.156703942278542
1,887,offset,442,-0.163121765614813,0.0564787964604667,0.0671608209405154,0.023464845135309,-0.00641782333627108
1,888,uncalibrated,442,-0.145132668861247,0.157380024678711,0.170405571160868,0.0244576396277218,0.156744641592464
1,888,offset,442,-0.145132668861247,0.0575502828481763,0.0678528844296403,0.0244576396277218,0.0116119727312168
1,889,uncalibrated,442,-0.200250307797478,0.157255324138131,0.170279150922141,0.0256497851418823,0.156619941051884
1,889,offset,442,-0.200250307797478,0.0635944261222456,0.0798047129311578,0.0256497851418823,-0.0436303667455935
1,890,uncalibrated,442,-0.181825533338435,0.15729700914822,0.170325911340751,0.0254439016934404,0.156661626061973
1,890,offset,442,-0.181825533338435,0.058273362448634,0.071423198073837,0.0254439016934404,-0.0251639072764627
1,891,uncalibrated,442,-0.197430880269639,0.157261702933443,0.1702865994894,0.0261751565139302,0.156626319847196
1,891,offset,442,-0.197430880269639,0.0625131182128615,0.078299004131955,0.0261751565139302,-0.0408045604224432
1,892,uncalibrated,442,-0.136256772257221,0.157400105892747,0.170422150333389,0.0263681853558419,0.1567647228065
1,892,offset,442,-0.136256772257221,0.0591058701844334,0.0699221498767671,0.0263681853558419,0.0205079505492797
1,893,uncalibrated,442,-0.101491577769215,0.157478760178919,0.170477005050582,0.0232670922569911,0.156843377092672
1,893,offset,442,-0.101491577769215,0.0719548988707443,0.0867547462766518,0.0232670922569911,0.0553517993234572
1,894,uncalibrated,442,-0.0759124897542186,0.157536631418772,0.170507113764672,0.0271857399469484,0.156901248332525
1,894,offset,442,-0.0759124897542186,0.0885678802103158,0.104946906253158,0.0271857399469484,0.0809887585783066
1,895,uncalibrated,442,-0.212205301569857,0.157228276640909,0.170246390113907,0.0250693811388641,0.156592893554662
1,895,offset,442,-0.212205301569857,0.0689315915656154,0.0869208775855566,0.0250693811388641,-0.0556124080151948
1,896,uncalibrated,442,-0.167620149867236,0.157329148024851,0.170358876686128,0.0226594503311687,0.156693764938604
1,896,offset,442,-0.167620149867236,0.0565299703025127,0.0677391820347246,0.0226594503311687,-0.0109263849286317
1,897,uncalibrated,442,-0.0941868625755402,0.157495286683882,0.170486489587098,0.0226764732450874,0.156859903597635
1,897,offset,442,-0.0941868625755402,0.0760341787902019,0.0915888849480626,0.0226764732450874,0.0626730410220952
1,898,uncalibrated,442,-0.12303500959485,0.157430019382934,0.17044490501751,0.0267379123641096,0.156794636296687
1,898,offset,442,-0.12303500959485,0.0625408730790588,0.0748773668745451,0.0267379123641096,0.033759626701837
1,899,uncalibrated,442,-0.0610232624522141,0.157570317453392,0.170520640002459,0.0274945985358884,0.156934934367145
1,899,offset,442,-0.0610232624522141,0.100751389484314,0.116823644231574,0.0274945985358884,0.095911671914931
1,900,uncalibrated,442,-0.129807649817685,0.157414696667497,0.17043353956985,0.0260607859413379,0.15677931358125
1,900,offset,442,-0.129807649817685,0.0605807191268064,0.0720784911709072,0.0260607859413379,0.0269716637635653
1,901,uncalibrated,442,-0.147067924014235,0.157375646273388,0.170401817214577,0.0261889839283427,0.156740263187141
1,901,offset,442,-0.147067924014235,0.0573257328883686,0.0675486739405881,0.0261889839283427,0.00967233917290595
1,902,uncalibrated,442,-0.121059914732145,0.157434487923347,0.17044810469601,0.0259901896924373,0.1567991048371
1,902,offset,442,-0.121059914732145,0.0632333956483755,0.0757884346460881,0.0259901896924373,0.035739190104955
1,903,uncalibrated,442,-0.209918368018441,0.157233450698717,0.170252804496975,0.0262276867917989,0.15659806761247
1,903,offset,442,-0.209918368018441,0.0678045641402851,0.0854758275450339,0.0262276867917989,-0.0533203004059705
1,904,uncalibrated,442,-0.231024142495743,0.157185700077728,0.170190957927816,0.0265147967232188,0.156550316991481
1,904,offset,442,-0.231024142495743,0.0800727847547624,0.100016554107276,0.0265147967232188,-0.0744738255042623
1,905,uncalibrated,442,-0.147132711809745,0.157375499694665,0.170401690679631,0.0257008535684162,0.156740116608418
1,905,offset,442,-0.147132711809745,0.0573188436883936,0.0675394274407325,0.0257008535684162,0.00960740479867318
1,906,uncalibrated,442,-0.126748042840736,0.157421618855228,0.170438749517167,0.0211442011715944,0.156786235768981
1,906,offset,442,-0.126748042840736,0.0613863491841972,0.0732784869164453,0.0211442011715944,0.0300381929282447
1,907,uncalibrated,442,-0.254742770997969,0.157132038022293,0.170114358328,0.0287272535117704,0.156496654936046
1,907,offset,442,-0.254742770997969,0.0994710211766478,0.118743383918551,0.0287272535117704,-0.0982461160619232
1,908,uncalibrated,442,-0.185971561669193,0.157287628993625,0.170315783415534,0.0249514650806685,0.156652245907378
1,908,offset,442,-0.185971561669193,0.0591788680335036,0.0729874113074456,0.0249514650806685,-0.0293193157618147
1,909,uncalibrated,442,-0.16431539794648,0.157336624839152,0.170366160625314,0.0258542753216897,0.156701241752905
1,909,offset,442,-0.16431539794648,0.0564727065223138,0.067285398816148,0.0258542753216897,-0.0076141561935757
1,910,uncalibrated,442,-0.239594746643781,0.157166309570606,0.170164146110354,0.0263946589491797,0.156530926484359
1,910,offset,442,-0.239594746643781,0.0864315624631806,0.106552822087878,0.0263946589491797,-0.083063820159422
1,911,uncalibrated,442,-0.143155563550214,0.15738449776765,0.170409354853439,0.0235445430353172,0.156749114681403
1,911,offset,442,-0.143155563550214,0.0578243863452417,0.0682191168259885,0.0235445430353172,0.0135935511311894
1,912,uncalibrated,442,-0.239174195323742,0.15716726104418,0.170165484624417,0.0248582177526349,0.156531877957934
1,912,offset,442,-0.239174195323742,0.0861052070270419,0.106225307530815,0.0248582177526349,-0.0826423173658085
1,913,uncalibrated,442,-0.0710613558468434,0.157547606834852,0.170511843997615,0.0283434906351189,0.156912223748605
1,913,offset,442,-0.0710613558468434,0.0924321399400045,0.108734605812595,0.0283434906351189,0.0858508679017619
1,914,uncalibrated,442,-0.225325108864243,0.157198593818976,0.170208243659211,0.0263422667232876,0.156563210732729
1,914,offset,442,-0.225325108864243,0.0762074307880229,0.0958488700468666,0.0263422667232876,-0.0687618981315139
1,915,uncalibrated,442,-0.234468581088721,0.157177907230233,0.170180300406899,0.0249754372312832,0.156542524143986
1,915,offset,442,-0.234468581088721,0.0825712252797222,0.102607227485038,0.0249754372312832,-0.0779260569447359
1,916,uncalibrated,442,-0.109573424854484,0.157460475457007,0.170465685655905,0.0261967671018678,0.15682509237076
1,916,offset,442,-0.109573424854484,0.0679546342806929,0.0818361807033357,0.0261967671018678,0.0472516675162756
1,917,uncalibrated,442,-0.181180929974209,0.157298467526872,0.170327465415693,0.0225076267053343,0.156663084440625
1,917,offset,442,-0.181180929974209,0.0581494002632059,0.0711986530637521,0.0225076267053343,-0.0245178455335842
1,918,uncalibrated,442,-0.126409854441484,0.157422383987353,0.170439317753315,0.022098431735048,0.156787000901106
1,918,offset,442,-0.126409854441484,0.0614807313290063,0.0734177663217937,0.022098431735048,0.0303771464596219
1,919,uncalibrated,442,-0.0948339194331314,0.15749382275434,0.170485678045473,0.0268609684749938,0.156858439668093
1,919,offset,442,-0.0948339194331314,0.0756578127251172,0.0911473391487276,0.0268609684749938,0.062024520234962
1,920,uncalibrated,442,-0.147067924014235,0.157375646273388,0.170401817214577,0.0261889839283427,0.156740263187141
1,920,offset,442,-0.147067924014235,0.0573257328883686,0.0675486739405881,0.0261889839283427,0.00967233917290595
1,921,uncalibrated,442,-0.187182927143025,0.157284888347757,0.170312781071002,0.0212459272097275,0.15664950526151
1,921,offset,442,-0.187182927143025,0.0594792302912028,0.0734824179600652,0.0212459272097275,-0.0305334218815154
1,922,uncalibrated,442,-0.0826553877353879,0.157521375993475,0.17050002001158,0.0218655204690251,0.156885992907228
1,922,offset,442,-0.0826553877353879,0.0835697921212063,0.0998359894909642,0.0218655204690251,0.0742306051718405
1,923,uncalibrated,442,-0.0959354820592226,0.157491330531204,0.170484283670691,0.0267277648417992,0.156855947444957
1,923,offset,442,-0.0959354820592226,0.0750272802717211,0.0904013596837353,0.0267277648417992,0.0609204653857347
1,924,uncalibrated,442,-0.1116232855132,0.157455837763209,0.170462676687672,0.0247984610852585,0.156820454676962
1,924,offset,442,-0.1116232855132,0.0670488434424414,0.080670026892611,0.0247984610852585,0.0451971691637619
1,925,uncalibrated,442,-0.235003376110234,0.157176697286745,0.170178631478941,0.0273363823363346,0.156541314200498
1,925,offset,442,-0.235003376110234,0.082964456913187,0.103013973418917,0.0273363823363346,-0.0784620619097355
1,926,uncalibrated,442,-0.0130746733506568,0.15767879842421,0.170544208001502,0.0303505503295018,0.157043415337963
1,926,offset,442,-0.0130746733506568,0.144891391646639,0.158586541835224,0.0303505503295018,0.143968741987306
1,927,uncalibrated,442,-0.200743194254055,0.157254209010402,0.170277837899686,0.0232839066963152,0.156618825924155
1,927,offset,442,-0.200743194254055,0.0637918037304225,0.0800752479012319,0.0232839066963152,-0.0441243683299006
1,928,uncalibrated,442,-0.204687872436901,0.157245284399128,0.170267212830666,0.0257040516409806,0.156609901312881
1,928,offset,442,-0.204687872436901,0.0654270730977061,0.0823149675532643,0.0257040516409806,-0.0480779711240196
1,929,uncalibrated,442,-0.0923923852915908,0.15749934658724,0.170488711137854,0.020553305744136,0.156863963500993
1,929,offset,442,-0.0923923852915908,0.0771165696380265,0.0928260845722621,0.020553305744136,0.0644715782094019
1,930,uncalibrated,442,-0.253078784533747,0.157135802697552,0.170119977347145,0.0271685763323017,0.156500419611305
1,930,offset,442,-0.253078784533747,0.0979613863980208,0.117370379249499,0.0271685763323017,-0.0965783649224426
1,931,uncalibrated,442,-0.177834170376284,0.157306039381166,0.170335445180865,0.0255517371903231,0.156670656294919
1,931,offset,442,-0.177834170376284,0.0575690160927665,0.0701167859314368,0.0255517371903231,-0.0211635140813652
1,932,uncalibrated,442,-0.0310253712088862,0.157638185985617,0.170538957052364,0.0290889898028888,0.15700280289937
1,932,offset,442,-0.0310253712088862,0.127669914754802,0.142491996440432,0.0290889898028888,0.125977431690484
1,933,uncalibrated,442,-0.152620458555996,0.157363083978044,0.170390770102308,0.0220402739788528,0.156727700891797
1,933,offset,442,-0.152620458555996,0.0568623348141572,0.0669799354197492,0.0220402739788528,0.00410724233580129
1,934,uncalibrated,442,-0.177834170376284,0.157306039381166,0.170335445180865,0.0255517371903231,0.156670656294919
1,934,offset,442,-0.177834170376284,0.0575690160927665,0.0701167859314368,0.0255517371903231,-0.0211635140813652
1,935,uncalibrated,442,-0.177399114278602,0.157307023670979,0.170336471542259,0.0252637987613285,0.156671640584732
1,935,offset,442,-0.177399114278602,0.0575030686752445,0.0699867040207309,0.0252637987613285,-0.020727473693869
1,936,uncalibrated,442,-0.0710613558468434,0.157547606834852,0.170511843997615,0.0283434906351189,0.156912223748605
1,936,offset,442,-0.0710613558468434,0.0924321399400045,0.108734605812595,0.0283434906351189,0.0858508679017619
1,937,uncalibrated,442,-0.0891675821979759,0.157506642521841,0.170492595953887,0.0204217715914109,0.156871259435594
1,937,offset,442,-0.0891675821979759,0.0791406053038935,0.0950942750626011,0.0204217715914109,0.0677036772376177
1,938,uncalibrated,442,-0.123093698956762,0.157429886601572,0.1704448091469,0.0255648741984264,0.156794503515325
1,938,offset,442,-0.123093698956762,0.0625213542188753,0.0748509242454643,0.0255648741984264,0.033700804558563
1,939,uncalibrated,442,-0.178359491934101,0.157304850870854,0.170334202511189,0.0247906788216001,0.156669467784607
1,939,offset,442,-0.178359491934101,0.0576510233042808,0.0702771339541983,0.0247906788216001,-0.0216900241494937
1,940,uncalibrated,442,-0.175910465331004,0.157310391655024,0.170339964419668,0.0251769431401417,0.156675008568777
1,940,offset,442,-0.175910465331004,0.0572891843894137,0.0695603907789412,0.0251769431401417,-0.0192354567622272
1,941,uncalibrated,442,-0.269032213674243,0.157099708966464,0.170064581140889,0.0303848051308584,0.156464325880217
1,941,offset,442,-0.269032213674243,0.112835333371051,0.130814394650908,0.0303848051308584,-0.112567887794025
1,942,uncalibrated,442,-0.112431250947234,0.157454009787114,0.170461475346159,0.0245579752413167,0.156818626700867
1,942,offset,442,-0.112431250947234,0.0666997000082772,0.0802201472395658,0.0245579752413167,0.0443873757536323
1,943,uncalibrated,442,-0.153973457051132,0.157360022895476,0.170388016089063,0.0260852444842641,0.156724639809229
1,943,offset,442,-0.153973457051132,0.0567796855848162,0.066910629275196,0.0260852444842641,0.00275118275809663
1,944,uncalibrated,442,-0.129807649817685,0.157414696667497,0.17043353956985,0.0260607859413379,0.15677931358125
1,944,offset,442,-0.129807649817685,0.0605807191268064,0.0720784911709072,0.0260607859413379,0.0269716637635653
1,945,uncalibrated,442,-0.199715069784716,0.157256535083862,0.17028057309961,0.0262920303471854,0.156621151997615
1,945,offset,442,-0.199715069784716,0.0633825106194552,0.0795133578231546,0.0262920303471854,-0.0430939177871013
1,946,uncalibrated,442,-0.138487577825293,0.157395058821326,0.170418081992196,0.0233065594512583,0.156759675735079
1,946,offset,442,-0.138487577825293,0.0586440575347915,0.0693007669175203,0.0233065594512583,0.0182720979097863
1,947,uncalibrated,442,-0.103309517804245,0.157474647192415,0.170474534482057,0.0241002800226108,0.156839264106168
1,947,offset,442,-0.103309517804245,0.0710120371855684,0.0856063425258779,0.0241002800226108,0.0535297463019228
1,948,uncalibrated,442,-0.204689506588887,0.157245280701952,0.170267208386063,0.0263385840450772,0.156609897615705
1,948,offset,442,-0.204689506588887,0.065427779258406,0.0823159220284596,0.0263385840450772,-0.0480796089731821
1,949,uncalibrated,442,-0.0780587556759803,0.157531775613519,0.170504921307206,0.0271572513031991,0.156896392527272
1,949,offset,442,-0.0780587556759803,0.0869268956031994,0.103299676602595,0.0271572513031991,0.0788376368512921
1,950,uncalibrated,442,-0.113159772006535,0.157452361549423,0.170460384692639,0.0264465638684008,0.156816978463176
1,950,offset,442,-0.113159772006535,0.06638818308473,0.0798193566175529,0.0264465638684008,0.0436572064566408
1,951,uncalibrated,442,-0.154293091526318,0.157359299740555,0.170387361920699,0.0238420069847502,0.156723916654308
1,951,offset,442,-0.154293091526318,0.0567616067117854,0.0668982508114498,0.0238420069847502,0.00243082512798994
1,952,uncalibrated,442,-0.195984263960653,0.15726497582102,0.170290380142865,0.0244563194222797,0.156629592734773
1,952,offset,442,-0.195984263960653,0.0620101162974469,0.077554976605229,0.0244563194222797,-0.0393546712258797
1,953,uncalibrated,442,-0.250840892732241,0.157140865801175,0.170127476000019,0.0280270553148344,0.156505482714928
1,953,offset,442,-0.250840892732241,0.095949207365236,0.115535975148172,0.0280270553148344,-0.0943354100173133
1,954,uncalibrated,442,-0.183525353371825,0.157293163401538,0.170321786707095,0.0253643428284142,0.156657780315291
1,954,offset,442,-0.183525353371825,0.0586256047562948,0.0720396930568939,0.0253643428284142,-0.0268675730565338
1,955,uncalibrated,442,-0.247245746519725,0.157148999616135,0.170139382374261,0.0279673710531319,0.156513616529888
1,955,offset,442,-0.247245746519725,0.0927564432364476,0.112619788172073,0.0279673710531319,-0.0907321299898364
1,956,uncalibrated,442,-0.0553830843033619,0.157583078037439,0.170524995469344,0.0265545427766602,0.156947694951192
1,956,offset,442,-0.0553830843033619,0.105522825345386,0.12149718212935,0.0265545427766602,0.10156461064783
1,957,uncalibrated,442,-0.212105311676533,0.157228502862387,0.170246672023246,0.0256288008238036,0.15659311977614
1,957,offset,442,-0.212105311676533,0.0688811441759972,0.0868569376811784,0.0256288008238036,-0.0555121919003929
1,958,uncalibrated,442,-0.217885575324868,0.157215425342821,0.170230156320061,0.0267477791626764,0.156580042256574
1,958,offset,442,-0.217885575324868,0.0718709929736983,0.0906607129492694,0.0267477791626764,-0.0613055330682944
1,959,uncalibrated,442,-0.120272378408332,0.157436269679736,0.170449366058713,0.0207848280879714,0.156800886593489
1,959,offset,442,-0.120272378408332,0.0635290891360881,0.0761629848649998,0.0207848280879714,0.0365285081851566
1,960,uncalibrated,442,-0.126409854441484,0.157422383987353,0.170439317753315,0.022098431735048,0.156787000901106
1,960,offset,442,-0.126409854441484,0.0614807313290063,0.0734177663217937,0.022098431735048,0.0303771464596219
1,961,uncalibrated,442,-0.0395148212546564,0.157618979085061,0.170534984721746,0.0279732762635153,0.156983595998814
1,961,offset,442,-0.0395148212546564,0.119758469032974,0.135045342908303,0.0279732762635153,0.117468774744157
1,962,uncalibrated,442,-0.173837397233445,0.15731508185434,0.170344779390739,0.0221171238324788,0.156679698768093
1,962,offset,442,-0.173837397233445,0.05702783215295,0.0690159581274302,0.0221171238324788,-0.0171576984653526
1,963,uncalibrated,442,-0.234468581088721,0.157177907230233,0.170180300406899,0.0249754372312832,0.156542524143986
1,963,offset,442,-0.234468581088721,0.0825712252797222,0.102607227485038,0.0249754372312832,-0.0779260569447359
1,964,uncalibrated,442,-0.209712089561107,0.15723391739206,0.170253379637017,0.0264003566779295,0.156598534305813
1,964,offset,442,-0.209712089561107,0.0677057144825069,0.0853473027280562,0.0264003566779295,-0.0531135552552943
1,965,uncalibrated,442,-0.222220249358753,0.157205618387993,0.17021747860549,0.026773071519566,0.156570235301746
1,965,offset,442,-0.222220249358753,0.0743087209912137,0.0936465471122747,0.026773071519566,-0.0656500140570069
1,966,uncalibrated,442,-0.145064802226019,0.157380178223135,0.170405701902445,0.0234817298680677,0.156744795136888
1,966,offset,442,-0.145064802226019,0.0575590348803212,0.0678645317729233,0.0234817298680677,0.0116799929108691
1,967,uncalibrated,442,-0.273188523155539,0.157090305551348,0.17004958991998,0.0298583221531124,0.156454922465101
1,967,offset,442,-0.273188523155539,0.116884798013496,0.134407789203405,0.0298583221531124,-0.116733600690438
1,968,uncalibrated,442,-0.247245746519725,0.157148999616135,0.170139382374261,0.0279673710531319,0.156513616529888
1,968,offset,442,-0.247245746519725,0.0927564432364476,0.112619788172073,0.0279673710531319,-0.0907321299898364
1,969,uncalibrated,442,-0.1116232855132,0.157455837763209,0.170462676687672,0.0247984610852585,0.156820454676962
1,969,offset,442,-0.1116232855132,0.0670488434424414,0.080670026892611,0.0247984610852585,0.0451971691637619
1,970,uncalibrated,442,-0.173837397233445,0.15731508185434,0.170344779390739,0.0221171238324788,0.156679698768093
1,970,offset,442,-0.173837397233445,0.05702783215295,0.0690159581274302,0.0221171238324788,-0.0171576984653526
1,971,uncalibrated,442,-0.106795580271922,0.157466760173257,0.170469674147457,0.0209474218108329,0.15683137708701
1,971,offset,442,-0.106795580271922,0.0692618660253622,0.0834710125004673,0.0209474218108329,0.0500357968150885
1,972,uncalibrated,442,-0.258746610882439,0.157122979561016,0.170100686317444,0.029418207349435,0.156487596474769
1,972,offset,442,-0.258746610882439,0.103140829217963,0.122076949760564,0.029418207349435,-0.10225901440767
1,973,uncalibrated,442,-0.219778877548753,0.157211141853626,0.170224649771406,0.0267038640328495,0.156575758767379
1,973,offset,442,-0.219778877548753,0.0729099032276565,0.0919516034656805,0.0267038640328495,-0.0632031187813739
1,974,uncalibrated,442,-0.242319701418344,0.157160144514555,0.170155415993385,0.0275068972918484,0.156524761428308
1,974,offset,442,-0.242319701418344,0.088600779440704,0.108690553313465,0.0275068972918484,-0.0857949399900364
1,975,uncalibrated,442,-0.0610232624522141,0.157570317453392,0.170520640002459,0.0274945985358884,0.156934934367145
1,975,offset,442,-0.0610232624522141,0.100751389484314,0.116823644231574,0.0274945985358884,0.095911671914931
1,976,uncalibrated,442,-0.222408409411005,0.157205192686517,0.170216922612689,0.0268109405704034,0.15656980960027
1,976,offset,442,-0.222408409411005,0.0744198290763671,0.0937785513350863,0.0268109405704034,-0.0658385998107348
1,977,uncalibrated,442,-0.178790070302609,0.157303876711649,0.170333181220187,0.0240392039870926,0.156668493625402
1,977,offset,442,-0.178790070302609,0.0577216818238635,0.0704112198759688,0.0240392039870926,-0.0221215766772066
1,978,uncalibrated,442,-0.22671926793046,0.157195439612944,0.170204055088159,0.0271571123342052,0.156560056526697
1,978,offset,442,-0.22671926793046,0.0771065705557893,0.0968539313275857,0.0271571123342052,-0.0701592114037633
1,979,uncalibrated,442,-0.195948620941777,0.157265056461334,0.170290472941948,0.0245292086595796,0.156629673375087
1,979,offset,442,-0.195948620941777,0.0619982621712596,0.0775368959332131,0.0245292086595796,-0.0393189475666893
1,980,uncalibrated,442,-0.197664581681977,0.157261174197216,0.170285986106842,0.0252484426875027,0.156625791110969
1,980,offset,442,-0.197664581681977,0.0625971872729557,0.0784210491817949,0.0252484426875027,-0.0410387905710076
1,981,uncalibrated,442,-0.155434151778241,0.157356718156274,0.170385015524584,0.0224762197127132,0.156721335070027
1,981,offset,442,-0.155434151778241,0.0567043459319929,0.0668665349035489,0.0224762197127132,0.00128718329178628
1,982,uncalibrated,442,-0.0771189836315272,0.157533901794615,0.170505888830715,0.0280536707983431,0.156898518708368
1,982,offset,442,-0.0771189836315272,0.0876386985929607,0.104018686639223,0.0280536707983431,0.0797795350768412
1,983,uncalibrated,442,-0.129807649817685,0.157414696667497,0.17043353956985,0.0260607859413379,0.15677931358125
1,983,offset,442,-0.129807649817685,0.0605807191268064,0.0720784911709072,0.0260607859413379,0.0269716637635653
1,984,uncalibrated,442,-0.149727636753449,0.157369628823751,0.170396576719402,0.0252004280245886,0.156734245737504
1,984,offset,442,-0.149727636753449,0.0570807583765995,0.0672195071407261,0.0252004280245886,0.00700660898405566
1,985,uncalibrated,442,-0.0512807775353109,0.157592359274471,0.170527898164506,0.0253412044909301,0.156956976188224
1,985,offset,442,-0.0512807775353109,0.109104603316258,0.124946911286287,0.0253412044909301,0.105676198652913
1,986,uncalibrated,442,-0.194209600287967,0.157268990897203,0.170294980041375,0.0262210171913031,0.156633607810956
1,986,offset,442,-0.194209600287967,0.0614291576549939,0.0766697355026642,0.0262210171913031,-0.0375759924770115
1,987,uncalibrated,442,-0.1116232855132,0.157455837763209,0.170462676687672,0.0247984610852585,0.156820454676962
1,987,offset,442,-0.1116232855132,0.0670488434424414,0.080670026892611,0.0247984610852585,0.0451971691637619
1,988,uncalibrated,442,-0.208901269475139,0.157235751826643,0.170255634845514,0.0264357937713737,0.156600368740396
1,988,offset,442,-0.208901269475139,0.0673223176545266,0.0848450936983771,0.0264357937713737,-0.0523009007347429
1,989,uncalibrated,442,-0.252229240781048,0.157137724742241,0.170122831851576,0.0271685772762019,0.156502341655994
1,989,offset,442,-0.252229240781048,0.0971944905669643,0.116672336864779,0.0271685772762019,-0.0957268991250541
1,990,uncalibrated,442,-0.194212960646984,0.15726898329458,0.170294971371037,0.0257940349575492,0.156633600208333
1,990,offset,442,-0.194212960646984,0.0614302296247254,0.0766713824775341,0.0257940349575492,-0.0375793604386505
1,991,uncalibrated,442,-0.044281951212507,0.157608193723165,0.170532334867994,0.0292866037122129,0.156972810636918
1,991,offset,442,-0.044281951212507,0.115401135805885,0.130919989894928,0.0292866037122129,0.112690859424411
1,992,uncalibrated,442,-0.228653143765898,0.157191064328248,0.170198202060155,0.027252167126032,0.156555681242001
1,992,offset,442,-0.228653143765898,0.0784076877702374,0.0982638832824508,0.027252167126032,-0.0720974625238966
1,993,uncalibrated,442,-0.242062164727704,0.157160727176751,0.17015624532436,0.0270032736579593,0.156525344090504
1,993,offset,442,-0.242062164727704,0.0883926697251285,0.108487382514989,0.0270032736579593,-0.0855368206371999
1,994,uncalibrated,442,-0.0564616812368278,0.157580637772884,0.170524195201158,0.0280003761891829,0.156945254686637
1,994,offset,442,-0.0564616812368278,0.104599975596667,0.120597001262852,0.0280003761891829,0.100483573449809
1,995,uncalibrated,442,-0.107040489571479,0.157466206079819,0.170469326621469,0.0246433716880675,0.156830822993572
1,995,offset,442,-0.107040489571479,0.0691427359362109,0.0833244356729719,0.0246433716880675,0.049790333422093
1,996,uncalibrated,442,-0.110374124844133,0.157458663918569,0.170464516960853,0.0268345652993662,0.156823280832322
1,996,offset,442,-0.110374124844133,0.0675951905231671,0.0813764967524343,0.0268345652993662,0.046449155988189
1,997,uncalibrated,442,-0.0936027704741458,0.157496608159225,0.170487217383302,0.0272414665135018,0.156861225072978
1,997,offset,442,-0.0936027704741458,0.0763797530804663,0.0919895615705305,0.0272414665135018,0.0632584545988321
1,998,uncalibrated,442,-0.242297753555478,0.157160194170353,0.170155486705391,0.0277990091512207,0.156524811084106
1,998,offset,442,-0.242297753555478,0.0885829530091002,0.108673229597866,0.0277990091512207,-0.085772942471372
1,999,uncalibrated,442,-0.0759124897542186,0.157536631418772,0.170507113764672,0.0271857399469484,0.156901248332525
1,999,offset,442,-0.0759124897542186,0.0885678802103158,0.104946906253158,0.0271857399469484,0.0809887585783066
5,0,uncalibrated,438,-0.194513139235406,0.157419678450794,0.170412868942684,0.0234035522016858,0.156778492779284
5,0,offset,438,-0.194513139235406,0.0615067922437856,0.0767134515342685,0.0234035522016858,-0.0377346464561211
5,1,uncalibrated,438,-0.193770785844946,0.157207034241141,0.170264358371514,0.0240641945112955,0.156565848569632
5,1,offset,438,-0.193770785844946,0.0613977221073945,0.0765590892774624,0.0240641945112955,-0.0372049372753147
5,2,uncalibrated,438,-0.121059914732145,0.157603478911019,0.170669589604484,0.020912852427931,0.156962293239509
5,2,offset,438,-0.121059914732145,0.0634625597085759,0.0760258383659348,0.020912852427931,0.0359023785073642
5,3,uncalibrated,438,-0.193770785844946,0.157247662361441,0.170239989445835,0.0263563901526364,0.156606476689931
5,3,offset,438,-0.193770785844946,0.0612130537199226,0.0764019066532615,0.0263563901526364,-0.0371643091550152
5,4,uncalibrated,438,-0.225960537948032,0.157156022895815,0.1701486925709,0.0251413510146175,0.156514837224305
5,4,offset,438,-0.225960537948032,0.0766724085475781,0.0963140107214161,0.0251413510146175,-0.0694457007237263
5,5,uncalibrated,438,-0.139912828233294,0.157661765317345,0.170608834587996,0.0240013584207026,0.157020579645836
5,5,offset,438,-0.139912828233294,0.0583033838417412,0.0688809637385625,0.0240013584207026,0.0171077514125417
5,6,uncalibrated,438,-0.168210929231563,0.157119720753959,0.170184398713959,0.0298460548121655,0.15647853508245
5,6,offset,438,-0.168210929231563,0.0565850797261872,0.0679326629579057,0.0298460548121655,-0.0117323941491136
5,7,uncalibrated,438,-0.152620458555996,0.157329843568042,0.170262767794122,0.0251262130210957,0.156688657896533
5,7,offset,438,-0.152620458555996,0.0565889493985647,0.066742975880408,0.0251262130210957,0.00406819934053668
5,8,uncalibrated,438,-0.186077451999816,0.157198954432892,0.170259552221865,0.0255911295947867,0.156557768761382
5,8,offset,438,-0.186077451999816,0.0593709412678907,0.0731395369259672,0.0255911295947867,-0.029519683238434
5,9,uncalibrated,438,-0.13368764183409,0.157417817127997,0.170471329488922,0.0230296682128162,0.156776631456487
5,9,offset,438,-0.13368764183409,0.0597320754881134,0.0708142884498631,0.0230296682128162,0.023088989622398
5,10,uncalibrated,438,-0.145064802226019,0.15722691876289,0.170246760531124,0.0248952845477546,0.15658573309138
5,10,offset,438,-0.145064802226019,0.0574966174490701,0.0678056008865156,0.0248952845477546,0.0115209308653619
5,11,uncalibrated,438,-0.192507280969147,0.157207288239406,0.170273651001662,0.025797350851612,0.156566102567896
5,11,offset,438,-0.192507280969147,0.060997939041659,0.0759732851534366,0.025797350851612,-0.0359411784012512
5,12,uncalibrated,438,-0.165999107621908,0.157362774050955,0.170276482917047,0.0323363930286692,0.156721588379446
5,12,offset,438,-0.165999107621908,0.0561764331919841,0.067219764457465,0.0323363930286692,-0.00927751924246188
5,13,uncalibrated,438,-0.199166385275161,0.156892064421048,0.169922695015353,0.0247315549880687,0.156250878749539
5,13,offset,438,-0.199166385275161,0.0632609613650995,0.07937963133971,0.0247315549880687,-0.0429155065256222
5,14,uncalibrated,438,-0.145568212377492,0.157534252468708,0.170640873619096,0.0217905712076667,0.156893066797198
5,14,offset,438,-0.145568212377492,0.0578393530703522,0.0680523744485513,0.0217905712076667,0.0113248544197059
5,15,uncalibrated,438,-0.129230711016854,0.15767755526667,0.170510197876866,0.0266114510714602,0.15714951126324
5,15,offset,438,-0.129230711016854,0.060329395735292,0.0718137737271237,0.0266114510714602,0.0279188002463864
5,16,uncalibrated,438,-0.142822590316644,0.157725296691578,0.170707472145524,0.0282126509717135,0.157084111020069
5,16,offset,438,-0.142822590316644,0.058045658594298,0.0683301842828172,0.0282126509717135,0.0142615207034248
5,17,uncalibrated,438,-0.193620863996908,0.15709395288796,0.170145042537226,0.0192554549792249,0.15645276721645
5,17,offset,438,-0.193620863996908,0.0613515460845739,0.0765070882244997,0.0192554549792249,-0.0371680967804582
5,18,uncalibrated,438,-0.196154328736786,0.157018391140481,0.170030091424321,0.021884823516986,0.156377205468972
5,18,offset,438,-0.196154328736786,0.0620433405264106,0.0777085653897995,0.021884823516986,-0.0397771232678145
5,19,uncalibrated,438,-0.108836658011494,0.157684241270216,0.170644055271653,0.0240202112208122,0.157043055598707
5,19,offset,438,-0.108836658011494,0.0682971141064436,0.0823451823491383,0.0240202112208122,0.0482063975872129
5,20,uncalibrated,438,-0.145132668861247,0.157195685453435,0.170215099384172,0.0239579463669777,0.156554499781926
5,20,offset,438,-0.145132668861247,0.0574773365580574,0.0677814641179652,0.0239579463669777,0.0114218309206784
5,21,uncalibrated,438,-0.193620863996908,0.156907434346255,0.170009548655369,0.0204483588059513,0.156266248674746
5,21,offset,438,-0.193620863996908,0.0615371145482364,0.0766777245684268,0.0204483588059513,-0.0373546153221625
5,22,uncalibrated,438,-0.131017866738202,0.157421293899859,0.170493567153858,0.0209785456073655,0.15678010822835
5,22,offset,438,-0.131017866738202,0.0604482690930758,0.0717756726986989,0.0209785456073655,0.025762241490148
5,23,uncalibrated,438,-0.185101902315018,0.157171091013736,0.170252769176437,0.0231423504078039,0.156529905342227
5,23,offset,438,-0.185101902315018,0.0590898872275166,0.0728062714112721,0.0231423504078039,-0.0285719969727915
5,24,uncalibrated,438,-0.187182927143025,0.15732371249666,0.170347106472754,0.0121425277844312,0.15668252682515
5,24,offset,438,-0.187182927143025,0.0594413129909762,0.0734778666734165,0.0121425277844312,-0.030500400317875
5,25,uncalibrated,438,-0.114037544912232,0.157541542478827,0.170547549351146,0.0286752156344141,0.156900356807318
5,25,offset,438,-0.114037544912232,0.0660564393363818,0.0794101080906674,0.0286752156344141,0.0428628118950856
5,26,uncalibrated,438,-0.197977676257248,0.157265334917486,0.17029549611429,0.0280642670617209,0.156624149245977
5,26,offset,438,-0.197977676257248,0.062709867559461,0.0786100888312564,0.0280642670617209,-0.0413535270112708
5,27,uncalibrated,438,-0.232285988198726,0.156887262907178,0.169924485791645,0.0298563329593937,0.156246077235669
5,27,offset,438,-0.232285988198726,0.0812508522535764,0.101210485026453,0.0298563329593937,-0.0760399109630567
5,28,uncalibrated,438,-0.114037544912232,0.157838913469613,0.170759578105303,0.0286130917148997,0.157197727798103
5,28,offset,438,-0.114037544912232,0.0660451474775207,0.0794387139659026,0.0286130917148997,0.043160182885871
5,29,uncalibrated,438,-0.130659450130912,0.157849791932022,0.170724576239782,0.0317645779404043,0.157261931025795
5,29,offset,438,-0.130659450130912,0.0601806430462002,0.0715769374313676,0.0317645779404043,0.0266024808948832
5,30,uncalibrated,438,-0.235003376110234,0.156960492924435,0.169916143667449,0.0299895076568828,0.156319307252925
5,30,offset,438,-0.235003376110234,0.0830248209498323,0.10308711243761,0.0299895076568828,-0.0786840688573085
5,31,uncalibrated,438,-0.152570592191757,0.157548853301539,0.170554625653881,0.0267838928048429,0.156907667630029
5,31,offset,438,-0.152570592191757,0.0567977145783421,0.0669901066889505,0.0267838928048429,0.00433707543827209
5,32,uncalibrated,438,-0.219720952707526,0.157366756488904,0.170197333345996,0.0394620356975572,0.156838712485474
5,32,offset,438,-0.219720952707526,0.0725060127646129,0.0912300755197034,0.0394620356975572,-0.062882240222052
5,33,uncalibrated,438,-0.0572229358654944,0.157951971026892,0.170695680252806,0.0350685913580374,0.157399423836231
5,33,offset,438,-0.0572229358654944,0.104090336907251,0.11999068870184,0.0350685913580374,0.100176487970737
5,34,uncalibrated,438,-0.0971861756667094,0.157870123831024,0.170816296775803,0.031000754186395,0.157228938159515
5,34,offset,438,-0.0971861756667094,0.0745608250965737,0.0897908769151857,0.031000754186395,0.0600427624928051
5,35,uncalibrated,438,-0.107821625989941,0.157780638735059,0.170766679290925,0.0262554216510707,0.157139453063549
5,35,offset,438,-0.107821625989941,0.0689328491984206,0.0830704466955634,0.0262554216510707,0.0493178270736077
5,36,uncalibrated,438,-0.198374736111196,0.157338642711146,0.170348404503798,0.0222324998726362,0.156697457039637
5,36,offset,438,-0.198374736111196,0.0628545880731624,0.0787494854910789,0.0222324998726362,-0.0416772790715596
5,37,uncalibrated,438,-0.197664581681977,0.15703526349213,0.170109036027782,0.0199255267844085,0.15639407782062
5,37,offset,438,-0.197664581681977,0.062799466921506,0.0786208054519238,0.0199255267844085,-0.0412705038613564
5,38,uncalibrated,438,-0.225325108864243,0.156711926251912,0.169775008660825,0.0234373262278098,0.156070740580403
5,38,offset,438,-0.225325108864243,0.0766895178925002,0.0962374408785984,0.0234373262278098,-0.06925436828384
5,39,uncalibrated,438,-0.180614832741325,0.157369963885494,0.170438417377323,0.025562287202407,0.156728778213984
5,39,offset,438,-0.180614832741325,0.0581144765672919,0.071104766355861,0.025562287202407,-0.0238860545273411
5,40,uncalibrated,438,-0.227860794922665,0.156976216932406,0.169966587387694,0.0310663748510394,0.156335031260896
5,40,offset,438,-0.227860794922665,0.0779506247860854,0.0977953664355949,0.0310663748510394,-0.0715257636617691
5,41,uncalibrated,438,-0.209712089561107,0.156876524290751,0.169924938443962,0.0309915406471713,0.156235338619241
5,41,offset,438,-0.209712089561107,0.0678734003007365,0.0855848500788178,0.0309915406471713,-0.0534767509418657
5,42,uncalibrated,438,-0.139810724738003,0.157576249390484,0.170467189823542,0.034327757922204,0.157023702199824
5,42,offset,438,-0.139810724738003,0.0580411431904151,0.0685485692549283,0.034327757922204,0.0172129774618206
5,43,uncalibrated,438,-0.165999107621908,0.157097760449114,0.1701108285573,0.0299548023818425,0.156456574777605
5,43,offset,438,-0.165999107621908,0.0564335715069131,0.0674543855831147,0.0299548023818425,-0.00954253284430294
5,44,uncalibrated,438,-0.196603507475836,0.156700798949642,0.169736117906675,0.0284600704717661,0.156059613278133
5,44,offset,438,-0.196603507475836,0.0624606653762338,0.0780996426510577,0.0284600704717661,-0.0405438941977033
5,45,uncalibrated,438,-0.150911460349313,0.15739238291983,0.170420118150117,0.0303056192980973,0.15675119724832
5,45,offset,438,-0.150911460349313,0.0569205027446967,0.0671280966404347,0.0303056192980973,0.005839736899007
5,46,uncalibrated,438,-0.160570134561196,0.157487584838698,0.170447463668898,0.0267426917593787,0.156846399167188
5,46,offset,438,-0.160570134561196,0.0564497108942413,0.0668237318976713,0.0267426917593787,-0.0037237353940075
5,47,uncalibrated,438,-0.118822768238784,0.157468756259789,0.17035271202059,0.0329990395587484,0.156827570588279
5,47,offset,438,-0.118822768238784,0.0638225530684172,0.0766128226720073,0.0329990395587484,0.0380048023494959
5,48,uncalibrated,438,-0.207858665104493,0.157164435000966,0.170070688776843,0.0276752492182391,0.156523249329457
5,48,offset,438,-0.207858665104493,0.0667678026562539,0.0840228332846156,0.0276752492182391,-0.0513354157750362
5,49,uncalibrated,438,-0.177834170376284,0.157329450187497,0.170378854510556,0.020260199907938,0.156688264515987
5,49,offset,438,-0.177834170376284,0.0576221150798547,0.0701775687948071,0.020260199907938,-0.0211459058602969
5,50,uncalibrated,438,-0.194155442094066,0.156991415477877,0.170107573007025,0.0251379208518948,0.156350229806367
5,50,offset,438,-0.194155442094066,0.0617611142223837,0.0769443052470707,0.0251379208518948,-0.037805212287699
5,51,uncalibrated,438,-0.208377144064096,0.157062902625342,0.170140657991901,0.0264160138556649,0.156421716953833
5,51,offset,438,-0.208377144064096,0.0672698481142496,0.0847316727873466,0.0264160138556649,-0.0519554271102638
5,52,uncalibrated,438,-0.197396112410029,0.1572969641261,0.170286719690786,0.0271170733861098,0.15665577845459
5,52,offset,438,-0.197396112410029,0.0623971233855602,0.0782068334011513,0.0271170733861098,-0.0407403339554386
5,53,uncalibrated,438,-0.13368764183409,0.157578161090751,0.170543433192697,0.0253631359953007,0.156936975419241
5,53,offset,438,-0.13368764183409,0.0595731761521561,0.0706850752533106,0.0253631359953007,0.0232493335851517
5,54,uncalibrated,438,-0.189507351117321,0.15713527532892,0.170189586013806,0.0269880414859212,0.15649408965741
5,54,offset,438,-0.189507351117321,0.0601927638267777,0.07459202720177,0.0269880414859212,-0.0330132614599108
5,55,uncalibrated,438,-0.165999107621908,0.157395230286998,0.170486733774017,0.0264697023857966,0.156754044615488
5,55,offset,438,-0.165999107621908,0.0566277649797497,0.0676710209736099,0.0264697023857966,-0.00924506300641916
5,56,uncalibrated,438,-0.0918204829953004,0.157858267545401,0.170782304043736,0.0308270253896575,0.157217081873891
5,56,offset,438,-0.0918204829953004,0.0776504456732324,0.0934135947623937,0.0308270253896575,0.0653965988785907
5,57,uncalibrated,438,-0.168210929231563,0.157186123747379,0.170284637146109,0.0217311609456693,0.15654493807587
5,57,offset,438,-0.168210929231563,0.0567191544882014,0.0680193748901658,0.0217311609456693,-0.0116659911556934
5,58,uncalibrated,438,-0.080992812488755,0.158098175539572,0.170993100097335,0.0341675950887992,0.157456989868063
5,58,offset,438,-0.080992812488755,0.0852725121114439,0.10145297947759,0.0341675950887992,0.0764641773793078
5,59,uncalibrated,438,-0.165588867119333,0.15731788123462,0.170386340500863,0.0194326823521765,0.15667669556311
5,59,offset,438,-0.165588867119333,0.0565597529584067,0.0675525343606585,0.0194326823521765,-0.0089121715562224
5,60,uncalibrated,438,-0.16794663046497,0.157457351927685,0.170496541519315,0.0269472688742053,0.156816166256176
5,60,offset,438,-0.16794663046497,0.0565332063772854,0.0678354472548542,0.0269472688742053,-0.0111304642087945
5,61,uncalibrated,438,-0.179109964857852,0.157310688502092,0.170358613374472,0.0224624251986828,0.156669502830582
5,61,offset,438,-0.179109964857852,0.0578972406033495,0.0705712290504316,0.0224624251986828,-0.0224404620272703
5,62,uncalibrated,438,-0.224092810180495,0.156683531093443,0.169733829109037,0.0241390284651653,0.156042345421934
5,62,offset,438,-0.224092810180495,0.0758509217751046,0.0953479152005648,0.0241390284651653,-0.0680504647585618
5,63,uncalibrated,438,-0.124387709382173,0.157596413173688,0.170499651556851,0.0243261129389615,0.156955227502178
5,63,offset,438,-0.124387709382173,0.0618699123654165,0.0741338719968397,0.0243261129389615,0.032567518120005
5,64,uncalibrated,438,-0.164666796049281,0.157566360330359,0.170522878391407,0.0280519168932498,0.15692517465885
5,64,offset,438,-0.164666796049281,0.0563241791999776,0.0671749530326073,0.0280519168932498,-0.00774162139043144
5,65,uncalibrated,438,-0.231024142495743,0.156596318412245,0.169590814000028,0.0264827038797684,0.155955132740736
5,65,offset,438,-0.231024142495743,0.0804842003346734,0.100371295650745,0.0264827038797684,-0.0750690097550078
5,66,uncalibrated,438,-0.218365452890867,0.157155904913691,0.170048504419491,0.0292970872645173,0.156514719242182
5,66,offset,438,-0.218365452890867,0.0720358536403753,0.0908028070531275,0.0292970872645173,-0.0618507336486857
5,67,uncalibrated,438,-0.0918204829953004,0.158035173137689,0.170988902074721,0.0216891030297053,0.15739398746618
5,67,offset,438,-0.0918204829953004,0.0779555210795728,0.0936174226883393,0.0216891030297053,0.0655735044708792
5,68,uncalibrated,438,-0.168537112606466,0.157544690140921,0.170553648724641,0.0263483203754666,0.156903504469411
5,68,offset,438,-0.168537112606466,0.0565699594744415,0.0678614634147558,0.0263483203754666,-0.0116336081370545
5,69,uncalibrated,438,-0.140871957075069,0.157432562532541,0.170452052486503,0.02270663001187,0.156791376861032
5,69,offset,438,-0.140871957075069,0.0581678125228358,0.0687298644346487,0.02270663001187,0.0159194197859621
5,70,uncalibrated,438,-0.113159772006535,0.157926030918162,0.170878545829525,0.0187869646876766,0.157284845246653
5,70,offset,438,-0.113159772006535,0.0665973431895159,0.0800498405307301,0.0187869646876766,0.0441250732401174
5,71,uncalibrated,438,-0.0937506693906227,0.15782852720045,0.17081349291736,0.0218652614991252,0.157187341528941
5,71,offset,438,-0.0937506693906227,0.0766162642458717,0.0921607313213043,0.0218652614991252,0.0634366721383182
5,72,uncalibrated,438,-0.203554078802513,0.15681864589833,0.169869942505426,0.0231384953299055,0.15617746022682
5,72,offset,438,-0.203554078802513,0.065182060706378,0.0819081331221963,0.0231384953299055,-0.0473766185756925
5,73,uncalibrated,438,-0.17315620493393,0.157481360971967,0.170448129722391,0.028456783780814,0.156840175300458
5,73,offset,438,-0.17315620493393,0.0568019169944266,0.0687017988162106,0.028456783780814,-0.0163160296334723
5,74,uncalibrated,438,-0.143478417007703,0.157426944370941,0.170457169774059,0.0280491984720285,0.156785758699431
5,74,offset,438,-0.143478417007703,0.0578073947949309,0.068197932075148,0.0280491984720285,0.0133073416917279
5,75,uncalibrated,438,-0.145568212377492,0.157465419931661,0.170544269195256,0.0204726367200901,0.156824234260151
5,75,offset,438,-0.145568212377492,0.0576461429347534,0.0679573787949763,0.0204726367200901,0.0112560218826588
5,76,uncalibrated,438,-0.200743194254055,0.157169171399281,0.170105133057032,0.0319510905729235,0.156527985727771
5,76,offset,438,-0.200743194254055,0.06360276067106,0.0799357907409446,0.0319510905729235,-0.0442152085262839
5,77,uncalibrated,438,-0.175910465331004,0.157331622881274,0.170428104351581,0.024233000862865,0.156690437209765
5,77,offset,438,-0.175910465331004,0.0574530817977358,0.0697370426736569,0.024233000862865,-0.0192200281212395
5,78,uncalibrated,438,-0.129230711016854,0.157457146275135,0.170524323123297,0.023595204912123,0.156815960603626
5,78,offset,438,-0.129230711016854,0.0608680584304586,0.0724447739411561,0.023595204912123,0.027585249586772
5,79,uncalibrated,438,-0.220547761471363,0.156863787548373,0.169832465968029,0.0345192665957803,0.156222601876864
5,79,offset,438,-0.220547761471363,0.0734276237938736,0.0926028688349469,0.0345192665957803,-0.0643251595944991
5,80,uncalibrated,438,-0.16431539794648,0.157244224717593,0.170332295838341,0.0192721632073373,0.156603039046083
5,80,offset,438,-0.16431539794648,0.0565706191314695,0.0674393034283388,0.0192721632073373,-0.00771235890039697
5,81,uncalibrated,438,-0.177399114278602,0.15769900873269,0.170595379251562,0.0310500932594428,0.15714646154203
5,81,offset,438,-0.177399114278602,0.0572248901338184,0.069411403887773,0.0310500932594428,-0.0202526527365715
5,82,uncalibrated,438,-0.148096591583175,0.157352155538166,0.170454410855934,0.0244005167340643,0.156710969866657
5,82,offset,438,-0.148096591583175,0.0574337326302045,0.0676061063581255,0.0244005167340643,0.00861437828348203
5,83,uncalibrated,438,-0.174428967833534,0.157089382530678,0.170165386791634,0.0282194334992724,0.156448196859168
5,83,offset,438,-0.174428967833534,0.0571713379665671,0.0693074937239391,0.0282194334992724,-0.0179807709743654
5,84,uncalibrated,438,-0.142605514436276,0.157483656106702,0.17046535238091,0.0228650807145123,0.156842470435193
5,84,offset,438,-0.142605514436276,0.0578046117445232,0.0682756673072382,0.0228650807145123,0.0142369559989165
5,85,uncalibrated,438,-0.1257438016599,0.157715069467587,0.170646761303688,0.0275290134474081,0.157073883796078
5,85,offset,438,-0.1257438016599,0.0616507410650119,0.0736864045758359,0.0275290134474081,0.0313300821361775
5,86,uncalibrated,438,-0.141913131184667,0.157142886039131,0.170199680455249,0.0257655799504112,0.156501700367622
5,86,offset,438,-0.141913131184667,0.0580516632627435,0.0684687911381366,0.0257655799504112,0.0145885691829543
5,87,uncalibrated,438,-0.204689506588887,0.156931388175122,0.170027233012183,0.0215608569789774,0.156290202503613
5,87,offset,438,-0.204689506588887,0.0657330485860151,0.0826143159694348,0.0215608569789774,-0.0483993040852742
5,88,uncalibrated,438,-0.112431250947234,0.157345144653867,0.170318838148202,0.0227221980594449,0.156703958982357
5,88,offset,438,-0.112431250947234,0.0666777646928605,0.0800777656042688,0.0227221980594449,0.0442727080351226
5,89,uncalibrated,438,-0.143155563550214,0.157420813633338,0.170509021248912,0.0194698153597674,0.156779627961829
5,89,offset,438,-0.143155563550214,0.0579911664970433,0.0684038720724507,0.0194698153597674,0.0136240644116151
5,90,uncalibrated,438,-0.143316245136765,0.157317239206528,0.170382382872451,0.0221730189829961,0.156676053535018
5,90,offset,438,-0.143316245136765,0.0578739899088545,0.0682733851689275,0.0221730189829961,0.0133598083982537
5,91,uncalibrated,438,-0.0759124897542186,0.158195641684234,0.171053451875878,0.0303485362471496,0.157554456012725
5,91,offset,438,-0.0759124897542186,0.0890424149179207,0.105362647288983,0.0303485362471496,0.0816419662585059
5,92,uncalibrated,438,-0.192507280969147,0.156975501709944,0.169957061116769,0.0313966258771664,0.156334316038434
5,92,offset,438,-0.192507280969147,0.0607889147235952,0.0758516159625003,0.0313966258771664,-0.0361729649307133
5,93,uncalibrated,438,-0.182003137780324,0.157300016987937,0.170354984468,0.0197046677643467,0.156658831316427
5,93,offset,438,-0.182003137780324,0.0583297858711446,0.0715623167162695,0.0197046677643467,-0.0253443064638967
5,94,uncalibrated,438,-0.129807649817685,0.157478753422932,0.170466419463801,0.0279697280117915,0.156837567751423
5,94,offset,438,-0.129807649817685,0.0604908850753228,0.0720513287187064,0.0279697280117915,0.0270299179337377
5,95,uncalibrated,438,-0.141913131184667,0.157625885273569,0.170637384436719,0.0277879302703798,0.156984699602059
5,95,offset,438,-0.141913131184667,0.0580747107182805,0.0685570801071329,0.0277879302703798,0.015071568417392
5,96,uncalibrated,438,-0.16060829389664,0.157219900463404,0.170308203487628,0.0157607911743265,0.156578714791894
5,96,offset,438,-0.16060829389664,0.0566108489175652,0.0671135437677319,0.0157607911743265,-0.00402957910474569
5,97,uncalibrated,438,-0.126095216575816,0.157581371004999,0.170603704932641,0.0207019908639508,0.156940185333489
5,97,offset,438,-0.126095216575816,0.0616166651756842,0.0736669156534701,0.0207019908639508,0.0308449687576731
5,98,uncalibrated,438,-0.182807337549519,0.157243237434623,0.170315860890965,0.0223568876815767,0.156602051763113
5,98,offset,438,-0.182807337549519,0.0585458780326383,0.0719027597367499,0.0223568876815767,-0.0262052857864058
5,99,uncalibrated,438,-0.186077451999816,0.157058602938685,0.170166441023247,0.0262822682911757,0.156417417267176
5,99,offset,438,-0.186077451999816,0.0594482164668678,0.0732797849773447,0.0262822682911757,-0.0296600347326407
5,100,uncalibrated,438,-0.113951464535739,0.157550988856548,0.170529173607273,0.0233203646429454,0.156909803185038
5,100,offset,438,-0.113951464535739,0.0660206535439675,0.0794035992579679,0.0233203646429454,0.0429583386492992
5,101,uncalibrated,438,-0.0771189836315272,0.15827624098706,0.171124453774765,0.0298340586659275,0.157635055315551
5,101,offset,438,-0.0771189836315272,0.0883478568441911,0.104487347630237,0.0298340586659275,0.0805160716840235
5,102,uncalibrated,438,-0.0891675821979759,0.157899821402039,0.17080854773137,0.024109679892619,0.15725863573053
5,102,offset,438,-0.0891675821979759,0.0793273239821123,0.0952978123434391,0.024109679892619,0.0680910535325538
5,103,uncalibrated,438,-0.13714084089819,0.157810927149236,0.17076560356739,0.0245319753697328,0.15722306624301
5,103,offset,438,-0.13714084089819,0.0590084074801592,0.0696067135963289,0.0245319753697328,0.0200822253448195
5,104,uncalibrated,438,-0.130267938271087,0.157456916169016,0.170493693587486,0.0165000559106789,0.156815730497507
5,104,offset,438,-0.130267938271087,0.0605880359038914,0.0719841058410403,0.0165000559106789,0.02654779222642
5,105,uncalibrated,438,-0.133234334279764,0.15757731636035,0.170637401402692,0.0149321310910892,0.156936130688841
5,105,offset,438,-0.133234334279764,0.0599475202394943,0.0710629917389907,0.0149321310910892,0.0237017964090772
5,106,uncalibrated,438,-0.12303500959485,0.157556567884284,0.170492311134952,0.0228738660563442,0.156915382212774
5,106,offset,438,-0.12303500959485,0.0624646808552405,0.0747868346026613,0.0228738660563442,0.0338803726179245
5,107,uncalibrated,438,-0.17315620493393,0.157215007943268,0.170288454185319,0.0246572896090555,0.156573822271759
5,107,offset,438,-0.17315620493393,0.0570400819650583,0.0689765990955766,0.0246572896090555,-0.0165823826621716
5,108,uncalibrated,438,-0.147132711809745,0.157516570859767,0.17039626522418,0.034617232648021,0.156875385188257
5,108,offset,438,-0.147132711809745,0.0570225306818474,0.0672303533305105,0.034617232648021,0.0097426733785129
5,109,uncalibrated,438,-0.0885188649081551,0.157782718687366,0.170726221241565,0.0267234855545414,0.157141533015857
5,109,offset,438,-0.0885188649081551,0.0797902226848175,0.0957238308837977,0.0267234855545414,0.0686226681077018
5,110,uncalibrated,438,-0.252229240781048,0.156776795325195,0.169687141849766,0.0368554459024514,0.156135609653685
5,110,offset,438,-0.252229240781048,0.0973484680130127,0.116830575837219,0.0368554459024514,-0.0960936311273628
5,111,uncalibrated,438,-0.222011962362207,0.156706108829921,0.169694647772183,0.0316384733479752,0.156064923158411
5,111,offset,438,-0.222011962362207,0.0743803928474809,0.0937498011828894,0.0316384733479752,-0.0659470392037954
5,112,uncalibrated,438,-0.130659450130912,0.157242494661462,0.17020647195946,0.031236960664088,0.156601308989953
5,112,offset,438,-0.130659450130912,0.0601864942054099,0.071548956390588,0.031236960664088,0.0259418588590409
5,113,uncalibrated,438,-0.220547761471363,0.157177433093397,0.170105533676093,0.0264091579720733,0.156536247421888
5,113,offset,438,-0.220547761471363,0.0732232635659661,0.0923567526562515,0.0264091579720733,-0.0640115140494753
5,114,uncalibrated,438,-0.173801635376908,0.157035195720025,0.170051465980486,0.031053593243758,0.156394010048516
5,114,offset,438,-0.173801635376908,0.0570123581370465,0.0690031892207236,0.031053593243758,-0.0174076253283927
5,115,uncalibrated,438,-0.0941868625755402,0.157682200708299,0.170519168530322,0.025840911047369,0.157041015036789
5,115,offset,438,-0.0941868625755402,0.0758982447220452,0.091463385647533,0.025840911047369,0.0628541524612491
5,116,uncalibrated,438,-0.196179064168788,0.157047377202696,0.169993975820098,0.0254297583534609,0.156406191531187
5,116,offset,438,-0.196179064168788,0.0620910642781873,0.0775689142871091,0.0254297583534609,-0.0397728726376012
5,117,uncalibrated,438,-0.231039212549035,0.156939392667687,0.169866625784573,0.0324306530814115,0.156298206996177
5,117,offset,438,-0.231039212549035,0.0801246671969158,0.100058777507366,0.0324306530814115,-0.0747410055528577
5,118,uncalibrated,438,-0.242297753555478,0.156770861420661,0.169698755969969,0.0358760424062331,0.156129675749152
5,118,offset,438,-0.242297753555478,0.088797953195371,0.108839927237467,0.0358760424062331,-0.0861680778063265
5,119,uncalibrated,438,-0.127974888395554,0.157682688646378,0.17071891044939,0.024298337016483,0.157041502974869
5,119,offset,438,-0.127974888395554,0.0612080085206877,0.0729916489163222,0.024298337016483,0.029066614579315
5,120,uncalibrated,438,-0.114022645398602,0.157828453686868,0.170796426096784,0.023001395694539,0.157187268015358
5,120,offset,438,-0.114022645398602,0.0661705133160737,0.0795409742645197,0.023001395694539,0.0431646226167565
5,121,uncalibrated,438,-0.141913131184667,0.157426126385641,0.170507708789823,0.0238694739362619,0.156784940714132
5,121,offset,438,-0.141913131184667,0.0581538227334358,0.068647883002334,0.0238694739362619,0.0148718095294643
5,122,uncalibrated,438,-0.125837759966467,0.157475470709168,0.170435771257641,0.0311437060334525,0.156834285037658
5,122,offset,438,-0.125837759966467,0.0616945774772937,0.0735672734808237,0.0311437060334525,0.0309965250711912
5,123,uncalibrated,438,-0.107210395022627,0.157562924204871,0.170593493757487,0.0233655635724027,0.156921738533361
5,123,offset,438,-0.107210395022627,0.0692380112696716,0.0833602169004815,0.0233655635724027,0.0497113435107344
5,124,uncalibrated,438,-0.11918498879304,0.157520174387705,0.170520980806114,0.0318928961253673,0.156878988716196
5,124,offset,438,-0.11918498879304,0.0639789221115281,0.076728257015716,0.0318928961253673,0.0376939999231559
5,125,uncalibrated,438,-0.16544624568651,0.157197654621138,0.170235374014864,0.0254591783819138,0.156556468949629
5,125,offset,438,-0.16544624568651,0.0564677373509668,0.0674476295093921,0.0254591783819138,-0.00888977673688171
5,126,uncalibrated,438,-0.0857896921629711,0.15775848939554,0.170744542706186,0.0304418601480666,0.157117303724031
5,126,offset,438,-0.0857896921629711,0.0816658424378658,0.097752135042876,0.0304418601480666,0.0713276115610595
5,127,uncalibrated,438,-0.120648892478253,0.157609918878982,0.170581836776641,0.0190006803885989,0.156968733207472
5,127,offset,438,-0.120648892478253,0.0633524486734975,0.0760138846785888,0.0190006803885989,0.0363198407292188
5,128,uncalibrated,438,-0.178359491934101,0.157410316818876,0.170482106072031,0.0229277764901945,0.156769131147366
5,128,offset,438,-0.178359491934101,0.0577493363545755,0.0703827513596661,0.0229277764901945,-0.0215903607867342
5,129,uncalibrated,438,-0.132747657593207,0.157221581273263,0.170181809059147,0.0306473644418144,0.156580395601754
5,129,offset,438,-0.132747657593207,0.0596851234499825,0.0707984975040166,0.0306473644418144,0.0238327380085465
5,130,uncalibrated,438,-0.148096591583175,0.157397328626,0.170327017608435,0.0310536646493852,0.15675614295449
5,130,offset,438,-0.148096591583175,0.0569462390042657,0.067184763178626,0.0310536646493852,0.00865955137131535
5,131,uncalibrated,438,-0.197977676257248,0.157261118637108,0.170306086398264,0.028719985938924,0.156619932965599
5,131,offset,438,-0.197977676257248,0.0627783558252264,0.078643643050931,0.028719985938924,-0.0413577432916488
5,132,uncalibrated,438,-0.148096591583175,0.157410209567876,0.17050844485169,0.0180677671584511,0.156769023896367
5,132,offset,438,-0.148096591583175,0.0574285473684332,0.0676151905606224,0.0180677671584511,0.00867243231319186
5,133,uncalibrated,438,-0.17315620493393,0.157132653294939,0.170101370526168,0.0310229613372691,0.156491467623429
5,133,offset,438,-0.17315620493393,0.056759886626852,0.0687212506112489,0.0310229613372691,-0.0166647373105011
5,134,uncalibrated,438,-0.224466846339504,0.157112657181834,0.170023476786504,0.032634656642786,0.156471471510324
5,134,offset,438,-0.224466846339504,0.0756946850502101,0.0951211451787941,0.032634656642786,-0.0679953748291796
5,135,uncalibrated,438,-0.209834970898173,0.157051194103887,0.170133268232837,0.0252817326775806,0.156410008432377
5,135,offset,438,-0.209834970898173,0.0679746677088974,0.0856473282492921,0.0252817326775806,-0.0534249624657962
5,136,uncalibrated,438,-0.216815402020311,0.157240983896906,0.170034923728826,0.0391675602785754,0.15665312299068
5,136,offset,438,-0.216815402020311,0.0709055656944244,0.0893933675547217,0.0391675602785754,-0.0601622790296306
5,137,uncalibrated,438,-0.153973457051132,0.157482287066333,0.170518275963236,0.025095078374559,0.156841101394823
5,137,offset,438,-0.153973457051132,0.0568625125437108,0.0669744334415384,0.025095078374559,0.00286764434369107
5,138,uncalibrated,438,-0.185101902315018,0.157397230329101,0.170426503278982,0.0200883316203984,0.156756044657591
5,138,offset,438,-0.185101902315018,0.0589573554399275,0.0726376151146444,0.0200883316203984,-0.0283458576574269
5,139,uncalibrated,438,-0.174428967833534,0.157169867082499,0.170287532635483,0.0219935044443961,0.156528681410989
5,139,offset,438,-0.174428967833534,0.0573339704152109,0.0694048695757487,0.0219935044443961,-0.0179002864225444
5,140,uncalibrated,438,-0.153973457051132,0.157339065758197,0.170381732027312,0.0289052835416915,0.156697880086688
5,140,offset,438,-0.153973457051132,0.0568296681498643,0.066956190646133,0.0289052835416915,0.00272442303555531
5,141,uncalibrated,438,-0.142822590316644,0.157737114678354,0.170689551407708,0.0230885827928792,0.157149253772128
5,141,offset,438,-0.142822590316644,0.0578863188959811,0.0681490152855826,0.0230885827928792,0.0143266634554842
5,142,uncalibrated,438,-0.199166385275161,0.157049395008616,0.169927223634421,0.0323576765251299,0.156408209337107
5,142,offset,438,-0.199166385275161,0.0630417503990849,0.0789936389439817,0.0323576765251299,-0.0427581759380542
5,143,uncalibrated,438,-0.192229046683375,0.157224621019282,0.170256712032639,0.0238835374344887,0.156583435347772
5,143,offset,438,-0.192229046683375,0.0608344647523884,0.0757600513090102,0.0238835374344887,-0.0356456113356026
5,144,uncalibrated,438,-0.121228364923032,0.157708268333696,0.170728550218528,0.0270912197119372,0.157067082662187
5,144,offset,438,-0.121228364923032,0.0633793660149177,0.0759116795552361,0.0270912197119372,0.0358387177391546
5,145,uncalibrated,438,-0.110572825119517,0.157397681935033,0.170423348213205,0.0127976735475925,0.156756496263524
5,145,offset,438,-0.110572825119517,0.0675812968056411,0.0812677671387677,0.0127976735475925,0.0461836711440066
5,146,uncalibrated,438,-0.12555790167013,0.157602956066123,0.170614663362461,0.0196787489277503,0.156961770394614
5,146,offset,438,-0.12555790167013,0.061786457273642,0.0738821288251709,0.0196787489277503,0.0314038687244841
5,147,uncalibrated,438,-0.187934186793865,0.15743171397748,0.170345966283751,0.0293050143357019,0.15679052830597
5,147,offset,438,-0.187934186793865,0.0595146683555455,0.0735146647050109,0.0293050143357019,-0.0311436584878952
5,148,uncalibrated,438,-0.116274321687779,0.157510510335909,0.170447132329035,0.0243496724500305,0.1568693246644
5,148,offset,438,-0.116274321687779,0.0650137845850445,0.0780525090256458,0.0243496724500305,0.0405950029766205
5,149,uncalibrated,438,-0.13368764183409,0.157629812165129,0.170627595813108,0.0278689032624856,0.15698862649362
5,149,offset,438,-0.13368764183409,0.0596651150003974,0.0707904194839362,0.0278689032624856,0.0233009846595301
5,150,uncalibrated,438,-0.142250362401699,0.157476025883868,0.170573385635135,0.0203888771883687,0.156834840212358
5,150,offset,438,-0.142250362401699,0.0582436539744959,0.0686354119650063,0.0203888771883687,0.0145844778106591
5,151,uncalibrated,438,-0.169237655128496,0.157318850288586,0.170311852467694,0.0305088418918191,0.156677664617076
5,151,offset,438,-0.169237655128496,0.0564713628843951,0.0679410764027421,0.0305088418918191,-0.0125599905114197
5,152,uncalibrated,438,-0.135584698670208,0.157652551355694,0.170641710893125,0.0271080009997838,0.157011365684185
5,152,offset,438,-0.135584698670208,0.0592143950442691,0.0701792462331123,0.0271080009997838,0.0214266670139769
5,153,uncalibrated,438,-0.204687872436901,0.156990982811349,0.170073855907498,0.027261455569606,0.15634979713984
5,153,offset,438,-0.204687872436901,0.0656628531824715,0.0825616552704686,0.027261455569606,-0.048338075297061
5,154,uncalibrated,438,-0.120648892478253,0.15733783619251,0.170378781318716,0.0278548323754159,0.156696650521
5,154,offset,438,-0.120648892478253,0.0634729573438324,0.0759903263518377,0.0278548323754159,0.036047758042747
5,155,uncalibrated,438,-0.191074547430959,0.157201838845673,0.170141077013791,0.0336456115074528,0.156649291655013
5,155,offset,438,-0.191074547430959,0.0603515827518347,0.0747936076589096,0.0336456115074528,-0.0344252557759459
5,156,uncalibrated,438,-0.192229046683375,0.156993710890277,0.170005835843849,0.0307004188190881,0.156352525218768
5,156,offset,438,-0.192229046683375,0.0608923784387778,0.0757825631070938,0.0307004188190881,-0.0358765214646071
5,157,uncalibrated,438,-0.0815790140445326,0.157598162072013,0.170481013177475,0.0358809719564495,0.156956976400503
5,157,offset,438,-0.0815790140445326,0.0843569504845611,0.100549095581057,0.0358809719564495,0.0753779623559708
5,158,uncalibrated,438,-0.131017866738202,0.157463998070809,0.170485258914372,0.0225663219977288,0.156822812399299
5,158,offset,438,-0.131017866738202,0.0602968355902563,0.0716779201626751,0.0225663219977288,0.0258049456610975
5,159,uncalibrated,438,-0.153973457051132,0.157300279147422,0.17035391713704,0.0236029864403824,0.156659093475912
5,159,offset,438,-0.153973457051132,0.0567806907209706,0.066974608309754,0.0236029864403824,0.00268563642477969
5,160,uncalibrated,438,-0.152620458555996,0.157316739017135,0.170378635681165,0.0164957001672598,0.156675553345625
5,160,offset,438,-0.152620458555996,0.0569366277460674,0.0670678333791254,0.0164957001672598,0.0040550947896292
5,161,uncalibrated,438,-0.152620458555996,0.157428880625131,0.170538385393881,0.0209153493847577,0.156787694953622
5,161,offset,438,-0.152620458555996,0.0571072701674432,0.0672184904849537,0.0209153493847577,0.00416723639762564
5,162,uncalibrated,438,-0.126748042840736,0.157687368650694,0.170680194090979,0.0240811193632825,0.157046182979185
5,162,offset,438,-0.126748042840736,0.061448354437125,0.0733907512051197,0.0240811193632825,0.0302981401384486
5,163,uncalibrated,438,-0.103309517804245,0.157688434945077,0.170699635718643,0.025308082256675,0.157047249273567
5,163,offset,438,-0.103309517804245,0.0711945472858738,0.0858036765736323,0.025308082256675,0.0537377314693221
5,164,uncalibrated,438,-0.197430880269639,0.157328035014368,0.170265686354928,0.030114039075289,0.156686849342859
5,164,offset,438,-0.197430880269639,0.0623561700500524,0.0781006481988823,0.030114039075289,-0.0407440309267806
5,165,uncalibrated,438,-0.107482717644991,0.157600319856134,0.170560511580447,0.0316963152948216,0.156959134184625
5,165,offset,438,-0.107482717644991,0.0689265516942875,0.0830820925362379,0.0316963152948216,0.0494764165396336
5,166,uncalibrated,438,-0.188298119478823,0.156877996512125,0.169961214065572,0.0283052630663162,0.156236810840615
5,166,offset,438,-0.188298119478823,0.0599958732257069,0.0741943443706554,0.0283052630663162,-0.0320613086382083
5,167,uncalibrated,438,-0.234468581088721,0.15702334034076,0.169974208671987,0.0257962779253134,0.156382154669251
5,167,offset,438,-0.234468581088721,0.0826014411940135,0.102632077371717,0.0257962779253134,-0.0780864264194708
5,168,uncalibrated,438,-0.220215919589607,0.156796386584725,0.169824119112715,0.0304001592632294,0.156155200913216
5,168,offset,438,-0.220215919589607,0.0734270270949004,0.0925178919858131,0.0304001592632294,-0.0640607186763911
5,169,uncalibrated,438,-0.0843570876022766,0.157697643937308,0.170524303992707,0.0367509781501776,0.157056458265799
5,169,offset,438,-0.0843570876022766,0.0822695975430022,0.0984733754071258,0.0367509781501776,0.0726993706635223
5,170,uncalibrated,438,-0.0959354820592226,0.157764606208471,0.170655769466514,0.0312557392267983,0.157123420536962
5,170,offset,438,-0.0959354820592226,0.0750138437505825,0.0904410647113832,0.0312557392267983,0.061187938477739
5,171,uncalibrated,438,-0.196154328736786,0.157091877429504,0.170081531961884,0.0294948052412869,0.156450691757994
5,171,offset,438,-0.196154328736786,0.0619801694117083,0.0776356062144822,0.0294948052412869,-0.0397036369787919
5,172,uncalibrated,438,-0.168277630189537,0.157510424458009,0.170394330683747,0.0303428952021924,0.156869238786499
5,172,offset,438,-0.168277630189537,0.0562485576916815,0.0675012684777949,0.0303428952021924,-0.011408391403038
5,173,uncalibrated,438,-0.194212960646984,0.156990136591649,0.169961431743771,0.0313523555076292,0.156348950920139
5,173,offset,438,-0.194212960646984,0.0614145969610237,0.0766523128102395,0.0313523555076292,-0.0378640097268446
5,174,uncalibrated,438,-0.121059914732145,0.157661069017564,0.170621339241354,0.0270615198061097,0.157019883346054
5,174,offset,438,-0.121059914732145,0.0633189116742415,0.0758255694420961,0.0270615198061097,0.0359599686139094
5,175,uncalibrated,438,-0.150911460349313,0.157629231349847,0.170529653126999,0.0333486427005096,0.156988045678338
5,175,offset,438,-0.150911460349313,0.0567679119809686,0.0668733205319701,0.0333486427005096,0.00607658532902429
5,176,uncalibrated,438,-0.142822590316644,0.157195959575138,0.170221763048106,0.0253079403489878,0.156554773903629
5,176,offset,438,-0.142822590316644,0.0578102527720414,0.0682248067000264,0.0253079403489878,0.0137321835869851
5,177,uncalibrated,438,-0.198374736111196,0.156852540180242,0.16995981873854,0.0258116338186375,0.156211354508732
5,177,offset,438,-0.198374736111196,0.0632824345444027,0.0791334534589474,0.0258116338186375,-0.0421633816024637
5,178,uncalibrated,438,-0.175430371660267,0.157124151656431,0.170237960350763,0.0175507897534816,0.156482965984921
5,178,offset,438,-0.175430371660267,0.0574769666521962,0.0696638262140127,0.0175507897534816,-0.018947405675346
5,179,uncalibrated,438,-0.209918368018441,0.156803811968874,0.169873816575758,0.0288114565474577,0.156162626297364
5,179,offset,438,-0.209918368018441,0.068155584781826,0.0857906024801515,0.0288114565474577,-0.0537557417210768
5,180,uncalibrated,438,-0.126469721890275,0.157502095572165,0.1705736289707,0.023305721496339,0.156860909900656
5,180,offset,438,-0.126469721890275,0.0616646413313894,0.0735774568332908,0.023305721496339,0.0303911880103806
5,181,uncalibrated,438,-0.195984263960653,0.157010658936093,0.169959054648786,0.0333343627646797,0.156369473264584
5,181,offset,438,-0.195984263960653,0.0618193470704908,0.077485480768716,0.0333343627646797,-0.0396147906960692
5,182,uncalibrated,438,-0.142250362401699,0.157299442796274,0.170305284562949,0.0222169326521261,0.156658257124764
5,182,offset,438,-0.142250362401699,0.0580199266078899,0.0683349680255238,0.0222169326521261,0.0144078947230647
5,183,uncalibrated,438,-0.168086252182354,0.157286331637114,0.170370436667284,0.0140530558806389,0.156645145965605
5,183,offset,438,-0.168086252182354,0.0566608104879378,0.067965306201609,0.0140530558806389,-0.0114411062167493
5,184,uncalibrated,438,-0.131017866738202,0.157669235032629,0.170624477121054,0.0275973456816682,0.15702804936112
5,184,offset,438,-0.131017866738202,0.0602622174575111,0.0716340247839836,0.0275973456816682,0.026010182622918
5,185,uncalibrated,438,-0.178460069556869,0.157346032129297,0.170380381846074,0.02086165459135,0.156704846457788
5,185,offset,438,-0.178460069556869,0.0576542726949938,0.0703303302050103,0.02086165459135,-0.0217552230990815
5,186,uncalibrated,438,-0.100738176276282,0.15792659597037,0.17089123707786,0.0158741141596759,0.157285410298861
5,186,offset,438,-0.100738176276282,0.0726708170775034,0.0875368739030856,0.0158741141596759,0.0565472340225787
5,187,uncalibrated,438,-0.173837397233445,0.157311525597787,0.170418291427854,0.0183453896371678,0.156670339926278
5,187,offset,438,-0.173837397233445,0.0572968374363486,0.0692207085860942,0.0183453896371678,-0.0171670573071674
5,188,uncalibrated,438,-0.13714084089819,0.157535503067954,0.170546212448063,0.02954815051392,0.156894317396445
5,188,offset,438,-0.13714084089819,0.0589304066286689,0.0697164513070649,0.02954815051392,0.0197534764982549
5,189,uncalibrated,438,-0.22709461825287,0.156691887432986,0.169692672130265,0.0339173897529765,0.156050701761477
5,189,offset,438,-0.22709461825287,0.0777074827125767,0.0974218636903244,0.0339173897529765,-0.0710439164913929
5,190,uncalibrated,438,-0.185101902315018,0.157456376788146,0.170447136470563,0.0242375708233366,0.156815191116636
5,190,offset,438,-0.185101902315018,0.0588847476129803,0.0725352341726987,0.0242375708233366,-0.0282867111983819
5,191,uncalibrated,438,-0.148927712133959,0.157193622490696,0.170244976186212,0.0210150323836076,0.156552436819186
5,191,offset,438,-0.148927712133959,0.0571573757727369,0.0673262420542235,0.0210150323836076,0.00762472468522705
5,192,uncalibrated,438,-0.179792208605456,0.157106580083622,0.170182444750365,0.0156301211225806,0.156465394412113
5,192,offset,438,-0.179792208605456,0.058056567137299,0.0708857186821423,0.0156301211225806,-0.0233268141933429
5,193,uncalibrated,438,-0.143155563550214,0.157202336651341,0.170187280830228,0.0277574390743364,0.156561150979832
5,193,offset,438,-0.143155563550214,0.0576737933623881,0.0680589915778244,0.0277574390743364,0.013405587429618
5,194,uncalibrated,438,-0.0781310278216349,0.157816486761716,0.17075231524048,0.0289605525311752,0.157175301090206
5,194,offset,438,-0.0781310278216349,0.0871013215209321,0.103442133696787,0.0289605525311752,0.0790442732685711
5,195,uncalibrated,438,-0.204687872436901,0.157125081023144,0.170111584405593,0.0296228386901348,0.156483895351635
5,195,offset,438,-0.204687872436901,0.0653519958880359,0.0823065310373162,0.0296228386901348,-0.0482039770852662
5,196,uncalibrated,438,-0.22347920268115,0.157019724068727,0.17007615084457,0.0277509381896544,0.156378538397217
5,196,offset,438,-0.22347920268115,0.0753121019551754,0.0947319848952822,0.0277509381896544,-0.0671006642839328
5,197,uncalibrated,438,-0.138853504185137,0.157467882260568,0.170568494617895,0.0108197380584902,0.156826696589058
5,197,offset,438,-0.138853504185137,0.058821172264568,0.0694408686464013,0.0108197380584902,0.017973192403921
5,198,uncalibrated,438,-0.176370319331069,0.15723715243745,0.170195646768434,0.0305458981432856,0.156595966765941
5,198,offset,438,-0.176370319331069,0.0571534218711471,0.0695362235883984,0.0305458981432856,-0.0197743525651284
5,199,uncalibrated,438,-0.130659450130912,0.157218005263665,0.170218221532636,0.0288504419598578,0.156576819592156
5,199,offset,438,-0.130659450130912,0.0602930450797275,0.0716215927491814,0.0288504419598578,0.0259173694612436
5,200,uncalibrated,438,-0.130659450130912,0.157698633915706,0.170652294104679,0.0267258371693738,0.157057448244197
5,200,offset,438,-0.130659450130912,0.0603774037312627,0.0717775573462932,0.0267258371693738,0.0263979981132849
5,201,uncalibrated,438,-0.138162451407889,0.157227097674636,0.17027842813745,0.0206996322611392,0.156585912003126
5,201,offset,438,-0.138162451407889,0.0587635899204408,0.0693903390351579,0.0206996322611392,0.0184234605952372
5,202,uncalibrated,438,-0.207255958464429,0.157065993704934,0.170072969916944,0.0255773519639268,0.156424808033424
5,202,offset,438,-0.207255958464429,0.0665606956676916,0.0839041142150714,0.0255773519639268,-0.0508311504310053
5,203,uncalibrated,438,-0.181180929974209,0.157397405004203,0.170353029681139,0.025651187211533,0.156756219332694
5,203,offset,438,-0.181180929974209,0.0579983773686399,0.0710225943766143,0.025651187211533,-0.0244247106415153
5,204,uncalibrated,438,-0.204727519940926,0.157372961491299,0.170329577843015,0.0315689990613979,0.15673177581979
5,204,offset,438,-0.204727519940926,0.0653331160483348,0.0821639032075306,0.0315689990613979,-0.0479957441211363
5,205,uncalibrated,438,-0.138162451407889,0.157444079528417,0.170546124798678,0.014315969866884,0.156802893856907
5,205,offset,438,-0.138162451407889,0.0589413480084871,0.0696153665266585,0.014315969866884,0.0186404424490183
5,206,uncalibrated,438,-0.123093698956762,0.157607085639364,0.170643523983102,0.0241195364518919,0.156965899967855
5,206,offset,438,-0.123093698956762,0.0626347556233768,0.0750216270550619,0.0241195364518919,0.033872201011093
5,207,uncalibrated,438,-0.191074547430959,0.157055880546901,0.170108358646064,0.0250142481004561,0.156414694875392
5,207,offset,438,-0.191074547430959,0.0606415561432355,0.0753166800082802,0.0250142481004561,-0.0346598525555671
5,208,uncalibrated,438,-0.147132711809745,0.157135708824425,0.170185335119529,0.0281645899533385,0.156494523152915
5,208,offset,438,-0.147132711809745,0.0573193901937272,0.0675289273164717,0.0281645899533385,0.00936181134317077
5,209,uncalibrated,438,-0.143155563550214,0.157569711470046,0.170615127189464,0.0258160609673702,0.156928525798537
5,209,offset,438,-0.143155563550214,0.0579835953764348,0.0683568131620297,0.0258160609673702,0.0137729622483232
5,210,uncalibrated,438,-0.0937506693906227,0.157829023428639,0.170709531098238,0.0264037302015168,0.15718783775713
5,210,offset,438,-0.0937506693906227,0.0764061384208416,0.0919673963933908,0.0264037302015168,0.0634371683665073
5,211,uncalibrated,438,-0.140259255957027,0.157235888619942,0.170275108477767,0.0279830818636456,0.156594702948432
5,211,offset,438,-0.140259255957027,0.058277931840856,0.0688371876533061,0.0279830818636456,0.0163354469914048
5,212,uncalibrated,438,-0.165999107621908,0.157410985626847,0.170448719757874,0.0170224558519349,0.156769799955338
5,212,offset,438,-0.165999107621908,0.0564927772792473,0.0675364790988234,0.0170224558519349,-0.00922930766656966
5,213,uncalibrated,438,-0.194209600287967,0.157153386766445,0.170210776304986,0.0287773256850568,0.156512201094936
5,213,offset,438,-0.194209600287967,0.0614926703956098,0.0767901893778303,0.0287773256850568,-0.0376973991930316
5,214,uncalibrated,438,-0.228489201578636,0.156564608203219,0.16954145704496,0.0351768397848777,0.15592342253171
5,214,offset,438,-0.228489201578636,0.0786184348446644,0.0984783440742844,0.0351768397848777,-0.0725657790469262
5,215,uncalibrated,438,-0.147193688055735,0.157447300799568,0.170570642636662,0.0233050132645911,0.156806115128058
5,215,offset,438,-0.147193688055735,0.0576810014575612,0.0678128685586368,0.0233050132645911,0.00961242707232341
5,216,uncalibrated,438,-0.1257438016599,0.157599902526481,0.170684909055503,0.0189384867634053,0.156958716854971
5,216,offset,438,-0.1257438016599,0.0619877810428754,0.0739707395742523,0.0189384867634053,0.0312149151950712
5,217,uncalibrated,438,-0.154293091526318,0.157674619991436,0.170695558338791,0.0210014675643515,0.157033434319926
5,217,offset,438,-0.154293091526318,0.056834037745227,0.0669700203143721,0.0210014675643515,0.00274034279360825
5,218,uncalibrated,438,-0.177834170376284,0.157145653901271,0.170247163212866,0.0190403757991898,0.156504468229761
5,218,offset,438,-0.177834170376284,0.0577718032346992,0.0703235678830887,0.0190403757991898,-0.0213297021465226
5,219,uncalibrated,438,-0.100416396994449,0.157749301538388,0.170580964998001,0.0374310453685842,0.157108115866878
5,219,offset,438,-0.100416396994449,0.072513914988916,0.0873433256586857,0.0374310453685842,0.0566917188724289
5,220,uncalibrated,438,-0.158984749028306,0.157370270879534,0.170343086716402,0.0228856471686007,0.156729085208024
5,220,offset,438,-0.158984749028306,0.0563734515513381,0.0667671256023332,0.0228856471686007,-0.00225566382028189
5,221,uncalibrated,438,-0.15630295292905,0.157421890620346,0.170339894808844,0.0304572145322044,0.156780704948837
5,221,offset,438,-0.15630295292905,0.056382452980032,0.0666011904264944,0.0304572145322044,0.000477752019786664
5,222,uncalibrated,438,-0.143155563550214,0.157365426057628,0.170385493334599,0.0253515691888079,0.156724240386118
5,222,offset,438,-0.143155563550214,0.0578765580837185,0.0682117131095993,0.0253515691888079,0.0135686768359046
5,223,uncalibrated,438,-0.216815402020311,0.156654272569536,0.169641832503449,0.0319362393426681,0.156013086898027
5,223,offset,438,-0.216815402020311,0.0714710137925115,0.0901952857742925,0.0319362393426681,-0.0608023151222839
5,224,uncalibrated,438,-0.121877285852626,0.15754558995619,0.170484550976926,0.0267089168988855,0.15690440428468
5,224,offset,438,-0.121877285852626,0.0628036068091952,0.0753185837859867,0.0267089168988855,0.035027118432054
5,225,uncalibrated,438,-0.163121765614813,0.157528848475479,0.170512290805229,0.024044775615939,0.156887662803969
5,225,offset,438,-0.163121765614813,0.0563694177695767,0.0670788089743052,0.024044775615939,-0.00623410281084372
5,226,uncalibrated,438,-0.178460069556869,0.157100102512253,0.170198240166087,0.0189299180878269,0.156458916840743
5,226,offset,438,-0.178460069556869,0.0578551799224245,0.0705131123798461,0.0189299180878269,-0.0220011527161264
5,227,uncalibrated,438,-0.126469721890275,0.157613691220876,0.170627593094371,0.0260991147273945,0.156972505549366
5,227,offset,438,-0.126469721890275,0.0615905267973768,0.073510732806072,0.0260991147273945,0.0305027836590909
5,228,uncalibrated,438,-0.184580929466038,0.157361242591414,0.170283435855922,0.0275899928724083,0.156720056919905
5,228,offset,438,-0.184580929466038,0.0587006910718736,0.0721907231225148,0.0275899928724083,-0.0278608725461327
5,229,uncalibrated,438,-0.180614832741325,0.157177549540272,0.170299329199918,0.0213197923510969,0.156536363868763
5,229,offset,438,-0.180614832741325,0.0583040708157171,0.0712600938529774,0.0213197923510969,-0.0240784688725623
5,230,uncalibrated,438,-0.121726653761546,0.157649459143549,0.170659274880791,0.0244787076438484,0.15700827347204
5,230,offset,438,-0.121726653761546,0.0631326932310702,0.0756160224658935,0.0244787076438484,0.0352816197104935
5,231,uncalibrated,438,-0.178460069556869,0.157188066972269,0.17024503677522,0.0243196150266478,0.15654688130076
5,231,offset,438,-0.178460069556869,0.0577032146539011,0.0704033686775672,0.0243196150266478,-0.0219131882561098
5,232,uncalibrated,438,-0.224881170430893,0.156733060786707,0.169751968646245,0.0298499810562143,0.156091875115198
5,232,offset,438,-0.224881170430893,0.0762191076537058,0.0958280988662887,0.0298499810562143,-0.0687892953156953
5,233,uncalibrated,438,-0.17656327495925,0.157294885804929,0.17035630738679,0.0253750589231278,0.156653700133419
5,233,offset,438,-0.17656327495925,0.0574358160298431,0.06983753196324,0.0253750589231278,-0.0199095748258303
5,234,uncalibrated,438,-0.195984263960653,0.157133913636731,0.170190191144901,0.0284632133356981,0.156492727965221
5,234,offset,438,-0.195984263960653,0.0620749617668792,0.0776808127610637,0.0284632133356981,-0.0394915359954314
5,235,uncalibrated,438,-0.163121765614813,0.157576682543616,0.170530436767095,0.0276910328272544,0.156935496872106
5,235,offset,438,-0.163121765614813,0.0564289272338228,0.0670085786033284,0.0276910328272544,-0.00618626874270675
5,236,uncalibrated,438,-0.123093698956762,0.157645526580304,0.170569165318117,0.0293135095127981,0.157004340908794
5,236,offset,438,-0.123093698956762,0.0623743126677748,0.074789094998625,0.0293135095127981,0.0339106419520322
5,237,uncalibrated,438,-0.204689506588887,0.156870382432441,0.169883999429647,0.0297051672572558,0.156229196760932
5,237,offset,438,-0.204689506588887,0.0655506455587162,0.0824706794580226,0.0297051672572558,-0.0484603098279551
5,238,uncalibrated,438,-0.192229046683375,0.157320539984297,0.170304143930699,0.0262519180888593,0.156679354312787
5,238,offset,438,-0.192229046683375,0.0607617753860027,0.0756231578270816,0.0262519180888593,-0.0355496923705872
5,239,uncalibrated,438,-0.173801635376908,0.157273764802965,0.170102994721449,0.0345969522153881,0.156632579131455
5,239,offset,438,-0.173801635376908,0.0566037458738068,0.0685276620073466,0.0345969522153881,-0.0171690562454531
5,240,uncalibrated,438,-0.147132711809745,0.157333907129839,0.170324068751846,0.0315225106217081,0.15669272145833
5,240,offset,438,-0.147132711809745,0.0572240102788392,0.0674468177355097,0.0315225106217081,0.00956000964858501
5,241,uncalibrated,438,-0.210985518090177,0.156895346565278,0.169950571528161,0.0280215684990409,0.156254160893768
5,241,offset,438,-0.210985518090177,0.0685021238349047,0.0863907137758102,0.0280215684990409,-0.0547313571964092
5,242,uncalibrated,438,-0.136256772257221,0.157379858381582,0.170413701378042,0.0325261938175218,0.157124753467371
5,242,offset,438,-0.136256772257221,0.0586976537878648,0.0691962000760859,0.0325261938175218,0.0208679812101499
5,243,uncalibrated,438,-0.173837397233445,0.157202020055097,0.170274015497814,0.0218454091734366,0.156560834383587
5,243,offset,438,-0.173837397233445,0.0571825165303246,0.0691406184147208,0.0218454091734366,-0.0172765628498581
5,244,uncalibrated,438,-0.152570592191757,0.157643603494572,0.170635986145551,0.025098794155345,0.157002417823063
5,244,offset,438,-0.152570592191757,0.0568508409091621,0.0669815022525129,0.025098794155345,0.00443182563130524
5,245,uncalibrated,438,-0.204687872436901,0.157039141404037,0.170050861379536,0.0310550224650583,0.156397955732527
5,245,offset,438,-0.204687872436901,0.0654811826969702,0.0823947264934095,0.0310550224650583,-0.0482899167043734
5,246,uncalibrated,438,-0.204687872436901,0.156911386043331,0.169968973002378,0.0291052875862459,0.156270200371822
5,246,offset,438,-0.204687872436901,0.0655655662530462,0.0825430022923519,0.0291052875862459,-0.0484176720650791
5,247,uncalibrated,438,-0.16794663046497,0.157099174911597,0.170138415454203,0.0259995010890213,0.156457989240088
5,247,offset,438,-0.16794663046497,0.0564940990965094,0.0678230557657905,0.0259995010890213,-0.0114886412248825
5,248,uncalibrated,438,-0.170547880407901,0.157386432222023,0.170445163896654,0.0267902498184232,0.156745246550513
5,248,offset,438,-0.170547880407901,0.0567393579296306,0.0683593028122521,0.0267902498184232,-0.0138026338573877
5,249,uncalibrated,438,-0.168277630189537,0.157134590191103,0.170164799047315,0.026938842048693,0.156493404519593
5,249,offset,438,-0.168277630189537,0.0564902649240284,0.0678582430609596,0.026938842048693,-0.0117842256699437
5,250,uncalibrated,438,-0.222011962362207,0.156722407669182,0.169723467004372,0.0351621302256599,0.156081221997673
5,250,offset,438,-0.222011962362207,0.074442931066575,0.0937633719354905,0.0351621302256599,-0.0659307403645341
5,251,uncalibrated,438,-0.15202654888209,0.15743488728883,0.17045801248914,0.0224105855134075,0.15679370161732
5,251,offset,438,-0.15202654888209,0.0569024362704126,0.0670402483593806,0.0224105855134075,0.00476715273523045
5,252,uncalibrated,438,-0.203554078802513,0.157148980671897,0.170132662280827,0.0285219791528202,0.156507795000387
5,252,offset,438,-0.203554078802513,0.0649746477150204,0.0816320139312325,0.0285219791528202,-0.0470462838021255
5,253,uncalibrated,438,-0.143155563550214,0.157654974412612,0.170511968011983,0.0313542075762578,0.157013788741102
5,253,offset,438,-0.143155563550214,0.0575031558292112,0.0679194507186659,0.0313542075762578,0.0138582251908888
5,254,uncalibrated,438,-0.194155442094066,0.157232328967029,0.170284241784936,0.0284013026244148,0.15659114329552
5,254,offset,438,-0.194155442094066,0.061487224889642,0.0767268752517604,0.0284013026244148,-0.0375642987985468
5,255,uncalibrated,438,-0.153973457051132,0.157476736796497,0.170453288783887,0.0301600232240923,0.156835551124987
5,255,offset,438,-0.153973457051132,0.056702519359894,0.0668215918925339,0.0301600232240923,0.00286209407385492
5,256,uncalibrated,438,-0.0891675821979759,0.158264939872746,0.171102168823669,0.0248595843993474,0.157623754201236
5,256,offset,438,-0.0891675821979759,0.0796249560003889,0.0954827302343806,0.0248595843993474,0.0684561720032604
5,257,uncalibrated,438,-0.141913131184667,0.157382142555445,0.17048570644901,0.016556322955868,0.156740956883936
5,257,offset,438,-0.141913131184667,0.0583256112027833,0.0686841535835896,0.016556322955868,0.0148278256992683
5,258,uncalibrated,438,-0.222725764120496,0.156813254852993,0.16986971789639,0.02527880414444,0.156172069181483
5,258,offset,438,-0.222725764120496,0.0750253937539415,0.0943154291503163,0.02527880414444,-0.066553694939013
5,259,uncalibrated,438,-0.1257438016599,0.157275065180552,0.170273098438495,0.0251881226014392,0.156633879509043
5,259,offset,438,-0.1257438016599,0.0616382281967158,0.0735727718066819,0.0251881226014392,0.0308900778491428
5,260,uncalibrated,438,-0.169237655128496,0.157417177883473,0.170445387406515,0.0244518591260774,0.156775992211963
5,260,offset,438,-0.169237655128496,0.0566194854915273,0.0680309591050765,0.0244518591260774,-0.0124616629165328
5,261,uncalibrated,438,-0.164666796049281,0.157294452340212,0.170293237684282,0.0267326264295912,0.156653266668702
5,261,offset,438,-0.164666796049281,0.0564011861719183,0.0672588841429385,0.0267326264295912,-0.00801352938057889
5,262,uncalibrated,438,-0.211510772561975,0.157103627826381,0.170117900808805,0.0256097719462373,0.156462442154872
5,262,offset,438,-0.211510772561975,0.0686101446560369,0.0865443415315963,0.0256097719462373,-0.0550483304071035
5,263,uncalibrated,438,-0.107482717644991,0.157834365025981,0.170792594884388,0.0288973585487844,0.157193179354472
5,263,offset,438,-0.107482717644991,0.0690863932806258,0.0832558997017336,0.0288973585487844,0.0497104617094804
5,264,uncalibrated,438,-0.124472231304748,0.157377176337469,0.17044902953997,0.0200590545960053,0.156735990665959
5,264,offset,438,-0.124472231304748,0.0622117991827274,0.0743481746191266,0.0200590545960053,0.032263759361211
5,265,uncalibrated,438,-0.208377144064096,0.157390815052033,0.170284244386147,0.02174280006333,0.156749629380524
5,265,offset,438,-0.208377144064096,0.0668912263858032,0.084212100363498,0.02174280006333,-0.0516275146835727
5,266,uncalibrated,438,-0.24031339278355,0.156540555086043,0.169527540087414,0.0320694811029383,0.155899369414533
5,266,offset,438,-0.24031339278355,0.0874320813211591,0.107520699428462,0.0320694811029383,-0.0844140233690171
5,267,uncalibrated,438,-0.196154328736786,0.157272497720002,0.170233185566702,0.0324225082090085,0.156631312048492
5,267,offset,438,-0.196154328736786,0.061935921481357,0.0775115372205853,0.0324225082090085,-0.0395230166882941
5,268,uncalibrated,438,-0.200743194254055,0.15685373914724,0.169904981490105,0.026663860901664,0.15621255347573
5,268,offset,438,-0.200743194254055,0.0639502615860159,0.08030142489317,0.026663860901664,-0.0445306407783251
5,269,uncalibrated,438,-0.0879330453862703,0.157670663205718,0.170494131004305,0.0277321624714993,0.157029477534208
5,269,offset,438,-0.0879330453862703,0.079785469375031,0.095834799670169,0.0277321624714993,0.0690964321479381
5,270,uncalibrated,438,-0.15630295292905,0.157536669593705,0.170586642264744,0.0220159972169863,0.156895483922196
5,270,offset,438,-0.15630295292905,0.0567323155789477,0.0669623829993957,0.0220159972169863,0.000592530993145654
5,271,uncalibrated,438,-0.170547880407901,0.157450314059382,0.170474323545599,0.0275607175481801,0.156809128387873
5,271,offset,438,-0.170547880407901,0.0566923306149421,0.0682725827080898,0.0275607175481801,-0.0137387520200282
5,272,uncalibrated,438,-0.142822590316644,0.157555173095832,0.170636403338979,0.027505806616888,0.156913987424323
5,272,offset,438,-0.142822590316644,0.0581442462902718,0.068508029949113,0.027505806616888,0.0140913971076789
5,273,uncalibrated,438,-0.183024074598183,0.157401313103204,0.170366877698853,0.0306452925846452,0.156760127431694
5,273,offset,438,-0.183024074598183,0.0583617668772476,0.0717002816257988,0.0306452925846452,-0.0262639471664887
5,274,uncalibrated,438,-0.103299827241947,0.157990141695863,0.170938947402464,0.0216441182556769,0.157348956024353
5,274,offset,438,-0.103299827241947,0.071349015730208,0.0859228613306479,0.0216441182556769,0.0540491287824061
5,275,uncalibrated,438,-0.125941441494153,0.15780517312484,0.1707862154892,0.0136098416380806,0.157163987453331
5,275,offset,438,-0.125941441494153,0.0617380385358465,0.0737716735953971,0.0136098416380806,0.031222545959178
5,276,uncalibrated,438,-0.185101902315018,0.157177923629006,0.170284604530346,0.017401476853827,0.156536737957496
5,276,offset,438,-0.185101902315018,0.0591895652797884,0.0728633297650793,0.017401476853827,-0.0285651643575217
5,277,uncalibrated,438,-0.154966591215269,0.157314739706488,0.170391180607849,0.0212012574959341,0.156673554034979
5,277,offset,438,-0.154966591215269,0.0568078422096221,0.0670034746640287,0.0212012574959341,0.00170696281970971
5,278,uncalibrated,438,-0.225325108864243,0.156932069837848,0.16984309466527,0.0347097718591799,0.156290884166338
5,278,offset,438,-0.225325108864243,0.0762790353981093,0.0958413298719342,0.0347097718591799,-0.0690342246979042
5,279,uncalibrated,438,-0.217177549007175,0.156758917671628,0.169766522205253,0.0298607643724336,0.156117732000118
5,279,offset,438,-0.217177549007175,0.0717194201081805,0.0904224920566834,0.0298607643724336,-0.0610598170070561
5,280,uncalibrated,438,-0.127666720695391,0.157318386940074,0.17039376992883,0.0248487227590685,0.156677201268564
5,280,offset,438,-0.127666720695391,0.0612838084878377,0.0729924613661933,0.0248487227590685,0.0290104805731731
5,281,uncalibrated,438,-0.145132668861247,0.157596411457,0.170684571429375,0.020519979385284,0.15695522578549
5,281,offset,438,-0.145132668861247,0.0578479100997543,0.0681032515734908,0.020519979385284,0.0118225569242428
5,282,uncalibrated,438,-0.173585107585219,0.157306609111941,0.170390566756679,0.0192453881603721,0.156665423440431
5,282,offset,438,-0.173585107585219,0.0571025280128144,0.0691025762866485,0.0192453881603721,-0.0169196841447882
5,283,uncalibrated,438,-0.194212960646984,0.15698156472564,0.1699213233513,0.0344073037966636,0.156340379054131
5,283,offset,438,-0.194212960646984,0.0613041446370867,0.0765850797686809,0.0344073037966636,-0.0378725815928531
5,284,uncalibrated,438,-0.109573424854484,0.157330715826701,0.170236179955509,0.0369225658786353,0.156689530155191
5,284,offset,438,-0.109573424854484,0.0677649823806488,0.0815394106202461,0.0369225658786353,0.0471161053007072
5,285,uncalibrated,438,-0.219720952707526,0.157160268949797,0.170031005862471,0.0371919079143167,0.156519083278287
5,285,offset,438,-0.219720952707526,0.0726613315835225,0.0916885806612732,0.0371919079143167,-0.0632018694292384
5,286,uncalibrated,438,-0.224881170430893,0.156860158334406,0.169876370012866,0.0253715600476414,0.156218972662897
5,286,offset,438,-0.224881170430893,0.0761023556433527,0.0957502536353225,0.0253715600476414,-0.068662197767996
5,287,uncalibrated,438,-0.173801635376908,0.157098963446854,0.170212472512581,0.0219212427322504,0.156457777775344
5,287,offset,438,-0.173801635376908,0.0572513511380608,0.0692391433291211,0.0219212427322504,-0.017343857601564
5,288,uncalibrated,438,-0.165588867119333,0.157545351369553,0.170551508526156,0.0223867352337758,0.156904165698044
5,288,offset,438,-0.165588867119333,0.0564497952816177,0.0674116005293257,0.0223867352337758,-0.00868470142128912
5,289,uncalibrated,438,-0.20279560133843,0.156962271214268,0.170020047410312,0.0261993682316619,0.156321085542759
5,289,offset,438,-0.20279560133843,0.0648237004660895,0.0814273624439612,0.0261993682316619,-0.0464745157956709
5,290,uncalibrated,438,-0.167873496295245,0.157481101815382,0.170565502086876,0.0233547049140716,0.156839916143873
5,290,offset,438,-0.167873496295245,0.0567047067569665,0.067937994502987,0.0233547049140716,-0.0110335801513715
5,291,uncalibrated,438,-0.160570134561196,0.157328952729741,0.17039488377179,0.0162265723484679,0.156687767058231
5,291,offset,438,-0.160570134561196,0.0565677437720609,0.0670703574415364,0.0162265723484679,-0.00388236750296482
5,292,uncalibrated,438,-0.16431539794648,0.157570736903908,0.170580718835754,0.0276810320855481,0.156929551232399
5,292,offset,438,-0.16431539794648,0.0565257500089588,0.0672714524906685,0.0276810320855481,-0.00738584671408162
5,293,uncalibrated,438,-0.12555790167013,0.157666831611567,0.170578352707505,0.0245884572229205,0.157025645940058
5,293,offset,438,-0.12555790167013,0.0615898832312898,0.0736894826888543,0.0245884572229205,0.0314677442699282
5,294,uncalibrated,438,-0.196154328736786,0.157148582042035,0.170209741385497,0.0271184985940776,0.156507396370526
5,294,offset,438,-0.196154328736786,0.0621499041590837,0.0777731971175918,0.0271184985940776,-0.0396469323662608
5,295,uncalibrated,438,-0.0995987727117298,0.157862178780094,0.170716693651453,0.0270978643042153,0.157220993108585
5,295,offset,438,-0.0995987727117298,0.073086656425758,0.0880117554687892,0.0270978643042153,0.0576222203968551
5,296,uncalibrated,438,-0.109328585832806,0.157632387095202,0.170640165626261,0.0222804844558753,0.156991201423693
5,296,offset,438,-0.109328585832806,0.0681740848193859,0.0821191434774371,0.0222804844558753,0.0476626155908864
5,297,uncalibrated,438,-0.109573424854484,0.157940402220126,0.170885328544661,0.0209960399866714,0.157299216548617
5,297,offset,438,-0.109573424854484,0.0681842831706206,0.0820762034809107,0.0209960399866714,0.0477257916941326
5,298,uncalibrated,438,-0.109328585832806,0.157743818927567,0.170757397323292,0.0207524024958826,0.157102633256058
5,298,offset,438,-0.109328585832806,0.0683666933626935,0.0822144207048641,0.0207524024958826,0.0477740474232516
5,299,uncalibrated,438,-0.170419667647216,0.15724808920038,0.170316876134636,0.0249162795798407,0.156606903528871
5,299,offset,438,-0.170419667647216,0.0567429863161007,0.0683586754987904,0.0249162795798407,-0.0138127641183452
5,300,uncalibrated,438,-0.101491577769215,0.157695634253975,0.170700590397083,0.0211827664649376,0.157054448582466
5,300,offset,438,-0.101491577769215,0.0722373433755952,0.086947250418746,0.0211827664649376,0.0555628708132508
5,301,uncalibrated,438,-0.178359491934101,0.157126839884902,0.170127320591801,0.0309884010124361,0.156485654213393
5,301,offset,438,-0.178359491934101,0.0576269725971553,0.0702425085954628,0.0309884010124361,-0.0218738377207079
5,302,uncalibrated,438,-0.168537112606466,0.157544397270251,0.17050522538271,0.0217302326724817,0.156903211598742
5,302,offset,438,-0.168537112606466,0.05656759136507,0.0677403995077278,0.0217302326724817,-0.0116339010077241
5,303,uncalibrated,438,-0.127296299740915,0.157343231966345,0.170337561175478,0.0261830163424331,0.156702046294835
5,303,offset,438,-0.127296299740915,0.0611337529526979,0.0729660973645603,0.0261830163424331,0.0294057465539198
5,304,uncalibrated,438,-0.220361182438801,0.15694170506459,0.170011356888979,0.025541934774065,0.15630051939308
5,304,offset,438,-0.220361182438801,0.073556350342325,0.0926162926192925,0.025541934774065,-0.0640606630457208
5,305,uncalibrated,438,-0.122362926292807,0.157383735738715,0.170362732962248,0.0252970161908027,0.156742550067205
5,305,offset,438,-0.122362926292807,0.0626832789796049,0.075081238080263,0.0252970161908027,0.0343796237743979
5,306,uncalibrated,438,-0.20404656795635,0.157010272714266,0.170014942193008,0.031438969414138,0.156369087042756
5,306,offset,438,-0.20404656795635,0.0651486066861934,0.0820178722753328,0.031438969414138,-0.0476774809135936
5,307,uncalibrated,438,-0.20775177277595,0.157110501047763,0.170123720120409,0.0262742708612069,0.156469315376253
5,307,offset,438,-0.20775177277595,0.0669553041752125,0.0841981230803012,0.0262742708612069,-0.051282457399697
5,308,uncalibrated,438,-0.133234334279764,0.1574169779726,0.170493297705299,0.0134084772832662,0.15677579230109
5,308,offset,438,-0.133234334279764,0.0599987258574241,0.0710177143856595,0.0134084772832662,0.0235414580213265
5,309,uncalibrated,438,-0.223928409208939,0.156886573625092,0.169913513608687,0.0266909245873434,0.156245387953582
5,309,offset,438,-0.223928409208939,0.0755589619448477,0.0950735095404458,0.0266909245873434,-0.0676830212553569
5,310,uncalibrated,438,-0.174922423400889,0.157184293180883,0.170243992050572,0.0248243047004159,0.156543107509374
5,310,offset,438,-0.174922423400889,0.057223614206308,0.0693907167657465,0.0248243047004159,-0.0183793158915148
5,311,uncalibrated,438,-0.177834170376284,0.157060169922052,0.170123210245343,0.0273710563707944,0.156418984250543
5,311,offset,438,-0.177834170376284,0.0576629584300328,0.070239719724737,0.0273710563707944,-0.0214151861257411
5,312,uncalibrated,438,-0.145132668861247,0.157345045256191,0.170381137523689,0.0190943652533026,0.156703859584681
5,312,offset,438,-0.145132668861247,0.0575037305751044,0.0678787512399038,0.0190943652533026,0.0115711907234339
5,313,uncalibrated,438,-0.169736969305468,0.157091024278344,0.170201557335632,0.0232037600778912,0.156449838606834
5,313,offset,438,-0.169736969305468,0.056939706404339,0.068326905107524,0.0232037600778912,-0.0132871306986344
5,314,uncalibrated,438,-0.148927712133959,0.157476975133816,0.170487529751003,0.0292524587458798,0.156835789462306
5,314,offset,438,-0.148927712133959,0.0571103658488087,0.0673132277592246,0.0292524587458798,0.00790807732834695
5,315,uncalibrated,438,-0.199166385275161,0.156742285457314,0.169771467127209,0.0273156504921426,0.156101099785804
5,315,offset,438,-0.199166385275161,0.0633456710086415,0.0794318356231767,0.0273156504921426,-0.0430652854893568
5,316,uncalibrated,438,-0.186170334726125,0.156995352706087,0.170044278373118,0.0273885517235789,0.156354167034578
5,316,offset,438,-0.186170334726125,0.059279866217846,0.0731945005732558,0.0273885517235789,-0.0298161676915474
5,317,uncalibrated,438,-0.1865176231278,0.157094821580488,0.170210409978778,0.0227701818262958,0.156453635908979
5,317,offset,438,-0.1865176231278,0.0596237187862771,0.0734689512889485,0.0227701818262958,-0.0300639872188211
5,318,uncalibrated,438,-0.0885188649081551,0.157906690846878,0.170848339875726,0.0295312977303272,0.157265505175369
5,318,offset,438,-0.0885188649081551,0.0798287393484619,0.0958270142927204,0.0295312977303272,0.0687466402672139
5,319,uncalibrated,438,-0.165999107621908,0.157470463770769,0.170501315420036,0.0174613160056373,0.156829278099259
5,319,offset,438,-0.165999107621908,0.056511064552887,0.0675230469121633,0.0174613160056373,-0.0091698295226483
5,320,uncalibrated,438,-0.174428967833534,0.157348797020794,0.170344231158444,0.024267989622726,0.156707611349284
5,320,offset,438,-0.174428967833534,0.0569472968879065,0.0690936184448675,0.024267989622726,-0.0177213564842497
5,321,uncalibrated,438,-0.223928409208939,0.156618765223302,0.169652683164406,0.0274747441858786,0.155977579551792
5,321,offset,438,-0.223928409208939,0.0758164883441697,0.0952383474927043,0.0274747441858786,-0.0679508296571467
5,322,uncalibrated,438,-0.176370319331069,0.157346571246174,0.170397048256987,0.0244804919106325,0.156705385574664
5,322,offset,438,-0.176370319331069,0.0573950016798379,0.0697516007431628,0.0244804919106325,-0.0196649337564052
5,323,uncalibrated,438,-0.237612935365638,0.157207104242764,0.169965377153619,0.0375819254643941,0.156565918571255
5,323,offset,438,-0.237612935365638,0.0846631774702199,0.104613390654258,0.0375819254643941,-0.0810470167943834
5,324,uncalibrated,438,-0.170547880407901,0.157117098771608,0.170211332418878,0.0229113507413297,0.156475913100099
5,324,offset,438,-0.170547880407901,0.0569233569959319,0.0684485687740211,0.0229113507413297,-0.0140719673078025
5,325,uncalibrated,438,-0.20248301873025,0.156949037445806,0.169994815955985,0.0274171208214851,0.156307851774296
5,325,offset,438,-0.20248301873025,0.0646595187804303,0.0812295449268557,0.0274171208214851,-0.0461751669559541
5,326,uncalibrated,438,-0.106795580271922,0.157852126905667,0.170857021864857,0.0167771781650397,0.157210941234158
5,326,offset,438,-0.106795580271922,0.0696349631196603,0.0837767897317081,0.0167771781650397,0.0504153609622361
5,327,uncalibrated,438,-0.218365452890867,0.156917994973167,0.169966383436014,0.0241494562729927,0.156276809301658
5,327,offset,438,-0.218365452890867,0.072365404945332,0.0912202282147959,0.0241494562729927,-0.0620886435892098
5,328,uncalibrated,438,-0.146596530243049,0.157359643104125,0.170424923701986,0.0209656925939979,0.156718457432615
5,328,offset,438,-0.146596530243049,0.0574175044282957,0.0677232096758586,0.0209656925939979,0.010121927189566
5,329,uncalibrated,438,-0.140259255957027,0.157736073923062,0.170784063698441,0.0250385992072575,0.157094888251553
5,329,offset,438,-0.140259255957027,0.0585779639840181,0.0690784410170194,0.0250385992072575,0.0168356322945252
5,330,uncalibrated,438,-0.197430880269639,0.157054282606426,0.170116359106867,0.0258856823756678,0.156413096934917
5,330,offset,438,-0.197430880269639,0.0626591668579147,0.0784664086899562,0.0258856823756678,-0.0410177833347228
5,331,uncalibrated,438,-0.186170334726125,0.157328037936801,0.170352924198917,0.0261238868847485,0.156686852265291
5,331,offset,438,-0.186170334726125,0.059175307400029,0.0730658938789846,0.0261238868847485,-0.0294834824608336
5,332,uncalibrated,438,-0.104567411584272,0.157727890591661,0.170735644045336,0.0214650329296942,0.157086704920152
5,332,offset,438,-0.104567411584272,0.0706233424637355,0.0850453023829353,0.0214650329296942,0.0525192933358796
5,333,uncalibrated,438,-0.191074547430959,0.157085150473766,0.170195876037068,0.0267007737977812,0.156443964802257
5,333,offset,438,-0.191074547430959,0.0607582548278304,0.0754400381109293,0.0267007737977812,-0.0346305826287016
5,334,uncalibrated,438,-0.142250362401699,0.157430719568798,0.170470639974121,0.0252799421215575,0.156789533897288
5,334,offset,438,-0.142250362401699,0.0579807464318508,0.0684738538512,0.0252799421215575,0.0145391714955891
5,335,uncalibrated,438,-0.180614832741325,0.157327184546387,0.170319803039469,0.0291836226767927,0.156685998874878
5,335,offset,438,-0.180614832741325,0.0580775628794966,0.0709289937486298,0.0291836226767927,-0.0239288338664471
5,336,uncalibrated,438,-0.202214262551962,0.157104562723203,0.170018549073451,0.0297722181994301,0.156576518719773
5,336,offset,438,-0.202214262551962,0.0641615591164713,0.0804543626954465,0.0297722181994301,-0.045637743832189
5,337,uncalibrated,438,-0.162143351663864,0.157371706513586,0.170342791139261,0.0291349964848257,0.156730520842077
5,337,offset,438,-0.162143351663864,0.0562799259271457,0.0669440741753183,0.0291349964848257,-0.00541283082178753
5,338,uncalibrated,438,-0.216815402020311,0.156781719680124,0.169818668257048,0.0260903309034256,0.156140534008615
5,338,offset,438,-0.216815402020311,0.0715892852770154,0.0902216899439306,0.0260903309034256,-0.0606748680116959
5,339,uncalibrated,438,-0.0817211232027409,0.157637337036504,0.170580980078511,0.0276227690427092,0.156996151364994
5,339,offset,438,-0.0817211232027409,0.0843887399367852,0.10058036133338,0.0276227690427092,0.0752750281622534
5,340,uncalibrated,438,-0.1116232855132,0.157653277952062,0.170540795985097,0.0300638409175255,0.157012092280552
5,340,offset,438,-0.1116232855132,0.0669733346355163,0.0805699059989389,0.0300638409175255,0.0453888067673523
5,341,uncalibrated,438,-0.132747657593207,0.157333601433066,0.170377342571877,0.0217053835133043,0.156692415761557
5,341,offset,438,-0.132747657593207,0.0598972032524704,0.0710582658696563,0.0217053835133043,0.0239447581683497
5,342,uncalibrated,438,-0.147132711809745,0.157188849434632,0.170221312869812,0.0261367426948358,0.156547663763122
5,342,offset,438,-0.147132711809745,0.0572897702066857,0.0675038194898269,0.0261367426948358,0.00941495195337791
5,343,uncalibrated,438,-0.20775177277595,0.157142649570699,0.170168362377405,0.0284451446639844,0.15650146389919
5,343,offset,438,-0.20775177277595,0.0668235191029333,0.0842090108692752,0.0284451446639844,-0.0512503088767604
5,344,uncalibrated,438,-0.162143351663864,0.157426062927353,0.170452842065368,0.016314330449986,0.156784877255844
5,344,offset,438,-0.162143351663864,0.0565495920547476,0.0670923757219295,0.016314330449986,-0.0053584744080205
5,345,uncalibrated,438,-0.163121765614813,0.157375090931723,0.170403834102839,0.0255961334709417,0.156733905260213
5,345,offset,438,-0.163121765614813,0.0564407323863321,0.0671770375853256,0.0255961334709417,-0.0063878603546
5,346,uncalibrated,438,-0.198136295408598,0.157035393207312,0.170057721367201,0.0308763644768721,0.156394207535802
5,346,offset,438,-0.198136295408598,0.0628185474879098,0.0787583795277264,0.0308763644768721,-0.0417420878727963
5,347,uncalibrated,438,-0.109604743549256,0.158111766288809,0.171025718736586,0.0223923738799112,0.157470580617299
5,347,offset,438,-0.109604743549256,0.0683397999721395,0.0821215627447554,0.0223923738799112,0.0478658370680438
5,348,uncalibrated,438,-0.173837397233445,0.157247768395371,0.170300073988848,0.0238399834111462,0.156606582723862
5,348,offset,438,-0.173837397233445,0.0570049803457078,0.069089756236543,0.0238399834111462,-0.0172308145095833
5,349,uncalibrated,438,-0.148927712133959,0.157422115534834,0.170468175791486,0.0217750738531413,0.156780929863325
5,349,offset,438,-0.148927712133959,0.057214139362857,0.06738554754228,0.0217750738531413,0.00785321772936535
5,350,uncalibrated,438,-0.161750185499773,0.15713956113694,0.170217334200854,0.0209321319479824,0.156498375465431
5,350,offset,438,-0.161750185499773,0.0566295730573441,0.0671549018893122,0.0209321319479824,-0.00525181003434185
5,351,uncalibrated,438,-0.191074547430959,0.157088768618824,0.170152284038764,0.0277530109344241,0.156447582947315
5,351,offset,438,-0.191074547430959,0.0606111712887336,0.0753324646012774,0.0277530109344241,-0.0346269644836437
5,352,uncalibrated,438,-0.170419667647216,0.157242236782078,0.170337529821213,0.0223612442232019,0.156601051110568
5,352,offset,438,-0.170419667647216,0.0568423422988629,0.0684246959777283,0.0223612442232019,-0.0138186165366474
5,353,uncalibrated,438,-0.180614832741325,0.157059579529479,0.170168052453997,0.0234801704424828,0.15641839385797
5,353,offset,438,-0.180614832741325,0.0583065038194894,0.071245489636294,0.0234801704424828,-0.0241964388833553
5,354,uncalibrated,438,-0.145445053832519,0.157463716886304,0.170532612825986,0.0102682009737597,0.156822531214795
5,354,offset,438,-0.145445053832519,0.0576844868843489,0.067952282759497,0.0102682009737597,0.0113774773822753
5,355,uncalibrated,438,-0.0995987727117298,0.157787829503818,0.170755090028101,0.0260101414553627,0.157146643832309
5,355,offset,438,-0.0995987727117298,0.0731782458359832,0.0881702363230201,0.0260101414553627,0.0575478711205787
5,356,uncalibrated,438,-0.103309517804245,0.158161988957021,0.171017463782128,0.0187271254305248,0.157520803285512
5,356,offset,438,-0.103309517804245,0.0713592238863774,0.0858663666652426,0.0187271254305248,0.0542112854812668
5,357,uncalibrated,438,-0.165588867119333,0.157428188876167,0.170459786050408,0.0229664069359272,0.156787003204657
5,357,offset,438,-0.165588867119333,0.0564880988473116,0.0674673780046774,0.0229664069359272,-0.00880186391467534
5,358,uncalibrated,438,-0.144992161317339,0.157686972803096,0.170665854777376,0.0238751855342337,0.157045787131587
5,358,offset,438,-0.144992161317339,0.0575319164029497,0.0678877354636499,0.0238751855342337,0.0120536258142479
5,359,uncalibrated,438,-0.16544624568651,0.157103583962666,0.17006726635156,0.0351709857791483,0.156462398291157
5,359,offset,438,-0.16544624568651,0.0562586581392615,0.0672540148934971,0.0351709857791483,-0.00898384739535355
5,360,uncalibrated,438,-0.114037544912232,0.157462209997609,0.170508611058703,0.0251139990718243,0.156821024326099
5,360,offset,438,-0.114037544912232,0.0661721220227287,0.0794404109080372,0.0251139990718243,0.0427834794138669
5,361,uncalibrated,438,-0.168086252182354,0.157048852537722,0.170134377130202,0.0242672738335772,0.156407666866212
5,361,offset,438,-0.168086252182354,0.0566890363868058,0.0679612932626815,0.0242672738335772,-0.0116785853161414
5,362,uncalibrated,438,-0.222725764120496,0.156655125395476,0.169651589598259,0.0320361346750029,0.156013939723966
5,362,offset,438,-0.222725764120496,0.0748853409523941,0.0942962352341603,0.0320361346750029,-0.0667118243965303
5,363,uncalibrated,438,-0.227860794922665,0.156835062827575,0.169805469282918,0.0276985264629802,0.156193877156066
5,363,offset,438,-0.227860794922665,0.0779964326678254,0.0978443521083988,0.0276985264629802,-0.0716669177665997
5,364,uncalibrated,438,-0.187934186793865,0.157216711892987,0.170261848221373,0.0270573782795802,0.156575526221477
5,364,offset,438,-0.187934186793865,0.0597187247431506,0.0738685802024071,0.0270573782795802,-0.0313586605723882
5,365,uncalibrated,438,-0.196179064168788,0.157343120391349,0.170250473799245,0.0256040512685986,0.15670193471984
5,365,offset,438,-0.196179064168788,0.0618984347046191,0.0773832748948726,0.0256040512685986,-0.0394771294489482
5,366,uncalibrated,438,-0.198136295408598,0.156983168415372,0.170048205706366,0.0279854322545442,0.156341982743862
5,366,offset,438,-0.198136295408598,0.062939952588522,0.078869140142328,0.0279854322545442,-0.0417943126647362
5,367,uncalibrated,438,-0.179109964857852,0.157025910246348,0.1701182566199,0.0189061393380925,0.156384724574838
5,367,offset,438,-0.179109964857852,0.0579275408503907,0.0707140417524486,0.0189061393380925,-0.0227252402830143
5,368,uncalibrated,438,-0.222220249358753,0.156806256369046,0.16979997184867,0.030820741694009,0.156165070697537
5,368,offset,438,-0.222220249358753,0.0745753384391852,0.0938498149268691,0.030820741694009,-0.0660551786612157
5,369,uncalibrated,438,-0.0889045125193725,0.157945596700379,0.170775160622439,0.0308698665647904,0.157304411028869
5,369,offset,438,-0.0889045125193725,0.0793083579228442,0.0953835618573228,0.0308698665647904,0.0683998985094966
5,370,uncalibrated,438,-0.126095216575816,0.157599721949323,0.17063896169527,0.019316865195822,0.156958536277814
5,370,offset,438,-0.126095216575816,0.0617385932979504,0.0737171461804763,0.019316865195822,0.0308633197019977
5,371,uncalibrated,438,-0.145568212377492,0.157547268377066,0.170562750857545,0.0202913385504369,0.156906082705556
5,371,offset,438,-0.145568212377492,0.0574992898833055,0.0678283163115973,0.0202913385504369,0.0113378703280639
5,372,uncalibrated,438,-0.17315620493393,0.157190591252968,0.170285647304023,0.0270650167493708,0.156549405581459
5,372,offset,438,-0.17315620493393,0.0570807196148803,0.0690309428776348,0.0270650167493708,-0.0166067993524716
5,373,uncalibrated,438,-0.127974888395554,0.157693617865372,0.170718776906161,0.0238659036547709,0.157052432193863
5,373,offset,438,-0.127974888395554,0.0612263064316034,0.0729721719813129,0.0238659036547709,0.0290775437983088
5,374,uncalibrated,438,-0.20404656795635,0.156975431749353,0.170053580028385,0.0206540776880521,0.156334246077843
5,374,offset,438,-0.20404656795635,0.0653565812585289,0.0821844829805539,0.0206540776880521,-0.0477123218785066
5,375,uncalibrated,438,-0.109604743549256,0.15784752394813,0.170868693079053,0.0211519162110133,0.15720633827662
5,375,offset,438,-0.109604743549256,0.0683829832995364,0.0821473633221952,0.0211519162110133,0.0476015947273648
5,376,uncalibrated,438,-0.131017866738202,0.157394640396893,0.170427905643393,0.0339977162341213,0.157139535482681
5,376,offset,438,-0.131017866738202,0.0599207047873938,0.0709589951188507,0.0339977162341213,0.026121668744479
5,377,uncalibrated,438,-0.148096591583175,0.157453159335512,0.170524828965842,0.0189686199391894,0.156811973664002
5,377,offset,438,-0.148096591583175,0.0573658330978587,0.0675624162848309,0.0189686199391894,0.00871538208082777
5,378,uncalibrated,438,-0.155434151778241,0.157456164482002,0.170540892187905,0.0201123239120179,0.156814978810492
5,378,offset,438,-0.155434151778241,0.0568870431553761,0.0670459917683705,0.0201123239120179,0.00138082703225102
5,379,uncalibrated,438,-0.211510772561975,0.156982293677996,0.169966910740301,0.0305190528972479,0.156341108006486
5,379,offset,438,-0.211510772561975,0.0686304782704718,0.0865442117132683,0.0305190528972479,-0.0551696645554892
5,380,uncalibrated,438,-0.21099189972994,0.156957072476912,0.169973564008985,0.0280826193099056,0.156315886805403
5,380,offset,438,-0.21099189972994,0.0683926751836998,0.0862891788318856,0.0280826193099056,-0.0546760129245377
5,381,uncalibrated,438,-0.139810724738003,0.157604698059714,0.170508671766907,0.0319308125148018,0.156963512388204
5,381,offset,438,-0.139810724738003,0.0581808987870458,0.0687741306789527,0.0319308125148018,0.0171527876502011
5,382,uncalibrated,438,-0.228653143765898,0.157060433948464,0.16995671811104,0.0354531081567881,0.156419248276954
5,382,offset,438,-0.228653143765898,0.078290321291255,0.0981633356047746,0.0354531081567881,-0.0722338954889432
5,383,uncalibrated,438,-0.20775177277595,0.157182950026937,0.17024947556551,0.0250877932094229,0.156541764355428
5,383,offset,438,-0.20775177277595,0.0669363460611535,0.0842735124772368,0.0250877932094229,-0.0512100084205226
5,384,uncalibrated,438,-0.150911460349313,0.157376403513939,0.170347263225932,0.0264383628746697,0.156735217842429
5,384,offset,438,-0.150911460349313,0.0568893238821766,0.0669789349556266,0.0264383628746697,0.0058237574931157
5,385,uncalibrated,438,-0.167873496295245,0.15731361290118,0.170346724514649,0.0251078617742319,0.15667242722967
5,385,offset,438,-0.167873496295245,0.0564994112743935,0.0678028100232228,0.0251078617742319,-0.0112010690655743
5,386,uncalibrated,438,-0.129230711016854,0.157579497918323,0.170582065900235,0.0296683230154606,0.156938312246813
5,386,offset,438,-0.129230711016854,0.060721798969189,0.0723624109730479,0.0296683230154606,0.0277076012299594
5,387,uncalibrated,438,-0.1865176231278,0.157289057265087,0.170259480384713,0.0208644401558344,0.156647871593577
5,387,offset,438,-0.1865176231278,0.0591560769996552,0.0730885561684655,0.0208644401558344,-0.0298697515342225
5,388,uncalibrated,438,-0.182807337549519,0.1572773233341,0.170175758502435,0.0308699390725646,0.156636137662591
5,388,offset,438,-0.182807337549519,0.0582118067108901,0.0714831509066753,0.0308699390725646,-0.0261711998869283
5,389,uncalibrated,438,-0.196154328736786,0.157121520870593,0.17020920760981,0.0233981237030569,0.156480335199084
5,389,offset,438,-0.196154328736786,0.0622638149344029,0.0778402518904679,0.0233981237030569,-0.0396739935377028
5,390,uncalibrated,438,-0.192507280969147,0.156990304743883,0.170074853772394,0.0265773163325242,0.156349119072373
5,390,offset,438,-0.192507280969147,0.0611488274892602,0.0760777334227785,0.0265773163325242,-0.0361581618967741
5,391,uncalibrated,438,-0.0775655325374306,0.158022340365202,0.170857426701729,0.0331099277694161,0.157469793174542
5,391,offset,438,-0.0775655325374306,0.0873994163607357,0.103827815948652,0.0331099277694161,0.0799042606371111
5,392,uncalibrated,438,-0.0904048710298188,0.157794881856745,0.170668443272486,0.0318130634954092,0.157153696185236
5,392,offset,438,-0.0904048710298188,0.0783427091660453,0.0942647281012408,0.0318130634954092,0.0667488251554168
5,393,uncalibrated,438,-0.161750185499773,0.157283444579403,0.17035404968515,0.0221366013214466,0.156642258907894
5,393,offset,438,-0.161750185499773,0.0565319572213062,0.0671550138294304,0.0221366013214466,-0.00510792659187904
5,394,uncalibrated,438,-0.239078918506959,0.156718202834734,0.169755742682665,0.0324702094831815,0.156077017163224
5,394,offset,438,-0.239078918506959,0.0864768156109328,0.106518977247478,0.0324702094831815,-0.0830019013437344
5,395,uncalibrated,438,-0.217177549007175,0.156881749052482,0.169849060482487,0.0324517177429605,0.156240563380972
5,395,offset,438,-0.217177549007175,0.0716019291057639,0.0902823677048184,0.0324517177429605,-0.0609369856262024
5,396,uncalibrated,438,-0.146596530243049,0.157373179942453,0.17034700429723,0.0207141312996967,0.156731994270943
5,396,offset,438,-0.146596530243049,0.0572518275592373,0.0674974923678952,0.0207141312996967,0.0101354640278943
5,397,uncalibrated,438,-0.196154328736786,0.157084656692642,0.170136796406223,0.0247271939474963,0.156443471021133
5,397,offset,438,-0.196154328736786,0.0621321416704773,0.0777748165330239,0.0247271939474963,-0.0397108577156535
5,398,uncalibrated,438,-0.143155563550214,0.15740700987806,0.170494086033853,0.0231524177749996,0.15676582420655
5,398,offset,438,-0.143155563550214,0.0579766333502184,0.0683955329571557,0.0231524177749996,0.0136102606563366
5,399,uncalibrated,438,-0.165762455065224,0.157700485377582,0.170612050558851,0.0287193432882785,0.157059299706072
5,399,offset,438,-0.165762455065224,0.0562983004947351,0.0672056030769746,0.0287193432882785,-0.00870315535915226
5,400,uncalibrated,438,-0.225482844328578,0.15715458137884,0.170053296700422,0.0321163957467042,0.15651339570733
5,400,offset,438,-0.225482844328578,0.0761694098372609,0.0958043084937277,0.0321163957467042,-0.0689694486212476
5,401,uncalibrated,438,-0.118218872496662,0.157439955675479,0.17045326116257,0.0271127890483206,0.156798770003969
5,401,offset,438,-0.118218872496662,0.0643478108512995,0.0771807518612759,0.0271127890483206,0.0385798975073074
5,402,uncalibrated,438,-0.121877285852626,0.157366073047467,0.170350512844542,0.0246557195656488,0.156724887375958
5,402,offset,438,-0.121877285852626,0.0628691388141807,0.075305791512477,0.0246557195656488,0.0348476015233315
5,403,uncalibrated,438,-0.12555790167013,0.157662193720376,0.170625239933736,0.0269007857333847,0.157021008048866
5,403,offset,438,-0.12555790167013,0.0616910800956618,0.0738058439201286,0.0269007857333847,0.0314631063787366
5,404,uncalibrated,438,-0.13368764183409,0.157346372390324,0.170295471907722,0.0344277245783509,0.156705186718814
5,404,offset,438,-0.13368764183409,0.0594605962899116,0.0705254534208441,0.0344277245783509,0.0230175448847247
5,405,uncalibrated,438,-0.127666720695391,0.157603648282705,0.170527073842698,0.0251327823390391,0.156962462611196
5,405,offset,438,-0.127666720695391,0.0609426069178832,0.0728045928412434,0.0251327823390391,0.0292957419158048
5,406,uncalibrated,438,-0.160570134561196,0.157407609081773,0.170378194328719,0.0174806688008874,0.156766423410264
5,406,offset,438,-0.160570134561196,0.0563895458535661,0.0668392535295572,0.0174806688008874,-0.00380371115093184
5,407,uncalibrated,438,-0.133234334279764,0.157468745340184,0.170358895301741,0.0329558403308693,0.156827559668674
5,407,offset,438,-0.133234334279764,0.0594658363769752,0.0705968131083103,0.0329558403308693,0.0235932253889108
5,408,uncalibrated,438,-0.223508244793382,0.157089469746602,0.169973972447159,0.034395090977518,0.156448284075093
5,408,offset,438,-0.223508244793382,0.0749686629053659,0.094404046793371,0.034395090977518,-0.0670599607182892
5,409,uncalibrated,438,-0.126409854441484,0.157573036649339,0.170671871144956,0.0123219692587151,0.15693185097783
5,409,offset,438,-0.126409854441484,0.0618638850779076,0.0737080322716418,0.0123219692587151,0.0305219965363456
5,410,uncalibrated,438,-0.218365452890867,0.156934651339662,0.169970885091577,0.0269807600387832,0.156293465668153
5,410,offset,438,-0.218365452890867,0.0723988180355396,0.0911887381535074,0.0269807600387832,-0.0620719872227143
5,411,uncalibrated,438,-0.190458966199048,0.15709550023013,0.170115691122101,0.0264847060740043,0.15645431455862
5,411,offset,438,-0.190458966199048,0.0602805289903126,0.0749513986202338,0.0264847060740043,-0.0340046516404281
5,412,uncalibrated,438,-0.0884532402824687,0.157671263199097,0.170548594793848,0.0328378794028146,0.157030077527588
5,412,offset,438,-0.0884532402824687,0.0795452728621713,0.0955571061950885,0.0328378794028146,0.0685768372451192
5,413,uncalibrated,438,-0.176370319331069,0.156938476289721,0.169963698502433,0.026756974794927,0.156297290618211
5,413,offset,438,-0.176370319331069,0.0573142489283991,0.0697261947602168,0.026756974794927,-0.0200730287128581
5,414,uncalibrated,438,-0.0935980666741768,0.157804867544148,0.170785832975464,0.0226265161379835,0.157163681872638
5,414,offset,438,-0.0935980666741768,0.0767353456817102,0.0922386322584959,0.0226265161379835,0.0635656151984616
5,415,uncalibrated,438,-0.101491577769215,0.157550734514537,0.170530547437855,0.0201372437578668,0.156909548843027
5,415,offset,438,-0.101491577769215,0.0719898129918843,0.0867825593611424,0.0201372437578668,0.0554179710738121
5,416,uncalibrated,438,-0.169237655128496,0.157200382278162,0.170314916775213,0.0253458567384223,0.156559196606652
5,416,offset,438,-0.169237655128496,0.0568172118450154,0.0682431838685566,0.0253458567384223,-0.0126784585218439
5,417,uncalibrated,438,-0.152620458555996,0.157459570166618,0.170519633876812,0.0233485690331123,0.156818384495108
5,417,offset,438,-0.152620458555996,0.0569325165575849,0.067101135638801,0.0233485690331123,0.00419792593911249
5,418,uncalibrated,438,-0.161750185499773,0.157183344709105,0.170288367175559,0.0221554539890747,0.156542159037596
5,418,offset,438,-0.161750185499773,0.0567020181695268,0.0672294874203044,0.0221554539890747,-0.0052080264621767
5,419,uncalibrated,438,-0.114037544912232,0.157905861352958,0.170836255987521,0.0264997707701959,0.157264675681449
5,419,offset,438,-0.114037544912232,0.0661538219279452,0.0795074397599459,0.0264997707701959,0.0432271307692165
5,420,uncalibrated,438,-0.13368764183409,0.157650993019366,0.170724543234609,0.0254332581373636,0.157009807347856
5,420,offset,438,-0.13368764183409,0.0599916311790722,0.0709838958039522,0.0254332581373636,0.0233221655137669
5,421,uncalibrated,438,-0.13368764183409,0.157231760199527,0.170244745848304,0.0313658522915177,0.156590574528018
5,421,offset,438,-0.13368764183409,0.0595861813092517,0.0706201797216744,0.0313658522915177,0.0229029326939281
5,422,uncalibrated,438,-0.221171683550999,0.156794695322344,0.169847913664231,0.0296049851693485,0.156153509650835
5,422,offset,438,-0.221171683550999,0.0739816546731665,0.0932295990398477,0.0296049851693485,-0.0650181739001638
5,423,uncalibrated,438,-0.162143351663864,0.157159429841137,0.170179962534547,0.0270857986872907,0.156518244169627
5,423,offset,438,-0.162143351663864,0.0564058106913438,0.0670440207970731,0.0270857986872907,-0.00562510749423692
5,424,uncalibrated,438,-0.143155563550214,0.157551307124971,0.170630331557786,0.019880112803843,0.156910121453461
5,424,offset,438,-0.143155563550214,0.0580227655590765,0.0684332645435966,0.019880112803843,0.0137545579032477
5,425,uncalibrated,438,-0.167873496295245,0.15741085237621,0.170342521966133,0.0288477316360594,0.1567696667047
5,425,offset,438,-0.167873496295245,0.0562753997255434,0.0675510282871807,0.0288477316360594,-0.0111038295905441
5,426,uncalibrated,438,-0.187934186793865,0.157472592354418,0.170468534623095,0.0277770042169071,0.156831406682909
5,426,offset,438,-0.187934186793865,0.0596181243101692,0.0736940574608023,0.0277770042169071,-0.0311027801109568
5,427,uncalibrated,438,-0.113159772006535,0.15777056181422,0.170619629513407,0.0323364690523161,0.157129376142711
5,427,offset,438,-0.113159772006535,0.0663386444514881,0.079716643282232,0.0323364690523161,0.0439696041361756
5,428,uncalibrated,438,-0.212205301569857,0.156860503856956,0.169933874622199,0.0278495523368043,0.156219318185447
5,428,offset,438,-0.212205301569857,0.0692040184348991,0.0872208501753276,0.0278495523368043,-0.0559859833844099
5,429,uncalibrated,438,-0.0990833679957137,0.157456790249583,0.170384816657195,0.0321003997395465,0.156815604578073
5,429,offset,438,-0.0990833679957137,0.0731651905058412,0.0881638420721375,0.0321003997395465,0.0577322365823597
5,430,uncalibrated,438,-0.164666796049281,0.157580343588898,0.170503551340288,0.0298665471623326,0.156939157917389
5,430,offset,438,-0.164666796049281,0.0563163521621204,0.0670915652144796,0.0298665471623326,-0.00772763813189261
5,431,uncalibrated,438,-0.210985518090177,0.15710691861549,0.170087417676505,0.0280488454496322,0.15646573294398
5,431,offset,438,-0.210985518090177,0.0683692154453315,0.0861429685961211,0.0280488454496322,-0.054519785146197
5,432,uncalibrated,438,-0.16544624568651,0.157196555437268,0.170288463326612,0.0241588818164654,0.156555369765758
5,432,offset,438,-0.16544624568651,0.0566028551840125,0.0675842038814077,0.0241588818164654,-0.00889087592075213
5,433,uncalibrated,438,-0.0758707063226325,0.158167580046382,0.170964794391004,0.0259380950321501,0.157526394374872
5,433,offset,438,-0.0758707063226325,0.0889658898510194,0.105271303723736,0.0259380950321501,0.08165568805224
5,434,uncalibrated,438,-0.242729474837417,0.156639749005703,0.16963305683422,0.0327319134443783,0.155998563334193
5,434,offset,438,-0.242729474837417,0.089326861824315,0.109371263221969,0.0327319134443783,-0.0867309115032234
5,435,uncalibrated,438,-0.131017866738202,0.157333183416039,0.17037151388208,0.0270693753918457,0.15669199774453
5,435,offset,438,-0.131017866738202,0.0602791554624684,0.0716465741555727,0.0270693753918457,0.0256741310063284
5,436,uncalibrated,438,-0.223928409208939,0.156999647578942,0.169975608185159,0.0300667696218196,0.156358461907432
5,436,offset,438,-0.223928409208939,0.0755140104065933,0.0949180517403579,0.0300667696218196,-0.067569947301507
5,437,uncalibrated,438,-0.208901269475139,0.156836198517356,0.169838440814176,0.0305648942219731,0.156195012845846
5,437,offset,438,-0.208901269475139,0.0673614691525413,0.0850068434195105,0.0305648942219731,-0.052706256629293
5,438,uncalibrated,438,-0.209918368018441,0.156719280007506,0.169781930440667,0.0285059118683664,0.156078094335997
5,438,offset,438,-0.209918368018441,0.0681712484030338,0.0858155431306215,0.0285059118683664,-0.0538402736824441
5,439,uncalibrated,438,-0.228489201578636,0.156975032073689,0.169915774864847,0.0327031358069359,0.15633384640218
5,439,offset,438,-0.228489201578636,0.0784943653910044,0.0981707405374001,0.0327031358069359,-0.072155355176456
5,440,uncalibrated,438,-0.173837397233445,0.15745296184889,0.170428520807387,0.0210673749630285,0.156811776177381
5,440,offset,438,-0.173837397233445,0.0568886471719577,0.0688899073089362,0.0210673749630285,-0.0170256210560645
5,441,uncalibrated,438,-0.170547880407901,0.15716546324669,0.17022277100849,0.0285139072625615,0.15652427757518
5,441,offset,438,-0.170547880407901,0.0567889023295009,0.0683564461904395,0.0285139072625615,-0.0140236028327206
5,442,uncalibrated,438,-0.142822590316644,0.157288763090701,0.170321623785482,0.023709595884593,0.156647577419192
5,442,offset,438,-0.142822590316644,0.0578433058025465,0.0682797355443558,0.023709595884593,0.0138249871025479
5,443,uncalibrated,438,-0.148923597914085,0.157433247296266,0.170441491949895,0.028322115806136,0.156792061624757
5,443,offset,438,-0.148923597914085,0.0570625447576268,0.0672938653276113,0.028322115806136,0.00786846371067144
5,444,uncalibrated,438,-0.169237655128496,0.157610800959778,0.170432664124343,0.037144137547967,0.157082756956348
5,444,offset,438,-0.169237655128496,0.0561013128317578,0.0672312577384162,0.037144137547967,-0.0121548981721484
5,445,uncalibrated,438,-0.118218872496662,0.157874093362575,0.170855354945385,0.0268969307896734,0.157232907691066
5,445,offset,438,-0.118218872496662,0.0645269987431061,0.0774045217973499,0.0268969307896734,0.0390140351944037
5,446,uncalibrated,438,-0.17656327495925,0.157392890727196,0.170403748097387,0.0281625222068216,0.156751705055686
5,446,offset,438,-0.17656327495925,0.0573240455054477,0.0697053701648362,0.0281625222068216,-0.0198115699035635
5,447,uncalibrated,438,-0.126095216575816,0.157698955373561,0.170673951310282,0.0253610652321099,0.157057769702052
5,447,offset,438,-0.126095216575816,0.0616229806418301,0.0736283527465929,0.0253610652321099,0.0309625531262355
5,448,uncalibrated,438,-0.110572825119517,0.157702712854943,0.170732230591126,0.0221046123896284,0.157061527183434
5,448,offset,438,-0.110572825119517,0.0677706113157305,0.0815007402482737,0.0221046123896284,0.0464887020639164
5,449,uncalibrated,438,-0.153973457051132,0.157651337316325,0.170588641516245,0.0285913109569958,0.157010151644816
5,449,offset,438,-0.153973457051132,0.0566071588577991,0.0667646493953583,0.0285913109569958,0.00303669459368336
5,450,uncalibrated,438,-0.207255958464429,0.156842717724818,0.169920026093154,0.0222969767681624,0.156201532053308
5,450,offset,438,-0.207255958464429,0.066891033400231,0.0841454164400301,0.0222969767681624,-0.0510544264111212
5,451,uncalibrated,438,-0.196603507475836,0.157382538909092,0.170341667919899,0.0252543870282781,0.156741353237582
5,451,offset,438,-0.196603507475836,0.0620818488142486,0.0777008581387555,0.0252543870282781,-0.039862154238254
5,452,uncalibrated,438,-0.194212960646984,0.15727191233817,0.170240264501621,0.0290930813801213,0.15674386833474
5,452,offset,438,-0.194212960646984,0.0613263099142044,0.0762695238987844,0.0290930813801213,-0.0374690923122442
5,453,uncalibrated,438,-0.127296299740915,0.157505497071193,0.170613724074661,0.00843407536395852,0.156864311399684
5,453,offset,438,-0.127296299740915,0.0615846757089393,0.0733273343657087,0.00843407536395852,0.0295680116587685
5,454,uncalibrated,438,-0.190458966199048,0.15694897321546,0.169962060207575,0.025640691499397,0.15630778754395
5,454,offset,438,-0.190458966199048,0.0603406848262284,0.0749751990104124,0.025640691499397,-0.0341511786550978
5,455,uncalibrated,438,-0.170419667647216,0.157493255152352,0.17049924486477,0.0166593618708075,0.156852069480842
5,455,offset,438,-0.170419667647216,0.056696435318086,0.0682019099368776,0.0166593618708075,-0.0135675981663734
5,456,uncalibrated,438,-0.167254508197572,0.157189955794353,0.170182757899157,0.0250198891450105,0.156548770122844
5,456,offset,438,-0.167254508197572,0.0564332097052054,0.0675963496567158,0.0250198891450105,-0.0107057380747284
5,457,uncalibrated,438,-0.0857896921629711,0.158030498302347,0.170864740273584,0.0330471681314092,0.157389312630838
5,457,offset,438,-0.0857896921629711,0.0815904369250685,0.0977234331646925,0.0330471681314092,0.0715996204678667
5,458,uncalibrated,438,-0.129807649817685,0.157499052784489,0.170511881733324,0.0257050243031843,0.156857867112979
5,458,offset,438,-0.129807649817685,0.0605480944731306,0.0721222960860824,0.0257050243031843,0.027050217295294
5,459,uncalibrated,438,-0.198241665505816,0.156812387498813,0.169906782023044,0.0253059400878569,0.156171201827304
5,459,offset,438,-0.198241665505816,0.0632087839988394,0.0790493150594414,0.0253059400878569,-0.0420704636785121
5,460,uncalibrated,438,-0.192122074118349,0.15711814184931,0.170193496626979,0.0237462992248223,0.156476956177801
5,460,offset,438,-0.192122074118349,0.0609185870067269,0.0758377406865709,0.0237462992248223,-0.0356451179405485
5,461,uncalibrated,438,-0.233868703489321,0.156805554542077,0.169787166131585,0.0289624815172255,0.156164368870568
5,461,offset,438,-0.233868703489321,0.0823037137408027,0.102363740146571,0.0289624815172255,-0.0777043346187534
5,462,uncalibrated,438,-0.170518636318992,0.157153647566351,0.170232149613708,0.0256808205479083,0.156512461894842
5,462,offset,438,-0.170518636318992,0.0567678151895586,0.0684032671421422,0.0256808205479083,-0.0140061744241503
5,463,uncalibrated,438,-0.154293091526318,0.157284290483333,0.170397682525086,0.0191417744910002,0.156643104811823
5,463,offset,438,-0.154293091526318,0.0570146160023471,0.0671105840182771,0.0191417744910002,0.00235001328550531
5,464,uncalibrated,438,-0.145568212377492,0.157545778133574,0.17060918488022,0.0195495033418273,0.156904592462065
5,464,offset,438,-0.145568212377492,0.0576723139556563,0.0679481886677519,0.0195495033418273,0.0113363800845725
5,465,uncalibrated,438,-0.129230711016854,0.157649610257595,0.170700588115676,0.0261351671056406,0.157008424586085
5,465,offset,438,-0.129230711016854,0.0609751855716525,0.0725165275173002,0.0261351671056406,0.0277777135692318
5,466,uncalibrated,438,-0.174922423400889,0.157102981320443,0.17011476161222,0.0287909579928256,0.156461795648934
5,466,offset,438,-0.174922423400889,0.05714403995556,0.0692786648087999,0.0287909579928256,-0.0184606277519549
5,467,uncalibrated,438,-0.16544624568651,0.15709635832113,0.1701762570577,0.022504053072461,0.156455172649621
5,467,offset,438,-0.16544624568651,0.056549013012054,0.0675468490138546,0.022504053072461,-0.00899107303688946
5,468,uncalibrated,438,-0.169237655128496,0.157147978467872,0.170172487422346,0.0313834169566009,0.156506792796362
5,468,offset,438,-0.169237655128496,0.0565168389935446,0.068017454670289,0.0313834169566009,-0.0127308623321342
5,469,uncalibrated,438,-0.239078918506959,0.156746223937732,0.169737471360322,0.0303432511470116,0.156105038266223
5,469,offset,438,-0.239078918506959,0.0863569372508176,0.106426928048784,0.0303432511470116,-0.0829738802407358
5,470,uncalibrated,438,-0.118218872496662,0.157690008149864,0.170702201744383,0.0210175338316346,0.157048822478355
5,470,offset,438,-0.118218872496662,0.0644922555439165,0.0773477475698088,0.0210175338316346,0.0388299499816929
5,471,uncalibrated,438,-0.122276946524123,0.157602140380742,0.170653211280064,0.0187723939172978,0.156960954709233
5,471,offset,438,-0.122276946524123,0.0629631431360486,0.0754238532610807,0.0187723939172978,0.0346840081851097
5,472,uncalibrated,438,-0.146596530243049,0.157459728171622,0.170520556067464,0.0248481594985762,0.156818542500113
5,472,offset,438,-0.146596530243049,0.0574678927449288,0.0677472826339259,0.0248481594985762,0.0102220122570638
5,473,uncalibrated,438,-0.129807649817685,0.157480474344188,0.17045454020144,0.0297983558497427,0.156839288672679
5,473,offset,438,-0.129807649817685,0.0604625910447327,0.0720201173500801,0.0297983558497427,0.0270316388549935
5,474,uncalibrated,438,-0.217365351923091,0.156653921056953,0.169695363785116,0.0219366671314946,0.156012735385444
5,474,offset,438,-0.217365351923091,0.0719841547412541,0.0906680012117297,0.0219366671314946,-0.0613526165376477
5,475,uncalibrated,438,-0.226270772712254,0.156950766871264,0.169853332123665,0.0319257427150845,0.156309581199755
5,475,offset,438,-0.226270772712254,0.0769722407576062,0.0964988993539189,0.0319257427150845,-0.0699611915124989
5,476,uncalibrated,438,-0.182363485018665,0.157265518459801,0.170331076564508,0.0159183142445345,0.156624332788291
5,476,offset,438,-0.182363485018665,0.0584450250927045,0.0717216702244542,0.0159183142445345,-0.0257391522303739
5,477,uncalibrated,438,-0.148923597914085,0.157459510187504,0.170514801418849,0.0247611847893157,0.156818324515995
5,477,offset,438,-0.148923597914085,0.0571837243451192,0.0674213416287801,0.0247611847893157,0.00789472660190977
5,478,uncalibrated,438,-0.100738176276282,0.157442826802108,0.170386068438065,0.025216969576597,0.156801641130599
5,478,offset,438,-0.100738176276282,0.0723618912227407,0.0871078053219282,0.025216969576597,0.0560634648543168
5,479,uncalibrated,438,-0.100738176276282,0.157654545373116,0.170651361847665,0.0265669634654576,0.157013359701606
5,479,offset,438,-0.100738176276282,0.072486039872236,0.0873818542103031,0.0265669634654576,0.0562751834253241
5,480,uncalibrated,438,-0.120096212353732,0.157510937916441,0.170555008370332,0.023934379944714,0.156869752244932
5,480,offset,438,-0.120096212353732,0.0636972007876754,0.0763752901594971,0.023934379944714,0.0367735398911996
5,481,uncalibrated,438,-0.185971561669193,0.156958728139381,0.170058895406705,0.0226812128504257,0.156317542467872
5,481,offset,438,-0.185971561669193,0.059403379668853,0.0732407992757166,0.0226812128504257,-0.0296540192013209
5,482,uncalibrated,438,-0.145132668861247,0.157447802497056,0.170363388864938,0.0307584759825828,0.156806616825547
5,482,offset,438,-0.145132668861247,0.0573402478416332,0.0676139796665277,0.0307584759825828,0.0116739479642992
5,483,uncalibrated,438,-0.158306793484718,0.157496736177111,0.170509831545553,0.0195410067701563,0.156855550505602
5,483,offset,438,-0.158306793484718,0.0565987449440178,0.0668733507120891,0.0195410067701563,-0.00145124297911628
5,484,uncalibrated,438,-0.145568212377492,0.15747408128385,0.170546791504079,0.0197012417011436,0.156832895612341
5,484,offset,438,-0.145568212377492,0.0576018686867843,0.0679451546069775,0.0197012417011436,0.0112646832348481
5,485,uncalibrated,438,-0.167254508197572,0.157366087449665,0.170391807046696,0.0244646398608125,0.156724901778155
5,485,offset,438,-0.167254508197572,0.0564910634506856,0.0676871160754673,0.0244646398608125,-0.0105296064194169
5,486,uncalibrated,438,-0.126095216575816,0.157441214923743,0.170500901960883,0.0219864352872963,0.156800029252233
5,486,offset,438,-0.126095216575816,0.0616715855576971,0.073668812379915,0.0219864352872963,0.0307048126764172
5,487,uncalibrated,438,-0.167254508197572,0.157689417732228,0.170514475165138,0.0333712770937106,0.157161373728798
5,487,offset,438,-0.167254508197572,0.0560406192312288,0.0669130795280307,0.0333712770937106,-0.0100931344687745
5,488,uncalibrated,438,-0.0990833679957137,0.157787685513535,0.170747864579703,0.0255654995429859,0.157146499842025
5,488,offset,438,-0.0990833679957137,0.0733949528651902,0.0884937180015126,0.0255654995429859,0.0580631318463115
5,489,uncalibrated,438,-0.0935980666741768,0.157680534799677,0.170612586236944,0.0263222563808009,0.157039349128167
5,489,offset,438,-0.0935980666741768,0.0764538629666691,0.0920439771373829,0.0263222563808009,0.0634412824539906
5,490,uncalibrated,438,-0.12555790167013,0.157491754221919,0.170534587528736,0.0143251827261675,0.156850568550409
5,490,offset,438,-0.12555790167013,0.0618291313952735,0.0738862347767809,0.0143251827261675,0.0312926668802796
5,491,uncalibrated,438,-0.184580929466038,0.157120836644927,0.17014455859073,0.0311307849497573,0.156865731730715
5,491,offset,438,-0.184580929466038,0.0584145974162325,0.0714873779917108,0.0311307849497573,-0.0277151977353227
5,492,uncalibrated,438,-0.135584698670208,0.157317964255519,0.170364022235928,0.0258008534116359,0.15667677858401
5,492,offset,438,-0.135584698670208,0.059309041811563,0.0701510011334918,0.0258008534116359,0.0210920799138014
5,493,uncalibrated,438,-0.176370319331069,0.157538780216309,0.170502670162975,0.0249899005659815,0.1568975945448
5,493,offset,438,-0.176370319331069,0.057228280645726,0.0695233224850609,0.0249899005659815,-0.0194727247862696
5,494,uncalibrated,438,-0.179792208605456,0.157169661806097,0.170212242437407,0.0232336076322216,0.156528476134587
5,494,offset,438,-0.179792208605456,0.0579131592273584,0.0707972095709347,0.0232336076322216,-0.0232637324708684
5,495,uncalibrated,438,-0.222220249358753,0.157092187294083,0.170026824433673,0.0316778915119926,0.156451001622573
5,495,offset,438,-0.222220249358753,0.0743436281832076,0.0935831131458855,0.0316778915119926,-0.0657692477361792
5,496,uncalibrated,438,-0.127296299740915,0.157386450180076,0.170423621124596,0.0239498027045761,0.156745264508566
5,496,offset,438,-0.127296299740915,0.0613188163664226,0.0730915468248265,0.0239498027045761,0.0294489647676506
5,497,uncalibrated,438,-0.104075846945624,0.1577909065666,0.170813196227442,0.015521297280268,0.157149720895091
5,497,offset,438,-0.104075846945624,0.0710059078497745,0.0854280359368848,0.015521297280268,0.0530738739494664
5,498,uncalibrated,438,-0.142250362401699,0.157288018398542,0.170281825537519,0.0300941169045692,0.156646832727033
5,498,offset,438,-0.142250362401699,0.057829067420565,0.0683002801078247,0.0300941169045692,0.0143964703253334
5,499,uncalibrated,438,-0.162143351663864,0.15728584782937,0.170396376788829,0.017170768991579,0.15664466215786
5,499,offset,438,-0.162143351663864,0.0566697879568246,0.0672875220712853,0.017170768991579,-0.00549868950600415
5,500,uncalibrated,438,-0.17315620493393,0.157064402061855,0.170151760712034,0.023913886530419,0.156423216390345
5,500,offset,438,-0.17315620493393,0.057068348719206,0.069017330817008,0.023913886530419,-0.0167329885435848
5,501,uncalibrated,438,-0.16060829389664,0.157604995458546,0.170586457669921,0.0235435794823376,0.156963809787037
5,501,offset,438,-0.16060829389664,0.0564719004969132,0.0668983125492401,0.0235435794823376,-0.00364448410960306
5,502,uncalibrated,438,-0.0930634379292682,0.157773879027349,0.170763043522132,0.0204709943906043,0.15713269335584
5,502,offset,438,-0.0930634379292682,0.0770499330769853,0.0925969934857299,0.0204709943906043,0.0640692554265718
5,503,uncalibrated,438,-0.148923597914085,0.157328809854687,0.170416287184564,0.0188321637806032,0.156687624183178
5,503,offset,438,-0.148923597914085,0.0572825095394069,0.0674609477365255,0.0188321637806032,0.00776402626909267
5,504,uncalibrated,438,-0.196154328736786,0.157132413307544,0.170231950871186,0.0178014216074621,0.156491227636035
5,504,offset,438,-0.196154328736786,0.0623067466350028,0.0778625350172037,0.0178014216074621,-0.0396631011007519
5,505,uncalibrated,438,-0.245073141657583,0.156882241553074,0.169810091164513,0.0327291286247159,0.156241055881564
5,505,offset,438,-0.245073141657583,0.0910074891313654,0.110974496987516,0.0327291286247159,-0.0888320857760184
5,506,uncalibrated,438,-0.168210929231563,0.157391613185333,0.17031705957193,0.0324596402914416,0.156750427513823
5,506,offset,438,-0.168210929231563,0.0562644926077554,0.0675910301377667,0.0324596402914416,-0.0114605017177401
5,507,uncalibrated,438,-0.179109964857852,0.157315968802928,0.170229799110656,0.0313018014392823,0.156787924799498
5,507,offset,438,-0.179109964857852,0.0573965655833165,0.0699571627118207,0.0313018014392823,-0.0223220400583548
5,508,uncalibrated,438,-0.216815402020311,0.156922041674643,0.169974226072532,0.0282404941269973,0.156280856003134
5,508,offset,438,-0.216815402020311,0.0716436632281365,0.0901773964881978,0.0282404941269973,-0.0605345460171772
5,509,uncalibrated,438,-0.147067924014235,0.157165487589371,0.170104232035712,0.0346550788664106,0.156524301917862
5,509,offset,438,-0.147067924014235,0.0570716937470607,0.0672682372939979,0.0346550788664106,0.00945637790362692
5,510,uncalibrated,438,-0.197901492844384,0.157013278107715,0.169990357559543,0.0303373255628676,0.156372092436206
5,510,offset,438,-0.197901492844384,0.0627170222877074,0.0785441370734102,0.0303373255628676,-0.0415294004081782
5,511,uncalibrated,438,-0.169237655128496,0.15752749281389,0.170503714481099,0.0284760653328458,0.15688630714238
5,511,offset,438,-0.169237655128496,0.0565116949512568,0.0679025704973895,0.0284760653328458,-0.0123513479861159
5,512,uncalibrated,438,-0.194155442094066,0.157306260223527,0.170276977772987,0.0259328833470529,0.156665074552018
5,512,offset,438,-0.194155442094066,0.0613302664026681,0.0765234031754395,0.0259328833470529,-0.0374903675420489
5,513,uncalibrated,438,-0.138487577825293,0.157501979855471,0.170588930810073,0.0247995331500845,0.156860794183962
5,513,offset,438,-0.138487577825293,0.0589058770601364,0.0695186999465839,0.0247995331500845,0.0183732163586686
5,514,uncalibrated,438,-0.106720158360463,0.15759113602483,0.170597626085677,0.0224214391691402,0.15694995035332
5,514,offset,438,-0.106720158360463,0.0693872021415073,0.0836259236947751,0.0224214391691402,0.0502297919928578
5,515,uncalibrated,438,-0.107210395022627,0.1575673476195,0.170578844908244,0.0262046522482686,0.15692616194799
5,515,offset,438,-0.107210395022627,0.0691990797035579,0.0833245432479595,0.0262046522482686,0.0497157669253632
5,516,uncalibrated,438,-0.181825533338435,0.157368913527873,0.170375908982585,0.0270984345817403,0.156727727856364
5,516,offset,438,-0.181825533338435,0.0581982105906836,0.0713741516421701,0.0270984345817403,-0.0250978054820716
5,517,uncalibrated,438,-0.189507351117321,0.157064887165278,0.170118378971471,0.0251342827546326,0.156423701493769
5,517,offset,438,-0.189507351117321,0.0601581736100765,0.0746084200830132,0.0251342827546326,-0.033083649623552
5,518,uncalibrated,438,-0.145445053832519,0.157934393720781,0.170786363929159,0.0172273222503965,0.157293208049271
5,518,offset,438,-0.145445053832519,0.057378980499789,0.0675811183989715,0.0172273222503965,0.0118481542167518
5,519,uncalibrated,438,-0.208616583704868,0.157411597512804,0.170335627127829,0.0317780056015544,0.156770411841295
5,519,offset,438,-0.208616583704868,0.0670425610985641,0.0844114291849682,0.0317780056015544,-0.0518461718635734
5,520,uncalibrated,438,-0.147067924014235,0.157598300753518,0.170629077133733,0.028057696742505,0.156957115082008
5,520,offset,438,-0.147067924014235,0.0573763641246724,0.0676501447789852,0.028057696742505,0.00988919106777385
5,521,uncalibrated,438,-0.208616583704868,0.157083491486213,0.170175365232502,0.0267591169638216,0.156442305814704
5,521,offset,438,-0.208616583704868,0.0674280146051074,0.0848976746251277,0.0267591169638216,-0.0521742778901642
5,522,uncalibrated,438,-0.199715069784716,0.156900122339965,0.169938507173605,0.0249012852871623,0.156258936668456
5,522,offset,438,-0.199715069784716,0.0634557597809968,0.0796911314830898,0.0249012852871623,-0.0434561331162602
5,523,uncalibrated,438,-0.126409854441484,0.157614564111744,0.170663097432842,0.0200677667990102,0.156973378440235
5,523,offset,438,-0.126409854441484,0.0617211129290549,0.0736164403217972,0.0200677667990102,0.0305635239987507
5,524,uncalibrated,438,-0.142822590316644,0.157495711950925,0.170457151632496,0.0316514022853157,0.156854526279415
5,524,offset,438,-0.142822590316644,0.0577036977111866,0.0681849936216715,0.0316514022853157,0.0140319359627717
5,525,uncalibrated,438,-0.0959354820592226,0.157813914947688,0.170790868523779,0.0226263717110689,0.157172729276179
5,525,offset,438,-0.0959354820592226,0.0752519469887674,0.0906435568018732,0.0226263717110689,0.0612372472169563
5,526,uncalibrated,438,-0.196179064168788,0.157126739813824,0.170053036694337,0.0296003480311821,0.156485554142315
5,526,offset,438,-0.196179064168788,0.0618399988481464,0.0774976217180889,0.0296003480311821,-0.0396935100264728
5,527,uncalibrated,438,-0.170547880407901,0.157426445682797,0.170476556241948,0.0216650401059611,0.156785260011288
5,527,offset,438,-0.170547880407901,0.0568747328383962,0.0683377508518405,0.0216650401059611,-0.0137626203966135
5,528,uncalibrated,438,-0.142822590316644,0.157553443161146,0.170466861053267,0.03298333149835,0.157000895970485
5,528,offset,438,-0.142822590316644,0.0575535526376335,0.0679020893127192,0.03298333149835,0.0141783056538416
5,529,uncalibrated,438,-0.120648892478253,0.157775086836361,0.170655549563777,0.0320137858566527,0.157133901164852
5,529,offset,438,-0.120648892478253,0.0633440778192235,0.0759171229729526,0.0320137858566527,0.0364850086865983
5,530,uncalibrated,438,-0.113159772006535,0.157766777278377,0.17068975966051,0.031214540413176,0.157125591606867
5,530,offset,438,-0.113159772006535,0.0663529702871144,0.0798719963960065,0.031214540413176,0.0439658196003321
5,531,uncalibrated,438,-0.223928409208939,0.156811842756047,0.169853807482415,0.0270671618172422,0.156170657084538
5,531,offset,438,-0.223928409208939,0.0756247180104165,0.0951428124190616,0.0270671618172422,-0.0677577521244013
5,532,uncalibrated,438,-0.120096212353732,0.157586849959944,0.170668944273685,0.0152014011784064,0.156945664288435
5,532,offset,438,-0.120096212353732,0.0639005707733735,0.0765103202740916,0.0152014011784064,0.0368494519347028
5,533,uncalibrated,438,-0.15202654888209,0.157337770440087,0.170449853039902,0.0186837101420813,0.156696584768578
5,533,offset,438,-0.15202654888209,0.0571474139044622,0.0672394375227015,0.0186837101420813,0.00467003588648801
5,534,uncalibrated,438,-0.100738176276282,0.157649866093574,0.1704730520123,0.0300836202769857,0.157008680422065
5,534,offset,438,-0.100738176276282,0.0721680627665372,0.0870385280857326,0.0300836202769857,0.0562705041457828
5,535,uncalibrated,438,-0.232285988198726,0.157255369207257,0.170083988996851,0.0370167512259741,0.156614183535748
5,535,offset,438,-0.232285988198726,0.0807863453025332,0.100631917647752,0.0370167512259741,-0.0756718046629779
5,536,uncalibrated,438,-0.195984263960653,0.157048419750669,0.170113797457555,0.022188942438446,0.15640723407916
5,536,offset,438,-0.195984263960653,0.0621515053902532,0.077729161241953,0.022188942438446,-0.0395770298814932
5,537,uncalibrated,438,-0.168086252182354,0.157139878053867,0.170177469983665,0.030125105872357,0.156498692382358
5,537,offset,438,-0.168086252182354,0.056527062821639,0.0678439541504759,0.030125105872357,-0.0115875597999961
5,538,uncalibrated,438,-0.203554078802513,0.157003601288873,0.170117201397026,0.025725729178164,0.156362415617363
5,538,offset,438,-0.203554078802513,0.0652968685971121,0.0819616390004477,0.025725729178164,-0.0471916631851497
5,539,uncalibrated,438,-0.183024074598183,0.157183632418838,0.170247368368922,0.0214963062942293,0.156542446747328
5,539,offset,438,-0.183024074598183,0.0585985912052312,0.0719715597756121,0.0214963062942293,-0.0264816278508547
5,540,uncalibrated,438,-0.227433630812013,0.156640307842315,0.169662416334949,0.0275508606199746,0.155999122170806
5,540,offset,438,-0.227433630812013,0.0779524955610034,0.0977368836384833,0.0275508606199746,-0.0714345086412072
5,541,uncalibrated,438,-0.229090117476602,0.156972729939675,0.169974819788332,0.0276112717500947,0.156331544268165
5,541,offset,438,-0.229090117476602,0.0788247731789448,0.0987202998584078,0.0276112717500947,-0.0727585732084365
5,542,uncalibrated,438,-0.122362926292807,0.15740854882067,0.170387605767504,0.023238891649017,0.15676736314916
5,542,offset,438,-0.122362926292807,0.0627155369994955,0.0750972391359661,0.023238891649017,0.0344044368563533
5,543,uncalibrated,438,-0.163870825780775,0.157140666377516,0.170192279338831,0.0287179151757331,0.156499480706007
5,543,offset,438,-0.163870825780775,0.056474590868974,0.0672878979721336,0.0287179151757331,-0.00737134507476855
5,544,uncalibrated,438,-0.107482717644991,0.157821289895722,0.170850956014222,0.0251926889641007,0.157180104224212
5,544,offset,438,-0.107482717644991,0.0693193122871696,0.0833924111645885,0.0251926889641007,0.0496973865792207
5,545,uncalibrated,438,-0.125592959380601,0.157297630556701,0.170223903622188,0.0284982010780901,0.156656444885192
5,545,offset,438,-0.125592959380601,0.0614983817675463,0.0734838470141759,0.0284982010780901,0.0310634855045912
5,546,uncalibrated,438,-0.118822768238784,0.157636940714215,0.170699137473805,0.0232732369272641,0.156995755042706
5,546,offset,438,-0.118822768238784,0.0643764934611195,0.0771213676901815,0.0232732369272641,0.0381729868039222
5,547,uncalibrated,438,-0.17656327495925,0.157169674626169,0.170306321883975,0.0192778063163104,0.156528488954659
5,547,offset,438,-0.17656327495925,0.0577529779533452,0.0700319075098561,0.0192778063163104,-0.0200347860045903
5,548,uncalibrated,438,-0.140345720830792,0.157574882257105,0.170639466556332,0.018014853012134,0.156933696585595
5,548,offset,438,-0.140345720830792,0.0584700698531911,0.0690275550939761,0.018014853012134,0.0165879757548026
5,549,uncalibrated,438,-0.17656327495925,0.157409715307384,0.17024589634097,0.0297012431292991,0.156768529635874
5,549,offset,438,-0.17656327495925,0.0569460099756176,0.0692757192612498,0.0297012431292991,-0.0197947453233753
5,550,uncalibrated,438,-0.170419667647216,0.15739793092758,0.170441784713091,0.0225098385351905,0.156756745256071
5,550,offset,438,-0.170419667647216,0.05672926773847,0.0682964145557697,0.0225098385351905,-0.0136629223911449
5,551,uncalibrated,438,-0.126409854441484,0.157551967654842,0.170511885015913,0.0219678690398889,0.156910781983332
5,551,offset,438,-0.126409854441484,0.0614308682197795,0.0733731286641932,0.0219678690398889,0.0305009275418479
5,552,uncalibrated,438,-0.163121765614813,0.157443758436937,0.170523553481355,0.0205670349627123,0.156802572765427
5,552,offset,438,-0.163121765614813,0.0566621424416925,0.0673139485123195,0.0205670349627123,-0.00631919284938571
5,553,uncalibrated,438,-0.180614832741325,0.15682172202829,0.16989457422365,0.0257092390706819,0.15618053635678
5,553,offset,438,-0.180614832741325,0.0582531822515707,0.0711957951971286,0.0257092390706819,-0.0244342963845449
5,554,uncalibrated,438,-0.123616054558051,0.157854739753325,0.170825196254604,0.0137200914406755,0.157213554081815
5,554,offset,438,-0.123616054558051,0.062519119015779,0.0747926337458268,0.0137200914406755,0.0335974995237636
5,555,uncalibrated,438,-0.143478417007703,0.157606871689668,0.170677635918699,0.0231904769743349,0.156965686018159
5,555,offset,438,-0.143478417007703,0.0580079001497274,0.0683705729170462,0.0231904769743349,0.0134872690104553
5,556,uncalibrated,438,-0.0983518293706626,0.15756972256559,0.170380061653035,0.034191515975643,0.15692853689408
5,556,offset,438,-0.0983518293706626,0.0734076787507691,0.0885100580807595,0.034191515975643,0.0585767075234176
5,557,uncalibrated,438,-0.178460069556869,0.157071460405899,0.170174314884224,0.0261343900415996,0.15643027473439
5,557,offset,438,-0.178460069556869,0.0578907442325299,0.0705278558638994,0.0261343900415996,-0.0220297948224796
5,558,uncalibrated,438,-0.101491577769215,0.15773819273144,0.170465623894793,0.0372122598474018,0.157150331825213
5,558,offset,438,-0.101491577769215,0.0715248104668223,0.0863724437545466,0.0372122598474018,0.0556587540559983
5,559,uncalibrated,438,-0.207255958464429,0.156962986163325,0.170026905605291,0.0224330052793236,0.156321800491816
5,559,offset,438,-0.207255958464429,0.0667280881551698,0.0840650448705442,0.0224330052793236,-0.0509341579726137
5,560,uncalibrated,438,-0.0529856885042984,0.158309345727006,0.171053198102396,0.0347229142123178,0.157756798536346
5,560,offset,438,-0.0529856885042984,0.107980822766852,0.123890978662564,0.0347229142123178,0.104771110032048
5,561,uncalibrated,438,-0.173837397233445,0.157061961010111,0.170127395382104,0.0235146585221439,0.156420775338601
5,561,offset,438,-0.173837397233445,0.0570755337319081,0.0691318336238624,0.0235146585221439,-0.0174166218948438
5,562,uncalibrated,438,-0.1257438016599,0.157417457357944,0.170499886312851,0.0165319016411044,0.156776271686434
5,562,offset,438,-0.1257438016599,0.0618871702412609,0.0738540863104016,0.0165319016411044,0.0310324700265342
5,563,uncalibrated,438,-0.109604743549256,0.157891110381835,0.170834789920949,0.0227252676899496,0.157249924710326
5,563,offset,438,-0.109604743549256,0.0681219207466081,0.0820185949270213,0.0227252676899496,0.0476451811610704
5,564,uncalibrated,438,-0.122610590047041,0.157506732896822,0.170550484341137,0.0260930443172619,0.156865547225312
5,564,offset,438,-0.122610590047041,0.0628065515376747,0.0751935495503761,0.0260930443172619,0.0342549571782707
5,565,uncalibrated,438,-0.12555790167013,0.157967773544461,0.170875468162956,0.0220340644140466,0.157326587872952
5,565,offset,438,-0.12555790167013,0.0618343728795317,0.073864875219668,0.0220340644140466,0.0317686862028222
5,566,uncalibrated,438,-0.210985518090177,0.156823322711895,0.169922505931855,0.0275668535114782,0.156182137040385
5,566,offset,438,-0.210985518090177,0.0687782372911225,0.086511321028801,0.0275668535114782,-0.0548033810497923
5,567,uncalibrated,438,-0.129230711016854,0.157335228993708,0.170358331228996,0.0291999766504864,0.156694043322198
5,567,offset,438,-0.129230711016854,0.0606979096000195,0.0722715187870239,0.0291999766504864,0.0274633323053445
5,568,uncalibrated,438,-0.197664581681977,0.156869403125482,0.169925441758955,0.0261385269021686,0.156228217453973
5,568,offset,438,-0.197664581681977,0.0627614628686494,0.0786407789163235,0.0261385269021686,-0.0414363642280041
5,569,uncalibrated,438,-0.144992161317339,0.157244315282703,0.170250110168152,0.0243178978186526,0.156603129611194
5,569,offset,438,-0.144992161317339,0.0574380908184572,0.0677891908269188,0.0243178978186526,0.0116109682938549
5,570,uncalibrated,438,-0.153973457051132,0.157389057876824,0.170440757434267,0.0267163449915594,0.156747872205315
5,570,offset,438,-0.153973457051132,0.0567896829923612,0.0669914452248993,0.0267163449915594,0.00277441515418233
5,571,uncalibrated,438,-0.193989936958141,0.157195720731056,0.170269713378845,0.0242764137538679,0.156554535059547
5,571,offset,438,-0.193989936958141,0.0614571230496922,0.07670633716788,0.0242764137538679,-0.0374354018985947
5,572,uncalibrated,438,-0.143316245136765,0.157727151786775,0.170719424407953,0.0280342062946161,0.157085966115265
5,572,offset,438,-0.143316245136765,0.0578264203384128,0.0682548630915208,0.0280342062946161,0.0137697209785003
5,573,uncalibrated,438,-0.168210929231563,0.15762095225413,0.170569212144213,0.0289244212824862,0.156979766582621
5,573,offset,438,-0.168210929231563,0.0564328108771702,0.0676561012001901,0.0289244212824862,-0.0112311626489427
5,574,uncalibrated,438,-0.121228364923032,0.157669935581399,0.170740751435192,0.0223197495834756,0.157028749909889
5,574,offset,438,-0.121228364923032,0.0635029114377586,0.0760002859705049,0.0223197495834756,0.0358003849868568
5,575,uncalibrated,438,-0.1257438016599,0.157544541198954,0.170555899676542,0.029575139731118,0.156903355527445
5,575,offset,438,-0.1257438016599,0.0616828303522453,0.073766996251218,0.029575139731118,0.0311595538675448
5,576,uncalibrated,438,-0.158984749028306,0.157340979364117,0.170353483020137,0.0227319116591936,0.156699793692608
5,576,offset,438,-0.158984749028306,0.0564442505992535,0.0668633296708455,0.0227319116591936,-0.0022849553356983
5,577,uncalibrated,438,-0.181180929974209,0.157275486384825,0.170191818039488,0.0315102333551614,0.156634300713315
5,577,offset,438,-0.181180929974209,0.0578757612430477,0.0709470772879947,0.0315102333551614,-0.0245466292608939
5,578,uncalibrated,438,-0.168277630189537,0.156990115591273,0.170073822243799,0.0229244910127515,0.156348929919763
5,578,offset,438,-0.168277630189537,0.056701537706934,0.0679883152878964,0.0229244910127515,-0.011928700269774
5,579,uncalibrated,438,-0.110572825119517,0.157782879292865,0.170690356850395,0.0251424220990648,0.157141693621356
5,579,offset,438,-0.110572825119517,0.0674551497563189,0.0813040316409257,0.0251424220990648,0.0465688685018386
5,580,uncalibrated,438,-0.184580929466038,0.157582208172379,0.170513894604718,0.0181144664420208,0.15694102250087
5,580,offset,438,-0.184580929466038,0.0586874480143802,0.0721697177955777,0.0181144664420208,-0.0276399069651677
5,581,uncalibrated,438,-0.258746610882439,0.156566589822909,0.169542673726698,0.0365056297094733,0.155925404151399
5,581,offset,438,-0.258746610882439,0.103660864864686,0.122491579744272,0.0365056297094733,-0.10282120673104
5,582,uncalibrated,438,-0.0879330453862703,0.157680463355549,0.1706206463762,0.0247019921743345,0.15703927768404
5,582,offset,438,-0.0879330453862703,0.0800286967625631,0.096050723978014,0.0247019921743345,0.0691062322977695
5,583,uncalibrated,438,-0.162143351663864,0.157421237574579,0.170384931040458,0.0278359862609645,0.15678005190307
5,583,offset,438,-0.162143351663864,0.0562945164189898,0.0669313456853852,0.0278359862609645,-0.00536329976079459
5,584,uncalibrated,438,-0.114037544912232,0.157827693762656,0.170724911597633,0.0236575411823126,0.157186508091147
5,584,offset,438,-0.114037544912232,0.0659961157061738,0.0793802880918614,0.0236575411823126,0.0431489631789145
5,585,uncalibrated,438,-0.116274321687779,0.15778271903309,0.170829995076286,0.0150038223434286,0.157141533361581
5,585,offset,438,-0.116274321687779,0.0655162551568075,0.0784828306097995,0.0150038223434286,0.0408672116738016
5,586,uncalibrated,438,-0.0942663690301181,0.157593049279645,0.170561459182616,0.0299313131372147,0.156951863608136
5,586,offset,438,-0.0942663690301181,0.0760872673695078,0.0915794469241153,0.0299313131372147,0.0626854945780176
5,587,uncalibrated,438,-0.122276946524123,0.1574581681958,0.17048323456545,0.0332498887144684,0.157203063281588
5,587,offset,438,-0.122276946524123,0.0624609978803582,0.074642908534832,0.0332498887144684,0.0349261167574649
5,588,uncalibrated,438,-0.167620149867236,0.157243973476872,0.17018257430624,0.0271430650353643,0.156602787805363
5,588,offset,438,-0.167620149867236,0.0562654655617101,0.0675207946923749,0.0271430650353643,-0.0110173620618735
5,589,uncalibrated,438,-0.198136295408598,0.15700564005162,0.170049662064711,0.0198491213431579,0.15636445438011
5,589,offset,438,-0.198136295408598,0.0629313382736704,0.0788158085515981,0.0198491213431579,-0.0417718410284884
5,590,uncalibrated,438,-0.226332376860134,0.156947205148434,0.169866309843763,0.0298669031241461,0.156306019476925
5,590,offset,438,-0.226332376860134,0.0769745559108922,0.0965747494098614,0.0298669031241461,-0.0700263573832094
5,591,uncalibrated,438,-0.167873496295245,0.15740699468175,0.17030688072494,0.031046454897929,0.156765809010241
5,591,offset,438,-0.167873496295245,0.0561976980242654,0.0674707007851927,0.031046454897929,-0.0111076872850039
5,592,uncalibrated,438,-0.126748042840736,0.157700526459761,0.170626908249537,0.0212945861646704,0.157059340788251
5,592,offset,438,-0.126748042840736,0.0613431730973261,0.0732439763613291,0.0212945861646704,0.0303112979475147
5,593,uncalibrated,438,-0.143316245136765,0.157592993171791,0.170639702469583,0.028339466363,0.156951807500281
5,593,offset,438,-0.143316245136765,0.057901989142787,0.0683371549178923,0.028339466363,0.0136355623635163
5,594,uncalibrated,438,-0.173837397233445,0.157458379145497,0.170514811332283,0.0160743338239896,0.156817193473988
5,594,offset,438,-0.173837397233445,0.0571190123471969,0.0690894785813267,0.0160743338239896,-0.0170202037594576
5,595,uncalibrated,438,-0.123616054558051,0.157516932740146,0.170583386228041,0.0186670018923629,0.156875747068637
5,595,offset,438,-0.123616054558051,0.0625295092536565,0.0747990560407063,0.0186670018923629,0.0332596925105854
5,596,uncalibrated,438,-0.114022645398602,0.157806426339378,0.170787342693412,0.0270283161882434,0.157165240667869
5,596,offset,438,-0.114022645398602,0.0662498306235223,0.0795530456780604,0.0270283161882434,0.0431425952692672
5,597,uncalibrated,438,-0.167873496295245,0.157291296018478,0.17031792058977,0.0302868406994537,0.156650110346969
5,597,offset,438,-0.167873496295245,0.0564524859264664,0.067785701991274,0.0302868406994537,-0.011223385948276
5,598,uncalibrated,438,-0.178790070302609,0.157110770408561,0.170193542104363,0.0268977133706487,0.156469584737052
5,598,offset,438,-0.178790070302609,0.0578974016195705,0.0705784308562203,0.0268977133706487,-0.022320485565557
5,599,uncalibrated,438,-0.12555790167013,0.157549277182572,0.170593734396318,0.0204766347042844,0.156908091511063
5,599,offset,438,-0.12555790167013,0.0618514158236677,0.0739250122536334,0.0204766347042844,0.031350189840933
5,600,uncalibrated,438,-0.15630295292905,0.157292677772933,0.170294595122417,0.0269412727254927,0.156651492101423
5,600,offset,438,-0.15630295292905,0.0565296499981252,0.0667883270479225,0.0269412727254927,0.000348539172373167
5,601,uncalibrated,438,-0.212105311676533,0.156763495038527,0.169832749237699,0.023601061016395,0.156122309367018
5,601,offset,438,-0.212105311676533,0.0692194900300226,0.0871956637633518,0.023601061016395,-0.0559830023095148
5,602,uncalibrated,438,-0.184580929466038,0.156939037027738,0.170023791273376,0.0225806015118158,0.156297851356228
5,602,offset,438,-0.184580929466038,0.0590964967525341,0.0726567530774986,0.0225806015118158,-0.0282830781098096
5,603,uncalibrated,438,-0.186077451999816,0.15701420013113,0.170053866618715,0.0302804109494728,0.156373014459621
5,603,offset,438,-0.186077451999816,0.0592076127161849,0.0731310570849786,0.0302804109494728,-0.0297044375401958
5,604,uncalibrated,438,-0.211510772561975,0.156854880665272,0.169909264994343,0.0277021691387591,0.156213694993763
5,604,offset,438,-0.211510772561975,0.0687986248213882,0.0867421847482442,0.0277021691387591,-0.0552970775682129
5,605,uncalibrated,438,-0.237386415649712,0.156928809756943,0.169928187933385,0.0312737379091972,0.156287624085433
5,605,offset,438,-0.237386415649712,0.084961086530607,0.105008483491767,0.0312737379091972,-0.0810987915642792
5,606,uncalibrated,438,-0.196179064168788,0.157087500583635,0.170155245733272,0.015339428803583,0.156446314912125
5,606,offset,438,-0.196179064168788,0.0622640271064869,0.0778206242872628,0.015339428803583,-0.0397327492566626
5,607,uncalibrated,438,-0.139912828233294,0.157579701219912,0.17059081534374,0.0229184945765751,0.156938515548403
5,607,offset,438,-0.139912828233294,0.0583606094468714,0.0690029176604689,0.0229184945765751,0.017025687315109
5,608,uncalibrated,438,-0.0995987727117298,0.157919057399232,0.170754639733316,0.0246044503270988,0.157277871727723
5,608,offset,438,-0.0995987727117298,0.0729011950390521,0.0880210004405159,0.0246044503270988,0.0576790990159931
5,609,uncalibrated,438,-0.150911460349313,0.157391563685927,0.170373769326957,0.0294525373206357,0.156750378014418
5,609,offset,438,-0.150911460349313,0.056808002064286,0.0670121871491445,0.0294525373206357,0.0058389176651046
5,610,uncalibrated,438,-0.174428967833534,0.157133077299182,0.170164784711233,0.0244465037036497,0.156491891627673
5,610,offset,438,-0.174428967833534,0.0570392310248442,0.0691959573488777,0.0244465037036497,-0.017937076205861
5,611,uncalibrated,438,-0.0885188649081551,0.157747607474522,0.170648333592118,0.0285336896761107,0.157106421803013
5,611,offset,438,-0.0885188649081551,0.0796271736130129,0.095617356932859,0.0285336896761107,0.0685875568948578
5,612,uncalibrated,438,-0.169237655128496,0.157078885561448,0.170080601683398,0.0329107822034418,0.156437699889938
5,612,offset,438,-0.169237655128496,0.0564741656846186,0.0679595171866421,0.0329107822034418,-0.0127999552385581
5,613,uncalibrated,438,-0.220215919589607,0.157034765166707,0.170111601665764,0.0251284935154474,0.156393579495198
5,613,offset,438,-0.220215919589607,0.0734171721300904,0.0924786267690931,0.0251284935154474,-0.063822340094409
5,614,uncalibrated,438,-0.169736969305468,0.157301254876002,0.170386082151724,0.0270036098403256,0.156660069204492
5,614,offset,438,-0.169736969305468,0.0567661628188951,0.0682645224410797,0.0270036098403256,-0.013076900100976
5,615,uncalibrated,438,-0.130267938271087,0.157646387569472,0.170675975852081,0.0251786247533836,0.157005201897963
5,615,offset,438,-0.130267938271087,0.060562426102606,0.0720731335262533,0.0251786247533836,0.026737263626876
5,616,uncalibrated,438,-0.203554078802513,0.15675998430709,0.169837369385378,0.024927633964566,0.15611879863558
5,616,offset,438,-0.203554078802513,0.0652975929623017,0.0819863315244923,0.024927633964566,-0.0474352801669328
5,617,uncalibrated,438,-0.236495691081439,0.156977082567787,0.169925074951469,0.0309404878348268,0.156335896896277
5,617,offset,438,-0.236495691081439,0.0841203725034972,0.104207538319961,0.0309404878348268,-0.0801597941851611
5,618,uncalibrated,438,-0.165999107621908,0.157504606513653,0.170397358048257,0.0276691063587777,0.156952059322992
5,618,offset,438,-0.165999107621908,0.0560927283322964,0.0669564021361707,0.0276691063587777,-0.00904704829891526
5,619,uncalibrated,438,-0.109328585832806,0.157795250932297,0.170812833544989,0.023850335524417,0.157154065260788
5,619,offset,438,-0.109328585832806,0.0683412739229857,0.0822611716315317,0.023850335524417,0.0478254794279817
5,620,uncalibrated,438,-0.161750185499773,0.157259117393121,0.170317582254308,0.01940333810629,0.156617931721611
5,620,offset,438,-0.161750185499773,0.0565856190481675,0.0671211018759475,0.01940333810629,-0.00513225377816158
5,621,uncalibrated,438,-0.194209600287967,0.15694394790259,0.169965440397688,0.0265443288293228,0.15630276223108
5,621,offset,438,-0.194209600287967,0.0614804122822475,0.0767764665765859,0.0265443288293228,-0.0379068380568869
5,622,uncalibrated,438,-0.149727636753449,0.157518705773141,0.170439016178556,0.031542364762426,0.156877520101632
5,622,offset,438,-0.149727636753449,0.0568082930345614,0.0670076320620937,0.031542364762426,0.00714988334818305
5,623,uncalibrated,438,-0.106795580271922,0.157503687400742,0.170481094085086,0.0212407470800649,0.156862501729233
5,623,offset,438,-0.106795580271922,0.0693038083293019,0.0834545122561203,0.0212407470800649,0.050066921457311
5,624,uncalibrated,438,-0.138162451407889,0.157488654698309,0.170579219056269,0.0228628671401459,0.156847469026799
5,624,offset,438,-0.138162451407889,0.0589335933018163,0.0696079831424014,0.0228628671401459,0.0186850176189099
5,625,uncalibrated,438,-0.148923597914085,0.157556899254079,0.170585716001606,0.0218386271982513,0.15691571358257
5,625,offset,438,-0.148923597914085,0.0572298785011296,0.0673856011883247,0.0218386271982513,0.00799211566848457
5,626,uncalibrated,438,-0.209834970898173,0.157142121606221,0.170159901165532,0.0302127194983359,0.156500935934711
5,626,offset,438,-0.209834970898173,0.0677836060581217,0.0854772969957909,0.0302127194983359,-0.0533340349634619
5,627,uncalibrated,438,-0.152620458555996,0.157659781252019,0.170615873706112,0.0287657590000476,0.157107234061358
5,627,offset,438,-0.152620458555996,0.056716449205108,0.0666875139776945,0.0287657590000476,0.00448677550536235
5,628,uncalibrated,438,-0.130659450130912,0.157619522788208,0.170698859327855,0.0129069946413093,0.156978337116698
5,628,offset,438,-0.130659450130912,0.0606749980538625,0.0720318406267506,0.0129069946413093,0.0263188869857865
5,629,uncalibrated,438,-0.125941441494153,0.157440700488257,0.170458266731093,0.0279216710260375,0.156799514816747
5,629,offset,438,-0.125941441494153,0.0616220375768518,0.0736352737442026,0.0279216710260375,0.0308580733225949
5,630,uncalibrated,438,-0.179792208605456,0.157138049032448,0.170207167984581,0.0184437178128765,0.156496863360939
5,630,offset,438,-0.179792208605456,0.0580315567562871,0.0708652587773459,0.0184437178128765,-0.023295345244517
5,631,uncalibrated,438,-0.121726653761546,0.157548006526757,0.170574238418861,0.0246209467844886,0.156906820855247
5,631,offset,438,-0.121726653761546,0.0630473188598915,0.0755874628362045,0.0246209467844886,0.0351801670937009
5,632,uncalibrated,438,-0.140259255957027,0.157432733952372,0.170521679868734,0.0212398195652008,0.156791548280863
5,632,offset,438,-0.140259255957027,0.0584928443698498,0.0690461467601605,0.0212398195652008,0.0165322923238351
5,633,uncalibrated,438,-0.127974888395554,0.157502509298442,0.170591206966035,0.0185926633238763,0.156861323626933
5,633,offset,438,-0.127974888395554,0.0612963115100223,0.0730089801634824,0.0185926633238763,0.0288864352313791
5,634,uncalibrated,438,-0.145132668861247,0.157484619262702,0.170480293289818,0.0230132490290892,0.156843433591192
5,634,offset,438,-0.145132668861247,0.0575010080562896,0.0678292691252666,0.0230132490290892,0.0117107647299448
5,635,uncalibrated,438,-0.168210929231563,0.15719383675667,0.170260287704416,0.0255953480090137,0.156552651085161
5,635,offset,438,-0.168210929231563,0.0566190291506419,0.0679392997957541,0.0255953480090137,-0.0116582781464025
5,636,uncalibrated,438,-0.198136295408598,0.157025834231264,0.170065920882532,0.0267512604343453,0.156384648559755
5,636,offset,438,-0.198136295408598,0.0628088726462842,0.0788001215421399,0.0267512604343453,-0.0417516468488435
5,637,uncalibrated,438,-0.184601771385742,0.157180580196832,0.170273042045188,0.0208160977995248,0.156539394525323
5,637,offset,438,-0.184601771385742,0.0590043493297704,0.072634866311048,0.0208160977995248,-0.0280623768604187
5,638,uncalibrated,438,-0.142250362401699,0.157571774495124,0.170672371739182,0.0230219613378785,0.156930588823614
5,638,offset,438,-0.142250362401699,0.0583164629927996,0.0686830242079507,0.0230219613378785,0.0146802264219152
5,639,uncalibrated,438,-0.118218872496662,0.157413790576889,0.170420583098708,0.0246150201172136,0.156772604905379
5,639,offset,438,-0.118218872496662,0.064309320838885,0.0771486602445467,0.0246150201172136,0.0385537324087175
5,640,uncalibrated,438,-0.131017866738202,0.157595136671412,0.170674049269778,0.0228100959403163,0.156953950999903
5,640,offset,438,-0.131017866738202,0.0605602707700179,0.0718871951497125,0.0228100959403163,0.0259360842617011
5,641,uncalibrated,438,-0.126409854441484,0.157484246325829,0.170538454647682,0.0240224936279471,0.15684306065432
5,641,offset,438,-0.126409854441484,0.0615977785189502,0.0735513349885487,0.0240224936279471,0.0304332062128357
5,642,uncalibrated,438,-0.182363485018665,0.157321716690234,0.170373524345354,0.0222223602732018,0.156680531018725
5,642,offset,438,-0.182363485018665,0.0584111423562613,0.071679586520225,0.0222223602732018,-0.0256829539999403
5,643,uncalibrated,438,-0.145064802226019,0.157557234609604,0.170589319555629,0.0192268941022487,0.156916048938095
5,643,offset,438,-0.145064802226019,0.0576836548882106,0.0679597055669063,0.0192268941022487,0.011851246712076
5,644,uncalibrated,438,-0.209918368018441,0.157146666616739,0.170125839955762,0.0292768784260082,0.15650548094523
5,644,offset,438,-0.209918368018441,0.0678261406591304,0.0854504087775561,0.0292768784260082,-0.0534128870732112
5,645,uncalibrated,438,-0.122610590047041,0.157673170324448,0.170606714527659,0.0280599847278841,0.157031984652939
5,645,offset,438,-0.122610590047041,0.062564103373541,0.0750495785764056,0.0280599847278841,0.0344213946058975
5,646,uncalibrated,438,-0.217885575324868,0.156918620865788,0.169932966617476,0.0322827685590069,0.156277435194279
5,646,offset,438,-0.217885575324868,0.0721306771771852,0.0908302775668138,0.0322827685590069,-0.061608140130589
5,647,uncalibrated,438,-0.220215919589607,0.156720606092825,0.169694843058449,0.027928594380486,0.156079420421316
5,647,offset,438,-0.220215919589607,0.0733747134144397,0.0924610448088392,0.027928594380486,-0.0641364991682912
5,648,uncalibrated,438,-0.179792208605456,0.157344384483361,0.170254058554045,0.0288938596729232,0.156703198811852
5,648,offset,438,-0.179792208605456,0.0575876390617311,0.070453206523951,0.0288938596729232,-0.0230890097936036
5,649,uncalibrated,438,-0.173585107585219,0.157286225712368,0.17034592600835,0.023183907656626,0.156645040040859
5,649,offset,438,-0.173585107585219,0.0570109999995166,0.0690436950535483,0.023183907656626,-0.0169400675443606
5,650,uncalibrated,438,-0.180614832741325,0.157048237124204,0.170086076873224,0.0314192625827706,0.156407051452694
5,650,offset,438,-0.180614832741325,0.0580750233960451,0.0710782982134256,0.0314192625827706,-0.0242077812886311
5,651,uncalibrated,438,-0.17656327495925,0.157175435547546,0.170271963015168,0.0234945196187851,0.156534249876037
5,651,offset,438,-0.17656327495925,0.057556067847055,0.0699337675988446,0.0234945196187851,-0.0200290250832128
5,652,uncalibrated,438,-0.225482844328578,0.156731847301114,0.169782382352526,0.028899500717679,0.156090661629605
5,652,offset,438,-0.225482844328578,0.0767798579803441,0.09631738020243,0.028899500717679,-0.0693921826989732
5,653,uncalibrated,438,-0.197901492844384,0.156963787695978,0.170028597150847,0.0189787588610268,0.156322602024469
5,653,offset,438,-0.197901492844384,0.0628383644350238,0.0787513308281131,0.0189787588610268,-0.0415788908199154
5,654,uncalibrated,438,-0.165588867119333,0.157129953086025,0.170225613204211,0.0227594726081289,0.156488767414516
5,654,offset,438,-0.165588867119333,0.0566550212233014,0.0676079646082685,0.0227594726081289,-0.00910009970481689
5,655,uncalibrated,438,-0.194209600287967,0.157116761695556,0.170081001005548,0.0312096134250702,0.156475576024046
5,655,offset,438,-0.194209600287967,0.0612608052384209,0.0765950233249019,0.0312096134250702,-0.0377340242639208
5,656,uncalibrated,438,-0.160570134561196,0.157495172198103,0.170546736601077,0.0215455024619507,0.156853986526593
5,656,offset,438,-0.160570134561196,0.0567097079432731,0.0670583777928411,0.0215455024619507,-0.0037161480346027
5,657,uncalibrated,438,-0.202214262551962,0.157153006832383,0.170158424671887,0.029056306443369,0.156511821160873
5,657,offset,438,-0.202214262551962,0.0643932021329711,0.0809113865462159,0.029056306443369,-0.0457024413910889
5,658,uncalibrated,438,-0.165588867119333,0.157210883000462,0.170254624664503,0.0306482234977422,0.156569697328952
5,658,offset,438,-0.165588867119333,0.0564900911543043,0.0674826831244783,0.0306482234977422,-0.00901916979038064
5,659,uncalibrated,438,-0.147132711809745,0.157260897463004,0.170248538970968,0.0270066069483487,0.156619711791495
5,659,offset,438,-0.147132711809745,0.0571481471244782,0.0674153845108963,0.0270066069483487,0.00948699998175
5,660,uncalibrated,438,-0.212105311676533,0.156685719584462,0.169749407195529,0.0237057416734487,0.156044533912952
5,660,offset,438,-0.212105311676533,0.0693121286270263,0.0872225629214176,0.0237057416734487,-0.0560607777635805
5,661,uncalibrated,438,-0.211510772561975,0.157066900615695,0.170094391208159,0.0302724178430437,0.156425714944185
5,661,offset,438,-0.211510772561975,0.0686449385913085,0.0865878813543206,0.0302724178430437,-0.0550850576177899
5,662,uncalibrated,438,-0.217900676677362,0.156839084307086,0.169875830718731,0.0216558272330329,0.156197898635577
5,662,offset,438,-0.217900676677362,0.0721496724777262,0.0909244034474946,0.0216558272330329,-0.0617027780417851
5,663,uncalibrated,438,-0.21603773892217,0.157237933818774,0.170252994970862,0.0264004436575167,0.156596748147265
5,663,offset,438,-0.21603773892217,0.0709519925100493,0.0894246730525349,0.0264004436575167,-0.0594409907749055
5,664,uncalibrated,438,-0.182363485018665,0.157306857538305,0.170268405480246,0.0305935992851608,0.156665671866795
5,664,offset,438,-0.182363485018665,0.058165234890078,0.0714672985644451,0.0305935992851608,-0.0256978131518702
5,665,uncalibrated,438,-0.225960537948032,0.156748883788755,0.169767778765327,0.027710524586198,0.156107698117245
5,665,offset,438,-0.225960537948032,0.076921781393426,0.0965966072275492,0.027710524586198,-0.0698528398307863
5,666,uncalibrated,438,-0.179792208605456,0.157608201031005,0.170546254692819,0.0239529479727118,0.157080157027575
5,666,offset,438,-0.179792208605456,0.0576440884467173,0.0701974824677957,0.0239529479727118,-0.0227120515778808
5,667,uncalibrated,438,-0.149727636753449,0.157486829832809,0.170577719326946,0.0211859774491905,0.156845644161299
5,667,offset,438,-0.149727636753449,0.0573274914167934,0.0674304698772559,0.0211859774491905,0.00711800740785064
5,668,uncalibrated,438,-0.173964490658596,0.157380022832247,0.170473998979552,0.0121842286737349,0.156738837160738
5,668,offset,438,-0.173964490658596,0.0572791634010165,0.0692173705944429,0.0121842286737349,-0.0172256534978583
5,669,uncalibrated,438,-0.173801635376908,0.15727189302547,0.170351544810299,0.0237242331911592,0.15663070735396
5,669,offset,438,-0.173801635376908,0.0572014054114659,0.0691470252593909,0.0237242331911592,-0.0171709280229484
5,670,uncalibrated,438,-0.224092810180495,0.156737804978231,0.169785388617043,0.0291819058161009,0.156096619306721
5,670,offset,438,-0.224092810180495,0.0758253296994033,0.0953121482403779,0.0291819058161009,-0.0679961908737743
5,671,uncalibrated,438,-0.147067924014235,0.157176279290889,0.170082628336518,0.0357669358886428,0.15653509361938
5,671,offset,438,-0.147067924014235,0.057031347668411,0.0671899711844176,0.0357669358886428,0.00946716960514514
5,672,uncalibrated,438,-0.182363485018665,0.157312476659794,0.170365622111801,0.0240969722728688,0.156671290988285
5,672,offset,438,-0.182363485018665,0.0584071994737645,0.0716843121728869,0.0240969722728688,-0.0256921940303802
5,673,uncalibrated,438,-0.169237655128496,0.157260143661433,0.170279062679806,0.0270775146671894,0.156618957989924
5,673,offset,438,-0.169237655128496,0.0565601333244914,0.0680050932117502,0.0270775146671894,-0.0126186971385723
5,674,uncalibrated,438,-0.113951464535739,0.157450793198414,0.170484019072103,0.0169966826729088,0.156809607526904
5,674,offset,438,-0.113951464535739,0.0661709041623554,0.0794504132581237,0.0169966826729088,0.0428581429911651
5,675,uncalibrated,438,-0.161750185499773,0.157360256213618,0.170368094081173,0.0240793350823032,0.156719070542108
5,675,offset,438,-0.161750185499773,0.0563754225442342,0.0670054663963052,0.0240793350823032,-0.00503111495766459
5,676,uncalibrated,438,-0.200250307797478,0.157348847994307,0.170305800653318,0.0308439485245291,0.156707662322797
5,676,offset,438,-0.200250307797478,0.0634660675331734,0.0796412975812519,0.0308439485245291,-0.0435426454746807
5,677,uncalibrated,438,-0.132747657593207,0.157809673886172,0.170811630700844,0.0214965205111035,0.157168488214663
5,677,offset,438,-0.132747657593207,0.0600792882693813,0.071211350662944,0.0214965205111035,0.0244208306214557
5,678,uncalibrated,438,-0.116274321687779,0.157574763391377,0.1705127308692,0.0254675319316357,0.156933577719868
5,678,offset,438,-0.116274321687779,0.0649778630863575,0.0781000555287726,0.0254675319316357,0.0406592560320883
5,679,uncalibrated,438,-0.145132668861247,0.157579244020567,0.170627696487973,0.0183573877479294,0.156938058349058
5,679,offset,438,-0.145132668861247,0.0576403681399921,0.0679972342921282,0.0183573877479294,0.0118053894878104
5,680,uncalibrated,438,-0.163870825780775,0.157422930653834,0.17052215418282,0.0199917183757264,0.156781744982324
5,680,offset,438,-0.163870825780775,0.0566787998393969,0.0674354845316166,0.0199917183757264,-0.00708908079845091
5,681,uncalibrated,438,-0.181825533338435,0.157297507985886,0.170229279721052,0.03250776536126,0.15670964707966
5,681,offset,438,-0.181825533338435,0.058127522538459,0.0710696976853041,0.03250776536126,-0.0251158862587757
5,682,uncalibrated,438,-0.216815402020311,0.156881313154369,0.169932517707326,0.0237492260077282,0.156240127482859
5,682,offset,438,-0.216815402020311,0.0715112274250882,0.0901967129322259,0.0237492260077282,-0.0605752745374518
5,683,uncalibrated,438,-0.193620863996908,0.156870063619555,0.169926065414447,0.0248606554837947,0.156228877948045
5,683,offset,438,-0.193620863996908,0.0613912060192041,0.0765869833784317,0.0248606554837947,-0.0373919860488629
5,684,uncalibrated,438,-0.13086991141051,0.157669335989852,0.170672986447772,0.0170230289201659,0.157028150318342
5,684,offset,438,-0.13086991141051,0.0603695449045668,0.0718030763502564,0.0170230289201659,0.0261582389078324
5,685,uncalibrated,438,-0.192507280969147,0.157313106727548,0.170370156516129,0.0182474224265202,0.156671921056038
5,685,offset,438,-0.192507280969147,0.0609808194946229,0.0759214884208857,0.0182474224265202,-0.035835359913109
5,686,uncalibrated,438,-0.193989936958141,0.157164741473384,0.17022634904656,0.0286586485050984,0.156523555801875
5,686,offset,438,-0.193989936958141,0.0614832294759866,0.0766884352807202,0.0286586485050984,-0.0374663811562668
5,687,uncalibrated,438,-0.173585107585219,0.157123519814946,0.170144583741196,0.0240180681944024,0.156482334143437
5,687,offset,438,-0.173585107585219,0.0569184546392247,0.0689562421894305,0.0240180681944024,-0.0171027734417823
5,688,uncalibrated,438,-0.0929760738035768,0.157686632403798,0.170545714741173,0.0301707351453662,0.157045446732289
5,688,offset,438,-0.0929760738035768,0.0767027921022851,0.0923442094812219,0.0301707351453662,0.064069372928712
5,689,uncalibrated,438,-0.237890151591626,0.15675568963457,0.169701387093808,0.0341820141449471,0.156114503963061
5,689,offset,438,-0.237890151591626,0.0854334495497365,0.105423332232486,0.0341820141449471,-0.0817756476285655
5,690,uncalibrated,438,-0.140871957075069,0.157316276828702,0.170376032289078,0.0238261298682988,0.156675091157192
5,690,offset,438,-0.140871957075069,0.0582510873893597,0.0687797007573595,0.0238261298682988,0.0158031340821228
5,691,uncalibrated,438,-0.196603507475836,0.157274409031992,0.170310834932007,0.0221383166373061,0.156633223360483
5,691,offset,438,-0.196603507475836,0.0622289104737174,0.0779065943756014,0.0221383166373061,-0.0399702841153534
5,692,uncalibrated,438,-0.20279560133843,0.157011274888846,0.170107005477236,0.0216783875413424,0.156370089217337
5,692,offset,438,-0.20279560133843,0.0649237328204,0.0814869111348579,0.0216783875413424,-0.046425512121093
5,693,uncalibrated,438,-0.22671926793046,0.157031663849007,0.170052373896864,0.0303556043209704,0.156390478177497
5,693,offset,438,-0.22671926793046,0.0772415708359986,0.0969843640567342,0.0303556043209704,-0.0703287897529627
5,694,uncalibrated,438,-0.123616054558051,0.157358994078403,0.170378873294214,0.021920956327089,0.156717808406894
5,694,offset,438,-0.123616054558051,0.0623491571520847,0.0745936666280414,0.021920956327089,0.0331017538488425
5,695,uncalibrated,438,-0.142822590316644,0.157605526889369,0.170570313245993,0.0266607904596913,0.15696434121786
5,695,offset,438,-0.142822590316644,0.0577785702550929,0.0682379400731835,0.0266607904596913,0.0141417509012161
5,696,uncalibrated,438,-0.178790070302609,0.15743827707685,0.170343900615561,0.0277805744983981,0.156797091405341
5,696,offset,438,-0.178790070302609,0.0574542097907058,0.0701099687956358,0.0277805744983981,-0.0219929788972682
5,697,uncalibrated,438,-0.0971861756667094,0.157914946618344,0.170738114231496,0.0351926179155464,0.157273760946835
5,697,offset,438,-0.0971861756667094,0.0743978160138076,0.0895934466005273,0.0351926179155464,0.0600875852801254
5,698,uncalibrated,438,-0.187934186793865,0.157340161769674,0.17031292901666,0.0284436481924288,0.156698976098164
5,698,offset,438,-0.187934186793865,0.0595744855469823,0.0736719964927354,0.0284436481924288,-0.0312352106957012
5,699,uncalibrated,438,-0.0930634379292682,0.157855181448096,0.170862197871268,0.0266246611134485,0.157213995776586
5,699,offset,438,-0.0930634379292682,0.0771103660934721,0.0926981351780183,0.0266246611134485,0.0641505578473179
5,700,uncalibrated,438,-0.198374736111196,0.157085181760171,0.170165783533839,0.0194124045423623,0.156443996088662
5,700,offset,438,-0.198374736111196,0.063147144776381,0.0789927650632227,0.0194124045423623,-0.0419307400225342
5,701,uncalibrated,438,-0.219778877548753,0.156965535816634,0.170030253726617,0.0258279875509676,0.156324350145125
5,701,offset,438,-0.219778877548753,0.0731469217052826,0.0921925256301188,0.0258279875509676,-0.0634545274036285
5,702,uncalibrated,438,-0.107821625989941,0.157744926818442,0.170786440934674,0.0214532510003532,0.15748982190423
5,702,offset,438,-0.107821625989941,0.068729873242137,0.0826552726030649,0.0214532510003532,0.0496681959142881
5,703,uncalibrated,438,-0.17656327495925,0.157263511161979,0.170264401416958,0.0269179230845415,0.15662232549047
5,703,offset,438,-0.17656327495925,0.0572744917693189,0.069692575024524,0.0269179230845415,-0.01994094946878
5,704,uncalibrated,438,-0.152620458555996,0.157405786035404,0.170478983547604,0.0247670427031006,0.156764600363895
5,704,offset,438,-0.152620458555996,0.0569563927089351,0.067120174429872,0.0247670427031006,0.00414414180789875
5,705,uncalibrated,438,-0.139912828233294,0.157395234393187,0.170371604802781,0.029678250516497,0.156754048721677
5,705,offset,438,-0.139912828233294,0.0582435416364209,0.0688351555527795,0.029678250516497,0.0168412204883831
5,706,uncalibrated,438,-0.145064802226019,0.157562380597572,0.170586266011162,0.0161861573398828,0.156921194926062
5,706,offset,438,-0.145064802226019,0.05755428204835,0.067941053733847,0.0161861573398828,0.0118563927000435
5,707,uncalibrated,438,-0.1865176231278,0.156951062461494,0.170013816832162,0.0291492755293613,0.156309876789984
5,707,offset,438,-0.1865176231278,0.059442823120989,0.0733786635920132,0.0291492755293613,-0.0302077463378156
5,708,uncalibrated,438,-0.19112928735003,0.157299207124882,0.170332482310624,0.0278443367434553,0.156658021453373
5,708,offset,438,-0.19112928735003,0.060505933191252,0.0752308913740331,0.0278443367434553,-0.0344712658966577
5,709,uncalibrated,438,-0.118218872496662,0.157453085358653,0.170503542654807,0.0231490608840289,0.156811899687143
5,709,offset,438,-0.118218872496662,0.0644914498971633,0.0772716501834549,0.0231490608840289,0.0385930271904815
5,710,uncalibrated,438,-0.126409854441484,0.157552379090031,0.170594402973112,0.0252541701064381,0.156911193418522
5,710,offset,438,-0.126409854441484,0.0616051545357584,0.0735639815746816,0.0252541701064381,0.0305013389770375
5,711,uncalibrated,438,-0.227433630812013,0.157195052684604,0.170046141311005,0.0356246971510252,0.156553867013094
5,711,offset,438,-0.227433630812013,0.0774202260368742,0.0971108532255761,0.0356246971510252,-0.0708797637989191
5,712,uncalibrated,438,-0.125837759966467,0.157771132900432,0.170658663731216,0.0292769477410907,0.157129947228923
5,712,offset,438,-0.125837759966467,0.0615518638270364,0.0735782588406977,0.0292769477410907,0.0312921872624556
5,713,uncalibrated,438,-0.0990833679957137,0.157607228084577,0.170495290482397,0.0279358817432568,0.156966042413067
5,713,offset,438,-0.0990833679957137,0.073122033265612,0.0882083306925232,0.0279358817432568,0.0578826744173534
5,714,uncalibrated,438,-0.125837759966467,0.157811690587763,0.170841689519206,0.0236199062002436,0.157170504916253
5,714,offset,438,-0.125837759966467,0.0619520658603159,0.0739327814182265,0.0236199062002436,0.0313327449497861
5,715,uncalibrated,438,-0.124387709382173,0.157515052170628,0.170515030041298,0.0264192975715078,0.156873866499119
5,715,offset,438,-0.124387709382173,0.0621100668783968,0.0743055575568083,0.0264192975715078,0.0324861571169455
5,716,uncalibrated,438,-0.155434151778241,0.157524617747261,0.170469927933734,0.0245978801314085,0.156883432075752
5,716,offset,438,-0.155434151778241,0.0565259665517186,0.0667059628762389,0.0245978801314085,0.00144928029751048
5,717,uncalibrated,438,-0.168086252182354,0.157285244647056,0.170387567642425,0.0221597375358496,0.156644058975546
5,717,offset,438,-0.168086252182354,0.0567667890062776,0.0680109239765904,0.0221597375358496,-0.0114421932068078
5,718,uncalibrated,438,-0.185971561669193,0.157457920054255,0.170488776394871,0.0213190076503477,0.156816734382746
5,718,offset,438,-0.185971561669193,0.0591961605152155,0.0729721772201856,0.0213190076503477,-0.029154827286447
5,719,uncalibrated,438,-0.080992812488755,0.158037162315363,0.170913137156588,0.0249901147828786,0.157395976643853
5,719,offset,438,-0.080992812488755,0.0850675135256361,0.101366910192356,0.0249901147828786,0.0764031641550981
5,720,uncalibrated,438,-0.167620149867236,0.157345871436907,0.170416487399999,0.0190010387735203,0.156704685765397
5,720,offset,438,-0.167620149867236,0.0566274731026194,0.0678569671697806,0.0190010387735203,-0.0109154641018387
5,721,uncalibrated,438,-0.104567411584272,0.157778645097844,0.170717640348576,0.0260648400250808,0.157137459426334
5,721,offset,438,-0.104567411584272,0.0704676573665483,0.0849466980013909,0.0260648400250808,0.0525700478420622
5,722,uncalibrated,438,-0.182363485018665,0.157089920314833,0.170132853354827,0.0236299080482155,0.156448734643324
5,722,offset,438,-0.182363485018665,0.0583541058744993,0.0716976673691281,0.0236299080482155,-0.0259147503753412
5,723,uncalibrated,438,-0.12555790167013,0.157606108802651,0.170594888228972,0.0271691290602659,0.156964923131142
5,723,offset,438,-0.12555790167013,0.0618059536783932,0.0738310896123202,0.0271691290602659,0.0314070214610122
5,724,uncalibrated,438,-0.176370319331069,0.157343232591847,0.170408147039001,0.0232264654104794,0.156702046920338
5,724,offset,438,-0.176370319331069,0.0574575377884593,0.0697871478702546,0.0232264654104794,-0.0196682724107313
5,725,uncalibrated,438,-0.126095216575816,0.157440586031401,0.170444978318657,0.0280496299101066,0.156799400359892
5,725,offset,438,-0.126095216575816,0.0615243433051855,0.0735403670284026,0.0280496299101066,0.0307041837840754
5,726,uncalibrated,438,-0.0672835693267392,0.157910208082924,0.17077401691946,0.0259925784557138,0.157269022411415
5,726,offset,438,-0.0672835693267392,0.0957446939371148,0.111926767180242,0.0259925784557138,0.0899854530846755
5,727,uncalibrated,438,-0.182807337549519,0.157078666541219,0.170197606946733,0.0245228354491158,0.156437480869709
5,727,offset,438,-0.182807337549519,0.0587367609985906,0.0720410253317352,0.0245228354491158,-0.0263698566798098
5,728,uncalibrated,438,-0.1116232855132,0.157773999123349,0.170795520112916,0.0206969225422956,0.157132813451839
5,728,offset,438,-0.1116232855132,0.0672994875712026,0.0809413723663531,0.0206969225422956,0.0455095279386392
5,729,uncalibrated,438,-0.122276946524123,0.157487936169634,0.170558870697378,0.0248321637509158,0.156846750498125
5,729,offset,438,-0.122276946524123,0.0630047002169139,0.0753956005251285,0.0248321637509158,0.0345698039740015
5,730,uncalibrated,438,-0.114022645398602,0.157619784591858,0.170554204081396,0.029800140990552,0.156978598920349
5,730,offset,438,-0.114022645398602,0.0659105547894365,0.0793200476160052,0.029800140990552,0.0429559535217469
5,731,uncalibrated,438,-0.147067924014235,0.157628982378279,0.170591590590867,0.0240431307111646,0.156987796706769
5,731,offset,438,-0.147067924014235,0.0572486102173615,0.0674887126837665,0.0240431307111646,0.00991987269253485
5,732,uncalibrated,438,-0.149727636753449,0.157216180579443,0.170290572559299,0.0245403289522604,0.156574994907933
5,732,offset,438,-0.149727636753449,0.0571598660850221,0.0673055449859107,0.0245403289522604,0.00684735815448454
5,733,uncalibrated,438,-0.194155442094066,0.156835824017003,0.169902977450932,0.0235081597707524,0.156194638345494
5,733,offset,438,-0.194155442094066,0.0616445236616851,0.0768848445407152,0.0235081597707524,-0.0379608037485725
5,734,uncalibrated,438,-0.127666720695391,0.15752624598567,0.170515550931642,0.0262179336954151,0.15688506031416
5,734,offset,438,-0.127666720695391,0.0610840570948111,0.0729132520864447,0.0262179336954151,0.029218339618769
5,735,uncalibrated,438,-0.138853504185137,0.1575105864905,0.1705682408987,0.0120033577783881,0.15686940081899
5,735,offset,438,-0.138853504185137,0.0586891402845184,0.0693548009981247,0.0120033577783881,0.0180158966338529
5,736,uncalibrated,438,-0.199166385275161,0.157036061667358,0.170030688176016,0.0241690205533573,0.156394875995849
5,736,offset,438,-0.199166385275161,0.0631593893396364,0.0792494775369709,0.0241690205533573,-0.0427715092793119
5,737,uncalibrated,438,-0.10642470298928,0.157715015899372,0.170655839747931,0.0281510269059048,0.157073830227863
5,737,offset,438,-0.10642470298928,0.0694449674814983,0.083764918597527,0.0281510269059048,0.0506491272385822
5,738,uncalibrated,438,-0.0918204829953004,0.157673241605877,0.170473870178818,0.0373083718285711,0.157032055934367
5,738,offset,438,-0.0918204829953004,0.0772553983590307,0.0930313015493035,0.0373083718285711,0.0652115729390666
5,739,uncalibrated,438,-0.168086252182354,0.15731150011932,0.170342230696516,0.0240152119693116,0.15667031444781
5,739,offset,438,-0.168086252182354,0.0564763659105721,0.0678322324846248,0.0240152119693116,-0.0114159377345436
5,740,uncalibrated,438,-0.197977676257248,0.157073036925834,0.170145140179483,0.0225988789318596,0.156431851254324
5,740,offset,438,-0.197977676257248,0.0628925283095822,0.0787686499504376,0.0225988789318596,-0.0415458250029233
5,741,uncalibrated,438,-0.100406905407668,0.15789191817675,0.170767916047276,0.0306279464866114,0.15736387417332
5,741,offset,438,-0.100406905407668,0.0725651088753533,0.0874207558149923,0.0306279464866114,0.0569569687656524
5,742,uncalibrated,438,-0.188298119478823,0.157309246309337,0.170274224841631,0.0298572622984732,0.156668060637827
5,742,offset,438,-0.188298119478823,0.0596549135897128,0.0738166041191629,0.0298572622984732,-0.0316300588409964
5,743,uncalibrated,438,-0.189507351117321,0.157073887196347,0.170173797932335,0.0218436240327548,0.156432701524837
5,743,offset,438,-0.189507351117321,0.0602933965633548,0.0747118721624754,0.0218436240327548,-0.0330746495924836
5,744,uncalibrated,438,-0.145445053832519,0.157323277660186,0.170406283617972,0.0198019243461765,0.156682091988677
5,744,offset,438,-0.145445053832519,0.0576126036870351,0.0679359593519047,0.0198019243461765,0.0112370381561571
5,745,uncalibrated,438,-0.167873496295245,0.157209672600202,0.170069370937504,0.0377641539799855,0.156568486928692
5,745,offset,438,-0.167873496295245,0.0561087177852831,0.067362475227058,0.0377641539799855,-0.0113050093665524
5,746,uncalibrated,438,-0.211510772561975,0.157197736749281,0.17014518891967,0.0229619067416344,0.156556551077772
5,746,offset,438,-0.211510772561975,0.06844961436825,0.0863678070005141,0.0229619067416344,-0.0549542214842036
5,747,uncalibrated,438,-0.0775655325374306,0.157861347034211,0.170796395113472,0.0296901017310006,0.157220161362702
5,747,offset,438,-0.0775655325374306,0.0875678292068243,0.103913855371336,0.0296901017310006,0.0796546288252713
5,748,uncalibrated,438,-0.187182927143025,0.156813660451213,0.169841216444748,0.0253052992441575,0.156172474779704
5,748,offset,438,-0.187182927143025,0.0595723019085161,0.0736060125288175,0.0253052992441575,-0.0310104523633213
5,749,uncalibrated,438,-0.110572825119517,0.15774928204297,0.170761715352864,0.0167347644234578,0.157108096371461
5,749,offset,438,-0.110572825119517,0.0677570918612487,0.0814993310112446,0.0167347644234578,0.0465352712519435
5,750,uncalibrated,438,-0.216815402020311,0.156533886882773,0.169545866872273,0.0282572070774473,0.155892701211263
5,750,offset,438,-0.216815402020311,0.0717187493586698,0.0903041646680555,0.0282572070774473,-0.0609227008090477
5,751,uncalibrated,438,-0.149727636753449,0.157449887601571,0.170407671121643,0.0299929351271142,0.156808701930061
5,751,offset,438,-0.149727636753449,0.0568980087126013,0.0670816432427432,0.0299929351271142,0.00708106517661275
5,752,uncalibrated,438,-0.133234334279764,0.157411448723419,0.170306502260839,0.0258598335385958,0.156770263051909
5,752,offset,438,-0.133234334279764,0.0595345330072079,0.0705785327002749,0.0258598335385958,0.0235359287721458
5,753,uncalibrated,438,-0.170419667647216,0.157056494514586,0.170092140167423,0.0296938180039538,0.156415308843076
5,753,offset,438,-0.170419667647216,0.056720782390083,0.06827671178209,0.0296938180039538,-0.0140043588041396
5,754,uncalibrated,438,-0.106720158360463,0.157755279618218,0.170609164237463,0.0281840867062573,0.157114093946708
5,754,offset,438,-0.106720158360463,0.0692367564355298,0.0834397815731883,0.0281840867062573,0.0503939355862455
5,755,uncalibrated,438,-0.165762455065224,0.157154478444724,0.170189026212153,0.0265131940815244,0.156513292773215
5,755,offset,438,-0.165762455065224,0.0564975772533113,0.0674791881355344,0.0265131940815244,-0.00924916229200938
5,756,uncalibrated,438,-0.175910465331004,0.157165478009298,0.17022890512501,0.0245236191599143,0.156524292337789
5,756,offset,438,-0.175910465331004,0.0573298106451504,0.0696695755085176,0.0245236191599143,-0.0193861729932153
5,757,uncalibrated,438,-0.107821625989941,0.157863307987119,0.170756241278234,0.0275616438533386,0.157310760796459
5,757,offset,438,-0.107821625989941,0.0687722926823141,0.0828262816804391,0.0275616438533386,0.0494891348065175
5,758,uncalibrated,438,-0.207858665104493,0.15680576606186,0.169902587379469,0.0246684288861144,0.156164580390351
5,758,offset,438,-0.207858665104493,0.0672703154276467,0.0845682648762338,0.0246684288861144,-0.0516940847141424
5,759,uncalibrated,438,-0.181825533338435,0.157296176361018,0.170235603794898,0.0280306360132526,0.156654990689509
5,759,offset,438,-0.181825533338435,0.0581217876572027,0.0712245105895761,0.0280306360132526,-0.0251705426489265
5,760,uncalibrated,438,-0.182003137780324,0.156898914625978,0.169962394386094,0.0243241823816235,0.156257728954468
5,760,offset,438,-0.182003137780324,0.0584462599002827,0.0716488919876398,0.0243241823816235,-0.0257454088258555
5,761,uncalibrated,438,-0.178359491934101,0.157410063034209,0.170365325525418,0.0251881226014392,0.1567688773627
5,761,offset,438,-0.178359491934101,0.0576480423147651,0.0701000561297302,0.0251881226014392,-0.0215906145714007
5,762,uncalibrated,438,-0.194212960646984,0.157048349622443,0.170113207687505,0.0274293976937048,0.156407163950934
5,762,offset,438,-0.194212960646984,0.0615208304594664,0.076841269890475,0.0274293976937048,-0.03780579669605
5,763,uncalibrated,438,-0.173585107585219,0.157211614138521,0.170301275056673,0.0204090806089046,0.156570428467012
5,763,offset,438,-0.173585107585219,0.0571634717129895,0.0691210859367863,0.0204090806089046,-0.0170146791182073
5,764,uncalibrated,438,-0.104075846945624,0.157309664565223,0.170160872550783,0.0385055586608779,0.156668478893713
5,764,offset,438,-0.104075846945624,0.0703569409858851,0.0847094752881938,0.0385055586608779,0.0525926319480894
5,765,uncalibrated,438,-0.0808705987754796,0.157439170581269,0.170310844848608,0.0335316529353828,0.15679798490976
5,765,offset,438,-0.0808705987754796,0.0847953657593997,0.100921473267434,0.0335316529353828,0.0759273861342803
5,766,uncalibrated,438,-0.110572825119517,0.157997358092947,0.170954521435101,0.0196908878848197,0.157356172421437
5,766,offset,438,-0.110572825119517,0.0678370033155735,0.0815669356096671,0.0196908878848197,0.0467833473019198
5,767,uncalibrated,438,-0.148096591583175,0.157284540579589,0.170400331402409,0.0204135820777556,0.15664335490808
5,767,offset,438,-0.148096591583175,0.0574553304512446,0.0676178931091786,0.0204135820777556,0.00854676332490483
5,768,uncalibrated,438,-0.163121765614813,0.157351780811432,0.170397738567321,0.0249084267394479,0.156710595139922
5,768,offset,438,-0.163121765614813,0.0564781221335224,0.0672181655998322,0.0249084267394479,-0.00641117047489076
5,769,uncalibrated,438,-0.165588867119333,0.157481389514685,0.170450750840522,0.0260033588494099,0.156840203843175
5,769,offset,438,-0.165588867119333,0.056311107514784,0.0673138026681632,0.0260033588494099,-0.00874866327615758
5,770,uncalibrated,438,-0.229836777464987,0.156954706889124,0.169946241925175,0.0295592897925697,0.156313521217615
5,770,offset,438,-0.229836777464987,0.0794030201148868,0.099264683741284,0.0295592897925697,-0.0735232562473724
5,771,uncalibrated,438,-0.142250362401699,0.157374802244978,0.170466633209132,0.0256919589088824,0.156733616573468
5,771,offset,438,-0.142250362401699,0.05814754690864,0.0685799615402476,0.0256919589088824,0.0144832541717688
5,772,uncalibrated,438,-0.162143351663864,0.157236230459131,0.170343587822232,0.0193869855243054,0.156595044787621
5,772,offset,438,-0.162143351663864,0.0566602136309982,0.0672734239451687,0.0193869855243054,-0.00554830687624335
5,773,uncalibrated,438,-0.174922423400889,0.156955894429668,0.170064968979645,0.0205926651725086,0.156314708758159
5,773,offset,438,-0.174922423400889,0.0574353711203234,0.069527351050683,0.0205926651725086,-0.0186077146427301
5,774,uncalibrated,438,-0.133234334279764,0.157374039730691,0.170393588103187,0.0262021530512249,0.156732854059181
5,774,offset,438,-0.133234334279764,0.0597206770202913,0.0708587874364603,0.0262021530512249,0.0234985197794179
5,775,uncalibrated,438,-0.242560420772314,0.156777628784603,0.169751881715719,0.0327577552660114,0.156136443113094
5,775,offset,438,-0.242560420772314,0.0890737905338353,0.109115610214398,0.0327577552660114,-0.0864239776592205
5,776,uncalibrated,438,-0.140259255957027,0.157334704651569,0.170373940144267,0.0264109412269235,0.156693518980059
5,776,offset,438,-0.140259255957027,0.0584539497796101,0.068880371594804,0.0264109412269235,0.0164342630230318
5,777,uncalibrated,438,-0.0884532402824687,0.158200787838943,0.1710223201544,0.029868761803259,0.157648240648283
5,777,offset,438,-0.0884532402824687,0.0798155168769252,0.0958311759664886,0.029868761803259,0.069195000365814
5,778,uncalibrated,438,-0.12303500959485,0.157385322235713,0.170335764826096,0.033645400894325,0.156744136564204
5,778,offset,438,-0.12303500959485,0.0624219597628363,0.0747118041053051,0.033645400894325,0.0337091269693542
5,779,uncalibrated,438,-0.109573424854484,0.157586447326566,0.170347619448659,0.0357609403694919,0.156945261655056
5,779,offset,438,-0.109573424854484,0.067557989611337,0.0814284177527173,0.0357609403694919,0.047371836800572
5,780,uncalibrated,438,-0.202214262551962,0.156800847125821,0.169890835581688,0.0175671416427104,0.156159661454312
5,780,offset,438,-0.202214262551962,0.0647712842967246,0.0812285813699993,0.0175671416427104,-0.0460546010976502
5,781,uncalibrated,438,-0.142250362401699,0.157484037472469,0.170413259290088,0.0276887419156053,0.15684285180096
5,781,offset,438,-0.142250362401699,0.0577914970844646,0.0682197883878306,0.0276887419156053,0.0145924893992602
5,782,uncalibrated,438,-0.100738176276282,0.157488569775927,0.170390672252521,0.0282112942646985,0.156847384104417
5,782,offset,438,-0.100738176276282,0.0722439460114209,0.087063898909757,0.0282112942646985,0.0561092078281356
5,783,uncalibrated,438,-0.177399114278602,0.157049608175511,0.170098658867309,0.0286560075199925,0.156408422504001
5,783,offset,438,-0.177399114278602,0.0575182246483439,0.0700754469086245,0.0286560075199925,-0.0209906917746005
5,784,uncalibrated,438,-0.118822768238784,0.157582405047658,0.170612580343648,0.0263661708415724,0.156941219376148
5,784,offset,438,-0.118822768238784,0.064189388520352,0.0770137815547141,0.0263661708415724,0.0381184511373648
5,785,uncalibrated,438,-0.163121765614813,0.157436316002263,0.17046527994271,0.0199530893575191,0.156795130330753
5,785,offset,438,-0.163121765614813,0.0565672536553116,0.0671842621789217,0.0199530893575191,-0.00632663528405994
5,786,uncalibrated,438,-0.192507280969147,0.156819254660265,0.169865138607209,0.0279814365370442,0.156178068988755
5,786,offset,438,-0.192507280969147,0.0610470615578565,0.0760420128883119,0.0279814365370442,-0.0363292119803922
5,787,uncalibrated,438,-0.195984263960653,0.156987794176281,0.170020430639788,0.0243903771349919,0.156346608504772
5,787,offset,438,-0.195984263960653,0.062079762038135,0.0776777225080252,0.0243903771349919,-0.0396376554558812
5,788,uncalibrated,438,-0.204687872436901,0.157039533966709,0.17007121180065,0.0303119733166986,0.1563983482952
5,788,offset,438,-0.204687872436901,0.0655218527462779,0.0824357439203831,0.0303119733166986,-0.048289524141701
5,789,uncalibrated,438,-0.139810724738003,0.157345032330093,0.170439297522269,0.017928026335904,0.156703846658583
5,789,offset,438,-0.139810724738003,0.0585567847368475,0.0691291266436323,0.017928026335904,0.0168931219205797
5,790,uncalibrated,438,-0.124472231304748,0.157509277367189,0.170432887435504,0.0260335652886939,0.156956730176529
5,790,offset,438,-0.124472231304748,0.0618386849896078,0.0739404939045322,0.0260335652886939,0.0324844988717809
5,791,uncalibrated,438,-0.142822590316644,0.157559846994705,0.170444877109424,0.0353876279331393,0.157007299804045
5,791,offset,438,-0.142822590316644,0.0574948653732121,0.0678333982956145,0.0353876279331393,0.0141847094874013
5,792,uncalibrated,438,-0.141913131184667,0.157435034387335,0.170348653135041,0.0320335663598048,0.156793848715826
5,792,offset,438,-0.141913131184667,0.0578068924089706,0.068233337775925,0.0320335663598048,0.0148807175311583
5,793,uncalibrated,438,-0.190458966199048,0.156862670130422,0.16995233255198,0.0201023985294729,0.156221484458912
5,793,offset,438,-0.190458966199048,0.0606072229034812,0.0751721244160283,0.0201023985294729,-0.0342374817401359
5,794,uncalibrated,438,-0.186170334726125,0.156941455699611,0.170027352702338,0.0299420879045632,0.156300270028102
5,794,offset,438,-0.186170334726125,0.0594135951229036,0.073292203003946,0.0299420879045632,-0.0298700646980231
5,795,uncalibrated,438,-0.16794663046497,0.157125740899362,0.170127819698103,0.0217612219388845,0.156484555227852
5,795,offset,438,-0.16794663046497,0.0563989246614318,0.067730629549066,0.0217612219388845,-0.011462075237118
5,796,uncalibrated,438,-0.237890151591626,0.156855938288116,0.169850937754168,0.0312329574888166,0.156214752616606
5,796,offset,438,-0.237890151591626,0.0853203968019473,0.105437957674794,0.0312329574888166,-0.0816753989750204
5,797,uncalibrated,438,-0.129807649817685,0.157288421237373,0.170312996471353,0.0251570593549975,0.156647235565864
5,797,offset,438,-0.129807649817685,0.0605433793417433,0.0720314078701635,0.0251570593549975,0.0268395857481786
5,798,uncalibrated,438,-0.182003137780324,0.156928585014503,0.170006910071489,0.0171002202293168,0.156287399342994
5,798,offset,438,-0.182003137780324,0.0584667515274783,0.07167912863614,0.0171002202293168,-0.0257157384373303
5,799,uncalibrated,438,-0.0948339194331314,0.157406263843036,0.170304924634916,0.0370708740482332,0.156765078171526
5,799,offset,438,-0.0948339194331314,0.0755427780094941,0.0909062486491433,0.0370708740482332,0.0619311587383947
5,800,uncalibrated,438,-0.143316245136765,0.15752208883633,0.170606116093541,0.0189625511376732,0.156880903164821
5,800,offset,438,-0.143316245136765,0.0580069536270468,0.0684019664785375,0.0189625511376732,0.0135646580280562
5,801,uncalibrated,438,-0.0947845071617954,0.157939180131454,0.170935870272245,0.0285202643994478,0.157297994459944
5,801,offset,438,-0.0947845071617954,0.0762017906564644,0.0915660896772649,0.0285202643994478,0.062513487298149
5,802,uncalibrated,438,-0.169237655128496,0.157066163810006,0.170178367378632,0.0199882923330204,0.156424978138497
5,802,offset,438,-0.169237655128496,0.05685408810321,0.0682353840003658,0.0199882923330204,-0.0128126769899993
5,803,uncalibrated,438,-0.21099189972994,0.156718462474426,0.169787375991794,0.0297728619130306,0.156077276802917
5,803,offset,438,-0.21099189972994,0.0687402152095313,0.0865057947375889,0.0297728619130306,-0.0549146229270238
5,804,uncalibrated,438,-0.196154328736786,0.157336260588738,0.170353359919122,0.0251378485487783,0.156695074917228
5,804,offset,438,-0.196154328736786,0.0620407248975348,0.0776141317313703,0.0251378485487783,-0.0394592538195582
5,805,uncalibrated,438,-0.205463375251907,0.157018758584966,0.170025690910055,0.0253975516941119,0.156377572913456
5,805,offset,438,-0.205463375251907,0.0659018244590511,0.0828505054320607,0.0253975516941119,-0.0490858023384513
5,806,uncalibrated,438,-0.163121765614813,0.157274444061363,0.170312814113023,0.0234506068372271,0.156633258389854
5,806,offset,438,-0.163121765614813,0.0564260409050504,0.0671906075525638,0.0234506068372271,-0.00648850722495911
5,807,uncalibrated,438,-0.193989936958141,0.157257474063747,0.170327101750054,0.0237214492187199,0.156616288392238
5,807,offset,438,-0.193989936958141,0.0614548162853569,0.0766775678274981,0.0237214492187199,-0.0373736485659039
5,808,uncalibrated,438,-0.165762455065224,0.157499032310634,0.170519304294758,0.0285660364264192,0.156857846639124
5,808,offset,438,-0.165762455065224,0.0564694542682428,0.0674665927413521,0.0285660364264192,-0.00890460842610005
5,809,uncalibrated,438,-0.121228364923032,0.157779682991547,0.170731844912321,0.0257707156354033,0.157138497320038
5,809,offset,438,-0.121228364923032,0.0632568157979723,0.0758049677523575,0.0257707156354033,0.0359101323970053
5,810,uncalibrated,438,-0.165588867119333,0.157051062925484,0.17014263340374,0.0267206969189511,0.156409877253974
5,810,offset,438,-0.165588867119333,0.056628770274671,0.0675923061738856,0.0267206969189511,-0.00917898986535828
5,811,uncalibrated,438,-0.127974888395554,0.157650819477891,0.170735375271252,0.0188273081977755,0.157009633806382
5,811,offset,438,-0.127974888395554,0.0614461081542064,0.0730859747288961,0.0188273081977755,0.0290347454108281
5,812,uncalibrated,438,-0.168277630189537,0.157305988709086,0.170369642546672,0.020808315328792,0.156664803037577
5,812,offset,438,-0.168277630189537,0.0565845103543604,0.0679471290426566,0.020808315328792,-0.0116128271519605
5,813,uncalibrated,438,-0.168086252182354,0.15713371062669,0.170161792924171,0.0215894914052984,0.156492524955181
5,813,offset,438,-0.168086252182354,0.056571992911013,0.0678199079573151,0.0215894914052984,-0.0115937272271733
5,814,uncalibrated,438,-0.170419667647216,0.157368819458734,0.170372445086435,0.0293068677431213,0.157113714544522
5,814,offset,438,-0.170419667647216,0.0561870271644902,0.0672242451406029,0.0293068677431213,-0.0133059531026939
5,815,uncalibrated,438,-0.114673651340269,0.15744240102603,0.17049456216407,0.0224970537150676,0.156801215354521
5,815,offset,438,-0.114673651340269,0.0658921716228474,0.0790980798795908,0.0224970537150676,0.0421275640142524
5,816,uncalibrated,438,-0.15202654888209,0.15734395720432,0.170345473200636,0.0242137918832545,0.15670277153281
5,816,offset,438,-0.15202654888209,0.0568132857523703,0.0669603516430686,0.0242137918832545,0.00467622265072071
5,817,uncalibrated,438,-0.127296299740915,0.157378515351837,0.170446855184036,0.0220850480355584,0.156737329680328
5,817,offset,438,-0.127296299740915,0.0613555518674995,0.0731595118265645,0.0220850480355584,0.0294410299394121
5,818,uncalibrated,438,-0.240879346963457,0.156677000187001,0.1697054125772,0.0303619605060351,0.156035814515492
5,818,offset,438,-0.240879346963457,0.0879112801020361,0.107940616288465,0.0303619605060351,-0.0848435324479653
5,819,uncalibrated,438,-0.16794663046497,0.157147648564947,0.170070884330141,0.0343701002350861,0.156506462893437
5,819,offset,438,-0.16794663046497,0.0562243631796068,0.0675330304627763,0.0343701002350861,-0.011440167571533
5,820,uncalibrated,438,-0.0995987727117298,0.158002335945023,0.170976395387976,0.0261028278201451,0.157361150273513
5,820,offset,438,-0.0995987727117298,0.0734707661466992,0.0883565980900826,0.0261028278201451,0.0577623775617835
5,821,uncalibrated,438,-0.110374124844133,0.15728358146467,0.170194677515142,0.0365404756580696,0.156642395793161
5,821,offset,438,-0.110374124844133,0.0674144418545349,0.0810564062321705,0.0365404756580696,0.0462682709490278
5,822,uncalibrated,438,-0.13368764183409,0.157442079101259,0.170438681914373,0.0256983863328441,0.15680089342975
5,822,offset,438,-0.13368764183409,0.0597243460776626,0.0706897907173691,0.0256983863328441,0.0231132515956601
5,823,uncalibrated,438,-0.173585107585219,0.157096921046784,0.170142254637552,0.0234415374859563,0.156455735375274
5,823,offset,438,-0.173585107585219,0.0570206958363305,0.0690174258694032,0.0234415374859563,-0.0171293722099448
5,824,uncalibrated,438,-0.140259255957027,0.157461548647488,0.170513163276333,0.0210601614903406,0.156820362975979
5,824,offset,438,-0.140259255957027,0.0584045435189189,0.0689665344371963,0.0210601614903406,0.0165611070189513
5,825,uncalibrated,438,-0.100738176276282,0.157914829961526,0.170814420814072,0.0282549924941371,0.157386785958096
5,825,offset,438,-0.100738176276282,0.0724527632936737,0.0872698741990032,0.0282549924941371,0.0566486096818143
5,826,uncalibrated,438,-0.176370319331069,0.157556184016124,0.170450566802209,0.0244108714215579,0.156914998344615
5,826,offset,438,-0.176370319331069,0.0570782847799038,0.0693511970508787,0.0244108714215579,-0.0194553209864547
5,827,uncalibrated,438,-0.122276946524123,0.157549755008304,0.170549256293053,0.0212696602850312,0.156908569336795
5,827,offset,438,-0.122276946524123,0.0628078076808736,0.0752734946009086,0.0212696602850312,0.0346316228126715
5,828,uncalibrated,438,-0.0988356377842385,0.157613258911941,0.170440884278091,0.0345536102363943,0.156972073240432
5,828,offset,438,-0.0988356377842385,0.0731738933286711,0.0882593246272034,0.0345536102363943,0.0581364354561933
5,829,uncalibrated,438,-0.0531956161906341,0.158287520776793,0.171038822729444,0.0292892336909483,0.157646335105284
5,829,offset,438,-0.0531956161906341,0.107904415968314,0.123741119238247,0.0292892336909483,0.10445071891465
5,830,uncalibrated,438,-0.232285988198726,0.156718252746702,0.169675403866493,0.030542259727768,0.156077067075192
5,830,offset,438,-0.232285988198726,0.0812507777812204,0.101180489568277,0.030542259727768,-0.0762089211235333
5,831,uncalibrated,438,-0.242062164727704,0.15639754082585,0.16937085294204,0.0325334046248536,0.15575635515434
5,831,offset,438,-0.242062164727704,0.089077994147687,0.10897309953132,0.0325334046248536,-0.0863058095733636
5,832,uncalibrated,438,-0.16431539794648,0.157557403142485,0.170542495387073,0.0264436421707007,0.156916217470976
5,832,offset,438,-0.16431539794648,0.056369177198334,0.0672070777460271,0.0264436421707007,-0.00739918047550482
5,833,uncalibrated,438,-0.227860794922665,0.156832541760267,0.169810629172047,0.0327998904353422,0.156191356088757
5,833,offset,438,-0.227860794922665,0.0779544748752374,0.0978591770133428,0.0327998904353422,-0.0716694388339082
5,834,uncalibrated,438,-0.0936027704741458,0.157886239993951,0.170827934901274,0.032410084787885,0.157245054322442
5,834,offset,438,-0.0936027704741458,0.0767295426382332,0.0922307786326951,0.032410084787885,0.0636422838482962
5,835,uncalibrated,438,-0.114673651340269,0.157569812373427,0.170452372799324,0.0350016103755554,0.156928626701917
5,835,offset,438,-0.114673651340269,0.065518102141368,0.0788219541573502,0.0350016103755554,0.0422549753616488
5,836,uncalibrated,438,-0.191074547430959,0.157089284527596,0.170110430500684,0.0262212888238401,0.156448098856086
5,836,offset,438,-0.191074547430959,0.0605232304854361,0.0752365726914283,0.0262212888238401,-0.0346264485748723
5,837,uncalibrated,438,-0.176370319331069,0.157316485246423,0.170306595209204,0.0330709462061393,0.157061380332211
5,837,offset,438,-0.176370319331069,0.0568034182010891,0.0686213837309761,0.0330709462061393,-0.0193089389988583
5,838,uncalibrated,438,-0.158984749028306,0.157409607233912,0.170372501986264,0.021082727173988,0.156768421562403
5,838,offset,438,-0.158984749028306,0.0564958775833987,0.0667485096562338,0.021082727173988,-0.00221632746590329
5,839,uncalibrated,438,-0.198374736111196,0.156904780907566,0.169963498269247,0.0281403150567404,0.156263595236057
5,839,offset,438,-0.198374736111196,0.0630426879852739,0.0790103014399255,0.0281403150567404,-0.0421111408751394
5,840,uncalibrated,438,-0.132747657593207,0.157604909499249,0.170651617454778,0.0245020537864538,0.15696372382774
5,840,offset,438,-0.132747657593207,0.0600170475332564,0.0712094221710583,0.0245020537864538,0.0242160662345327
5,841,uncalibrated,438,-0.204727519940926,0.156945922681259,0.170042495112852,0.0233939838472899,0.15630473700975
5,841,offset,438,-0.204727519940926,0.0658135139332227,0.082631986780647,0.0233939838472899,-0.0484227829311762
5,842,uncalibrated,438,-0.199166385275161,0.157199981982168,0.170183551993171,0.0284316500160049,0.156558796310659
5,842,offset,438,-0.199166385275161,0.0630510961948068,0.0791655941943085,0.0284316500160049,-0.0426075889645021
5,843,uncalibrated,438,-0.150911460349313,0.157533129030905,0.170512682752207,0.0284354355294782,0.156891943359395
5,843,offset,438,-0.150911460349313,0.0569034482763239,0.0670466946635031,0.0284354355294782,0.00598048301008167
5,844,uncalibrated,438,-0.152620458555996,0.157266001793113,0.170346924483179,0.0229663347103322,0.156624816121604
5,844,offset,438,-0.152620458555996,0.0569518109831341,0.0671027312057031,0.0229663347103322,0.00400435756560771
5,845,uncalibrated,438,-0.13714084089819,0.15733230145875,0.170425387896617,0.0236558291364224,0.15669111578724
5,845,offset,438,-0.13714084089819,0.0590797875095085,0.0698206296254878,0.0236558291364224,0.0195502748890501
5,846,uncalibrated,438,-0.114037544912232,0.157791745360281,0.17071601455868,0.0306894256403794,0.157150559688772
5,846,offset,438,-0.114037544912232,0.0660138586040608,0.0794127902760456,0.0306894256403794,0.0431130147765396
5,847,uncalibrated,438,-0.173801635376908,0.157000384135064,0.170095165449631,0.0256381886408313,0.156359198463555
5,847,offset,438,-0.173801635376908,0.0572259349476619,0.0691983017902061,0.0256381886408313,-0.0174424369133536
5,848,uncalibrated,438,-0.110110227592543,0.157601276418337,0.170610097484216,0.0222518484149497,0.156960090746827
5,848,offset,438,-0.110110227592543,0.0678852067192538,0.0816470755991706,0.0222518484149497,0.0468498631542845
5,849,uncalibrated,438,-0.160570134561196,0.157597439840148,0.170605230759996,0.0204075140570864,0.156956254168639
5,849,offset,438,-0.160570134561196,0.0565636237496188,0.0669622219726385,0.0204075140570864,-0.00361388039255683
5,850,uncalibrated,438,-0.224466846339504,0.156789259668054,0.1698041819877,0.0271959756360853,0.156148073996545
5,850,offset,438,-0.224466846339504,0.0758901469285418,0.0954918523337498,0.0271959756360853,-0.0683187723429591
5,851,uncalibrated,438,-0.229333923872616,0.156913222681804,0.169919301407224,0.0301135381607391,0.156272037010294
5,851,offset,438,-0.229333923872616,0.0790195829239089,0.0989427043861993,0.0301135381607391,-0.0730618868623212
5,852,uncalibrated,438,-0.155434151778241,0.157630017733101,0.170631372553199,0.0225951690664925,0.156988832061592
5,852,offset,438,-0.155434151778241,0.0566764185450757,0.0668729312809697,0.0225951690664925,0.00155468028335078
5,853,uncalibrated,438,-0.161750185499773,0.157531430953694,0.170564489604928,0.0165585377126897,0.156890245282184
5,853,offset,438,-0.161750185499773,0.0565353230574518,0.067091840550132,0.0165585377126897,-0.00485994021758837
5,854,uncalibrated,438,-0.205463375251907,0.157134703349187,0.170168314669581,0.0294259019701222,0.156493517677678
5,854,offset,438,-0.205463375251907,0.0658475611779823,0.0828557855143039,0.0294259019701222,-0.0489698575742295
5,855,uncalibrated,438,-0.20279560133843,0.156949848938159,0.170030466948066,0.0280097141644622,0.156308663266649
5,855,offset,438,-0.20279560133843,0.0649210446801319,0.0814800398236294,0.0280097141644622,-0.0464869380717807
5,856,uncalibrated,438,-0.198241665505816,0.157397689586383,0.170298994343562,0.0308397355922193,0.156756503914874
5,856,offset,438,-0.198241665505816,0.0625567343324774,0.078422985068418,0.0308397355922193,-0.0414851615909419
5,857,uncalibrated,438,-0.15630295292905,0.15752907773359,0.170431707199432,0.0294104804547117,0.15697653054293
5,857,offset,438,-0.15630295292905,0.0564105709648593,0.0663761205888053,0.0294104804547117,0.000673577613879682
5,858,uncalibrated,438,-0.175430371660267,0.157147320636149,0.170227978380055,0.0218195611153866,0.15650613496464
5,858,offset,438,-0.175430371660267,0.0573813048590509,0.0695810396322337,0.0218195611153866,-0.0189242366956277
5,859,uncalibrated,438,-0.170547880407901,0.157225621371319,0.170144434245321,0.0334444666675981,0.156584435699809
5,859,offset,438,-0.170547880407901,0.0564573746218737,0.0680104461781332,0.0334444666675981,-0.0139634447080921
5,860,uncalibrated,438,-0.141913131184667,0.157814687580452,0.170770054663284,0.0217546533978801,0.157173501908942
5,860,offset,438,-0.141913131184667,0.0581100747113275,0.0684965749656373,0.0217546533978801,0.015260370724275
5,861,uncalibrated,438,-0.148096591583175,0.157311045618305,0.170360186311736,0.0189783297496815,0.156669859946795
5,861,offset,438,-0.148096591583175,0.05720369299221,0.0674584983145612,0.0189783297496815,0.00857326836362068
5,862,uncalibrated,438,-0.100416396994449,0.15776227104937,0.1705687923307,0.0373682784858157,0.15712108537786
5,862,offset,438,-0.100416396994449,0.0722997024185131,0.0873046340780172,0.0373682784858157,0.0567046883834108
5,863,uncalibrated,438,-0.148096591583175,0.157727806023444,0.170621740266484,0.0311027180944048,0.157086620351934
5,863,offset,438,-0.148096591583175,0.0570488681253781,0.0672041112971059,0.0311027180944048,0.00899002876875978
5,864,uncalibrated,438,-0.106720158360463,0.157558481203362,0.170573595735744,0.0200014295406885,0.156917295531853
5,864,offset,438,-0.106720158360463,0.0694407524344927,0.0836185775135743,0.0200014295406885,0.0501971371713901
5,865,uncalibrated,438,-0.148927712133959,0.157552144844379,0.170472544064126,0.0236139123440502,0.156910959172869
5,865,offset,438,-0.148927712133959,0.0568970523168448,0.0671086537223772,0.0236139123440502,0.00798324703890971
5,866,uncalibrated,438,-0.126095216575816,0.157653428889066,0.170701103195131,0.026582310929991,0.157012243217556
5,866,offset,438,-0.126095216575816,0.0617677956776346,0.0737691307268277,0.026582310929991,0.0309170266417399
5,867,uncalibrated,438,-0.13368764183409,0.157568018438452,0.170627848531072,0.0221877975718615,0.156926832766943
5,867,offset,438,-0.13368764183409,0.0598667998912155,0.0709076289780734,0.0221877975718615,0.0232391909328531
5,868,uncalibrated,438,-0.17315620493393,0.157214444471051,0.170241864769149,0.0198064221938686,0.156573258799542
5,868,offset,438,-0.17315620493393,0.0568816229806185,0.0688629163735093,0.0198064221938686,-0.0165829461343884
5,869,uncalibrated,438,-0.204687872436901,0.157058619705336,0.170078224251226,0.0242947650000764,0.156417434033827
5,869,offset,438,-0.204687872436901,0.0656017415553603,0.0824028149904419,0.0242947650000764,-0.0482704384030743
5,870,uncalibrated,438,-0.126095216575816,0.157526012986058,0.170582517885308,0.0246844246267867,0.156884827314549
5,870,offset,438,-0.126095216575816,0.0617153215062003,0.0737125938766124,0.0246844246267867,0.0307896107387325
5,871,uncalibrated,438,-0.20775177277595,0.157223146469232,0.170167548285853,0.029148773608596,0.156581960797722
5,871,offset,438,-0.20775177277595,0.0668273669067333,0.0840085334965795,0.029148773608596,-0.0511698119782282
5,872,uncalibrated,438,-0.16544624568651,0.157398065875299,0.170440168817596,0.0200536998899356,0.15675688020379
5,872,offset,438,-0.16544624568651,0.0564493209459186,0.067473229712514,0.0200536998899356,-0.00868936548272047
5,873,uncalibrated,438,-0.148096591583175,0.157612954242069,0.170404676775014,0.0331219298258308,0.156971768570559
5,873,offset,438,-0.148096591583175,0.0568411459170812,0.0669058032250197,0.0331219298258308,0.00887517698738467
5,874,uncalibrated,438,-0.133234334279764,0.157659108616968,0.170731824849607,0.0113392140154314,0.157017922945458
5,874,offset,438,-0.133234334279764,0.0601075924015525,0.0711363970143982,0.0113392140154314,0.0237835886656948
5,875,uncalibrated,438,-0.0810491132099165,0.158182218892207,0.171032569940848,0.0275324399347733,0.157541033220697
5,875,offset,438,-0.0810491132099165,0.085104486379874,0.101409943591652,0.0275324399347733,0.0764919200107806
5,876,uncalibrated,438,-0.129230711016854,0.157699668210032,0.170720178828595,0.025827416305929,0.157058482538523
5,876,offset,438,-0.129230711016854,0.060915884331679,0.0724734254042563,0.025827416305929,0.0278277715216692
5,877,uncalibrated,438,-0.154966591215269,0.157370906752071,0.170265588535808,0.033254602673323,0.156729721080561
5,877,offset,438,-0.154966591215269,0.0563885230660351,0.0665527895461671,0.033254602673323,0.00176312986529251
5,878,uncalibrated,438,-0.205463375251907,0.157086481426629,0.170102359816899,0.0308050324548877,0.156445295755119
5,878,offset,438,-0.205463375251907,0.0658236939678307,0.0828399322122163,0.0308050324548877,-0.0490180794967881
5,879,uncalibrated,438,-0.0712417324524625,0.158019031651172,0.170845608633681,0.0254027670253889,0.157377845979662
5,879,offset,438,-0.0712417324524625,0.0924668281560946,0.108811146661476,0.0254027670253889,0.0861361135271997
5,880,uncalibrated,438,-0.203554078802513,0.156691462054388,0.169743164104627,0.0280322783426798,0.156050276382878
5,880,offset,438,-0.203554078802513,0.0652505508081317,0.0819613582452209,0.0280322783426798,-0.0475038024196349
5,881,uncalibrated,438,-0.12303500959485,0.157624615787583,0.170622476523961,0.0273423571719902,0.156983430116073
5,881,offset,438,-0.12303500959485,0.0626348059227112,0.0749715107227238,0.0273423571719902,0.0339484205212234
5,882,uncalibrated,438,-0.197430880269639,0.157417188468866,0.170297419028079,0.0312036164666537,0.156776002797356
5,882,offset,438,-0.197430880269639,0.0622547553285234,0.0779443066348981,0.0312036164666537,-0.0406548774722833
5,883,uncalibrated,438,-0.114037544912232,0.157850729462691,0.170818268230598,0.021170055506543,0.157209543791181
5,883,offset,438,-0.114037544912232,0.0662281467938933,0.0795478572274157,0.021170055506543,0.043171998878949
5,884,uncalibrated,438,-0.175430371660267,0.15736764791223,0.17043738982162,0.0187971036163616,0.15672646224072
5,884,offset,438,-0.175430371660267,0.057304707145283,0.06953816297753,0.0187971036163616,-0.0187039094195468
5,885,uncalibrated,438,-0.194513139235406,0.15713631979737,0.170207813687154,0.0225788885828935,0.156495134125861
5,885,offset,438,-0.194513139235406,0.0616410278548056,0.0769762401497966,0.0225788885828935,-0.0380180051095446
5,886,uncalibrated,438,-0.182807337549519,0.157153404762223,0.170145784942846,0.0266411539121919,0.156512219090713
5,886,offset,438,-0.182807337549519,0.0584548426477797,0.0717282835698761,0.0266411539121919,-0.026295118458806
5,887,uncalibrated,438,-0.224092810180495,0.156537258952456,0.169554776520779,0.0295909896674028,0.155896073280946
5,887,offset,438,-0.224092810180495,0.075908550662778,0.0953731172833286,0.0295909896674028,-0.068196736899549
5,888,uncalibrated,438,-0.173837397233445,0.157466379659918,0.170522404868704,0.0236891033153364,0.156825193988408
5,888,offset,438,-0.173837397233445,0.0570952595264027,0.0690880897981305,0.0236891033153364,-0.0170122032450367
5,889,uncalibrated,438,-0.145445053832519,0.157625571285662,0.170534979062712,0.0243829518202983,0.157037710379436
5,889,offset,438,-0.145445053832519,0.0573173178083538,0.0674961205442123,0.0243829518202983,0.0115926565469166
5,890,uncalibrated,438,-0.227832215009723,0.156889724459638,0.169863841900388,0.030467779302052,0.156248538788129
5,890,offset,438,-0.227832215009723,0.0780132109112478,0.0977974519766879,0.030467779302052,-0.0715836762215941
5,891,uncalibrated,438,-0.209712089561107,0.157009315564192,0.169997455725168,0.0294175496123162,0.156368129892683
5,891,offset,438,-0.209712089561107,0.0677975800320074,0.0854032841289022,0.0294175496123162,-0.0533439596684244
5,892,uncalibrated,438,-0.121726653761546,0.157881857682792,0.170899354926441,0.0221416005058752,0.157240672011282
5,892,offset,438,-0.121726653761546,0.0634119670084775,0.0757839433650464,0.0221416005058752,0.0355140182497356
5,893,uncalibrated,438,-0.197977676257248,0.157063656565279,0.170127997675058,0.0257690037406503,0.156422470893769
5,893,offset,438,-0.197977676257248,0.0628632995872645,0.0787551984646925,0.0257690037406503,-0.0415552053634782
5,894,uncalibrated,438,-0.194513139235406,0.157287284969137,0.170261724776558,0.0311269982285923,0.156646099297628
5,894,offset,438,-0.194513139235406,0.0616425279438086,0.07671353995466,0.0311269982285923,-0.0378670399377777
5,895,uncalibrated,438,-0.1116232855132,0.157555634572934,0.170497128253012,0.0198112784840169,0.156914448901425
5,895,offset,438,-0.1116232855132,0.0669643223119464,0.080612753020506,0.0198112784840169,0.0452911633882247
5,896,uncalibrated,438,-0.216909868346576,0.156998040318047,0.169976099861044,0.0302195755172361,0.156356854646537
5,896,offset,438,-0.216909868346576,0.0714837940732978,0.0900615122967083,0.0302195755172361,-0.0605530137000384
5,897,uncalibrated,438,-0.186077451999816,0.157228875755256,0.170201829153294,0.0304006591026024,0.156587690083746
5,897,offset,438,-0.186077451999816,0.0590426521663746,0.0729287598909371,0.0304006591026024,-0.0294897619160698
5,898,uncalibrated,438,-0.180338176282561,0.157477709483248,0.170406269701949,0.0285376883913806,0.156836523811739
5,898,offset,438,-0.180338176282561,0.0577576451405407,0.0706606624738444,0.0285376883913806,-0.0235016524708219
5,899,uncalibrated,438,-0.194209600287967,0.156972278921879,0.169933238730474,0.0301944407364368,0.156331093250369
5,899,offset,438,-0.194209600287967,0.0612718389140808,0.0766333883106456,0.0301944407364368,-0.0378785070375982
5,900,uncalibrated,438,-0.16544624568651,0.157541522287409,0.17059652331359,0.0220819053993456,0.156900336615899
5,900,offset,438,-0.16544624568651,0.0565827053921269,0.0675165957253832,0.0220819053993456,-0.0085459090706113
5,901,uncalibrated,438,-0.196179064168788,0.156772729099828,0.16983657411466,0.0238449809538982,0.156131543428318
5,901,offset,438,-0.196179064168788,0.0623308523348353,0.0779179502499504,0.0238449809538982,-0.0400475207404693
5,902,uncalibrated,438,-0.126469721890275,0.157389510459031,0.170413421812312,0.0186043798214771,0.156748324787521
5,902,offset,438,-0.126469721890275,0.0616022463083424,0.0733995286326552,0.0186043798214771,0.0302786028972459
5,903,uncalibrated,438,-0.227860794922665,0.156632277615424,0.169571615604931,0.0323424659707146,0.155991091943915
5,903,offset,438,-0.227860794922665,0.0781007182412892,0.0979110119407689,0.0323424659707146,-0.0718697029787504
5,904,uncalibrated,438,-0.141913131184667,0.157328447121633,0.170333943167267,0.0254577502692664,0.156687261450123
5,904,offset,438,-0.141913131184667,0.0579017912497276,0.0684180474675449,0.0254577502692664,0.0147741302654558
5,905,uncalibrated,438,-0.145132668861247,0.157596258124896,0.17052445848675,0.0306465811683149,0.156955072453387
5,905,offset,438,-0.145132668861247,0.0573677717172532,0.0677012954089282,0.0306465811683149,0.0118224035921394
5,906,uncalibrated,438,-0.13368764183409,0.157401620355809,0.170445281371864,0.0277143824690393,0.1567604346843
5,906,offset,438,-0.13368764183409,0.0596868711233791,0.0707821575641216,0.0277143824690393,0.0230727928502102
5,907,uncalibrated,438,-0.176370319331069,0.157370703173322,0.170398036327195,0.0258933237022529,0.156729517501812
5,907,offset,438,-0.176370319331069,0.0572982933119447,0.0696929711255681,0.0258933237022529,-0.0196408018292572
5,908,uncalibrated,438,-0.127666720695391,0.157281042189593,0.170283886958028,0.0312433882855634,0.156639856518084
5,908,offset,438,-0.127666720695391,0.0610908537408014,0.0728010996271956,0.0312433882855634,0.0289731358226926
5,909,uncalibrated,438,-0.122276946524123,0.157551479481352,0.170544027813727,0.0221594495398593,0.156910293809843
5,909,offset,438,-0.122276946524123,0.0627729915532619,0.075258845750194,0.0221594495398593,0.0346333472857197
5,910,uncalibrated,438,-0.138853504185137,0.157222407264568,0.170265678871535,0.0152037586497434,0.156581221593059
5,910,offset,438,-0.138853504185137,0.0585630591893116,0.0691881088808278,0.0152037586497434,0.0177277174079216
5,911,uncalibrated,438,-0.222408409411005,0.156912833106399,0.169961132964666,0.0273419287382266,0.156271647434889
5,911,offset,438,-0.222408409411005,0.0747609011303058,0.0940214348502727,0.0273419287382266,-0.0661367619761157
5,912,uncalibrated,438,-0.210985518090177,0.156975023719281,0.170018356620064,0.0216288366781371,0.156333838047772
5,912,offset,438,-0.210985518090177,0.0685510465492695,0.0863294781664855,0.0216288366781371,-0.0546516800424055
5,913,uncalibrated,438,-0.177834170376284,0.15704740330219,0.170147424462606,0.0253564202451449,0.156406217630681
5,913,offset,438,-0.177834170376284,0.0577606646793885,0.070330635548031,0.0253564202451449,-0.0214279527456029
5,914,uncalibrated,438,-0.0572229358654944,0.158289576668104,0.171066619564089,0.0312184710663071,0.157648390996595
5,914,offset,438,-0.0572229358654944,0.104572149350558,0.12039952318659,0.0312184710663071,0.100425455131101
5,915,uncalibrated,438,-0.138487577825293,0.157458589339618,0.170568305840877,0.0236297627060015,0.156817403668108
5,915,offset,438,-0.138487577825293,0.0589964969064247,0.0695545209145201,0.0236297627060015,0.0183298258428151
5,916,uncalibrated,438,-0.179792208605456,0.157365771177788,0.170384542219084,0.0255794959591936,0.156724585506278
5,916,offset,438,-0.179792208605456,0.0578658854424506,0.0707135896453974,0.0255794959591936,-0.0230676230991773
5,917,uncalibrated,438,-0.132747657593207,0.157413968896679,0.170412743617031,0.0228587272461585,0.15677278322517
5,917,offset,438,-0.132747657593207,0.0599383761678813,0.070992987601237,0.0228587272461585,0.0240251256319624
5,918,uncalibrated,438,-0.182003137780324,0.157069090062672,0.170102387675775,0.0246716412582627,0.156427904391162
5,918,offset,438,-0.182003137780324,0.0583693591565378,0.0715487636769433,0.0246716412582627,-0.0255752333891616
5,919,uncalibrated,438,-0.179792208605456,0.156974944622238,0.170070954259293,0.0212592411381883,0.156333758950729
5,919,offset,438,-0.179792208605456,0.0581302803143444,0.0709519848574047,0.0212592411381883,-0.023458449654727
5,920,uncalibrated,438,-0.0680524700618486,0.15814719666543,0.170989148914701,0.0292675253337718,0.157506010993921
5,920,offset,438,-0.0680524700618486,0.0953265645235225,0.111494760112943,0.0292675253337718,0.0894535409320722
5,921,uncalibrated,438,-0.129807649817685,0.157531280383779,0.170514270232649,0.0320413484297633,0.156890094712269
5,921,offset,438,-0.129807649817685,0.0605227421918986,0.0720699199084897,0.0320413484297633,0.0270824448945839
5,922,uncalibrated,438,-0.113159772006535,0.157961545038196,0.170874013677369,0.0260969725584999,0.15737368413197
5,922,offset,438,-0.113159772006535,0.0665533812919621,0.0799144675160911,0.0260969725584999,0.0442139121254345
5,923,uncalibrated,438,-0.212205301569857,0.157463498625149,0.170337276309125,0.0287634729928717,0.15682231295364
5,923,offset,438,-0.212205301569857,0.0687632197283474,0.0865379991006608,0.0287634729928717,-0.0553829886162171
5,924,uncalibrated,438,-0.17315620493393,0.157526359743727,0.170412144025449,0.0301863729782968,0.156885174072217
5,924,offset,438,-0.17315620493393,0.0567038950609365,0.0684988133691628,0.0301863729782968,-0.0162710308617131
5,925,uncalibrated,438,-0.193620863996908,0.157005825737249,0.170127234222989,0.0243819521414808,0.156364640065739
5,925,offset,438,-0.193620863996908,0.061604063081688,0.0766902952340457,0.0243819521414808,-0.0372562239311691
5,926,uncalibrated,438,-0.122276946524123,0.157588970599071,0.170611313641336,0.0263101897691427,0.156947784927561
5,926,offset,438,-0.122276946524123,0.0628958633870241,0.0753503827750848,0.0263101897691427,0.0346708384034381
5,927,uncalibrated,438,-0.129807649817685,0.157611288105634,0.17051046414908,0.0264646410913085,0.156970102434124
5,927,offset,438,-0.129807649817685,0.0604495336150328,0.0719166472959891,0.0264646410913085,0.027162452616439
5,928,uncalibrated,438,-0.158306793484718,0.157559115348456,0.170513163543253,0.0285074848277671,0.156917929676947
5,928,offset,438,-0.158306793484718,0.056425527134994,0.0667340335219255,0.0285074848277671,-0.00138886380777118
5,929,uncalibrated,438,-0.135584698670208,0.157197993369935,0.170230230476116,0.0269359877471926,0.156556807698425
5,929,offset,438,-0.135584698670208,0.0592282939749201,0.0700580237254889,0.0269359877471926,0.0209721090282174
5,930,uncalibrated,438,-0.103299827241947,0.157411690426243,0.170398744831699,0.0234845236705038,0.156770504754734
5,930,offset,438,-0.103299827241947,0.0710453151890081,0.0855444588085107,0.0234845236705038,0.0534706775127865
5,931,uncalibrated,438,-0.143155563550214,0.157506334418643,0.170567763986199,0.025125284747908,0.156865148747134
5,931,offset,438,-0.143155563550214,0.0579811059993231,0.0683713386300359,0.025125284747908,0.0137095851969199
5,932,uncalibrated,438,-0.16544624568651,0.157374453670226,0.170361922427908,0.0262411405251066,0.156733267998716
5,932,offset,438,-0.16544624568651,0.0564028253470086,0.0673333743099447,0.0262411405251066,-0.00871297768779387
5,933,uncalibrated,438,-0.181180929974209,0.15709867602599,0.170233197215752,0.0153559938131937,0.156457490354481
5,933,offset,438,-0.181180929974209,0.0585081485630008,0.0714957594050516,0.0153559938131937,-0.0247234396197285
5,934,uncalibrated,438,-0.168537112606466,0.15731777197148,0.170319938052025,0.0282083656266503,0.156676586299971
5,934,offset,438,-0.168537112606466,0.0565906473369684,0.0678380474932794,0.0282083656266503,-0.0118605263064953
5,935,uncalibrated,438,-0.179109964857852,0.156939854505824,0.169940848661637,0.0248384492197258,0.156298668834314
5,935,offset,438,-0.179109964857852,0.057690261344959,0.0705051302440644,0.0248384492197258,-0.0228112960235383
5,936,uncalibrated,438,-0.178460069556869,0.157281581201976,0.170275781927234,0.0253946267835894,0.156640395530466
5,936,offset,438,-0.178460069556869,0.0577037870448925,0.070240490983537,0.0253946267835894,-0.0218196740264031
5,937,uncalibrated,438,-0.126095216575816,0.157553621997472,0.170573248931293,0.0197394430083416,0.156912436325963
5,937,offset,438,-0.126095216575816,0.0616049478474981,0.0736438837267323,0.0197394430083416,0.0308172197501466
5,938,uncalibrated,438,-0.189507351117321,0.157315539542817,0.170285625559363,0.0281351034504549,0.156674353871308
5,938,offset,438,-0.189507351117321,0.0599263686640944,0.0743528534711924,0.0281351034504549,-0.0328329972460131
5,939,uncalibrated,438,-0.126469721890275,0.157689888437717,0.170752364211008,0.0254893829644061,0.157048702766208
5,939,offset,438,-0.126469721890275,0.0617573590393369,0.0736691856511985,0.0254893829644061,0.0305789808759326
5,940,uncalibrated,438,-0.140259255957027,0.157672748538124,0.170711306895491,0.0236526150384983,0.157031562866614
5,940,offset,438,-0.140259255957027,0.0584774531097432,0.069027160195857,0.0236526150384983,0.016772306909587
5,941,uncalibrated,438,-0.168277630189537,0.157064684730145,0.170052741024721,0.030139171704873,0.156423499058636
5,941,offset,438,-0.168277630189537,0.0564178651154416,0.0677506021902559,0.030139171704873,-0.0118541311309012
5,942,uncalibrated,438,-0.177399114278602,0.157275845768667,0.170281392549231,0.0213373588972115,0.156634660097157
5,942,offset,438,-0.177399114278602,0.0574035410332917,0.0699463970637996,0.0213373588972115,-0.0207644541814441
5,943,uncalibrated,438,-0.183024074598183,0.157622159316344,0.170501062502653,0.0304118005516389,0.156980973644835
5,943,offset,438,-0.183024074598183,0.0582564797279576,0.0714550861403141,0.0304118005516389,-0.0260431009533484
5,944,uncalibrated,438,-0.143155563550214,0.157629437421818,0.170547230437318,0.0307765405087599,0.157101393418388
5,944,offset,438,-0.143155563550214,0.0575106076986838,0.0678232715706986,0.0307765405087599,0.0139458298681743
5,945,uncalibrated,438,-0.170547880407901,0.157510909393053,0.170476102426302,0.0305411106952095,0.156869723721544
5,945,offset,438,-0.170547880407901,0.0566270463436708,0.0681254963161812,0.0305411106952095,-0.0136781566863574
5,946,uncalibrated,438,-0.0959354820592226,0.157868702771323,0.170788315812758,0.0232643095623291,0.157227517099813
5,946,offset,438,-0.0959354820592226,0.0751354669484647,0.0905807388146243,0.0232643095623291,0.0612920350405908
5,947,uncalibrated,438,-0.175430371660267,0.157316501561639,0.170417564056108,0.0242490653986232,0.15667531589013
5,947,offset,438,-0.175430371660267,0.0574175384201866,0.0696185582045961,0.0242490653986232,-0.0187550557701375
5,948,uncalibrated,438,-0.193620863996908,0.156990972631801,0.170047858906655,0.0204431461949744,0.156349786960291
5,948,offset,438,-0.193620863996908,0.0613544321048628,0.0765516271523912,0.0204431461949744,-0.0372710770366169
5,949,uncalibrated,438,-0.130267938271087,0.157797719462744,0.170716595083798,0.0248478033575662,0.157209858556517
5,949,offset,438,-0.130267938271087,0.0603625524152018,0.0717989086150472,0.0248478033575662,0.0269419202854306
5,950,uncalibrated,438,-0.103309517804245,0.157537199085906,0.170479171069399,0.0301326013115769,0.156896013414397
5,950,offset,438,-0.103309517804245,0.0709763445077218,0.0855470704054532,0.0301326013115769,0.0535864956101519
5,951,uncalibrated,438,-0.154966591215269,0.15720886482047,0.170223013224353,0.0251950480482422,0.156567679148961
5,951,offset,438,-0.154966591215269,0.0566385543001351,0.0668206521941967,0.0251950480482422,0.00160108793369195
5,952,uncalibrated,438,-0.176370319331069,0.157129345312244,0.170148880249822,0.0225326177347701,0.156488159640734
5,952,offset,438,-0.176370319331069,0.0572562814115083,0.0696950329397762,0.0225326177347701,-0.0198821596903352
5,953,uncalibrated,438,-0.127974888395554,0.157605803313941,0.170617422332142,0.017667324372123,0.156964617642432
5,953,offset,438,-0.127974888395554,0.0611127529728899,0.0728890802070993,0.017667324372123,0.0289897292468777
5,954,uncalibrated,438,-0.125592959380601,0.157481455503405,0.170438406214375,0.0298031378989933,0.156840269831895
5,954,offset,438,-0.125592959380601,0.0617290771705784,0.0736666442998054,0.0298031378989933,0.0312473104512943
5,955,uncalibrated,438,-0.120272378408332,0.157406983161234,0.170378913590642,0.0215309387909364,0.156765797489724
5,955,offset,438,-0.120272378408332,0.0634124624018692,0.076060690044124,0.0215309387909364,0.036493419081392
5,956,uncalibrated,438,-0.207858665104493,0.157220219470628,0.170070134708025,0.0359499497948557,0.156632358564402
5,956,offset,438,-0.207858665104493,0.0665130795755662,0.0837513549257446,0.0359499497948557,-0.0512263065400915
5,957,uncalibrated,438,-0.101491577769215,0.158017629770131,0.17099227399556,0.0160069286311413,0.157376444098622
5,957,offset,438,-0.101491577769215,0.0725392456057449,0.0871443107362818,0.0160069286311413,0.0558848663294067
5,958,uncalibrated,438,-0.0876377406353984,0.157838926596178,0.170679255262175,0.0255097335696314,0.157197740924669
5,958,offset,438,-0.0876377406353984,0.0802365761360115,0.0962230329249433,0.0255097335696314,0.0695600002892703
5,959,uncalibrated,438,-0.20404656795635,0.156804559366556,0.169897335045563,0.0288926447456645,0.156163373695046
5,959,offset,438,-0.20404656795635,0.0655698132638305,0.0822855118743958,0.0288926447456645,-0.0478831942613034
5,960,uncalibrated,438,-0.142250362401699,0.157822435126706,0.170693519848577,0.028833665756431,0.157181249455197
5,960,offset,438,-0.142250362401699,0.0578042095988247,0.0682148365548443,0.028833665756431,0.0149308870534972
5,961,uncalibrated,438,-0.133234334279764,0.157318818109912,0.170411051558454,0.020874006274783,0.156677632438403
5,961,offset,438,-0.133234334279764,0.0599464463553319,0.071004466164529,0.020874006274783,0.0234432981586391
5,962,uncalibrated,438,-0.179109964857852,0.157257517218123,0.170316296137584,0.0225264776548666,0.156616331546614
5,962,offset,438,-0.179109964857852,0.0578470481151914,0.070604029364102,0.0225264776548666,-0.0224936333112386
5,963,uncalibrated,438,-0.178790070302609,0.157446685510247,0.170497495048696,0.0212264644384074,0.156805499838737
5,963,offset,438,-0.178790070302609,0.0577782640220402,0.070460998975922,0.0212264644384074,-0.0219845704638714
5,964,uncalibrated,438,-0.160570134561196,0.157288491448044,0.170391382693462,0.0238695453418918,0.156647305776535
5,964,offset,438,-0.160570134561196,0.0566726882999264,0.0671582718272016,0.0238695453418918,-0.00392282878466107
5,965,uncalibrated,438,-0.1865176231278,0.157465778132351,0.170392004216381,0.0274177634721764,0.156824592460842
5,965,offset,438,-0.1865176231278,0.0591187532320524,0.0729462704362258,0.0274177634721764,-0.0296930306669577
5,966,uncalibrated,438,-0.222725764120496,0.157140082009482,0.17002339217001,0.0262890537027159,0.156498896337972
5,966,offset,438,-0.222725764120496,0.0745888552430058,0.0938192269541684,0.0262890537027159,-0.0662268677825243
5,967,uncalibrated,438,-0.145132668861247,0.157229931926073,0.170196119748115,0.0322497112089872,0.156588746254564
5,967,offset,438,-0.145132668861247,0.0573889369429167,0.0676603682592712,0.0322497112089872,0.0114560773933163
5,968,uncalibrated,438,-0.173964490658596,0.157328991250356,0.17034668920092,0.0296139833350477,0.156687805578846
5,968,offset,438,-0.173964490658596,0.056993370483185,0.0690319487769629,0.0296139833350477,-0.0172766850797499
5,969,uncalibrated,438,-0.13714084089819,0.157761659369798,0.170759875686642,0.0245269055700156,0.157120473698288
5,969,offset,438,-0.13714084089819,0.0591024698760832,0.0697945385841165,0.0245269055700156,0.019979632800098
5,970,uncalibrated,438,-0.216815402020311,0.156928179425877,0.169890840507155,0.031768645792547,0.156286993754368
5,970,offset,438,-0.216815402020311,0.0714486524200534,0.0900053413896012,0.031768645792547,-0.0605284082659431
5,971,uncalibrated,438,-0.209834970898173,0.157241885702372,0.170136002715471,0.0319369476977555,0.156600700030862
5,971,offset,438,-0.209834970898173,0.0676415409358933,0.0851843164239572,0.0319369476977555,-0.0532342708673111
5,972,uncalibrated,438,-0.205463375251907,0.156847117549382,0.169914031738361,0.0222550632570887,0.156205931877872
5,972,offset,438,-0.205463375251907,0.0660599919243357,0.0830468587936751,0.0222550632570887,-0.0492574433740352
5,973,uncalibrated,438,-0.185101902315018,0.157199130620033,0.170242113970733,0.0259636573206474,0.156557944948523
5,973,offset,438,-0.185101902315018,0.0590602370665583,0.0727100044344624,0.0259636573206474,-0.0285439573664949
5,974,uncalibrated,438,-0.178359491934101,0.157566145215788,0.170548146558061,0.0254383984346691,0.156924959544279
5,974,offset,438,-0.178359491934101,0.0575703134740774,0.0701474628563762,0.0254383984346691,-0.0214345323898217
5,975,uncalibrated,438,-0.183024074598183,0.157178974866551,0.170221136097891,0.0293951975503958,0.156537789195042
5,975,offset,438,-0.183024074598183,0.0585982165424639,0.0719213392731393,0.0293951975503958,-0.0264862854031413
5,976,uncalibrated,438,-0.0834194823581726,0.157725637658348,0.170646468498382,0.0316199135314883,0.157084451986838
5,976,offset,438,-0.0834194823581726,0.0831865413797088,0.0993540130309596,0.0316199135314883,0.0736649696286656
5,977,uncalibrated,438,-0.114673651340269,0.157608304856304,0.170491280981248,0.0366565045756931,0.156967119184795
5,977,offset,438,-0.114673651340269,0.0656612250261667,0.0788500970688651,0.0366565045756931,0.0422934678445259
5,978,uncalibrated,438,-0.148096591583175,0.157639706013503,0.170551031716852,0.025302299304232,0.157051845107276
5,978,offset,438,-0.148096591583175,0.0569825420118836,0.0671011842947932,0.025302299304232,0.00895525352410162
5,979,uncalibrated,438,-0.0876377406353984,0.158177053294841,0.171033274341174,0.0242290021474523,0.157535867623332
5,979,offset,438,-0.0876377406353984,0.0805718961545626,0.0965431483868662,0.0242290021474523,0.0698981269879333
5,980,uncalibrated,438,-0.12303500959485,0.15807163570131,0.170925247502359,0.032823455465076,0.157483774795084
5,980,offset,438,-0.12303500959485,0.0625309959659206,0.0748399514554563,0.032823455465076,0.034448765200234
5,981,uncalibrated,438,-0.103309517804245,0.157622507763103,0.170630492527529,0.0278082074843043,0.156981322091594
5,981,offset,438,-0.103309517804245,0.0711669669308505,0.0857455075792428,0.0278082074843043,0.053671804287349
5,982,uncalibrated,438,-0.168086252182354,0.157217946204661,0.170271235847139,0.0212403171296034,0.156576760533152
5,982,offset,438,-0.168086252182354,0.0565258244645074,0.0678857880257646,0.0212403171296034,-0.011509491649202
5,983,uncalibrated,438,-0.194209600287967,0.157248105024651,0.170218444183571,0.0245187600758688,0.156606919353141
5,983,offset,438,-0.194209600287967,0.061301650456162,0.0765673113311457,0.0245187600758688,-0.0376026809348259
5,984,uncalibrated,438,-0.187182927143025,0.157274499598081,0.170239613116358,0.0171090739165706,0.156633313926572
5,984,offset,438,-0.187182927143025,0.0593348303450994,0.0733540026860295,0.0171090739165706,-0.0305496132164534
5,985,uncalibrated,438,-0.212205301569857,0.156779877862402,0.16981705388675,0.0263373962544261,0.156138692190893
5,985,offset,438,-0.212205301569857,0.0692156814590334,0.0871894791757932,0.0263373962544261,-0.0560666093789637
5,986,uncalibrated,438,-0.162143351663864,0.157402402266864,0.170434755880879,0.0191816188239045,0.156761216595355
5,986,offset,438,-0.162143351663864,0.0564858149897948,0.0671036091549084,0.0191816188239045,-0.00538213506850956
5,987,uncalibrated,438,-0.176370319331069,0.157490407726453,0.170530203387297,0.0254475383552861,0.156849222054943
5,987,offset,438,-0.176370319331069,0.0573818641613416,0.069713306096727,0.0254475383552861,-0.0195210972761259
5,988,uncalibrated,438,-0.121877285852626,0.157319259062058,0.170282619605112,0.0294335434231035,0.156678073390549
5,988,offset,438,-0.121877285852626,0.0628123432019895,0.0752279646904305,0.0294335434231035,0.0348007875379226
5,989,uncalibrated,438,-0.234468581088721,0.156828719188091,0.169822049552513,0.0248692955650029,0.156187533516581
5,989,offset,438,-0.234468581088721,0.0827489045523934,0.102824633708147,0.0248692955650029,-0.07828104757214
5,990,uncalibrated,438,-0.142822590316644,0.157301215751721,0.170330260911499,0.0299800821137465,0.156660030080211
5,990,offset,438,-0.142822590316644,0.0578257618938883,0.0682752334060969,0.0299800821137465,0.0138374397635676
5,991,uncalibrated,438,-0.123093698956762,0.157673295771873,0.170746804323084,0.0223638854330492,0.157032110100364
5,991,offset,438,-0.123093698956762,0.0628786618225534,0.0751478764498689,0.0223638854330492,0.0339384111436019
5,992,uncalibrated,438,-0.138487577825293,0.157523743286586,0.170437043553563,0.0290695899657797,0.156971196095926
5,992,offset,438,-0.138487577825293,0.0583461385496975,0.0689236792101822,0.0290695899657797,0.0184836182706326
5,993,uncalibrated,438,-0.212430627982343,0.156954519473245,0.170023261649553,0.0195884201066641,0.156313333801736
5,993,offset,438,-0.212430627982343,0.0692513155899483,0.087310949392916,0.0195884201066641,-0.0561172941806077
5,994,uncalibrated,438,-0.121726653761546,0.157592331133043,0.170594051199914,0.0294596789354142,0.156951145461534
5,994,offset,438,-0.121726653761546,0.0630961247011923,0.0755607904844432,0.0294596789354142,0.0352244916999872
5,995,uncalibrated,438,-0.143316245136765,0.157314716482535,0.17039597424034,0.0225689591714602,0.156673530811026
5,995,offset,438,-0.143316245136765,0.0579341907112747,0.0683125893309928,0.0225689591714602,0.013357285674261
5,996,uncalibrated,438,-0.186170334726125,0.157404479075582,0.170426211075276,0.0250425925581084,0.156763293404073
5,996,offset,438,-0.186170334726125,0.0592194773164084,0.0730420244920693,0.0250425925581084,-0.0294070413220521
5,997,uncalibrated,438,-0.222408409411005,0.156695195472479,0.169762889149582,0.0252428184145919,0.156054009800969
5,997,offset,438,-0.222408409411005,0.0749066461422069,0.0941779746281503,0.0252428184145919,-0.0663543996100355
5,998,uncalibrated,438,-0.165999107621908,0.157411966249349,0.170352143915635,0.0387220536257705,0.157156861335137
5,998,offset,438,-0.165999107621908,0.0558483670686825,0.0663306806186819,0.0387220536257705,-0.00884224628677047
5,999,uncalibrated,438,-0.173801635376908,0.157163848375376,0.170277448036051,0.0195974179153852,0.156522662703866
5,999,offset,438,-0.173801635376908,0.0572558228740076,0.0692360330059249,0.0195974179153852,-0.0172789726730424
10,0,uncalibrated,433,-0.145273170510969,0.157601026716834,0.170774530349298,0.0209718237404235,0.156952437053736
10,0,offset,433,-0.145273170510969,0.0580073123861379,0.0683101601951946,0.0209718237404235,0.0116792665427674
10,1,uncalibrated,433,-0.177346766198282,0.156893280050037,0.169994833126118,0.0222889389320641,0.15624469038694
10,1,offset,433,-0.177346766198282,0.0576472187328572,0.0702220593475704,0.0222889389320641,-0.021102075811342
10,2,uncalibrated,433,-0.105816617976426,0.158101585618931,0.170957261942063,0.0238105514819259,0.157452995955834
10,2,offset,433,-0.105816617976426,0.0698712968890969,0.0842689444937556,0.0238105514819259,0.0516363779794083
10,3,uncalibrated,433,-0.158250163734323,0.157421370482796,0.17054142901612,0.023234146033853,0.156772780819699
10,3,offset,433,-0.158250163734323,0.056769447495092,0.0671480220497629,0.023234146033853,-0.00147738291462429
10,4,uncalibrated,433,-0.190794585004698,0.156587497259079,0.169645917439692,0.028846861301626,0.155938907595982
10,4,offset,433,-0.190794585004698,0.0605905752609643,0.0753505982016545,0.028846861301626,-0.0348556774087159
10,5,uncalibrated,433,-0.159089945603538,0.157564783973431,0.17045493621962,0.0309125860155619,0.156916194310334
10,5,offset,433,-0.159089945603538,0.0562667710294312,0.0666101977138696,0.0309125860155619,-0.00217375129320426
10,6,uncalibrated,433,-0.176394229883817,0.157586313890836,0.170645722484057,0.021473066651383,0.156937724227738
10,6,offset,433,-0.176394229883817,0.0576843940605092,0.069778714008423,0.021473066651383,-0.0194565056560789
10,7,uncalibrated,433,-0.171537526180971,0.156722974782806,0.169806056895753,0.0236079724356879,0.156074385119709
10,7,offset,433,-0.171537526180971,0.0569296587492798,0.0686585173119033,0.0236079724356879,-0.015463141061262
10,8,uncalibrated,433,-0.174244164518285,0.157124681449594,0.170225563401833,0.0232417551170037,0.156476091786496
10,8,offset,433,-0.174244164518285,0.0572393914493956,0.0693374324827338,0.0232417551170037,-0.0177680727317886
10,9,uncalibrated,433,-0.161415102066392,0.15714306546807,0.170293296365503,0.0264051685015684,0.156885014769629
10,9,offset,433,-0.161415102066392,0.0564801188561125,0.066388407261196,0.0264051685015684,-0.00453008729676275
10,10,uncalibrated,433,-0.128399215802495,0.1573024195216,0.170219829987248,0.0298983496025018,0.156653829858503
10,10,offset,433,-0.128399215802495,0.0606961446776661,0.0723373439310909,0.0298983496025018,0.0282546140560078
10,11,uncalibrated,433,-0.199450416541942,0.156150822776524,0.169258365546623,0.0320225413339006,0.155502233113426
10,11,offset,433,-0.199450416541942,0.0638890642410967,0.0799930786438316,0.0320225413339006,-0.0439481834285159
10,12,uncalibrated,433,-0.207039870423075,0.156644225305965,0.169753272734668,0.020062608162058,0.155995635642868
10,12,offset,433,-0.207039870423075,0.0669103868886542,0.084184613610832,0.020062608162058,-0.0510442347802069
10,13,uncalibrated,433,-0.180576777660637,0.157124422566203,0.170130485507008,0.0250856149704311,0.156475832903105
10,13,offset,433,-0.180576777660637,0.0579837873746054,0.0709968404531873,0.0250856149704311,-0.0241009447575315
10,14,uncalibrated,433,-0.18091655525711,0.157193202537211,0.170298644901712,0.0272013029676789,0.156544612874114
10,14,offset,433,-0.18091655525711,0.0582072685961045,0.0713400603516242,0.0272013029676789,-0.0243719423829962
10,15,uncalibrated,433,-0.175389930784698,0.157457178616849,0.170224267863229,0.0390295281079214,0.156808588953752
10,15,offset,433,-0.175389930784698,0.0567293080705562,0.0687941426586893,0.0390295281079214,-0.0185813418309463
10,16,uncalibrated,433,-0.126038890735173,0.158005415674553,0.171110378349186,0.0230599475564982,0.157356826011456
10,16,offset,433,-0.126038890735173,0.062193527304488,0.0741512235662474,0.0230599475564982,0.0313179352762822
10,17,uncalibrated,433,-0.194574235135684,0.156893743037669,0.169947323365256,0.0227425842705861,0.156245153374571
10,17,offset,433,-0.194574235135684,0.061689818903508,0.0770627229899227,0.0227425842705861,-0.0383290817611124
10,18,uncalibrated,433,-0.133900145514551,0.157596995513873,0.170602345061551,0.0340241840814474,0.156948405850776
10,18,offset,433,-0.133900145514551,0.0597510480500756,0.0707359904569584,0.0340241840814474,0.0230482603362251
10,19,uncalibrated,433,-0.174941460876712,0.157161851568283,0.17027303164769,0.0142473835107845,0.156513261905186
10,19,offset,433,-0.174941460876712,0.057490343612146,0.0695420928044881,0.0142473835107845,-0.0184281989715264
10,20,uncalibrated,433,-0.179871111992793,0.157185746644253,0.170360419627325,0.0167574447199749,0.156537156981156
10,20,offset,433,-0.179871111992793,0.0582403241250117,0.0711566196241789,0.0167574447199749,-0.0233339550116366
10,21,uncalibrated,433,-0.17412691901175,0.156821603843913,0.169937712307295,0.0209855682922757,0.156173014180816
10,21,offset,433,-0.17412691901175,0.0573261235414408,0.0693625144050711,0.0209855682922757,-0.0179539048309339
10,22,uncalibrated,433,-0.150553084430438,0.157129572871957,0.170234410610428,0.023148485866495,0.15648098320886
10,22,offset,433,-0.150553084430438,0.0571977035612626,0.0672948470077442,0.023148485866495,0.0059278987784212
10,23,uncalibrated,433,-0.168917658219686,0.157347932070774,0.170378040890652,0.028133432089267,0.156699342407676
10,23,offset,433,-0.168917658219686,0.0566534127422547,0.0679947067647228,0.028133432089267,-0.0122183158120093
10,24,uncalibrated,433,-0.213365018141322,0.157056369771861,0.169929935246626,0.0274687778622668,0.156407780108764
10,24,offset,433,-0.213365018141322,0.0693942761055862,0.0875038066524464,0.0274687778622668,-0.0569572380325587
10,25,uncalibrated,433,-0.141745184983253,0.157369342551808,0.170484070482496,0.0158079510623627,0.15672075288871
10,25,offset,433,-0.141745184983253,0.0582372426696913,0.0687582106832883,0.0158079510623627,0.0149755679054574
10,26,uncalibrated,433,-0.171888380453567,0.157238788819123,0.170442504554656,0.0145309699293218,0.156590199156025
10,26,offset,433,-0.171888380453567,0.0572554235971299,0.0690231210403639,0.0145309699293218,-0.0152981812975415
10,27,uncalibrated,433,-0.135353590815108,0.157441640283289,0.170295060507764,0.0402075542358754,0.156793050620192
10,27,offset,433,-0.135353590815108,0.0588901197319673,0.0698283420058831,0.0402075542358754,0.021439459805084
10,28,uncalibrated,433,-0.163098580507986,0.157247879751425,0.170239202399709,0.0309628445570906,0.156688952108216
10,28,offset,433,-0.163098580507986,0.0564542464835253,0.0668658482122327,0.0309628445570906,-0.00640962839977009
10,29,uncalibrated,433,-0.129097644358625,0.157726610292501,0.170590624278191,0.0234796682376678,0.157078020629404
10,29,offset,433,-0.129097644358625,0.0606005372685095,0.0721841948284094,0.0234796682376678,0.0279803762707793
10,30,uncalibrated,433,-0.152649457607039,0.157781430787147,0.170835237840828,0.0172984496220697,0.157247289277904
10,30,offset,433,-0.152649457607039,0.0569762091622472,0.0669261425674391,0.0172984496220697,0.00459783167086481
10,31,uncalibrated,433,-0.139081775786179,0.157720846865561,0.170731767728795,0.0167304695554118,0.157072257202464
10,31,offset,433,-0.139081775786179,0.0586500126133933,0.0692914132538237,0.0167304695554118,0.0179904814162845
10,32,uncalibrated,433,-0.209649210375281,0.156488725525115,0.169640103087929,0.0208089321606108,0.155840135862018
10,32,offset,433,-0.209649210375281,0.0683465547902958,0.0859478512248259,0.0208089321606108,-0.0538090745132628
10,33,uncalibrated,433,-0.178865403775463,0.157144674087943,0.170093729434065,0.0271340507457019,0.156496084424845
10,33,offset,433,-0.178865403775463,0.057668243466335,0.0702939456901557,0.0271340507457019,-0.0223693193506179
10,34,uncalibrated,433,-0.190264775203907,0.156704005884174,0.169841540979706,0.0184700410600159,0.156055416221076
10,34,offset,433,-0.190264775203907,0.060666874431966,0.0752538128764514,0.0184700410600159,-0.0342093589828309
10,35,uncalibrated,433,-0.14083804725089,0.157656008624267,0.170717009800748,0.0191516927008846,0.15700741896117
10,35,offset,433,-0.14083804725089,0.0583934888564044,0.0689522763073517,0.0191516927008846,0.0161693717102796
10,36,uncalibrated,433,-0.109619582616616,0.157898754693101,0.170810775082032,0.0274906505529741,0.157250165030004
10,36,offset,433,-0.109619582616616,0.0681644330139938,0.0819596172709432,0.0274906505529741,0.0476305824133876
10,37,uncalibrated,433,-0.182944419195245,0.156729913633055,0.169870688554083,0.0175542469578776,0.156081323969958
10,37,offset,433,-0.182944419195245,0.0588739380450771,0.0722239366325763,0.0175542469578776,-0.0268630952252874
10,38,uncalibrated,433,-0.196880747365365,0.156479655226253,0.169641716352167,0.0255411058964318,0.155831065563156
10,38,offset,433,-0.196880747365365,0.0628271938009644,0.0786134041269248,0.0255411058964318,-0.0410496818022095
10,39,uncalibrated,433,-0.139981715607417,0.157761066348134,0.170609771160602,0.0408713924791873,0.157112476685036
10,39,offset,433,-0.139981715607417,0.0581355923287086,0.0686791573948424,0.0408713924791873,0.0171307610776193
10,40,uncalibrated,433,-0.168557117717844,0.157360268136089,0.170327844492627,0.00725317902143727,0.156711678472991
10,40,offset,433,-0.168557117717844,0.0562915326705327,0.0677741755433871,0.00725317902143727,-0.0118454392448529
10,41,uncalibrated,433,-0.179770210954155,0.156990824970472,0.170132726496908,0.0159438654373481,0.156342235307375
10,41,offset,433,-0.179770210954155,0.0582719564132794,0.0710712327687591,0.0159438654373481,-0.0234279756467799
10,42,uncalibrated,433,-0.200386638797839,0.156332277809492,0.169524287541665,0.0228482701034563,0.155683688146395
10,42,offset,433,-0.200386638797839,0.0645362547840473,0.0806190244830006,0.0228482701034563,-0.0447029506514438
10,43,uncalibrated,433,-0.164258382513083,0.157227714467498,0.170148051053567,0.0252546443206627,0.156693572958254
10,43,offset,433,-0.164258382513083,0.0561873400295577,0.066743612537113,0.0252546443206627,-0.00756480955482873
10,44,uncalibrated,433,-0.18209450917855,0.157147740400196,0.17001176328202,0.0315712570523349,0.156499150737098
10,44,offset,433,-0.18209450917855,0.0580525222767751,0.0711838313563908,0.0315712570523349,-0.025595358441452
10,45,uncalibrated,433,-0.17718619917362,0.15716070965788,0.170217859650105,0.0255337141588596,0.156512119994782
10,45,offset,433,-0.17718619917362,0.0574748672518082,0.0700392289256141,0.0255337141588596,-0.020674079178837
10,46,uncalibrated,433,-0.191501697579701,0.157123721808447,0.170119985103713,0.025382357269256,0.15647513214535
10,46,offset,433,-0.191501697579701,0.0606350802696044,0.0753870190278781,0.025382357269256,-0.0350265654343511
10,47,uncalibrated,433,-0.168612915806391,0.157254753270366,0.170255212517248,0.0283211551517416,0.156606163607269
10,47,offset,433,-0.168612915806391,0.0565042194260405,0.0678639006238053,0.0283211551517416,-0.0120067521991226
10,48,uncalibrated,433,-0.181040400028565,0.15699669981003,0.170101834889979,0.0275899797692842,0.156348110146933
10,48,offset,433,-0.181040400028565,0.0583406620418924,0.071411566752304,0.0275899797692842,-0.0246922898816315
10,49,uncalibrated,433,-0.191344006441212,0.15702013660143,0.170119240192986,0.0204082741273028,0.156371546938333
10,49,offset,433,-0.191344006441212,0.060948064948068,0.0755749172386726,0.0204082741273028,-0.0349724595028788
10,50,uncalibrated,433,-0.140148202224202,0.157541497657195,0.170643909178857,0.0184017494308414,0.156892907994098
10,50,offset,433,-0.140148202224202,0.0585474127728102,0.0691689549748862,0.0184017494308414,0.0167447057698959
10,51,uncalibrated,433,-0.180411777287767,0.157154830534351,0.170171478462438,0.0201725824434731,0.156506240871253
10,51,offset,433,-0.180411777287767,0.0579850507284807,0.0709619850469424,0.0201725824434731,-0.0239055364165139
10,52,uncalibrated,433,-0.138536615075276,0.157887280017532,0.170892387815856,0.0203825526568044,0.157238690354435
10,52,offset,433,-0.138536615075276,0.0587312868804388,0.0694979862210001,0.0203825526568044,0.0187020752791589
10,53,uncalibrated,433,-0.164656235192093,0.157311003193097,0.170406290353263,0.00937433667618165,0.15666241353
10,53,offset,433,-0.164656235192093,0.0564833149277454,0.0675210571872294,0.00937433667618165,-0.00799382166209271
10,54,uncalibrated,433,-0.128584188393767,0.157765811566649,0.170721347409479,0.029233030302264,0.157117221903552
10,54,offset,433,-0.128584188393767,0.0607157090656291,0.0726229374501507,0.029233030302264,0.0285330335097844
10,55,uncalibrated,433,-0.126851471160801,0.157803827954394,0.170695214059977,0.0244950913479384,0.157155238291297
10,55,offset,433,-0.126851471160801,0.0612915038407414,0.0731942995245288,0.0244950913479384,0.0303037671304961
10,56,uncalibrated,433,-0.103938464694259,0.157561387134903,0.170377640585588,0.0323040531375765,0.156912797471806
10,56,offset,433,-0.103938464694259,0.0705967527878312,0.0849305265161487,0.0323040531375765,0.0529743327775473
10,57,uncalibrated,433,-0.131440499205562,0.157532060377691,0.170600782474356,0.0172573580813848,0.156883470714594
10,57,offset,433,-0.131440499205562,0.0604563514304044,0.0716906437174008,0.0172573580813848,0.0254429715090318
10,58,uncalibrated,433,-0.175008285483012,0.157387606070433,0.170356233844679,0.0264393120220645,0.156739016407336
10,58,offset,433,-0.175008285483012,0.0569509143141201,0.0691946048327704,0.0264393120220645,-0.0182692690756766
10,59,uncalibrated,433,-0.0911171694650213,0.157947867271729,0.170643249181391,0.0403132336750406,0.157388939628521
10,59,offset,433,-0.0911171694650213,0.0776961043327877,0.0934868316630516,0.0403132336750406,0.0662717701634997
10,60,uncalibrated,433,-0.157834912208105,0.157782985867851,0.170617888646704,0.0324124033793537,0.157134396204754
10,60,offset,433,-0.157834912208105,0.0562151677090066,0.0664810963981298,0.0324124033793537,-0.000700516003351524
10,61,uncalibrated,433,-0.191029326484938,0.15667235444313,0.169802038461054,0.0282966198052077,0.156023764780032
10,61,offset,433,-0.191029326484938,0.0607113106671024,0.0755956773874699,0.0282966198052077,-0.0350055617049058
10,62,uncalibrated,433,-0.12417810723653,0.157787608984017,0.170785430890885,0.0278903488297759,0.15713901932092
10,62,offset,433,-0.12417810723653,0.0623287091572418,0.0745748867708132,0.0278903488297759,0.0329609120843895
10,63,uncalibrated,433,-0.156463364401463,0.157759102856371,0.170618599344559,0.0246352208280221,0.157110513193274
10,63,offset,433,-0.156463364401463,0.0563013524732793,0.0665387998689778,0.0246352208280221,0.000647148791811257
10,64,uncalibrated,433,-0.189631574139857,0.156663415131849,0.169783104721029,0.023430148180716,0.156014825468752
10,64,offset,433,-0.189631574139857,0.0602992086426013,0.0749383925226795,0.023430148180716,-0.0336167486711055
10,65,uncalibrated,433,-0.197178512447304,0.156791935478741,0.169758737971946,0.0344666721754077,0.156143345815644
10,65,offset,433,-0.197178512447304,0.0622871380901306,0.0782379037028223,0.0344666721754077,-0.0410351666316598
10,66,uncalibrated,433,-0.113536797733767,0.15785483709628,0.170781651829762,0.0382159537113217,0.157206247433182
10,66,offset,433,-0.113536797733767,0.0664992877076198,0.0797470325888615,0.0382159537113217,0.0436694496994153
10,67,uncalibrated,433,-0.131824917197645,0.15788807930823,0.170828619948291,0.0269781768660666,0.157239489645132
10,67,offset,433,-0.131824917197645,0.0600834100766339,0.0714427097908852,0.0269781768660666,0.0254145724474875
10,68,uncalibrated,433,-0.146864621026397,0.157590511788462,0.170548823596006,0.030688568789642,0.156941922125365
10,68,offset,433,-0.146864621026397,0.0572716648952334,0.0675106384728852,0.030688568789642,0.0100773010989681
10,69,uncalibrated,433,-0.10314688150917,0.157861512128308,0.170707470362763,0.027938681534105,0.15721292246521
10,69,offset,433,-0.10314688150917,0.0711339357215896,0.0857220755246945,0.027938681534105,0.05406604095604
10,70,uncalibrated,433,-0.12883813621196,0.157480225577805,0.170557107622073,0.0225169424727356,0.156831635914708
10,70,offset,433,-0.12883813621196,0.0610638091327769,0.0726443457010366,0.0225169424727356,0.0279934997027476
10,71,uncalibrated,433,-0.129489067969832,0.157757829159086,0.1706383660634,0.0279999543250101,0.157109239495988
10,71,offset,433,-0.129489067969832,0.0605800542914468,0.0720903094244529,0.0279999543250101,0.0276201715261564
10,72,uncalibrated,433,-0.17982985185736,0.157358094671379,0.170454941508256,0.0263678362153924,0.156709505008281
10,72,offset,433,-0.17982985185736,0.0580695533289646,0.0709335503345508,0.0263678362153924,-0.0231203468490785
10,73,uncalibrated,433,-0.17904189321388,0.156935237269986,0.17002347181942,0.0211064840219861,0.156286647606888
10,73,offset,433,-0.17904189321388,0.0578425702341384,0.0707125586580203,0.0211064840219861,-0.0227552456069913
10,74,uncalibrated,433,-0.154409054757004,0.157221216526583,0.170215968778229,0.0208128492821532,0.156572626863485
10,74,offset,433,-0.154409054757004,0.0566064920786112,0.0668069576349555,0.0208128492821532,0.00216357210648188
10,75,uncalibrated,433,-0.172420452574393,0.157177158574814,0.170272315162404,0.0223500583319388,0.156528568911717
10,75,offset,433,-0.172420452574393,0.0569894828501247,0.0688768494602005,0.0223500583319388,-0.0158918836626766
10,76,uncalibrated,433,-0.16316629481321,0.157248832313234,0.170260847730085,0.0306850985186659,0.156654183174834
10,76,offset,433,-0.16316629481321,0.056462428048295,0.0670121687574963,0.0306850985186659,-0.00651211163837566
10,77,uncalibrated,433,-0.166820200966902,0.157099114273797,0.170222833286429,0.0221414901099155,0.1564505246107
10,77,offset,433,-0.166820200966902,0.0567927953184953,0.0678717651813231,0.0221414901099155,-0.0103696763562025
10,78,uncalibrated,433,-0.144945257165439,0.157400615327736,0.170493027853711,0.0168570732570433,0.156752025664639
10,78,offset,433,-0.144945257165439,0.0577237523574808,0.0680887272546065,0.0168570732570433,0.0118067684991998
10,79,uncalibrated,433,-0.174711330646059,0.156902390600002,0.17004203244095,0.0194725285430618,0.156253800936905
10,79,offset,433,-0.174711330646059,0.0572866012804045,0.069568116924231,0.0194725285430618,-0.0184575297091546
10,80,uncalibrated,433,-0.16774682308124,0.157594251300997,0.170698855624035,0.011385002901123,0.156945661637899
10,80,offset,433,-0.16774682308124,0.0569082434727749,0.0679913501331041,0.011385002901123,-0.0108011614433411
10,81,uncalibrated,433,-0.156327569781023,0.157794011371557,0.170656820875888,0.0265345823089369,0.15714542170846
10,81,offset,433,-0.156327569781023,0.0563729630302828,0.0665562606319668,0.0265345823089369,0.000817851927437023
10,82,uncalibrated,433,-0.201360232038837,0.15643257179105,0.169501048475324,0.0241231144002109,0.155783982127952
10,82,offset,433,-0.201360232038837,0.0647011902453065,0.0808650165555625,0.0241231144002109,-0.0455762499108845
10,83,uncalibrated,433,-0.204443505467281,0.156319473885253,0.169442013375038,0.0179266691224599,0.155670884222156
10,83,offset,433,-0.204443505467281,0.065948920495782,0.0828006055847365,0.0179266691224599,-0.0487726212451251
10,84,uncalibrated,433,-0.195181964512377,0.156994856441355,0.170057977437946,0.0305885019714889,0.156346266778258
10,84,offset,433,-0.195181964512377,0.061959471407801,0.0773548445366072,0.0305885019714889,-0.0388356977341189
10,85,uncalibrated,433,-0.147876486438872,0.157572106831184,0.170621308305179,0.0143416900561322,0.156923517168087
10,85,offset,433,-0.147876486438872,0.0572539584535794,0.0675906012133595,0.0143416900561322,0.00904703072921423
10,86,uncalibrated,433,-0.148244660951027,0.157164046002971,0.170223634429163,0.029076126963344,0.156515456339874
10,86,offset,433,-0.148244660951027,0.0571769676569637,0.0674344400240595,0.029076126963344,0.00827079538884681
10,87,uncalibrated,433,-0.166834823011357,0.157194693113437,0.170365354497791,0.0268235594445911,0.156936642414996
10,87,offset,433,-0.166834823011357,0.0564673641460444,0.0670314721588566,0.0268235594445911,-0.00989818059636069
10,88,uncalibrated,433,-0.174503974982385,0.157061079829923,0.170122736003896,0.0324871910169314,0.156412490166826
10,88,offset,433,-0.174503974982385,0.0571545425318763,0.0693121926366174,0.0324871910169314,-0.0180914848155594
10,89,uncalibrated,433,-0.180258939012421,0.156894825394333,0.169959419116803,0.0175801140910354,0.156246235731235
10,89,offset,433,-0.180258939012421,0.0579769500956009,0.0710628446180592,0.0175801140910354,-0.0240127032811856
10,90,uncalibrated,433,-0.172404544247748,0.157073069548327,0.170077690020829,0.0272547374070308,0.156424479885229
10,90,offset,433,-0.172404544247748,0.0568534065857808,0.0686524958940818,0.0272547374070308,-0.015980064362519
10,91,uncalibrated,433,-0.18087159792806,0.156973493754872,0.16987641765908,0.036099670777207,0.156324904091775
10,91,offset,433,-0.18087159792806,0.0577029808473102,0.0708735621771045,0.036099670777207,-0.0245466938362845
10,92,uncalibrated,433,-0.174977713458144,0.156659432369638,0.169728221043097,0.0334817072457938,0.156010842706541
10,92,offset,433,-0.174977713458144,0.0573506458043612,0.0694840137193975,0.0334817072457938,-0.0189668707516036
10,93,uncalibrated,433,-0.205442434760424,0.156583598952267,0.169670683688955,0.0287270512185921,0.15593500928917
10,93,offset,433,-0.205442434760424,0.0660106069283548,0.0832069646018648,0.0287270512185921,-0.0495074254712546
10,94,uncalibrated,433,-0.192175560400862,0.156600801487856,0.169721123222282,0.0199096142949012,0.155952211824758
10,94,offset,433,-0.192175560400862,0.0612621491491866,0.0761334241766679,0.0199096142949012,-0.0362233485761035
10,95,uncalibrated,433,-0.122039199123581,0.157652968593185,0.170442645585841,0.0368230871901982,0.157004378930087
10,95,offset,433,-0.122039199123581,0.0625175842889551,0.0749858935399158,0.0368230871901982,0.0349651798065063
10,96,uncalibrated,433,-0.16963752874379,0.157195322522578,0.170240041937018,0.016126862702157,0.15654673285948
10,96,offset,433,-0.16963752874379,0.0566113557164681,0.0681627555680144,0.016126862702157,-0.0130907958843097
10,97,uncalibrated,433,-0.11310520404167,0.157950171237946,0.170799352984679,0.0286820476493107,0.157301581574849
10,97,offset,433,-0.11310520404167,0.066269542719829,0.0798871153634397,0.0286820476493107,0.0441963775331785
10,98,uncalibrated,433,-0.105806304409124,0.158155787229514,0.171014799634981,0.0310648444020916,0.157561138091114
10,98,offset,433,-0.105806304409124,0.0698638990891076,0.0842562298413354,0.0310648444020916,0.0517548336819899
10,99,uncalibrated,433,-0.129339198813485,0.157983191581415,0.171050667672429,0.0181565228497571,0.157334601918318
10,99,offset,433,-0.129339198813485,0.0611480733190524,0.0727179245123933,0.0181565228497571,0.027995403104833
10,100,uncalibrated,433,-0.154636585916177,0.157333072240035,0.170368308462558,0.012048103725417,0.156684482576938
10,100,offset,433,-0.154636585916177,0.0566787001422448,0.0669292710906352,0.012048103725417,0.00204789666076096
10,101,uncalibrated,433,-0.12657894864111,0.157584985218964,0.170491783092349,0.0297707149860463,0.156936395555867
10,101,offset,433,-0.12657894864111,0.061394311610827,0.0732119555477331,0.0297707149860463,0.0303574469147564
10,102,uncalibrated,433,-0.202914978161183,0.15679619738428,0.169722547658425,0.0339921857130702,0.156147607721182
10,102,offset,433,-0.202914978161183,0.0646155823722369,0.0813071628117123,0.0339921857130702,-0.0467673704400002
10,103,uncalibrated,433,-0.184726019545092,0.157149137711384,0.169938680519692,0.0402994957335896,0.156500548048287
10,103,offset,433,-0.184726019545092,0.0583760883245392,0.0719959084849735,0.0402994957335896,-0.0282254714968051
10,104,uncalibrated,433,-0.183472207242351,0.156944593939654,0.170075643428986,0.0102195464920517,0.156296004276556
10,104,offset,433,-0.183472207242351,0.0588530683651412,0.0723590322116352,0.0102195464920517,-0.0271762029657949
10,105,uncalibrated,433,-0.149727762225492,0.15715641968104,0.17032977397412,0.0195343148704242,0.156507830017942
10,105,offset,433,-0.149727762225492,0.057384777738121,0.0675536850543325,0.0195343148704242,0.00678006779245079
10,106,uncalibrated,433,-0.152602275937816,0.15732175514005,0.170486755919195,0.0185157161753597,0.156673165476953
10,106,offset,433,-0.152602275937816,0.0572897646147948,0.0673485360265712,0.0185157161753597,0.00407088953913697
10,107,uncalibrated,433,-0.178122374971897,0.1572577926977,0.170350906575706,0.0223049744852222,0.156609203034603
10,107,offset,433,-0.178122374971897,0.0577442204422708,0.0703974819353277,0.0223049744852222,-0.0215131719372937
10,108,uncalibrated,433,-0.164685167683504,0.156748746072782,0.16968779992664,0.0335176942261335,0.156100156409685
10,108,offset,433,-0.164685167683504,0.0562211313939674,0.0670849687440256,0.0335176942261335,-0.0085850112738198
10,109,uncalibrated,433,-0.126447576295414,0.157834325909453,0.170736109289455,0.0321336249841024,0.157185736246356
10,109,offset,433,-0.126447576295414,0.0614247741153223,0.0734050258031528,0.0321336249841024,0.030738159950942
10,110,uncalibrated,433,-0.180239561830244,0.156564151329733,0.169657453909368,0.0202466389529969,0.155915561666635
10,110,offset,433,-0.180239561830244,0.0580758459588012,0.0711733537297917,0.0202466389529969,-0.0243240001636091
10,111,uncalibrated,433,-0.152896167405699,0.157475049246888,0.170538837617222,0.0317348094719343,0.156826459583791
10,111,offset,433,-0.152896167405699,0.0568272450919084,0.0671148560815876,0.0317348094719343,0.0039302921780913
10,112,uncalibrated,433,-0.158334082986284,0.157701012234286,0.170568721876806,0.0369050483862186,0.157052422571189
10,112,offset,433,-0.158334082986284,0.0562618633181537,0.0665572543050532,0.0369050483862186,-0.00128166041509541
10,113,uncalibrated,433,-0.144334243029002,0.15737871034615,0.170437632845465,0.0271033030315633,0.156730120683052
10,113,offset,433,-0.144334243029002,0.0576733411365282,0.0681051667897207,0.0271033030315633,0.01239587765405
10,114,uncalibrated,433,-0.223102483400823,0.156285618908263,0.169353131088556,0.0295534995103259,0.155637029245165
10,114,offset,433,-0.223102483400823,0.0757070994396522,0.0949167300409483,0.0295534995103259,-0.067465454155658
10,115,uncalibrated,433,-0.164382026613184,0.157267821486471,0.170265511521344,0.0230181148025839,0.156619231823373
10,115,offset,433,-0.164382026613184,0.0562655236412362,0.0672385426643832,0.0230181148025839,-0.00776279478981059
10,116,uncalibrated,433,-0.150301844842455,0.157841253769142,0.17071871144339,0.0211608040179556,0.157192664106045
10,116,offset,433,-0.150301844842455,0.0568387852993401,0.066953925786762,0.0211608040179556,0.00689081926358995
10,117,uncalibrated,433,-0.1501904296496,0.157284631760123,0.170427198117934,0.0241990169799467,0.156636042097026
10,117,offset,433,-0.1501904296496,0.0572724589085009,0.0674694456352702,0.0241990169799467,0.00644561244742619
10,118,uncalibrated,433,-0.173548855003787,0.156923693091317,0.170043725796458,0.0269754412749295,0.156275103428219
10,118,offset,433,-0.173548855003787,0.0573567898078402,0.0692195292149172,0.0269754412749295,-0.0172737515755682
10,119,uncalibrated,433,-0.166400380795776,0.157491121553192,0.170476932580203,0.0227830051828348,0.156842531890095
10,119,offset,433,-0.166400380795776,0.0564505602824187,0.0674844960562304,0.0227830051828348,-0.00955784890568153
10,120,uncalibrated,433,-0.223132424979621,0.156914755960341,0.169817034280623,0.0325495062266507,0.156266166297244
10,120,offset,433,-0.223132424979621,0.074956956683358,0.0942857728016633,0.0325495062266507,-0.0668662586823773
10,121,uncalibrated,433,-0.189754808666239,0.156907807800752,0.169912791944954,0.0296637690809453,0.156259218137655
10,121,offset,433,-0.189754808666239,0.060287491324333,0.0746683882134627,0.0296637690809453,-0.0334955905285837
10,122,uncalibrated,433,-0.110100130789007,0.157823137433185,0.170701329662334,0.0359475009595868,0.157174547770088
10,122,offset,433,-0.110100130789007,0.0677481458098564,0.081554314514107,0.0359475009595868,0.0470744169810807
10,123,uncalibrated,433,-0.182880929720123,0.157255729226609,0.170296115572558,0.0230490779763673,0.156997678528168
10,123,offset,433,-0.182880929720123,0.0581338570291631,0.0708691654256898,0.0230490779763673,-0.0258832511919552
10,124,uncalibrated,433,-0.182344879829095,0.157295490000527,0.170261331155969,0.0324018381352967,0.15664690033743
10,124,offset,433,-0.182344879829095,0.0583177086081197,0.0714916474256396,0.0324018381352967,-0.0256979794916652
10,125,uncalibrated,433,-0.156671799046405,0.157614289264912,0.170559585129094,0.0217441650129244,0.156965699601815
10,125,offset,433,-0.156671799046405,0.0566043053686734,0.066726513511932,0.0217441650129244,0.000293900555409776
10,126,uncalibrated,433,-0.155935494208657,0.157080872023551,0.170146724688242,0.0235624468810735,0.156432282360453
10,126,offset,433,-0.155935494208657,0.0566838179564396,0.0669260469182489,0.0235624468810735,0.000496788151796673
10,127,uncalibrated,433,-0.134502214925214,0.157375835194636,0.170465800752745,0.0263028789217447,0.156727245531538
10,127,offset,433,-0.134502214925214,0.0597585056911823,0.0706336443900748,0.0263028789217447,0.0222250306063245
10,128,uncalibrated,433,-0.184246196724709,0.157170515569751,0.170041941131296,0.0301429893484838,0.156521925906654
10,128,offset,433,-0.184246196724709,0.0585323046392682,0.0719984975299077,0.0301429893484838,-0.0277242708180555
10,129,uncalibrated,433,-0.190794585004698,0.157039043387526,0.170095515741002,0.0204334028278228,0.156390453724428
10,129,offset,433,-0.190794585004698,0.0604330267344392,0.0752207066452778,0.0204334028278228,-0.0344041312802695
10,130,uncalibrated,433,-0.107136212025999,0.158104695166192,0.171024630919475,0.0278601132699264,0.157570553656949
10,130,offset,433,-0.107136212025999,0.069289160381728,0.0834539862267384,0.0278601132699264,0.0504343416309499
10,131,uncalibrated,433,-0.117827707003067,0.157819311473284,0.170653977465326,0.0284383023979934,0.157170721810187
10,131,offset,433,-0.117827707003067,0.0642675210196407,0.0772529419796689,0.0284383023979934,0.0393430148071196
10,132,uncalibrated,433,-0.159026419276767,0.157308323395688,0.170316198934567,0.0195807305107651,0.156659733732591
10,132,offset,433,-0.159026419276767,0.0563696814954187,0.0668650629762479,0.0195807305107651,-0.00236668554417634
10,133,uncalibrated,433,-0.197366565606098,0.156560229915656,0.169637724045164,0.0187803791692874,0.155911640252559
10,133,offset,433,-0.197366565606098,0.0627623134926368,0.0786576677066356,0.0187803791692874,-0.0414549253535397
10,134,uncalibrated,433,-0.147647924565471,0.157373583666499,0.170320545240207,0.0278529493466782,0.156724994003402
10,134,offset,433,-0.147647924565471,0.0570271520265727,0.0672960442755451,0.0278529493466782,0.00907706943793129
10,135,uncalibrated,433,-0.124382063205695,0.157938918442235,0.171028986849008,0.00717845807755546,0.157290328779138
10,135,offset,433,-0.124382063205695,0.0626442621322646,0.0747905124878884,0.00717845807755546,0.032908265573443
10,136,uncalibrated,433,-0.221503024009491,0.156156337570481,0.169141943016627,0.0377491538834119,0.155507747907383
10,136,offset,433,-0.221503024009491,0.0744387827313441,0.0937107981825304,0.0377491538834119,-0.0659952761021072
10,137,uncalibrated,433,-0.198448761495421,0.1563808055779,0.169499845539637,0.0209041186524546,0.155732215914803
10,137,offset,433,-0.198448761495421,0.063426275766954,0.0793875168434387,0.0209041186524546,-0.0427165455806182
10,138,uncalibrated,433,-0.110764195150453,0.158110416127226,0.170986180639104,0.0294574180820341,0.157461826464128
10,138,offset,433,-0.110764195150453,0.0675743227015251,0.0813800709414586,0.0294574180820341,0.0466976313136748
10,139,uncalibrated,433,-0.180760864015568,0.156709623574681,0.169758260182665,0.023900720935153,0.156061033911584
10,139,offset,433,-0.180760864015568,0.0580076185409049,0.071224309065505,0.023900720935153,-0.024699830103984
10,140,uncalibrated,433,-0.13418151372971,0.157773468342434,0.170795876577213,0.0217104613789972,0.157124878679337
10,140,offset,433,-0.13418151372971,0.0595652185540982,0.0707771287280993,0.0217104613789972,0.0229433649496269
10,141,uncalibrated,433,-0.169058516661694,0.156576268299158,0.169681065812513,0.0319256468304884,0.155927678636061
10,141,offset,433,-0.169058516661694,0.0568909668827635,0.0681956159712275,0.0319256468304884,-0.0131308380256336
10,142,uncalibrated,433,-0.122746670205339,0.157627625945891,0.170597775246079,0.0206527577857561,0.156979036282794
10,142,offset,433,-0.122746670205339,0.0627853655935609,0.075053567362903,0.0206527577857561,0.0342323660774548
10,143,uncalibrated,433,-0.167935613199304,0.157060471534554,0.170136149140587,0.0296503950289423,0.156411881871456
10,143,offset,433,-0.167935613199304,0.0564998087011963,0.0679295873499459,0.0296503950289423,-0.0115237313278473
10,144,uncalibrated,433,-0.159924368169386,0.156918921662655,0.16995481243096,0.027461088390691,0.156270331999558
10,144,offset,433,-0.159924368169386,0.056429820084032,0.0669146739177685,0.027461088390691,-0.00365403616982838
10,145,uncalibrated,433,-0.208703462145546,0.156802856146431,0.169793642150687,0.0287234382216519,0.156154266483333
10,145,offset,433,-0.208703462145546,0.0673630890985452,0.0848948993673548,0.0287234382216519,-0.0525491956622128
10,146,uncalibrated,433,-0.148797380629791,0.157831237830082,0.170835965021052,0.0182295459262144,0.157182648166984
10,146,offset,433,-0.148797380629791,0.0572794141856533,0.067445198283929,0.0182295459262144,0.00838526753719321
10,147,uncalibrated,433,-0.176886065662686,0.157086025839213,0.170180330512814,0.0224777720922993,0.156437436176115
10,147,offset,433,-0.176886065662686,0.0575658576963464,0.0700486966614914,0.0224777720922993,-0.0204486294865706
10,148,uncalibrated,433,-0.170729616443663,0.156903253630464,0.170038992658177,0.0185905117114293,0.156254663967367
10,148,offset,433,-0.170729616443663,0.0570652948677047,0.068609498335464,0.0185905117114293,-0.0144749524762961
10,149,uncalibrated,433,-0.139597825202523,0.157467840288509,0.170549601743622,0.0252793295780876,0.156819250625412
10,149,offset,433,-0.139597825202523,0.0585598548496731,0.0692204217105645,0.0252793295780876,0.0172214254228889
10,150,uncalibrated,433,-0.185507993927429,0.157038006543659,0.170192092594594,0.0255099176884579,0.156389416880562
10,150,offset,433,-0.185507993927429,0.059364392382942,0.0731818980262127,0.0255099176884579,-0.0291185770468673
10,151,uncalibrated,433,-0.145361092543658,0.157391953601924,0.170374748833418,0.0325541624277294,0.156743363938827
10,151,offset,433,-0.145361092543658,0.0574167826897601,0.0677394198624706,0.0325541624277294,0.0113822713951682
10,152,uncalibrated,433,-0.135187587588977,0.157843556997462,0.170868870104685,0.0176039144019552,0.157194967334364
10,152,offset,433,-0.135187587588977,0.0595865336669954,0.070499913325177,0.0176039144019552,0.0220073797453875
10,153,uncalibrated,433,-0.173552080765081,0.157143045182914,0.169971233180753,0.0396346168288362,0.156494455519817
10,153,offset,433,-0.173552080765081,0.0563817651018829,0.0684884521620253,0.0396346168288362,-0.0170576252452638
10,154,uncalibrated,433,-0.157809819061972,0.157187380157625,0.170284098746966,0.0233042872602304,0.156538790494528
10,154,offset,433,-0.157809819061972,0.0565954003810388,0.0670365338468222,0.0233042872602304,-0.00127102856744353
10,155,uncalibrated,433,-0.155712523736337,0.157603389035709,0.170524050826685,0.0323934841423933,0.156954799372611
10,155,offset,433,-0.155712523736337,0.0564449882130833,0.0666722289488025,0.0323934841423933,0.00124227563627439
10,156,uncalibrated,433,-0.196921822925382,0.156850388499608,0.169892781389827,0.0190590888590746,0.15620179883651
10,156,offset,433,-0.196921822925382,0.0625027859405795,0.0782475275673825,0.0190590888590746,-0.040720024088872
10,157,uncalibrated,433,-0.182751757632246,0.156917202467942,0.169985585314747,0.0199365197290115,0.156268612804845
10,157,offset,433,-0.182751757632246,0.0585157753260351,0.0719484317188061,0.0199365197290115,-0.0264831448274011
10,158,uncalibrated,433,-0.0849503843813266,0.15839083040223,0.171130233181889,0.0339248555747771,0.157742240739133
10,158,offset,433,-0.0849503843813266,0.0823982308414543,0.0984966829263843,0.0339248555747771,0.072791856357806
10,159,uncalibrated,433,-0.173882796422774,0.157178451351148,0.170280206964618,0.0218592372818675,0.15652986168805
10,159,offset,433,-0.173882796422774,0.0571474878813103,0.0692450404559092,0.0218592372818675,-0.0173529347347239
10,160,uncalibrated,433,-0.120290899394735,0.157606817299975,0.170629184482791,0.0204495886672754,0.156958227636878
10,160,offset,433,-0.120290899394735,0.0636738219853411,0.0763081013704939,0.0204495886672754,0.0366673282421432
10,161,uncalibrated,433,-0.11421375589402,0.158369401788006,0.171338179178532,0.0125830503644803,0.157720812124908
10,161,offset,433,-0.11421375589402,0.0665788476096786,0.0798359631291051,0.0125830503644803,0.0435070562308887
10,162,uncalibrated,433,-0.165233186272594,0.157209500541371,0.170339508244708,0.0304166682527377,0.156560910878273
10,162,offset,433,-0.165233186272594,0.0565710639484191,0.0676715421320453,0.0304166682527377,-0.00867227539432061
10,163,uncalibrated,433,-0.148725937029418,0.157726957578981,0.170722466987204,0.0283943229684383,0.157078367915883
10,163,offset,433,-0.148725937029418,0.0572599123203532,0.0673966628906245,0.0283943229684383,0.00835243088646553
10,164,uncalibrated,433,-0.189717009024982,0.156680255015594,0.169827104111708,0.0212336072621724,0.156031665352497
10,164,offset,433,-0.189717009024982,0.0604593135584076,0.0750337729067971,0.0212336072621724,-0.0336853436724848
10,165,uncalibrated,433,-0.161588760223416,0.157081372495093,0.170244938911008,0.020112714034682,0.156432782831996
10,165,offset,433,-0.161588760223416,0.0568048550682662,0.0673699323371437,0.020112714034682,-0.0051559773914202
10,166,uncalibrated,433,-0.178344485522558,0.157097535146775,0.170207874103743,0.0223800599955797,0.156448945483678
10,166,offset,433,-0.178344485522558,0.0578007900344806,0.0705256161799046,0.0223800599955797,-0.0218955400388806
10,167,uncalibrated,433,-0.1706930493588,0.156965858653318,0.170103513119098,0.0236094532120484,0.15631726899022
10,167,offset,433,-0.1706930493588,0.0569980781433717,0.068605973880587,0.0236094532120484,-0.0143757803685798
10,168,uncalibrated,433,-0.111180859512317,0.158322217569748,0.170994896133342,0.0419939818972479,0.157788076060504
10,168,offset,433,-0.111180859512317,0.0668759890974056,0.080711896218256,0.0419939818972479,0.0466072165481872
10,169,uncalibrated,433,-0.183096768670985,0.157142590696385,0.170182192580824,0.0236398267613484,0.156494001033288
10,169,offset,433,-0.183096768670985,0.0586004206028871,0.0719674479066416,0.0236398267613484,-0.0266027676376976
10,170,uncalibrated,433,-0.161855890983889,0.157253875342069,0.170329844663146,0.0173329678339327,0.156605285678972
10,170,offset,433,-0.161855890983889,0.0564959498093444,0.0671908426532009,0.0173329678339327,-0.00525060530491734
10,171,uncalibrated,433,-0.159288634451279,0.157574345808419,0.17047998453474,0.0313244772649535,0.157015418165211
10,171,offset,433,-0.159288634451279,0.0562088974936331,0.0664435933529528,0.0313244772649535,-0.00227321628606822
10,172,uncalibrated,433,-0.162483441093014,0.157336799662392,0.170423720060863,0.0187968557793857,0.156688209999295
10,172,offset,433,-0.162483441093014,0.056565980762756,0.0672802638968499,0.0187968557793857,-0.00579523109371918
10,173,uncalibrated,433,-0.193833791586248,0.156899502961431,0.169842039493371,0.033556277890924,0.156250913298334
10,173,offset,433,-0.193833791586248,0.0611067516865414,0.0764489582212126,0.033556277890924,-0.0375828782879143
10,174,uncalibrated,433,-0.133330435537015,0.157285560885258,0.170178893194812,0.0301801639338796,0.156636971222161
10,174,offset,433,-0.133330435537015,0.0594314103708667,0.0704904925575229,0.0301801639338796,0.0233065356851458
10,175,uncalibrated,433,-0.196896427819848,0.157045392202811,0.169829087631226,0.0424492548916125,0.156396802539713
10,175,offset,433,-0.196896427819848,0.061962093686226,0.0776026984636469,0.0424492548916125,-0.0404996252801349
10,176,uncalibrated,433,-0.1647019143557,0.157566404304437,0.170584197256083,0.0237951064811235,0.15691781464134
10,176,offset,433,-0.1647019143557,0.0564542463990262,0.0673525055959442,0.0237951064811235,-0.00778409971436027
10,177,uncalibrated,433,-0.0881139152687588,0.158567617932992,0.171373990497113,0.0270555584935179,0.157919028269895
10,177,offset,433,-0.0881139152687588,0.0806182057618689,0.0964540249564433,0.0270555584935179,0.0698051130011359
10,178,uncalibrated,433,-0.186226350983503,0.157038555152519,0.170187878656729,0.0203492955890235,0.156389965489421
10,178,offset,433,-0.186226350983503,0.0595033097663537,0.0734595305950584,0.0203492955890235,-0.0298363854940812
10,179,uncalibrated,433,-0.12589387079463,0.157950444650412,0.170870450434635,0.0201300136985598,0.157355795512012
10,179,offset,433,-0.12589387079463,0.0615694117172381,0.0736594675343171,0.0201300136985598,0.0314619247173817
10,180,uncalibrated,433,-0.140148202224202,0.157474630825825,0.170438839070969,0.0293356938550503,0.156826041162728
10,180,offset,433,-0.140148202224202,0.0582772005299797,0.0687978269187743,0.0293356938550503,0.0166778389385258
10,181,uncalibrated,433,-0.156924583510544,0.157466908118606,0.170467748418421,0.0185998959598606,0.156818318455508
10,181,offset,433,-0.156924583510544,0.056452085869924,0.0668377104626938,0.0185998959598606,-0.000106265055036075
10,182,uncalibrated,433,-0.134625390063015,0.157365496138837,0.170254302222384,0.0272338963728211,0.156716906475739
10,182,offset,433,-0.134625390063015,0.0591594862741494,0.0701025944407116,0.0272338963728211,0.0220915164127244
10,183,uncalibrated,433,-0.234367855697829,0.156091364263993,0.169074649576167,0.0408143325245804,0.155442774600896
10,183,offset,433,-0.234367855697829,0.0833585605041086,0.103213126005543,0.0408143325245804,-0.0789250810969329
10,184,uncalibrated,433,-0.184175268234425,0.156918590322787,0.170086026985191,0.020874857283838,0.156270000659689
10,184,offset,433,-0.184175268234425,0.0591631470358869,0.0727162115889255,0.020874857283838,-0.0279052675747361
10,185,uncalibrated,433,-0.18122018303988,0.156956961525136,0.170109427364466,0.0169552230158378,0.156308371862039
10,185,offset,433,-0.18122018303988,0.058514958163326,0.0715926567482005,0.0169552230158378,-0.0249118111778415
10,186,uncalibrated,433,-0.14641380760742,0.157410404487551,0.170409547393909,0.0236449246622191,0.156761814824453
10,186,offset,433,-0.14641380760742,0.0571892834611435,0.0676182557398846,0.0236449246622191,0.0103480072170328
10,187,uncalibrated,433,-0.132099217060088,0.157490728628006,0.170578736765095,0.0244197052352352,0.156842138964909
10,187,offset,433,-0.132099217060088,0.0603235998429527,0.0714832922134671,0.0244197052352352,0.0247429219048208
10,188,uncalibrated,433,-0.150903669672475,0.157437090084082,0.170472605161619,0.0369862020498887,0.157179039385641
10,188,offset,433,-0.150903669672475,0.0565368716774611,0.0662950899647413,0.0369862020498887,0.00627536971316628
10,189,uncalibrated,433,-0.176705914017744,0.157014037135575,0.170107445115356,0.0225062980651937,0.156365447472478
10,189,offset,433,-0.176705914017744,0.0574336054025076,0.0700008878492605,0.0225062980651937,-0.0203404665452669
10,190,uncalibrated,433,-0.146039580732149,0.157119768436447,0.170189331382505,0.0277163705311626,0.15647117877335
10,190,offset,433,-0.146039580732149,0.0574839377406856,0.0677495163628181,0.0277163705311626,0.0104315980412001
10,191,uncalibrated,433,-0.18155411172623,0.156892128195603,0.170078562011334,0.0208365698852869,0.156243538532506
10,191,offset,433,-0.18155411172623,0.0586295202586512,0.0718004111275107,0.0208365698852869,-0.025310573193724
10,192,uncalibrated,433,-0.15107015628926,0.15730076193454,0.170394073601582,0.0252065283781026,0.156652172271443
10,192,offset,433,-0.15107015628926,0.0570911996491015,0.067271064683152,0.0252065283781026,0.0055820159821828
10,193,uncalibrated,433,-0.117022828079616,0.158318290707095,0.171262134930284,0.0151781074582472,0.157669701043998
10,193,offset,433,-0.117022828079616,0.065310178505692,0.078250575175891,0.0151781074582472,0.0406468729643815
10,194,uncalibrated,433,-0.138536853289819,0.157661609931837,0.1704198069255,0.0335548022119345,0.157127468422593
10,194,offset,433,-0.138536853289819,0.057860574996544,0.0685527550915842,0.0335548022119345,0.0185906151327747
10,195,uncalibrated,433,-0.136087609829691,0.157607805790266,0.170611082121341,0.0283142869444585,0.156959216127169
10,195,offset,433,-0.136087609829691,0.0591684136959269,0.070054048882249,0.0283142869444585,0.0208716062974777
10,196,uncalibrated,433,-0.159309783088952,0.157211460529765,0.170391707991551,0.0157440183528864,0.156562870866667
10,196,offset,433,-0.159309783088952,0.0569338999141051,0.0672974527379907,0.0157440183528864,-0.00274691222228464
10,197,uncalibrated,433,-0.175550504968463,0.157380145724244,0.170366551317361,0.0261880240305382,0.156731556061147
10,197,offset,433,-0.175550504968463,0.0572135586655379,0.0693839605413137,0.0261880240305382,-0.0188189489073158
10,198,uncalibrated,433,-0.102770112804239,0.158308204452108,0.171072794670375,0.0307984016668999,0.157659614789011
10,198,offset,433,-0.102770112804239,0.0714667720017707,0.0861522162747378,0.0307984016668999,0.0548895019847715
10,199,uncalibrated,433,-0.171712681402166,0.157046089792608,0.170192608006342,0.0151931824355442,0.156397500129511
10,199,offset,433,-0.171712681402166,0.0570853451995899,0.0688469356664077,0.0151931824355442,-0.0153151812726556
10,200,uncalibrated,433,-0.180614707757781,0.156926366349362,0.16993649079513,0.0313130203766904,0.156277776686264
10,200,offset,433,-0.180614707757781,0.0578900518617396,0.0710489523620248,0.0313130203766904,-0.0243369310715164
10,201,uncalibrated,433,-0.189512452048474,0.156738721412494,0.169792591267854,0.0269623585712511,0.156090131749397
10,201,offset,433,-0.189512452048474,0.0601317572726921,0.0747157701832922,0.0269623585712511,-0.0334223202990766
10,202,uncalibrated,433,-0.16045266062384,0.157174255195455,0.17030642945565,0.0228541105198193,0.156525665532358
10,202,offset,433,-0.16045266062384,0.0567457647879707,0.0672266110556923,0.0228541105198193,-0.00392699509148192
10,203,uncalibrated,433,-0.159796521462473,0.157279546709182,0.170464296222032,0.0140898101974389,0.156630957046084
10,203,offset,433,-0.159796521462473,0.0570230117869279,0.0673412234769661,0.0140898101974389,-0.00316556441638868
10,204,uncalibrated,433,-0.123325532076451,0.158445123183568,0.171418873693964,0.0199868517765898,0.15779653352047
10,204,offset,433,-0.123325532076451,0.0632162459221044,0.0753188834754197,0.0199868517765898,0.0344710014440196
10,205,uncalibrated,433,-0.158358020080931,0.157345551566064,0.170307860556577,0.0261567629028166,0.156696961902967
10,205,offset,433,-0.158358020080931,0.056367333974008,0.0667352126842277,0.0261567629028166,-0.00166105817796377
10,206,uncalibrated,433,-0.191411297485927,0.156837541325192,0.169900260083454,0.0304308597033305,0.156188951662095
10,206,offset,433,-0.191411297485927,0.0607845853133512,0.0755759445885714,0.0304308597033305,-0.0352223458238319
10,207,uncalibrated,433,-0.143129521495532,0.157496597339497,0.17056759760325,0.0137398565964705,0.1568480076764
10,207,offset,433,-0.143129521495532,0.0579663783602531,0.0684120216276559,0.0137398565964705,0.0137184861808682
10,208,uncalibrated,433,-0.143728263812579,0.157878982604379,0.170728047263423,0.032257714049554,0.157230392941281
10,208,offset,433,-0.143728263812579,0.0574336518347879,0.0678894479939263,0.032257714049554,0.0135021291287024
10,209,uncalibrated,433,-0.137748763451751,0.1578105470631,0.170757175792042,0.0289473064746475,0.157161957400003
10,209,offset,433,-0.137748763451751,0.0589453497020694,0.0695341954001515,0.0289473064746475,0.0194131939482517
10,210,uncalibrated,433,-0.183412137295723,0.156755811904034,0.169804478678729,0.0274016704529739,0.156107222240937
10,210,offset,433,-0.183412137295723,0.0585546781819218,0.0721779365853782,0.0274016704529739,-0.027304915054787
10,211,uncalibrated,433,-0.152024775627162,0.157368990188959,0.170493078761604,0.0222954436558914,0.156720400525862
10,211,offset,433,-0.152024775627162,0.057120705287853,0.0672952810961752,0.0222954436558914,0.0046956248986992
10,212,uncalibrated,433,-0.140034990347515,0.157686438448921,0.170710800309519,0.0317176675201485,0.157037848785823
10,212,offset,433,-0.140034990347515,0.0584483323156378,0.0690679997257084,0.0317176675201485,0.017002858438308
10,213,uncalibrated,433,-0.154461705742523,0.157733453909539,0.170781942536803,0.0180071562118653,0.157084864246442
10,213,offset,433,-0.154461705742523,0.056899884536418,0.0670648811365354,0.0180071562118653,0.0026231585039186
10,214,uncalibrated,433,-0.224408655170181,0.156604275299794,0.169509499034292,0.0328086287244926,0.155955685636696
10,214,offset,433,-0.224408655170181,0.0757860332135564,0.0953787367204908,0.0328086287244926,-0.068452969533485
10,215,uncalibrated,433,-0.159874774862361,0.157311647163011,0.170389025422136,0.019589371226494,0.156663057499914
10,215,offset,433,-0.159874774862361,0.0566125700419667,0.0670777275069766,0.019589371226494,-0.00321171736244671
10,216,uncalibrated,433,-0.173662388191836,0.157237961500674,0.170193530435352,0.0304797049744288,0.156589371837576
10,216,offset,433,-0.173662388191836,0.0568913397335651,0.0688265524125329,0.0304797049744288,-0.0170730163542595
10,217,uncalibrated,433,-0.165340232135165,0.157546669649103,0.170657103770298,0.0239959170291171,0.156898079986005
10,217,offset,433,-0.165340232135165,0.0567390359555686,0.0676617284502918,0.0239959170291171,-0.00844215214915995
10,218,uncalibrated,433,-0.105047703756934,0.158224342045437,0.171088070783065,0.0290743563957712,0.15757575238234
10,218,offset,433,-0.105047703756934,0.0705687821113444,0.084854028294498,0.0290743563957712,0.0525280486254057
10,219,uncalibrated,433,-0.0754934839617451,0.158598352657907,0.171184825269014,0.0357898539602598,0.157949762994809
10,219,offset,433,-0.0754934839617451,0.0894258881868293,0.105617965916055,0.0357898539602598,0.0824562790330641
10,220,uncalibrated,433,-0.140372751745825,0.157437574209873,0.170474053834128,0.0234821819756681,0.156788984546775
10,220,offset,433,-0.140372751745825,0.0583575059482474,0.0689065312928119,0.0234821819756681,0.0164162328009502
10,221,uncalibrated,433,-0.150712901668031,0.157138521389443,0.170188817031682,0.0270010863360912,0.156489931726346
10,221,offset,433,-0.150712901668031,0.0569943958125579,0.0671454301290982,0.0270010863360912,0.00577703005831489
10,222,uncalibrated,433,-0.181149606414669,0.157784240089902,0.170428163028411,0.0422881339899784,0.157250098580659
10,222,offset,433,-0.181149606414669,0.0573266146612898,0.0699238995216921,0.0422881339899784,-0.0238995078340102
10,223,uncalibrated,433,-0.186024506834505,0.156942399539531,0.16994484862323,0.031620997099614,0.156293809876433
10,223,offset,433,-0.186024506834505,0.0592460112064735,0.0730575862556014,0.031620997099614,-0.0297306969580713
10,224,uncalibrated,433,-0.12810468988262,0.157556063949651,0.170555911629549,0.0260538791839758,0.156907474286554
10,224,offset,433,-0.12810468988262,0.0610900147949002,0.0727939825412826,0.0260538791839758,0.0288027844039344
10,225,uncalibrated,433,-0.123066054060444,0.157991528942255,0.170782339995189,0.0398084453871825,0.157432601299046
10,225,offset,433,-0.123066054060444,0.0621709929307072,0.0745831299393573,0.0398084453871825,0.034366547238602
10,226,uncalibrated,433,-0.18423683085478,0.156895962278792,0.169949678753063,0.0293761182504772,0.156247372615694
10,226,offset,433,-0.18423683085478,0.0588277012056079,0.0724780079160508,0.0293761182504772,-0.0279894582390858
10,227,uncalibrated,433,-0.154089014626737,0.157601593283526,0.170603558669935,0.0299928094950633,0.156953003620428
10,227,offset,433,-0.154089014626737,0.0566636011938964,0.0669293008952567,0.0299928094950633,0.00286398899369123
10,228,uncalibrated,433,-0.171611126375511,0.157344682273648,0.170344807563685,0.0301695189591763,0.156696092610551
10,228,offset,433,-0.171611126375511,0.0566062130136614,0.0684554326310516,0.0301695189591763,-0.0149150337649595
10,229,uncalibrated,433,-0.16117923769163,0.157042565729453,0.170137731018315,0.0152868943208802,0.156393976066356
10,229,offset,433,-0.16117923769163,0.0564464924552412,0.0671615254073279,0.0152868943208802,-0.00478526162527472
10,230,uncalibrated,433,-0.163499780012646,0.157599260892785,0.170564181958895,0.0218046948256489,0.156950671229688
10,230,offset,433,-0.163499780012646,0.0564135799468948,0.0670933513375844,0.0218046948256489,-0.00654910878295748
10,231,uncalibrated,433,-0.142081746793183,0.15741128439345,0.170473079490038,0.0280884887875692,0.156762694730353
10,231,offset,433,-0.142081746793183,0.0581906549635542,0.0685715582733011,0.0280884887875692,0.0146809479371697
10,232,uncalibrated,433,-0.176439700787639,0.157105553973144,0.169985600452633,0.0288966056184569,0.156510904834744
10,232,offset,433,-0.176439700787639,0.0570625670531945,0.0692574756772444,0.0288966056184569,-0.0199287959528951
10,233,uncalibrated,433,-0.126372260249874,0.158127110048749,0.171085883974715,0.0254747422147083,0.157478520385651
10,233,offset,433,-0.126372260249874,0.0617712222312895,0.0737461506262547,0.0254747422147083,0.0311062601357773
10,234,uncalibrated,433,-0.192347705713933,0.156812732066007,0.169951041952206,0.0201580964861674,0.15616414240291
10,234,offset,433,-0.192347705713933,0.0612474427373705,0.0761929625496153,0.0201580964861674,-0.0361835633110238
10,235,uncalibrated,433,-0.185103500870604,0.15693527062822,0.170008921922531,0.0200052548550037,0.156286680965123
10,235,offset,433,-0.185103500870604,0.0592825372301138,0.0728554458886374,0.0200052548550037,-0.028816819905481
10,236,uncalibrated,433,-0.0901605380891183,0.158600821915492,0.1713267699614,0.0304980442847528,0.157952232252394
10,236,offset,433,-0.0901605380891183,0.0788865428848989,0.094866581204444,0.0304980442847528,0.0677916941632761
10,237,uncalibrated,433,-0.180063715418192,0.157002184770919,0.170138170890148,0.0169233686890001,0.156353595107822
10,237,offset,433,-0.180063715418192,0.0581431996895099,0.0711527954182877,0.0169233686890001,-0.0237101203103696
10,238,uncalibrated,433,-0.187152673920431,0.156636964218532,0.169809251552256,0.0175909040014123,0.155988374555434
10,238,offset,433,-0.187152673920431,0.0599726497417215,0.0739866371124007,0.0175909040014123,-0.0311642993649964
10,239,uncalibrated,433,-0.198275385249367,0.156604319354173,0.169708799818006,0.0263268921955845,0.155955729691075
10,239,offset,433,-0.198275385249367,0.0633568950335356,0.0791823235246643,0.0263268921955845,-0.0423196555582913
10,240,uncalibrated,433,-0.186676630934575,0.156949569633776,0.170034010529065,0.0234241590405024,0.156300979970679
10,240,offset,433,-0.186676630934575,0.0595061924489293,0.0735135944454088,0.0234241590405024,-0.0303756509638964
10,241,uncalibrated,433,-0.16582943911064,0.15727383691241,0.170380759564453,0.0185311581440548,0.156625247249313
10,241,offset,433,-0.16582943911064,0.0566672573417545,0.0676967672911474,0.0185311581440548,-0.00920419186132691
10,242,uncalibrated,433,-0.190253780042971,0.15672010603623,0.169929337086613,0.0223529432199083,0.156071516373133
10,242,offset,433,-0.190253780042971,0.0609355290632079,0.0754061571045815,0.0223529432199083,-0.0341822636698376
10,243,uncalibrated,433,-0.143890608159548,0.157294548900919,0.170247610431019,0.0309013588606877,0.156645959237822
10,243,offset,433,-0.143890608159548,0.057628346949481,0.0678895521642672,0.0309013588606877,0.0127553510782737
10,244,uncalibrated,433,-0.190696263715496,0.156569956286941,0.169671118255991,0.021976825643882,0.155921366623844
10,244,offset,433,-0.190696263715496,0.0607084106146571,0.0754062946187294,0.021976825643882,-0.0347748970916526
10,245,uncalibrated,433,-0.122698967943828,0.157966067031412,0.17103230132287,0.0203625967612678,0.157317477368315
10,245,offset,433,-0.122698967943828,0.0631949922434358,0.0755096060447929,0.0203625967612678,0.0346185094244865
10,246,uncalibrated,433,-0.122946996878308,0.157657000800569,0.170529412102808,0.0196587026782573,0.157008411137471
10,246,offset,433,-0.122946996878308,0.0624243688179874,0.0747584053170638,0.0196587026782573,0.0340614142591631
10,247,uncalibrated,433,-0.201061816175477,0.156810679178996,0.169900734281575,0.0214006384465366,0.156162089515899
10,247,offset,433,-0.201061816175477,0.0642794843956863,0.0805955753224191,0.0214006384465366,-0.0448997266595787
10,248,uncalibrated,433,-0.127912919970608,0.157740033395915,0.170794159623309,0.0150904503913868,0.157091443732818
10,248,offset,433,-0.127912919970608,0.0613355640310823,0.0731047844967288,0.0150904503913868,0.0291785237622097
10,249,uncalibrated,433,-0.200475095606271,0.157000735211568,0.170065621763027,0.0266322127509526,0.156352145548471
10,249,offset,433,-0.200475095606271,0.0640163703901211,0.0801446006281001,0.0266322127509526,-0.0441229500577998
10,250,uncalibrated,433,-0.16562039575358,0.157192456922422,0.170155382639727,0.0319487084715873,0.156543867259325
10,250,offset,433,-0.16562039575358,0.0563393931986825,0.0672997417103061,0.0319487084715873,-0.0090765284942553
10,251,uncalibrated,433,-0.170430075178812,0.157619787669562,0.170539970685038,0.0283652095282736,0.156971198006464
10,251,offset,433,-0.170430075178812,0.0564779428059061,0.0680078375807469,0.0283652095282736,-0.0134588771723482
10,252,uncalibrated,433,-0.197867423526823,0.157114725107443,0.170100984249116,0.0276655875862903,0.156466135444345
10,252,offset,433,-0.197867423526823,0.0626832044764874,0.0785287205837333,0.0276655875862903,-0.0414012880824776
10,253,uncalibrated,433,-0.175181322972451,0.156916788684634,0.169866073027326,0.02629120243707,0.156268199021537
10,253,offset,433,-0.175181322972451,0.0569826613301458,0.0692274439646069,0.02629120243707,-0.0189131239509138
10,254,uncalibrated,433,-0.161441920843689,0.157399069312979,0.170326299880074,0.0382320656446178,0.156750479649882
10,254,offset,433,-0.161441920843689,0.056235075782515,0.0668007872771254,0.0382320656446178,-0.00469144119380779
10,255,uncalibrated,433,-0.107467020188157,0.158227644674958,0.170936769726807,0.0273643479462358,0.157579055011861
10,255,offset,433,-0.107467020188157,0.0687728205445005,0.0830628478946902,0.0273643479462358,0.050112034823704
10,256,uncalibrated,433,-0.184886963053666,0.156790419525586,0.169797797072515,0.0237230488643129,0.156141829862488
10,256,offset,433,-0.184886963053666,0.0587081603288179,0.0726450517244729,0.0237230488643129,-0.0287451331911781
10,257,uncalibrated,433,-0.166323585268421,0.157264974696513,0.170183717158224,0.0317979327209903,0.156616385033415
10,257,offset,433,-0.166323585268421,0.0559858844140833,0.0672906773725582,0.0317979327209903,-0.00970720023500521
10,258,uncalibrated,433,-0.140514876251364,0.157846565171957,0.170895530438457,0.0203896493257409,0.15719797550886
10,258,offset,433,-0.140514876251364,0.058445233578927,0.0690825927466043,0.0203896493257409,0.0166830992574958
10,259,uncalibrated,433,-0.155738911126611,0.157767840762187,0.170793680168829,0.0238633974227074,0.157173191623788
10,259,offset,433,-0.155738911126611,0.0568727365447223,0.0668515234003609,0.0238633974227074,0.00143428049717688
10,260,uncalibrated,433,-0.198345907597916,0.156639710117557,0.16972502353722,0.0272976789320903,0.15599112045446
10,260,offset,433,-0.198345907597916,0.06311386359964,0.0791661666877952,0.0272976789320903,-0.0423547871434563
10,261,uncalibrated,433,-0.148885754267011,0.157115043545478,0.170201975420385,0.0164771863894203,0.156466453882381
10,261,offset,433,-0.148885754267011,0.0572977718387691,0.0674123746290903,0.0164771863894203,0.00758069961536997
10,262,uncalibrated,433,-0.195525872133274,0.157018627815445,0.170043241827274,0.0242639811769354,0.156370038152348
10,262,offset,433,-0.195525872133274,0.0619888882801371,0.0774357449380051,0.0242639811769354,-0.0391558339809259
10,263,uncalibrated,433,-0.208577973755826,0.156661153635925,0.169598236095282,0.0333933860071831,0.156012563972828
10,263,offset,433,-0.208577973755826,0.0671628532242435,0.0847747832489702,0.0333933860071831,-0.0525654097829981
10,264,uncalibrated,433,-0.127912919970608,0.157647983428556,0.17067623002973,0.0138778447819735,0.156999393765459
10,264,offset,433,-0.127912919970608,0.0612543606397477,0.0729903336905535,0.0138778447819735,0.0290864737948505
10,265,uncalibrated,433,-0.19009058097858,0.157288648333408,0.17022593843889,0.036438318329744,0.15664005867031
10,265,offset,433,-0.19009058097858,0.0600720638655227,0.0745633930280701,0.036438318329744,-0.0334505223082696
10,266,uncalibrated,433,-0.174012401027002,0.15734900733285,0.170184010450521,0.035708992058034,0.156700417669753
10,266,offset,433,-0.174012401027002,0.0564909904149004,0.0686096296660293,0.035708992058034,-0.0173119833572487
10,267,uncalibrated,433,-0.1897059869132,0.156878720488872,0.169925304470608,0.0295977649057592,0.156230130825774
10,267,offset,433,-0.1897059869132,0.0602944913255047,0.0747488345218591,0.0295977649057592,-0.0334758560874255
10,268,uncalibrated,433,-0.167112111040425,0.156919989698042,0.169838548528602,0.0342360819330124,0.156271400034945
10,268,offset,433,-0.167112111040425,0.0561473137016674,0.0673936429681968,0.0342360819330124,-0.01084071100548
10,269,uncalibrated,433,-0.137219101427673,0.157497462735729,0.17047145897602,0.0245392892110366,0.156848873072632
10,269,offset,433,-0.137219101427673,0.0588671572903982,0.0696008424955599,0.0245392892110366,0.0196297716449589
10,270,uncalibrated,433,-0.12126308916544,0.157945259080884,0.171022974383493,0.0155241422152113,0.157296669417786
10,270,offset,433,-0.12126308916544,0.0637185386038104,0.0761907767571048,0.0155241422152113,0.0360335802523465
10,271,uncalibrated,433,-0.141392544129868,0.15740467999294,0.170444199022784,0.0214674433010539,0.156756090329842
10,271,offset,433,-0.141392544129868,0.0581633202485924,0.0686643406497099,0.0214674433010539,0.0153635461999737
10,272,uncalibrated,433,-0.138470180813715,0.157804423607066,0.17085644695914,0.0178684996032182,0.157155833943968
10,272,offset,433,-0.138470180813715,0.0588831450758244,0.069592549585292,0.0178684996032182,0.0186856531302535
10,273,uncalibrated,433,-0.10650773053843,0.157731361577726,0.170617326776637,0.0439970352565452,0.157473310879285
10,273,offset,433,-0.10650773053843,0.0690417408826404,0.083125922169935,0.0439970352565452,0.0509655803408548
10,274,uncalibrated,433,-0.109134178394377,0.157778506873276,0.170693992847465,0.0156061084335386,0.157129917210178
10,274,offset,433,-0.109134178394377,0.0682551053497218,0.0821597179657256,0.0156061084335386,0.0479957388158014
10,275,uncalibrated,433,-0.175757848434015,0.157581802797194,0.170485798606491,0.0272776468540757,0.156987153658794
10,275,offset,433,-0.175757848434015,0.0570799546166826,0.0690853102688824,0.0272776468540757,-0.0187706947752211
10,276,uncalibrated,433,-0.139684250698366,0.157804666167528,0.17088793835703,0.0152098873174153,0.157156076504431
10,276,offset,433,-0.139684250698366,0.0586970994511959,0.0693535852760839,0.0152098873174153,0.0174718258060648
10,277,uncalibrated,433,-0.131877705394245,0.157548505340351,0.170583136580904,0.0237713811521888,0.156899915677254
10,277,offset,433,-0.131877705394245,0.0601668147358157,0.0714642144971658,0.0237713811521888,0.025022210283009
10,278,uncalibrated,433,-0.180475624398553,0.156897601008486,0.170067116682911,0.0165507968736576,0.156249011345389
10,278,offset,433,-0.180475624398553,0.0583877149604884,0.07138626906104,0.0165507968736576,-0.0242266130531649
10,279,uncalibrated,433,-0.164041732955396,0.157563610090271,0.170585014720453,0.0265022776764348,0.156915020427173
10,279,offset,433,-0.164041732955396,0.0563572675314436,0.0672882875616316,0.0265022776764348,-0.00712671252822283
10,280,uncalibrated,433,-0.165193020408095,0.157276897783506,0.17013701395789,0.0375079113834938,0.156628308120409
10,280,offset,433,-0.165193020408095,0.0560574950618924,0.0669890357477728,0.0375079113834938,-0.00856471228768624
10,281,uncalibrated,433,-0.147752482944897,0.157579876355258,0.170528823697018,0.0251687586249278,0.15693128669216
10,281,offset,433,-0.147752482944897,0.0571043830119541,0.0673565246049872,0.0251687586249278,0.00917880374726376
10,282,uncalibrated,433,-0.162759524284439,0.15728851355974,0.17036321605595,0.0123552656032307,0.156639923896643
10,282,offset,433,-0.162759524284439,0.0564614777290954,0.0672681881388714,0.0123552656032307,-0.00611960038779654
10,283,uncalibrated,433,-0.188500277825722,0.156722328778442,0.169747011827603,0.0262486236958284,0.156073739115345
10,283,offset,433,-0.188500277825722,0.0598953406531618,0.0742059053963448,0.0262486236958284,-0.0324265387103775
10,284,uncalibrated,433,-0.169460813113022,0.157035895264728,0.170122515004219,0.0248360241490739,0.156387305601631
10,284,offset,433,-0.169460813113022,0.056699925717743,0.0682319379519103,0.0248360241490739,-0.013073507511391
10,285,uncalibrated,433,-0.148509355099714,0.157950440735485,0.170888973315204,0.0251145813186661,0.157301851072388
10,285,offset,433,-0.148509355099714,0.0572071582482304,0.0673533728580417,0.0251145813186661,0.0087924959726733
10,286,uncalibrated,433,-0.189479376842088,0.157112330669959,0.170009656552448,0.0284742195589803,0.156463741006861
10,286,offset,433,-0.189479376842088,0.0597453443663329,0.074245628024979,0.0284742195589803,-0.0330156358352262
10,287,uncalibrated,433,-0.179504948649786,0.157084486366603,0.170220730986949,0.0186865906736078,0.156435896703506
10,287,offset,433,-0.179504948649786,0.0581902596012902,0.0709583584787696,0.0186865906736078,-0.02306905194628
10,288,uncalibrated,433,-0.0985300935974338,0.158196314284234,0.171005494978006,0.0317450169782732,0.157547724621136
10,288,offset,433,-0.0985300935974338,0.0738313734875363,0.0889082366883139,0.0317450169782732,0.0590176310237025
10,289,uncalibrated,433,-0.153407493862896,0.157587714018579,0.170644876992216,0.0141921753203804,0.156939124355482
10,289,offset,433,-0.153407493862896,0.0569598771150355,0.0670988651480741,0.0141921753203804,0.00353163049258637
10,290,uncalibrated,433,-0.149887776827643,0.157710563921536,0.170562175737574,0.0288118331956425,0.157061974258438
10,290,offset,433,-0.149887776827643,0.0566520990290489,0.0668914130748691,0.0288118331956425,0.00717419743079482
10,291,uncalibrated,433,-0.204560169159076,0.156845895323065,0.169881511460455,0.020131195481888,0.156197305659968
10,291,offset,433,-0.204560169159076,0.0655043300059189,0.0824687589726469,0.020131195481888,-0.0483628634991078
10,292,uncalibrated,433,-0.138112005937437,0.157547289524486,0.170526776926078,0.0227774654552405,0.156898699861388
10,292,offset,433,-0.138112005937437,0.0587311790886016,0.0693910620987643,0.0227774654552405,0.0187866939239508
10,293,uncalibrated,433,-0.138621768869696,0.157786240356605,0.170913945019694,0.0138037884995925,0.157137650693508
10,293,offset,433,-0.138621768869696,0.0590203562782357,0.0697292852138422,0.0138037884995925,0.0185158818238118
10,294,uncalibrated,433,-0.150874003380785,0.157226187678426,0.170365962578199,0.0203334016243317,0.156577598015329
10,294,offset,433,-0.150874003380785,0.057251383184126,0.0673835884819279,0.0203334016243317,0.00570359463454382
10,295,uncalibrated,433,-0.162632558639339,0.15754435323986,0.170592917434096,0.020288694824755,0.156895763576763
10,295,offset,433,-0.162632558639339,0.056529850241636,0.0672203367139057,0.020288694824755,-0.00573679506257602
10,296,uncalibrated,433,-0.105033381054544,0.157876582029621,0.170736397424148,0.0307551700649356,0.157227992366523
10,296,offset,433,-0.105033381054544,0.0701963516865392,0.0845845924017939,0.0307551700649356,0.0521946113119793
10,297,uncalibrated,433,-0.134972207045655,0.157615915367591,0.170624726783829,0.0326716748666502,0.156967325704494
10,297,offset,433,-0.134972207045655,0.0594739623994186,0.0704119400105691,0.0326716748666502,0.0219951186588384
10,298,uncalibrated,433,-0.157750166416145,0.157142540350473,0.170216984554927,0.026596809859611,0.156493950687376
10,298,offset,433,-0.157750166416145,0.056563631951332,0.0669704659322793,0.026596809859611,-0.00125621572876948
10,299,uncalibrated,433,-0.149689268936017,0.157580295779947,0.170565869824196,0.0295662094931659,0.15693170611685
10,299,offset,433,-0.149689268936017,0.0569589815202127,0.0672131568999502,0.0295662094931659,0.00724243718083323
10,300,uncalibrated,433,-0.115337421839377,0.157922471798032,0.170863784339676,0.0258842642878504,0.157273882134934
10,300,offset,433,-0.115337421839377,0.0656061652229863,0.0788544577002661,0.0258842642878504,0.0419364602955574
10,301,uncalibrated,433,-0.121176200571231,0.157958661969829,0.170863085556249,0.0323652536982496,0.157700611271388
10,301,offset,433,-0.121176200571231,0.0627617548431078,0.0752246222152453,0.0323652536982496,0.0365244107001568
10,302,uncalibrated,433,-0.199230146216917,0.156417487837947,0.169573755306846,0.0213508213316303,0.15576889817485
10,302,offset,433,-0.199230146216917,0.0638177979825533,0.0798760848541882,0.0213508213316303,-0.0434612480420669
10,303,uncalibrated,433,-0.147883397490486,0.157642181110123,0.170482069661263,0.0390619736947692,0.157083253466914
10,303,offset,433,-0.147883397490486,0.0567657222130869,0.0668851620781773,0.0390619736947692,0.00919985597642841
10,304,uncalibrated,433,-0.200523827684236,0.156672721495328,0.169730065637707,0.0279989154749621,0.156024131832231
10,304,offset,433,-0.200523827684236,0.0639225947940431,0.0802806850886309,0.0279989154749621,-0.0444996958520049
10,305,uncalibrated,433,-0.209943393782658,0.156599770234592,0.169663577340729,0.0334629358621639,0.155951180571495
10,305,offset,433,-0.209943393782658,0.0683417611337142,0.08590761224624,0.0334629358621639,-0.0539922132111635
10,306,uncalibrated,433,-0.14045869176588,0.157742776403046,0.170641034640078,0.0226216708673829,0.157094186739949
10,306,offset,433,-0.14045869176588,0.0580408360096814,0.0686769167084746,0.0226216708673829,0.0166354949740689
10,307,uncalibrated,433,-0.164447940226011,0.157449544926337,0.170450486170972,0.0245294494817441,0.15680095526324
10,307,offset,433,-0.164447940226011,0.0564143103223521,0.0672703875674662,0.0245294494817441,-0.00764698496277053
10,308,uncalibrated,433,-0.178328245449635,0.157062660655024,0.170024342860369,0.0319143424525145,0.156414070991927
10,308,offset,433,-0.178328245449635,0.0573607756242165,0.070165138088623,0.0319143424525145,-0.021914174457708
10,309,uncalibrated,433,-0.117199795692417,0.157918605504363,0.170954031598662,0.0193799965012863,0.157270015841266
10,309,offset,433,-0.117199795692417,0.0651970477707572,0.078083580731814,0.0193799965012863,0.0400702201488485
10,310,uncalibrated,433,-0.166216763304001,0.157270655150375,0.170462176318359,0.0161766015575293,0.156622065487277
10,310,offset,433,-0.166216763304001,0.056843971909649,0.0679627867577875,0.0161766015575293,-0.00959469781672374
10,311,uncalibrated,433,-0.147147967865365,0.157332170416025,0.170442110926922,0.0138077030698799,0.156683580752927
10,311,offset,433,-0.147147967865365,0.0574116833605239,0.0677620587999481,0.0138077030698799,0.00953561288756272
10,312,uncalibrated,433,-0.157271795806164,0.157158013193509,0.170287035195331,0.0256240334458208,0.156509423530411
10,312,offset,433,-0.157271795806164,0.056961122094159,0.0671048128920793,0.0256240334458208,-0.000762372275752634
10,313,uncalibrated,433,-0.171552734124545,0.15739288292705,0.170490891054973,0.0295032377407965,0.156744293263952
10,313,offset,433,-0.171552734124545,0.0570214462896823,0.0686852268149733,0.0295032377407965,-0.0148084408605923
10,314,uncalibrated,433,-0.165143649053119,0.157160350139216,0.17030539562407,0.0135622563047661,0.156511760476119
10,314,offset,433,-0.165143649053119,0.0567608746166698,0.0676942103266058,0.0135622563047661,-0.0086318885770005
10,315,uncalibrated,433,-0.192559612154086,0.156942699647892,0.17011790668022,0.0203331082467886,0.156294109984794
10,315,offset,433,-0.192559612154086,0.0615081733553962,0.0763376709424115,0.0203331082467886,-0.0362655021692915
10,316,uncalibrated,433,-0.203036348377614,0.156383104698798,0.169500361406455,0.0202314139156742,0.155734515035701
10,316,offset,433,-0.203036348377614,0.0651875665590229,0.0819426432391588,0.0202314139156742,-0.0473018333419129
10,317,uncalibrated,433,-0.130997276555846,0.157664076132432,0.170743071201316,0.0210004245642619,0.157015486469335
10,317,offset,433,-0.130997276555846,0.0605455527960665,0.0719463732175441,0.0210004245642619,0.0260182099134887
10,318,uncalibrated,433,-0.183230494146775,0.157123412721089,0.170062831713729,0.0368465763040067,0.156474823057992
10,318,offset,433,-0.183230494146775,0.058296009983962,0.0717834410910578,0.0368465763040067,-0.0267556710887831
10,319,uncalibrated,433,-0.180013955257261,0.157474745614493,0.170498502449689,0.0204283778426306,0.156826155951396
10,319,offset,433,-0.180013955257261,0.0579499675068931,0.0708023317677046,0.0204283778426306,-0.0231877993058654
10,320,uncalibrated,433,-0.182469973834151,0.157221984142525,0.170347039372068,0.0116000015669019,0.156573394479428
10,320,offset,433,-0.182469973834151,0.0586272687234153,0.0719271769659681,0.0116000015669019,-0.0258965793547231
10,321,uncalibrated,433,-0.132796595830444,0.157932934219459,0.17093469195999,0.02341825159814,0.157284344556362
10,321,offset,433,-0.132796595830444,0.0600168249081362,0.0712737939960819,0.02341825159814,0.0244877487259177
10,322,uncalibrated,433,-0.181823024050727,0.156738533282343,0.169761036316299,0.0325127727722165,0.156089943619246
10,322,offset,433,-0.181823024050727,0.0582387705411198,0.0715327224465665,0.0325127727722165,-0.0257330804314813
10,323,uncalibrated,433,-0.197489360737478,0.156699317632939,0.169732990059343,0.0329641249738823,0.156050727969842
10,323,offset,433,-0.197489360737478,0.0626556719880605,0.078578740765034,0.0329641249738823,-0.0414386327676361
10,324,uncalibrated,433,-0.146170596863485,0.157490749815748,0.17052841360879,0.0183943586357514,0.156842160152651
10,324,offset,433,-0.146170596863485,0.0573511004372099,0.0677817004036875,0.0183943586357514,0.010671563289166
10,325,uncalibrated,433,-0.11707895235439,0.158197590175382,0.171060121170722,0.0243501578508688,0.157549000512285
10,325,offset,433,-0.11707895235439,0.0649403182146236,0.0779596196144163,0.0243501578508688,0.0404700481578943
10,326,uncalibrated,433,-0.159300629383225,0.15755251858859,0.170493272714345,0.0247584253867243,0.156903928925493
10,326,offset,433,-0.159300629383225,0.0563720331663245,0.0667447174065191,0.0247584253867243,-0.00239670045773207
10,327,uncalibrated,433,-0.152577697710857,0.157810002217251,0.170836206174266,0.0238866054002821,0.157161412554154
10,327,offset,433,-0.152577697710857,0.0570441783796453,0.0671290561959871,0.0238866054002821,0.00458371484329747
10,328,uncalibrated,433,-0.169364782775278,0.157633887008759,0.170671233006837,0.0228687451381093,0.157099745499516
10,328,offset,433,-0.169364782775278,0.0566997772174985,0.0678142380288783,0.0228687451381093,-0.0122650372757618
10,329,uncalibrated,433,-0.182182628984175,0.157201063119204,0.170119547352283,0.0316982309025957,0.156552473456107
10,329,offset,433,-0.182182628984175,0.0581394122855741,0.0713364445323259,0.0316982309025957,-0.0256301555280679
10,330,uncalibrated,433,-0.206806120690335,0.156979175656766,0.169903918499691,0.0307625585869671,0.156330585993668
10,330,offset,433,-0.206806120690335,0.0662031999008339,0.0835216678912744,0.0307625585869671,-0.0504755346966663
10,331,uncalibrated,433,-0.138047408099802,0.157851263592916,0.170703016189296,0.0272008625355388,0.157202673929819
10,331,offset,433,-0.138047408099802,0.0584921740527472,0.0692370078387045,0.0272008625355388,0.019155265830017
10,332,uncalibrated,433,-0.165764933087259,0.157487211955216,0.170477813110185,0.0248978887751466,0.156838622292119
10,332,offset,433,-0.165764933087259,0.0563302280346902,0.0674092749163851,0.0248978887751466,-0.0089263107951404
10,333,uncalibrated,433,-0.165945950534969,0.157447657998838,0.170473933883038,0.0243156419379609,0.15679906833574
10,333,offset,433,-0.165945950534969,0.0564874971651661,0.0675209579061844,0.0243156419379609,-0.00914688219922821
10,334,uncalibrated,433,-0.122994489065146,0.158098979280453,0.171082199462037,0.0175983700045646,0.157450389617355
10,334,offset,433,-0.122994489065146,0.0627760448672814,0.0752708633202455,0.0175983700045646,0.0344559005522095
10,335,uncalibrated,433,-0.206942470319007,0.156411730311093,0.169451716955403,0.0267152074308688,0.155763140647996
10,335,offset,433,-0.206942470319007,0.0667834563932387,0.0840895485787657,0.0267152074308688,-0.0511793296710113
10,336,uncalibrated,433,-0.17667760897871,0.157038984527371,0.170141640112367,0.020561707776199,0.156390394864274
10,336,offset,433,-0.17667760897871,0.0575092301400021,0.0700128070487662,0.020561707776199,-0.0202872141144365
10,337,uncalibrated,433,-0.1224589924073,0.157831321382089,0.170791830178593,0.0275701046478663,0.157182731718991
10,337,offset,433,-0.1224589924073,0.0629511524766668,0.0752939318729943,0.0275701046478663,0.0347237393116916
10,338,uncalibrated,433,-0.113009275033027,0.15824078562233,0.171037309988264,0.0343659420030307,0.157681857979122
10,338,offset,433,-0.113009275033027,0.0665087489876757,0.0799114055648472,0.0343659420030307,0.0446725829460948
10,339,uncalibrated,433,-0.0996744267557701,0.158542528151904,0.171273675053958,0.0308236054153519,0.157893938488807
10,339,offset,433,-0.0996744267557701,0.0733436241483946,0.088281863943931,0.0308236054153519,0.0582195117330369
10,340,uncalibrated,433,-0.123138528025724,0.157857718535159,0.170705804122723,0.0298943629924704,0.157209128872061
10,340,offset,433,-0.123138528025724,0.062305941013813,0.0747433421951637,0.0298943629924704,0.0340706008463372
10,341,uncalibrated,433,-0.191649783732493,0.156778190929225,0.169680788996491,0.0371365910175983,0.156129601266127
10,341,offset,433,-0.191649783732493,0.0604784506972621,0.0753445494073433,0.0371365910175983,-0.0355201824663651
10,342,uncalibrated,433,-0.118324067479637,0.157814345443107,0.170791912992345,0.0210894112859592,0.157165755780009
10,342,offset,433,-0.118324067479637,0.0644981977626028,0.0773141610813089,0.0210894112859592,0.0388416883003725
10,343,uncalibrated,433,-0.116537838512796,0.158141255424354,0.171068055712576,0.0163023946879832,0.157492665761256
10,343,offset,433,-0.116537838512796,0.0652991365097948,0.0783430774966462,0.0163023946879832,0.0409548272484602
10,344,uncalibrated,433,-0.181040400028565,0.157382758515497,0.17045624232781,0.0218480000438397,0.156734168852399
10,344,offset,433,-0.181040400028565,0.0582298392987589,0.0712777927313541,0.0218480000438397,-0.0243062311761653
10,345,uncalibrated,433,-0.204884946679255,0.156735413798112,0.169793613577407,0.0249886477388511,0.156086824135014
10,345,offset,433,-0.204884946679255,0.0657244690759508,0.0827528326219806,0.0249886477388511,-0.0487981225442406
10,346,uncalibrated,433,-0.173912320480172,0.157089989723118,0.170247764211177,0.0197269102425911,0.15644140006002
10,346,offset,433,-0.173912320480172,0.0574021280635671,0.0693946873074042,0.0197269102425911,-0.0174709204201511
10,347,uncalibrated,433,-0.125620858508737,0.15785444776678,0.170782199343984,0.033211943215042,0.157205858103682
10,347,offset,433,-0.125620858508737,0.0617056442954899,0.0738274338580576,0.033211943215042,0.0315849995949455
10,348,uncalibrated,433,-0.184735702018168,0.156748508743501,0.169813979870993,0.0206142578489667,0.156099919080403
10,348,offset,433,-0.184735702018168,0.0588627357884263,0.072729712547048,0.0206142578489667,-0.0286357829377643
10,349,uncalibrated,433,-0.143888551049611,0.157500641252316,0.170605386317918,0.0249190264491038,0.156852051589219
10,349,offset,433,-0.143888551049611,0.0579150052721245,0.0683497190863259,0.0249190264491038,0.0129635005396074
10,350,uncalibrated,433,-0.124123633401943,0.1581448201758,0.171061950947705,0.0257419204282255,0.157496230512703
10,350,offset,433,-0.124123633401943,0.0624177989963349,0.0746381850947742,0.0257419204282255,0.0333725971107598
10,351,uncalibrated,433,-0.146798301593065,0.157531840110339,0.170479542044536,0.0306101558675316,0.156883250447241
10,351,offset,433,-0.146798301593065,0.0571610237433983,0.067473151536104,0.0306101558675316,0.0100849488541763
10,352,uncalibrated,433,-0.161029854616743,0.157462893727116,0.170497385585036,0.0213680458298265,0.156814304064019
10,352,offset,433,-0.161029854616743,0.0565689826519917,0.0670552264831941,0.0213680458298265,-0.00421555055272398
10,353,uncalibrated,433,-0.12962277175211,0.157826829455618,0.170887602818496,0.0113648986777971,0.157178239792521
10,353,offset,433,-0.12962277175211,0.0609859748535026,0.0725043278136071,0.0113648986777971,0.0275554680404114
10,354,uncalibrated,433,-0.170441941197544,0.157418360319013,0.17042790701529,0.0133941162176506,0.156769770655916
10,354,offset,433,-0.170441941197544,0.0566076941485873,0.0682337068128592,0.0133941162176506,-0.0136721705416278
10,355,uncalibrated,433,-0.154998112631248,0.157507591502945,0.170566306664615,0.0322052429786392,0.156859001839848
10,355,offset,433,-0.154998112631248,0.0567692591047853,0.067019261557114,0.0322052429786392,0.00186088920859991
10,356,uncalibrated,433,-0.192217775943773,0.156742144866236,0.169828401503204,0.0185545924446374,0.156093555203138
10,356,offset,433,-0.192217775943773,0.0609410188460505,0.0760358290892959,0.0185545924446374,-0.0361242207406352
10,357,uncalibrated,433,-0.117248968487358,0.157819543451649,0.170852623563597,0.0147016951416756,0.157170953788552
10,357,offset,433,-0.117248968487358,0.0651315679103501,0.0779850958462557,0.0147016951416756,0.0399219853011939
10,358,uncalibrated,433,-0.162046624874514,0.157071197869926,0.170116489242851,0.031238449574032,0.156422608206829
10,358,offset,433,-0.162046624874514,0.056369792832194,0.0671060140193433,0.031238449574032,-0.00562401666768537
10,359,uncalibrated,433,-0.0984537922392109,0.158463777551765,0.171335789556626,0.0229465702075304,0.157815187888668
10,359,offset,433,-0.0984537922392109,0.07414578498482,0.0892977857962231,0.0229465702075304,0.0593613956494572
10,360,uncalibrated,433,-0.145520164710866,0.157372206423895,0.170409547007557,0.0248573844623082,0.156723616760797
10,360,offset,433,-0.145520164710866,0.0574274066080628,0.0678427519973253,0.0248573844623082,0.0112034520499313
10,361,uncalibrated,433,-0.169487312216982,0.157453127500614,0.170361092062683,0.0336579000758585,0.156804537837517
10,361,offset,433,-0.169487312216982,0.0565089211360562,0.0677944788925548,0.0336579000758585,-0.0126827743794654
10,362,uncalibrated,433,-0.147666632342341,0.157677646738968,0.170677297913929,0.0327112883195166,0.157029057075871
10,362,offset,433,-0.147666632342341,0.0571908946055484,0.0675297730927169,0.0327112883195166,0.00936242473352989
10,363,uncalibrated,433,-0.177810269317005,0.157263902664545,0.170083358381067,0.0343105123057214,0.156669253526146
10,363,offset,433,-0.177810269317005,0.0570139992976909,0.0694984629068321,0.0343105123057214,-0.0211410157908594
10,364,uncalibrated,433,-0.173229172869453,0.15721238765798,0.170239270593992,0.0226438457621811,0.156563797994883
10,364,offset,433,-0.173229172869453,0.0570499894845403,0.0688979036655095,0.0226438457621811,-0.0166653748745695
10,365,uncalibrated,433,-0.131937655257539,0.15767749807387,0.170711108029624,0.0106967712463357,0.157028908410772
10,365,offset,433,-0.131937655257539,0.060320272640479,0.0715106657277274,0.0106967712463357,0.0250912531532328
10,366,uncalibrated,433,-0.114312557938004,0.158523527539982,0.171335160177002,0.0247218400361042,0.157874937876884
10,366,offset,433,-0.114312557938004,0.0662689464706885,0.079554522493622,0.0247218400361042,0.0435623799388806
10,367,uncalibrated,433,-0.132115830326387,0.157865381909185,0.170837949089734,0.0311390479902789,0.157216792246088
10,367,offset,433,-0.132115830326387,0.0602800738007197,0.0714040851375566,0.0311390479902789,0.0251009619197004
10,368,uncalibrated,433,-0.170792320262916,0.156996297840217,0.170143006967146,0.0214471273402113,0.15634770817712
10,368,offset,433,-0.170792320262916,0.057180346807476,0.0686489896931742,0.0214471273402113,-0.014444612085796
10,369,uncalibrated,433,-0.10536571979608,0.15830849716879,0.171198455009251,0.0164037224924108,0.157659907505693
10,369,offset,433,-0.10536571979608,0.0703957801384917,0.084775861134283,0.0164037224924108,0.0522941877096127
10,370,uncalibrated,433,-0.150811519310741,0.157293813600314,0.170419868268273,0.0227738456494882,0.156645223937217
10,370,offset,433,-0.150811519310741,0.0572009080684543,0.0673738630917329,0.0227738456494882,0.00583370462647572
10,371,uncalibrated,433,-0.168722409292588,0.157154291574177,0.170271400291186,0.0269019797541498,0.15650570191108
10,371,offset,433,-0.168722409292588,0.0567328863725443,0.0681730369404723,0.0269019797541498,-0.0122167073815083
10,372,uncalibrated,433,-0.13500000758089,0.157653866302479,0.170716647942091,0.0204064264287352,0.157005276639381
10,372,offset,433,-0.13500000758089,0.0595215416531482,0.0705531633473065,0.0204064264287352,0.0220052690584908
10,373,uncalibrated,433,-0.114312557938004,0.158022875965177,0.170760848013447,0.0316889161594013,0.157428226826778
10,373,offset,433,-0.114312557938004,0.0656861096933842,0.0789593662346303,0.0316889161594013,0.0431156688887738
10,374,uncalibrated,433,-0.16698329241385,0.157159856522474,0.170215150937262,0.0195683103584511,0.156511266859377
10,374,offset,433,-0.16698329241385,0.0564301019909181,0.0677280169049794,0.0195683103584511,-0.0104720255544734
10,375,uncalibrated,433,-0.225987894341881,0.157020527482249,0.169822664223173,0.0357922902774768,0.156371937819152
10,375,offset,433,-0.225987894341881,0.0765866240674825,0.0960933699539912,0.0357922902774768,-0.0696159565227295
10,376,uncalibrated,433,-0.133434454325691,0.158321613794193,0.171148641397182,0.0229312738044723,0.157673024131095
10,376,offset,433,-0.133434454325691,0.0596810153596746,0.0708419591744017,0.0229312738044723,0.0242385698054049
10,377,uncalibrated,433,-0.14803963206926,0.157527621317237,0.170624809871536,0.0138258130697745,0.15687903165414
10,377,offset,433,-0.14803963206926,0.0573076457261715,0.0676751812408247,0.0138258130697745,0.00883939958487918
10,378,uncalibrated,433,-0.143522770021519,0.157722713683541,0.170770691107748,0.0257040008958711,0.157074124020444
10,378,offset,433,-0.143522770021519,0.0579912187412683,0.0683665685831332,0.0257040008958711,0.0135513539989243
10,379,uncalibrated,433,-0.178447921366328,0.157114329741552,0.170236041289358,0.022242517339618,0.156465740078455
10,379,offset,433,-0.178447921366328,0.0578012129174334,0.0705832715999066,0.022242517339618,-0.0219821812878729
10,380,uncalibrated,433,-0.171024558850385,0.157454169176855,0.170408865035137,0.0353158809310451,0.157196118478414
10,380,offset,433,-0.171024558850385,0.056185549675133,0.0672293639788835,0.0353158809310451,-0.0138284403719709
10,381,uncalibrated,433,-0.17697251050952,0.156855868908602,0.170028285801865,0.0200338550088899,0.156207279245504
10,381,offset,433,-0.17697251050952,0.0578403530470487,0.070285835791331,0.0200338550088899,-0.020765231264016
10,382,uncalibrated,433,-0.183602985791064,0.156952349937994,0.169927419214698,0.0315905493608934,0.156303760274897
10,382,offset,433,-0.183602985791064,0.0585601091746558,0.0720396421331887,0.0315905493608934,-0.0272992255161666
10,383,uncalibrated,433,-0.146708793738766,0.157491569743835,0.170523735984237,0.0193930050182569,0.156842980080738
10,383,offset,433,-0.146708793738766,0.0572050294622343,0.0676854922877036,0.0193930050182569,0.0101341863419717
10,384,uncalibrated,433,-0.188214100773214,0.156681863623422,0.169860210467116,0.0243048513771296,0.156033273960324
10,384,offset,433,-0.188214100773214,0.0603379554936637,0.0744426902490539,0.0243048513771296,-0.0321808268128893
10,385,uncalibrated,433,-0.139292527037848,0.157559224572772,0.170524019010959,0.0281479919561322,0.156910634909674
10,385,offset,433,-0.139292527037848,0.058276318022426,0.0690499198904399,0.0281479919561322,0.0176181078718263
10,386,uncalibrated,433,-0.117589914729386,0.158115497263467,0.171099068865704,0.0185605735019907,0.157466907600369
10,386,offset,433,-0.117589914729386,0.0650172716712207,0.0779053203441212,0.0185605735019907,0.0398769928709837
10,387,uncalibrated,433,-0.183776222889308,0.156727969204118,0.169862559528866,0.0214871115431255,0.156079379541021
10,387,offset,433,-0.183776222889308,0.0590805797934169,0.0725233172383005,0.0214871115431255,-0.0276968433482873
10,388,uncalibrated,433,-0.141694742033483,0.157696651136752,0.170885851790081,0.0142001542311451,0.157048061473655
10,388,offset,433,-0.141694742033483,0.0587097881083543,0.0690912812677594,0.0142001542311451,0.0153533194401723
10,389,uncalibrated,433,-0.18480140268582,0.156789237074852,0.169701396285108,0.0293363557743627,0.156140647411755
10,389,offset,433,-0.18480140268582,0.0587877309221276,0.0723885420479868,0.0293363557743627,-0.0286607552740658
10,390,uncalibrated,433,-0.15000108289539,0.157801282451647,0.170650931994851,0.0292690256335814,0.15715269278855
10,390,offset,433,-0.15000108289539,0.0566729818572173,0.0669022964036574,0.0292690256335814,0.00715160989316016
10,391,uncalibrated,433,-0.186142414729022,0.156797908537636,0.169782575524147,0.0254172418246588,0.156149318874539
10,391,offset,433,-0.186142414729022,0.0592533783445118,0.0730965044688621,0.0254172418246588,-0.0299930958544825
10,392,uncalibrated,433,-0.173543878844498,0.157094817033638,0.17008816267606,0.0285950632810529,0.156446227370541
10,392,offset,433,-0.173543878844498,0.0567991846437925,0.0688976829071033,0.0285950632810529,-0.0170976514739567
10,393,uncalibrated,433,-0.127114399974738,0.157702954085992,0.17050722064286,0.0287349699857413,0.157054364422895
10,393,offset,433,-0.127114399974738,0.0609636067302504,0.0728219773023933,0.0287349699857413,0.029939964448157
10,394,uncalibrated,433,-0.142253138978336,0.157546407260369,0.170434976844345,0.0228069606218717,0.156897817597271
10,394,offset,433,-0.142253138978336,0.0576640447374762,0.0681588055719712,0.0228069606218717,0.0146446786189353
10,395,uncalibrated,433,-0.157487505637237,0.157686583334978,0.170663871675838,0.0281211571338148,0.15703799367188
10,395,offset,433,-0.157487505637237,0.0564591031132897,0.06682385576951,0.0281211571338148,-0.000449511965356633
10,396,uncalibrated,433,-0.142784943478364,0.157278014799133,0.170143197461715,0.031948340112441,0.156629425136035
10,396,offset,433,-0.142784943478364,0.0573962244146556,0.0678793083083556,0.031948340112441,0.0138444816576716
10,397,uncalibrated,433,-0.156526607221117,0.157349117190159,0.170401212850077,0.0264821796106267,0.156700527527062
10,397,offset,433,-0.156526607221117,0.0565820455345792,0.0669443669160495,0.0264821796106267,0.000173920305945331
10,398,uncalibrated,433,-0.132891938783104,0.157443020829366,0.170465573709671,0.0198202632675748,0.156794431166269
10,398,offset,433,-0.132891938783104,0.0599388692621137,0.0710306083145901,0.0198202632675748,0.0239024923831645
10,399,uncalibrated,433,-0.182720039298789,0.157231699051225,0.170191775512282,0.0288339274116525,0.156583109388127
10,399,offset,433,-0.182720039298789,0.0583864316225907,0.0716247821045447,0.0288339274116525,-0.0261369299106623
10,400,uncalibrated,433,-0.162166387471367,0.157165248542501,0.170131644893869,0.0193450351784147,0.156606320899293
10,400,offset,433,-0.162166387471367,0.0562819438053911,0.0667094535202257,0.0193450351784147,-0.00556006657207398
10,401,uncalibrated,433,-0.0988012863305793,0.158636047913337,0.171447821622032,0.0284038612916015,0.15798745825024
10,401,offset,433,-0.0988012863305793,0.0740032363804264,0.089091646752502,0.0284038612916015,0.0591861719196604
10,402,uncalibrated,433,-0.109956984296113,0.158247545975866,0.171267952590754,0.0269523110742921,0.157598956312769
10,402,offset,433,-0.109956984296113,0.0684779267199248,0.0822498513761006,0.0269523110742921,0.0476419720166556
10,403,uncalibrated,433,-0.113122332687067,0.158084457099951,0.171044750758311,0.0281947704812208,0.157435867436854
10,403,offset,433,-0.113122332687067,0.0666810495091154,0.080211868002177,0.0281947704812208,0.0443135347497862
10,404,uncalibrated,433,-0.0981627486011732,0.157955553217861,0.170921730003791,0.0184143144629784,0.157306963554764
10,404,offset,433,-0.0981627486011732,0.0742136204320045,0.0892569054311525,0.0184143144629784,0.0591442149535907
10,405,uncalibrated,433,-0.17697251050952,0.156850511879853,0.16987450318668,0.0322840312432634,0.156201922216755
10,405,offset,433,-0.17697251050952,0.057416205544299,0.0699265590940926,0.0322840312432634,-0.020770588292765
10,406,uncalibrated,433,-0.162277509345186,0.157431378619702,0.170393336606132,0.0228408113099468,0.156872450976494
10,406,offset,433,-0.162277509345186,0.0562065532777781,0.0667393282882517,0.0228408113099468,-0.00540505836869203
10,407,uncalibrated,433,-0.164187774963506,0.157121219820155,0.170030876834994,0.0249511043438847,0.156562292176947
10,407,offset,433,-0.164187774963506,0.0560513097348983,0.066759986019362,0.0249511043438847,-0.00762548278655899
10,408,uncalibrated,433,-0.178865403775463,0.157047202570398,0.170094814881187,0.0201974886747058,0.156398612907301
10,408,offset,433,-0.178865403775463,0.0576670172978432,0.0705441466179248,0.0201974886747058,-0.0224667908681624
10,409,uncalibrated,433,-0.174164660605961,0.157062068556966,0.1702221244651,0.0208406386727183,0.156413478893869
10,409,offset,433,-0.174164660605961,0.0574395864692932,0.0694658169886812,0.0208406386727183,-0.0177511817120921
10,410,uncalibrated,433,-0.156166399415942,0.157138033133239,0.17027440464286,0.0145486333939135,0.156489443470142
10,410,offset,433,-0.156166399415942,0.056821417946071,0.0671158052648306,0.0145486333939135,0.000323044054200432
10,411,uncalibrated,433,-0.132128833991853,0.157730760317123,0.170587944786526,0.0369787277806907,0.15719661880788
10,411,offset,433,-0.132128833991853,0.0597902828121612,0.0708368814774027,0.0369787277806907,0.0250677848160272
10,412,uncalibrated,433,-0.181157711837217,0.156847009527808,0.170044517966009,0.0248252381768064,0.156198419864711
10,412,offset,433,-0.181157711837217,0.0586399976837527,0.0716948950611452,0.0248252381768064,-0.024959291972506
10,413,uncalibrated,433,-0.180296766575751,0.157209558738987,0.170332905703784,0.0159263510199106,0.15656096907589
10,413,offset,433,-0.180296766575751,0.0582878967204468,0.0711712709628444,0.0159263510199106,-0.0237357974998606
10,414,uncalibrated,433,-0.211881628564887,0.156898571059669,0.169782201608537,0.0377864020970562,0.156249981396572
10,414,offset,433,-0.211881628564887,0.0687726477686367,0.086641903622165,0.0377864020970562,-0.0556316471683147
10,415,uncalibrated,433,-0.179253194295527,0.157335437598184,0.1703385557748,0.0264656932474993,0.156686847935086
10,415,offset,433,-0.179253194295527,0.0577622428758862,0.0705244302045132,0.0264656932474993,-0.0225663463604412
10,416,uncalibrated,433,-0.155631663146165,0.157240286030426,0.170284339661726,0.024525023162859,0.156591696367329
10,416,offset,433,-0.155631663146165,0.0567400695198875,0.0669082851866512,0.024525023162859,0.000960033221163668
10,417,uncalibrated,433,-0.183694133507778,0.157068562512877,0.169969103318698,0.0378558769723984,0.156534421003633
10,417,offset,433,-0.183694133507778,0.0583970057192322,0.0715829666004933,0.0378558769723984,-0.0271597125041451
10,418,uncalibrated,433,-0.165332951835594,0.157222288504065,0.17015295621478,0.0282115517537224,0.156573698840968
10,418,offset,433,-0.165332951835594,0.0562593005014862,0.0671820649646216,0.0282115517537224,-0.00875925299462678
10,419,uncalibrated,433,-0.159332340719714,0.156783021404988,0.169833978006607,0.0290944582854852,0.156134431741891
10,419,offset,433,-0.159332340719714,0.0565707327844648,0.0669017632952677,0.0290944582854852,-0.00319790897782341
10,420,uncalibrated,433,-0.187225904960833,0.156789502113703,0.169936734753441,0.0252255994260016,0.156140912450606
10,420,offset,433,-0.187225904960833,0.0598836795516658,0.0739241911495444,0.0252255994260016,-0.0310849925102266
10,421,uncalibrated,433,-0.171852042670916,0.157342413868474,0.170439303173503,0.0195978032486846,0.156693824205376
10,421,offset,433,-0.171852042670916,0.0571333164458554,0.0687486225986599,0.0195978032486846,-0.0151582184655393
10,422,uncalibrated,433,-0.205327133221461,0.157013330337163,0.169995470444849,0.0308026155580722,0.156364740674066
10,422,offset,433,-0.205327133221461,0.065801575730378,0.0827396140289706,0.0308026155580722,-0.0489623925473958
10,423,uncalibrated,433,-0.203671009138562,0.156798066646277,0.169744656621864,0.0417672953991581,0.156149476983179
10,423,offset,433,-0.203671009138562,0.0649747543958716,0.0817856057503344,0.0417672953991581,-0.0475215321553825
10,424,uncalibrated,433,-0.161620119587902,0.15744035535975,0.170321366432381,0.028199503715639,0.156791765696652
10,424,offset,433,-0.161620119587902,0.0561074548425365,0.0667009975519012,0.028199503715639,-0.00482835389124961
10,425,uncalibrated,433,-0.14441821307369,0.157581071575063,0.170648969597232,0.0291373249001751,0.157046930065819
10,425,offset,433,-0.14441821307369,0.0578068274046117,0.0679471638434302,0.0291373249001751,0.0126287169921298
10,426,uncalibrated,433,-0.147130806034985,0.157258064298454,0.170337157385727,0.0218810385101954,0.156609474635357
10,426,offset,433,-0.147130806034985,0.057409518605999,0.067661398146382,0.0218810385101954,0.00947866860037218
10,427,uncalibrated,433,-0.138146578135183,0.157836385601196,0.170841104109348,0.0152911860664089,0.157187795938099
10,427,offset,433,-0.138146578135183,0.0589953602709618,0.0695790747052715,0.0152911860664089,0.0190412178029159
10,428,uncalibrated,433,-0.144234859763322,0.157657154854643,0.170530618248457,0.0339217526946159,0.157008565191546
10,428,offset,433,-0.144234859763322,0.0572219735062992,0.0677655500019011,0.0339217526946159,0.0127737054282241
10,429,uncalibrated,433,-0.128306856535205,0.157478456103122,0.1704414656257,0.0277836996526869,0.156829866440025
10,429,offset,433,-0.128306856535205,0.0609141237213167,0.0725826996678333,0.0277836996526869,0.0285230099048202
10,430,uncalibrated,433,-0.176837908642028,0.156869506783725,0.169936539258751,0.0187810464229301,0.156220917120628
10,430,offset,433,-0.176837908642028,0.0575041399069553,0.0699893761125537,0.0187810464229301,-0.0206169915214009
10,431,uncalibrated,433,-0.144100462747516,0.157642438740554,0.170668557755917,0.0261296348224498,0.156993849077457
10,431,offset,433,-0.144100462747516,0.0577276078818717,0.0681683751411365,0.0261296348224498,0.0128933863299406
10,432,uncalibrated,433,-0.151507654369467,0.15729052362762,0.170295700490086,0.0187347047496433,0.156641933964523
10,432,offset,433,-0.151507654369467,0.0569679324082103,0.0670096333091228,0.0187347047496433,0.00513427959505621
10,433,uncalibrated,433,-0.174176403347638,0.15700524735319,0.17001811832653,0.0376493684032376,0.156356657690093
10,433,offset,433,-0.174176403347638,0.0569421413470621,0.0691107769495954,0.0376493684032376,-0.017819745657545
10,434,uncalibrated,433,-0.138991861943894,0.157391287251679,0.170447001037226,0.0194453282603727,0.156742697588582
10,434,offset,433,-0.138991861943894,0.0585213466051437,0.0692748084178018,0.0194453282603727,0.0177508356446886
10,435,uncalibrated,433,-0.133096291796696,0.158110045464581,0.170915332019819,0.0223874582342538,0.157461455801484
10,435,offset,433,-0.133096291796696,0.0596385329672422,0.0707926682171429,0.0223874582342538,0.0243651640047877
10,436,uncalibrated,433,-0.159937483376784,0.15729971822451,0.170321595831268,0.026462668889493,0.156651128561413
10,436,offset,433,-0.159937483376784,0.0565931722403983,0.0669378073656275,0.026462668889493,-0.00328635481537091
10,437,uncalibrated,433,-0.206206907956384,0.156803353071228,0.169820742918393,0.0247879137442082,0.156154763408131
10,437,offset,433,-0.206206907956384,0.0662890729488319,0.0834265650988037,0.0247879137442082,-0.0500521445482528
10,438,uncalibrated,433,-0.17727016825906,0.156949251532216,0.170151240821041,0.0177934863373971,0.156300661869119
10,438,offset,433,-0.17727016825906,0.0579675622730924,0.0704362694245869,0.0177934863373971,-0.0209695063899411
10,439,uncalibrated,433,-0.166135642071657,0.157483895154855,0.170500149854933,0.0214471988704801,0.156835305491758
10,439,offset,433,-0.166135642071657,0.0564980015721741,0.0675239536191505,0.0214471988704801,-0.00930033657989956
10,440,uncalibrated,433,-0.217005589099468,0.156662094199535,0.169594000670542,0.0319989635150712,0.156013504536437
10,440,offset,433,-0.217005589099468,0.0716742231542699,0.0902327315614619,0.0319989635150712,-0.0609920845630309
10,441,uncalibrated,433,-0.168575760828897,0.157579422035459,0.170524963552906,0.023435694740597,0.156930832372362
10,441,offset,433,-0.168575760828897,0.0563160371888818,0.0677279957210871,0.023435694740597,-0.0116449284565359
10,442,uncalibrated,433,-0.101303066575868,0.158524945665105,0.171207597745786,0.0304324128949013,0.157930296526705
10,442,offset,433,-0.101303066575868,0.0721177797755404,0.0870442768754768,0.0304324128949013,0.0566272299508364
10,443,uncalibrated,433,-0.178127296216634,0.156716469765914,0.169780541583876,0.0272131282393859,0.156067880102817
10,443,offset,433,-0.178127296216634,0.0577766723509794,0.0703908157362133,0.0272131282393859,-0.0220594161138171
10,444,uncalibrated,433,-0.164268810915028,0.157273711406669,0.170436883645263,0.0190255325364325,0.156625121743571
10,444,offset,433,-0.164268810915028,0.0568684907146976,0.0676441315242508,0.0190255325364325,-0.00764368917145672
10,445,uncalibrated,433,-0.169026908497434,0.157370376338789,0.170564674666125,0.0132479962821824,0.156721786675691
10,445,offset,433,-0.169026908497434,0.0570507341814828,0.0684251843124155,0.0132479962821824,-0.0123051218217431
10,446,uncalibrated,433,-0.13240897606777,0.157551086393654,0.170503370758704,0.0254789512020153,0.156902496730557
10,446,offset,433,-0.13240897606777,0.0599469957874514,0.0710840243251323,0.0254789512020153,0.0244935206627864
10,447,uncalibrated,433,-0.192871469057629,0.157248703889283,0.170245752310178,0.0249929344000033,0.156600114226186
10,447,offset,433,-0.192871469057629,0.0612170829534895,0.0759975761805114,0.0249929344000033,-0.0362713548314431
10,448,uncalibrated,433,-0.148569415127018,0.157397036995239,0.17027454191678,0.0456733331137605,0.157138986296798
10,448,offset,433,-0.148569415127018,0.0563506655362655,0.0661377060429055,0.0456733331137605,0.00856957116978022
10,449,uncalibrated,433,-0.13426933888523,0.157950046663057,0.170825549790885,0.0258484890187863,0.157301456999959
10,449,offset,433,-0.13426933888523,0.0595172555779221,0.0704847398512549,0.0258484890187863,0.0230321181147289
10,450,uncalibrated,433,-0.156297818932478,0.157663705191425,0.170706079793374,0.0268976142146791,0.157015115528327
10,450,offset,433,-0.156297818932478,0.0567791138055652,0.0669875636850165,0.0268976142146791,0.000717296595849003
10,451,uncalibrated,433,-0.198794765284575,0.156698992178954,0.169686579957464,0.0373079945345222,0.156050402515857
10,451,offset,433,-0.198794765284575,0.0629753128739937,0.0791763085828294,0.0373079945345222,-0.0427443627687174
10,452,uncalibrated,433,-0.199229329140924,0.156664647509288,0.16975362260518,0.026653497255856,0.156016057846191
10,452,offset,433,-0.199229329140924,0.0635062363273496,0.0796408745413307,0.026653497255856,-0.0432132712947326
10,453,uncalibrated,433,-0.176131569104909,0.157028525224131,0.170251733204012,0.0120175049478144,0.156379935561034
10,453,offset,433,-0.176131569104909,0.0579447919512462,0.0701505198879421,0.0120175049478144,-0.0197516335438747
10,454,uncalibrated,433,-0.224563838670732,0.156855288531472,0.169670963229188,0.0358361929246048,0.156296360888264
10,454,offset,433,-0.224563838670732,0.0756501243215324,0.0949743747491168,0.0358361929246048,-0.0682674777824683
10,455,uncalibrated,433,-0.160578785581231,0.157767829061825,0.170614531891437,0.0205010308681887,0.157119239398727
10,455,offset,433,-0.160578785581231,0.0562032467859629,0.0665945310298722,0.0205010308681887,-0.00345954618250379
10,456,uncalibrated,433,-0.161004164395885,0.157346149194329,0.170434103014992,0.0192732691389436,0.156697559531232
10,456,offset,433,-0.161004164395885,0.0565215535173299,0.0671729495626114,0.0192732691389436,-0.00430660486465282
10,457,uncalibrated,433,-0.176148971778454,0.157315982806427,0.170296104385442,0.0222272257907826,0.156667393143329
10,457,offset,433,-0.176148971778454,0.0571540963591818,0.0695386439373637,0.0222272257907826,-0.0194815786351243
10,458,uncalibrated,433,-0.143850902822065,0.157485680587001,0.170456456213916,0.0252952179191819,0.156837090923904
10,458,offset,433,-0.143850902822065,0.0575520166291685,0.0680159647211616,0.0252952179191819,0.0129861881018382
10,459,uncalibrated,433,-0.16105325732156,0.157512161127691,0.170524308572107,0.0204808547544444,0.156863571464594
10,459,offset,433,-0.16105325732156,0.0565483787613126,0.06700681479482,0.0204808547544444,-0.00418968585696566
10,460,uncalibrated,433,-0.146746207815533,0.157431613791818,0.170611682409789,0.00713950726538292,0.15678302412872
10,460,offset,433,-0.146746207815533,0.0577835052601342,0.0680306342867416,0.00713950726538292,0.0100368163131877
10,461,uncalibrated,433,-0.20076587752988,0.156345054104023,0.169383955116665,0.0285334937334112,0.155696464440926
10,461,offset,433,-0.20076587752988,0.0641105356358136,0.080503336624905,0.0285334937334112,-0.0450694130889545
10,462,uncalibrated,433,-0.183166030686694,0.156951572532795,0.169906596575132,0.0376908377201813,0.156302982869698
10,462,offset,433,-0.183166030686694,0.0583038107981683,0.0718279363743501,0.0376908377201813,-0.0268630478169959
10,463,uncalibrated,433,-0.186173834904081,0.156964939689782,0.170077213036503,0.0223096331590807,0.156316350026685
10,463,offset,433,-0.186173834904081,0.0593934408930897,0.0733684299396056,0.0223096331590807,-0.029857484877396
10,464,uncalibrated,433,-0.137053145677417,0.157822201935004,0.17087518236926,0.0175662193967798,0.157173612271906
10,464,offset,433,-0.137053145677417,0.0592310648107552,0.0699972623115252,0.0175662193967798,0.0201204665944897
10,465,uncalibrated,433,-0.210549374656533,0.156659220309312,0.169709824695577,0.0301311607354944,0.156010630646215
10,465,offset,433,-0.210549374656533,0.0685815249933882,0.0862356209567533,0.0301311607354944,-0.0545387440103182
10,466,uncalibrated,433,-0.117505689633942,0.158048276574751,0.171097071171851,0.0197557445514299,0.157399686911654
10,466,offset,433,-0.117505689633942,0.065095350974785,0.0780453543940507,0.0197557445514299,0.0398939972777116
10,467,uncalibrated,433,-0.1596849238772,0.157176841032901,0.170211476215644,0.0293498798442796,0.156528251369803
10,467,offset,433,-0.1596849238772,0.0564668845272472,0.0669389105075615,0.0293498798442796,-0.00315667250739714
10,468,uncalibrated,433,-0.164347273039497,0.157316100144913,0.170458915939232,0.00449633767655242,0.156667510481816
10,468,offset,433,-0.164347273039497,0.056814511864063,0.067605561424712,0.00449633767655242,-0.00767976255768096
10,469,uncalibrated,433,-0.182880929720123,0.157300011399642,0.170378075067495,0.0190734255934564,0.156651421736545
10,469,offset,433,-0.182880929720123,0.0586224120068205,0.0719514254249693,0.0190734255934564,-0.0262295079835786
10,470,uncalibrated,433,-0.182211728428822,0.157109702809686,0.1701268252637,0.0281900455817481,0.156461113146589
10,470,offset,433,-0.182211728428822,0.0582648528358252,0.0715971433414049,0.0281900455817481,-0.0257506152822337
10,471,uncalibrated,433,-0.182183311399495,0.156722316833389,0.16984825813759,0.0131164435614153,0.156073727170292
10,471,offset,433,-0.182183311399495,0.058649139974533,0.0719105894021768,0.0131164435614153,-0.0261095842292026
10,472,uncalibrated,433,-0.175074191272235,0.157488885149352,0.170576414694483,0.0223040892383312,0.156840295486255
10,472,offset,433,-0.175074191272235,0.0573733797718436,0.0694975533191091,0.0223040892383312,-0.0182338957859794
10,473,uncalibrated,433,-0.163995291592242,0.157223573014495,0.170193342657203,0.0294115918918413,0.156628923876095
10,473,offset,433,-0.163995291592242,0.0562290512840446,0.0669881889856544,0.0294115918918413,-0.00736636771614639
10,474,uncalibrated,433,-0.101858112118198,0.157663029555028,0.170592270694194,0.0311851630977909,0.15701443989193
10,474,offset,433,-0.101858112118198,0.071956915458617,0.08654714888145,0.0311851630977909,0.055156327773732
10,475,uncalibrated,433,-0.180679761874054,0.157105939777903,0.170175599992241,0.0264796579335139,0.156457350114805
10,475,offset,433,-0.180679761874054,0.0582232917154498,0.0711867800873655,0.0264796579335139,-0.024222411759249
10,476,uncalibrated,433,-0.158872506858766,0.157455630759912,0.170632365550936,0.0179172795021126,0.156807041096815
10,476,offset,433,-0.158872506858766,0.056951942599273,0.0673143534826255,0.0179172795021126,-0.00206546576195134
10,477,uncalibrated,433,-0.177198722667767,0.157257964951962,0.170365682224413,0.0246314424200638,0.156609375288864
10,477,offset,433,-0.177198722667767,0.0577711251467934,0.0701561863053472,0.0246314424200638,-0.0205893473789024
10,478,uncalibrated,433,-0.176084721174016,0.157027755606295,0.17016235997755,0.0257696225807865,0.156379165943198
10,478,offset,433,-0.176084721174016,0.0575901278981126,0.0699220574568142,0.0257696225807865,-0.0197055552308184
10,479,uncalibrated,433,-0.161055532281692,0.157095381050494,0.170180617128731,0.0242624291099092,0.156446791387396
10,479,offset,433,-0.161055532281692,0.0566616229983195,0.067134822585117,0.0242624291099092,-0.00460874089429561
10,480,uncalibrated,433,-0.135760210595959,0.15751106719277,0.170272678223337,0.0294342838056856,0.156862477529672
10,480,offset,433,-0.135760210595959,0.0586841790464011,0.0695144140617086,0.0294342838056856,0.0211022669337133
10,481,uncalibrated,433,-0.136967175774821,0.157525626478565,0.170527851126134,0.0261746457251542,0.156877036815468
10,481,offset,433,-0.136967175774821,0.0589545350059251,0.0697548987265625,0.0261746457251542,0.0199098610406473
10,482,uncalibrated,433,-0.166421687658452,0.157620194521212,0.170581154214768,0.0258998598225958,0.156971604858115
10,482,offset,433,-0.166421687658452,0.0564625730502174,0.0674325552418381,0.0258998598225958,-0.00945008280033751
10,483,uncalibrated,433,-0.125182075312409,0.157643768149678,0.17056141390468,0.0275027036456579,0.156995178486581
10,483,offset,433,-0.125182075312409,0.0617830774801474,0.0738632748982916,0.0275027036456579,0.0318131031741714
10,484,uncalibrated,433,-0.201033441363872,0.156832668401866,0.169775589233215,0.0292172911495619,0.156184078738768
10,484,offset,433,-0.201033441363872,0.0638465006602984,0.0802605106879197,0.0292172911495619,-0.0448493626251034
10,485,uncalibrated,433,-0.168336304450331,0.157895675123862,0.170809661936281,0.0284862623437974,0.157247085460765
10,485,offset,433,-0.168336304450331,0.0565152247817752,0.0676185292851016,0.0284862623437974,-0.0110892189895656
10,486,uncalibrated,433,-0.182695401803085,0.157259068317145,0.17028450127494,0.0269259948657269,0.156610478654048
10,486,offset,433,-0.182695401803085,0.0583684751999533,0.0717662355561168,0.0269259948657269,-0.0260849231490373
10,487,uncalibrated,433,-0.141912068919248,0.157876741719402,0.170881707431786,0.0227746577952415,0.157228152056305
10,487,offset,433,-0.141912068919248,0.0582585311625245,0.0686618419387582,0.0227746577952415,0.0153160831370572
10,488,uncalibrated,433,-0.167014807224489,0.157351824097768,0.170241460661322,0.0275917566185957,0.156703234434671
10,488,offset,433,-0.167014807224489,0.0562185407084764,0.0673244367166405,0.0275917566185957,-0.0103115727898182
10,489,uncalibrated,433,-0.124722432018167,0.158211485871041,0.17121326032233,0.0247641144688835,0.157562896207943
10,489,offset,433,-0.124722432018167,0.062427984218507,0.074608379803926,0.0247641144688835,0.0328404641897765
10,490,uncalibrated,433,-0.171711518747808,0.157563977257152,0.170544320619903,0.0238963559510335,0.156915387594055
10,490,offset,433,-0.171711518747808,0.056865995650658,0.0684240595772499,0.0238963559510335,-0.0147961311537536
10,491,uncalibrated,433,-0.0833301454692253,0.158457806514492,0.171160090299163,0.0387935357461241,0.157809216851395
10,491,offset,433,-0.0833301454692253,0.0834627155898173,0.0996953342033487,0.0387935357461241,0.0744790713821695
10,492,uncalibrated,433,-0.175868790623335,0.157271806802453,0.170277073430579,0.0246416480881592,0.156623217139356
10,492,offset,433,-0.175868790623335,0.0572018253046175,0.0695258346784002,0.0246416480881592,-0.0192455734839796
10,493,uncalibrated,433,-0.211046435932009,0.156879217304884,0.169679891547116,0.0373034875280336,0.156230627641787
10,493,offset,433,-0.211046435932009,0.06830466800011,0.085953646930218,0.0373034875280336,-0.0548158082902215
10,494,uncalibrated,433,-0.180736110823044,0.157228827139503,0.170251561734364,0.0256921765740319,0.156580237476406
10,494,offset,433,-0.180736110823044,0.0581130018836137,0.0710755212570473,0.0256921765740319,-0.0241558733466376
10,495,uncalibrated,433,-0.118536277253541,0.157923004076045,0.17091954397165,0.0189454916258351,0.157274414412948
10,495,offset,433,-0.118536277253541,0.0644448663630075,0.0773232976089497,0.0189454916258351,0.0387381371594068
10,496,uncalibrated,433,-0.0980086485057,0.158259810076298,0.171136357580097,0.021978229895001,0.157611220413201
10,496,offset,433,-0.0980086485057,0.0742726498162789,0.0894361373474552,0.021978229895001,0.0596025719075009
10,497,uncalibrated,433,-0.166106709130027,0.157044438406586,0.170171060573893,0.0225335734258739,0.156395848743489
10,497,offset,433,-0.166106709130027,0.056766264677714,0.0677704150945996,0.0225335734258739,-0.00971086038653834
10,498,uncalibrated,433,-0.101228871510369,0.158261158295195,0.17095527400882,0.0387882997498592,0.157756171176684
10,498,offset,433,-0.101228871510369,0.0721968015297181,0.0867988005370401,0.0387882997498592,0.0565272996663153
10,499,uncalibrated,433,-0.146041637842087,0.157543961188867,0.170306354685006,0.0402074034483068,0.156985033545659
10,499,offset,433,-0.146041637842087,0.0568188444636484,0.0669306476756971,0.0402074034483068,0.0109433957035723
10,500,uncalibrated,433,-0.114665374203752,0.157922239261351,0.170741312533527,0.0359232551664706,0.157273649598254
10,500,offset,433,-0.114665374203752,0.0656748326094027,0.0789497313473008,0.0359232551664706,0.0426082753945018
10,501,uncalibrated,433,-0.171184713476488,0.157268306174592,0.170169678597108,0.0329851160485453,0.156619716511495
10,501,offset,433,-0.171184713476488,0.0564546597540693,0.0681184486779644,0.0329851160485453,-0.0145649969649938
10,502,uncalibrated,433,-0.17798381421946,0.157320708775917,0.17022278743022,0.0321102700716182,0.15667211911282
10,502,offset,433,-0.17798381421946,0.0573966101454077,0.0698844245989825,0.0321102700716182,-0.0213116951066405
10,503,uncalibrated,433,-0.165578087152271,0.15726637304528,0.170283739285962,0.0170822701521742,0.156617783382183
10,503,offset,433,-0.165578087152271,0.0565119698212074,0.0674367024498774,0.0170822701521742,-0.00896030377008756
10,504,uncalibrated,433,-0.147760064078567,0.15780363249206,0.170729828775594,0.0347079854472295,0.157269490982817
10,504,offset,433,-0.147760064078567,0.0571583794970243,0.0671223572276512,0.0347079854472295,0.00950942690425001
10,505,uncalibrated,433,-0.155754543001108,0.157341320606552,0.170496621351842,0.0127976032542466,0.156692730943455
10,505,offset,433,-0.155754543001108,0.0569851812285435,0.067211354386669,0.0127976032542466,0.000938187942347521
10,506,uncalibrated,433,-0.16024697742562,0.157344108658573,0.170442043664643,0.0172900228387276,0.156695518995475
10,506,offset,433,-0.16024697742562,0.0566493765538959,0.0671536851728905,0.0172900228387276,-0.00355145843014477
10,507,uncalibrated,433,-0.179563883301562,0.156884458238081,0.170005800602054,0.0229096077674126,0.156235868574984
10,507,offset,433,-0.179563883301562,0.0579994586771379,0.0709684569372134,0.0229096077674126,-0.0233280147265779
10,508,uncalibrated,433,-0.147664182986927,0.15750687163447,0.170471127536439,0.0328299844842748,0.156858281971372
10,508,offset,433,-0.147664182986927,0.0571522072452708,0.0673826101948422,0.0328299844842748,0.00919409898444489
10,509,uncalibrated,433,-0.127818813672768,0.157745286879623,0.170551795539076,0.0322123393325654,0.157186359236415
10,509,offset,433,-0.127818813672768,0.0607006030716286,0.0724072935831497,0.0322123393325654,0.029367545563647
10,510,uncalibrated,433,-0.134423422735312,0.157487067140308,0.170505978818744,0.0225338707231147,0.156838477477211
10,510,offset,433,-0.134423422735312,0.0596252928998549,0.0705437132184768,0.0225338707231147,0.0224150547418992
10,511,uncalibrated,433,-0.140496026724185,0.157671363582271,0.170621410604938,0.0273978252143197,0.157022773919174
10,511,offset,433,-0.140496026724185,0.0581506500493681,0.0687651626944493,0.0273978252143197,0.0165267471949882
10,512,uncalibrated,433,-0.173366396770388,0.157013128864366,0.17021889594139,0.0130562032763792,0.156364539201269
10,512,offset,433,-0.173366396770388,0.0574552136580292,0.0693805922191592,0.0130562032763792,-0.0170018575691194
10,513,uncalibrated,433,-0.0795439320529946,0.158730719441813,0.171372834443519,0.0364266381817076,0.158082129778715
10,513,offset,433,-0.0795439320529946,0.0865647792101424,0.10269828202962,0.0364266381817076,0.0785381977257206
10,514,uncalibrated,433,-0.188523054550076,0.156982576439936,0.170169311143708,0.0225179721911867,0.156333986776838
10,514,offset,433,-0.188523054550076,0.0603405393226107,0.0745212393730372,0.0225179721911867,-0.0321890677732373
10,515,uncalibrated,433,-0.1758081372454,0.157544588848432,0.170601879473114,0.0176213553772943,0.156895999185335
10,515,offset,433,-0.1758081372454,0.0573978010678245,0.069615484523181,0.0176213553772943,-0.0189121380600649
10,516,uncalibrated,433,-0.178574781118355,0.157130292556621,0.17016996422054,0.0294605939465443,0.156481702893524
10,516,offset,433,-0.178574781118355,0.0578119832859904,0.0704229897676277,0.0294605939465443,-0.0220930782248311
10,517,uncalibrated,433,-0.13804133448211,0.157675908621639,0.170642653407865,0.0326742628523792,0.157417857923198
10,517,offset,433,-0.13804133448211,0.0583118551415191,0.0686584505331388,0.0326742628523792,0.0193765234410881
10,518,uncalibrated,433,-0.113020249243302,0.158257970285074,0.17120951680071,0.0271777293451976,0.157609380621977
10,518,offset,433,-0.113020249243302,0.0669520706517572,0.0803751977925652,0.0271777293451976,0.0445891313786754
10,519,uncalibrated,433,-0.217150908618839,0.156676927418229,0.169634389763798,0.0280052007548112,0.156028337755132
10,519,offset,433,-0.217150908618839,0.0716381862792563,0.0903711938445836,0.0280052007548112,-0.0611225708637067
10,520,uncalibrated,433,-0.193525678727783,0.156871789064645,0.169869106736547,0.0318576491636333,0.156223199401548
10,520,offset,433,-0.193525678727783,0.0612442042656948,0.0764284001932584,0.0318576491636333,-0.0373024793262352
10,521,uncalibrated,433,-0.179770210954155,0.157273975184928,0.170263664418244,0.0256573659304447,0.15662538552183
10,521,offset,433,-0.179770210954155,0.0577717557241378,0.0706674392882541,0.0256573659304447,-0.0231448254323246
10,522,uncalibrated,433,-0.107716699820024,0.15797992481925,0.170870450791161,0.0316545548161374,0.157331335156152
10,522,offset,433,-0.107716699820024,0.0689660884345293,0.0830973764392961,0.0316545548161374,0.0496146353361279
10,523,uncalibrated,433,-0.0873550102136451,0.158338426091055,0.171153071539087,0.0353106334663374,0.157689836427957
10,523,offset,433,-0.0873550102136451,0.0808115543245643,0.0968208508699723,0.0353106334663374,0.0703348262143123
10,524,uncalibrated,433,-0.143220084726281,0.157374561818018,0.17036665054247,0.0230972693673838,0.156725972154921
10,524,offset,433,-0.143220084726281,0.0578008520888364,0.0681481787312774,0.0230972693673838,0.01350588742864
10,525,uncalibrated,433,-0.145866203310757,0.157788754943248,0.170860878864244,0.0261823331187395,0.157140165280151
10,525,offset,433,-0.145866203310757,0.0576951229363715,0.0680258083412182,0.0261823331187395,0.0112739619693939
10,526,uncalibrated,433,-0.112032315224993,0.158297439621349,0.171129904258276,0.0342979466856905,0.157648849958252
10,526,offset,433,-0.112032315224993,0.0670764042596032,0.0807041044765259,0.0342979466856905,0.0456165347332591
10,527,uncalibrated,433,-0.142379490825469,0.157765819201664,0.170894705803404,0.0175888332789818,0.157117229538567
10,527,offset,433,-0.142379490825469,0.0584305499750926,0.0688213454978385,0.0175888332789818,0.0147377387130976
10,528,uncalibrated,433,-0.131805281394233,0.157869362139471,0.17082175056216,0.0274550248954398,0.157220772476374
10,528,offset,433,-0.131805281394233,0.060142773624164,0.0714677994204356,0.0274550248954398,0.0254154910821411
10,529,uncalibrated,433,-0.195693024684085,0.156524505023954,0.1696631102871,0.0179515015305808,0.155875915360857
10,529,offset,433,-0.195693024684085,0.0624056579907767,0.0779337680185263,0.0179515015305808,-0.0398171093232283
10,530,uncalibrated,433,-0.126981805183636,0.157609948493177,0.170703604923829,0.0227073318575671,0.156961358830079
10,530,offset,433,-0.126981805183636,0.0617047331533376,0.073495756374404,0.0227073318575671,0.0299795536464434
10,531,uncalibrated,433,-0.181735920887958,0.156811462886854,0.169887897403166,0.0239607377286362,0.156162873223757
10,531,offset,433,-0.181735920887958,0.0585627078063053,0.0716172847670518,0.0239607377286362,-0.0255730476642014
10,532,uncalibrated,433,-0.165534198039892,0.157280161482089,0.170269257470789,0.0238469177133567,0.156631571818991
10,532,offset,433,-0.165534198039892,0.0564408535917664,0.0673604297996597,0.0238469177133567,-0.00890262622090029
10,533,uncalibrated,433,-0.150457927695994,0.157282431908026,0.170430936208831,0.0201580240680645,0.156633842244928
10,533,offset,433,-0.150457927695994,0.0572805476096341,0.0674587681560017,0.0201580240680645,0.00617591454893413
10,534,uncalibrated,433,-0.169076397589963,0.156810994339821,0.169943692153852,0.0185265060519596,0.156162404676724
10,534,offset,433,-0.169076397589963,0.0568980532691147,0.0682710266616057,0.0185265060519596,-0.0129139929132392
10,535,uncalibrated,433,-0.14490645297195,0.157888905335889,0.170750343239427,0.0282354261086917,0.157240315672792
10,535,offset,433,-0.14490645297195,0.0573877098151692,0.0676999779366738,0.0282354261086917,0.0123338627008418
10,536,uncalibrated,433,-0.149851652000751,0.157396851805408,0.170435845612032,0.0290617138389696,0.156748262142311
10,536,offset,433,-0.149851652000751,0.0571764750257861,0.0672749806116547,0.0290617138389696,0.00689661014155987
10,537,uncalibrated,433,-0.178062284295594,0.156968335212623,0.169999064011089,0.0195465118492931,0.156319745549526
10,537,offset,433,-0.178062284295594,0.0574320493981349,0.0702606355443935,0.0195465118492931,-0.0217425387460681
10,538,uncalibrated,433,-0.125027450101775,0.157257891975031,0.170172345383862,0.0427144382077124,0.15699984127659
10,538,offset,433,-0.125027450101775,0.0613284063315698,0.073019934059168,0.0427144382077124,0.0319723911748154
10,539,uncalibrated,433,-0.174842186146819,0.157314104914296,0.170280403891782,0.0247721713506667,0.156665515251198
10,539,offset,433,-0.174842186146819,0.0569599984381562,0.0691500082825203,0.0247721713506667,-0.0181766708956207
10,540,uncalibrated,433,-0.224664765924086,0.156212336865331,0.169227819474846,0.0375275681226604,0.155563747202233
10,540,offset,433,-0.224664765924086,0.0764843677354569,0.0959839894409913,0.0375275681226604,-0.0691010187218527
10,541,uncalibrated,433,-0.153373468351059,0.157483690441833,0.170625558451646,0.0126996003872364,0.156835100778736
10,541,offset,433,-0.153373468351059,0.0570704431058645,0.0672890426423525,0.0126996003872364,0.00346163242767612
10,542,uncalibrated,433,-0.137521406204894,0.157638546752367,0.170582069240031,0.0263797431906801,0.15698995708927
10,542,offset,433,-0.137521406204894,0.0587922368266928,0.0695084181438287,0.0263797431906801,0.0194685508843758
10,543,uncalibrated,433,-0.156144606601101,0.157260900062612,0.170103108339433,0.0400818382832919,0.156612310399514
10,543,offset,433,-0.156144606601101,0.0561197962633391,0.0663917950119304,0.0400818382832919,0.000467703798413646
10,544,uncalibrated,433,-0.183511587561526,0.157094925287206,0.170047353343691,0.030942970182051,0.156446335624108
10,544,offset,433,-0.183511587561526,0.0584098892448561,0.0719247823174932,0.030942970182051,-0.0270652519374177
10,545,uncalibrated,433,-0.200646507032362,0.156989035151641,0.169931494364682,0.0314581767333083,0.156340445488543
10,545,offset,433,-0.200646507032362,0.0637774468786517,0.07998377942422,0.0314581767333083,-0.0443060615438182
10,546,uncalibrated,433,-0.165645598576312,0.157041436835619,0.169988636952679,0.0336566473720375,0.156392847172521
10,546,offset,433,-0.165645598576312,0.0561365025776192,0.0672534568244823,0.0336566473720375,-0.00925275140379099
10,547,uncalibrated,433,-0.158358020080931,0.157707382549069,0.170555094552642,0.0317158256817266,0.157058792885972
10,547,offset,433,-0.158358020080931,0.056191503680702,0.0665076224681526,0.0317158256817266,-0.00129922719495912
10,548,uncalibrated,433,-0.167941845117661,0.156957105981084,0.170018361964432,0.0209157291536071,0.156308516317987
10,548,offset,433,-0.167941845117661,0.0564160126721594,0.0678912768365667,0.0209157291536071,-0.0116333287996739
10,549,uncalibrated,433,-0.163215225680547,0.157210683135641,0.17014171435445,0.02904885707641,0.156562093472544
10,549,offset,433,-0.163215225680547,0.0560571824875047,0.0669386138125297,0.02904885707641,-0.00665313220800293
10,550,uncalibrated,433,-0.185354140257425,0.157104200592004,0.170169910649329,0.017849511200558,0.156455610928907
10,550,offset,433,-0.185354140257425,0.0590845101502409,0.0729010651267476,0.017849511200558,-0.0288985293285179
10,551,uncalibrated,433,-0.189262634835173,0.156790520200656,0.169922982898415,0.0152850517062576,0.156141930537559
10,551,offset,433,-0.189262634835173,0.0603412277778366,0.0747696375427173,0.0152850517062576,-0.0331207042976143
10,552,uncalibrated,433,-0.162502600476546,0.157096506668938,0.170200255475204,0.0215426124358645,0.156447917005841
10,552,offset,433,-0.162502600476546,0.056522542217617,0.0672966226514284,0.0215426124358645,-0.00605468347070542
10,553,uncalibrated,433,-0.17863860385444,0.157024018240184,0.170208147111409,0.0194878238886899,0.156375428577087
10,553,offset,433,-0.17863860385444,0.0580363043373769,0.0708038675063853,0.0194878238886899,-0.0222631752773532
10,554,uncalibrated,433,-0.14987658518287,0.157632306778765,0.170645548064062,0.0193923348302427,0.156983717115668
10,554,offset,433,-0.14987658518287,0.0570768505213142,0.0672794690744679,0.0193923348302427,0.0071071319327973
10,555,uncalibrated,433,-0.175167404994833,0.157131174247492,0.170152330724121,0.02197024945979,0.156482584584395
10,555,offset,433,-0.175167404994833,0.0572697179106468,0.0693839958953703,0.02197024945979,-0.018684820410438
10,556,uncalibrated,433,-0.168517775481814,0.156906557016164,0.169985443500904,0.03074718573318,0.156257967353067
10,556,offset,433,-0.168517775481814,0.0565780767435721,0.068035296253052,0.03074718573318,-0.0122598081287467
10,557,uncalibrated,433,-0.143835158331147,0.157855113331985,0.17090911271047,0.0174583150827662,0.157206523668887
10,557,offset,433,-0.143835158331147,0.0579719878959308,0.068372707525876,0.0174583150827662,0.01337136533774
10,558,uncalibrated,433,-0.13671175091065,0.157514201913365,0.170526940068064,0.0300884441668134,0.156865612250268
10,558,offset,433,-0.13671175091065,0.059071935079656,0.0698483722732488,0.0300884441668134,0.0201538613396179
10,559,uncalibrated,433,-0.143129521495532,0.157344294240643,0.170425672683768,0.0195032728103209,0.156695704577545
10,559,offset,433,-0.143129521495532,0.0579747638004929,0.0683769507953978,0.0195032728103209,0.0135661830820136
10,560,uncalibrated,433,-0.145794345780194,0.157412576845267,0.170549139342096,0.0126656060136809,0.156763987182169
10,560,offset,433,-0.145794345780194,0.0578046322991467,0.068061694700956,0.0126656060136809,0.0109696414019755
10,561,uncalibrated,433,-0.108391909938556,0.157818397118116,0.17073221227176,0.0248023997025845,0.157169807455018
10,561,offset,433,-0.108391909938556,0.0686039711430899,0.0826221714667948,0.0248023997025845,0.0487778975164627
10,562,uncalibrated,433,-0.158671751422467,0.157263792168351,0.170342774581921,0.027391100603001,0.156615202505254
10,562,offset,433,-0.158671751422467,0.0566790533446694,0.0670266259777,0.027391100603001,-0.00205654891721351
10,563,uncalibrated,433,-0.167670380189963,0.157281955329332,0.170287071861834,0.0335045448034657,0.156633365666235
10,563,offset,433,-0.167670380189963,0.0565400460540937,0.0677162557510529,0.0335045448034657,-0.0110370145237279
10,564,uncalibrated,433,-0.170114019329473,0.157086690349365,0.170125660145468,0.0213276181791906,0.156438100686267
10,564,offset,433,-0.170114019329473,0.0565037005815471,0.0682414217637646,0.0213276181791906,-0.0136759186432061
10,565,uncalibrated,433,-0.197849666872684,0.156829900706487,0.169951301097228,0.0175591935995172,0.15618131104339
10,565,offset,433,-0.197849666872684,0.0632262742101188,0.0789119427141751,0.0175591935995172,-0.0416683558292947
10,566,uncalibrated,433,-0.118234670709974,0.157960945992236,0.170934023790186,0.010459155646941,0.157312356329139
10,566,offset,433,-0.118234670709974,0.0645495348897156,0.077448877000434,0.010459155646941,0.0390776856191644
10,567,uncalibrated,433,-0.153407493862896,0.157341656660698,0.170430155755258,0.0126272454526051,0.1566930669976
10,567,offset,433,-0.153407493862896,0.0568849670418172,0.067115689197613,0.0126272454526051,0.00328557313470488
10,568,uncalibrated,433,-0.160575207756524,0.157653168011286,0.170782973073178,0.0240539285504811,0.157004578348189
10,568,offset,433,-0.160575207756524,0.0567985470843471,0.0672988533616505,0.0240539285504811,-0.00357062940833526
10,569,uncalibrated,433,-0.179913275328093,0.157270243121199,0.170257347633057,0.0242143853607675,0.156621653458102
10,569,offset,433,-0.179913275328093,0.0577185909098601,0.0707087104989796,0.0242143853607675,-0.0232916218699917
10,570,uncalibrated,433,-0.177525518439844,0.157383939712529,0.17016676176328,0.0439862446953151,0.156825012069321
10,570,offset,433,-0.177525518439844,0.0567990498281012,0.0692181577510871,0.0439862446953151,-0.0207005063705234
10,571,uncalibrated,433,-0.161252010378941,0.15733686432061,0.170361270476423,0.0285507153403999,0.156688274657513
10,571,offset,433,-0.161252010378941,0.0565372569196088,0.0670266719069943,0.0285507153403999,-0.00456373572142797
10,572,uncalibrated,433,-0.11955229814129,0.158142075814652,0.171132468485108,0.0218355144434518,0.157493486151555
10,572,offset,433,-0.11955229814129,0.0642068180842454,0.0769523056007205,0.0218355144434518,0.0379411880102642
10,573,uncalibrated,433,-0.121591087776296,0.157590304292468,0.170539390178919,0.0285566300870402,0.156941714629371
10,573,offset,433,-0.121591087776296,0.0629733163459047,0.0755158833007737,0.0285566300870402,0.0353506268530747
10,574,uncalibrated,433,-0.200646507032362,0.157185640425922,0.170087797251347,0.0367574514915966,0.156626712782714
10,574,offset,433,-0.200646507032362,0.0635372479388372,0.0795969465650397,0.0367574514915966,-0.0440197942496473
10,575,uncalibrated,433,-0.160449044372767,0.157495075197918,0.170617942019814,0.01611067686091,0.15684648553482
10,575,offset,433,-0.160449044372767,0.0567951412957523,0.0672505802549894,0.01611067686091,-0.00360255883794604
10,576,uncalibrated,433,-0.216541715022186,0.156326066499043,0.169359800918374,0.0341149468104411,0.155677476835946
10,576,offset,433,-0.216541715022186,0.0717103848431325,0.0902868809024679,0.0341149468104411,-0.0608642381862405
10,577,uncalibrated,433,-0.117335768938428,0.158239433188504,0.171209575937312,0.0285346012981638,0.157590843525406
10,577,offset,433,-0.117335768938428,0.0652610583363703,0.0780917150508839,0.0285346012981638,0.0402550745869786
10,578,uncalibrated,433,-0.191574788072878,0.156756105920571,0.169680437750857,0.0326691632035787,0.156197178277363
10,578,offset,433,-0.191574788072878,0.0604475193309785,0.0751363276209048,0.0326691632035787,-0.0353776097955154
10,579,uncalibrated,433,-0.15734733176403,0.157324081343488,0.170373287525648,0.0253199031747823,0.156675491680391
10,579,offset,433,-0.15734733176403,0.0566415898404706,0.0669350340113683,0.0253199031747823,-0.00067184008363938
10,580,uncalibrated,433,-0.150283410319744,0.157588231819252,0.170601538575044,0.0215463118139836,0.156939642156155
10,580,offset,433,-0.150283410319744,0.057091246321258,0.0672245424404675,0.0215463118139836,0.00665623183641064
10,581,uncalibrated,433,-0.133185775957522,0.157648592665843,0.170818392773877,0.0186732851722835,0.157000003002745
10,581,offset,433,-0.133185775957522,0.0603306186103617,0.0713935555687623,0.0186732851722835,0.0238142270452233
10,582,uncalibrated,433,-0.160152408431892,0.157421936705726,0.170392496465857,0.0292740459650799,0.156773347042629
10,582,offset,433,-0.160152408431892,0.0562534025090169,0.0668366558468567,0.0292740459650799,-0.00337906138926315
10,583,uncalibrated,433,-0.161684897714488,0.157401671168853,0.170455220904709,0.0242120229907999,0.156753081505755
10,583,offset,433,-0.161684897714488,0.0564539795010281,0.0671399775338058,0.0242120229907999,-0.00493181620873251
10,584,uncalibrated,433,-0.171916638999096,0.157280066608275,0.17032961856216,0.0255170062502567,0.156631476945177
10,584,offset,433,-0.171916638999096,0.0569536694091331,0.0686468904504625,0.0255170062502567,-0.0152851620539185
10,585,uncalibrated,433,-0.186450040384697,0.156803878170717,0.169993781028171,0.0254768761306967,0.156155288507619
10,585,offset,433,-0.186450040384697,0.0598892232064906,0.0736965633571178,0.0254768761306967,-0.0302947518770777
10,586,uncalibrated,433,-0.16435790325977,0.157089649896175,0.170101682590085,0.0315980140639342,0.156831599197735
10,586,offset,433,-0.16435790325977,0.0559131277177017,0.0662953781638909,0.0315980140639342,-0.00752630406203587
10,587,uncalibrated,433,-0.171295605502571,0.157293758239056,0.170147409702331,0.0366061659855287,0.156645168575958
10,587,offset,433,-0.171295605502571,0.0563748758424369,0.0680225513514673,0.0366061659855287,-0.0146504369266123
10,588,uncalibrated,433,-0.143890608159548,0.157631383575275,0.170763952690538,0.00737024840723198,0.156982793912177
10,588,offset,433,-0.143890608159548,0.0581783754907114,0.0684699589732937,0.00737024840723198,0.0130921857526289
10,589,uncalibrated,433,-0.096635115285627,0.158369783837228,0.171089943958384,0.0248584949186943,0.15772119417413
10,589,offset,433,-0.096635115285627,0.0749303217937347,0.0901515549834933,0.0248584949186943,0.0610860788885034
10,590,uncalibrated,433,-0.120755967339839,0.15766876929008,0.170606137455498,0.0285365999763221,0.157020179626982
10,590,offset,433,-0.120755967339839,0.0634462358808727,0.0759355675569863,0.0285365999763221,0.0362642122871439
10,591,uncalibrated,433,-0.206795388032013,0.156613097399223,0.169766708511843,0.0179825362235315,0.155964507736125
10,591,offset,433,-0.206795388032013,0.0669453057861508,0.0841402759516984,0.0179825362235315,-0.0508308802958876
10,592,uncalibrated,433,-0.163866109391599,0.15737861723245,0.170296431661968,0.0335057987623251,0.156730027569353
10,592,offset,433,-0.163866109391599,0.0562922329047226,0.066988780841893,0.0335057987623251,-0.00713608182224569
10,593,uncalibrated,433,-0.195383479294352,0.156882186085829,0.169816112147658,0.0356497165705816,0.156233596422731
10,593,offset,433,-0.195383479294352,0.0617575368923813,0.0772093817008439,0.0356497165705816,-0.0391498828716201
10,594,uncalibrated,433,-0.104167420858622,0.15796592687698,0.170781593820585,0.0294725659445736,0.157317337213883
10,594,offset,433,-0.104167420858622,0.0706509140189739,0.0851030070467782,0.0294725659445736,0.0531499163552613
10,595,uncalibrated,433,-0.18223850188554,0.15692401253294,0.170029175895521,0.0274176315319673,0.156275422869843
10,595,offset,433,-0.18223850188554,0.0584418932658656,0.0718470203594913,0.0274176315319673,-0.0259630790156977
10,596,uncalibrated,433,-0.206114116838336,0.156546865900101,0.169584682099992,0.0273452037637964,0.155898276237004
10,596,offset,433,-0.206114116838336,0.0662868015784046,0.0835243827668585,0.0273452037637964,-0.0502158406013327
10,597,uncalibrated,433,-0.158600614051811,0.15693953676059,0.169900393466176,0.032634871119086,0.156290947097493
10,597,offset,433,-0.158600614051811,0.0563535481556651,0.0666679691963826,0.032634871119086,-0.00230966695431824
10,598,uncalibrated,433,-0.202174055066789,0.156446995677163,0.169463780817867,0.0265775228315831,0.155798406014065
10,598,offset,433,-0.202174055066789,0.0646504735812267,0.0812128716252784,0.0265775228315831,-0.046375649052724
10,599,uncalibrated,433,-0.180838583878966,0.157127491118464,0.170101161087465,0.0305270855992006,0.156478901455366
10,599,offset,433,-0.180838583878966,0.0579240608382261,0.071008115947432,0.0305270855992006,-0.0243596824235993
10,600,uncalibrated,433,-0.191665910505689,0.156869045202108,0.169902379511061,0.0305571695206299,0.156220455539011
10,600,offset,433,-0.191665910505689,0.0606467440174565,0.0756198923068478,0.0305571695206299,-0.0354454549666783
10,601,uncalibrated,433,-0.174280731603148,0.157395407615088,0.170141283553359,0.0395255286933087,0.156746817951991
10,601,offset,433,-0.174280731603148,0.0565047159171835,0.0684538498481722,0.0395255286933087,-0.0175339136511567
10,602,uncalibrated,433,-0.139858629355516,0.157857882001316,0.170971387367297,0.0270231139004886,0.157209292338219
10,602,offset,433,-0.139858629355516,0.0587846052493077,0.0694082070561846,0.0270231139004886,0.0173506629827028
10,603,uncalibrated,433,-0.17353591275239,0.156958820539323,0.169940446707821,0.0405433090921816,0.156700769840882
10,603,offset,433,-0.17353591275239,0.0564321252459537,0.0678825912541626,0.0405433090921816,-0.0168351429115082
10,604,uncalibrated,433,-0.168517775481814,0.15703247766135,0.170111439205314,0.0303227334917135,0.156383887998252
10,604,offset,433,-0.168517775481814,0.0565594483390028,0.0680383167672247,0.0303227334917135,-0.0121338874835616
10,605,uncalibrated,433,-0.158822447557144,0.157426116453988,0.170283245295233,0.0341679274435226,0.156777526790891
10,605,offset,433,-0.158822447557144,0.0561227008002156,0.0664934013459108,0.0341679274435226,-0.00204492076625284
10,606,uncalibrated,433,-0.170154965632521,0.156859196454359,0.169892635846367,0.0260902476752896,0.156210606791262
10,606,offset,433,-0.170154965632521,0.0566128904543126,0.0682363479695823,0.0260902476752896,-0.0139443588412593
10,607,uncalibrated,433,-0.135770135204168,0.157523037168269,0.170637591306972,0.0155862271932772,0.156874447505171
10,607,offset,433,-0.135770135204168,0.0595273804446299,0.0703774629031967,0.0155862271932772,0.0211043123010036
10,608,uncalibrated,433,-0.149042640003611,0.15744505226084,0.170505578078678,0.0265129982463882,0.156796462597743
10,608,offset,433,-0.149042640003611,0.0571591109111392,0.0674325087595012,0.0265129982463882,0.00775382259413157
10,609,uncalibrated,433,-0.197078370213018,0.157016907793057,0.169977292484141,0.0211337552738816,0.156368318129959
10,609,offset,433,-0.197078370213018,0.0624182863229063,0.0780931327714061,0.0211337552738816,-0.0407100520830584
10,610,uncalibrated,433,-0.13509038325219,0.157931306395278,0.170943186241669,0.0205408664946546,0.157282716732181
10,610,offset,433,-0.13509038325219,0.0596307525548462,0.070542324919764,0.0205408664946546,0.0221923334799903
10,611,uncalibrated,433,-0.17066543404145,0.15715712714932,0.170184618491961,0.0232322957595644,0.156508537486223
10,611,offset,433,-0.17066543404145,0.0566972910951584,0.0683249572649215,0.0232322957595644,-0.0141568965552276
10,612,uncalibrated,433,-0.184440554073232,0.157135632550509,0.170164224288833,0.0254170191615269,0.156487042887412
10,612,offset,433,-0.184440554073232,0.0587769316627399,0.0724504480578941,0.0254170191615269,-0.0279535111858207
10,613,uncalibrated,433,-0.199454787170709,0.156762639827061,0.169787287570588,0.0255473141633897,0.156114050163963
10,613,offset,433,-0.199454787170709,0.0633437382044151,0.0795898601975705,0.0255473141633897,-0.0433407370067453
10,614,uncalibrated,433,-0.136358335454864,0.157661461942,0.170684885671894,0.0238045684574914,0.157012872278902
10,614,offset,433,-0.136358335454864,0.0590939454871283,0.0700492542927636,0.0238045684574914,0.0206545368240384
10,615,uncalibrated,433,-0.116131231477874,0.158279555696865,0.171221887489817,0.0289911306771283,0.157720628053657
10,615,offset,433,-0.116131231477874,0.0654630405798735,0.0785545425132976,0.0289911306771283,0.0415893965757828
10,616,uncalibrated,433,-0.21223419206882,0.156045073281374,0.169175210313062,0.0272889547688918,0.155396483618277
10,616,offset,433,-0.21223419206882,0.0698997280704,0.0877650828373812,0.0272889547688918,-0.0568377084505432
10,617,uncalibrated,433,-0.176721871122699,0.157008889353906,0.170181242096863,0.0148431566000154,0.156360299690808
10,617,offset,433,-0.176721871122699,0.0578399969717777,0.0701976170066181,0.0148431566000154,-0.0203615714318911
10,618,uncalibrated,433,-0.142968379650544,0.157473578632047,0.170598534492026,0.0244002665417407,0.156824988968949
10,618,offset,433,-0.142968379650544,0.058232390205583,0.0685695882116752,0.0244002665417407,0.0138566093184054
10,619,uncalibrated,433,-0.114451238592423,0.158335585039551,0.171160883113245,0.0224640277043528,0.157686995376454
10,619,offset,433,-0.114451238592423,0.0660155260508576,0.0793737366005908,0.0224640277043528,0.043235756784031
10,620,uncalibrated,433,-0.133192681244708,0.157727963037927,0.170703130789426,0.0200400677189914,0.157079373374829
10,620,offset,433,-0.133192681244708,0.0598293942408982,0.0709662129636488,0.0200400677189914,0.0238866921301216
10,621,uncalibrated,433,-0.128808977125623,0.157517925008608,0.170616480134806,0.0114795311738165,0.156869335345511
10,621,offset,433,-0.128808977125623,0.0612088219414333,0.0727281144075433,0.0114795311738165,0.028060358219888
10,622,uncalibrated,433,-0.169019908757226,0.156900142027317,0.170116166512032,0.00589216313407612,0.15625155236422
10,622,offset,433,-0.169019908757226,0.0571396031554648,0.0684689230052568,0.00589216313407612,-0.0127683563930062
10,623,uncalibrated,433,-0.160425531421979,0.157264387219001,0.170296589780628,0.0226970552970169,0.156615797555903
10,623,offset,433,-0.160425531421979,0.0564848894797913,0.0669845841889772,0.0226970552970169,-0.00380973386607596
10,624,uncalibrated,433,-0.168899480611085,0.157054504139406,0.169973410163685,0.027147718702038,0.156405914476309
10,624,offset,433,-0.168899480611085,0.0561585245601329,0.067707010525246,0.027147718702038,-0.0124935661347759
10,625,uncalibrated,433,-0.209789807237527,0.156685564180949,0.169678496382585,0.0342123612753862,0.156036974517851
10,625,offset,433,-0.209789807237527,0.0678953212276055,0.08563072896665,0.0342123612753862,-0.0537528327196753
10,626,uncalibrated,433,-0.113684525419358,0.158552084678702,0.171399793591708,0.0156882201730566,0.157903495015605
10,626,offset,433,-0.113684525419358,0.0666327787406147,0.0799980798350236,0.0156882201730566,0.044218969596247
10,627,uncalibrated,433,-0.122175617960409,0.157933738091864,0.170659644271474,0.0371363816448748,0.157285148428767
10,627,offset,433,-0.122175617960409,0.0624349464654834,0.0749584911555408,0.0371363816448748,0.0351095304683583
10,628,uncalibrated,433,-0.185339611692779,0.156806025073398,0.169984470438839,0.017337106038812,0.156157435410301
10,628,offset,433,-0.185339611692779,0.0594554994586814,0.0732200448581673,0.017337106038812,-0.0291821762824783
10,629,uncalibrated,433,-0.222314329384879,0.156387388854,0.169450763182314,0.026621720773269,0.155738799190903
10,629,offset,433,-0.222314329384879,0.0750635644711722,0.0942936306982244,0.026621720773269,-0.0665755301939757
10,630,uncalibrated,433,-0.133566614528834,0.157998539384533,0.170929885191206,0.0305786710851025,0.157349949721436
10,630,offset,433,-0.133566614528834,0.0596619902937309,0.0708778245082627,0.0305786710851025,0.023783335192602
10,631,uncalibrated,433,-0.149255056329216,0.157591460500237,0.170668079791561,0.0286873722017286,0.156942870837139
10,631,offset,433,-0.149255056329216,0.0572658237030607,0.0674954164743336,0.0286873722017286,0.00768781450792366
10,632,uncalibrated,433,-0.188016317170486,0.156861753856479,0.169862877372318,0.035209592185757,0.156213164193382
10,632,offset,433,-0.188016317170486,0.0597365112673615,0.0739072728571399,0.035209592185757,-0.0318031529771042
10,633,uncalibrated,433,-0.188667629355498,0.157036084244801,0.170036245112618,0.0291365076058029,0.156387494581703
10,633,offset,433,-0.188667629355498,0.0599133973642384,0.0741436665634399,0.0291365076058029,-0.0322801347737945
10,634,uncalibrated,433,-0.100460060567485,0.158450937202613,0.171256377052278,0.0241306485534076,0.157802347539516
10,634,offset,433,-0.100460060567485,0.0730549464962498,0.0878368013265094,0.0241306485534076,0.0573422869720314
10,635,uncalibrated,433,-0.16096699440831,0.157250359598716,0.170175704870753,0.0291130830904884,0.156601769935619
10,635,offset,433,-0.16096699440831,0.0561921096996283,0.0667436241598128,0.0291130830904884,-0.0043652244726914
10,636,uncalibrated,433,-0.150935582653271,0.157276012514591,0.170311236124863,0.0175538767694357,0.156627422851493
10,636,offset,433,-0.150935582653271,0.0569214818087199,0.0671279718606228,0.0175538767694357,0.005691840198222
10,637,uncalibrated,433,-0.173334403678143,0.156981858939593,0.170154903362952,0.0247109710014658,0.156333269276496
10,637,offset,433,-0.173334403678143,0.057421454688903,0.0692938570633863,0.0247109710014658,-0.017001134401647
10,638,uncalibrated,433,-0.134437073403447,0.157548939956906,0.170596267927871,0.0259638593130867,0.156900350293808
10,638,offset,433,-0.134437073403447,0.0596760026347316,0.0706396879753237,0.0259638593130867,0.0224632768903612
10,639,uncalibrated,433,-0.0912703454895658,0.158819625387743,0.171454359995954,0.0326621407409842,0.158171035724645
10,639,offset,433,-0.0912703454895658,0.0782199204848354,0.0940968829098253,0.0326621407409842,0.0669006902350794
10,640,uncalibrated,433,-0.159990960966461,0.157536395148733,0.170515001081734,0.0136366821125026,0.156887805485636
10,640,offset,433,-0.159990960966461,0.0563351976368552,0.0668671194066501,0.0136366821125026,-0.00310315548082515
10,641,uncalibrated,433,-0.119654665641314,0.1577368485931,0.170818002100883,0.0205387947951291,0.157088258930002
10,641,offset,433,-0.119654665641314,0.0642344161208749,0.0768332132256674,0.0205387947951291,0.0374335932886878
10,642,uncalibrated,433,-0.208326521125545,0.156371607269519,0.169409908848901,0.0370151575544486,0.155723017606422
10,642,offset,433,-0.208326521125545,0.0675075532651804,0.0849540321952355,0.0370151575544486,-0.0526035035191228
10,643,uncalibrated,433,-0.152699795928668,0.157633216665006,0.170661767747095,0.0262066478643458,0.156984627001908
10,643,offset,433,-0.152699795928668,0.0568180917013585,0.0670792488997993,0.0262066478643458,0.00428483107324034
10,644,uncalibrated,433,-0.206474247911956,0.156874359859978,0.169998546940359,0.0184101762979064,0.15622577019688
10,644,offset,433,-0.206474247911956,0.0666062695004174,0.0837730517583515,0.0184101762979064,-0.0502484777150754
10,645,uncalibrated,433,-0.167592716184137,0.157512643230722,0.170475793696769,0.0182457297464927,0.156864053567625
10,645,offset,433,-0.167592716184137,0.056543920368289,0.0676074636147193,0.0182457297464927,-0.0107286626165118
10,646,uncalibrated,433,-0.197179500035924,0.156919175445275,0.16989707018316,0.0363547257534548,0.156270585782178
10,646,offset,433,-0.197179500035924,0.0623680662131005,0.0782180141753618,0.0363547257534548,-0.0409089142537469
10,647,uncalibrated,433,-0.201109685265127,0.15683868005955,0.169656539236987,0.0383350890782574,0.156190090396452
10,647,offset,433,-0.201109685265127,0.0637072166372482,0.0800360354526966,0.0383350890782574,-0.0449195948686751
10,648,uncalibrated,433,-0.153088253137066,0.157577843325233,0.170719723821274,0.0167332749658355,0.156929253662136
10,648,offset,433,-0.153088253137066,0.057242583179407,0.0673289442341905,0.0167332749658355,0.00384100052506945
10,649,uncalibrated,433,-0.169695251248121,0.157207523014738,0.170273824170349,0.0266478063438471,0.156558933351641
10,649,offset,433,-0.169695251248121,0.0566577540403698,0.0682278420680946,0.0266478063438471,-0.0131363178964796
10,650,uncalibrated,433,-0.121107881590966,0.157655174043818,0.170558401210881,0.0298936967161934,0.15700658438072
10,650,offset,433,-0.121107881590966,0.0630780987891772,0.0756823463345223,0.0298936967161934,0.0358987027897544
10,651,uncalibrated,433,-0.187826157069729,0.157734034993754,0.170469558195772,0.0347780488969021,0.157085445330656
10,651,offset,433,-0.187826157069729,0.0590838749987516,0.0730001677734769,0.0347780488969021,-0.0307407117390728
10,652,uncalibrated,433,-0.146348795607698,0.157324805255451,0.170191080985625,0.0293128541300748,0.156676215592354
10,652,offset,433,-0.146348795607698,0.0569418647554417,0.0672623454709486,0.0293128541300748,0.0103274199846563
10,653,uncalibrated,433,-0.147367195622324,0.157555261131914,0.170425050545003,0.0277837684270219,0.156906671468817
10,653,offset,433,-0.147367195622324,0.0569178378630441,0.0672011599696729,0.0277837684270219,0.0095394758464925
10,654,uncalibrated,433,-0.137696445662045,0.15758273556108,0.170700715654113,0.0118341406606966,0.156934145897983
10,654,offset,433,-0.137696445662045,0.0590926781158804,0.0698605560131384,0.0118341406606966,0.0192377002359375
10,655,uncalibrated,433,-0.188154101880393,0.156956647919417,0.170045927343937,0.0318585372362486,0.15630805825632
10,655,offset,433,-0.188154101880393,0.059870128621322,0.0741456595149367,0.0318585372362486,-0.0318460436240729
10,656,uncalibrated,433,-0.15662155504022,0.157265061514822,0.170392601675864,0.0186371455657374,0.156616471851725
10,656,offset,433,-0.15662155504022,0.0569363412720265,0.0671186969213979,0.0186371455657374,-5.08318849535061e-06
10,657,uncalibrated,433,-0.125456177149483,0.157394228348206,0.170433445257099,0.0155939852236492,0.156745638685109
10,657,offset,433,-0.125456177149483,0.0618652629557414,0.0738741796475003,0.0155939852236492,0.0312894615356255
10,658,uncalibrated,433,-0.163267541425177,0.157370424200805,0.170462432968078,0.0239409277421858,0.156721834537707
10,658,offset,433,-0.163267541425177,0.0565593705896719,0.0673687903349067,0.0239409277421858,-0.00654570688746927
10,659,uncalibrated,433,-0.178298044159404,0.157247697034463,0.170355463884436,0.0249941169272177,0.156599107371365
10,659,offset,433,-0.178298044159404,0.05781272731597,0.0704879245226037,0.0249941169272177,-0.0216989367880387
10,660,uncalibrated,433,-0.175496121396392,0.157320691199968,0.170448525750494,0.0269007932504269,0.156672101536871
10,660,offset,433,-0.175496121396392,0.0575458889641247,0.0697201280421149,0.0269007932504269,-0.0188240198595211
10,661,uncalibrated,433,-0.186451343188733,0.156861953802044,0.16981767588923,0.0322658451159067,0.156213364138947
10,661,offset,433,-0.186451343188733,0.0591790117303166,0.073142076028971,0.0322658451159067,-0.0302379790497865
10,662,uncalibrated,433,-0.209631272668963,0.156673059075489,0.169631226279425,0.0338665397028137,0.156024469412391
10,662,offset,433,-0.209631272668963,0.0680230236335456,0.0854681650033038,0.0338665397028137,-0.0536068032565717
10,663,uncalibrated,433,-0.181470210700069,0.157118731709964,0.170220335832491,0.0194247832871913,0.156470142046866
10,663,offset,433,-0.181470210700069,0.0583913617527715,0.071533634127062,0.0194247832871913,-0.0250000686532029
10,664,uncalibrated,433,-0.215786568103426,0.156240843294504,0.169251934418667,0.0302959037849881,0.155592253631406
10,664,offset,433,-0.215786568103426,0.0713133560731809,0.0897809746500748,0.0302959037849881,-0.0601943144720198
10,665,uncalibrated,433,-0.140106556975669,0.158178765062206,0.171036706613587,0.0315694023539906,0.157530175399109
10,665,offset,433,-0.140106556975669,0.0582219939790639,0.0688576889454893,0.0315694023539906,0.0174236184234395
10,666,uncalibrated,433,-0.149779036647702,0.157569529453958,0.170492678333855,0.0285611353060262,0.15692093979086
10,666,offset,433,-0.149779036647702,0.0568036068209466,0.0670416199171138,0.0285611353060262,0.00714190314315825
10,667,uncalibrated,433,-0.151193457975392,0.157217527687056,0.170310145314812,0.026172429454051,0.156568938023959
10,667,offset,433,-0.151193457975392,0.0570241571780965,0.0672354744830041,0.026172429454051,0.00537548004856672
10,668,uncalibrated,433,-0.182488846342335,0.156941405470236,0.16991131297016,0.0226337170265261,0.156292815807138
10,668,offset,433,-0.182488846342335,0.0581922041615672,0.0716145377568028,0.0226337170265261,-0.0261960305351963
10,669,uncalibrated,433,-0.146966804793589,0.15755376352687,0.170593599320829,0.0201198144009588,0.156905173863773
10,669,offset,433,-0.146966804793589,0.0572823122342846,0.0676883573725196,0.0201198144009588,0.00993836907018401
10,670,uncalibrated,433,-0.11925488810849,0.158089683070829,0.170851311553609,0.0296268162003275,0.157530755427621
10,670,offset,433,-0.11925488810849,0.0637508150615978,0.0764151409932808,0.0296268162003275,0.0382758673191309
10,671,uncalibrated,433,-0.203256719736347,0.156995306633666,0.169854997957543,0.0350805580066852,0.156346716970569
10,671,offset,433,-0.203256719736347,0.0647769424078092,0.0812832872315532,0.0350805580066852,-0.0469100027657788
10,672,uncalibrated,433,-0.150520690532684,0.1577862714547,0.170748263811002,0.0243795002093823,0.157137681791603
10,672,offset,433,-0.150520690532684,0.0570450040388787,0.0671304932869781,0.0243795002093823,0.00661699125891943
10,673,uncalibrated,433,-0.14724892154649,0.157372239116478,0.170465909943419,0.0180707882911349,0.15672364945338
10,673,offset,433,-0.14724892154649,0.0573583429784214,0.0677207104493254,0.0180707882911349,0.00947472790689046
10,674,uncalibrated,433,-0.198957444739727,0.15663820892175,0.169789630873722,0.0196167229605951,0.155989619258652
10,674,offset,433,-0.198957444739727,0.0637665766256914,0.0796366213644677,0.0196167229605951,-0.042967825481075
10,675,uncalibrated,433,-0.158021222837441,0.157101489586135,0.1700625475953,0.0229989004344468,0.156452899923038
10,675,offset,433,-0.158021222837441,0.056473588447894,0.0666799807816359,0.0229989004344468,-0.00156832291440266
10,676,uncalibrated,433,-0.141799626334983,0.15777889243378,0.170609274029264,0.0271448403046165,0.157130302770683
10,676,offset,433,-0.141799626334983,0.0576532714804103,0.0682101310361022,0.0271448403046165,0.0153306764357002
10,677,uncalibrated,433,-0.142956966604142,0.157580233374047,0.170736417023678,0.0115905409201697,0.15693164371095
10,677,offset,433,-0.142956966604142,0.058284024161837,0.0686926116878843,0.0115905409201697,0.0139746771068073
10,678,uncalibrated,433,-0.147409789068093,0.157766004735612,0.170598164166043,0.0400350501068093,0.157207077092404
10,678,offset,433,-0.147409789068093,0.0568004831070073,0.0669750355096467,0.0400350501068093,0.00979728802431088
10,679,uncalibrated,433,-0.159277958696527,0.157059311831218,0.170257048145401,0.0212811308627817,0.156410722168121
10,679,offset,433,-0.159277958696527,0.0571059652044776,0.0673154475536059,0.0212811308627817,-0.00286723652840615
10,680,uncalibrated,433,-0.12122956932327,0.158268541907141,0.17119574307369,0.0243863745505003,0.157619952244044
10,680,offset,433,-0.12122956932327,0.0635123491870152,0.0760801752775235,0.0243863745505003,0.0363903829207741
10,681,uncalibrated,433,-0.185986812368819,0.157340163189666,0.170207298344487,0.0368941852808272,0.156691573526569
10,681,offset,433,-0.185986812368819,0.0587813240763937,0.0726394260324339,0.0368941852808272,-0.0292952388422502
10,682,uncalibrated,433,-0.136362769784199,0.157703224767241,0.170763225266375,0.0233892066377633,0.157054635104144
10,682,offset,433,-0.136362769784199,0.0593335382598289,0.0701574941549193,0.0233892066377633,0.0206918653199449
10,683,uncalibrated,433,-0.178462780590606,0.15710283798025,0.170248427944453,0.021123404258541,0.156454248317153
10,683,offset,433,-0.178462780590606,0.0580288933452264,0.0706468038477616,0.021123404258541,-0.0220085322734536
10,684,uncalibrated,433,-0.141787750546896,0.157326034912137,0.170476980447318,0.0245094313023902,0.156677445249039
10,684,offset,433,-0.141787750546896,0.0584266995347699,0.0688206511229924,0.0245094313023902,0.0148896947021432
10,685,uncalibrated,433,-0.14772152443632,0.157725958800467,0.170694964519355,0.0286616532930304,0.15707736913737
10,685,offset,433,-0.14772152443632,0.0572561743245994,0.0674611210047432,0.0286616532930304,0.00935584470104973
10,686,uncalibrated,433,-0.11977221195817,0.157921233650584,0.17086962744294,0.0184293191396428,0.157272643987486
10,686,offset,433,-0.11977221195817,0.0639510003663381,0.0766030511015062,0.0184293191396428,0.0375004320293165
10,687,uncalibrated,433,-0.192405867403072,0.156704257725668,0.169770973986389,0.0311954339969891,0.15605566806257
10,687,offset,433,-0.192405867403072,0.0610180655115538,0.076093029023205,0.0311954339969891,-0.0363501993405015
10,688,uncalibrated,433,-0.139060882728953,0.157681956398627,0.170539097776493,0.0298480955104885,0.15703336673553
10,688,offset,433,-0.139060882728953,0.0582053702054363,0.0688993162773865,0.0298480955104885,0.0179724840065768
10,689,uncalibrated,433,-0.180796591874975,0.157186823668208,0.170253439147225,0.0327636890547679,0.156538234005111
10,689,offset,433,-0.180796591874975,0.0581134765223408,0.071207322394269,0.0327636890547679,-0.0242583578698644
10,690,uncalibrated,433,-0.128782119006001,0.157590018545851,0.170471478982599,0.0285632036730479,0.156941428882754
10,690,offset,433,-0.128782119006001,0.0606778639354831,0.0722693557428677,0.0285632036730479,0.028159309876753
10,691,uncalibrated,433,-0.135780176413783,0.157895139091049,0.170874844367157,0.0198671238416671,0.157360997581806
10,691,offset,433,-0.135780176413783,0.0591519601815596,0.0700104329357077,0.0198671238416671,0.0215808211680226
10,692,uncalibrated,433,-0.126380153549735,0.157954382150789,0.170779634996537,0.030630336130892,0.157696331452348
10,692,offset,433,-0.126380153549735,0.0609023644453704,0.0726515916855903,0.030630336130892,0.0313161779026136
10,693,uncalibrated,433,-0.19760462460451,0.156857264646658,0.169948389716503,0.0222589298352149,0.156208674983561
10,693,offset,433,-0.19760462460451,0.0627472519887721,0.0787078755407148,0.0222589298352149,-0.0413959496209491
10,694,uncalibrated,433,-0.187740523310924,0.157322982165978,0.170386241669636,0.0211696760999759,0.15667439250288
10,694,offset,433,-0.187740523310924,0.0598103840613225,0.0738221549911646,0.0211696760999759,-0.0310661308080438
10,695,uncalibrated,433,-0.165188136906193,0.156921228012131,0.170092037274246,0.024380086968314,0.156272638349034
10,695,offset,433,-0.165188136906193,0.0568909039846417,0.0677469538950529,0.024380086968314,-0.00891549855715882
10,696,uncalibrated,433,-0.156534516583612,0.157529084166612,0.170355475769228,0.0310271490511871,0.156880494503514
10,696,offset,433,-0.156534516583612,0.0562411596844934,0.0664049566644988,0.0310271490511871,0.000345977919902221
10,697,uncalibrated,433,-0.148060700094847,0.157086960762749,0.170221728583446,0.0257001605318858,0.156438371099651
10,697,offset,433,-0.148060700094847,0.0575689219702485,0.067621433740264,0.0257001605318858,0.0083776710048042
10,698,uncalibrated,433,-0.12732782382663,0.158129001490052,0.171022107162763,0.0191994386543966,0.157480411826954
10,698,offset,433,-0.12732782382663,0.0613676443760398,0.0731960353593129,0.0191994386543966,0.0301525880003243
10,699,uncalibrated,433,-0.157720662785008,0.157421744199851,0.170411516046784,0.0182639802858647,0.156773154536754
10,699,offset,433,-0.157720662785008,0.0563802498418388,0.0668068902871482,0.0182639802858647,-0.000947508248254534
10,700,uncalibrated,433,-0.191226780786445,0.15731263367755,0.17022522647133,0.0362359623848598,0.156664044014453
10,700,offset,433,-0.191226780786445,0.060374631883085,0.0750172501057144,0.0362359623848598,-0.034562736771992
10,701,uncalibrated,433,-0.221927916851466,0.156420741523748,0.169338608905913,0.0395696546645165,0.15577215186065
10,701,offset,433,-0.221927916851466,0.0743984957910623,0.0937399936655235,0.0395696546645165,-0.0661557649908157
10,702,uncalibrated,433,-0.210414895686335,0.156491030004972,0.169533851257354,0.0332944983992474,0.155842440341875
10,702,offset,433,-0.210414895686335,0.0682995963689171,0.0862149255799887,0.0332944983992474,-0.0545724553444599
10,703,uncalibrated,433,-0.186435637359323,0.156856085395749,0.169890403497352,0.0337811785288475,0.156207495732651
10,703,offset,433,-0.186435637359323,0.0593117276332019,0.0733192200151435,0.0337811785288475,-0.0302281416266719
10,704,uncalibrated,433,-0.151606904166458,0.157610778523686,0.170640888094298,0.0227322379978916,0.156962188860589
10,704,offset,433,-0.151606904166458,0.0570953169567057,0.0671555137859777,0.0227322379978916,0.0053552846941311
10,705,uncalibrated,433,-0.142777477108913,0.157699356285073,0.170725794868605,0.0166252973086501,0.157050766621975
10,705,offset,433,-0.142777477108913,0.057888258372371,0.068454952563643,0.0166252973086501,0.0142732895130627
10,706,uncalibrated,433,-0.148289485743704,0.157278529221737,0.170291269440478,0.0249441523870448,0.15662993955864
10,706,offset,433,-0.148289485743704,0.0571282286601483,0.0673479149740004,0.0249441523870448,0.00834045381493588
10,707,uncalibrated,433,-0.168592142796733,0.157613013928362,0.170752039002263,0.0171971982825892,0.156964424265264
10,707,offset,433,-0.168592142796733,0.0569650232305915,0.0682175356983189,0.0171971982825892,-0.011627718531469
10,708,uncalibrated,433,-0.17215847489802,0.157117732267302,0.170152118919722,0.0233288977476007,0.156469142604204
10,708,offset,433,-0.17215847489802,0.0568086532065677,0.06866808671721,0.0233288977476007,-0.0156893322938155
10,709,uncalibrated,433,-0.101774449461547,0.157758446968279,0.170660817887105,0.0305376578208714,0.157109857305182
10,709,offset,433,-0.101774449461547,0.0719024787909315,0.0866234082720286,0.0305376578208714,0.055335407843635
10,710,uncalibrated,433,-0.12810468988262,0.157955596209292,0.170797623809595,0.0314740739195629,0.157307006546194
10,710,offset,433,-0.12810468988262,0.0608627707692869,0.0726574792364776,0.0314740739195629,0.0292023166635748
10,711,uncalibrated,433,-0.142932059196204,0.157651420022072,0.170673282715041,0.0247409082874362,0.157117278512829
10,711,offset,433,-0.142932059196204,0.0579080966033657,0.0681524076794879,0.0247409082874362,0.0141852193166245
10,712,uncalibrated,433,-0.195827259320059,0.157167680639047,0.1700928359416,0.0320999253309391,0.156519090975949
10,712,offset,433,-0.195827259320059,0.0618919925479995,0.0773206253032627,0.0320999253309391,-0.0393081683441099
10,713,uncalibrated,433,-0.185359358526658,0.157133840924525,0.170129010473014,0.0247702497439433,0.156485251261427
10,713,offset,433,-0.185359358526658,0.0589384742082138,0.0727321140387032,0.0247702497439433,-0.0288741072652307
10,714,uncalibrated,433,-0.184481728863157,0.156891282575131,0.170065057400678,0.0185204380715232,0.156242692912034
10,714,offset,433,-0.184481728863157,0.0591909820730657,0.0728545661694627,0.0185204380715232,-0.0282390359511237
10,715,uncalibrated,433,-0.184208873150076,0.156657418571686,0.169794546881867,0.0275555366352233,0.156008828908589
10,715,offset,433,-0.184208873150076,0.0591003650337948,0.0727095313463858,0.0275555366352233,-0.0282000442414872
10,716,uncalibrated,433,-0.119790273534366,0.158000316571159,0.170631777760503,0.036445787072971,0.157351726908062
10,716,offset,433,-0.119790273534366,0.0632165447586385,0.0759374769155827,0.036445787072971,0.0375614533736964
10,717,uncalibrated,433,-0.196741099470588,0.157122401097826,0.170118431481406,0.0213634627472342,0.156473811434729
10,717,offset,433,-0.196741099470588,0.062254977967608,0.0779594865975007,0.0213634627472342,-0.0402672880358599
10,718,uncalibrated,433,-0.186307755825468,0.157026350488666,0.17016567193415,0.0184847453273543,0.156377760825569
10,718,offset,433,-0.186307755825468,0.0595466172295644,0.0734721472714397,0.0184847453273543,-0.0299299949998994
10,719,uncalibrated,433,-0.160120304211616,0.157564891534887,0.170641498724876,0.0164774801944934,0.15691630187179
10,719,offset,433,-0.160120304211616,0.056759919347859,0.0671271995911255,0.0164774801944934,-0.00320400233982606
10,720,uncalibrated,433,-0.10281560902808,0.158580773618836,0.171474211435747,0.0208605938201986,0.157932183955738
10,720,offset,433,-0.10281560902808,0.0719520641546823,0.0865948456332035,0.0208605938201986,0.0551165749276583
10,721,uncalibrated,433,-0.122130233476803,0.157842479726204,0.17067051482072,0.0320150050890793,0.157308338216961
10,721,offset,433,-0.122130233476803,0.0625316740384858,0.0749667286847799,0.0320150050890793,0.0351781047401575
10,722,uncalibrated,433,-0.19693712879032,0.15678359715991,0.169778668335677,0.0281791040806117,0.156135007496813
10,722,offset,433,-0.19693712879032,0.0622457857642204,0.0781758834798565,0.0281791040806117,-0.0408021212935074
10,723,uncalibrated,433,-0.11605038930284,0.158086898691357,0.171153582059542,0.021268789020038,0.15743830902826
10,723,offset,433,-0.11605038930284,0.0659697114919427,0.0788649947779891,0.021268789020038,0.0413879197254201
10,724,uncalibrated,433,-0.175746871893856,0.157276724283091,0.170293957199211,0.0224725246279794,0.156628134619994
10,724,offset,433,-0.175746871893856,0.0571728280545077,0.0695211149146415,0.0224725246279794,-0.0191187372738622
10,725,uncalibrated,433,-0.180256123428657,0.156953237881209,0.170094184586284,0.0257620186330391,0.156304648218112
10,725,offset,433,-0.180256123428657,0.0582335973524823,0.0712359581970129,0.0257620186330391,-0.023951475210545
10,726,uncalibrated,433,-0.137676586014742,0.157784380319955,0.170834638980056,0.0203975597369295,0.157135790656857
10,726,offset,433,-0.137676586014742,0.0590220287376234,0.0697959727734643,0.0203975597369295,0.0194592046421158
10,727,uncalibrated,433,-0.185956126757004,0.156973003808841,0.170106355610764,0.0212806127206815,0.156324414145744
10,727,offset,433,-0.185956126757004,0.0594719264927687,0.0733272674619895,0.0212806127206815,-0.02963171261126
10,728,uncalibrated,433,-0.182676259898341,0.157270153364171,0.170077860266006,0.0321081255545157,0.156621563701074
10,728,offset,433,-0.182676259898341,0.0579554258275898,0.0712391151715515,0.0321081255545157,-0.0260546961972674
10,729,uncalibrated,433,-0.148876563708622,0.157594263200674,0.170591323469487,0.0204739089199925,0.156999614062274
10,729,offset,433,-0.148876563708622,0.0571649855183542,0.0672198242664773,0.0204739089199925,0.00812305035365287
10,730,uncalibrated,433,-0.129100377815168,0.158143713754652,0.170933368978461,0.030677640618712,0.157495124091555
10,730,offset,433,-0.129100377815168,0.0606012329841199,0.0722479351525895,0.030677640618712,0.028394746276387
10,731,uncalibrated,433,-0.117869220137145,0.157530387538094,0.17034734091141,0.0269400393664487,0.156881797874996
10,731,offset,433,-0.117869220137145,0.064251809601272,0.0769954496892443,0.0269400393664487,0.039012577737851
10,732,uncalibrated,433,-0.169229113188212,0.157090680136505,0.170279655624752,0.0176699115950845,0.156442090473408
10,732,offset,433,-0.169229113188212,0.0569815494074281,0.0684437097029603,0.0176699115950845,-0.0127870227148041
10,733,uncalibrated,433,-0.206839482260073,0.156439569344136,0.16951509976336,0.0248703931792868,0.155790979681038
10,733,offset,433,-0.206839482260073,0.0667675590692201,0.0840862016823574,0.0248703931792868,-0.0510485025790347
10,734,uncalibrated,433,-0.116278959163465,0.158048774503859,0.171122823565785,0.0191357975420083,0.157400184840762
10,734,offset,433,-0.116278959163465,0.0657369884552466,0.0787347303191156,0.0191357975420083,0.0411212256772971
10,735,uncalibrated,433,-0.160112064474082,0.15731890613467,0.170432654821125,0.0291114517365129,0.156670316471572
10,735,offset,433,-0.160112064474082,0.0567485873183275,0.0671829397643994,0.0291114517365129,-0.00344174800251001
10,736,uncalibrated,433,-0.151647769000554,0.157273856993666,0.17013490395784,0.0352428598728581,0.156625267330569
10,736,offset,433,-0.151647769000554,0.0564264332164269,0.0666272216740013,0.0352428598728581,0.00497749833001472
10,737,uncalibrated,433,-0.198931636130303,0.156811443217515,0.169877983655006,0.0241699702599173,0.156162853554417
10,737,offset,433,-0.198931636130303,0.0632390358418698,0.0793779645963246,0.0241699702599173,-0.0427687825758855
10,738,uncalibrated,433,-0.121477509342289,0.157345275622254,0.170254458224673,0.0335429670229572,0.156696685959157
10,738,offset,433,-0.121477509342289,0.0629020801275972,0.0753201138897466,0.0335429670229572,0.0352191766168675
10,739,uncalibrated,433,-0.0873235899420466,0.158221287288929,0.171086917479757,0.0313150216771583,0.157572697625832
10,739,offset,433,-0.0873235899420466,0.0809000805918969,0.0968324089652393,0.0313150216771583,0.0702491076837849
10,740,uncalibrated,433,-0.185844690086142,0.156746007879166,0.169927992638611,0.0161250132157293,0.156097418216069
10,740,offset,433,-0.185844690086142,0.0596283237663868,0.0734439847242621,0.0161250132157293,-0.0297472718700729
10,741,uncalibrated,433,-0.162670214091424,0.157598430537123,0.170626677419425,0.0288235106523162,0.156949840874025
10,741,offset,433,-0.162670214091424,0.0565254512124317,0.0671783682933494,0.0288235106523162,-0.00572037321739826
10,742,uncalibrated,433,-0.185479130696024,0.156920690231017,0.170030486313068,0.0329387030760303,0.15627210056792
10,742,offset,433,-0.185479130696024,0.0593258370868509,0.0730920479180347,0.0329387030760303,-0.0292070301281045
10,743,uncalibrated,433,-0.185031608529829,0.156894139375582,0.169876321329471,0.0267255486167585,0.156245549712485
10,743,offset,433,-0.185031608529829,0.0588875452337842,0.0726218281628384,0.0267255486167585,-0.0287860588173445
10,744,uncalibrated,433,-0.179985985051517,0.157168316838047,0.170147142762333,0.0265846850264612,0.156519727174949
10,744,offset,433,-0.179985985051517,0.0577898016283481,0.070726872219791,0.0265846850264612,-0.0234662578765675
10,745,uncalibrated,433,-0.0881977780808747,0.158065882638849,0.1708914654852,0.0302250271770138,0.157417292975752
10,745,offset,433,-0.0881977780808747,0.0801485055847383,0.0959949482532689,0.0302250271770138,0.069219514894877
10,746,uncalibrated,433,-0.143768752250786,0.157234431996902,0.170278861138267,0.0266054570895467,0.156585842333804
10,746,offset,433,-0.143768752250786,0.057731505417061,0.0681178561711567,0.0266054570895467,0.0128170900830185
10,747,uncalibrated,433,-0.140018446593109,0.157941461199251,0.170866827950774,0.0329653850635246,0.157346812060851
10,747,offset,433,-0.140018446593109,0.0582927481159455,0.0688311403220246,0.0329653850635246,0.0173283654677419
10,748,uncalibrated,433,-0.176131569104909,0.156763786426196,0.169852000449745,0.0268228154090473,0.156115196763099
10,748,offset,433,-0.176131569104909,0.0574406560859609,0.0698455621934924,0.0268228154090473,-0.0200163723418098
10,749,uncalibrated,433,-0.194615708223097,0.15668404720279,0.169714227318358,0.0346025927131416,0.156035457539693
10,749,offset,433,-0.194615708223097,0.0617188259054242,0.0770992262441087,0.0346025927131416,-0.0385802506834041
10,750,uncalibrated,433,-0.13027348111351,0.157626983341997,0.170517941716883,0.0420091330277422,0.156978393678899
10,750,offset,433,-0.13027348111351,0.0601675523946961,0.071744719112139,0.0420091330277422,0.0267049125653896
10,751,uncalibrated,433,-0.185092069478079,0.156598946312843,0.169768940309905,0.0162567934805931,0.155950356649745
10,751,offset,433,-0.185092069478079,0.059470003983803,0.0731451897347624,0.0162567934805931,-0.0291417128283336
10,752,uncalibrated,433,-0.161891115809974,0.157577052714051,0.17061560651943,0.0235376094595996,0.156928463050954
10,752,offset,433,-0.161891115809974,0.0564389753724442,0.0671399329375984,0.0235376094595996,-0.00496265275902015
10,753,uncalibrated,433,-0.161588760223416,0.157335469616478,0.170325087190471,0.0193567154950323,0.156686879953381
10,753,offset,433,-0.161588760223416,0.0564726411534463,0.0669618205180983,0.0193567154950323,-0.00490188027003505
10,754,uncalibrated,433,-0.130028472934055,0.157719923068661,0.170738925829292,0.0301542983797139,0.157071333405563
10,754,offset,433,-0.130028472934055,0.0606716438956105,0.07219205855231,0.0301542983797139,0.0270428604715086
10,755,uncalibrated,433,-0.134215194839488,0.157796363633401,0.170915579166959,0.0156241396653876,0.157147773970303
10,755,offset,433,-0.134215194839488,0.0600603332645545,0.07101137601643,0.0156241396653876,0.0229325791308153
10,756,uncalibrated,433,-0.203210282470242,0.157167629357907,0.169951705676776,0.0378246822237072,0.15651903969481
10,756,offset,433,-0.203210282470242,0.0643928953795188,0.0810274313265233,0.0378246822237072,-0.0466912427754328
10,757,uncalibrated,433,-0.174439064126546,0.157001128458178,0.170150970761139,0.0263248256919228,0.156352538795081
10,757,offset,433,-0.174439064126546,0.0574030148473346,0.0695151700124254,0.0263248256919228,-0.0180865253314654
10,758,uncalibrated,433,-0.197210364837302,0.156677490240647,0.169732774184297,0.0218741674962891,0.156028900577549
10,758,offset,433,-0.197210364837302,0.0626727792694834,0.0784863670673836,0.0218741674962891,-0.0411814642597525
10,759,uncalibrated,433,-0.13559442774621,0.157596733753245,0.170686933742505,0.0230600206122925,0.156948144090148
10,759,offset,433,-0.13559442774621,0.0596329359361042,0.0704080295049783,0.0230600206122925,0.0213537163439382
10,760,uncalibrated,433,-0.178468645387508,0.157053244578386,0.170133094380418,0.0182540820195072,0.156404654915289
10,760,offset,433,-0.178468645387508,0.0578261682336703,0.0704959105185812,0.0182540820195072,-0.022063990472219
10,761,uncalibrated,433,-0.203309404784956,0.156821848097203,0.169876399611381,0.0316685222490923,0.156173258434106
10,761,offset,433,-0.203309404784956,0.0650914854981931,0.0817907133347571,0.0316685222490923,-0.0471361463508503
10,762,uncalibrated,433,-0.147846703867634,0.157194915397125,0.170315832483962,0.0231883978708428,0.156546325734027
10,762,offset,433,-0.147846703867634,0.0576042777660613,0.0676491989198632,0.0231883978708428,0.00869962186639303
10,763,uncalibrated,433,-0.166924353623789,0.157136340168474,0.170235206511177,0.0201977103985339,0.156487750505377
10,763,offset,433,-0.166924353623789,0.0567089124471342,0.0678272228704759,0.0201977103985339,-0.0104366031184122
10,764,uncalibrated,433,-0.165332951835594,0.157451587192141,0.170484531061069,0.0307967745540339,0.156892659548933
10,764,offset,433,-0.165332951835594,0.0565040510641794,0.067237692142573,0.0307967745540339,-0.00844029228666155
10,765,uncalibrated,433,-0.167982441002751,0.157384411578854,0.170396616472565,0.0262361390725501,0.156735821915757
10,765,offset,433,-0.167982441002751,0.0565410940371561,0.0677891988046667,0.0262361390725501,-0.0112466190869946
10,766,uncalibrated,433,-0.114625479649199,0.157913431934042,0.17068063993337,0.0335544326721664,0.157264842270945
10,766,offset,433,-0.114625479649199,0.0655974652746039,0.0788528089439317,0.0335544326721664,0.0426393626217459
10,767,uncalibrated,433,-0.123661790749424,0.158021887200531,0.17103033325997,0.0182495695879591,0.157373297537434
10,767,offset,433,-0.123661790749424,0.0627225079705833,0.0749765683872557,0.0182495695879591,0.0337115067880095
10,768,uncalibrated,433,-0.123659806571074,0.157796430900667,0.170883404437432,0.023275460576879,0.157147841237569
10,768,offset,433,-0.123659806571074,0.0627396549380885,0.0750142811224837,0.023275460576879,0.0334880346664958
10,769,uncalibrated,433,-0.142093094559624,0.157549548455096,0.170513663818927,0.0216396583590929,0.156900958791999
10,769,offset,433,-0.142093094559624,0.0579222570732972,0.0683832693151611,0.0216396583590929,0.0148078642323753
10,770,uncalibrated,433,-0.156166399415942,0.157590747418853,0.170498925028586,0.0306715017245845,0.156942157755755
10,770,offset,433,-0.156166399415942,0.0565777074201547,0.0666306562767665,0.0306715017245845,0.000775758339813881
10,771,uncalibrated,433,-0.181931764827193,0.156979261401899,0.16985746009131,0.0355293231622695,0.156330671738801
10,771,offset,433,-0.181931764827193,0.0580105874137098,0.071187736230945,0.0355293231622695,-0.0256010930883913
10,772,uncalibrated,433,-0.139765679360631,0.157695267204048,0.170621374948178,0.024921761964248,0.15704667754095
10,772,offset,433,-0.139765679360631,0.0583062966991786,0.0688957731697948,0.024921761964248,0.0172809981803191
10,773,uncalibrated,433,-0.110549177164775,0.158469578011394,0.171251379293519,0.0330921359764275,0.157820988348297
10,773,offset,433,-0.110549177164775,0.0678655313217234,0.0815732473257634,0.0330921359764275,0.0472718111835224
10,774,uncalibrated,433,-0.128314079917439,0.157834142468431,0.170838356442201,0.0197983155342943,0.157185552805334
10,774,offset,433,-0.128314079917439,0.0610766230507411,0.0728835232948469,0.0197983155342943,0.0288714728878947
10,775,uncalibrated,433,-0.158178853017912,0.157536928153184,0.170589908536589,0.0289168563977517,0.156888338490087
10,775,offset,433,-0.158178853017912,0.0566663364210526,0.0669972504517037,0.0289168563977517,-0.00129051452782511
10,776,uncalibrated,433,-0.126941613379009,0.15762378178005,0.170713462038799,0.0131973732523564,0.156975192116953
10,776,offset,433,-0.126941613379009,0.0616180314048801,0.0735111626416469,0.0131973732523564,0.0300335787379443
10,777,uncalibrated,433,-0.172717676780775,0.157589702930736,0.170303707759094,0.0440512097865564,0.156941113267639
10,777,offset,433,-0.172717676780775,0.0561993482287098,0.0679833788443394,0.0440512097865564,-0.0157765635131362
10,778,uncalibrated,433,-0.148512151858567,0.157937137829474,0.17100958074446,0.0221800716967219,0.157288548166376
10,778,offset,433,-0.148512151858567,0.0575322061380697,0.0676876240849186,0.0221800716967219,0.00877639630780926
10,779,uncalibrated,433,-0.165612688164969,0.157723131382067,0.170614095160162,0.0303930871246778,0.15707454171897
10,779,offset,433,-0.165612688164969,0.0562709159377758,0.0671539854054092,0.0303930871246778,-0.0085381464459996
10,780,uncalibrated,433,-0.153837793124946,0.1573133794112,0.170401038367761,0.0242591726775719,0.156664789748102
10,780,offset,433,-0.153837793124946,0.0569453832963151,0.0670868797895781,0.0242591726775719,0.00282699662315661
10,781,uncalibrated,433,-0.187387167131631,0.156528544041048,0.169623878666549,0.0243172688115031,0.155879954377951
10,781,offset,433,-0.187387167131631,0.059794518630604,0.0739351370629545,0.0243172688115031,-0.0315072127536802
10,782,uncalibrated,433,-0.125523603044515,0.158123530551326,0.171187169749971,0.0191314426300714,0.157474940888228
10,782,offset,433,-0.125523603044515,0.0623725037445774,0.074347683684547,0.0191314426300714,0.0319513378437132
10,783,uncalibrated,433,-0.180808870971946,0.156965534970012,0.170005902025663,0.0169210775425222,0.156316945306915
10,783,offset,433,-0.180808870971946,0.0580712730058695,0.0711819763441258,0.0169210775425222,-0.0244919256650306
10,784,uncalibrated,433,-0.172538963325436,0.157312170318394,0.170295183334475,0.0249906386359949,0.156663580655297
10,784,offset,433,-0.172538963325436,0.0566950711144943,0.0686221519489679,0.0249906386359949,-0.0158753826701389
10,785,uncalibrated,433,-0.18273743498402,0.156965983588776,0.170022284478517,0.027832699597412,0.156317393925679
10,785,offset,433,-0.18273743498402,0.0584952852134068,0.0719059673817292,0.027832699597412,-0.0264200410583416
10,786,uncalibrated,433,-0.222588053267464,0.156844291305184,0.169636856209382,0.0341297296607612,0.156195701642087
10,786,offset,433,-0.222588053267464,0.0746647240310085,0.0937417203143096,0.0341297296607612,-0.0663923516253771
10,787,uncalibrated,433,-0.155160187169549,0.157460827352872,0.170416966618148,0.0270523794518158,0.156812237689775
10,787,offset,433,-0.155160187169549,0.0564176335463917,0.0667427441223226,0.0270523794518158,0.00165205052022574
10,788,uncalibrated,433,-0.212826224726656,0.156682489161073,0.169703789902907,0.0257017116491288,0.156033899497975
10,788,offset,433,-0.212826224726656,0.0695747252375696,0.087625148899994,0.0257017116491288,-0.0567923252286809
10,789,uncalibrated,433,-0.161223108264653,0.15759041490658,0.170637940626953,0.0218932365573703,0.156941825243483
10,789,offset,433,-0.161223108264653,0.0565340311577902,0.0671185492614284,0.0218932365573703,-0.00428128302116973
10,790,uncalibrated,433,-0.167239704542537,0.157229678734474,0.170227810020019,0.0314170111702078,0.156581089071377
10,790,offset,433,-0.167239704542537,0.0563178621358188,0.0676274791279044,0.0314170111702078,-0.0106586154711602
10,791,uncalibrated,433,-0.129316746488393,0.157933568848157,0.170922204198544,0.0206795178054182,0.15728497918506
10,791,offset,433,-0.129316746488393,0.0608728893665166,0.0725124627289615,0.0206795178054182,0.0279682326966667
10,792,uncalibrated,433,-0.187242779568507,0.156921607769131,0.170050696832906,0.0166791022949166,0.156273018106034
10,792,offset,433,-0.187242779568507,0.0598112083624101,0.0738587126237025,0.0166791022949166,-0.0309697614624735
10,793,uncalibrated,433,-0.204419747817094,0.156704209312877,0.169542714792992,0.0420415739585623,0.156055619649779
10,793,offset,433,-0.204419747817094,0.0649516528367724,0.0820394088745498,0.0420415739585623,-0.0483641281673148
10,794,uncalibrated,433,-0.113148038973206,0.158318602790923,0.171211467112087,0.0179685016866785,0.157670013127826
10,794,offset,433,-0.113148038973206,0.0668323346846479,0.0802230616068051,0.0179685016866785,0.04452197415462
10,795,uncalibrated,433,-0.164240895095942,0.157636538641062,0.170615706222012,0.0236071559587352,0.156987948977965
10,795,offset,433,-0.164240895095942,0.0564245004362347,0.0672094361880689,0.0236071559587352,-0.00725294611797736
10,796,uncalibrated,433,-0.112714633759644,0.158215340549464,0.171107651595528,0.0237861662567134,0.157566750886366
10,796,offset,433,-0.112714633759644,0.0668314631662485,0.0803881823429273,0.0237861662567134,0.0448521171267218
10,797,uncalibrated,433,-0.104979063728912,0.15841928072213,0.171181851446552,0.0207534981276817,0.157860353078922
10,797,offset,433,-0.104979063728912,0.0703837084196125,0.0847334995960101,0.0207534981276817,0.0528812893500097
10,798,uncalibrated,433,-0.167172434425501,0.157120243846485,0.170007037180882,0.0345954975501174,0.156471654183388
10,798,offset,433,-0.167172434425501,0.0561334298704479,0.0673314252479936,0.0345954975501174,-0.0107007802421134
10,799,uncalibrated,433,-0.0911480905315364,0.158229782538129,0.171134470767647,0.0305151886753067,0.157581192875032
10,799,offset,433,-0.0911480905315364,0.078406043400598,0.0941728826360653,0.0305151886753067,0.0664331023434955
10,800,uncalibrated,433,-0.185483675263008,0.157087671270835,0.170185095602811,0.027024293431816,0.156439081607738
10,800,offset,433,-0.185483675263008,0.0593402914030397,0.0730299180587338,0.027024293431816,-0.0290445936552707
10,801,uncalibrated,433,-0.180145447416031,0.156800156948413,0.169999636375787,0.0131921257878425,0.156151567285316
10,801,offset,433,-0.180145447416031,0.0584519466679181,0.0713601477434452,0.0131921257878425,-0.0239938801307146
10,802,uncalibrated,433,-0.227680445094428,0.156320515944801,0.16914897021874,0.0427574463180653,0.155761588301593
10,802,offset,433,-0.227680445094428,0.0780782107511717,0.0975808572324183,0.0427574463180653,-0.071918856792835
10,803,uncalibrated,433,-0.137853265093287,0.157630910147507,0.170641568171377,0.0186590202498144,0.156982320484409
10,803,offset,433,-0.137853265093287,0.0587530341225887,0.0695774144638436,0.0186590202498144,0.0191290553911226
10,804,uncalibrated,433,-0.112518085782896,0.158029276235809,0.170980713718742,0.0220403864840043,0.157380686572712
10,804,offset,433,-0.112518085782896,0.0669164111617656,0.0804883650430211,0.0220403864840043,0.0448626007898162
10,805,uncalibrated,433,-0.169156730229511,0.157586026835895,0.170374133293987,0.0353523084073002,0.156937437172797
10,805,offset,433,-0.169156730229511,0.0561261997869292,0.0674336505916536,0.0353523084073002,-0.0122192930567137
10,806,uncalibrated,433,-0.174437644444513,0.157068309493247,0.170188226211979,0.0128705537203378,0.15641971983015
10,806,offset,433,-0.174437644444513,0.057334615846699,0.0694373760797895,0.0128705537203378,-0.0180179246143636
10,807,uncalibrated,433,-0.187387167131631,0.157102279861604,0.170132227240822,0.0271749158217348,0.156453690198506
10,807,offset,433,-0.187387167131631,0.0595822552568603,0.073648472926224,0.0271749158217348,-0.0309334769331243
10,808,uncalibrated,433,-0.179235420020273,0.156947705952633,0.169978444963869,0.0349356958355358,0.156299116289535
10,808,offset,433,-0.179235420020273,0.057721038085747,0.0706352038878208,0.0349356958355358,-0.0229363037307381
10,809,uncalibrated,433,-0.209342028439981,0.156677808754976,0.169741347885786,0.0295765587918587,0.156029219091879
10,809,offset,433,-0.209342028439981,0.0677975643762459,0.0854942314559809,0.0295765587918587,-0.053312809348102
10,810,uncalibrated,433,-0.160613982624352,0.157538979083694,0.170647270594433,0.0232212138591609,0.156890389420597
10,810,offset,433,-0.160613982624352,0.0567444227696612,0.0672291738394146,0.0232212138591609,-0.00372359320375569
10,811,uncalibrated,433,-0.148309241686991,0.157657853660174,0.170737514839396,0.0171929848938812,0.157009263997076
10,811,offset,433,-0.148309241686991,0.0574123590084762,0.067639340481893,0.0171929848938812,0.00870002231008529
10,812,uncalibrated,433,-0.13098918430503,0.157669631720353,0.170740252379809,0.0264522488455498,0.157021042057256
10,812,offset,433,-0.13098918430503,0.0605778907174575,0.0719324944097338,0.0264522488455498,0.0260318577522256
10,813,uncalibrated,433,-0.152951931263569,0.157517401202318,0.170665446034457,0.0173188482142565,0.15686881153922
10,813,offset,433,-0.152951931263569,0.0571184837893022,0.0673365605559616,0.0173188482142565,0.00391688027565159
10,814,uncalibrated,433,-0.108196609042362,0.157862620516565,0.170702695017812,0.0372010456053792,0.157328479007321
10,814,offset,433,-0.108196609042362,0.0684233012436988,0.0824687845541607,0.0372010456053792,0.0491318699649594
10,815,uncalibrated,433,-0.106423823970842,0.158246108782275,0.17117567448906,0.0228704458660735,0.157597519119178
10,815,offset,433,-0.106423823970842,0.0698961485556029,0.0841598513508661,0.0228704458660735,0.0511736951483357
10,816,uncalibrated,433,-0.186973803728392,0.157519481684665,0.170362915395134,0.0273622025931314,0.156870892021568
10,816,offset,433,-0.186973803728392,0.0591431793999021,0.0729467714948098,0.0273622025931314,-0.0301029117068243
10,817,uncalibrated,433,-0.149128371047442,0.15722493971589,0.170423363858743,0.0183221505677227,0.156576350052793
10,817,offset,433,-0.149128371047442,0.0575679350065677,0.0677011221793167,0.0183221505677227,0.00744797900535058
10,818,uncalibrated,433,-0.165887308760886,0.157581531553842,0.170518138993778,0.0275892478266847,0.156932941890744
10,818,offset,433,-0.165887308760886,0.0562365411196876,0.0672953799414407,0.0275892478266847,-0.00895436687014187
10,819,uncalibrated,433,-0.165517556402922,0.157096381492797,0.170278833087286,0.0199396992442543,0.1564477918297
10,819,offset,433,-0.165517556402922,0.0569587877717505,0.0678323673373738,0.0199396992442543,-0.00906976457322153
10,820,uncalibrated,433,-0.131547484362488,0.15785038349878,0.170925026088044,0.0170191515065844,0.157201793835683
10,820,offset,433,-0.131547484362488,0.0605101674225687,0.0718408251107157,0.0170191515065844,0.0256543094731946
10,821,uncalibrated,433,-0.179717909351414,0.15697534718976,0.170020571621521,0.0318003024758482,0.15671729649132
10,821,offset,433,-0.179717909351414,0.0575333064198072,0.0698262983903666,0.0318003024758482,-0.0230006128600948
10,822,uncalibrated,433,-0.130207189144299,0.157828679109504,0.170947686714249,0.02292846445483,0.157180089446407
10,822,offset,433,-0.130207189144299,0.0610256828408711,0.0724228446367576,0.02292846445483,0.0269729003021075
10,823,uncalibrated,433,-0.18070295206682,0.156871674906225,0.169840905240394,0.0222552360827867,0.156223085243128
10,823,offset,433,-0.18070295206682,0.0580008161976474,0.0709897500326681,0.0222552360827867,-0.0244798668236919
10,824,uncalibrated,433,-0.134422456939768,0.157725535017452,0.17066056999653,0.0265815858045865,0.157076945354355
10,824,offset,433,-0.134422456939768,0.0594353485329146,0.0704633893239048,0.0265815858045865,0.0226544884145866
10,825,uncalibrated,433,-0.180759647189542,0.157337825207988,0.170359226221789,0.0194292163282675,0.15668923554489
10,825,offset,433,-0.180759647189542,0.0579796144889578,0.0710642958171508,0.0194292163282675,-0.0240704116446521
10,826,uncalibrated,433,-0.153300091311258,0.157563388815252,0.170543711654802,0.0275624931474704,0.156968739676852
10,826,offset,433,-0.153300091311258,0.0567369555543214,0.0667789737124442,0.0275624931474704,0.00366864836559417
10,827,uncalibrated,433,-0.181994133761864,0.156762565754914,0.169884028774709,0.0225516086326415,0.156113976091816
10,827,offset,433,-0.181994133761864,0.0586144040172285,0.0718247329445526,0.0225516086326415,-0.0258801576700477
10,828,uncalibrated,433,-0.110829203485729,0.157891599532592,0.17071859371149,0.029402432739645,0.157243009869495
10,828,offset,433,-0.110829203485729,0.0673710281840603,0.081078452803691,0.029402432739645,0.0464138063837659
10,829,uncalibrated,433,-0.188260709671188,0.156767438808162,0.169797505891852,0.0286198942400638,0.156118849145064
10,829,offset,433,-0.188260709671188,0.0597292465955561,0.0741026122805062,0.0286198942400638,-0.0321418605261235
10,830,uncalibrated,433,-0.192192372119455,0.156762785718297,0.169762094213093,0.0322540234199535,0.156114196055199
10,830,offset,433,-0.192192372119455,0.0608162673137457,0.0758232234198556,0.0322540234199535,-0.036078176064256
10,831,uncalibrated,433,-0.130838658434557,0.157593505075254,0.17061902437538,0.0278070504556978,0.156944915412157
10,831,offset,433,-0.130838658434557,0.0606112736818474,0.0718378845627986,0.0278070504556978,0.0261062569775998
10,832,uncalibrated,433,-0.152289812141288,0.157819890170132,0.170725276843428,0.0307304802650433,0.157171300507034
10,832,offset,433,-0.152289812141288,0.0567613252464249,0.0668440826016604,0.0307304802650433,0.00488148836574666
10,833,uncalibrated,433,-0.198629561946636,0.156568081230242,0.169708020942883,0.0259096089702142,0.155919491567145
10,833,offset,433,-0.198629561946636,0.0634645143219468,0.0794611517259472,0.0259096089702142,-0.0427100703794906
10,834,uncalibrated,433,-0.168588126677015,0.156720922756716,0.169830937675203,0.0207971038138782,0.156072333093618
10,834,offset,433,-0.168588126677015,0.0568007144730025,0.0681220913021288,0.0207971038138782,-0.0125157935833965
10,835,uncalibrated,433,-0.153015294841249,0.157411104099643,0.170492324569515,0.0178424133990845,0.156762514436545
10,835,offset,433,-0.153015294841249,0.0570182313268525,0.0671355975570648,0.0178424133990845,0.00374721959529602
10,836,uncalibrated,433,-0.108587298804723,0.158126229093398,0.171110405862685,0.0233453783585532,0.157477639430301
10,836,offset,433,-0.108587298804723,0.0689045795539829,0.0828844344882557,0.0233453783585532,0.0488903406255777
10,837,uncalibrated,433,-0.206533325326492,0.156617824600129,0.169723703005549,0.0266104099054372,0.155969234937032
10,837,offset,433,-0.206533325326492,0.0666422737553791,0.0838836119393193,0.0266104099054372,-0.0505640903894597
10,838,uncalibrated,433,-0.193944923234344,0.157028822457796,0.170010045055347,0.0309667673996508,0.156380232794699
10,838,offset,433,-0.193944923234344,0.0613083650820483,0.0765489658886594,0.0309667673996508,-0.0375646904396449
10,839,uncalibrated,433,-0.152827895837508,0.157356382788517,0.170349433192673,0.0263877972070545,0.15670779312542
10,839,offset,433,-0.152827895837508,0.0566815418073099,0.066907776571864,0.0263877972070545,0.00387989728791166
10,840,uncalibrated,433,-0.142392597547311,0.157491995700486,0.170459070654825,0.0319521058759326,0.156957854191243
10,840,offset,433,-0.142392597547311,0.0576983759346587,0.0680637456895418,0.0319521058759326,0.014565256643932
10,841,uncalibrated,433,-0.200230091510203,0.157065099091581,0.170068949381097,0.0267973960309396,0.156416509428484
10,841,offset,433,-0.200230091510203,0.0637157802588504,0.07985582694225,0.0267973960309396,-0.0438135820817194
10,842,uncalibrated,433,-0.141840645126691,0.157532473141263,0.170557309125646,0.0228872951873205,0.156883883478165
10,842,offset,433,-0.141840645126691,0.0581014615429301,0.0685823725245053,0.0228872951873205,0.015043238351474
10,843,uncalibrated,433,-0.171431556911544,0.15730964187031,0.170458572602744,0.0192845813296232,0.156661052207213
10,843,offset,433,-0.171431556911544,0.057175036300114,0.0687866811549632,0.0192845813296232,-0.0147705047043317
10,844,uncalibrated,433,-0.190101724979774,0.157050907969951,0.17013239874768,0.0266918554809553,0.156402318306853
10,844,offset,433,-0.190101724979774,0.0603912045339709,0.0749599756002386,0.0266918554809553,-0.0336994066729208
10,845,uncalibrated,433,-0.159284849906832,0.157426488056944,0.170587169549414,0.0209645060788308,0.156777898393847
10,845,offset,433,-0.159284849906832,0.0569500504721843,0.0672826708445611,0.0209645060788308,-0.00250695151298591
10,846,uncalibrated,433,-0.186231051989686,0.156885271644575,0.170064015584115,0.00817540189669112,0.156236681981478
10,846,offset,433,-0.186231051989686,0.0596861207161899,0.073563107820442,0.00817540189669112,-0.029994370008208
10,847,uncalibrated,433,-0.118826799735142,0.157709475888299,0.170754943360203,0.0207517266376396,0.157060886225202
10,847,offset,433,-0.118826799735142,0.064447054883005,0.077142556801221,0.0207517266376396,0.0382340864900599
10,848,uncalibrated,433,-0.0871805915443953,0.158554371103958,0.171352434917875,0.0316813071538442,0.15790578144086
10,848,offset,433,-0.0871805915443953,0.0810184873215732,0.0971054768060332,0.0316813071538442,0.0707251898964649
10,849,uncalibrated,433,-0.147663123090097,0.157754993487303,0.170722029022115,0.0300153469849946,0.157106403824205
10,849,offset,433,-0.147663123090097,0.057203961465265,0.0674741774449819,0.0300153469849946,0.00944328073410874
10,850,uncalibrated,433,-0.142498001639407,0.15774072319178,0.170788668697663,0.0159497757153462,0.157092133528682
10,850,offset,433,-0.142498001639407,0.0580999443643185,0.0685843978214308,0.0159497757153462,0.0145941318892755
10,851,uncalibrated,433,-0.0903624977573365,0.158558625962035,0.171341184336308,0.0265259331175592,0.157910036298938
10,851,offset,433,-0.0903624977573365,0.0789331282749135,0.0947886694118347,0.0265259331175592,0.0675475385416011
10,852,uncalibrated,433,-0.158171049509101,0.15723872757015,0.170331065362568,0.025075565342398,0.156590137907052
10,852,offset,433,-0.158171049509101,0.0566592347679751,0.0670425224711245,0.025075565342398,-0.00158091160204824
10,853,uncalibrated,433,-0.20105937635327,0.156928799549834,0.16988090825983,0.0271109884568791,0.156280209886737
10,853,offset,433,-0.20105937635327,0.0639926762305174,0.0802570416747326,0.0271109884568791,-0.0447791664665333
10,854,uncalibrated,433,-0.141609441971841,0.15765036637983,0.170649728065737,0.0301955356718183,0.157001776716733
10,854,offset,433,-0.141609441971841,0.0579868017214791,0.0686199370853534,0.0301955356718183,0.0153923347448919
10,855,uncalibrated,433,-0.116509680685422,0.157762510884335,0.170449229000448,0.0412311039998725,0.157167861745935
10,855,offset,433,-0.116509680685422,0.0644139895640749,0.0774873576024327,0.0412311039998725,0.0406581810605124
10,856,uncalibrated,433,-0.199769171381583,0.156956016247892,0.169972276695427,0.0252613690111808,0.156307426584795
10,856,offset,433,-0.199769171381583,0.0635062093380227,0.0796711145914693,0.0252613690111808,-0.043461744796788
10,857,uncalibrated,433,-0.153409613602189,0.157676252540097,0.170520748166943,0.0280282548566998,0.157027662877
10,857,offset,433,-0.153409613602189,0.0563635233069933,0.0665787423083091,0.0280282548566998,0.0036180492748104
10,858,uncalibrated,433,-0.118528827496726,0.15769740376988,0.170620406837961,0.0310218992939015,0.157048814106783
10,858,offset,433,-0.118528827496726,0.0642500915481506,0.0770115743615426,0.0310218992939015,0.0385199866100572
10,859,uncalibrated,433,-0.10332863188709,0.158126905228828,0.170967459908209,0.0239042729333364,0.157478315565731
10,859,offset,433,-0.10332863188709,0.0711803038059965,0.0858058314833086,0.0239042729333364,0.0541496836786405
10,860,uncalibrated,433,-0.127509686085531,0.157609047668415,0.170641009988134,0.0192715678319983,0.156960458005318
10,860,offset,433,-0.127509686085531,0.0612728979160077,0.0731376570530033,0.0192715678319983,0.0294507719197872
10,861,uncalibrated,433,-0.146957879615712,0.157426171946854,0.170573179819289,0.012072347762133,0.156777582283757
10,861,offset,433,-0.146957879615712,0.0577307242202478,0.0679148432039145,0.012072347762133,0.00981970266804461
10,862,uncalibrated,433,-0.147020923520393,0.157433478645701,0.170300482565683,0.028106600386138,0.156784888982604
10,862,offset,433,-0.147020923520393,0.0569817100836026,0.0672018449922631,0.028106600386138,0.00976396546221078
10,863,uncalibrated,433,-0.142810144817519,0.157792477136786,0.170853967699605,0.0235534292403351,0.157143887473689
10,863,offset,433,-0.142810144817519,0.0581663540118546,0.0685735596778199,0.0235534292403351,0.01433374265617
10,864,uncalibrated,433,-0.164811840897509,0.15736518751928,0.170388300501123,0.0245874781071924,0.156716597856182
10,864,offset,433,-0.164811840897509,0.0564990196879674,0.0673618130986889,0.0245874781071924,-0.00809524304132628
10,865,uncalibrated,433,-0.193221615079851,0.157338571539704,0.170259007042096,0.0217365492801202,0.156689981876606
10,865,offset,433,-0.193221615079851,0.0609381165620257,0.075966698513005,0.0217365492801202,-0.0365316332032444
10,866,uncalibrated,433,-0.141426651250135,0.157311984995232,0.170341205850709,0.0307362450847874,0.156663395332134
10,866,offset,433,-0.141426651250135,0.0581856777472019,0.0685920209929785,0.0307362450847874,0.0152367440819996
10,867,uncalibrated,433,-0.178178156155424,0.157140062909265,0.170067032066198,0.0364333651508552,0.156491473246167
10,867,offset,433,-0.178178156155424,0.0572554282583958,0.0700251841315399,0.0364333651508552,-0.0216866829092567
10,868,uncalibrated,433,-0.136546689212,0.15768847663771,0.170662045635525,0.0271377441379552,0.157039886974612
10,868,offset,433,-0.136546689212,0.0592479374789964,0.0698854696917788,0.0271377441379552,0.0204931977626125
10,869,uncalibrated,433,-0.124953024023647,0.158075478246072,0.170918415385021,0.0311819862083214,0.157541336736829
10,869,offset,433,-0.124953024023647,0.0616999642728118,0.0738635909118413,0.0311819862083214,0.0325883127131819
10,870,uncalibrated,433,-0.112179870987046,0.157738173041353,0.170736915152718,0.0176239408530226,0.157089583378256
10,870,offset,433,-0.112179870987046,0.0670814097628841,0.0805657449352612,0.0176239408530226,0.0449097123912096
10,871,uncalibrated,433,-0.123710654466738,0.157791960168608,0.170787761252902,0.0307208005947089,0.157143370505511
10,871,offset,433,-0.123710654466738,0.0623964905070104,0.074780792999775,0.0307208005947089,0.0334327160387732
10,872,uncalibrated,433,-0.174486364047897,0.157244654281964,0.170294298060088,0.0203897239871671,0.156596064618867
10,872,offset,433,-0.174486364047897,0.0571766895057197,0.0692667547335834,0.0203897239871671,-0.0178902994290302
10,873,uncalibrated,433,-0.156799231267112,0.15722684466332,0.170344722249972,0.0182131336479475,0.156578255000223
10,873,offset,433,-0.156799231267112,0.0568797188762429,0.0670866848936208,0.0182131336479475,-0.000220976266889112
10,874,uncalibrated,433,-0.175270125193395,0.157236758506857,0.170391059803278,0.0151108501011425,0.15658816884376
10,874,offset,433,-0.175270125193395,0.0575113162106875,0.0697300088347339,0.0151108501011425,-0.0186819563496352
10,875,uncalibrated,433,-0.112011479982859,0.158178381223705,0.171003702703525,0.0204667375789714,0.157529791560607
10,875,offset,433,-0.112011479982859,0.0669538549232785,0.08061357080589,0.0204667375789714,0.0455183115777477
10,876,uncalibrated,433,-0.207144562989525,0.156135619712224,0.169234518531869,0.0256782098696575,0.155487030049127
10,876,offset,433,-0.207144562989525,0.0670784981588058,0.0844547598345041,0.0256782098696575,-0.0516575329403977
10,877,uncalibrated,433,-0.189849157998362,0.157049777735764,0.170037121492058,0.026566064153173,0.156455128597365
10,877,offset,433,-0.189849157998362,0.0602298089687916,0.0744954805375575,0.026566064153173,-0.0333940294009976
10,878,uncalibrated,433,-0.209734457670875,0.156413517247376,0.169433971276395,0.0242458737282959,0.155764927584279
10,878,offset,433,-0.209734457670875,0.0679904407935541,0.0857780166180276,0.0242458737282959,-0.0539695300865964
10,879,uncalibrated,433,-0.184870456902433,0.157133403918525,0.170085618054401,0.0331970877163623,0.156484814255428
10,879,offset,433,-0.184870456902433,0.0586592749296801,0.0724386988071665,0.0331970877163623,-0.028385642647005
10,880,uncalibrated,433,-0.178734728395976,0.157117026004083,0.170224217527076,0.0256723692439228,0.156468436340985
10,880,offset,433,-0.178734728395976,0.057953587174231,0.0706378115713572,0.0256723692439228,-0.0222662920549911
10,881,uncalibrated,433,-0.16805392116123,0.157504761440592,0.170542477714369,0.019948199395461,0.156856171777495
10,881,offset,433,-0.16805392116123,0.0565356829439624,0.0678694899901708,0.019948199395461,-0.0111977493837353
10,882,uncalibrated,433,-0.201933765827587,0.156568065186673,0.169619650278576,0.0290463420591315,0.155919475523576
10,882,offset,433,-0.201933765827587,0.0646647927314781,0.0811002948531088,0.0290463420591315,-0.046014290304011
10,883,uncalibrated,433,-0.177226114987385,0.157207005252891,0.170341744635442,0.0149540135610513,0.156558415589793
10,883,offset,433,-0.177226114987385,0.057742852980194,0.0702347938834363,0.0149540135610513,-0.0206676993975919
10,884,uncalibrated,433,-0.166313990487772,0.157150465087393,0.1702112605635,0.0218458615573424,0.156501875424296
10,884,offset,433,-0.166313990487772,0.0564054277677053,0.0676410660273239,0.0218458615573424,-0.0098121150634762
10,885,uncalibrated,433,-0.171704347899868,0.15686894591028,0.17002186481633,0.0220409038396797,0.156220356247183
10,885,offset,433,-0.171704347899868,0.0570847627261378,0.0688650042265736,0.0220409038396797,-0.0154839916526849
10,886,uncalibrated,433,-0.224048616582213,0.156415471852602,0.169389851788963,0.026217662085508,0.155766882189504
10,886,offset,433,-0.224048616582213,0.0758852502323724,0.0953519562134102,0.026217662085508,-0.0682817343927082
10,887,uncalibrated,433,-0.142783303769232,0.157417011536359,0.170620676063908,0.019167062012598,0.156768421873262
10,887,offset,433,-0.142783303769232,0.0584165228039202,0.0687797974135981,0.019167062012598,0.0139851181040295
10,888,uncalibrated,433,-0.209691152432384,0.156491608638713,0.169568357991245,0.0272215547514246,0.155843018975616
10,888,offset,433,-0.209691152432384,0.0681573301271854,0.0858254213225353,0.0272215547514246,-0.0538481334567679
10,889,uncalibrated,433,-0.184204132302791,0.156827766199742,0.169912101140412,0.0244497830618047,0.156179176536644
10,889,offset,433,-0.184204132302791,0.0588200155362592,0.0725505690948036,0.0244497830618047,-0.0280249557661471
10,890,uncalibrated,433,-0.132891938783104,0.157579676926132,0.170643755478909,0.0206628146091322,0.156931087263034
10,890,offset,433,-0.132891938783104,0.0599817208649169,0.0712025687319467,0.0206628146091322,0.0240391484799299
10,891,uncalibrated,433,-0.134147613821489,0.157895310240817,0.170807894587771,0.0232920185394743,0.15724672057772
10,891,offset,433,-0.134147613821489,0.0595907997748207,0.0705859366587667,0.0232920185394743,0.0230991067562304
10,892,uncalibrated,433,-0.177364905632585,0.157291059913255,0.170467507623763,0.0172534428728874,0.156642470250158
10,892,offset,433,-0.177364905632585,0.0579005829368662,0.0703685085643071,0.0172534428728874,-0.0207224353824268
10,893,uncalibrated,433,-0.208199828147601,0.156660387982539,0.169541121563596,0.0405833701950897,0.156011798319441
10,893,offset,433,-0.208199828147601,0.0670204826865638,0.0844280826711162,0.0405833701950897,-0.0521880298281591
10,894,uncalibrated,433,-0.15624365322065,0.157323080361839,0.170432728698072,0.02111875040011,0.156674490698742
10,894,offset,433,-0.15624365322065,0.0567168565303891,0.06708654557132,0.02111875040011,0.000430837478091783
10,895,uncalibrated,433,-0.160137758580675,0.157205414546992,0.170256334645984,0.0300242887368726,0.156556824883895
10,895,offset,433,-0.160137758580675,0.0564806677609602,0.0670074858168798,0.0300242887368726,-0.00358093369677993
10,896,uncalibrated,433,-0.095222011814982,0.158209785373476,0.171038560964574,0.036487839351766,0.157561195710379
10,896,offset,433,-0.095222011814982,0.0758138844810861,0.0911857049755725,0.036487839351766,0.0623391838953968
10,897,uncalibrated,433,-0.154746866237641,0.15731013151494,0.170378008029185,0.019478146987132,0.156661541851842
10,897,offset,433,-0.154746866237641,0.0568001725371078,0.0670036783117464,0.019478146987132,0.00191467561420182
10,898,uncalibrated,433,-0.128655676215877,0.157966567218517,0.170868816512078,0.0271956819436526,0.15731797755542
10,898,offset,433,-0.128655676215877,0.0609596014322319,0.0725860448859793,0.0271956819436526,0.0286623013395423
10,899,uncalibrated,433,-0.184971755447836,0.157155516274726,0.170219938776987,0.0194649167431461,0.156506926611629
10,899,offset,433,-0.184971755447836,0.0591343959985257,0.0727368954554565,0.0194649167431461,-0.0284648288362074
10,900,uncalibrated,433,-0.118146159470171,0.15798745290597,0.170736292483548,0.0348152233068924,0.157338863242872
10,900,offset,433,-0.118146159470171,0.0640281348992412,0.0770157887285657,0.0348152233068924,0.0391927037727016
10,901,uncalibrated,433,-0.209041925651503,0.156575746614104,0.169676280781827,0.0263773771614995,0.155927156951007
10,901,offset,433,-0.209041925651503,0.0678932105986985,0.0854279851057992,0.0263773771614995,-0.0531147687004963
10,902,uncalibrated,433,-0.120237327479883,0.157866734154266,0.170773742724036,0.0314349003779472,0.157307806511058
10,902,offset,433,-0.120237327479883,0.0634564746140285,0.0761061471252858,0.0314349003779472,0.0370704790311753
10,903,uncalibrated,433,-0.119977246320113,0.1579578043408,0.170943134920456,0.0196257397309381,0.157309214677703
10,903,offset,433,-0.119977246320113,0.0640274221916971,0.076609674424119,0.0196257397309381,0.03733196835759
10,904,uncalibrated,433,-0.131706228745248,0.158154648710032,0.17095222744439,0.0279594537996366,0.157559999571632
10,904,offset,433,-0.131706228745248,0.0599528080577196,0.0711893817161591,0.0279594537996366,0.0258537708263839
10,905,uncalibrated,433,-0.190253780042971,0.157185789532492,0.170142532653116,0.0290271163378646,0.156537199869394
10,905,offset,433,-0.190253780042971,0.0601321578830971,0.0747087294314879,0.0290271163378646,-0.0337165801735763
10,906,uncalibrated,433,-0.18593299175149,0.15678305263062,0.169811881275118,0.0214248778792215,0.156134462967523
10,906,offset,433,-0.18593299175149,0.0591794077622033,0.0731167341565987,0.0214248778792215,-0.029798528783967
10,907,uncalibrated,433,-0.152149874935824,0.157418981150805,0.170524319391196,0.0153143920319902,0.156770391487708
10,907,offset,433,-0.152149874935824,0.0570836877951076,0.0672527845507359,0.0153143920319902,0.00462051655188366
10,908,uncalibrated,433,-0.155138204990091,0.157589314838674,0.170603384808852,0.0271274719348715,0.156940725175577
10,908,offset,433,-0.155138204990091,0.0567930264854611,0.0669206453093529,0.0271274719348715,0.0018025201854856
10,909,uncalibrated,433,-0.179848310663772,0.156980330192645,0.170051326236252,0.0195386754395273,0.156331740529548
10,909,offset,433,-0.179848310663772,0.0580456480310712,0.0709286227738002,0.0195386754395273,-0.0235165701342243
10,910,uncalibrated,433,-0.176981194618926,0.157172780607147,0.170226161531412,0.0208159526469712,0.156524190944049
10,910,offset,433,-0.176981194618926,0.0575266506685803,0.0699686552563573,0.0208159526469712,-0.0204570036748764
10,911,uncalibrated,433,-0.138913284027908,0.157548459328991,0.170576260514902,0.0261731695007107,0.156899869665894
10,911,offset,433,-0.138913284027908,0.0584779553928842,0.0692979712039677,0.0261731695007107,0.0179865856379855
10,912,uncalibrated,433,-0.185912053667213,0.157133967470332,0.170053283483327,0.0332380216681487,0.156485377807235
10,912,offset,433,-0.185912053667213,0.0590600766188077,0.0727761980880827,0.0332380216681487,-0.029426675859978
10,913,uncalibrated,433,-0.194664645663334,0.157154790487491,0.169985838249784,0.0364887248988021,0.156506200824394
10,913,offset,433,-0.194664645663334,0.0611672581043977,0.0765314394319254,0.0364887248988021,-0.0381584448389398
10,914,uncalibrated,433,-0.182802392172532,0.156594858399547,0.169706326278399,0.0259413960925362,0.155946268736449
10,914,offset,433,-0.182802392172532,0.0586753241642114,0.0721266234625166,0.0259413960925362,-0.0268561234360824
10,915,uncalibrated,433,-0.132696174243947,0.157832586323133,0.170888550797765,0.0228088763285689,0.157183996660036
10,915,offset,433,-0.132696174243947,0.0603589886173222,0.0713844621358184,0.0228088763285689,0.0244878224160895
10,916,uncalibrated,433,-0.176080563655505,0.156790482187991,0.170001799579413,0.0212393697279111,0.156141892524894
10,916,offset,433,-0.176080563655505,0.0579146661921706,0.0701275399927752,0.0212393697279111,-0.0199386711306109
10,917,uncalibrated,433,-0.126423382787453,0.157891348859826,0.170942363327558,0.0230667453836624,0.157242759196729
10,917,offset,433,-0.126423382787453,0.0619676643841138,0.0737959363547003,0.0230667453836624,0.030819376409276
10,918,uncalibrated,433,-0.157091559032119,0.157398301756408,0.170451009036599,0.0257294223766802,0.156749712093311
10,918,offset,433,-0.157091559032119,0.0565893920801745,0.0669566359637968,0.0257294223766802,-0.00034184693880804
10,919,uncalibrated,433,-0.220581278538551,0.156119427166688,0.169143696870984,0.0305029882273588,0.15547083750359
10,919,offset,433,-0.220581278538551,0.074022970339173,0.0931545941372879,0.0305029882273588,-0.0651104410349611
10,920,uncalibrated,433,-0.175735991918397,0.157263593512961,0.170288386261605,0.0290979308841467,0.156615003849863
10,920,offset,433,-0.175735991918397,0.0573847082590461,0.0695376678456076,0.0290979308841467,-0.0191209880685342
10,921,uncalibrated,433,-0.181555735002148,0.157406406276082,0.17037907239735,0.0317757638600917,0.156757816612984
10,921,offset,433,-0.181555735002148,0.0580676659474641,0.0712106171729125,0.0317757638600917,-0.0247979183891638
10,922,uncalibrated,433,-0.17782489136146,0.157430703564906,0.170420127400997,0.0201146393575684,0.156782113901809
10,922,offset,433,-0.17782489136146,0.0575243402030316,0.0700370406789775,0.0201146393575684,-0.0210427774596507
10,923,uncalibrated,433,-0.184069756007189,0.156706648858706,0.169861569625707,0.0210433658566121,0.156058059195609
10,923,offset,433,-0.184069756007189,0.0592035655540353,0.0726876203632557,0.0210433658566121,-0.0280116968115809
10,924,uncalibrated,433,-0.171250801632531,0.157387145274566,0.170238853589306,0.0337997294231522,0.156738555611468
10,924,offset,433,-0.171250801632531,0.0564825243969526,0.0680066007149863,0.0337997294231522,-0.0145122460210628
10,925,uncalibrated,433,-0.172060697281284,0.157180489433745,0.170253159601731,0.024881556037473,0.156531899770648
10,925,offset,433,-0.172060697281284,0.0569108959997888,0.0687389719205252,0.024881556037473,-0.0155287975106359
10,926,uncalibrated,433,-0.167677534179688,0.156848247153364,0.169908782151348,0.0201907660364442,0.156199657490267
10,926,offset,433,-0.167677534179688,0.0565255647128626,0.0678410119719262,0.0201907660364442,-0.0114778766894209
10,927,uncalibrated,433,-0.182405237664922,0.156769195811837,0.16984226420284,0.0251924138214061,0.15612060614874
10,927,offset,433,-0.182405237664922,0.0585960570586692,0.0718584226047213,0.0251924138214061,-0.0262846315161816
10,928,uncalibrated,433,-0.140349470760274,0.157600320467272,0.170432368530024,0.0403528557868798,0.157041392824064
10,928,offset,433,-0.140349470760274,0.0577227670611365,0.0682921184677673,0.0403528557868798,0.0166919220637897
10,929,uncalibrated,433,-0.149070717283166,0.157640479406785,0.170745707128315,0.0228528523957347,0.156991889743687
10,929,offset,433,-0.149070717283166,0.0573750611779294,0.0676046450371827,0.0228528523957347,0.00792117246052173
10,930,uncalibrated,433,-0.199836487769937,0.156507465412802,0.169558995722155,0.0403684518568751,0.156249414714361
10,930,offset,433,-0.199836487769937,0.0633009713944567,0.0789696547369778,0.0403684518568751,-0.0435870730555759
10,931,uncalibrated,433,-0.152380495382713,0.157677219645042,0.170567916833915,0.023091358437952,0.157028629981944
10,931,offset,433,-0.152380495382713,0.0566200038315671,0.066760982424672,0.023091358437952,0.00464813459923133
10,932,uncalibrated,433,-0.109253826022954,0.157973395121074,0.170902363977685,0.0305009221865159,0.157324805457976
10,932,offset,433,-0.109253826022954,0.068342296404207,0.0822638600152784,0.0305009221865159,0.0480709794350224
10,933,uncalibrated,433,-0.139201502919225,0.157765497626992,0.17077352457295,0.0225759251845574,0.157116907963895
10,933,offset,433,-0.139201502919225,0.0585881202027285,0.0692736289279502,0.0225759251845574,0.01791540504467
10,934,uncalibrated,433,-0.166182362582325,0.157703570682915,0.170677972163173,0.0269834243307744,0.157054981019818
10,934,offset,433,-0.166182362582325,0.0563713851779502,0.0674389517473762,0.0269834243307744,-0.00912738156250734
10,935,uncalibrated,433,-0.192224451578595,0.15679488000679,0.169878460691365,0.0232971912354932,0.156146290343692
10,935,offset,433,-0.192224451578595,0.0611311346963999,0.076017505463297,0.0232971912354932,-0.0360781612349024
10,936,uncalibrated,433,-0.154748455542762,0.157359107057836,0.170389438200352,0.0249523589349595,0.156710517394738
10,936,offset,433,-0.154748455542762,0.0565984141504907,0.0669195343290423,0.0249523589349595,0.00196206185197642
10,937,uncalibrated,433,-0.159418708498022,0.157386048738098,0.170468552272834,0.021711570800633,0.156737459075001
10,937,offset,433,-0.159418708498022,0.0567176173380415,0.0670826753728336,0.021711570800633,-0.0026812494230214
10,938,uncalibrated,433,-0.168053262528555,0.157492438211554,0.170215382349676,0.0406434618605554,0.156843848548456
10,938,offset,433,-0.168053262528555,0.0557965556705397,0.0670740972561891,0.0406434618605554,-0.0112094139800989
10,939,uncalibrated,433,-0.14802450459973,0.157186558098711,0.170229463992656,0.0304735773728272,0.156537968435614
10,939,offset,433,-0.14802450459973,0.0572957857038669,0.0674271007515726,0.0304735773728272,0.0085134638358836
10,940,uncalibrated,433,-0.191250943544226,0.156875103746405,0.169844858159312,0.024384891885711,0.156226514083308
10,940,offset,433,-0.191250943544226,0.0605137664541512,0.0752812247482567,0.024384891885711,-0.0350244294609181
10,941,uncalibrated,433,-0.157256232516709,0.157636547268186,0.170693379469552,0.0210351620746686,0.156987957605088
10,941,offset,433,-0.157256232516709,0.0567579529471083,0.0670155424744713,0.0210351620746686,-0.000268274911620483
10,942,uncalibrated,433,-0.164133011910269,0.15707263847972,0.170046330478714,0.0278851742425506,0.156424048816623
10,942,offset,433,-0.164133011910269,0.0562070927889326,0.0671319564221846,0.0278851742425506,-0.00770896309364632
10,943,uncalibrated,433,-0.119186346220694,0.158078745223398,0.171057547789997,0.0178404931109902,0.157430155560301
10,943,offset,433,-0.119186346220694,0.0643284377249099,0.0770650357100472,0.0178404931109902,0.0382438093396073
10,944,uncalibrated,433,-0.176926244353739,0.157490321646262,0.170327135554483,0.0314711868572019,0.156841731983164
10,944,offset,433,-0.176926244353739,0.056968930563565,0.0693930245188975,0.0314711868572019,-0.020084512370575
10,945,uncalibrated,433,-0.173318384703549,0.157437572409231,0.170542876819087,0.0197204143620391,0.156788982746134
10,945,offset,433,-0.173318384703549,0.0571360890691278,0.0691036095456136,0.0197204143620391,-0.0165294019574151
10,946,uncalibrated,433,-0.210970141287353,0.156470294385904,0.169662391880047,0.0187048445550392,0.155821704722806
10,946,offset,433,-0.210970141287353,0.0691198711234303,0.0868692903807269,0.0187048445550392,-0.0551484365645467
10,947,uncalibrated,433,-0.200095969404605,0.156379279067242,0.169384867337102,0.0285539672902395,0.155730689404144
10,947,offset,433,-0.200095969404605,0.0638216885940571,0.0800466347202479,0.0285539672902395,-0.0443652800004605
10,948,uncalibrated,433,-0.15973779627093,0.157491217953439,0.170597511145549,0.0207825454851647,0.156842628290341
10,948,offset,433,-0.15973779627093,0.0567449213084128,0.0671735272087848,0.0207825454851647,-0.00289516798058897
10,949,uncalibrated,433,-0.128263505378885,0.157547239056657,0.170582256901603,0.00967388595866663,0.15689864939356
10,949,offset,433,-0.128263505378885,0.0612010828538618,0.0728085960643563,0.00967388595866663,0.0286351440146752
10,950,uncalibrated,433,-0.196207316039895,0.156953920032376,0.169817574733991,0.032484615043363,0.156359270893977
10,950,offset,433,-0.196207316039895,0.0620159814741522,0.0773152882422985,0.032484615043363,-0.0398480451459183
10,951,uncalibrated,433,-0.119927262374848,0.157974588503616,0.170894446277159,0.0237158076376492,0.157325998840519
10,951,offset,433,-0.119927262374848,0.0638994816015989,0.0764990676180997,0.0237158076376492,0.037398736465671
10,952,uncalibrated,433,-0.183266072184277,0.156838482717555,0.170055832747601,0.0222837620814059,0.156189893054458
10,952,offset,433,-0.183266072184277,0.0590931716177154,0.072503951860482,0.0222837620814059,-0.0270761791298188
10,953,uncalibrated,433,-0.144004709908234,0.157794738753976,0.170766801236862,0.0303457882876429,0.157146149090879
10,953,offset,433,-0.144004709908234,0.0578489275025914,0.0681108336050014,0.0303457882876429,0.0131414391826445
10,954,uncalibrated,433,-0.171537856796304,0.157200624246897,0.170333149290038,0.0229510055325539,0.1565520345838
10,954,offset,433,-0.171537856796304,0.0570633142560123,0.0687707574636189,0.0229510055325539,-0.0149858222125034
10,955,uncalibrated,433,-0.209562065449269,0.156378857324104,0.169415844322548,0.0214760968771459,0.155730267661007
10,955,offset,433,-0.209562065449269,0.0680397247210123,0.0857185773031096,0.0214760968771459,-0.0538317977882618
10,956,uncalibrated,433,-0.183739660317156,0.157223873999163,0.170094558032386,0.04119104284465,0.156664946355954
10,956,offset,433,-0.183739660317156,0.0583414550298528,0.0715632125578466,0.04119104284465,-0.0270747139612016
10,957,uncalibrated,433,-0.200902085483831,0.156787281755727,0.169799173562872,0.0244163000556762,0.156138692092629
10,957,offset,433,-0.200902085483831,0.0638758267684306,0.0803506662208412,0.0244163000556762,-0.044763393391202
10,958,uncalibrated,433,-0.168386059729868,0.15727540799414,0.170431579237798,0.0175942272582433,0.156626818331043
10,958,offset,433,-0.168386059729868,0.0569585724046525,0.068214681258951,0.0175942272582433,-0.0117592413988259
10,959,uncalibrated,433,-0.139081775786179,0.157796478532315,0.170732283826699,0.0244818609195337,0.157147888869217
10,959,offset,433,-0.139081775786179,0.058421497365331,0.0691407130897411,0.0244818609195337,0.0180661130830383
10,960,uncalibrated,433,-0.142929333709478,0.157947488647662,0.170795203582136,0.0199883306741489,0.157413347138418
10,960,offset,433,-0.142929333709478,0.0574958571019916,0.0678367625580166,0.0199883306741489,0.0144840134289401
10,961,uncalibrated,433,-0.151850546902291,0.157508778115351,0.170535056549321,0.0232013326196343,0.156860188452254
10,961,offset,433,-0.151850546902291,0.0569988098175507,0.0670983107049837,0.0232013326196343,0.00500964154996334
10,962,uncalibrated,433,-0.130298111835406,0.157921136386296,0.170866425198808,0.0317299421013917,0.157272546723198
10,962,offset,433,-0.130298111835406,0.0603847883596426,0.0720298649515245,0.0317299421013917,0.0269744348877919
10,963,uncalibrated,433,-0.120025566580908,0.158422583414981,0.171332211473741,0.0262392393277854,0.157773993751884
10,963,offset,433,-0.120025566580908,0.0641485575747875,0.0767270313380218,0.0262392393277854,0.0377484271709761
10,964,uncalibrated,433,-0.165008423979554,0.157690198284093,0.17068882198769,0.0199222599133221,0.157041608620995
10,964,offset,433,-0.165008423979554,0.0566039290305856,0.0673504065335386,0.0199222599133221,-0.00796681535855896
10,965,uncalibrated,433,-0.217449548393557,0.156696313224228,0.169644117826705,0.0375118298906723,0.15604772356113
10,965,offset,433,-0.217449548393557,0.0718057433658776,0.0905451201188782,0.0375118298906723,-0.0614018248324267
10,966,uncalibrated,433,-0.213005568361635,0.156702712948998,0.169786676457809,0.0263824038769125,0.156054123285901
10,966,offset,433,-0.213005568361635,0.0697207610039431,0.0878526789817579,0.0263824038769125,-0.0569514450757341
10,967,uncalibrated,433,-0.110790981136934,0.158179259186101,0.171226295982155,0.0084300880724382,0.157530669523004
10,967,offset,433,-0.110790981136934,0.068088880265028,0.0817748804085316,0.0084300880724382,0.04673968838607
10,968,uncalibrated,433,-0.155489119065818,0.157470602264449,0.170356642567668,0.029006581725371,0.156822012601352
10,968,offset,433,-0.155489119065818,0.0563557904230691,0.0665583851649578,0.029006581725371,0.00133289353553396
10,969,uncalibrated,433,-0.181375036626725,0.157028767573902,0.169971993963719,0.0383643608767278,0.156380177910805
10,969,offset,433,-0.181375036626725,0.058045428818591,0.0711369218536788,0.0383643608767278,-0.0249948587159204
10,970,uncalibrated,433,-0.158002143169719,0.157122653015333,0.170306199363307,0.0147687285591346,0.156474063352236
10,970,offset,433,-0.158002143169719,0.0570230487498794,0.0672488220532051,0.0147687285591346,-0.00152807981748248
10,971,uncalibrated,433,-0.133771636466193,0.157243595048688,0.170279149385508,0.0238757409319014,0.156595005385591
10,971,offset,433,-0.133771636466193,0.0597044685584158,0.070667525586862,0.0238757409319014,0.0228233689193971
10,972,uncalibrated,433,-0.186891768630909,0.156491147390625,0.169575694409876,0.0249812578669207,0.155842557727528
10,972,offset,433,-0.186891768630909,0.0595452365777876,0.0737093402036445,0.0249812578669207,-0.0310492109033813
10,973,uncalibrated,433,-0.102540313655787,0.158056517098439,0.170969461950865,0.0243528176372633,0.157407927435342
10,973,offset,433,-0.102540313655787,0.0718620685569116,0.0863930341065814,0.0243528176372633,0.0548676137795547
10,974,uncalibrated,433,-0.127920678274985,0.15779461304415,0.170910713032409,0.0211506039406381,0.157146023381053
10,974,offset,433,-0.127920678274985,0.0615212103859252,0.073278373080582,0.0211506039406381,0.0292253451060682
10,975,uncalibrated,433,-0.185433378018207,0.156912313768407,0.169866820920441,0.0230059938981885,0.15626372410531
10,975,offset,433,-0.185433378018207,0.059008783457044,0.0727135069141565,0.0230059938981885,-0.0291696539128976
10,976,uncalibrated,433,-0.207575766926196,0.156749853843542,0.16979915328551,0.0301435055902335,0.156101264180445
10,976,offset,433,-0.207575766926196,0.0670350193747024,0.0843431811746821,0.0301435055902335,-0.0514745027457509
10,977,uncalibrated,433,-0.196640093838822,0.156822622878089,0.169859578258964,0.0243823817186517,0.156174033214991
10,977,offset,433,-0.196640093838822,0.0623519298704502,0.0780989739887002,0.0243823817186517,-0.0404660606238312
10,978,uncalibrated,433,-0.175376984007245,0.156972958278833,0.170052618813356,0.0242257680791851,0.156324368615735
10,978,offset,433,-0.175376984007245,0.0572900801792506,0.0695958841845485,0.0242257680791851,-0.0190526153915093
10,979,uncalibrated,433,-0.145922857088165,0.15777997680477,0.170692252095219,0.021629605278423,0.157131387141673
10,979,offset,433,-0.145922857088165,0.0572745694240647,0.0676106740554488,0.021629605278423,0.011208530053508
10,980,uncalibrated,433,-0.156596397838821,0.157386072484833,0.170535858052894,0.0210452874631935,0.156737482821735
10,980,offset,433,-0.156596397838821,0.0569423533788522,0.067200150784917,0.0210452874631935,0.000141084982914174
10,981,uncalibrated,433,-0.123724791756758,0.158337062874857,0.171146933020562,0.0250310718276677,0.15768847321176
10,981,offset,433,-0.123724791756758,0.0623897890822062,0.0746937062707817,0.0250310718276677,0.0339636814550019
10,982,uncalibrated,433,-0.164040094196722,0.157425608919208,0.170466195328737,0.020881508227762,0.156777019256111
10,982,offset,433,-0.164040094196722,0.0563885766103699,0.0673234152477203,0.020881508227762,-0.00726307494061162
10,983,uncalibrated,433,-0.193137682260178,0.156629020538006,0.169791397540348,0.0222372723419282,0.155980430874909
10,983,offset,433,-0.193137682260178,0.0615823099927987,0.0766804094491558,0.0222372723419282,-0.0371572513852694
10,984,uncalibrated,433,-0.162491928325107,0.157412734594293,0.170595439735022,0.0101702510235853,0.156764144931195
10,984,offset,433,-0.162491928325107,0.0569612212400329,0.0675323213356696,0.0101702510235853,-0.00572778339391168
10,985,uncalibrated,433,-0.162826878806302,0.157438049985965,0.17052456607356,0.0167284740406638,0.156789460322867
10,985,offset,433,-0.162826878806302,0.0566505968412877,0.0673211941975495,0.0167284740406638,-0.00603741848343477
10,986,uncalibrated,433,-0.164347273039497,0.157110627469285,0.170106225482989,0.0312570755313586,0.156462037806188
10,986,offset,433,-0.164347273039497,0.0563353889682147,0.0672155905150672,0.0312570755313586,-0.00788523523330923
10,987,uncalibrated,433,-0.195248405114773,0.156730401039956,0.169796415908313,0.0222771153059442,0.156081811376859
10,987,offset,433,-0.195248405114773,0.0619915613543992,0.0774810497970828,0.0222771153059442,-0.0391665937379136
10,988,uncalibrated,433,-0.151104531695611,0.157421189262188,0.170436937312438,0.0297269581818993,0.156772599599091
10,988,offset,433,-0.151104531695611,0.0568640300271097,0.0671060996418752,0.0297269581818993,0.00566806790347964
10,989,uncalibrated,433,-0.177977628343834,0.156950426333446,0.169933641282223,0.034290776347004,0.156301836670349
10,989,offset,433,-0.177977628343834,0.0573542032745321,0.0701214534759741,0.034290776347004,-0.0216757916734853
10,990,uncalibrated,433,-0.150877092817769,0.157075535684818,0.170172982860382,0.0224001687467227,0.15642694602172
10,990,offset,433,-0.150877092817769,0.0572085519964263,0.06723284557791,0.0224001687467227,0.00554985320395096
10,991,uncalibrated,433,-0.175450298812566,0.157473693434739,0.170443973343061,0.0249402352660814,0.156825103771642
10,991,offset,433,-0.175450298812566,0.0571182986582954,0.0693104087875425,0.0249402352660814,-0.0186251950409235
10,992,uncalibrated,433,-0.20919965676377,0.156411064134774,0.169551775490046,0.0264146267673763,0.155762474471677
10,992,offset,433,-0.20919965676377,0.0680683644011898,0.0856819033962559,0.0264146267673763,-0.053437182292093
10,993,uncalibrated,433,-0.141584155573718,0.157378251145363,0.170474742402714,0.0239140973895537,0.156729661482266
10,993,offset,433,-0.141584155573718,0.0582995568442922,0.0687519989393161,0.0239140973895537,0.015145505908548
10,994,uncalibrated,433,-0.140687796636197,0.157562270011273,0.170396835359121,0.0301039659489668,0.156913680348175
10,994,offset,433,-0.140687796636197,0.0579214992827808,0.0683846307457214,0.0301039659489668,0.0162258837119786
10,995,uncalibrated,433,-0.198838891965162,0.156660378444859,0.169750674659105,0.019179112549655,0.156011788781761
10,995,offset,433,-0.198838891965162,0.0632450576370037,0.0794340863572951,0.019179112549655,-0.0428271031834006
10,996,uncalibrated,433,-0.118234670709974,0.157902134271118,0.170824297673461,0.0305250900846738,0.15725354460802
10,996,offset,433,-0.118234670709974,0.064457076701947,0.0772964158555628,0.0305250900846738,0.0390188738980458
10,997,uncalibrated,433,-0.144224456999006,0.157477145788755,0.170660607973275,0.0268262930473323,0.156828556125658
10,997,offset,433,-0.144224456999006,0.058249658866461,0.0684741587180414,0.0268262930473323,0.012604099126652
10,998,uncalibrated,433,-0.200325037716093,0.15719665643438,0.170155355996585,0.0301966420592626,0.156548066771282
10,998,offset,433,-0.200325037716093,0.0636781902918837,0.0797619655575362,0.0301966420592626,-0.0437769709448106
10,999,uncalibrated,433,-0.155899753929513,0.157349597241961,0.170514796089859,0.00888395676536698,0.156701007578864
10,999,offset,433,-0.155899753929513,0.0570401529546023,0.0672363883380539,0.00888395676536698,0.000801253649351108
