k,replicate,unit
1,0,ID1407
1,1,ID5311
1,2,ID3318
1,3,ID7108
1,4,ID1605
1,5,ID1173
1,6,ID3302
1,7,ID5309
1,8,ID5171
1,9,ID2103
1,10,ID3307
1,11,ID3524
1,12,ID1871
1,13,ID1311
1,14,ID6208
1,15,ID3216
1,16,ID1215
1,17,ID7322
1,18,ID7107
1,19,ID7325
1,20,ID1272
1,21,ID3301
1,22,ID7310
1,23,ID3322
1,24,ID6110
1,25,ID1401
1,26,ID7207
1,27,ID3518
1,28,ID3504
1,29,ID1376
1,30,ID1108
1,31,ID3217
1,32,ID1273
1,33,ID3214
1,34,ID6107
1,35,ID7502
1,36,ID8206
1,37,ID6206
1,38,ID5305
1,39,ID7571
1,40,ID3515
1,41,ID9471
1,42,ID3209
1,43,ID3376
1,44,ID8201
1,45,ID5312
1,46,ID1223
1,47,ID3507
1,48,ID3320
1,49,ID1609
1,50,ID6203
1,51,ID8204
1,52,ID7605
1,53,ID7311
1,54,ID1872
1,55,ID3306
1,56,ID7109
1,57,ID7371
1,58,ID5272
1,59,ID7602
1,60,ID6104
1,61,ID3316
1,62,ID5371
1,63,ID7505
1,64,ID2101
1,65,ID3502
1,66,ID1111
1,67,ID1804
1,68,ID7401
1,69,ID8207
1,70,ID3520
1,71,ID6301
1,72,ID7503
1,73,ID7111
1,74,ID3310
1,75,ID1213
1,76,ID1473
1,77,ID1471
1,78,ID1902
1,79,ID1205
1,80,ID1377
1,81,ID9171
1,82,ID7307
1,83,ID1223
1,84,ID1310
1,85,ID7312
1,86,ID7211
1,87,ID3274
1,88,ID1607
1,89,ID1609
1,90,ID1306
1,91,ID3520
1,92,ID7212
1,93,ID3520
1,94,ID1277
1,95,ID8202
1,96,ID3514
1,97,ID5171
1,98,ID1306
1,99,ID1222
1,100,ID1705
1,101,ID6110
1,102,ID1509
1,103,ID3502
1,104,ID7106
1,105,ID3212
1,106,ID5315
1,107,ID1175
1,108,ID2103
1,109,ID3210
1,110,ID3208
1,111,ID3276
1,112,ID5318
1,113,ID5206
1,114,ID7106
1,115,ID9171
1,116,ID3212
1,117,ID3674
1,118,ID5318
1,119,ID7326
1,120,ID7410
1,121,ID6372
1,122,ID3401
1,123,ID1605
1,124,ID1372
1,125,ID3518
1,126,ID6371
1,127,ID1872
1,128,ID5108
1,129,ID3279
1,130,ID1401
1,131,ID3307
1,132,ID5104
1,133,ID3329
1,134,ID6108
1,135,ID7107
1,136,ID7326
1,137,ID1508
1,138,ID7410
1,139,ID8171
1,140,ID3672
1,141,ID3577
1,142,ID1222
1,143,ID3318
1,144,ID6305
1,145,ID1213
1,146,ID1305
1,147,ID5371
1,148,ID3215
1,149,ID6409
1,150,ID7302
1,151,ID1601
1,152,ID1109
1,153,ID3301
1,154,ID1311
1,155,ID3506
1,156,ID3275
1,157,ID3515
1,158,ID8172
1,159,ID1116
1,160,ID7404
1,161,ID6207
1,162,ID1971
1,163,ID8206
1,164,ID7204
1,165,ID3306
1,166,ID7472
1,167,ID1902
1,168,ID9471
1,169,ID7606
1,170,ID2105
1,171,ID1272
1,172,ID1509
1,173,ID6112
1,174,ID1408
1,175,ID3524
1,176,ID6102
1,177,ID7111
1,178,ID3272
1,179,ID6105
1,180,ID7203
1,181,ID3521
1,182,ID1112
1,183,ID3203
1,184,ID1114
1,185,ID1207
1,186,ID1803
1,187,ID1376
1,188,ID3211
1,189,ID2171
1,190,ID1402
1,191,ID7315
1,192,ID3315
1,193,ID1971
1,194,ID1208
1,195,ID7102
1,196,ID6402
1,197,ID3508
1,198,ID3528
1,199,ID3404
1,200,ID7109
1,201,ID1502
1,202,ID1805
1,203,ID7412
1,204,ID9471
1,205,ID1805
1,206,ID3320
1,207,ID1571
1,208,ID3502
1,209,ID3579
1,210,ID1375
1,211,ID1702
1,212,ID2104
1,213,ID1801
1,214,ID3505
1,215,ID1220
1,216,ID1208
1,217,ID5311
1,218,ID5313
1,219,ID6201
1,220,ID3212
1,221,ID1904
1,222,ID1971
1,223,ID5171
1,224,ID5204
1,225,ID3306
1,226,ID5371
1,227,ID1606
1,228,ID1871
1,229,ID3374
1,230,ID1311
1,231,ID6504
1,232,ID3578
1,233,ID7412
1,234,ID8201
1,235,ID5204
1,236,ID6210
1,237,ID2103
1,238,ID3513
1,239,ID1402
1,240,ID3207
1,241,ID7408
1,242,ID7317
1,243,ID3329
1,244,ID1101
1,245,ID3528
1,246,ID3403
1,247,ID6405
1,248,ID7410
1,249,ID3206
1,250,ID3276
1,251,ID1272
1,252,ID7372
1,253,ID6103
1,254,ID6309
1,255,ID3511
1,256,ID6212
1,257,ID1371
1,258,ID7318
1,259,ID3275
1,260,ID3212
1,261,ID1611
1,262,ID7110
1,263,ID6211
1,264,ID3513
1,265,ID3206
1,266,ID3319
1,267,ID1278
1,268,ID7110
1,269,ID1509
1,270,ID1905
1,271,ID6110
1,272,ID7316
1,273,ID7402
1,274,ID3304
1,275,ID3327
1,276,ID8104
1,277,ID1106
1,278,ID5204
1,279,ID5318
1,280,ID7311
1,281,ID7306
1,282,ID7101
1,283,ID5318
1,284,ID1305
1,285,ID1278
1,286,ID3515
1,287,ID6201
1,288,ID3512
1,289,ID3510
1,290,ID3279
1,291,ID7318
1,292,ID5203
1,293,ID3208
1,294,ID1215
1,295,ID5101
1,296,ID1702
1,297,ID6303
1,298,ID6302
1,299,ID1804
1,300,ID1905
1,301,ID6403
1,302,ID1771
1,303,ID3204
1,304,ID1673
1,305,ID7503
1,306,ID1173
1,307,ID1805
1,308,ID3371
1,309,ID6202
1,310,ID7307
1,311,ID3213
1,312,ID1408
1,313,ID1808
1,314,ID7301
1,315,ID5107
1,316,ID3171
1,317,ID7404
1,318,ID3672
1,319,ID1708
1,320,ID1374
1,321,ID1213
1,322,ID1309
1,323,ID1172
1,324,ID7402
1,325,ID3523
1,326,ID1219
1,327,ID1673
1,328,ID6403
1,329,ID1213
1,330,ID7306
1,331,ID6208
1,332,ID7603
1,333,ID1171
1,334,ID1602
1,335,ID1277
1,336,ID6308
1,337,ID6502
1,338,ID1173
1,339,ID1905
1,340,ID6102
1,341,ID3604
1,342,ID1808
1,343,ID7325
1,344,ID3310
1,345,ID6371
1,346,ID3376
1,347,ID1802
1,348,ID1221
1,349,ID1812
1,350,ID7314
1,351,ID3505
1,352,ID7172
1,353,ID6372
1,354,ID7372
1,355,ID6502
1,356,ID1704
1,357,ID3328
1,358,ID1377
1,359,ID3204
1,360,ID6401
1,361,ID3602
1,362,ID3516
1,363,ID8271
1,364,ID7307
1,365,ID7314
1,366,ID3202
1,367,ID3304
1,368,ID3372
1,369,ID7504
1,370,ID1101
1,371,ID7105
1,372,ID1210
1,373,ID1222
1,374,ID7408
1,375,ID9401
1,376,ID6307
1,377,ID3515
1,378,ID6571
1,379,ID3279
1,380,ID3313
1,381,ID7212
1,382,ID1804
1,383,ID6309
1,384,ID7201
1,385,ID6204
1,386,ID7204
1,387,ID1302
1,388,ID1171
1,389,ID3326
1,390,ID1611
1,391,ID1274
1,392,ID3519
1,393,ID3217
1,394,ID7304
1,395,ID7504
1,396,ID3301
1,397,ID1215
1,398,ID7106
1,399,ID3674
1,400,ID3603
1,401,ID6305
1,402,ID1204
1,403,ID1275
1,404,ID3513
1,405,ID3510
1,406,ID3525
1,407,ID3672
1,408,ID1309
1,409,ID5311
1,410,ID7402
1,411,ID3303
1,412,ID1872
1,413,ID6111
1,414,ID3316
1,415,ID1601
1,416,ID6104
1,417,ID7301
1,418,ID1610
1,419,ID6108
1,420,ID7405
1,421,ID2105
1,422,ID7471
1,423,ID1303
1,424,ID6474
1,425,ID6405
1,426,ID7315
1,427,ID3326
1,428,ID7405
1,429,ID3275
1,430,ID6104
1,431,ID3511
1,432,ID1103
1,433,ID8103
1,434,ID1118
1,435,ID3520
1,436,ID9171
1,437,ID7301
1,438,ID7313
1,439,ID1804
1,440,ID3371
1,441,ID3471
1,442,ID1307
1,443,ID6104
1,444,ID3210
1,445,ID5104
1,446,ID5205
1,447,ID1375
1,448,ID7413
1,449,ID5105
1,450,ID7206
1,451,ID1305
1,452,ID1504
1,453,ID3519
1,454,ID1703
1,455,ID1218
1,456,ID6109
1,457,ID3172
1,458,ID7317
1,459,ID6205
1,460,ID7504
1,461,ID3526
1,462,ID9171
1,463,ID3575
1,464,ID6112
1,465,ID3505
1,466,ID3509
1,467,ID7371
1,468,ID1118
1,469,ID1871
1,470,ID7409
1,471,ID6311
1,472,ID6303
1,473,ID1311
1,474,ID6101
1,475,ID6405
1,476,ID1701
1,477,ID1103
1,478,ID3402
1,479,ID1610
1,480,ID3602
1,481,ID9105
1,482,ID7173
1,483,ID1308
1,484,ID1216
1,485,ID1375
1,486,ID5101
1,487,ID1402
1,488,ID3511
1,489,ID3673
1,490,ID7111
1,491,ID6108
1,492,ID3310
1,493,ID3503
1,494,ID1805
1,495,ID1604
1,496,ID1211
1,497,ID1804
1,498,ID6404
1,499,ID3175
1,500,ID1602
1,501,ID1703
1,502,ID1111
1,503,ID6471
1,504,ID3524
1,505,ID5207
1,506,ID1671
1,507,ID9412
1,508,ID6502
1,509,ID1812
1,510,ID1215
1,511,ID1571
1,512,ID1708
1,513,ID3674
1,514,ID7102
1,515,ID1305
1,516,ID1275
1,517,ID1371
1,518,ID3376
1,519,ID8206
1,520,ID1118
1,521,ID1572
1,522,ID1175
1,523,ID1709
1,524,ID7373
1,525,ID7303
1,526,ID1404
1,527,ID7172
1,528,ID7409
1,529,ID6112
1,530,ID5201
1,531,ID5271
1,532,ID1602
1,533,ID1902
1,534,ID5104
1,535,ID3372
1,536,ID2101
1,537,ID6474
1,538,ID1309
1,539,ID9101
1,540,ID1114
1,541,ID3371
1,542,ID5104
1,543,ID1601
1,544,ID3322
1,545,ID7171
1,546,ID8206
1,547,ID3579
1,548,ID1604
1,549,ID7204
1,550,ID1307
1,551,ID3528
1,552,ID5101
1,553,ID7307
1,554,ID1501
1,555,ID6301
1,556,ID1171
1,557,ID1408
1,558,ID1801
1,559,ID6110
1,560,ID1303
1,561,ID1706
1,562,ID7317
1,563,ID6172
1,564,ID1101
1,565,ID7174
1,566,ID1303
1,567,ID5102
1,568,ID7203
1,569,ID1311
1,570,ID7571
1,571,ID7173
1,572,ID1107
1,573,ID3507
1,574,ID1609
1,575,ID1108
1,576,ID3312
1,577,ID9101
1,578,ID3279
1,579,ID1372
1,580,ID5104
1,581,ID6372
1,582,ID1606
1,583,ID9102
1,584,ID5312
1,585,ID6207
1,586,ID3207
1,587,ID1608
1,588,ID7203
1,589,ID6103
1,590,ID3576
1,591,ID3301
1,592,ID9412
1,593,ID1114
1,594,ID1221
1,595,ID3271
1,596,ID6403
1,597,ID9102
1,598,ID5305
1,599,ID1804
1,600,ID7371
1,601,ID7304
1,602,ID3577
1,603,ID7212
1,604,ID3321
1,605,ID1805
1,606,ID3213
1,607,ID1222
1,608,ID7208
1,609,ID9408
1,610,ID6212
1,611,ID7109
1,612,ID1207
1,613,ID1809
1,614,ID3301
1,615,ID1306
1,616,ID3324
1,617,ID1101
1,618,ID7472
1,619,ID3506
1,620,ID3507
1,621,ID7172
1,622,ID1404
1,623,ID6207
1,624,ID3311
1,625,ID8206
1,626,ID3471
1,627,ID7606
1,628,ID3216
1,629,ID7412
1,630,ID3274
1,631,ID9102
1,632,ID1213
1,633,ID3323
1,634,ID3175
1,635,ID7472
1,636,ID3526
1,637,ID1603
1,638,ID1216
1,639,ID3202
1,640,ID3316
1,641,ID7304
1,642,ID1171
1,643,ID3304
1,644,ID3519
1,645,ID3503
1,646,ID6203
1,647,ID3324
1,648,ID1905
1,649,ID6212
1,650,ID3516
1,651,ID7405
1,652,ID3173
1,653,ID1215
1,654,ID7107
1,655,ID6571
1,656,ID6571
1,657,ID3173
1,658,ID7305
1,659,ID3301
1,660,ID7311
1,661,ID3212
1,662,ID3305
1,663,ID7106
1,664,ID3671
1,665,ID8104
1,666,ID7315
1,667,ID3579
1,668,ID6210
1,669,ID3508
1,670,ID6109
1,671,ID7503
1,672,ID5310
1,673,ID1273
1,674,ID7313
1,675,ID6203
1,676,ID1904
1,677,ID3205
1,678,ID1275
1,679,ID5101
1,680,ID9412
1,681,ID1206
1,682,ID3329
1,683,ID1110
1,684,ID1171
1,685,ID6109
1,686,ID5318
1,687,ID3375
1,688,ID5305
1,689,ID1509
1,690,ID1604
1,691,ID6203
1,692,ID3324
1,693,ID8271
1,694,ID1612
1,695,ID6172
1,696,ID8207
1,697,ID6104
1,698,ID1110
1,699,ID5104
1,700,ID7322
1,701,ID3519
1,702,ID3374
1,703,ID1371
1,704,ID3275
1,705,ID7271
1,706,ID1309
1,707,ID8204
1,708,ID1109
1,709,ID3522
1,710,ID1707
1,711,ID1603
1,712,ID1802
1,713,ID6172
1,714,ID5108
1,715,ID3306
1,716,ID7102
1,717,ID1771
1,718,ID5272
1,719,ID3316
1,720,ID3324
1,721,ID1223
1,722,ID1805
1,723,ID3523
1,724,ID3372
1,725,ID7306
1,726,ID3503
1,727,ID1610
1,728,ID7312
1,729,ID3512
1,730,ID1402
1,731,ID1306
1,732,ID7603
1,733,ID3672
1,734,ID7471
1,735,ID1304
1,736,ID3573
1,737,ID8271
1,738,ID5108
1,739,ID7171
1,740,ID3505
1,741,ID1572
1,742,ID5101
1,743,ID3521
1,744,ID7271
1,745,ID1671
1,746,ID8172
1,747,ID8207
1,748,ID3278
1,749,ID1111
1,750,ID3208
1,751,ID1804
1,752,ID7208
1,753,ID1212
1,754,ID3524
1,755,ID1207
1,756,ID9401
1,757,ID5207
1,758,ID1505
1,759,ID3210
1,760,ID7317
1,761,ID7108
1,762,ID6303
1,763,ID3217
1,764,ID3312
1,765,ID1671
1,766,ID3316
1,767,ID1702
1,768,ID1103
1,769,ID1308
1,770,ID6308
1,771,ID7172
1,772,ID5310
1,773,ID2105
1,774,ID7110
1,775,ID3202
1,776,ID3322
1,777,ID7402
1,778,ID3506
1,779,ID5202
1,780,ID8206
1,781,ID6213
1,782,ID3521
1,783,ID3404
1,784,ID1277
1,785,ID3573
1,786,ID3172
1,787,ID3526
1,788,ID1273
1,789,ID3520
1,790,ID3674
1,791,ID1275
1,792,ID5171
1,793,ID6411
1,794,ID7203
1,795,ID3203
1,796,ID1173
1,797,ID6402
1,798,ID3213
1,799,ID7271
1,800,ID1102
1,801,ID6302
1,802,ID3602
1,803,ID1406
1,804,ID7606
1,805,ID1572
1,806,ID1808
1,807,ID1215
1,808,ID7505
1,809,ID1312
1,810,ID7325
1,811,ID3271
1,812,ID7504
1,813,ID7408
1,814,ID6108
1,815,ID1215
1,816,ID5207
1,817,ID3507
1,818,ID6106
1,819,ID1373
1,820,ID7108
1,821,ID6109
1,822,ID6105
1,823,ID1607
1,824,ID7401
1,825,ID3274
1,826,ID1708
1,827,ID6301
1,828,ID1503
1,829,ID3216
1,830,ID3218
1,831,ID2171
1,832,ID1106
1,833,ID1674
1,834,ID1373
1,835,ID1609
1,836,ID7302
1,837,ID3322
1,838,ID8205
1,839,ID7371
1,840,ID8206
1,841,ID1402
1,842,ID7406
1,843,ID6107
1,844,ID7411
1,845,ID3579
1,846,ID6103
1,847,ID9412
1,848,ID1601
1,849,ID3327
1,850,ID5309
1,851,ID1222
1,852,ID3504
1,853,ID3471
1,854,ID2104
1,855,ID3319
1,856,ID1703
1,857,ID6171
1,858,ID7201
1,859,ID1222
1,860,ID3315
1,861,ID1117
1,862,ID1171
1,863,ID1674
1,864,ID1805
1,865,ID1409
1,866,ID1409
1,867,ID3373
1,868,ID6405
1,869,ID9409
1,870,ID3318
1,871,ID1705
1,872,ID6308
1,873,ID7407
1,874,ID5311
1,875,ID1802
1,876,ID1272
1,877,ID1211
1,878,ID1103
1,879,ID1602
1,880,ID8272
1,881,ID9409
1,882,ID1306
1,883,ID1905
1,884,ID3315
1,885,ID5313
1,886,ID1603
1,887,ID1812
1,888,ID1507
1,889,ID1707
1,890,ID7314
1,891,ID8104
1,892,ID1373
1,893,ID6213
1,894,ID1223
1,895,ID1608
1,896,ID1612
1,897,ID1216
1,898,ID2103
1,899,ID6372
1,900,ID3274
1,901,ID1501
1,902,ID1509
1,903,ID8206
1,904,ID8202
1,905,ID6301
1,906,ID3402
1,907,ID8201
1,908,ID1605
1,909,ID7410
1,910,ID3503
1,911,ID3525
1,912,ID8207
1,913,ID1408
1,914,ID7206
1,915,ID3502
1,916,ID6204
1,917,ID1811
1,918,ID5271
1,919,ID1213
1,920,ID1501
1,921,ID5102
1,922,ID3374
1,923,ID1217
1,924,ID1102
1,925,ID7312
1,926,ID1173
1,927,ID3504
1,928,ID3315
1,929,ID3373
1,930,ID8204
1,931,ID7212
1,932,ID1671
1,933,ID3311
1,934,ID7212
1,935,ID7605
1,936,ID1408
1,937,ID5171
1,938,ID1278
1,939,ID7105
1,940,ID5207
1,941,ID5203
1,942,ID7373
1,943,ID7203
1,944,ID3274
1,945,ID8172
1,946,ID6503
1,947,ID1272
1,948,ID7405
1,949,ID1222
1,950,ID6502
1,951,ID1403
1,952,ID3279
1,953,ID7110
1,954,ID7315
1,955,ID3514
1,956,ID3173
1,957,ID7306
1,958,ID7101
1,959,ID3577
1,960,ID5271
1,961,ID6471
1,962,ID3310
1,963,ID3502
1,964,ID8205
1,965,ID7601
1,966,ID1607
1,967,ID3509
1,968,ID3514
1,969,ID1102
1,970,ID3310
1,971,ID3573
1,972,ID3206
1,973,ID3316
1,974,ID1611
1,975,ID6372
1,976,ID3604
1,977,ID3278
1,978,ID3523
1,979,ID3211
1,980,ID3214
1,981,ID1410
1,982,ID1117
1,983,ID3274
1,984,ID7172
1,985,ID7471
1,986,ID1673
1,987,ID1102
1,988,ID2105
1,989,ID3602
1,990,ID1801
1,991,ID1274
1,992,ID3218
1,993,ID7505
1,994,ID6371
1,995,ID1215
1,996,ID1902
1,997,ID1271
1,998,ID7401
1,999,ID1223
5,0,ID6474
5,0,ID8104
5,0,ID6110
5,0,ID3317
5,0,ID7402
5,1,ID3673
5,1,ID5205
5,1,ID6207
5,1,ID3517
5,1,ID3302
5,2,ID1509
5,2,ID3573
5,2,ID3204
5,2,ID6306
5,2,ID6501
5,3,ID3507
5,3,ID1276
5,3,ID7501
5,3,ID3302
5,3,ID6112
5,4,ID5205
5,4,ID3521
5,4,ID7201
5,4,ID3374
5,4,ID9412
5,5,ID1601
5,5,ID3172
5,5,ID3503
5,5,ID3578
5,5,ID6301
5,6,ID1609
5,6,ID6310
5,6,ID8102
5,6,ID7307
5,6,ID1305
5,7,ID3373
5,7,ID6405
5,7,ID5311
5,7,ID7107
5,7,ID3311
5,8,ID1374
5,8,ID9408
5,8,ID3521
5,8,ID7212
5,8,ID1604
5,9,ID9101
5,9,ID3573
5,9,ID7111
5,9,ID1504
5,9,ID9412
5,10,ID1607
5,10,ID7110
5,10,ID6503
5,10,ID3312
5,10,ID6404
5,11,ID7322
5,11,ID1115
5,11,ID8271
5,11,ID3604
5,11,ID7318
5,12,ID2101
5,12,ID7505
5,12,ID6303
5,12,ID6471
5,12,ID3514
5,13,ID7413
5,13,ID6204
5,13,ID5315
5,13,ID3314
5,13,ID3324
5,14,ID1312
5,14,ID3571
5,14,ID6502
5,14,ID6305
5,14,ID1702
5,15,ID3471
5,15,ID3526
5,15,ID3376
5,15,ID3310
5,15,ID1471
5,16,ID1702
5,16,ID3672
5,16,ID3375
5,16,ID1174
5,16,ID1507
5,17,ID7206
5,17,ID6304
5,17,ID1804
5,17,ID5105
5,17,ID3374
5,18,ID5106
5,18,ID3276
5,18,ID8204
5,18,ID3311
5,18,ID7317
5,19,ID3174
5,19,ID3517
5,19,ID1707
5,19,ID1117
5,19,ID1221
5,20,ID5313
5,20,ID7373
5,20,ID3506
5,20,ID1102
5,20,ID1507
5,21,ID3579
5,21,ID7316
5,21,ID6304
5,21,ID7208
5,21,ID3312
5,22,ID3307
5,22,ID1203
5,22,ID1807
5,22,ID3573
5,22,ID7173
5,23,ID5101
5,23,ID9412
5,23,ID1501
5,23,ID1309
5,23,ID1608
5,24,ID3276
5,24,ID8207
5,24,ID3373
5,24,ID5102
5,24,ID8103
5,25,ID3279
5,25,ID1277
5,25,ID3604
5,25,ID1408
5,25,ID1104
5,26,ID7313
5,26,ID3522
5,26,ID7171
5,26,ID6403
5,26,ID8206
5,27,ID3601
5,27,ID7173
5,27,ID5206
5,27,ID7203
5,27,ID7501
5,28,ID1104
5,28,ID7271
5,28,ID6202
5,28,ID7326
5,28,ID1304
5,29,ID7325
5,29,ID2171
5,29,ID1708
5,29,ID1115
5,29,ID1571
5,30,ID7312
5,30,ID3372
5,30,ID5313
5,30,ID3501
5,30,ID1509
5,31,ID1602
5,31,ID1374
5,31,ID7405
5,31,ID7313
5,31,ID3175
5,32,ID3210
5,32,ID7603
5,32,ID1471
5,32,ID7305
5,32,ID1276
5,33,ID3173
5,33,ID3277
5,33,ID1571
5,33,ID3526
5,33,ID1275
5,34,ID1108
5,34,ID8272
5,34,ID1107
5,34,ID1278
5,34,ID6403
5,35,ID6402
5,35,ID1105
5,35,ID1304
5,35,ID1276
5,35,ID7407
5,36,ID6405
5,36,ID7601
5,36,ID7604
5,36,ID3517
5,36,ID6110
5,37,ID7411
5,37,ID1114
5,37,ID5101
5,37,ID3322
5,37,ID3214
5,38,ID3212
5,38,ID5108
5,38,ID7316
5,38,ID5105
5,38,ID7206
5,39,ID1708
5,39,ID6209
5,39,ID1277
5,39,ID1703
5,39,ID1801
5,40,ID9409
5,40,ID8202
5,40,ID5313
5,40,ID1871
5,40,ID3521
5,41,ID7108
5,41,ID1505
5,41,ID3304
5,41,ID8205
5,41,ID1609
5,42,ID8172
5,42,ID1275
5,42,ID3329
5,42,ID1307
5,42,ID1771
5,43,ID1901
5,43,ID3206
5,43,ID6303
5,43,ID1812
5,43,ID7501
5,44,ID3522
5,44,ID3513
5,44,ID3320
5,44,ID6308
5,44,ID5207
5,45,ID3673
5,45,ID7318
5,45,ID3523
5,45,ID1213
5,45,ID6202
5,46,ID1806
5,46,ID9102
5,46,ID3301
5,46,ID1173
5,46,ID3375
5,47,ID7208
5,47,ID6211
5,47,ID5313
5,47,ID1903
5,47,ID6371
5,48,ID1173
5,48,ID5105
5,48,ID3602
5,48,ID7174
5,48,ID7310
5,49,ID6111
5,49,ID6211
5,49,ID1202
5,49,ID3207
5,49,ID7212
5,50,ID7411
5,50,ID7314
5,50,ID6301
5,50,ID3215
5,50,ID8103
5,51,ID7312
5,51,ID1307
5,51,ID9403
5,51,ID5108
5,51,ID8205
5,52,ID1802
5,52,ID6404
5,52,ID1376
5,52,ID7111
5,52,ID3520
5,53,ID1608
5,53,ID6472
5,53,ID1504
5,53,ID1272
5,53,ID3315
5,54,ID1707
5,54,ID3671
5,54,ID5312
5,54,ID3320
5,54,ID6303
5,55,ID7109
5,55,ID1277
5,55,ID1701
5,55,ID1674
5,55,ID6303
5,56,ID6472
5,56,ID6205
5,56,ID1872
5,56,ID1305
5,56,ID1708
5,57,ID1204
5,57,ID3525
5,57,ID3516
5,57,ID1609
5,57,ID3205
5,58,ID1106
5,58,ID1408
5,58,ID6372
5,58,ID6201
5,58,ID3603
5,59,ID3517
5,59,ID7402
5,59,ID1706
5,59,ID3572
5,59,ID6207
5,60,ID3315
5,60,ID6308
5,60,ID6501
5,60,ID1406
5,60,ID1807
5,61,ID3314
5,61,ID3574
5,61,ID7408
5,61,ID1807
5,61,ID6405
5,62,ID3324
5,62,ID3514
5,62,ID3579
5,62,ID3325
5,62,ID1809
5,63,ID7471
5,63,ID5101
5,63,ID1108
5,63,ID8202
5,63,ID3277
5,64,ID1811
5,64,ID1274
5,64,ID3218
5,64,ID1304
5,64,ID1374
5,65,ID8202
5,65,ID5105
5,65,ID3526
5,65,ID3202
5,65,ID3571
5,66,ID6171
5,66,ID1607
5,66,ID3503
5,66,ID7104
5,66,ID8204
5,67,ID1374
5,67,ID9471
5,67,ID3371
5,67,ID6205
5,67,ID5271
5,68,ID7202
5,68,ID8206
5,68,ID7404
5,68,ID3172
5,68,ID1572
5,69,ID3275
5,69,ID9102
5,69,ID1202
5,69,ID1704
5,69,ID1508
5,70,ID7372
5,70,ID6502
5,70,ID3171
5,70,ID1308
5,70,ID3374
5,71,ID3374
5,71,ID3376
5,71,ID8271
5,71,ID1222
5,71,ID3317
5,72,ID3520
5,72,ID3576
5,72,ID8272
5,72,ID5318
5,72,ID8102
5,73,ID1310
5,73,ID8206
5,73,ID1218
5,73,ID3403
5,73,ID6474
5,74,ID6371
5,74,ID6307
5,74,ID1307
5,74,ID3208
5,74,ID7504
5,75,ID3571
5,75,ID3524
5,75,ID6403
5,75,ID3376
5,75,ID1605
5,76,ID7104
5,76,ID3511
5,76,ID3504
5,76,ID2101
5,76,ID1406
5,77,ID1309
5,77,ID5207
5,77,ID6302
5,77,ID1277
5,77,ID8272
5,78,ID8271
5,78,ID7414
5,78,ID1703
5,78,ID1401
5,78,ID3376
5,79,ID3305
5,79,ID1703
5,79,ID6201
5,79,ID5309
5,79,ID5312
5,80,ID6102
5,80,ID3306
5,80,ID7410
5,80,ID3326
5,80,ID1105
5,81,ID1275
5,81,ID1375
5,81,ID8103
5,81,ID7605
5,81,ID1701
5,82,ID7402
5,82,ID1377
5,82,ID1303
5,82,ID1905
5,82,ID6307
5,83,ID7403
5,83,ID3673
5,83,ID7412
5,83,ID7111
5,83,ID6172
5,84,ID3271
5,84,ID6502
5,84,ID7310
5,84,ID1809
5,84,ID3171
5,85,ID1901
5,85,ID1274
5,85,ID1204
5,85,ID6109
5,85,ID7307
5,86,ID3505
5,86,ID7303
5,86,ID3375
5,86,ID3216
5,86,ID7173
5,87,ID3522
5,87,ID7105
5,87,ID3506
5,87,ID7405
5,87,ID1202
5,88,ID3573
5,88,ID7317
5,88,ID7373
5,88,ID8271
5,88,ID3513
5,89,ID7402
5,89,ID6103
5,89,ID7403
5,89,ID1904
5,89,ID3525
5,90,ID3273
5,90,ID1373
5,90,ID9401
5,90,ID3502
5,90,ID3317
5,91,ID7471
5,91,ID1204
5,91,ID1473
5,91,ID1223
5,91,ID1674
5,92,ID5107
5,92,ID5310
5,92,ID7322
5,92,ID7472
5,92,ID7171
5,93,ID3521
5,93,ID3309
5,93,ID3574
5,93,ID6205
5,93,ID1407
5,94,ID1220
5,94,ID7307
5,94,ID3274
5,94,ID1408
5,94,ID3504
5,95,ID3375
5,95,ID1210
5,95,ID7603
5,95,ID1312
5,95,ID1901
5,96,ID2104
5,96,ID1903
5,96,ID5105
5,96,ID9102
5,96,ID7372
5,97,ID7472
5,97,ID3374
5,97,ID7502
5,97,ID6403
5,97,ID3322
5,98,ID3321
5,98,ID6302
5,98,ID7405
5,98,ID3217
5,98,ID1216
5,99,ID3301
5,99,ID3209
5,99,ID1604
5,99,ID3376
5,99,ID1804
5,100,ID7409
5,100,ID6110
5,100,ID7603
5,100,ID3275
5,100,ID1271
5,101,ID1117
5,101,ID6212
5,101,ID1110
5,101,ID3275
5,101,ID3276
5,102,ID1212
5,102,ID5171
5,102,ID6207
5,102,ID7408
5,102,ID1808
5,103,ID3571
5,103,ID1706
5,103,ID2171
5,103,ID6112
5,103,ID3216
5,104,ID7372
5,104,ID1403
5,104,ID7305
5,104,ID3402
5,104,ID3674
5,105,ID3404
5,105,ID3576
5,105,ID1111
5,105,ID3319
5,105,ID7207
5,106,ID2104
5,106,ID3373
5,106,ID2103
5,106,ID3174
5,106,ID5313
5,107,ID7102
5,107,ID1109
5,107,ID7413
5,107,ID1310
5,107,ID3524
5,108,ID1673
5,108,ID6301
5,108,ID1222
5,108,ID5107
5,108,ID1273
5,109,ID7211
5,109,ID9171
5,109,ID6201
5,109,ID6211
5,109,ID3576
5,110,ID3509
5,110,ID3513
5,110,ID1902
5,110,ID1508
5,110,ID3602
5,111,ID3217
5,111,ID3501
5,111,ID3511
5,111,ID1505
5,111,ID3524
5,112,ID8204
5,112,ID1115
5,112,ID7571
5,112,ID9412
5,112,ID5315
5,113,ID3510
5,113,ID7602
5,113,ID1206
5,113,ID3578
5,113,ID3305
5,114,ID6202
5,114,ID1802
5,114,ID5203
5,114,ID1112
5,114,ID6306
5,115,ID2172
5,115,ID1216
5,115,ID3674
5,115,ID7503
5,115,ID3207
5,116,ID3172
5,116,ID6111
5,116,ID3324
5,116,ID3511
5,116,ID8103
5,117,ID7111
5,117,ID1101
5,117,ID3203
5,117,ID3206
5,117,ID3173
5,118,ID7602
5,118,ID1673
5,118,ID3509
5,118,ID1207
5,118,ID7401
5,119,ID1222
5,119,ID1306
5,119,ID1218
5,119,ID5207
5,119,ID1113
5,120,ID7407
5,120,ID1116
5,120,ID1805
5,120,ID3373
5,120,ID6474
5,121,ID7314
5,121,ID3375
5,121,ID1902
5,121,ID7402
5,121,ID1221
5,122,ID3508
5,122,ID1505
5,122,ID1203
5,122,ID7171
5,122,ID2101
5,123,ID1271
5,123,ID3579
5,123,ID1377
5,123,ID1114
5,123,ID1809
5,124,ID1207
5,124,ID1311
5,124,ID3304
5,124,ID9412
5,124,ID6306
5,125,ID3603
5,125,ID1220
5,125,ID7102
5,125,ID3324
5,125,ID5310
5,126,ID1117
5,126,ID3215
5,126,ID6401
5,126,ID7410
5,126,ID6202
5,127,ID9403
5,127,ID3209
5,127,ID1604
5,127,ID3471
5,127,ID3273
5,128,ID7326
5,128,ID7105
5,128,ID1673
5,128,ID1220
5,128,ID1221
5,129,ID1409
5,129,ID7110
5,129,ID5311
5,129,ID1208
5,129,ID1603
5,130,ID3174
5,130,ID3210
5,130,ID6404
5,130,ID1905
5,130,ID3514
5,131,ID6305
5,131,ID1223
5,131,ID5204
5,131,ID7313
5,131,ID3201
5,132,ID1905
5,132,ID3201
5,132,ID6503
5,132,ID7105
5,132,ID6209
5,133,ID1215
5,133,ID3508
5,133,ID1310
5,133,ID1218
5,133,ID7208
5,134,ID1174
5,134,ID1609
5,134,ID5205
5,134,ID3308
5,134,ID8204
5,135,ID3375
5,135,ID1704
5,135,ID3519
5,135,ID2103
5,135,ID1709
5,136,ID3207
5,136,ID3206
5,136,ID2171
5,136,ID1210
5,136,ID5313
5,137,ID3216
5,137,ID6303
5,137,ID7203
5,137,ID3518
5,137,ID3173
5,138,ID6111
5,138,ID3403
5,138,ID1106
5,138,ID3372
5,138,ID1309
5,139,ID9401
5,139,ID1605
5,139,ID7102
5,139,ID3519
5,139,ID7403
5,140,ID1278
5,140,ID3603
5,140,ID7203
5,140,ID1271
5,140,ID7602
5,141,ID3672
5,141,ID1673
5,141,ID5103
5,141,ID1607
5,141,ID2171
5,142,ID3509
5,142,ID7307
5,142,ID6171
5,142,ID3324
5,142,ID3320
5,143,ID8204
5,143,ID7171
5,143,ID7109
5,143,ID6311
5,143,ID3317
5,144,ID6571
5,144,ID1219
5,144,ID1106
5,144,ID3301
5,144,ID6302
5,145,ID1105
5,145,ID7310
5,145,ID8207
5,145,ID6213
5,145,ID6108
5,146,ID6105
5,146,ID1102
5,146,ID6111
5,146,ID7326
5,146,ID1405
5,147,ID1509
5,147,ID6304
5,147,ID7505
5,147,ID9408
5,147,ID6271
5,148,ID3515
5,148,ID3504
5,148,ID1104
5,148,ID1172
5,148,ID7110
5,149,ID1504
5,149,ID1222
5,149,ID1672
5,149,ID3403
5,149,ID7404
5,150,ID1808
5,150,ID7405
5,150,ID1674
5,150,ID6210
5,150,ID3571
5,151,ID1571
5,151,ID1116
5,151,ID5205
5,151,ID7312
5,151,ID1502
5,152,ID6102
5,152,ID7504
5,152,ID7109
5,152,ID6372
5,152,ID6212
5,153,ID7402
5,153,ID1502
5,153,ID7173
5,153,ID3315
5,153,ID3205
5,154,ID1674
5,154,ID8204
5,154,ID9403
5,154,ID7326
5,154,ID1407
5,155,ID7326
5,155,ID1275
5,155,ID1803
5,155,ID7501
5,155,ID7312
5,156,ID7104
5,156,ID5311
5,156,ID6404
5,156,ID7109
5,156,ID1309
5,157,ID5203
5,157,ID1117
5,157,ID1571
5,157,ID6201
5,157,ID8103
5,158,ID3275
5,158,ID6112
5,158,ID1203
5,158,ID7104
5,158,ID3306
5,159,ID6110
5,159,ID1109
5,159,ID7203
5,159,ID7307
5,159,ID1707
5,160,ID1216
5,160,ID3576
5,160,ID1103
5,160,ID7303
5,160,ID3311
5,161,ID1115
5,161,ID7403
5,161,ID6204
5,161,ID3311
5,161,ID1605
5,162,ID1205
5,162,ID3402
5,162,ID1117
5,162,ID6106
5,162,ID3403
5,163,ID6304
5,163,ID1303
5,163,ID1272
5,163,ID1374
5,163,ID6205
5,164,ID8104
5,164,ID1671
5,164,ID6204
5,164,ID7306
5,164,ID5305
5,165,ID1611
5,165,ID6310
5,165,ID7314
5,165,ID1207
5,165,ID1206
5,166,ID1810
5,166,ID3673
5,166,ID7407
5,166,ID3312
5,166,ID7406
5,167,ID3203
5,167,ID5171
5,167,ID3601
5,167,ID1109
5,167,ID3502
5,168,ID8104
5,168,ID1509
5,168,ID3323
5,168,ID5311
5,168,ID3308
5,169,ID3213
5,169,ID6403
5,169,ID7503
5,169,ID1672
5,169,ID1174
5,170,ID7206
5,170,ID1217
5,170,ID6309
5,170,ID1273
5,170,ID3321
5,171,ID5311
5,171,ID7317
5,171,ID3576
5,171,ID7107
5,171,ID6309
5,172,ID3275
5,172,ID3575
5,172,ID3317
5,172,ID3203
5,172,ID1212
5,173,ID1801
5,173,ID3505
5,173,ID5202
5,173,ID6372
5,173,ID1810
5,174,ID6405
5,174,ID6112
5,174,ID6213
5,174,ID5201
5,174,ID1509
5,175,ID3673
5,175,ID7105
5,175,ID1174
5,175,ID7307
5,175,ID1207
5,176,ID1113
5,176,ID3672
5,176,ID7503
5,176,ID6209
5,176,ID5201
5,177,ID7604
5,177,ID7314
5,177,ID3522
5,177,ID7310
5,177,ID1810
5,178,ID7211
5,178,ID1812
5,178,ID6504
5,178,ID3576
5,178,ID1309
5,179,ID7305
5,179,ID7601
5,179,ID7405
5,179,ID8206
5,179,ID1507
5,180,ID6206
5,180,ID7409
5,180,ID7325
5,180,ID1107
5,180,ID1219
5,181,ID3671
5,181,ID3203
5,181,ID3279
5,181,ID5309
5,181,ID1509
5,182,ID3311
5,182,ID3508
5,182,ID1216
5,182,ID6102
5,182,ID1808
5,183,ID3373
5,183,ID8103
5,183,ID3506
5,183,ID7174
5,183,ID3525
5,184,ID1203
5,184,ID1377
5,184,ID1273
5,184,ID1812
5,184,ID3208
5,185,ID3371
5,185,ID3312
5,185,ID7371
5,185,ID1103
5,185,ID8104
5,186,ID1114
5,186,ID5171
5,186,ID7404
5,186,ID6103
5,186,ID1276
5,187,ID3516
5,187,ID1208
5,187,ID1605
5,187,ID3310
5,187,ID6303
5,188,ID3216
5,188,ID6502
5,188,ID3312
5,188,ID6405
5,188,ID1302
5,189,ID5205
5,189,ID1401
5,189,ID5318
5,189,ID7307
5,189,ID7208
5,190,ID3201
5,190,ID1309
5,190,ID1210
5,190,ID3275
5,190,ID3506
5,191,ID3571
5,191,ID3503
5,191,ID1217
5,191,ID6106
5,191,ID3312
5,192,ID1612
5,192,ID8204
5,192,ID1402
5,192,ID3401
5,192,ID5104
5,193,ID1113
5,193,ID7311
5,193,ID3525
5,193,ID3203
5,193,ID1222
5,194,ID1901
5,194,ID6212
5,194,ID6104
5,194,ID1605
5,194,ID6371
5,195,ID3602
5,195,ID3315
5,195,ID7201
5,195,ID6212
5,195,ID1509
5,196,ID7106
5,196,ID1109
5,196,ID1802
5,196,ID8102
5,196,ID3213
5,197,ID3402
5,197,ID1612
5,197,ID1402
5,197,ID6109
5,197,ID6304
5,198,ID1505
5,198,ID1473
5,198,ID1506
5,198,ID5312
5,198,ID7406
5,199,ID3512
5,199,ID1115
5,199,ID1215
5,199,ID6502
5,199,ID3305
5,200,ID1115
5,200,ID1607
5,200,ID1371
5,200,ID1109
5,200,ID5205
5,201,ID3214
5,201,ID6108
5,201,ID1503
5,201,ID6102
5,201,ID5315
5,202,ID3274
5,202,ID5318
5,202,ID3372
5,202,ID9102
5,202,ID3303
5,203,ID1116
5,203,ID1811
5,203,ID1971
5,203,ID3510
5,203,ID7405
5,204,ID3301
5,204,ID1276
5,204,ID1222
5,204,ID7409
5,204,ID3522
5,205,ID7322
5,205,ID1503
5,205,ID6103
5,205,ID7105
5,205,ID6110
5,206,ID1208
5,206,ID1278
5,206,ID6201
5,206,ID7105
5,206,ID3574
5,207,ID7211
5,207,ID7326
5,207,ID7206
5,207,ID6202
5,207,ID3401
5,208,ID6210
5,208,ID6301
5,208,ID8201
5,208,ID5204
5,208,ID6302
5,209,ID7402
5,209,ID3525
5,209,ID6307
5,209,ID1278
5,209,ID1205
5,210,ID7406
5,210,ID6103
5,210,ID1209
5,210,ID8271
5,210,ID6471
5,211,ID7501
5,211,ID7503
5,211,ID1277
5,211,ID1204
5,211,ID7102
5,212,ID3275
5,212,ID6105
5,212,ID6303
5,212,ID3517
5,212,ID9102
5,213,ID7571
5,213,ID1673
5,213,ID1802
5,213,ID1307
5,213,ID7206
5,214,ID5313
5,214,ID1805
5,214,ID7107
5,214,ID3403
5,214,ID5107
5,215,ID1302
5,215,ID7106
5,215,ID7173
5,215,ID1312
5,215,ID9401
5,216,ID1409
5,216,ID1204
5,216,ID7202
5,216,ID6208
5,216,ID2104
5,217,ID1811
5,217,ID3313
5,217,ID1403
5,217,ID1206
5,217,ID1406
5,218,ID7212
5,218,ID1407
5,218,ID3579
5,218,ID3504
5,218,ID7603
5,219,ID1671
5,219,ID9409
5,219,ID1277
5,219,ID3513
5,219,ID1222
5,220,ID3521
5,220,ID1409
5,220,ID3510
5,220,ID3173
5,220,ID7106
5,221,ID1212
5,221,ID1218
5,221,ID3328
5,221,ID5272
5,221,ID3501
5,222,ID6305
5,222,ID3526
5,222,ID3525
5,222,ID1118
5,222,ID1410
5,223,ID3207
5,223,ID3672
5,223,ID3320
5,223,ID5107
5,223,ID3512
5,224,ID7206
5,224,ID6210
5,224,ID6472
5,224,ID1114
5,224,ID3323
5,225,ID3401
5,225,ID8102
5,225,ID1812
5,225,ID6401
5,225,ID1375
5,226,ID3211
5,226,ID1278
5,226,ID3313
5,226,ID1103
5,226,ID3510
5,227,ID6206
5,227,ID7173
5,227,ID7172
5,227,ID7104
5,227,ID6405
5,228,ID6271
5,228,ID3312
5,228,ID3209
5,228,ID3516
5,228,ID1307
5,229,ID1709
5,229,ID6104
5,229,ID3274
5,229,ID3311
5,229,ID1703
5,230,ID7173
5,230,ID6403
5,230,ID3372
5,230,ID8102
5,230,ID3216
5,231,ID5106
5,231,ID1103
5,231,ID6205
5,231,ID1202
5,231,ID7207
5,232,ID5311
5,232,ID7302
5,232,ID3209
5,232,ID7604
5,232,ID7372
5,233,ID1217
5,233,ID1311
5,233,ID7503
5,233,ID1811
5,233,ID1303
5,234,ID3279
5,234,ID1271
5,234,ID1307
5,234,ID3523
5,234,ID3303
5,235,ID1812
5,235,ID1609
5,235,ID1204
5,235,ID7104
5,235,ID1173
5,236,ID1278
5,236,ID5102
5,236,ID3210
5,236,ID1211
5,236,ID6405
5,237,ID7109
5,237,ID7412
5,237,ID1277
5,237,ID7405
5,237,ID3527
5,238,ID7109
5,238,ID3316
5,238,ID3519
5,238,ID6474
5,238,ID7472
5,239,ID3511
5,239,ID1173
5,239,ID3601
5,239,ID6306
5,239,ID5371
5,240,ID3509
5,240,ID6502
5,240,ID1604
5,240,ID1207
5,240,ID6301
5,241,ID3274
5,241,ID7318
5,241,ID3528
5,241,ID7305
5,241,ID2104
5,242,ID1102
5,242,ID3326
5,242,ID7104
5,242,ID1171
5,242,ID1373
5,243,ID1310
5,243,ID3310
5,243,ID1309
5,243,ID1110
5,243,ID3502
5,244,ID1602
5,244,ID3174
5,244,ID8205
5,244,ID3671
5,244,ID1806
5,245,ID5310
5,245,ID7325
5,245,ID1406
5,245,ID3315
5,245,ID7101
5,246,ID3315
5,246,ID1503
5,246,ID7301
5,246,ID6106
5,246,ID3304
5,247,ID3206
5,247,ID3402
5,247,ID3328
5,247,ID6172
5,247,ID1807
5,248,ID2105
5,248,ID6571
5,248,ID1707
5,248,ID7202
5,248,ID1409
5,249,ID7401
5,249,ID3575
5,249,ID7571
5,249,ID1611
5,249,ID1503
5,250,ID1311
5,250,ID5203
5,250,ID2105
5,250,ID3217
5,250,ID7301
5,251,ID6101
5,251,ID3503
5,251,ID6306
5,251,ID6211
5,251,ID3371
5,252,ID8201
5,252,ID7316
5,252,ID8272
5,252,ID3172
5,252,ID7405
5,253,ID1704
5,253,ID6371
5,253,ID3208
5,253,ID1173
5,253,ID3525
5,254,ID8103
5,254,ID6203
5,254,ID6309
5,254,ID1708
5,254,ID7411
5,255,ID3501
5,255,ID1702
5,255,ID7203
5,255,ID6474
5,255,ID1903
5,256,ID1277
5,256,ID1114
5,256,ID5171
5,256,ID1571
5,256,ID6471
5,257,ID1202
5,257,ID3375
5,257,ID1606
5,257,ID3316
5,257,ID3571
5,258,ID7472
5,258,ID3519
5,258,ID7414
5,258,ID3328
5,258,ID7107
5,259,ID6105
5,259,ID5309
5,259,ID1204
5,259,ID8272
5,259,ID6402
5,260,ID7606
5,260,ID7471
5,260,ID7604
5,260,ID1502
5,260,ID6302
5,261,ID6371
5,261,ID3206
5,261,ID3302
5,261,ID6503
5,261,ID1304
5,262,ID3312
5,262,ID3514
5,262,ID7402
5,262,ID7472
5,262,ID3674
5,263,ID1211
5,263,ID3504
5,263,ID6310
5,263,ID1223
5,263,ID3216
5,264,ID5103
5,264,ID1111
5,264,ID1508
5,264,ID1704
5,264,ID7604
5,265,ID5108
5,265,ID3312
5,265,ID7271
5,265,ID3328
5,265,ID3404
5,266,ID3575
5,266,ID5313
5,266,ID5310
5,266,ID7405
5,266,ID3325
5,267,ID6372
5,267,ID6409
5,267,ID8104
5,267,ID7317
5,267,ID5313
5,268,ID3504
5,268,ID6302
5,268,ID3329
5,268,ID1103
5,268,ID5201
5,269,ID3329
5,269,ID1371
5,269,ID8102
5,269,ID3174
5,269,ID3372
5,270,ID2101
5,270,ID1310
5,270,ID5272
5,270,ID1372
5,270,ID3504
5,271,ID3307
5,271,ID1374
5,271,ID1506
5,271,ID1271
5,271,ID7202
5,272,ID1106
5,272,ID3204
5,272,ID1307
5,272,ID3672
5,272,ID7203
5,273,ID6471
5,273,ID3208
5,273,ID3217
5,273,ID7407
5,273,ID1277
5,274,ID6112
5,274,ID1175
5,274,ID1274
5,274,ID1372
5,274,ID7171
5,275,ID3404
5,275,ID3525
5,275,ID6112
5,275,ID3172
5,275,ID3401
5,276,ID1175
5,276,ID6208
5,276,ID1309
5,276,ID1809
5,276,ID9101
5,277,ID3319
5,277,ID6104
5,277,ID1109
5,277,ID3522
5,277,ID1113
5,278,ID3528
5,278,ID6474
5,278,ID5203
5,278,ID7317
5,278,ID7206
5,279,ID5108
5,279,ID6502
5,279,ID3327
5,279,ID7304
5,279,ID1705
5,280,ID1701
5,280,ID1219
5,280,ID7201
5,280,ID1204
5,280,ID6305
5,281,ID7106
5,281,ID6571
5,281,ID1610
5,281,ID3277
5,281,ID1507
5,282,ID6104
5,282,ID7101
5,282,ID9412
5,282,ID5103
5,282,ID1112
5,283,ID7202
5,283,ID1801
5,283,ID5313
5,283,ID6371
5,283,ID5315
5,284,ID3513
5,284,ID6204
5,284,ID3212
5,284,ID1213
5,284,ID1408
5,285,ID3511
5,285,ID1222
5,285,ID7603
5,285,ID7312
5,285,ID1211
5,286,ID3209
5,286,ID3202
5,286,ID6108
5,286,ID1304
5,286,ID7602
5,287,ID3324
5,287,ID5204
5,287,ID3216
5,287,ID6306
5,287,ID2104
5,288,ID1706
5,288,ID3316
5,288,ID3404
5,288,ID6372
5,288,ID1609
5,289,ID3503
5,289,ID3213
5,289,ID7207
5,289,ID9408
5,289,ID7171
5,290,ID1902
5,290,ID7407
5,290,ID1803
5,290,ID1216
5,290,ID1308
5,291,ID8103
5,291,ID5271
5,291,ID1806
5,291,ID5171
5,291,ID3523
5,292,ID1801
5,292,ID1804
5,292,ID1172
5,292,ID6206
5,292,ID7410
5,293,ID6105
5,293,ID1112
5,293,ID5312
5,293,ID1371
5,293,ID1374
5,294,ID7317
5,294,ID7108
5,294,ID1311
5,294,ID3324
5,294,ID6172
5,295,ID1572
5,295,ID3273
5,295,ID3202
5,295,ID7271
5,295,ID6311
5,296,ID3314
5,296,ID1402
5,296,ID7318
5,296,ID1406
5,296,ID3372
5,297,ID1310
5,297,ID1508
5,297,ID3374
5,297,ID6204
5,297,ID3171
5,298,ID1213
5,298,ID1903
5,298,ID1402
5,298,ID3404
5,298,ID3315
5,299,ID3272
5,299,ID7206
5,299,ID1213
5,299,ID7502
5,299,ID6302
5,300,ID7601
5,300,ID6209
5,300,ID1118
5,300,ID6411
5,300,ID6213
5,301,ID7105
5,301,ID1303
5,301,ID7305
5,301,ID3307
5,301,ID6371
5,302,ID1175
5,302,ID3321
5,302,ID7404
5,302,ID3215
5,302,ID2172
5,303,ID6571
5,303,ID6411
5,303,ID8271
5,303,ID7412
5,303,ID3202
5,304,ID3208
5,304,ID3321
5,304,ID3507
5,304,ID3217
5,304,ID1116
5,305,ID6372
5,305,ID7411
5,305,ID7406
5,305,ID6208
5,305,ID3371
5,306,ID5309
5,306,ID7408
5,306,ID7601
5,306,ID6501
5,306,ID7102
5,307,ID7308
5,307,ID7601
5,307,ID1211
5,307,ID6104
5,307,ID3506
5,308,ID1312
5,308,ID3502
5,308,ID3515
5,308,ID6411
5,308,ID3576
5,309,ID7413
5,309,ID1703
5,309,ID7303
5,309,ID3326
5,309,ID6213
5,310,ID6101
5,310,ID3279
5,310,ID1803
5,310,ID5201
5,310,ID1218
5,311,ID5203
5,311,ID1305
5,311,ID6411
5,311,ID7212
5,311,ID7504
5,312,ID6107
5,312,ID5101
5,312,ID1218
5,312,ID1507
5,312,ID3303
5,313,ID3575
5,313,ID1302
5,313,ID1312
5,313,ID1306
5,313,ID7505
5,314,ID7202
5,314,ID7301
5,314,ID1222
5,314,ID7571
5,314,ID6106
5,315,ID3324
5,315,ID3271
5,315,ID3526
5,315,ID8104
5,315,ID5201
5,316,ID6204
5,316,ID9101
5,316,ID3327
5,316,ID3313
5,316,ID7107
5,317,ID3324
5,317,ID3318
5,317,ID9409
5,317,ID7315
5,317,ID7308
5,318,ID7203
5,318,ID1372
5,318,ID6471
5,318,ID9171
5,318,ID1702
5,319,ID3516
5,319,ID6103
5,319,ID7310
5,319,ID3174
5,319,ID6303
5,320,ID3303
5,320,ID7403
5,320,ID9471
5,320,ID3521
5,320,ID3674
5,321,ID3326
5,321,ID3312
5,321,ID7403
5,321,ID3519
5,321,ID3203
5,322,ID1204
5,322,ID3307
5,322,ID1506
5,322,ID1207
5,322,ID3321
5,323,ID3510
5,323,ID9471
5,323,ID5309
5,323,ID8201
5,323,ID2172
5,324,ID5104
5,324,ID1505
5,324,ID3329
5,324,ID7202
5,324,ID1706
5,325,ID3318
5,325,ID5205
5,325,ID3329
5,325,ID1277
5,325,ID3306
5,326,ID3573
5,326,ID7373
5,326,ID6202
5,326,ID3372
5,326,ID1803
5,327,ID5101
5,327,ID7304
5,327,ID7104
5,327,ID1102
5,327,ID7403
5,328,ID1105
5,328,ID3305
5,328,ID5371
5,328,ID1305
5,328,ID7408
5,329,ID1805
5,329,ID1312
5,329,ID9471
5,329,ID1377
5,329,ID7102
5,330,ID1310
5,330,ID3523
5,330,ID3312
5,330,ID8271
5,330,ID8104
5,331,ID3507
5,331,ID7310
5,331,ID1118
5,331,ID1220
5,331,ID9101
5,332,ID3301
5,332,ID1206
5,332,ID7102
5,332,ID5371
5,332,ID6213
5,333,ID7172
5,333,ID7326
5,333,ID7317
5,333,ID5204
5,333,ID1307
5,334,ID1219
5,334,ID3316
5,334,ID3175
5,334,ID1808
5,334,ID7313
5,335,ID7411
5,335,ID1971
5,335,ID6304
5,335,ID1804
5,335,ID1703
5,336,ID7301
5,336,ID3517
5,336,ID3575
5,336,ID1471
5,336,ID7602
5,337,ID3523
5,337,ID1408
5,337,ID3325
5,337,ID3313
5,337,ID1222
5,338,ID3301
5,338,ID5206
5,338,ID3207
5,338,ID1606
5,338,ID8204
5,339,ID7303
5,339,ID1811
5,339,ID1222
5,339,ID1117
5,339,ID1771
5,340,ID3174
5,340,ID1102
5,340,ID1905
5,340,ID3512
5,340,ID1672
5,341,ID3307
5,341,ID1603
5,341,ID7101
5,341,ID5171
5,341,ID7472
5,342,ID8271
5,342,ID6301
5,342,ID7101
5,342,ID1202
5,342,ID3206
5,343,ID1871
5,343,ID1377
5,343,ID8205
5,343,ID7308
5,343,ID3602
5,344,ID3313
5,344,ID1609
5,344,ID3521
5,344,ID3572
5,344,ID7471
5,345,ID7505
5,345,ID1604
5,345,ID6310
5,345,ID1376
5,345,ID1812
5,346,ID5206
5,346,ID1901
5,346,ID1611
5,346,ID1804
5,346,ID3201
5,347,ID3172
5,347,ID1407
5,347,ID6108
5,347,ID1111
5,347,ID1406
5,348,ID3316
5,348,ID1114
5,348,ID3310
5,348,ID6204
5,348,ID3218
5,349,ID7410
5,349,ID3374
5,349,ID1401
5,349,ID7503
5,349,ID6106
5,350,ID5318
5,350,ID3309
5,350,ID3271
5,350,ID1101
5,350,ID1603
5,351,ID5205
5,351,ID7326
5,351,ID6501
5,351,ID3218
5,351,ID1101
5,352,ID6102
5,352,ID3320
5,352,ID3272
5,352,ID6502
5,352,ID3303
5,353,ID1703
5,353,ID3318
5,353,ID7102
5,353,ID7503
5,353,ID7404
5,354,ID6105
5,354,ID3308
5,354,ID3273
5,354,ID6106
5,354,ID1175
5,355,ID6311
5,355,ID8206
5,355,ID6503
5,355,ID1213
5,355,ID1276
5,356,ID6103
5,356,ID1272
5,356,ID6271
5,356,ID3573
5,356,ID7571
5,357,ID3573
5,357,ID1223
5,357,ID1308
5,357,ID1706
5,357,ID7302
5,358,ID3175
5,358,ID8272
5,358,ID1276
5,358,ID3572
5,358,ID9105
5,359,ID1902
5,359,ID3603
5,359,ID1271
5,359,ID7311
5,359,ID3511
5,360,ID1303
5,360,ID1904
5,360,ID1104
5,360,ID1407
5,360,ID3505
5,361,ID1113
5,361,ID7316
5,361,ID1709
5,361,ID7174
5,361,ID3329
5,362,ID5309
5,362,ID3329
5,362,ID1709
5,362,ID1373
5,362,ID3519
5,363,ID1220
5,363,ID1506
5,363,ID3512
5,363,ID3521
5,363,ID3601
5,364,ID6106
5,364,ID1206
5,364,ID7318
5,364,ID9408
5,364,ID7208
5,365,ID6111
5,365,ID1173
5,365,ID9102
5,365,ID8204
5,365,ID1219
5,366,ID5318
5,366,ID3201
5,366,ID1219
5,366,ID7207
5,366,ID3603
5,367,ID3518
5,367,ID3311
5,367,ID3325
5,367,ID6203
5,367,ID3314
5,368,ID7304
5,368,ID7601
5,368,ID7413
5,368,ID7571
5,368,ID3305
5,369,ID1709
5,369,ID1807
5,369,ID6472
5,369,ID1273
5,369,ID1220
5,370,ID3374
5,370,ID1305
5,370,ID7472
5,370,ID1215
5,370,ID7414
5,371,ID3506
5,371,ID3571
5,371,ID6371
5,371,ID7403
5,371,ID1215
5,372,ID6172
5,372,ID2105
5,372,ID3305
5,372,ID1310
5,372,ID6203
5,373,ID7604
5,373,ID1202
5,373,ID6409
5,373,ID1113
5,373,ID1206
5,374,ID7304
5,374,ID5108
5,374,ID7408
5,374,ID3525
5,374,ID1607
5,375,ID1407
5,375,ID3671
5,375,ID1111
5,375,ID1105
5,375,ID7106
5,376,ID1171
5,376,ID5312
5,376,ID1203
5,376,ID1701
5,376,ID1903
5,377,ID2104
5,377,ID1905
5,377,ID3323
5,377,ID1271
5,377,ID3371
5,378,ID1410
5,378,ID6503
5,378,ID7315
5,378,ID6404
5,378,ID3321
5,379,ID7371
5,379,ID7403
5,379,ID8201
5,379,ID7307
5,379,ID7402
5,380,ID5204
5,380,ID3527
5,380,ID1805
5,380,ID1272
5,380,ID7502
5,381,ID1307
5,381,ID3516
5,381,ID3202
5,381,ID1174
5,381,ID1110
5,382,ID3275
5,382,ID5203
5,382,ID3218
5,382,ID9412
5,382,ID7602
5,383,ID3305
5,383,ID7308
5,383,ID1278
5,383,ID1871
5,383,ID7310
5,384,ID3504
5,384,ID3673
5,384,ID5305
5,384,ID9401
5,384,ID6472
5,385,ID1210
5,385,ID3317
5,385,ID3515
5,385,ID1308
5,385,ID7305
5,386,ID1404
5,386,ID1207
5,386,ID1303
5,386,ID3376
5,386,ID7206
5,387,ID7373
5,387,ID3318
5,387,ID3217
5,387,ID5106
5,387,ID3471
5,388,ID5313
5,388,ID1809
5,388,ID3321
5,388,ID1174
5,388,ID3277
5,389,ID1610
5,389,ID3574
5,389,ID7317
5,389,ID3307
5,389,ID1572
5,390,ID3322
5,390,ID7322
5,390,ID7305
5,390,ID7207
5,390,ID9409
5,391,ID1275
5,391,ID1503
5,391,ID7207
5,391,ID3173
5,391,ID6207
5,392,ID6471
5,392,ID1405
5,392,ID1703
5,392,ID7211
5,392,ID1218
5,393,ID1101
5,393,ID3209
5,393,ID7310
5,393,ID1114
5,393,ID7173
5,394,ID7326
5,394,ID1501
5,394,ID7503
5,394,ID3304
5,394,ID5312
5,395,ID1705
5,395,ID1206
5,395,ID3214
5,395,ID7503
5,395,ID3526
5,396,ID3471
5,396,ID1305
5,396,ID3277
5,396,ID3206
5,396,ID3324
5,397,ID7317
5,397,ID3506
5,397,ID1507
5,397,ID3601
5,397,ID6409
5,398,ID7604
5,398,ID3302
5,398,ID3525
5,398,ID1603
5,398,ID6501
5,399,ID7405
5,399,ID7316
5,399,ID7471
5,399,ID1971
5,399,ID7407
5,400,ID8102
5,400,ID5310
5,400,ID6371
5,400,ID3501
5,400,ID3674
5,401,ID3211
5,401,ID7303
5,401,ID1118
5,401,ID1272
5,401,ID1674
5,402,ID6501
5,402,ID3306
5,402,ID5202
5,402,ID6210
5,402,ID3273
5,403,ID6105
5,403,ID1274
5,403,ID1110
5,403,ID3217
5,403,ID1310
5,404,ID5313
5,404,ID1504
5,404,ID6571
5,404,ID3213
5,404,ID1205
5,405,ID6372
5,405,ID3471
5,405,ID3328
5,405,ID8205
5,405,ID6305
5,406,ID5315
5,406,ID6108
5,406,ID1806
5,406,ID7407
5,406,ID3471
5,407,ID1212
5,407,ID3212
5,407,ID5201
5,407,ID3576
5,407,ID6201
5,408,ID6102
5,408,ID3512
5,408,ID1971
5,408,ID7411
5,408,ID7503
5,409,ID5271
5,409,ID3572
5,409,ID5207
5,409,ID1311
5,409,ID6103
5,410,ID6205
5,410,ID7104
5,410,ID3574
5,410,ID1704
5,410,ID3528
5,411,ID3521
5,411,ID5310
5,411,ID1215
5,411,ID6104
5,411,ID6502
5,412,ID1802
5,412,ID7208
5,412,ID1372
5,412,ID1172
5,412,ID6212
5,413,ID3526
5,413,ID3216
5,413,ID1506
5,413,ID7304
5,413,ID6102
5,414,ID2101
5,414,ID1709
5,414,ID3674
5,414,ID3273
5,414,ID6502
5,415,ID6213
5,415,ID7502
5,415,ID3404
5,415,ID1207
5,415,ID3308
5,416,ID1705
5,416,ID1502
5,416,ID3375
5,416,ID1203
5,416,ID7504
5,417,ID3311
5,417,ID7104
5,417,ID9412
5,417,ID1112
5,417,ID1213
5,418,ID1509
5,418,ID3318
5,418,ID7412
5,418,ID1101
5,418,ID1806
5,419,ID6306
5,419,ID6307
5,419,ID1174
5,419,ID1104
5,419,ID8171
5,420,ID1307
5,420,ID1504
5,420,ID1606
5,420,ID2101
5,420,ID7204
5,421,ID1572
5,421,ID1504
5,421,ID6204
5,421,ID7406
5,421,ID7303
5,422,ID7203
5,422,ID3603
5,422,ID1704
5,422,ID7110
5,422,ID3503
5,423,ID3313
5,423,ID3671
5,423,ID7305
5,423,ID1307
5,423,ID7413
5,424,ID3525
5,424,ID7373
5,424,ID3313
5,424,ID1810
5,424,ID1271
5,425,ID1308
5,425,ID6471
5,425,ID3276
5,425,ID7303
5,425,ID1802
5,426,ID8206
5,426,ID9408
5,426,ID1276
5,426,ID1220
5,426,ID8103
5,427,ID1173
5,427,ID6502
5,427,ID9171
5,427,ID1113
5,427,ID5318
5,428,ID3501
5,428,ID1805
5,428,ID1608
5,428,ID1308
5,428,ID7208
5,429,ID6404
5,429,ID3304
5,429,ID1409
5,429,ID7505
5,429,ID1374
5,430,ID1572
5,430,ID1604
5,430,ID3604
5,430,ID6271
5,430,ID1304
5,431,ID7318
5,431,ID3172
5,431,ID7413
5,431,ID3507
5,431,ID1308
5,432,ID3603
5,432,ID1572
5,432,ID1602
5,432,ID1608
5,432,ID7104
5,433,ID3471
5,433,ID1376
5,433,ID6309
5,433,ID1671
5,433,ID3279
5,434,ID5315
5,434,ID3211
5,434,ID1307
5,434,ID5310
5,434,ID5312
5,435,ID7104
5,435,ID7171
5,435,ID1203
5,435,ID6310
5,435,ID7312
5,436,ID5205
5,436,ID3326
5,436,ID7303
5,436,ID3174
5,436,ID3317
5,437,ID3514
5,437,ID2105
5,437,ID3513
5,437,ID3525
5,437,ID1603
5,438,ID8272
5,438,ID3325
5,438,ID7505
5,438,ID8206
5,438,ID1609
5,439,ID2105
5,439,ID7412
5,439,ID6474
5,439,ID7303
5,439,ID7107
5,440,ID1708
5,440,ID3310
5,440,ID7411
5,440,ID6209
5,440,ID3171
5,441,ID1804
5,441,ID1404
5,441,ID3303
5,441,ID3208
5,441,ID7202
5,442,ID3576
5,442,ID3672
5,442,ID1809
5,442,ID1210
5,442,ID3502
5,443,ID6571
5,443,ID3302
5,443,ID9471
5,443,ID1805
5,443,ID3528
5,444,ID1273
5,444,ID1502
5,444,ID7401
5,444,ID1471
5,444,ID7502
5,445,ID1610
5,445,ID1674
5,445,ID1312
5,445,ID1376
5,445,ID6371
5,446,ID1904
5,446,ID3528
5,446,ID6211
5,446,ID3321
5,446,ID1303
5,447,ID8206
5,447,ID7472
5,447,ID1215
5,447,ID1172
5,447,ID5272
5,448,ID3672
5,448,ID1377
5,448,ID1406
5,448,ID3211
5,448,ID6108
5,449,ID7308
5,449,ID7203
5,449,ID6471
5,449,ID3317
5,449,ID3275
5,450,ID7108
5,450,ID3572
5,450,ID9102
5,450,ID7504
5,450,ID3403
5,451,ID3172
5,451,ID6308
5,451,ID3604
5,451,ID1110
5,451,ID5101
5,452,ID3215
5,452,ID5206
5,452,ID3575
5,452,ID1471
5,452,ID1801
5,453,ID6411
5,453,ID5103
5,453,ID1506
5,453,ID6105
5,453,ID6303
5,454,ID1107
5,454,ID3527
5,454,ID6104
5,454,ID3575
5,454,ID3205
5,455,ID3272
5,455,ID5207
5,455,ID3403
5,455,ID3171
5,455,ID3577
5,456,ID1375
5,456,ID2104
5,456,ID3502
5,456,ID5312
5,456,ID9105
5,457,ID1708
5,457,ID1117
5,457,ID6202
5,457,ID1104
5,457,ID6271
5,458,ID8171
5,458,ID3274
5,458,ID7308
5,458,ID3403
5,458,ID1209
5,459,ID5108
5,459,ID7326
5,459,ID3215
5,459,ID7311
5,459,ID7407
5,460,ID3375
5,460,ID7310
5,460,ID6204
5,460,ID3524
5,460,ID3205
5,461,ID3313
5,461,ID3505
5,461,ID1377
5,461,ID8201
5,461,ID5313
5,462,ID8102
5,462,ID1804
5,462,ID6305
5,462,ID3521
5,462,ID1508
5,463,ID1312
5,463,ID1403
5,463,ID3208
5,463,ID1505
5,463,ID3579
5,464,ID1408
5,464,ID8103
5,464,ID1115
5,464,ID3571
5,464,ID2104
5,465,ID3376
5,465,ID1601
5,465,ID1701
5,465,ID1219
5,465,ID1209
5,466,ID3511
5,466,ID9171
5,466,ID3317
5,466,ID1803
5,466,ID1403
5,467,ID1115
5,467,ID3603
5,467,ID7211
5,467,ID3502
5,467,ID6503
5,468,ID1502
5,468,ID1611
5,468,ID9412
5,468,ID1674
5,468,ID3501
5,469,ID3325
5,469,ID6111
5,469,ID6204
5,469,ID5311
5,469,ID7503
5,470,ID7402
5,470,ID5171
5,470,ID1674
5,470,ID3375
5,470,ID1376
5,471,ID3404
5,471,ID9412
5,471,ID1508
5,471,ID3524
5,471,ID1803
5,472,ID1305
5,472,ID1606
5,472,ID1223
5,472,ID7407
5,472,ID7606
5,473,ID3174
5,473,ID3274
5,473,ID7104
5,473,ID9412
5,473,ID3307
5,474,ID3521
5,474,ID3518
5,474,ID1811
5,474,ID5311
5,474,ID3324
5,475,ID3312
5,475,ID1971
5,475,ID5315
5,475,ID3507
5,475,ID3316
5,476,ID3214
5,476,ID3322
5,476,ID6302
5,476,ID3312
5,476,ID3404
5,477,ID1805
5,477,ID7408
5,477,ID1109
5,477,ID1372
5,477,ID3574
5,478,ID3511
5,478,ID3309
5,478,ID3273
5,478,ID1114
5,478,ID1118
5,479,ID6403
5,479,ID3322
5,479,ID1709
5,479,ID1117
5,479,ID1114
5,480,ID1118
5,480,ID1572
5,480,ID3371
5,480,ID7308
5,480,ID3279
5,481,ID1403
5,481,ID1812
5,481,ID7411
5,481,ID7501
5,481,ID1605
5,482,ID3528
5,482,ID1173
5,482,ID1204
5,482,ID1507
5,482,ID3305
5,483,ID7404
5,483,ID3471
5,483,ID9409
5,483,ID7206
5,483,ID1610
5,484,ID3571
5,484,ID6501
5,484,ID3524
5,484,ID1377
5,484,ID3302
5,485,ID7108
5,485,ID9471
5,485,ID3314
5,485,ID9105
5,485,ID7373
5,486,ID7472
5,486,ID1572
5,486,ID7414
5,486,ID3279
5,486,ID1272
5,487,ID3403
5,487,ID7306
5,487,ID1471
5,487,ID9105
5,487,ID7271
5,488,ID9105
5,488,ID3172
5,488,ID1110
5,488,ID6308
5,488,ID1409
5,489,ID3273
5,489,ID6211
5,489,ID7316
5,489,ID6212
5,489,ID3501
5,490,ID5105
5,490,ID7403
5,490,ID1872
5,490,ID6105
5,490,ID6108
5,491,ID8207
5,491,ID1171
5,491,ID5312
5,491,ID3216
5,491,ID3516
5,492,ID3309
5,492,ID6102
5,492,ID1509
5,492,ID1572
5,492,ID3327
5,493,ID1372
5,493,ID1506
5,493,ID8205
5,493,ID6308
5,493,ID6472
5,494,ID7101
5,494,ID3319
5,494,ID7302
5,494,ID1406
5,494,ID5104
5,495,ID9105
5,495,ID3202
5,495,ID7601
5,495,ID3502
5,495,ID1671
5,496,ID8204
5,496,ID6411
5,496,ID1278
5,496,ID6501
5,496,ID1112
5,497,ID3404
5,497,ID3371
5,497,ID1904
5,497,ID1109
5,497,ID3322
5,498,ID1808
5,498,ID1111
5,498,ID1404
5,498,ID3206
5,498,ID1802
5,499,ID3517
5,499,ID7372
5,499,ID3313
5,499,ID2103
5,499,ID3215
5,500,ID6106
5,500,ID7206
5,500,ID3502
5,500,ID1310
5,500,ID1203
5,501,ID2104
5,501,ID7171
5,501,ID7604
5,501,ID1671
5,501,ID3321
5,502,ID6571
5,502,ID3371
5,502,ID2101
5,502,ID5171
5,502,ID7409
5,503,ID6209
5,503,ID1805
5,503,ID1202
5,503,ID3524
5,503,ID3207
5,504,ID7317
5,504,ID3324
5,504,ID3313
5,504,ID7414
5,504,ID1111
5,505,ID7305
5,505,ID3527
5,505,ID1222
5,505,ID5315
5,505,ID7102
5,506,ID7111
5,506,ID1473
5,506,ID1376
5,506,ID3601
5,506,ID1609
5,507,ID7413
5,507,ID1471
5,507,ID5106
5,507,ID6502
5,507,ID3314
5,508,ID1109
5,508,ID3523
5,508,ID7318
5,508,ID3323
5,508,ID3207
5,509,ID3508
5,509,ID7373
5,509,ID3202
5,509,ID1222
5,509,ID1501
5,510,ID5310
5,510,ID1673
5,510,ID3574
5,510,ID6371
5,510,ID5205
5,511,ID6308
5,511,ID1709
5,511,ID9412
5,511,ID1502
5,511,ID6472
5,512,ID7603
5,512,ID3507
5,512,ID8103
5,512,ID1603
5,512,ID1371
5,513,ID6503
5,513,ID9412
5,513,ID3301
5,513,ID1203
5,513,ID1305
5,514,ID6107
5,514,ID7604
5,514,ID7606
5,514,ID1218
5,514,ID1376
5,515,ID1304
5,515,ID7571
5,515,ID7201
5,515,ID1377
5,515,ID8271
5,516,ID3210
5,516,ID7314
5,516,ID8103
5,516,ID6211
5,516,ID1114
5,517,ID5313
5,517,ID3376
5,517,ID3214
5,517,ID1113
5,517,ID3320
5,518,ID3311
5,518,ID3171
5,518,ID3401
5,518,ID2172
5,518,ID1175
5,519,ID1276
5,519,ID7402
5,519,ID7606
5,519,ID6371
5,519,ID7111
5,520,ID6303
5,520,ID8272
5,520,ID1501
5,520,ID1376
5,520,ID6403
5,521,ID9401
5,521,ID7101
5,521,ID7306
5,521,ID7606
5,521,ID9409
5,522,ID8172
5,522,ID1410
5,522,ID5271
5,522,ID7311
5,522,ID3203
5,523,ID6302
5,523,ID1608
5,523,ID1221
5,523,ID1271
5,523,ID5271
5,524,ID7603
5,524,ID1274
5,524,ID3672
5,524,ID6571
5,524,ID1809
5,525,ID2104
5,525,ID3275
5,525,ID6401
5,525,ID1217
5,525,ID3516
5,526,ID6111
5,526,ID7373
5,526,ID5315
5,526,ID6371
5,526,ID5318
5,527,ID1101
5,527,ID3321
5,527,ID7202
5,527,ID9408
5,527,ID7471
5,528,ID1809
5,528,ID6205
5,528,ID3305
5,528,ID3672
5,528,ID1275
5,529,ID6210
5,529,ID8201
5,529,ID3275
5,529,ID9403
5,529,ID1274
5,530,ID7601
5,530,ID6502
5,530,ID1405
5,530,ID7410
5,530,ID3174
5,531,ID3326
5,531,ID5310
5,531,ID5205
5,531,ID6302
5,531,ID3309
5,532,ID6172
5,532,ID3371
5,532,ID3309
5,532,ID1806
5,532,ID6107
5,533,ID1175
5,533,ID7310
5,533,ID6172
5,533,ID1310
5,533,ID6101
5,534,ID3314
5,534,ID3174
5,534,ID6474
5,534,ID3511
5,534,ID1114
5,535,ID3327
5,535,ID7108
5,535,ID7501
5,535,ID1473
5,535,ID3172
5,536,ID6209
5,536,ID7202
5,536,ID3279
5,536,ID3519
5,536,ID7501
5,537,ID7303
5,537,ID3328
5,537,ID6403
5,537,ID7203
5,537,ID7174
5,538,ID6203
5,538,ID7502
5,538,ID8205
5,538,ID1803
5,538,ID8272
5,539,ID7407
5,539,ID6107
5,539,ID1309
5,539,ID8204
5,539,ID1603
5,540,ID3527
5,540,ID3214
5,540,ID7410
5,540,ID3507
5,540,ID3503
5,541,ID3307
5,541,ID7372
5,541,ID3514
5,541,ID6311
5,541,ID7108
5,542,ID5315
5,542,ID6372
5,542,ID3520
5,542,ID6208
5,542,ID7173
5,543,ID1104
5,543,ID3203
5,543,ID7325
5,543,ID1709
5,543,ID1203
5,544,ID6301
5,544,ID6401
5,544,ID6310
5,544,ID3271
5,544,ID1114
5,545,ID1406
5,545,ID3273
5,545,ID3511
5,545,ID7111
5,545,ID1606
5,546,ID1507
5,546,ID1903
5,546,ID3524
5,546,ID6409
5,546,ID1377
5,547,ID6304
5,547,ID1303
5,547,ID6503
5,547,ID1702
5,547,ID3401
5,548,ID6110
5,548,ID1410
5,548,ID6401
5,548,ID6203
5,548,ID7317
5,549,ID1212
5,549,ID3471
5,549,ID1303
5,549,ID5315
5,549,ID5312
5,550,ID1408
5,550,ID7206
5,550,ID1811
5,550,ID3272
5,550,ID1903
5,551,ID3174
5,551,ID5271
5,551,ID6311
5,551,ID7602
5,551,ID7325
5,552,ID1812
5,552,ID3603
5,552,ID1202
5,552,ID3324
5,552,ID1901
5,553,ID5201
5,553,ID1703
5,553,ID1611
5,553,ID3272
5,553,ID3278
5,554,ID5271
5,554,ID3321
5,554,ID6103
5,554,ID3404
5,554,ID1473
5,555,ID6307
5,555,ID1607
5,555,ID1605
5,555,ID1218
5,555,ID1902
5,556,ID3329
5,556,ID6209
5,556,ID1404
5,556,ID7304
5,556,ID1173
5,557,ID8103
5,557,ID3205
5,557,ID1103
5,557,ID7204
5,557,ID3274
5,558,ID3304
5,558,ID1174
5,558,ID3212
5,558,ID6213
5,558,ID2171
5,559,ID3277
5,559,ID1602
5,559,ID9102
5,559,ID7505
5,559,ID7111
5,560,ID1273
5,560,ID1501
5,560,ID3174
5,560,ID6210
5,560,ID1275
5,561,ID6302
5,561,ID6102
5,561,ID3327
5,561,ID3310
5,561,ID3403
5,562,ID3272
5,562,ID1204
5,562,ID3515
5,562,ID1278
5,562,ID3519
5,563,ID1111
5,563,ID1606
5,563,ID3674
5,563,ID1701
5,563,ID6474
5,564,ID3312
5,564,ID1804
5,564,ID7373
5,564,ID9409
5,564,ID1872
5,565,ID6105
5,565,ID1173
5,565,ID1771
5,565,ID1373
5,565,ID2104
5,566,ID7109
5,566,ID7402
5,566,ID7403
5,566,ID3522
5,566,ID7318
5,567,ID5312
5,567,ID1218
5,567,ID3376
5,567,ID7101
5,567,ID1116
5,568,ID3214
5,568,ID5107
5,568,ID3525
5,568,ID1807
5,568,ID3208
5,569,ID1409
5,569,ID1871
5,569,ID7401
5,569,ID3601
5,569,ID3572
5,570,ID2101
5,570,ID5205
5,570,ID1111
5,570,ID7203
5,570,ID3302
5,571,ID1105
5,571,ID8206
5,571,ID3604
5,571,ID1401
5,571,ID7504
5,572,ID1211
5,572,ID1804
5,572,ID9401
5,572,ID3314
5,572,ID1207
5,573,ID1306
5,573,ID1371
5,573,ID1609
5,573,ID3323
5,573,ID1222
5,574,ID3311
5,574,ID7410
5,574,ID6172
5,574,ID1219
5,574,ID1213
5,575,ID5204
5,575,ID7407
5,575,ID1204
5,575,ID3671
5,575,ID6401
5,576,ID1372
5,576,ID7412
5,576,ID8102
5,576,ID3372
5,576,ID7106
5,577,ID6405
5,577,ID3511
5,577,ID1811
5,577,ID2101
5,577,ID7306
5,578,ID1806
5,578,ID3403
5,578,ID8204
5,578,ID1305
5,578,ID3575
5,579,ID3278
5,579,ID1408
5,579,ID7402
5,579,ID1273
5,579,ID6108
5,580,ID3471
5,580,ID3516
5,580,ID3172
5,580,ID3211
5,580,ID8205
5,581,ID3206
5,581,ID5310
5,581,ID3526
5,581,ID1306
5,581,ID1302
5,582,ID3323
5,582,ID1106
5,582,ID6405
5,582,ID3372
5,582,ID3574
5,583,ID3313
5,583,ID1274
5,583,ID3312
5,583,ID1107
5,583,ID3523
5,584,ID1104
5,584,ID3578
5,584,ID7271
5,584,ID3403
5,584,ID6101
5,585,ID1203
5,585,ID3404
5,585,ID3515
5,585,ID3673
5,585,ID7373
5,586,ID7413
5,586,ID6571
5,586,ID1205
5,586,ID3321
5,586,ID1208
5,587,ID1111
5,587,ID3528
5,587,ID7315
5,587,ID1171
5,587,ID1508
5,588,ID3276
5,588,ID1612
5,588,ID3305
5,588,ID3511
5,588,ID1223
5,589,ID5312
5,589,ID3201
5,589,ID3506
5,589,ID7109
5,589,ID3404
5,590,ID3517
5,590,ID3303
5,590,ID6471
5,590,ID3521
5,590,ID5313
5,591,ID1211
5,591,ID7406
5,591,ID1308
5,591,ID8207
5,591,ID3173
5,592,ID3319
5,592,ID3402
5,592,ID8202
5,592,ID1174
5,592,ID6213
5,593,ID9401
5,593,ID1406
5,593,ID1807
5,593,ID3317
5,593,ID6409
5,594,ID7371
5,594,ID7317
5,594,ID3310
5,594,ID6210
5,594,ID1811
5,595,ID7315
5,595,ID1278
5,595,ID6103
5,595,ID1118
5,595,ID3520
5,596,ID6172
5,596,ID3301
5,596,ID1672
5,596,ID1116
5,596,ID3276
5,597,ID6402
5,597,ID7409
5,597,ID1308
5,597,ID1611
5,597,ID1277
5,598,ID1572
5,598,ID5312
5,598,ID1702
5,598,ID3278
5,598,ID1701
5,599,ID7571
5,599,ID1308
5,599,ID6105
5,599,ID1409
5,599,ID3403
5,600,ID7373
5,600,ID3202
5,600,ID5272
5,600,ID5205
5,600,ID6212
5,601,ID3603
5,601,ID7413
5,601,ID5102
5,601,ID7503
5,601,ID7306
5,602,ID1303
5,602,ID5310
5,602,ID7172
5,602,ID3516
5,602,ID6111
5,603,ID1504
5,603,ID3213
5,603,ID1278
5,603,ID5202
5,603,ID1604
5,604,ID5310
5,604,ID7402
5,604,ID1503
5,604,ID3575
5,604,ID5205
5,605,ID1372
5,605,ID7302
5,605,ID7301
5,605,ID3304
5,605,ID1610
5,606,ID8206
5,606,ID5171
5,606,ID3303
5,606,ID1811
5,606,ID6111
5,607,ID7104
5,607,ID6306
5,607,ID1601
5,607,ID3374
5,607,ID6212
5,608,ID6271
5,608,ID7471
5,608,ID3322
5,608,ID6311
5,608,ID7313
5,609,ID3505
5,609,ID9471
5,609,ID6404
5,609,ID3673
5,609,ID3218
5,610,ID6213
5,610,ID5310
5,610,ID3305
5,610,ID1606
5,610,ID7403
5,611,ID9171
5,611,ID7413
5,611,ID3171
5,611,ID1706
5,611,ID1117
5,612,ID5203
5,612,ID7303
5,612,ID1104
5,612,ID1502
5,612,ID1902
5,613,ID3208
5,613,ID6210
5,613,ID1808
5,613,ID3323
5,613,ID1704
5,614,ID7315
5,614,ID1203
5,614,ID1306
5,614,ID3308
5,614,ID9412
5,615,ID7504
5,615,ID3671
5,615,ID7204
5,615,ID7372
5,615,ID1404
5,616,ID1605
5,616,ID8272
5,616,ID3521
5,616,ID3321
5,616,ID7406
5,617,ID7571
5,617,ID7305
5,617,ID3527
5,617,ID1221
5,617,ID5206
5,618,ID3578
5,618,ID3522
5,618,ID1275
5,618,ID6303
5,618,ID5105
5,619,ID7174
5,619,ID6404
5,619,ID3674
5,619,ID1402
5,619,ID7172
5,620,ID1606
5,620,ID1101
5,620,ID5318
5,620,ID6110
5,620,ID3603
5,621,ID3204
5,621,ID8271
5,621,ID7413
5,621,ID1673
5,621,ID7602
5,622,ID1108
5,622,ID7107
5,622,ID3507
5,622,ID6371
5,622,ID7172
5,623,ID7571
5,623,ID3276
5,623,ID3573
5,623,ID6504
5,623,ID5310
5,624,ID1871
5,624,ID1503
5,624,ID3277
5,624,ID3201
5,624,ID1304
5,625,ID6208
5,625,ID1610
5,625,ID1805
5,625,ID1608
5,625,ID3173
5,626,ID1709
5,626,ID9171
5,626,ID3501
5,626,ID7603
5,626,ID6172
5,627,ID3311
5,627,ID7202
5,627,ID1708
5,627,ID1275
5,627,ID1904
5,628,ID1115
5,628,ID3402
5,628,ID5171
5,628,ID3319
5,628,ID1609
5,629,ID7313
5,629,ID7312
5,629,ID1903
5,629,ID6112
5,629,ID1205
5,630,ID7104
5,630,ID3506
5,630,ID3278
5,630,ID6202
5,630,ID5104
5,631,ID1209
5,631,ID3504
5,631,ID7173
5,631,ID1114
5,631,ID7207
5,632,ID3214
5,632,ID3216
5,632,ID8171
5,632,ID7102
5,632,ID7315
5,633,ID1113
5,633,ID7212
5,633,ID1109
5,633,ID3402
5,633,ID9408
5,634,ID1372
5,634,ID8204
5,634,ID1507
5,634,ID1304
5,634,ID3578
5,635,ID3501
5,635,ID1609
5,635,ID1905
5,635,ID6308
5,635,ID1107
5,636,ID6301
5,636,ID7311
5,636,ID3528
5,636,ID6213
5,636,ID3201
5,637,ID1801
5,637,ID3274
5,637,ID3401
5,637,ID6208
5,637,ID8202
5,638,ID1204
5,638,ID1402
5,638,ID1507
5,638,ID1808
5,638,ID1609
5,639,ID7206
5,639,ID3573
5,639,ID1674
5,639,ID1404
5,639,ID3218
5,640,ID1219
5,640,ID1203
5,640,ID3673
5,640,ID8271
5,640,ID7315
5,641,ID7604
5,641,ID5271
5,641,ID1901
5,641,ID1505
5,641,ID1707
5,642,ID5101
5,642,ID9403
5,642,ID3322
5,642,ID1901
5,642,ID3214
5,643,ID1607
5,643,ID5108
5,643,ID1410
5,643,ID6102
5,643,ID1405
5,644,ID5206
5,644,ID1274
5,644,ID3521
5,644,ID8206
5,644,ID1610
5,645,ID3320
5,645,ID3326
5,645,ID3174
5,645,ID1571
5,645,ID9409
5,646,ID3213
5,646,ID7101
5,646,ID7401
5,646,ID6404
5,646,ID7402
5,647,ID6107
5,647,ID3403
5,647,ID3511
5,647,ID3323
5,647,ID7201
5,648,ID5104
5,648,ID3328
5,648,ID1209
5,648,ID3206
5,648,ID3172
5,649,ID1112
5,649,ID6402
5,649,ID3207
5,649,ID1903
5,649,ID7414
5,650,ID1703
5,650,ID7204
5,650,ID7571
5,650,ID3327
5,650,ID3217
5,651,ID7408
5,651,ID7171
5,651,ID1303
5,651,ID7410
5,651,ID7414
5,652,ID9401
5,652,ID3205
5,652,ID3213
5,652,ID3521
5,652,ID8102
5,653,ID1311
5,653,ID3574
5,653,ID3506
5,653,ID3579
5,653,ID8204
5,654,ID6104
5,654,ID7301
5,654,ID1606
5,654,ID7106
5,654,ID1706
5,655,ID3327
5,655,ID3371
5,655,ID7110
5,655,ID1673
5,655,ID1672
5,656,ID1806
5,656,ID7106
5,656,ID1803
5,656,ID1103
5,656,ID7471
5,657,ID3301
5,657,ID6203
5,657,ID1672
5,657,ID3517
5,657,ID3206
5,658,ID7203
5,658,ID3212
5,658,ID7409
5,658,ID1706
5,658,ID1406
5,659,ID3304
5,659,ID5305
5,659,ID6301
5,659,ID1105
5,659,ID1210
5,660,ID3302
5,660,ID8102
5,660,ID7306
5,660,ID7304
5,660,ID6111
5,661,ID7208
5,661,ID7402
5,661,ID7108
5,661,ID1271
5,661,ID1603
5,662,ID7602
5,662,ID3506
5,662,ID7604
5,662,ID3209
5,662,ID6110
5,663,ID6205
5,663,ID7414
5,663,ID3323
5,663,ID1372
5,663,ID3208
5,664,ID3322
5,664,ID1117
5,664,ID7303
5,664,ID7501
5,664,ID1408
5,665,ID3527
5,665,ID5205
5,665,ID7472
5,665,ID3218
5,665,ID3504
5,666,ID1471
5,666,ID5104
5,666,ID3520
5,666,ID1406
5,666,ID3279
5,667,ID3525
5,667,ID1812
5,667,ID1604
5,667,ID7172
5,667,ID6202
5,668,ID1410
5,668,ID5104
5,668,ID1302
5,668,ID3321
5,668,ID3374
5,669,ID1106
5,669,ID3322
5,669,ID6306
5,669,ID3403
5,669,ID1807
5,670,ID3672
5,670,ID1809
5,670,ID5206
5,670,ID7308
5,670,ID5106
5,671,ID3602
5,671,ID1501
5,671,ID7472
5,671,ID3508
5,671,ID1276
5,672,ID8172
5,672,ID1674
5,672,ID1771
5,672,ID7601
5,672,ID3322
5,673,ID3275
5,673,ID1502
5,673,ID7412
5,673,ID6307
5,673,ID1802
5,674,ID6110
5,674,ID1871
5,674,ID5312
5,674,ID3573
5,674,ID1103
5,675,ID1272
5,675,ID1672
5,675,ID3312
5,675,ID3326
5,675,ID1101
5,676,ID1707
5,676,ID3306
5,676,ID7108
5,676,ID1211
5,676,ID6403
5,677,ID7471
5,677,ID1603
5,677,ID9105
5,677,ID6102
5,677,ID6311
5,678,ID7402
5,678,ID6371
5,678,ID1206
5,678,ID3515
5,678,ID3505
5,679,ID3671
5,679,ID1507
5,679,ID3279
5,679,ID3373
5,679,ID1804
5,680,ID6206
5,680,ID1308
5,680,ID7317
5,680,ID7325
5,680,ID6213
5,681,ID7314
5,681,ID3514
5,681,ID6303
5,681,ID7408
5,681,ID2171
5,682,ID3402
5,682,ID7311
5,682,ID1304
5,682,ID3207
5,682,ID7401
5,683,ID1175
5,683,ID8102
5,683,ID6304
5,683,ID5202
5,683,ID3603
5,684,ID3471
5,684,ID5102
5,684,ID1703
5,684,ID1109
5,684,ID6302
5,685,ID7171
5,685,ID1216
5,685,ID3518
5,685,ID7322
5,685,ID6308
5,686,ID1806
5,686,ID1106
5,686,ID7318
5,686,ID7504
5,686,ID3604
5,687,ID5371
5,687,ID5203
5,687,ID7603
5,687,ID1112
5,687,ID3371
5,688,ID8171
5,688,ID5203
5,688,ID6474
5,688,ID3272
5,688,ID1672
5,689,ID3205
5,689,ID5315
5,689,ID5201
5,689,ID5205
5,689,ID6207
5,690,ID3216
5,690,ID1220
5,690,ID5204
5,690,ID7606
5,690,ID1202
5,691,ID6308
5,691,ID3506
5,691,ID1872
5,691,ID1871
5,691,ID3518
5,692,ID1811
5,692,ID1219
5,692,ID3312
5,692,ID7207
5,692,ID7405
5,693,ID1311
5,693,ID5201
5,693,ID3521
5,693,ID3523
5,693,ID1572
5,694,ID2105
5,694,ID6103
5,694,ID9403
5,694,ID3674
5,694,ID3501
5,695,ID3579
5,695,ID1117
5,695,ID3672
5,695,ID1405
5,695,ID3502
5,696,ID7206
5,696,ID3505
5,696,ID3278
5,696,ID7271
5,696,ID6571
5,697,ID3501
5,697,ID1107
5,697,ID1572
5,697,ID6207
5,697,ID1173
5,698,ID9408
5,698,ID7503
5,698,ID8272
5,698,ID6112
5,698,ID1172
5,699,ID1312
5,699,ID1403
5,699,ID6571
5,699,ID1218
5,699,ID6201
5,700,ID9102
5,700,ID7606
5,700,ID7604
5,700,ID3211
5,700,ID3273
5,701,ID7501
5,701,ID7173
5,701,ID3316
5,701,ID7211
5,701,ID1602
5,702,ID3272
5,702,ID3572
5,702,ID1215
5,702,ID1105
5,702,ID1171
5,703,ID1303
5,703,ID3273
5,703,ID6571
5,703,ID5313
5,703,ID8103
5,704,ID6571
5,704,ID1311
5,704,ID7101
5,704,ID3311
5,704,ID1703
5,705,ID3328
5,705,ID1601
5,705,ID3218
5,705,ID1274
5,705,ID1606
5,706,ID6304
5,706,ID1607
5,706,ID3520
5,706,ID3404
5,706,ID1408
5,707,ID3318
5,707,ID5313
5,707,ID1504
5,707,ID7410
5,707,ID8205
5,708,ID7318
5,708,ID3326
5,708,ID1701
5,708,ID1271
5,708,ID1218
5,709,ID1308
5,709,ID3510
5,709,ID1221
5,709,ID1674
5,709,ID1407
5,710,ID1672
5,710,ID9409
5,710,ID7605
5,710,ID5271
5,710,ID7405
5,711,ID5310
5,711,ID7301
5,711,ID6171
5,711,ID3507
5,711,ID1377
5,712,ID1118
5,712,ID2172
5,712,ID3319
5,712,ID1505
5,712,ID3521
5,713,ID7104
5,713,ID1409
5,713,ID5106
5,713,ID3275
5,713,ID1375
5,714,ID6307
5,714,ID1505
5,714,ID1217
5,714,ID3578
5,714,ID3672
5,715,ID3522
5,715,ID3277
5,715,ID1810
5,715,ID9403
5,715,ID1375
5,716,ID3211
5,716,ID3502
5,716,ID1971
5,716,ID1410
5,716,ID1217
5,717,ID7174
5,717,ID7404
5,717,ID3305
5,717,ID1602
5,717,ID1572
5,718,ID1810
5,718,ID3404
5,718,ID1209
5,718,ID1605
5,718,ID8272
5,719,ID1106
5,719,ID3524
5,719,ID3471
5,719,ID1108
5,719,ID6502
5,720,ID3576
5,720,ID1110
5,720,ID3303
5,720,ID1612
5,720,ID1506
5,721,ID1408
5,721,ID5371
5,721,ID6371
5,721,ID7208
5,721,ID1202
5,722,ID1105
5,722,ID3212
5,722,ID3376
5,722,ID1611
5,722,ID3322
5,723,ID6401
5,723,ID6105
5,723,ID1373
5,723,ID6403
5,723,ID7406
5,724,ID1506
5,724,ID1507
5,724,ID7326
5,724,ID1205
5,724,ID7310
5,725,ID7472
5,725,ID1672
5,725,ID6204
5,725,ID5204
5,725,ID3518
5,726,ID1405
5,726,ID3318
5,726,ID7371
5,726,ID6111
5,726,ID6474
5,727,ID6106
5,727,ID3321
5,727,ID7203
5,727,ID8104
5,727,ID7411
5,728,ID1102
5,728,ID3578
5,728,ID1806
5,728,ID9171
5,728,ID7325
5,729,ID1706
5,729,ID3518
5,729,ID6172
5,729,ID6310
5,729,ID1508
5,730,ID3174
5,730,ID7606
5,730,ID1116
5,730,ID5205
5,730,ID1672
5,731,ID8271
5,731,ID7174
5,731,ID6472
5,731,ID1501
5,731,ID3519
5,732,ID5201
5,732,ID7372
5,732,ID3201
5,732,ID7172
5,732,ID1401
5,733,ID3572
5,733,ID8103
5,733,ID3209
5,733,ID7602
5,733,ID7322
5,734,ID3305
5,734,ID6305
5,734,ID7471
5,734,ID1572
5,734,ID3315
5,735,ID5102
5,735,ID3402
5,735,ID6304
5,735,ID6109
5,735,ID1408
5,736,ID8201
5,736,ID5206
5,736,ID1612
5,736,ID7371
5,736,ID3324
5,737,ID3578
5,737,ID1572
5,737,ID7314
5,737,ID1274
5,737,ID7101
5,738,ID1274
5,738,ID6205
5,738,ID1671
5,738,ID3203
5,738,ID7104
5,739,ID7503
5,739,ID1114
5,739,ID7310
5,739,ID7174
5,739,ID1220
5,740,ID7313
5,740,ID3310
5,740,ID7414
5,740,ID7206
5,740,ID1217
5,741,ID3372
5,741,ID1471
5,741,ID7412
5,741,ID9412
5,741,ID1572
5,742,ID7308
5,742,ID1810
5,742,ID5106
5,742,ID6302
5,742,ID1212
5,743,ID1812
5,743,ID3320
5,743,ID3308
5,743,ID7173
5,743,ID8206
5,744,ID7502
5,744,ID2105
5,744,ID7171
5,744,ID1175
5,744,ID6302
5,745,ID6212
5,745,ID1308
5,745,ID6372
5,745,ID5311
5,745,ID3513
5,746,ID7505
5,746,ID3404
5,746,ID7371
5,746,ID3601
5,746,ID7402
5,747,ID6207
5,747,ID1502
5,747,ID6371
5,747,ID1408
5,747,ID3320
5,748,ID5102
5,748,ID3508
5,748,ID3672
5,748,ID1506
5,748,ID7111
5,749,ID3211
5,749,ID3175
5,749,ID6311
5,749,ID6102
5,749,ID6108
5,750,ID3207
5,750,ID8201
5,750,ID1608
5,750,ID5310
5,750,ID3504
5,751,ID8201
5,751,ID1218
5,751,ID6308
5,751,ID1405
5,751,ID7172
5,752,ID3209
5,752,ID5315
5,752,ID5271
5,752,ID6171
5,752,ID3576
5,753,ID6571
5,753,ID3272
5,753,ID1306
5,753,ID3604
5,753,ID3203
5,754,ID6471
5,754,ID3275
5,754,ID1373
5,754,ID3526
5,754,ID6107
5,755,ID3509
5,755,ID1905
5,755,ID7316
5,755,ID1217
5,755,ID6104
5,756,ID5207
5,756,ID1277
5,756,ID5106
5,756,ID9102
5,756,ID7102
5,757,ID1105
5,757,ID1218
5,757,ID9409
5,757,ID1275
5,757,ID3519
5,758,ID7310
5,758,ID1809
5,758,ID9408
5,758,ID7314
5,758,ID3308
5,759,ID7601
5,759,ID3572
5,759,ID7401
5,759,ID7314
5,759,ID1174
5,760,ID1312
5,760,ID3309
5,760,ID3526
5,760,ID7174
5,760,ID3208
5,761,ID7207
5,761,ID6271
5,761,ID3575
5,761,ID3301
5,761,ID7105
5,762,ID7302
5,762,ID7107
5,762,ID1407
5,762,ID7172
5,762,ID1801
5,763,ID1104
5,763,ID1112
5,763,ID3572
5,763,ID7413
5,763,ID1803
5,764,ID1904
5,764,ID5107
5,764,ID3513
5,764,ID1672
5,764,ID3671
5,765,ID1404
5,765,ID3601
5,765,ID1117
5,765,ID9471
5,765,ID3527
5,766,ID1571
5,766,ID1406
5,766,ID6108
5,766,ID6206
5,766,ID3576
5,767,ID1707
5,767,ID1905
5,767,ID6301
5,767,ID1278
5,767,ID3574
5,768,ID1812
5,768,ID7412
5,768,ID7173
5,768,ID8103
5,768,ID1117
5,769,ID3502
5,769,ID1571
5,769,ID3574
5,769,ID1706
5,769,ID1209
5,770,ID7311
5,770,ID7211
5,770,ID3272
5,770,ID7303
5,770,ID1374
5,771,ID1808
5,771,ID1303
5,771,ID3216
5,771,ID1904
5,771,ID3403
5,772,ID3313
5,772,ID6308
5,772,ID3207
5,772,ID7173
5,772,ID6203
5,773,ID1803
5,773,ID3502
5,773,ID1608
5,773,ID3575
5,773,ID7202
5,774,ID3576
5,774,ID3604
5,774,ID1222
5,774,ID1116
5,774,ID3328
5,775,ID5203
5,775,ID3601
5,775,ID1409
5,775,ID7314
5,775,ID7311
5,776,ID6102
5,776,ID6310
5,776,ID5202
5,776,ID3525
5,776,ID7102
5,777,ID1275
5,777,ID1871
5,777,ID1372
5,777,ID7471
5,777,ID1403
5,778,ID1108
5,778,ID7308
5,778,ID2103
5,778,ID7173
5,778,ID5202
5,779,ID6271
5,779,ID1571
5,779,ID3527
5,779,ID3528
5,779,ID6204
5,780,ID3326
5,780,ID3272
5,780,ID3574
5,780,ID3505
5,780,ID3517
5,781,ID1708
5,781,ID1219
5,781,ID7505
5,781,ID1808
5,781,ID7271
5,782,ID3174
5,782,ID6205
5,782,ID1114
5,782,ID3509
5,782,ID5108
5,783,ID3326
5,783,ID6204
5,783,ID3206
5,783,ID7172
5,783,ID7605
5,784,ID8172
5,784,ID1903
5,784,ID1207
5,784,ID6104
5,784,ID1871
5,785,ID1812
5,785,ID7326
5,785,ID3171
5,785,ID1610
5,785,ID3211
5,786,ID7322
5,786,ID3503
5,786,ID7172
5,786,ID5202
5,786,ID3272
5,787,ID1202
5,787,ID3511
5,787,ID1707
5,787,ID1606
5,787,ID3279
5,788,ID3315
5,788,ID6201
5,788,ID3325
5,788,ID3522
5,788,ID1308
5,789,ID1307
5,789,ID3279
5,789,ID2105
5,789,ID3573
5,789,ID6503
5,790,ID8102
5,790,ID1275
5,790,ID1401
5,790,ID3507
5,790,ID5103
5,791,ID7402
5,791,ID1275
5,791,ID6207
5,791,ID3672
5,791,ID3304
5,792,ID3375
5,792,ID7606
5,792,ID3206
5,792,ID1401
5,792,ID1174
5,793,ID6104
5,793,ID1802
5,793,ID3310
5,793,ID3579
5,793,ID3304
5,794,ID9401
5,794,ID3202
5,794,ID3217
5,794,ID7204
5,794,ID9101
5,795,ID7108
5,795,ID7602
5,795,ID1606
5,795,ID5171
5,795,ID1807
5,796,ID3528
5,796,ID3205
5,796,ID6102
5,796,ID1219
5,796,ID5203
5,797,ID5106
5,797,ID1572
5,797,ID6107
5,797,ID3274
5,797,ID5204
5,798,ID3572
5,798,ID3309
5,798,ID3209
5,798,ID3602
5,798,ID3575
5,799,ID1205
5,799,ID1872
5,799,ID1213
5,799,ID7301
5,799,ID5311
5,800,ID9401
5,800,ID3516
5,800,ID9171
5,800,ID1606
5,800,ID3272
5,801,ID3216
5,801,ID1903
5,801,ID6501
5,801,ID6402
5,801,ID9171
5,802,ID1410
5,802,ID7201
5,802,ID3319
5,802,ID1502
5,802,ID6308
5,803,ID7502
5,803,ID3523
5,803,ID3501
5,803,ID5207
5,803,ID7405
5,804,ID7317
5,804,ID6309
5,804,ID1809
5,804,ID3301
5,804,ID8171
5,805,ID7317
5,805,ID5106
5,805,ID6211
5,805,ID5101
5,805,ID1708
5,806,ID5106
5,806,ID1208
5,806,ID7606
5,806,ID1812
5,806,ID1407
5,807,ID1704
5,807,ID1105
5,807,ID3201
5,807,ID7504
5,807,ID1377
5,808,ID7208
5,808,ID6403
5,808,ID7316
5,808,ID1222
5,808,ID9105
5,809,ID3277
5,809,ID1219
5,809,ID9471
5,809,ID3604
5,809,ID6371
5,810,ID1706
5,810,ID1115
5,810,ID3305
5,810,ID3603
5,810,ID5206
5,811,ID6213
5,811,ID7472
5,811,ID1806
5,811,ID1601
5,811,ID1113
5,812,ID8103
5,812,ID3575
5,812,ID1114
5,812,ID1102
5,812,ID7501
5,813,ID1175
5,813,ID3511
5,813,ID1904
5,813,ID1811
5,813,ID7174
5,814,ID1171
5,814,ID3523
5,814,ID3578
5,814,ID3208
5,814,ID3272
5,815,ID7313
5,815,ID3323
5,815,ID6110
5,815,ID1109
5,815,ID6172
5,816,ID7104
5,816,ID3502
5,816,ID1603
5,816,ID6101
5,816,ID1375
5,817,ID1871
5,817,ID6112
5,817,ID7601
5,817,ID3201
5,817,ID6411
5,818,ID3602
5,818,ID3214
5,818,ID7413
5,818,ID3673
5,818,ID7307
5,819,ID1901
5,819,ID3527
5,819,ID1271
5,819,ID5311
5,819,ID1807
5,820,ID6311
5,820,ID1102
5,820,ID1204
5,820,ID1118
5,820,ID1222
5,821,ID1902
5,821,ID3508
5,821,ID1376
5,821,ID5312
5,821,ID1277
5,822,ID5202
5,822,ID1374
5,822,ID3571
5,822,ID1504
5,822,ID6112
5,823,ID3512
5,823,ID6206
5,823,ID5271
5,823,ID1112
5,823,ID7313
5,824,ID1807
5,824,ID1222
5,824,ID5271
5,824,ID3312
5,824,ID7102
5,825,ID1471
5,825,ID7318
5,825,ID6107
5,825,ID1107
5,825,ID1114
5,826,ID6471
5,826,ID6111
5,826,ID8207
5,826,ID1473
5,826,ID1506
5,827,ID1508
5,827,ID6207
5,827,ID3510
5,827,ID3372
5,827,ID1803
5,828,ID6474
5,828,ID6409
5,828,ID7308
5,828,ID1375
5,828,ID3509
5,829,ID3313
5,829,ID1377
5,829,ID1173
5,829,ID1276
5,829,ID3171
5,830,ID5313
5,830,ID7603
5,830,ID7304
5,830,ID8171
5,830,ID7501
5,831,ID5318
5,831,ID7107
5,831,ID3312
5,831,ID7505
5,831,ID5305
5,832,ID7109
5,832,ID3578
5,832,ID7410
5,832,ID8205
5,832,ID1276
5,833,ID3509
5,833,ID3327
5,833,ID6307
5,833,ID6502
5,833,ID3521
5,834,ID1271
5,834,ID6212
5,834,ID7318
5,834,ID1213
5,834,ID6404
5,835,ID3218
5,835,ID1108
5,835,ID7301
5,835,ID6172
5,835,ID1375
5,836,ID7326
5,836,ID5203
5,836,ID1602
5,836,ID3301
5,836,ID3674
5,837,ID1611
5,837,ID1376
5,837,ID1704
5,837,ID1506
5,837,ID1171
5,838,ID3311
5,838,ID6111
5,838,ID3505
5,838,ID1174
5,838,ID7106
5,839,ID7106
5,839,ID3512
5,839,ID7604
5,839,ID1312
5,839,ID7408
5,840,ID1806
5,840,ID3504
5,840,ID1109
5,840,ID6201
5,840,ID1603
5,841,ID8172
5,841,ID7310
5,841,ID3301
5,841,ID7601
5,841,ID7372
5,842,ID7311
5,842,ID1904
5,842,ID3324
5,842,ID3175
5,842,ID5206
5,843,ID7471
5,843,ID7413
5,843,ID6501
5,843,ID1306
5,843,ID3673
5,844,ID3311
5,844,ID6304
5,844,ID5206
5,844,ID2103
5,844,ID1903
5,845,ID1204
5,845,ID3216
5,845,ID7414
5,845,ID9403
5,845,ID3279
5,846,ID3174
5,846,ID3217
5,846,ID1104
5,846,ID3673
5,846,ID1211
5,847,ID6306
5,847,ID7102
5,847,ID3501
5,847,ID1702
5,847,ID9102
5,848,ID1407
5,848,ID5371
5,848,ID3572
5,848,ID5206
5,848,ID6201
5,849,ID3577
5,849,ID3322
5,849,ID1172
5,849,ID1703
5,849,ID1806
5,850,ID3509
5,850,ID3505
5,850,ID3278
5,850,ID3308
5,850,ID1278
5,851,ID7307
5,851,ID5318
5,851,ID3522
5,851,ID7373
5,851,ID6102
5,852,ID3302
5,852,ID7371
5,852,ID1672
5,852,ID1703
5,852,ID1410
5,853,ID5104
5,853,ID3574
5,853,ID6371
5,853,ID1101
5,853,ID7373
5,854,ID1708
5,854,ID1374
5,854,ID3218
5,854,ID7172
5,854,ID3213
5,855,ID3315
5,855,ID1801
5,855,ID7207
5,855,ID1509
5,855,ID3325
5,856,ID3172
5,856,ID5205
5,856,ID3503
5,856,ID6405
5,856,ID3215
5,857,ID5272
5,857,ID1275
5,857,ID5313
5,857,ID1215
5,857,ID1610
5,858,ID1812
5,858,ID6504
5,858,ID1377
5,858,ID7315
5,858,ID5305
5,859,ID7206
5,859,ID3513
5,859,ID6471
5,859,ID7202
5,859,ID7472
5,860,ID6171
5,860,ID3579
5,860,ID3375
5,860,ID1805
5,860,ID1105
5,861,ID1105
5,861,ID1905
5,861,ID7208
5,861,ID6213
5,861,ID3208
5,862,ID1173
5,862,ID7318
5,862,ID5206
5,862,ID1473
5,862,ID1277
5,863,ID1173
5,863,ID1408
5,863,ID1809
5,863,ID1905
5,863,ID6303
5,864,ID8271
5,864,ID1807
5,864,ID3502
5,864,ID1271
5,864,ID6107
5,865,ID1571
5,865,ID7408
5,865,ID3325
5,865,ID3471
5,865,ID6106
5,866,ID1610
5,866,ID9101
5,866,ID7472
5,866,ID1117
5,866,ID1377
5,867,ID1504
5,867,ID1608
5,867,ID3271
5,867,ID1109
5,867,ID7171
5,868,ID5103
5,868,ID8207
5,868,ID1310
5,868,ID1771
5,868,ID3218
5,869,ID5108
5,869,ID3214
5,869,ID6211
5,869,ID3315
5,869,ID3503
5,870,ID1901
5,870,ID1605
5,870,ID7472
5,870,ID3574
5,870,ID9409
5,871,ID6171
5,871,ID6504
5,871,ID7111
5,871,ID7308
5,871,ID7409
5,872,ID3603
5,872,ID7310
5,872,ID3404
5,872,ID1271
5,872,ID1608
5,873,ID6271
5,873,ID3508
5,873,ID6504
5,873,ID6371
5,873,ID1905
5,874,ID7404
5,874,ID3402
5,874,ID3404
5,874,ID1373
5,874,ID3576
5,875,ID1371
5,875,ID3371
5,875,ID6404
5,875,ID3174
5,875,ID1373
5,876,ID1612
5,876,ID3603
5,876,ID1473
5,876,ID7472
5,876,ID3376
5,877,ID3327
5,877,ID1218
5,877,ID3319
5,877,ID7311
5,877,ID1212
5,878,ID3604
5,878,ID7406
5,878,ID7106
5,878,ID1708
5,878,ID1205
5,879,ID7271
5,879,ID3471
5,879,ID1310
5,879,ID1206
5,879,ID7315
5,880,ID5312
5,880,ID6104
5,880,ID7602
5,880,ID8272
5,880,ID7407
5,881,ID1202
5,881,ID7201
5,881,ID6205
5,881,ID2103
5,881,ID1223
5,882,ID8104
5,882,ID3510
5,882,ID3308
5,882,ID1173
5,882,ID6202
5,883,ID1113
5,883,ID1309
5,883,ID1104
5,883,ID6474
5,883,ID6213
5,884,ID6504
5,884,ID5371
5,884,ID1114
5,884,ID3305
5,884,ID3278
5,885,ID3323
5,885,ID1107
5,885,ID3317
5,885,ID1905
5,885,ID5101
5,886,ID7602
5,886,ID7471
5,886,ID1702
5,886,ID1709
5,886,ID3321
5,887,ID3602
5,887,ID9102
5,887,ID1708
5,887,ID1809
5,887,ID8201
5,888,ID7313
5,888,ID1901
5,888,ID3321
5,888,ID3310
5,888,ID1904
5,889,ID7301
5,889,ID1175
5,889,ID7171
5,889,ID2171
5,889,ID1812
5,890,ID7501
5,890,ID1207
5,890,ID5105
5,890,ID5202
5,890,ID1605
5,891,ID1810
5,891,ID3523
5,891,ID3602
5,891,ID3275
5,891,ID8205
5,892,ID6310
5,892,ID5103
5,892,ID7173
5,892,ID7472
5,892,ID1209
5,893,ID3510
5,893,ID7313
5,893,ID7204
5,893,ID1608
5,893,ID1217
5,894,ID1174
5,894,ID1709
5,894,ID7322
5,894,ID7604
5,894,ID3317
5,895,ID1102
5,895,ID7471
5,895,ID7604
5,895,ID5305
5,895,ID5171
5,896,ID3317
5,896,ID1211
5,896,ID7401
5,896,ID3505
5,896,ID3403
5,897,ID1205
5,897,ID1272
5,897,ID5203
5,897,ID1604
5,897,ID7306
5,898,ID3210
5,898,ID3204
5,898,ID3173
5,898,ID3174
5,898,ID1708
5,899,ID8204
5,899,ID3511
5,899,ID1673
5,899,ID8171
5,899,ID3376
5,900,ID3603
5,900,ID3175
5,900,ID1105
5,900,ID7315
5,900,ID5207
5,901,ID1605
5,901,ID7412
5,901,ID1807
5,901,ID5315
5,901,ID6111
5,902,ID3573
5,902,ID1175
5,902,ID6206
5,902,ID9409
5,902,ID5107
5,903,ID7602
5,903,ID1215
5,903,ID3508
5,903,ID8102
5,903,ID3521
5,904,ID7505
5,904,ID3521
5,904,ID6209
5,904,ID3375
5,904,ID1118
5,905,ID1507
5,905,ID6504
5,905,ID1672
5,905,ID1274
5,905,ID5201
5,906,ID7207
5,906,ID1902
5,906,ID6402
5,906,ID3521
5,906,ID1504
5,907,ID3215
5,907,ID1506
5,907,ID1110
5,907,ID3328
5,907,ID9171
5,908,ID8205
5,908,ID1505
5,908,ID1118
5,908,ID3526
5,908,ID6305
5,909,ID6211
5,909,ID1508
5,909,ID1701
5,909,ID3218
5,909,ID3373
5,910,ID3329
5,910,ID6109
5,910,ID5103
5,910,ID1802
5,910,ID1221
5,911,ID7107
5,911,ID1114
5,911,ID8272
5,911,ID3604
5,911,ID1809
5,912,ID7318
5,912,ID5171
5,912,ID3317
5,912,ID3505
5,912,ID7411
5,913,ID7212
5,913,ID3604
5,913,ID3272
5,913,ID6305
5,913,ID3217
5,914,ID1205
5,914,ID1571
5,914,ID6472
5,914,ID1101
5,914,ID3174
5,915,ID9401
5,915,ID6503
5,915,ID1503
5,915,ID3214
5,915,ID9409
5,916,ID1902
5,916,ID5104
5,916,ID7505
5,916,ID1703
5,916,ID1672
5,917,ID1607
5,917,ID1218
5,917,ID3515
5,917,ID1603
5,917,ID5309
5,918,ID1104
5,918,ID3508
5,918,ID3309
5,918,ID6301
5,918,ID3322
5,919,ID5104
5,919,ID1807
5,919,ID3602
5,919,ID7203
5,919,ID3201
5,920,ID1672
5,920,ID1104
5,920,ID1612
5,920,ID1371
5,920,ID6405
5,921,ID2101
5,921,ID1672
5,921,ID3202
5,921,ID7605
5,921,ID3274
5,922,ID2171
5,922,ID7204
5,922,ID1903
5,922,ID3573
5,922,ID6502
5,923,ID1404
5,923,ID3316
5,923,ID1608
5,923,ID3506
5,923,ID6271
5,924,ID5315
5,924,ID1404
5,924,ID3278
5,924,ID1310
5,924,ID7271
5,925,ID6306
5,925,ID1704
5,925,ID3279
5,925,ID7203
5,925,ID6304
5,926,ID1809
5,926,ID1218
5,926,ID6202
5,926,ID1508
5,926,ID1806
5,927,ID3372
5,927,ID3274
5,927,ID6101
5,927,ID3527
5,927,ID1212
5,928,ID7101
5,928,ID6202
5,928,ID1707
5,928,ID1610
5,928,ID6472
5,929,ID1111
5,929,ID6102
5,929,ID5205
5,929,ID3327
5,929,ID6206
5,930,ID8201
5,930,ID7171
5,930,ID1109
5,930,ID1709
5,930,ID3373
5,931,ID3525
5,931,ID7601
5,931,ID1312
5,931,ID6204
5,931,ID1107
5,932,ID5204
5,932,ID3603
5,932,ID5108
5,932,ID1808
5,932,ID6472
5,933,ID2105
5,933,ID7410
5,933,ID1811
5,933,ID5272
5,933,ID5102
5,934,ID1308
5,934,ID9408
5,934,ID3210
5,934,ID7404
5,934,ID6474
5,935,ID1105
5,935,ID5310
5,935,ID3314
5,935,ID3526
5,935,ID6101
5,936,ID6472
5,936,ID1103
5,936,ID7105
5,936,ID8202
5,936,ID3211
5,937,ID7472
5,937,ID3373
5,937,ID1901
5,937,ID1703
5,937,ID5101
5,938,ID1276
5,938,ID7201
5,938,ID3320
5,938,ID5205
5,938,ID6209
5,939,ID1107
5,939,ID9412
5,939,ID1306
5,939,ID1507
5,939,ID6206
5,940,ID1410
5,940,ID1303
5,940,ID6372
5,940,ID7102
5,940,ID6502
5,941,ID3329
5,941,ID3575
5,941,ID3526
5,941,ID6301
5,941,ID6201
5,942,ID6103
5,942,ID7605
5,942,ID7413
5,942,ID3518
5,942,ID6372
5,943,ID7407
5,943,ID1172
5,943,ID1371
5,943,ID3207
5,943,ID1707
5,944,ID7208
5,944,ID6304
5,944,ID3525
5,944,ID1406
5,944,ID1471
5,945,ID7202
5,945,ID1116
5,945,ID1273
5,945,ID3218
5,945,ID7212
5,946,ID1217
5,946,ID3471
5,946,ID8172
5,946,ID1571
5,946,ID7106
5,947,ID3216
5,947,ID1904
5,947,ID6504
5,947,ID8206
5,947,ID5207
5,948,ID3514
5,948,ID5105
5,948,ID6304
5,948,ID7404
5,948,ID1105
5,949,ID3575
5,949,ID8103
5,949,ID1872
5,949,ID7372
5,949,ID2171
5,950,ID1707
5,950,ID7110
5,950,ID1272
5,950,ID1405
5,950,ID6409
5,951,ID7413
5,951,ID6203
5,951,ID3319
5,951,ID1374
5,951,ID8207
5,952,ID1506
5,952,ID5305
5,952,ID7311
5,952,ID6205
5,952,ID5271
5,953,ID1113
5,953,ID7471
5,953,ID8272
5,953,ID6502
5,953,ID5104
5,954,ID7102
5,954,ID1606
5,954,ID1213
5,954,ID6202
5,954,ID3511
5,955,ID6404
5,955,ID5204
5,955,ID3404
5,955,ID7108
5,955,ID3577
5,956,ID6502
5,956,ID7310
5,956,ID7304
5,956,ID3203
5,956,ID2171
5,957,ID1272
5,957,ID6213
5,957,ID6204
5,957,ID3374
5,957,ID6209
5,958,ID1408
5,958,ID1212
5,958,ID3404
5,958,ID3577
5,958,ID3203
5,959,ID7409
5,959,ID7408
5,959,ID1302
5,959,ID3205
5,959,ID7604
5,960,ID7603
5,960,ID6171
5,960,ID3673
5,960,ID7471
5,960,ID1808
5,961,ID3576
5,961,ID1802
5,961,ID3277
5,961,ID1701
5,961,ID3376
5,962,ID3401
5,962,ID3212
5,962,ID3314
5,962,ID6403
5,962,ID7102
5,963,ID8103
5,963,ID7109
5,963,ID6212
5,963,ID1105
5,963,ID3278
5,964,ID1806
5,964,ID3201
5,964,ID6172
5,964,ID1603
5,964,ID7606
5,965,ID3318
5,965,ID1208
5,965,ID7104
5,965,ID1174
5,965,ID3506
5,966,ID6271
5,966,ID1612
5,966,ID3519
5,966,ID7211
5,966,ID3602
5,967,ID7304
5,967,ID1507
5,967,ID7108
5,967,ID1211
5,967,ID3672
5,968,ID1708
5,968,ID1115
5,968,ID6405
5,968,ID1302
5,968,ID7412
5,969,ID3272
5,969,ID7173
5,969,ID3271
5,969,ID3216
5,969,ID1172
5,970,ID7401
5,970,ID3207
5,970,ID3601
5,970,ID6371
5,970,ID7318
5,971,ID3307
5,971,ID3601
5,971,ID2172
5,971,ID1709
5,971,ID3271
5,972,ID6102
5,972,ID1708
5,972,ID7414
5,972,ID8204
5,972,ID3574
5,973,ID6211
5,973,ID7206
5,973,ID1306
5,973,ID7606
5,973,ID1309
5,974,ID1276
5,974,ID3215
5,974,ID7105
5,974,ID3175
5,974,ID3524
5,975,ID1673
5,975,ID7305
5,975,ID6212
5,975,ID7407
5,975,ID1807
5,976,ID1410
5,976,ID7406
5,976,ID1672
5,976,ID6401
5,976,ID1205
5,977,ID3508
5,977,ID1205
5,977,ID1571
5,977,ID6301
5,977,ID6172
5,978,ID2171
5,978,ID3320
5,978,ID1220
5,978,ID3519
5,978,ID1905
5,979,ID1901
5,979,ID1372
5,979,ID1273
5,979,ID1607
5,979,ID3404
5,980,ID2103
5,980,ID2171
5,980,ID3172
5,980,ID9401
5,980,ID1305
5,981,ID1271
5,981,ID7204
5,981,ID1704
5,981,ID1404
5,981,ID1272
5,982,ID9409
5,982,ID7174
5,982,ID3505
5,982,ID6209
5,982,ID3519
5,983,ID1673
5,983,ID1219
5,983,ID5105
5,983,ID7505
5,983,ID3172
5,984,ID3402
5,984,ID3503
5,984,ID6471
5,984,ID5105
5,984,ID5102
5,985,ID8205
5,985,ID5315
5,985,ID6411
5,985,ID3218
5,985,ID1608
5,986,ID7302
5,986,ID3313
5,986,ID3175
5,986,ID3515
5,986,ID7212
5,987,ID1506
5,987,ID6202
5,987,ID1707
5,987,ID7407
5,987,ID1404
5,988,ID6202
5,988,ID3506
5,988,ID5309
5,988,ID9412
5,988,ID6210
5,989,ID1204
5,989,ID6109
5,989,ID3509
5,989,ID3502
5,989,ID7303
5,990,ID7409
5,990,ID1674
5,990,ID3672
5,990,ID3514
5,990,ID1372
5,991,ID1114
5,991,ID1278
5,991,ID7102
5,991,ID1116
5,991,ID7174
5,992,ID3514
5,992,ID1275
5,992,ID6503
5,992,ID3306
5,992,ID1904
5,993,ID7409
5,993,ID3501
5,993,ID6109
5,993,ID1808
5,993,ID5101
5,994,ID7307
5,994,ID1808
5,994,ID1871
5,994,ID7173
5,994,ID1209
5,995,ID9401
5,995,ID1103
5,995,ID6208
5,995,ID3205
5,995,ID1219
5,996,ID3324
5,996,ID9101
5,996,ID8205
5,996,ID7373
5,996,ID6371
5,997,ID1605
5,997,ID3604
5,997,ID3507
5,997,ID3574
5,997,ID7307
5,998,ID3522
5,998,ID5206
5,998,ID1171
5,998,ID6303
5,998,ID1274
5,999,ID3375
5,999,ID7211
5,999,ID3271
5,999,ID1811
5,999,ID6306
10,0,ID9408
10,0,ID7325
10,0,ID6307
10,0,ID1501
10,0,ID3322
10,0,ID7373
10,0,ID9412
10,0,ID1116
10,0,ID7310
10,0,ID1572
10,1,ID1809
10,1,ID6206
10,1,ID6104
10,1,ID9412
10,1,ID5203
10,1,ID3514
10,1,ID1811
10,1,ID1509
10,1,ID6109
10,1,ID1702
10,2,ID5102
10,2,ID6271
10,2,ID7606
10,2,ID3372
10,2,ID3328
10,2,ID1218
10,2,ID3603
10,2,ID3671
10,2,ID1672
10,2,ID1219
10,3,ID7171
10,3,ID3402
10,3,ID1106
10,3,ID3214
10,3,ID7107
10,3,ID1706
10,3,ID3673
10,3,ID1271
10,3,ID1709
10,3,ID3318
10,4,ID1502
10,4,ID7308
10,4,ID7311
10,4,ID3601
10,4,ID6306
10,4,ID1508
10,4,ID3310
10,4,ID9471
10,4,ID5305
10,4,ID7108
10,5,ID5205
10,5,ID6304
10,5,ID7212
10,5,ID1103
10,5,ID1871
10,5,ID6203
10,5,ID8171
10,5,ID3511
10,5,ID7471
10,5,ID1172
10,6,ID6301
10,6,ID7326
10,6,ID1215
10,6,ID1605
10,6,ID9408
10,6,ID6271
10,6,ID5104
10,6,ID7105
10,6,ID7403
10,6,ID6502
10,7,ID7472
10,7,ID3327
10,7,ID1272
10,7,ID7501
10,7,ID5203
10,7,ID7404
10,7,ID1502
10,7,ID5271
10,7,ID3305
10,7,ID3310
10,8,ID3175
10,8,ID1703
10,8,ID1278
10,8,ID6213
10,8,ID8204
10,8,ID3215
10,8,ID1308
10,8,ID1701
10,8,ID3673
10,8,ID3502
10,9,ID8202
10,9,ID6208
10,9,ID1403
10,9,ID1171
10,9,ID7203
10,9,ID1303
10,9,ID3327
10,9,ID7404
10,9,ID1808
10,9,ID3310
10,10,ID6107
10,10,ID7107
10,10,ID6311
10,10,ID7310
10,10,ID6211
10,10,ID3508
10,10,ID1111
10,10,ID9171
10,10,ID3327
10,10,ID1312
10,11,ID3315
10,11,ID7325
10,11,ID8201
10,11,ID3320
10,11,ID1806
10,11,ID3218
10,11,ID1801
10,11,ID1604
10,11,ID5107
10,11,ID7401
10,12,ID7411
10,12,ID1605
10,12,ID3209
10,12,ID3271
10,12,ID6111
10,12,ID3506
10,12,ID1220
10,12,ID3325
10,12,ID1508
10,12,ID3510
10,13,ID3322
10,13,ID7310
10,13,ID6472
10,13,ID1606
10,13,ID3501
10,13,ID1674
10,13,ID5312
10,13,ID3328
10,13,ID3278
10,13,ID1215
10,14,ID1503
10,14,ID1114
10,14,ID1801
10,14,ID1110
10,14,ID7111
10,14,ID2105
10,14,ID3316
10,14,ID6402
10,14,ID1612
10,14,ID1708
10,15,ID1115
10,15,ID3328
10,15,ID9105
10,15,ID6171
10,15,ID1375
10,15,ID8102
10,15,ID1708
10,15,ID3511
10,15,ID7315
10,15,ID1371
10,16,ID1509
10,16,ID1203
10,16,ID1377
10,16,ID1605
10,16,ID9412
10,16,ID1302
10,16,ID6201
10,16,ID1806
10,16,ID1307
10,16,ID5171
10,17,ID5207
10,17,ID3521
10,17,ID1309
10,17,ID1207
10,17,ID1210
10,17,ID7408
10,17,ID3325
10,17,ID6103
10,17,ID3506
10,17,ID7505
10,18,ID1807
10,18,ID3514
10,18,ID7110
10,18,ID1571
10,18,ID1205
10,18,ID6204
10,18,ID7202
10,18,ID7472
10,18,ID3216
10,18,ID1115
10,19,ID1272
10,19,ID3174
10,19,ID1812
10,19,ID1309
10,19,ID6106
10,19,ID5102
10,19,ID1702
10,19,ID7409
10,19,ID8204
10,19,ID1506
10,20,ID1377
10,20,ID7107
10,20,ID7322
10,20,ID3524
10,20,ID3317
10,20,ID3577
10,20,ID7408
10,20,ID1409
10,20,ID1612
10,20,ID1307
10,21,ID3272
10,21,ID5309
10,21,ID9403
10,21,ID6109
10,21,ID7212
10,21,ID1904
10,21,ID3321
10,21,ID3305
10,21,ID5106
10,21,ID7174
10,22,ID6301
10,22,ID3304
10,22,ID3576
10,22,ID6211
10,22,ID8103
10,22,ID6411
10,22,ID7203
10,22,ID7107
10,22,ID7412
10,22,ID1507
10,23,ID3316
10,23,ID9412
10,23,ID5272
10,23,ID3206
10,23,ID1302
10,23,ID1222
10,23,ID1703
10,23,ID6308
10,23,ID3172
10,23,ID7325
10,24,ID7302
10,24,ID3522
10,24,ID6371
10,24,ID5201
10,24,ID3520
10,24,ID7307
10,24,ID6472
10,24,ID3510
10,24,ID6213
10,24,ID3371
10,25,ID3506
10,25,ID3211
10,25,ID6402
10,25,ID6302
10,25,ID3311
10,25,ID7108
10,25,ID3371
10,25,ID6209
10,25,ID6104
10,25,ID9409
10,26,ID3314
10,26,ID3211
10,26,ID6502
10,26,ID6503
10,26,ID1377
10,26,ID5108
10,26,ID7173
10,26,ID3302
10,26,ID1707
10,26,ID1304
10,27,ID9409
10,27,ID1971
10,27,ID3212
10,27,ID1406
10,27,ID1106
10,27,ID7311
10,27,ID1905
10,27,ID3505
10,27,ID3206
10,27,ID1871
10,28,ID3201
10,28,ID3512
10,28,ID5272
10,28,ID2104
10,28,ID1275
10,28,ID7312
10,28,ID1303
10,28,ID6501
10,28,ID1706
10,28,ID1503
10,29,ID5312
10,29,ID1404
10,29,ID8171
10,29,ID9409
10,29,ID6102
10,29,ID3404
10,29,ID1173
10,29,ID3322
10,29,ID5203
10,29,ID3401
10,30,ID1872
10,30,ID1505
10,30,ID1471
10,30,ID3279
10,30,ID6107
10,30,ID1706
10,30,ID3313
10,30,ID3309
10,30,ID1673
10,30,ID3525
10,31,ID8205
10,31,ID1311
10,31,ID1602
10,31,ID1272
10,31,ID3272
10,31,ID1606
10,31,ID1221
10,31,ID1809
10,31,ID1173
10,31,ID5102
10,32,ID3507
10,32,ID3320
10,32,ID3306
10,32,ID3209
10,32,ID7411
10,32,ID3207
10,32,ID3528
10,32,ID9409
10,32,ID6112
10,32,ID3310
10,33,ID6271
10,33,ID5102
10,33,ID3324
10,33,ID3508
10,33,ID1608
10,33,ID7202
10,33,ID1904
10,33,ID6503
10,33,ID3216
10,33,ID3217
10,34,ID1202
10,34,ID8201
10,34,ID7211
10,34,ID3211
10,34,ID7502
10,34,ID7206
10,34,ID3516
10,34,ID3273
10,34,ID1103
10,34,ID1601
10,35,ID3279
10,35,ID1108
10,35,ID3373
10,35,ID1203
10,35,ID6109
10,35,ID7308
10,35,ID3672
10,35,ID7601
10,35,ID1110
10,35,ID1310
10,36,ID3526
10,36,ID3372
10,36,ID1903
10,36,ID6102
10,36,ID1571
10,36,ID3505
10,36,ID1277
10,36,ID3175
10,36,ID1217
10,36,ID1609
10,37,ID1673
10,37,ID6409
10,37,ID7315
10,37,ID7302
10,37,ID7307
10,37,ID3313
10,37,ID3322
10,37,ID3402
10,37,ID3329
10,37,ID3579
10,38,ID1607
10,38,ID7110
10,38,ID7312
10,38,ID1806
10,38,ID1708
10,38,ID1507
10,38,ID1810
10,38,ID6303
10,38,ID1704
10,38,ID3505
10,39,ID7405
10,39,ID1572
10,39,ID7502
10,39,ID3672
10,39,ID5313
10,39,ID1971
10,39,ID7314
10,39,ID6501
10,39,ID1174
10,39,ID3216
10,40,ID3602
10,40,ID7502
10,40,ID3524
10,40,ID3315
10,40,ID3573
10,40,ID3276
10,40,ID3471
10,40,ID3572
10,40,ID3528
10,40,ID3374
10,41,ID1811
10,41,ID3373
10,41,ID7105
10,41,ID1305
10,41,ID5207
10,41,ID3308
10,41,ID7110
10,41,ID8272
10,41,ID8271
10,41,ID7407
10,42,ID1410
10,42,ID7313
10,42,ID1809
10,42,ID7109
10,42,ID1611
10,42,ID7310
10,42,ID7207
10,42,ID3574
10,42,ID1306
10,42,ID3209
10,43,ID3218
10,43,ID6105
10,43,ID1471
10,43,ID3173
10,43,ID3211
10,43,ID1807
10,43,ID5272
10,43,ID8207
10,43,ID1806
10,43,ID3509
10,44,ID2172
10,44,ID3322
10,44,ID6211
10,44,ID3308
10,44,ID3505
10,44,ID3527
10,44,ID1312
10,44,ID6310
10,44,ID7311
10,44,ID7314
10,45,ID9471
10,45,ID7109
10,45,ID7305
10,45,ID5108
10,45,ID1501
10,45,ID3304
10,45,ID3313
10,45,ID6309
10,45,ID1407
10,45,ID3211
10,46,ID5311
10,46,ID3306
10,46,ID3215
10,46,ID7373
10,46,ID7311
10,46,ID1309
10,46,ID7471
10,46,ID1209
10,46,ID6203
10,46,ID3574
10,47,ID7371
10,47,ID9401
10,47,ID3202
10,47,ID1810
10,47,ID1671
10,47,ID3207
10,47,ID1312
10,47,ID6106
10,47,ID7317
10,47,ID8202
10,48,ID2101
10,48,ID8102
10,48,ID7312
10,48,ID9101
10,48,ID8103
10,48,ID3313
10,48,ID6301
10,48,ID5207
10,48,ID1406
10,48,ID7302
10,49,ID1607
10,49,ID6104
10,49,ID1804
10,49,ID1274
10,49,ID3211
10,49,ID5206
10,49,ID3209
10,49,ID6110
10,49,ID7109
10,49,ID8272
10,50,ID3506
10,50,ID3307
10,50,ID7171
10,50,ID1111
10,50,ID6311
10,50,ID3525
10,50,ID3216
10,50,ID5207
10,50,ID1801
10,50,ID1771
10,51,ID1210
10,51,ID6108
10,51,ID3322
10,51,ID3520
10,51,ID3323
10,51,ID1103
10,51,ID1108
10,51,ID3525
10,51,ID3329
10,51,ID5201
10,52,ID7471
10,52,ID3175
10,52,ID6110
10,52,ID1812
10,52,ID3603
10,52,ID1306
10,52,ID3210
10,52,ID1102
10,52,ID1210
10,52,ID7212
10,53,ID6411
10,53,ID6111
10,53,ID3517
10,53,ID7571
10,53,ID3404
10,53,ID6109
10,53,ID1704
10,53,ID3210
10,53,ID6104
10,53,ID6409
10,54,ID7371
10,54,ID8206
10,54,ID7310
10,54,ID3671
10,54,ID6207
10,54,ID1210
10,54,ID6309
10,54,ID7412
10,54,ID9408
10,54,ID6306
10,55,ID3272
10,55,ID5103
10,55,ID7413
10,55,ID3674
10,55,ID1872
10,55,ID3307
10,55,ID8206
10,55,ID6501
10,55,ID3376
10,55,ID6271
10,56,ID9102
10,56,ID1406
10,56,ID3511
10,56,ID3403
10,56,ID3674
10,56,ID6372
10,56,ID1272
10,56,ID1117
10,56,ID3526
10,56,ID5371
10,57,ID6102
10,57,ID3602
10,57,ID6411
10,57,ID1272
10,57,ID5108
10,57,ID1207
10,57,ID9401
10,57,ID1508
10,57,ID3323
10,57,ID1105
10,58,ID1407
10,58,ID7171
10,58,ID3206
10,58,ID1108
10,58,ID6371
10,58,ID3214
10,58,ID8102
10,58,ID3520
10,58,ID7405
10,58,ID3311
10,59,ID3208
10,59,ID3207
10,59,ID8201
10,59,ID3173
10,59,ID1771
10,59,ID3175
10,59,ID1109
10,59,ID1276
10,59,ID1611
10,59,ID1275
10,60,ID5101
10,60,ID1207
10,60,ID6472
10,60,ID1605
10,60,ID7503
10,60,ID1273
10,60,ID7404
10,60,ID6301
10,60,ID1408
10,60,ID7104
10,61,ID7372
10,61,ID7202
10,61,ID3205
10,61,ID1307
10,61,ID7401
10,61,ID3209
10,61,ID1601
10,61,ID7402
10,61,ID6411
10,61,ID7301
10,62,ID3308
10,62,ID1308
10,62,ID9403
10,62,ID6411
10,62,ID6372
10,62,ID7409
10,62,ID3174
10,62,ID1509
10,62,ID6205
10,62,ID1708
10,63,ID5102
10,63,ID7271
10,63,ID1102
10,63,ID3403
10,63,ID1204
10,63,ID8103
10,63,ID3209
10,63,ID1218
10,63,ID5108
10,63,ID1174
10,64,ID1601
10,64,ID3575
10,64,ID7318
10,64,ID6305
10,64,ID3212
10,64,ID7302
10,64,ID7602
10,64,ID3519
10,64,ID7372
10,64,ID1503
10,65,ID6307
10,65,ID3509
10,65,ID7302
10,65,ID3503
10,65,ID7174
10,65,ID1211
10,65,ID7401
10,65,ID1217
10,65,ID6102
10,65,ID3312
10,66,ID9403
10,66,ID1572
10,66,ID6405
10,66,ID1871
10,66,ID6305
10,66,ID3508
10,66,ID1709
10,66,ID1302
10,66,ID1409
10,66,ID1207
10,67,ID7405
10,67,ID7204
10,67,ID1702
10,67,ID1102
10,67,ID1377
10,67,ID3471
10,67,ID1172
10,67,ID6501
10,67,ID6101
10,67,ID7303
10,68,ID9409
10,68,ID5105
10,68,ID1173
10,68,ID6301
10,68,ID7310
10,68,ID1377
10,68,ID1408
10,68,ID3316
10,68,ID9102
10,68,ID1305
10,69,ID7304
10,69,ID1405
10,69,ID7371
10,69,ID1375
10,69,ID1409
10,69,ID8171
10,69,ID3202
10,69,ID7308
10,69,ID1377
10,69,ID1506
10,70,ID1904
10,70,ID3401
10,70,ID3218
10,70,ID6109
10,70,ID1217
10,70,ID1804
10,70,ID1903
10,70,ID6409
10,70,ID1674
10,70,ID5315
10,71,ID3671
10,71,ID5203
10,71,ID1204
10,71,ID6571
10,71,ID3510
10,71,ID3576
10,71,ID1173
10,71,ID6504
10,71,ID7403
10,71,ID8171
10,72,ID1111
10,72,ID7212
10,72,ID3322
10,72,ID6571
10,72,ID1709
10,72,ID7505
10,72,ID7314
10,72,ID1110
10,72,ID6304
10,72,ID6501
10,73,ID1107
10,73,ID1801
10,73,ID3601
10,73,ID1105
10,73,ID2104
10,73,ID8204
10,73,ID7325
10,73,ID7501
10,73,ID3317
10,73,ID5371
10,74,ID7104
10,74,ID3171
10,74,ID7108
10,74,ID8171
10,74,ID6103
10,74,ID7211
10,74,ID1501
10,74,ID1508
10,74,ID7406
10,74,ID1101
10,75,ID3277
10,75,ID3604
10,75,ID3510
10,75,ID1206
10,75,ID1303
10,75,ID7107
10,75,ID1673
10,75,ID7372
10,75,ID1217
10,75,ID3575
10,76,ID2171
10,76,ID1104
10,76,ID6301
10,76,ID7316
10,76,ID3274
10,76,ID5206
10,76,ID3521
10,76,ID8202
10,76,ID7504
10,76,ID1806
10,77,ID2104
10,77,ID1701
10,77,ID1812
10,77,ID3504
10,77,ID1610
10,77,ID6404
10,77,ID8201
10,77,ID6202
10,77,ID1804
10,77,ID1705
10,78,ID8206
10,78,ID3273
10,78,ID3672
10,78,ID7413
10,78,ID3314
10,78,ID1204
10,78,ID3373
10,78,ID3312
10,78,ID1501
10,78,ID1213
10,79,ID1271
10,79,ID3518
10,79,ID3520
10,79,ID3216
10,79,ID3375
10,79,ID3403
10,79,ID6101
10,79,ID6102
10,79,ID3505
10,79,ID7311
10,80,ID1703
10,80,ID1903
10,80,ID7604
10,80,ID3401
10,80,ID1113
10,80,ID1612
10,80,ID1308
10,80,ID1273
10,80,ID3577
10,80,ID1506
10,81,ID7326
10,81,ID7101
10,81,ID6402
10,81,ID3278
10,81,ID8271
10,81,ID6306
10,81,ID1371
10,81,ID6171
10,81,ID6109
10,81,ID3329
10,82,ID3205
10,82,ID3324
10,82,ID3574
10,82,ID3326
10,82,ID7471
10,82,ID3329
10,82,ID7604
10,82,ID3302
10,82,ID8272
10,82,ID7101
10,83,ID3502
10,83,ID1811
10,83,ID5309
10,83,ID6105
10,83,ID3574
10,83,ID7318
10,83,ID7201
10,83,ID7306
10,83,ID7315
10,83,ID7325
10,84,ID9412
10,84,ID1673
10,84,ID6211
10,84,ID6409
10,84,ID6306
10,84,ID7201
10,84,ID7317
10,84,ID3517
10,84,ID7312
10,84,ID3523
10,85,ID3521
10,85,ID6305
10,85,ID1105
10,85,ID1608
10,85,ID7310
10,85,ID6108
10,85,ID6403
10,85,ID3314
10,85,ID1375
10,85,ID7174
10,86,ID1372
10,86,ID1604
10,86,ID9403
10,86,ID7202
10,86,ID3328
10,86,ID6112
10,86,ID5371
10,86,ID7503
10,86,ID5311
10,86,ID1278
10,87,ID3520
10,87,ID1704
10,87,ID3524
10,87,ID1812
10,87,ID1171
10,87,ID7104
10,87,ID6301
10,87,ID9401
10,87,ID1904
10,87,ID7202
10,88,ID1217
10,88,ID9101
10,88,ID6210
10,88,ID5313
10,88,ID7202
10,88,ID5315
10,88,ID1509
10,88,ID1271
10,88,ID1103
10,88,ID7408
10,89,ID1501
10,89,ID5108
10,89,ID3527
10,89,ID1812
10,89,ID8102
10,89,ID3520
10,89,ID6311
10,89,ID3501
10,89,ID8171
10,89,ID6210
10,90,ID3209
10,90,ID5106
10,90,ID3516
10,90,ID2101
10,90,ID3579
10,90,ID6202
10,90,ID3513
10,90,ID7325
10,90,ID6207
10,90,ID5207
10,91,ID7471
10,91,ID7413
10,91,ID7571
10,91,ID1508
10,91,ID7317
10,91,ID6571
10,91,ID5315
10,91,ID5309
10,91,ID7401
10,91,ID1706
10,92,ID1377
10,92,ID3508
10,92,ID1373
10,92,ID1112
10,92,ID7315
10,92,ID3212
10,92,ID7106
10,92,ID1506
10,92,ID5203
10,92,ID9401
10,93,ID3329
10,93,ID7311
10,93,ID7407
10,93,ID3521
10,93,ID6303
10,93,ID3528
10,93,ID7201
10,93,ID1219
10,93,ID1401
10,93,ID3371
10,94,ID6108
10,94,ID1703
10,94,ID6303
10,94,ID7109
10,94,ID7173
10,94,ID7303
10,94,ID3524
10,94,ID3512
10,94,ID3520
10,94,ID3323
10,95,ID7201
10,95,ID1672
10,95,ID5310
10,95,ID1274
10,95,ID1373
10,95,ID3509
10,95,ID1105
10,95,ID3372
10,95,ID1108
10,95,ID7605
10,96,ID8204
10,96,ID7413
10,96,ID7316
10,96,ID1702
10,96,ID7171
10,96,ID6108
10,96,ID9408
10,96,ID6211
10,96,ID6110
10,96,ID3507
10,97,ID6371
10,97,ID7603
10,97,ID7208
10,97,ID2105
10,97,ID6207
10,97,ID3175
10,97,ID1971
10,97,ID7313
10,97,ID3576
10,97,ID8171
10,98,ID6401
10,98,ID1110
10,98,ID7311
10,98,ID2171
10,98,ID1101
10,98,ID7407
10,98,ID1376
10,98,ID1209
10,98,ID1103
10,98,ID6105
10,99,ID1278
10,99,ID3374
10,99,ID8103
10,99,ID6106
10,99,ID1118
10,99,ID2101
10,99,ID7310
10,99,ID6102
10,99,ID1601
10,99,ID8271
10,100,ID3404
10,100,ID1809
10,100,ID6109
10,100,ID3329
10,100,ID1107
10,100,ID3272
10,100,ID3577
10,100,ID1804
10,100,ID5305
10,100,ID6207
10,101,ID1118
10,101,ID3402
10,101,ID3314
10,101,ID1902
10,101,ID5313
10,101,ID1302
10,101,ID1274
10,101,ID5271
10,101,ID3509
10,101,ID3671
10,102,ID7271
10,102,ID1113
10,102,ID7314
10,102,ID3213
10,102,ID3514
10,102,ID1403
10,102,ID9403
10,102,ID5205
10,102,ID5313
10,102,ID3601
10,103,ID3218
10,103,ID5107
10,103,ID8204
10,103,ID6474
10,103,ID8271
10,103,ID1203
10,103,ID8172
10,103,ID7602
10,103,ID1306
10,103,ID1174
10,104,ID3516
10,104,ID3577
10,104,ID1202
10,104,ID3601
10,104,ID7302
10,104,ID1204
10,104,ID3517
10,104,ID3403
10,104,ID8271
10,104,ID3322
10,105,ID1802
10,105,ID5312
10,105,ID3576
10,105,ID9408
10,105,ID7325
10,105,ID6102
10,105,ID1674
10,105,ID6210
10,105,ID3517
10,105,ID3376
10,106,ID3375
10,106,ID3673
10,106,ID2103
10,106,ID3210
10,106,ID1403
10,106,ID1605
10,106,ID1209
10,106,ID7606
10,106,ID3272
10,106,ID6109
10,107,ID2105
10,107,ID3175
10,107,ID7409
10,107,ID3578
10,107,ID7373
10,107,ID3502
10,107,ID1501
10,107,ID1801
10,107,ID1810
10,107,ID1807
10,108,ID3511
10,108,ID3527
10,108,ID6403
10,108,ID6172
10,108,ID8202
10,108,ID1101
10,108,ID3512
10,108,ID1612
10,108,ID6301
10,108,ID1114
10,109,ID6210
10,109,ID6310
10,109,ID1203
10,109,ID3174
10,109,ID1273
10,109,ID1308
10,109,ID7107
10,109,ID7301
10,109,ID3574
10,109,ID2101
10,110,ID6411
10,110,ID3519
10,110,ID1602
10,110,ID5309
10,110,ID7310
10,110,ID5106
10,110,ID3202
10,110,ID9401
10,110,ID3311
10,110,ID3271
10,111,ID1376
10,111,ID1116
10,111,ID6302
10,111,ID3213
10,111,ID5205
10,111,ID1572
10,111,ID9101
10,111,ID1803
10,111,ID2105
10,111,ID1408
10,112,ID1303
10,112,ID1671
10,112,ID1106
10,112,ID7107
10,112,ID3525
10,112,ID6104
10,112,ID3526
10,112,ID1405
10,112,ID1702
10,112,ID1222
10,113,ID7111
10,113,ID7412
10,113,ID3307
10,113,ID1410
10,113,ID7326
10,113,ID3576
10,113,ID1118
10,113,ID6501
10,113,ID1603
10,113,ID1406
10,114,ID1606
10,114,ID3519
10,114,ID3303
10,114,ID7111
10,114,ID1707
10,114,ID3206
10,114,ID5205
10,114,ID7601
10,114,ID1802
10,114,ID1409
10,115,ID3276
10,115,ID2105
10,115,ID3505
10,115,ID3527
10,115,ID1504
10,115,ID6211
10,115,ID1373
10,115,ID3324
10,115,ID3674
10,115,ID7322
10,116,ID7110
10,116,ID1215
10,116,ID3171
10,116,ID7402
10,116,ID6109
10,116,ID7174
10,116,ID6171
10,116,ID1101
10,116,ID9408
10,116,ID6207
10,117,ID1504
10,117,ID7373
10,117,ID1307
10,117,ID1705
10,117,ID1277
10,117,ID1105
10,117,ID5312
10,117,ID3315
10,117,ID7315
10,117,ID1806
10,118,ID1709
10,118,ID1374
10,118,ID1112
10,118,ID1702
10,118,ID1306
10,118,ID7204
10,118,ID6110
10,118,ID7601
10,118,ID5203
10,118,ID7315
10,119,ID3319
10,119,ID7409
10,119,ID2172
10,119,ID7606
10,119,ID6207
10,119,ID5105
10,119,ID1606
10,119,ID6206
10,119,ID3317
10,119,ID7212
10,120,ID3209
10,120,ID7108
10,120,ID7373
10,120,ID7206
10,120,ID1105
10,120,ID1276
10,120,ID8102
10,120,ID5101
10,120,ID6212
10,120,ID3509
10,121,ID8102
10,121,ID1872
10,121,ID3504
10,121,ID7301
10,121,ID1812
10,121,ID3279
10,121,ID7315
10,121,ID1212
10,121,ID3206
10,121,ID1112
10,122,ID7502
10,122,ID1871
10,122,ID1611
10,122,ID1801
10,122,ID1173
10,122,ID1215
10,122,ID6201
10,122,ID7601
10,122,ID3671
10,122,ID6502
10,123,ID7308
10,123,ID1811
10,123,ID3516
10,123,ID1205
10,123,ID3578
10,123,ID7301
10,123,ID7412
10,123,ID1171
10,123,ID6109
10,123,ID7317
10,124,ID3304
10,124,ID3201
10,124,ID8104
10,124,ID9412
10,124,ID6308
10,124,ID3205
10,124,ID1172
10,124,ID7174
10,124,ID1108
10,124,ID1612
10,125,ID3277
10,125,ID1507
10,125,ID1371
10,125,ID3526
10,125,ID3171
10,125,ID7404
10,125,ID3310
10,125,ID1705
10,125,ID1609
10,125,ID9403
10,126,ID7208
10,126,ID6571
10,126,ID3602
10,126,ID1406
10,126,ID1202
10,126,ID7372
10,126,ID3313
10,126,ID3307
10,126,ID7211
10,126,ID7172
10,127,ID1208
10,127,ID1805
10,127,ID1603
10,127,ID1311
10,127,ID1409
10,127,ID1373
10,127,ID7401
10,127,ID8202
10,127,ID6411
10,127,ID7501
10,128,ID1305
10,128,ID6204
10,128,ID8272
10,128,ID7371
10,128,ID7304
10,128,ID1506
10,128,ID3524
10,128,ID3512
10,128,ID6271
10,128,ID3213
10,129,ID3310
10,129,ID7305
10,129,ID1210
10,129,ID1218
10,129,ID6210
10,129,ID3515
10,129,ID3510
10,129,ID7308
10,129,ID3326
10,129,ID7409
10,130,ID6311
10,130,ID7308
10,130,ID7371
10,130,ID7174
10,130,ID3604
10,130,ID1471
10,130,ID6205
10,130,ID6172
10,130,ID1217
10,130,ID1410
10,131,ID5108
10,131,ID1572
10,131,ID8271
10,131,ID1371
10,131,ID3376
10,131,ID1705
10,131,ID6474
10,131,ID3519
10,131,ID9471
10,131,ID3202
10,132,ID1405
10,132,ID7208
10,132,ID3277
10,132,ID6302
10,132,ID3303
10,132,ID3175
10,132,ID3528
10,132,ID3577
10,132,ID5102
10,132,ID1608
10,133,ID7504
10,133,ID5103
10,133,ID5204
10,133,ID7413
10,133,ID3527
10,133,ID3504
10,133,ID3309
10,133,ID7401
10,133,ID1113
10,133,ID6310
10,134,ID1107
10,134,ID7172
10,134,ID3206
10,134,ID3571
10,134,ID3208
10,134,ID6209
10,134,ID7414
10,134,ID1901
10,134,ID3514
10,134,ID3174
10,135,ID3372
10,135,ID3216
10,135,ID3573
10,135,ID6209
10,135,ID6203
10,135,ID1102
10,135,ID5272
10,135,ID3303
10,135,ID1101
10,135,ID8171
10,136,ID1101
10,136,ID5203
10,136,ID7303
10,136,ID7306
10,136,ID7412
10,136,ID5309
10,136,ID8272
10,136,ID3528
10,136,ID7403
10,136,ID1210
10,137,ID3516
10,137,ID7211
10,137,ID5203
10,137,ID1806
10,137,ID3504
10,137,ID1705
10,137,ID7317
10,137,ID3514
10,137,ID6110
10,137,ID1803
10,138,ID3275
10,138,ID1674
10,138,ID7604
10,138,ID3325
10,138,ID3276
10,138,ID3271
10,138,ID7504
10,138,ID1672
10,138,ID1212
10,138,ID1272
10,139,ID3602
10,139,ID1507
10,139,ID2105
10,139,ID1505
10,139,ID1220
10,139,ID6503
10,139,ID3311
10,139,ID5202
10,139,ID5105
10,139,ID7303
10,140,ID7306
10,140,ID1218
10,140,ID5171
10,140,ID1811
10,140,ID1807
10,140,ID1103
10,140,ID1672
10,140,ID3604
10,140,ID6404
10,140,ID1277
10,141,ID1705
10,141,ID7410
10,141,ID7325
10,141,ID5313
10,141,ID6106
10,141,ID3508
10,141,ID6306
10,141,ID7207
10,141,ID7106
10,141,ID7472
10,142,ID1604
10,142,ID3508
10,142,ID6210
10,142,ID3175
10,142,ID6103
10,142,ID9101
10,142,ID7173
10,142,ID6108
10,142,ID3279
10,142,ID1108
10,143,ID6304
10,143,ID3217
10,143,ID6204
10,143,ID1872
10,143,ID1808
10,143,ID6308
10,143,ID7102
10,143,ID3206
10,143,ID1377
10,143,ID1611
10,144,ID1572
10,144,ID6411
10,144,ID3601
10,144,ID1809
10,144,ID3671
10,144,ID1506
10,144,ID6307
10,144,ID3509
10,144,ID3375
10,144,ID7503
10,145,ID1276
10,145,ID3401
10,145,ID1871
10,145,ID6213
10,145,ID3522
10,145,ID7326
10,145,ID3303
10,145,ID5206
10,145,ID8207
10,145,ID3329
10,146,ID6101
10,146,ID3671
10,146,ID1222
10,146,ID1602
10,146,ID3575
10,146,ID3214
10,146,ID1108
10,146,ID3571
10,146,ID7303
10,146,ID8171
10,147,ID7211
10,147,ID3302
10,147,ID9105
10,147,ID5107
10,147,ID3525
10,147,ID1213
10,147,ID7472
10,147,ID6304
10,147,ID3318
10,147,ID3674
10,148,ID1610
10,148,ID1702
10,148,ID1175
10,148,ID1807
10,148,ID3508
10,148,ID1604
10,148,ID6411
10,148,ID3301
10,148,ID7101
10,148,ID6213
10,149,ID1114
10,149,ID7372
10,149,ID9471
10,149,ID1277
10,149,ID9403
10,149,ID1310
10,149,ID6106
10,149,ID3604
10,149,ID3217
10,149,ID7211
10,150,ID1112
10,150,ID7303
10,150,ID3315
10,150,ID1217
10,150,ID3306
10,150,ID7606
10,150,ID3376
10,150,ID8104
10,150,ID1377
10,150,ID1305
10,151,ID3673
10,151,ID5305
10,151,ID1807
10,151,ID9171
10,151,ID5107
10,151,ID1209
10,151,ID6403
10,151,ID1307
10,151,ID1221
10,151,ID3308
10,152,ID3302
10,152,ID3579
10,152,ID6402
10,152,ID7211
10,152,ID3576
10,152,ID7325
10,152,ID3216
10,152,ID3172
10,152,ID7371
10,152,ID3376
10,153,ID3509
10,153,ID7606
10,153,ID1371
10,153,ID7301
10,153,ID1277
10,153,ID6503
10,153,ID6201
10,153,ID7107
10,153,ID5202
10,153,ID1220
10,154,ID1102
10,154,ID2101
10,154,ID3401
10,154,ID3277
10,154,ID1902
10,154,ID8102
10,154,ID1203
10,154,ID3306
10,154,ID3209
10,154,ID5312
10,155,ID1174
10,155,ID7411
10,155,ID1672
10,155,ID5206
10,155,ID5205
10,155,ID1104
10,155,ID1807
10,155,ID6307
10,155,ID5102
10,155,ID1901
10,156,ID3306
10,156,ID3214
10,156,ID5101
10,156,ID7371
10,156,ID3509
10,156,ID1377
10,156,ID6111
10,156,ID5106
10,156,ID1204
10,156,ID3319
10,157,ID7326
10,157,ID3404
10,157,ID7403
10,157,ID3501
10,157,ID7106
10,157,ID7206
10,157,ID3325
10,157,ID7472
10,157,ID3522
10,157,ID3374
10,158,ID1375
10,158,ID1112
10,158,ID1272
10,158,ID9471
10,158,ID1405
10,158,ID3209
10,158,ID6501
10,158,ID6471
10,158,ID7371
10,158,ID3212
10,159,ID7107
10,159,ID3279
10,159,ID7316
10,159,ID3212
10,159,ID1209
10,159,ID1215
10,159,ID6311
10,159,ID1709
10,159,ID3309
10,159,ID1607
10,160,ID1674
10,160,ID6208
10,160,ID6108
10,160,ID7409
10,160,ID8206
10,160,ID1374
10,160,ID7505
10,160,ID1109
10,160,ID9471
10,160,ID3574
10,161,ID1903
10,161,ID1607
10,161,ID1410
10,161,ID1111
10,161,ID1671
10,161,ID3373
10,161,ID6107
10,161,ID7371
10,161,ID1373
10,161,ID7202
10,162,ID7606
10,162,ID6305
10,162,ID1673
10,162,ID1311
10,162,ID1110
10,162,ID1373
10,162,ID7306
10,162,ID6172
10,162,ID3528
10,162,ID7317
10,163,ID1371
10,163,ID1222
10,163,ID3525
10,163,ID7203
10,163,ID3278
10,163,ID8205
10,163,ID6307
10,163,ID1408
10,163,ID7410
10,163,ID7201
10,164,ID8202
10,164,ID6411
10,164,ID5106
10,164,ID3309
10,164,ID1410
10,164,ID7104
10,164,ID8104
10,164,ID5312
10,164,ID3376
10,164,ID1373
10,165,ID6302
10,165,ID1609
10,165,ID3524
10,165,ID1219
10,165,ID1309
10,165,ID7201
10,165,ID3319
10,165,ID6102
10,165,ID3602
10,165,ID6172
10,166,ID9101
10,166,ID1216
10,166,ID1904
10,166,ID3327
10,166,ID7318
10,166,ID6308
10,166,ID1804
10,166,ID1501
10,166,ID6311
10,166,ID3506
10,167,ID3510
10,167,ID1308
10,167,ID5102
10,167,ID6307
10,167,ID1101
10,167,ID5312
10,167,ID1271
10,167,ID3523
10,167,ID1572
10,167,ID1702
10,168,ID3319
10,168,ID5311
10,168,ID8103
10,168,ID1571
10,168,ID1471
10,168,ID1207
10,168,ID1971
10,168,ID1501
10,168,ID1371
10,168,ID7202
10,169,ID1207
10,169,ID1606
10,169,ID7101
10,169,ID3574
10,169,ID5318
10,169,ID1410
10,169,ID1302
10,169,ID7109
10,169,ID3174
10,169,ID1608
10,170,ID7303
10,170,ID1116
10,170,ID7601
10,170,ID1410
10,170,ID3575
10,170,ID8205
10,170,ID3515
10,170,ID1218
10,170,ID1222
10,170,ID3506
10,171,ID1277
10,171,ID6472
10,171,ID7208
10,171,ID3572
10,171,ID1112
10,171,ID3376
10,171,ID7308
10,171,ID3316
10,171,ID1704
10,171,ID1275
10,172,ID5201
10,172,ID7372
10,172,ID3506
10,172,ID7212
10,172,ID6372
10,172,ID6104
10,172,ID9403
10,172,ID1216
10,172,ID6301
10,172,ID3302
10,173,ID7603
10,173,ID3203
10,173,ID3523
10,173,ID3602
10,173,ID3601
10,173,ID3313
10,173,ID6409
10,173,ID1807
10,173,ID1571
10,173,ID1376
10,174,ID3512
10,174,ID3402
10,174,ID7302
10,174,ID7108
10,174,ID1409
10,174,ID1601
10,174,ID1117
10,174,ID1211
10,174,ID3573
10,174,ID3212
10,175,ID1375
10,175,ID1473
10,175,ID1172
10,175,ID3312
10,175,ID3526
10,175,ID7318
10,175,ID7503
10,175,ID5313
10,175,ID3321
10,175,ID1303
10,176,ID6504
10,176,ID1405
10,176,ID3307
10,176,ID9408
10,176,ID3207
10,176,ID1217
10,176,ID1375
10,176,ID3320
10,176,ID7203
10,176,ID3402
10,177,ID6101
10,177,ID6309
10,177,ID7413
10,177,ID1114
10,177,ID1571
10,177,ID1113
10,177,ID1872
10,177,ID6211
10,177,ID7471
10,177,ID1220
10,178,ID1109
10,178,ID6502
10,178,ID3604
10,178,ID8272
10,178,ID7409
10,178,ID8206
10,178,ID1101
10,178,ID1114
10,178,ID7414
10,178,ID3579
10,179,ID7571
10,179,ID1220
10,179,ID1605
10,179,ID2171
10,179,ID5108
10,179,ID7174
10,179,ID3572
10,179,ID1210
10,179,ID3218
10,179,ID3573
10,180,ID6213
10,180,ID1274
10,180,ID3525
10,180,ID3671
10,180,ID3508
10,180,ID3518
10,180,ID1509
10,180,ID3216
10,180,ID5207
10,180,ID7402
10,181,ID5101
10,181,ID3505
10,181,ID1408
10,181,ID3317
10,181,ID1213
10,181,ID1703
10,181,ID6108
10,181,ID6405
10,181,ID3576
10,181,ID5105
10,182,ID3471
10,182,ID3509
10,182,ID5101
10,182,ID1901
10,182,ID3525
10,182,ID7502
10,182,ID9171
10,182,ID1111
10,182,ID7472
10,182,ID5202
10,183,ID7301
10,183,ID6404
10,183,ID3325
10,183,ID8201
10,183,ID7111
10,183,ID5313
10,183,ID3210
10,183,ID3673
10,183,ID3517
10,183,ID8205
10,184,ID3317
10,184,ID1610
10,184,ID7107
10,184,ID7409
10,184,ID3310
10,184,ID6311
10,184,ID1114
10,184,ID5205
10,184,ID3215
10,184,ID1502
10,185,ID5102
10,185,ID7305
10,185,ID7606
10,185,ID3376
10,185,ID3505
10,185,ID1612
10,185,ID1409
10,185,ID7314
10,185,ID1703
10,185,ID1102
10,186,ID5310
10,186,ID5205
10,186,ID3303
10,186,ID3273
10,186,ID3278
10,186,ID1216
10,186,ID7571
10,186,ID6207
10,186,ID1104
10,186,ID1604
10,187,ID7603
10,187,ID7409
10,187,ID3277
10,187,ID1508
10,187,ID6307
10,187,ID6403
10,187,ID6409
10,187,ID1307
10,187,ID3577
10,187,ID3329
10,188,ID7106
10,188,ID8271
10,188,ID3211
10,188,ID3672
10,188,ID5205
10,188,ID1205
10,188,ID1171
10,188,ID6310
10,188,ID3304
10,188,ID7409
10,189,ID1509
10,189,ID3504
10,189,ID3213
10,189,ID3525
10,189,ID7313
10,189,ID6202
10,189,ID7171
10,189,ID7311
10,189,ID1410
10,189,ID3601
10,190,ID1805
10,190,ID6411
10,190,ID7303
10,190,ID6204
10,190,ID7101
10,190,ID3521
10,190,ID6302
10,190,ID3329
10,190,ID3525
10,190,ID1406
10,191,ID1673
10,191,ID7106
10,191,ID5205
10,191,ID9403
10,191,ID3579
10,191,ID3208
10,191,ID7325
10,191,ID1277
10,191,ID9102
10,191,ID1608
10,192,ID1103
10,192,ID3371
10,192,ID9403
10,192,ID3525
10,192,ID3528
10,192,ID3514
10,192,ID7408
10,192,ID6404
10,192,ID7106
10,192,ID1871
10,193,ID5108
10,193,ID3404
10,193,ID6204
10,193,ID6106
10,193,ID5103
10,193,ID1205
10,193,ID7172
10,193,ID1114
10,193,ID1273
10,193,ID3376
10,194,ID3471
10,194,ID1709
10,194,ID1208
10,194,ID3521
10,194,ID5202
10,194,ID3321
10,194,ID3205
10,194,ID7371
10,194,ID1901
10,194,ID1471
10,195,ID1810
10,195,ID6503
10,195,ID1205
10,195,ID1210
10,195,ID7111
10,195,ID3503
10,195,ID3317
10,195,ID6372
10,195,ID6112
10,195,ID1504
10,196,ID7412
10,196,ID1373
10,196,ID6303
10,196,ID3317
10,196,ID3311
10,196,ID1505
10,196,ID7414
10,196,ID3276
10,196,ID3321
10,196,ID3525
10,197,ID6303
10,197,ID1309
10,197,ID1174
10,197,ID7326
10,197,ID3602
10,197,ID1216
10,197,ID6111
10,197,ID1110
10,197,ID7603
10,197,ID3673
10,198,ID1276
10,198,ID1405
10,198,ID3312
10,198,ID3521
10,198,ID1111
10,198,ID2103
10,198,ID3404
10,198,ID5207
10,198,ID2172
10,198,ID1217
10,199,ID1278
10,199,ID7505
10,199,ID3304
10,199,ID1811
10,199,ID1305
10,199,ID7410
10,199,ID6105
10,199,ID1708
10,199,ID3314
10,199,ID1216
10,200,ID5318
10,200,ID5105
10,200,ID7305
10,200,ID1115
10,200,ID6205
10,200,ID7501
10,200,ID6372
10,200,ID7203
10,200,ID9102
10,200,ID1312
10,201,ID6110
10,201,ID5310
10,201,ID3206
10,201,ID1111
10,201,ID3318
10,201,ID6502
10,201,ID7322
10,201,ID8202
10,201,ID7302
10,201,ID6102
10,202,ID7201
10,202,ID8104
10,202,ID1501
10,202,ID1507
10,202,ID3310
10,202,ID1872
10,202,ID1601
10,202,ID6311
10,202,ID3501
10,202,ID7105
10,203,ID7212
10,203,ID2104
10,203,ID7312
10,203,ID7372
10,203,ID7106
10,203,ID1905
10,203,ID3317
10,203,ID3578
10,203,ID3216
10,203,ID1309
10,204,ID1115
10,204,ID3375
10,204,ID3674
10,204,ID1808
10,204,ID1209
10,204,ID6103
10,204,ID2103
10,204,ID1671
10,204,ID1505
10,204,ID6208
10,205,ID1709
10,205,ID2105
10,205,ID1216
10,205,ID1506
10,205,ID1203
10,205,ID1371
10,205,ID3526
10,205,ID1872
10,205,ID6203
10,205,ID3521
10,206,ID3203
10,206,ID1211
10,206,ID3601
10,206,ID7104
10,206,ID1610
10,206,ID2105
10,206,ID3216
10,206,ID3215
10,206,ID3516
10,206,ID3274
10,207,ID3505
10,207,ID3316
10,207,ID1905
10,207,ID6202
10,207,ID1503
10,207,ID1116
10,207,ID5105
10,207,ID5371
10,207,ID5272
10,207,ID3374
10,208,ID8202
10,208,ID1674
10,208,ID1173
10,208,ID1212
10,208,ID3273
10,208,ID7308
10,208,ID1502
10,208,ID3272
10,208,ID1704
10,208,ID1118
10,209,ID1601
10,209,ID2172
10,209,ID3274
10,209,ID1404
10,209,ID1871
10,209,ID3574
10,209,ID1506
10,209,ID1305
10,209,ID6102
10,209,ID3206
10,210,ID3572
10,210,ID3210
10,210,ID7372
10,210,ID7311
10,210,ID1805
10,210,ID3506
10,210,ID3509
10,210,ID1307
10,210,ID7104
10,210,ID1901
10,211,ID7106
10,211,ID3211
10,211,ID3502
10,211,ID3307
10,211,ID1572
10,211,ID6305
10,211,ID6306
10,211,ID1607
10,211,ID1771
10,211,ID6502
10,212,ID3173
10,212,ID6501
10,212,ID1406
10,212,ID1377
10,212,ID7313
10,212,ID1307
10,212,ID3501
10,212,ID7403
10,212,ID7317
10,212,ID7102
10,213,ID3272
10,213,ID8271
10,213,ID1110
10,213,ID6205
10,213,ID5272
10,213,ID7405
10,213,ID6371
10,213,ID7404
10,213,ID3521
10,213,ID3311
10,214,ID5101
10,214,ID6309
10,214,ID3602
10,214,ID5311
10,214,ID3329
10,214,ID3507
10,214,ID1210
10,214,ID6213
10,214,ID1812
10,214,ID5310
10,215,ID6207
10,215,ID8172
10,215,ID7410
10,215,ID3208
10,215,ID6213
10,215,ID1406
10,215,ID1175
10,215,ID1611
10,215,ID1410
10,215,ID7308
10,216,ID7204
10,216,ID3301
10,216,ID3317
10,216,ID3402
10,216,ID7108
10,216,ID2101
10,216,ID1174
10,216,ID1505
10,216,ID3527
10,216,ID7212
10,217,ID1604
10,217,ID8103
10,217,ID7404
10,217,ID3316
10,217,ID3313
10,217,ID6201
10,217,ID1509
10,217,ID6372
10,217,ID1401
10,217,ID6306
10,218,ID1209
10,218,ID7207
10,218,ID8201
10,218,ID1371
10,218,ID7171
10,218,ID1406
10,218,ID3573
10,218,ID9171
10,218,ID6502
10,218,ID3375
10,219,ID7471
10,219,ID5311
10,219,ID9471
10,219,ID1671
10,219,ID7271
10,219,ID6371
10,219,ID3310
10,219,ID1110
10,219,ID6309
10,219,ID3324
10,220,ID1204
10,220,ID1705
10,220,ID6372
10,220,ID1801
10,220,ID3578
10,220,ID1203
10,220,ID7172
10,220,ID5271
10,220,ID3526
10,220,ID1604
10,221,ID7101
10,221,ID1403
10,221,ID1374
10,221,ID6301
10,221,ID7413
10,221,ID7406
10,221,ID7501
10,221,ID1808
10,221,ID3402
10,221,ID6403
10,222,ID3502
10,222,ID3201
10,222,ID8204
10,222,ID1471
10,222,ID7174
10,222,ID7208
10,222,ID1174
10,222,ID1801
10,222,ID1671
10,222,ID1172
10,223,ID3204
10,223,ID7602
10,223,ID7318
10,223,ID1604
10,223,ID1408
10,223,ID3376
10,223,ID1211
10,223,ID7505
10,223,ID1605
10,223,ID3502
10,224,ID7109
10,224,ID1108
10,224,ID8102
10,224,ID6202
10,224,ID1271
10,224,ID1505
10,224,ID3574
10,224,ID6112
10,224,ID7602
10,224,ID7372
10,225,ID1671
10,225,ID1275
10,225,ID1406
10,225,ID7318
10,225,ID1222
10,225,ID3672
10,225,ID1272
10,225,ID7304
10,225,ID6303
10,225,ID1705
10,226,ID8171
10,226,ID3328
10,226,ID7326
10,226,ID1271
10,226,ID7413
10,226,ID7101
10,226,ID5310
10,226,ID1807
10,226,ID1409
10,226,ID7605
10,227,ID6402
10,227,ID3214
10,227,ID1172
10,227,ID1871
10,227,ID7402
10,227,ID6504
10,227,ID1603
10,227,ID6571
10,227,ID3320
10,227,ID3205
10,228,ID9171
10,228,ID6401
10,228,ID7501
10,228,ID7373
10,228,ID7317
10,228,ID1501
10,228,ID6405
10,228,ID3202
10,228,ID3324
10,228,ID7414
10,229,ID3211
10,229,ID3323
10,229,ID3510
10,229,ID1904
10,229,ID5103
10,229,ID1219
10,229,ID5271
10,229,ID7413
10,229,ID1407
10,229,ID3523
10,230,ID1508
10,230,ID7403
10,230,ID3215
10,230,ID1602
10,230,ID1473
10,230,ID7271
10,230,ID7312
10,230,ID3211
10,230,ID5271
10,230,ID3520
10,231,ID1808
10,231,ID3375
10,231,ID5107
10,231,ID3510
10,231,ID6571
10,231,ID1215
10,231,ID1109
10,231,ID6301
10,231,ID7317
10,231,ID6502
10,232,ID6304
10,232,ID7104
10,232,ID3512
10,232,ID6213
10,232,ID6501
10,232,ID3575
10,232,ID3513
10,232,ID2171
10,232,ID1602
10,232,ID3401
10,233,ID9401
10,233,ID1612
10,233,ID1107
10,233,ID7173
10,233,ID6471
10,233,ID7315
10,233,ID6474
10,233,ID5371
10,233,ID8205
10,233,ID1203
10,234,ID7301
10,234,ID3279
10,234,ID7326
10,234,ID1221
10,234,ID3305
10,234,ID3575
10,234,ID5371
10,234,ID1503
10,234,ID6304
10,234,ID7311
10,235,ID7201
10,235,ID6472
10,235,ID6304
10,235,ID1508
10,235,ID8207
10,235,ID3272
10,235,ID1609
10,235,ID5102
10,235,ID7407
10,235,ID3208
10,236,ID1208
10,236,ID3214
10,236,ID1174
10,236,ID1110
10,236,ID1603
10,236,ID6405
10,236,ID3321
10,236,ID6472
10,236,ID1703
10,236,ID3471
10,237,ID3207
10,237,ID1612
10,237,ID1114
10,237,ID1705
10,237,ID3213
10,237,ID1312
10,237,ID3375
10,237,ID3328
10,237,ID7322
10,237,ID3404
10,238,ID5104
10,238,ID1706
10,238,ID6301
10,238,ID7208
10,238,ID7207
10,238,ID5202
10,238,ID3317
10,238,ID5108
10,238,ID1612
10,238,ID6208
10,239,ID3403
10,239,ID9408
10,239,ID3502
10,239,ID2105
10,239,ID3309
10,239,ID1703
10,239,ID5201
10,239,ID6405
10,239,ID1803
10,239,ID7606
10,240,ID5102
10,240,ID7308
10,240,ID3212
10,240,ID5305
10,240,ID6204
10,240,ID1410
10,240,ID9101
10,240,ID8102
10,240,ID1223
10,240,ID6502
10,241,ID3371
10,241,ID7404
10,241,ID9101
10,241,ID7305
10,241,ID3215
10,241,ID3208
10,241,ID1812
10,241,ID1117
10,241,ID1175
10,241,ID3671
10,242,ID1801
10,242,ID3505
10,242,ID5108
10,242,ID6306
10,242,ID7504
10,242,ID1809
10,242,ID1116
10,242,ID1805
10,242,ID7204
10,242,ID3318
10,243,ID1408
10,243,ID1572
10,243,ID6172
10,243,ID9171
10,243,ID6101
10,243,ID6109
10,243,ID5313
10,243,ID6106
10,243,ID3508
10,243,ID3308
10,244,ID5102
10,244,ID3604
10,244,ID1175
10,244,ID3514
10,244,ID1213
10,244,ID7316
10,244,ID1673
10,244,ID7412
10,244,ID5202
10,244,ID5272
10,245,ID1222
10,245,ID6207
10,245,ID3515
10,245,ID3214
10,245,ID2103
10,245,ID6501
10,245,ID6503
10,245,ID7409
10,245,ID6301
10,245,ID6208
10,246,ID3519
10,246,ID1215
10,246,ID8271
10,246,ID7111
10,246,ID3513
10,246,ID2104
10,246,ID3175
10,246,ID6109
10,246,ID5371
10,246,ID1671
10,247,ID3278
10,247,ID3301
10,247,ID3328
10,247,ID3520
10,247,ID1809
10,247,ID1110
10,247,ID3522
10,247,ID3303
10,247,ID3578
10,247,ID1403
10,248,ID6211
10,248,ID3318
10,248,ID3573
10,248,ID3528
10,248,ID3211
10,248,ID6205
10,248,ID6105
10,248,ID1217
10,248,ID7372
10,248,ID9105
10,249,ID3316
10,249,ID1107
10,249,ID6474
10,249,ID8272
10,249,ID3520
10,249,ID3522
10,249,ID6306
10,249,ID1601
10,249,ID3323
10,249,ID3301
10,250,ID7204
10,250,ID6471
10,250,ID1114
10,250,ID7305
10,250,ID1312
10,250,ID3526
10,250,ID1101
10,250,ID7314
10,250,ID7505
10,250,ID2101
10,251,ID3314
10,251,ID1309
10,251,ID3212
10,251,ID7571
10,251,ID3506
10,251,ID1101
10,251,ID6205
10,251,ID1276
10,251,ID7402
10,251,ID1273
10,252,ID3522
10,252,ID3674
10,252,ID3218
10,252,ID3671
10,252,ID3305
10,252,ID3506
10,252,ID1702
10,252,ID6471
10,252,ID1704
10,252,ID7212
10,253,ID7414
10,253,ID3527
10,253,ID6209
10,253,ID5305
10,253,ID3271
10,253,ID7404
10,253,ID7314
10,253,ID5107
10,253,ID3277
10,253,ID1274
10,254,ID6201
10,254,ID1277
10,254,ID9171
10,254,ID1274
10,254,ID7172
10,254,ID3512
10,254,ID3318
10,254,ID3201
10,254,ID1310
10,254,ID3327
10,255,ID3404
10,255,ID1117
10,255,ID7271
10,255,ID6411
10,255,ID6372
10,255,ID1308
10,255,ID6271
10,255,ID3312
10,255,ID3321
10,255,ID7503
10,256,ID3513
10,256,ID6110
10,256,ID8202
10,256,ID7108
10,256,ID3375
10,256,ID3521
10,256,ID1204
10,256,ID3502
10,256,ID1105
10,256,ID1572
10,257,ID1111
10,257,ID3205
10,257,ID1809
10,257,ID6212
10,257,ID3175
10,257,ID7373
10,257,ID5305
10,257,ID3323
10,257,ID7413
10,257,ID1207
10,258,ID1506
10,258,ID6102
10,258,ID1211
10,258,ID1406
10,258,ID1175
10,258,ID6205
10,258,ID7313
10,258,ID1409
10,258,ID7317
10,258,ID1605
10,259,ID7504
10,259,ID7325
10,259,ID7172
10,259,ID1109
10,259,ID1101
10,259,ID1502
10,259,ID3372
10,259,ID7306
10,259,ID2171
10,259,ID3672
10,260,ID3504
10,260,ID3316
10,260,ID3211
10,260,ID7301
10,260,ID7316
10,260,ID1572
10,260,ID6206
10,260,ID3502
10,260,ID5313
10,260,ID9403
10,261,ID1105
10,261,ID6307
10,261,ID7472
10,261,ID1403
10,261,ID3514
10,261,ID3575
10,261,ID7602
10,261,ID7302
10,261,ID3373
10,261,ID3672
10,262,ID8104
10,262,ID2105
10,262,ID6306
10,262,ID6304
10,262,ID3312
10,262,ID7371
10,262,ID1221
10,262,ID6211
10,262,ID1611
10,262,ID3502
10,263,ID3279
10,263,ID3502
10,263,ID6571
10,263,ID1213
10,263,ID3602
10,263,ID3272
10,263,ID1704
10,263,ID3508
10,263,ID1222
10,263,ID5305
10,264,ID1406
10,264,ID6306
10,264,ID3510
10,264,ID1502
10,264,ID5201
10,264,ID7372
10,264,ID6105
10,264,ID1221
10,264,ID8271
10,264,ID3374
10,265,ID6205
10,265,ID3328
10,265,ID3212
10,265,ID7307
10,265,ID1673
10,265,ID1605
10,265,ID6472
10,265,ID1408
10,265,ID7408
10,265,ID1111
10,266,ID1173
10,266,ID1115
10,266,ID3329
10,266,ID7413
10,266,ID9409
10,266,ID1809
10,266,ID1872
10,266,ID3502
10,266,ID6371
10,266,ID3518
10,267,ID6309
10,267,ID1310
10,267,ID3673
10,267,ID7413
10,267,ID3213
10,267,ID7109
10,267,ID3523
10,267,ID7311
10,267,ID5102
10,267,ID6211
10,268,ID3327
10,268,ID1108
10,268,ID3278
10,268,ID5202
10,268,ID1409
10,268,ID1410
10,268,ID7304
10,268,ID5315
10,268,ID1115
10,268,ID1402
10,269,ID6102
10,269,ID3509
10,269,ID1113
10,269,ID1211
10,269,ID9171
10,269,ID3218
10,269,ID6109
10,269,ID1223
10,269,ID3201
10,269,ID3320
10,270,ID7109
10,270,ID1271
10,270,ID3279
10,270,ID9403
10,270,ID6210
10,270,ID6202
10,270,ID1209
10,270,ID3577
10,270,ID3402
10,270,ID3516
10,271,ID6108
10,271,ID3375
10,271,ID1202
10,271,ID5318
10,271,ID3208
10,271,ID7414
10,271,ID9471
10,271,ID9101
10,271,ID6309
10,271,ID1278
10,272,ID3471
10,272,ID1218
10,272,ID6301
10,272,ID3274
10,272,ID1410
10,272,ID1219
10,272,ID7601
10,272,ID1673
10,272,ID3321
10,272,ID6202
10,273,ID1706
10,273,ID9409
10,273,ID7211
10,273,ID1171
10,273,ID1218
10,273,ID6212
10,273,ID1408
10,273,ID7306
10,273,ID3513
10,273,ID1210
10,274,ID1311
10,274,ID3311
10,274,ID1409
10,274,ID3471
10,274,ID3307
10,274,ID3674
10,274,ID2101
10,274,ID7501
10,274,ID5171
10,274,ID7108
10,275,ID1217
10,275,ID3471
10,275,ID1811
10,275,ID1310
10,275,ID3203
10,275,ID2171
10,275,ID7105
10,275,ID7109
10,275,ID9403
10,275,ID7402
10,276,ID3402
10,276,ID1306
10,276,ID1903
10,276,ID7604
10,276,ID3320
10,276,ID6212
10,276,ID3311
10,276,ID5104
10,276,ID6502
10,276,ID6371
10,277,ID1503
10,277,ID1116
10,277,ID1606
10,277,ID1901
10,277,ID7201
10,277,ID3325
10,277,ID3321
10,277,ID3324
10,277,ID3175
10,277,ID1272
10,278,ID6303
10,278,ID3516
10,278,ID7111
10,278,ID3506
10,278,ID3273
10,278,ID1501
10,278,ID3323
10,278,ID7409
10,278,ID1506
10,278,ID1401
10,279,ID9471
10,279,ID9101
10,279,ID7371
10,279,ID1118
10,279,ID3375
10,279,ID1218
10,279,ID3524
10,279,ID7318
10,279,ID5206
10,279,ID3317
10,280,ID3210
10,280,ID1206
10,280,ID3522
10,280,ID7105
10,280,ID6211
10,280,ID3512
10,280,ID1273
10,280,ID7107
10,280,ID6101
10,280,ID6307
10,281,ID3208
10,281,ID6409
10,281,ID7471
10,281,ID3303
10,281,ID6101
10,281,ID1771
10,281,ID3175
10,281,ID5318
10,281,ID3579
10,281,ID6307
10,282,ID6212
10,282,ID7373
10,282,ID3514
10,282,ID3404
10,282,ID3322
10,282,ID7472
10,282,ID3525
10,282,ID7408
10,282,ID3518
10,282,ID5108
10,283,ID7501
10,283,ID7204
10,283,ID7212
10,283,ID3527
10,283,ID7602
10,283,ID3671
10,283,ID3324
10,283,ID6207
10,283,ID3313
10,283,ID7104
10,284,ID1109
10,284,ID3277
10,284,ID1809
10,284,ID1703
10,284,ID1610
10,284,ID3512
10,284,ID7601
10,284,ID8103
10,284,ID1220
10,284,ID3525
10,285,ID6101
10,285,ID1703
10,285,ID6474
10,285,ID1277
10,285,ID3321
10,285,ID3572
10,285,ID1174
10,285,ID1803
10,285,ID3316
10,285,ID1409
10,286,ID3313
10,286,ID2101
10,286,ID3207
10,286,ID1305
10,286,ID1704
10,286,ID3172
10,286,ID5315
10,286,ID3174
10,286,ID3601
10,286,ID3510
10,287,ID7403
10,287,ID3315
10,287,ID1502
10,287,ID5102
10,287,ID3526
10,287,ID1409
10,287,ID1904
10,287,ID1604
10,287,ID7373
10,287,ID3516
10,288,ID5203
10,288,ID8104
10,288,ID1272
10,288,ID1211
10,288,ID1108
10,288,ID3674
10,288,ID8271
10,288,ID3172
10,288,ID1302
10,288,ID1603
10,289,ID1473
10,289,ID1101
10,289,ID3402
10,289,ID3503
10,289,ID3401
10,289,ID6308
10,289,ID1206
10,289,ID1607
10,289,ID6208
10,289,ID7605
10,290,ID3510
10,290,ID1371
10,290,ID1372
10,290,ID6172
10,290,ID1111
10,290,ID6308
10,290,ID2105
10,290,ID3521
10,290,ID6171
10,290,ID1309
10,291,ID3502
10,291,ID8271
10,291,ID6107
10,291,ID5108
10,291,ID3202
10,291,ID7601
10,291,ID1808
10,291,ID1872
10,291,ID3504
10,291,ID7304
10,292,ID1605
10,292,ID6106
10,292,ID6411
10,292,ID3509
10,292,ID1371
10,292,ID7306
10,292,ID9101
10,292,ID1223
10,292,ID6103
10,292,ID2103
10,293,ID6205
10,293,ID3573
10,293,ID1209
10,293,ID1609
10,293,ID3577
10,293,ID3517
10,293,ID1804
10,293,ID1702
10,293,ID3319
10,293,ID1508
10,294,ID6172
10,294,ID7302
10,294,ID3302
10,294,ID1505
10,294,ID3325
10,294,ID5272
10,294,ID1175
10,294,ID1307
10,294,ID1372
10,294,ID9101
10,295,ID7409
10,295,ID1801
10,295,ID6402
10,295,ID7604
10,295,ID3313
10,295,ID3172
10,295,ID1277
10,295,ID1114
10,295,ID1812
10,295,ID5101
10,296,ID1402
10,296,ID1114
10,296,ID1205
10,296,ID1304
10,296,ID3304
10,296,ID1211
10,296,ID3373
10,296,ID7401
10,296,ID7414
10,296,ID1108
10,297,ID1373
10,297,ID7413
10,297,ID2103
10,297,ID1220
10,297,ID1408
10,297,ID1112
10,297,ID7305
10,297,ID7314
10,297,ID6211
10,297,ID1504
10,298,ID6108
10,298,ID7105
10,298,ID3216
10,298,ID7373
10,298,ID3327
10,298,ID7601
10,298,ID7408
10,298,ID6403
10,298,ID9409
10,298,ID7201
10,299,ID1117
10,299,ID9471
10,299,ID7317
10,299,ID8205
10,299,ID3206
10,299,ID3173
10,299,ID1812
10,299,ID1373
10,299,ID1111
10,299,ID6304
10,300,ID1410
10,300,ID1276
10,300,ID6209
10,300,ID9412
10,300,ID1408
10,300,ID3315
10,300,ID3211
10,300,ID3175
10,300,ID7372
10,300,ID3501
10,301,ID1205
10,301,ID1804
10,301,ID1603
10,301,ID1171
10,301,ID7471
10,301,ID3214
10,301,ID3518
10,301,ID7211
10,301,ID3172
10,301,ID1111
10,302,ID7405
10,302,ID1609
10,302,ID3312
10,302,ID3302
10,302,ID5102
10,302,ID1306
10,302,ID1219
10,302,ID7414
10,302,ID3212
10,302,ID7304
10,303,ID7314
10,303,ID3325
10,303,ID1310
10,303,ID1273
10,303,ID1903
10,303,ID1275
10,303,ID1213
10,303,ID5305
10,303,ID7411
10,303,ID9409
10,304,ID1701
10,304,ID1217
10,304,ID7303
10,304,ID3527
10,304,ID3303
10,304,ID1802
10,304,ID1703
10,304,ID8206
10,304,ID6311
10,304,ID6411
10,305,ID3526
10,305,ID7601
10,305,ID7603
10,305,ID7318
10,305,ID3305
10,305,ID1223
10,305,ID2105
10,305,ID3317
10,305,ID1103
10,305,ID9412
10,306,ID1610
10,306,ID7326
10,306,ID9409
10,306,ID3507
10,306,ID5106
10,306,ID1172
10,306,ID6108
10,306,ID3404
10,306,ID1212
10,306,ID7322
10,307,ID3173
10,307,ID3517
10,307,ID7409
10,307,ID7602
10,307,ID6301
10,307,ID3318
10,307,ID1803
10,307,ID7203
10,307,ID9471
10,307,ID7371
10,308,ID6112
10,308,ID1222
10,308,ID5310
10,308,ID3326
10,308,ID3313
10,308,ID3317
10,308,ID6205
10,308,ID1205
10,308,ID7312
10,308,ID7602
10,309,ID1572
10,309,ID1409
10,309,ID3305
10,309,ID1114
10,309,ID3507
10,309,ID3376
10,309,ID3673
10,309,ID1113
10,309,ID3372
10,309,ID1376
10,310,ID6305
10,310,ID3324
10,310,ID7203
10,310,ID7407
10,310,ID1215
10,310,ID1103
10,310,ID8206
10,310,ID3573
10,310,ID1608
10,310,ID1115
10,311,ID1104
10,311,ID2104
10,311,ID3521
10,311,ID1504
10,311,ID7111
10,311,ID3504
10,311,ID1213
10,311,ID5108
10,311,ID1109
10,311,ID6108
10,312,ID7108
10,312,ID1806
10,312,ID3215
10,312,ID6301
10,312,ID1607
10,312,ID3174
10,312,ID1704
10,312,ID7203
10,312,ID1309
10,312,ID1305
10,313,ID3209
10,313,ID1274
10,313,ID3278
10,313,ID7410
10,313,ID1307
10,313,ID6402
10,313,ID7313
10,313,ID1707
10,313,ID1605
10,313,ID3376
10,314,ID3571
10,314,ID7404
10,314,ID1501
10,314,ID3521
10,314,ID8206
10,314,ID6311
10,314,ID7501
10,314,ID1101
10,314,ID1771
10,314,ID3322
10,315,ID6309
10,315,ID7604
10,315,ID3277
10,315,ID2104
10,315,ID1702
10,315,ID1701
10,315,ID7504
10,315,ID9102
10,315,ID7211
10,315,ID3211
10,316,ID3507
10,316,ID3571
10,316,ID8206
10,316,ID7305
10,316,ID1607
10,316,ID5313
10,316,ID3510
10,316,ID1812
10,316,ID3319
10,316,ID7317
10,317,ID6102
10,317,ID5271
10,317,ID9102
10,317,ID1904
10,317,ID1222
10,317,ID5101
10,317,ID7405
10,317,ID1674
10,317,ID7316
10,317,ID1117
10,318,ID7206
10,318,ID1213
10,318,ID6207
10,318,ID7604
10,318,ID3511
10,318,ID7401
10,318,ID7308
10,318,ID1674
10,318,ID7174
10,318,ID6371
10,319,ID7107
10,319,ID3579
10,319,ID3302
10,319,ID5103
10,319,ID8205
10,319,ID3317
10,319,ID1118
10,319,ID9171
10,319,ID1701
10,319,ID6472
10,320,ID6503
10,320,ID8272
10,320,ID1107
10,320,ID3506
10,320,ID3276
10,320,ID3504
10,320,ID6209
10,320,ID3604
10,320,ID3401
10,320,ID3204
10,321,ID3302
10,321,ID2104
10,321,ID1110
10,321,ID1508
10,321,ID1402
10,321,ID3174
10,321,ID1276
10,321,ID9401
10,321,ID5108
10,321,ID7109
10,322,ID3526
10,322,ID7306
10,322,ID1503
10,322,ID1220
10,322,ID8103
10,322,ID1107
10,322,ID7204
10,322,ID5309
10,322,ID3212
10,322,ID5272
10,323,ID3217
10,323,ID3511
10,323,ID6203
10,323,ID2104
10,323,ID1407
10,323,ID1223
10,323,ID2105
10,323,ID7411
10,323,ID1604
10,323,ID7305
10,324,ID3172
10,324,ID3301
10,324,ID3273
10,324,ID7373
10,324,ID5101
10,324,ID1111
10,324,ID3323
10,324,ID1608
10,324,ID1311
10,324,ID1310
10,325,ID5102
10,325,ID1606
10,325,ID7373
10,325,ID8207
10,325,ID7173
10,325,ID1810
10,325,ID3175
10,325,ID1901
10,325,ID6471
10,325,ID1274
10,326,ID3577
10,326,ID1310
10,326,ID1273
10,326,ID6405
10,326,ID6304
10,326,ID3327
10,326,ID7326
10,326,ID7411
10,326,ID1175
10,326,ID1114
10,327,ID1810
10,327,ID2172
10,327,ID1310
10,327,ID3574
10,327,ID1303
10,327,ID1107
10,327,ID1221
10,327,ID3579
10,327,ID1373
10,327,ID9403
10,328,ID1303
10,328,ID1508
10,328,ID1471
10,328,ID1609
10,328,ID6105
10,328,ID3279
10,328,ID3175
10,328,ID3519
10,328,ID1804
10,328,ID6306
10,329,ID1507
10,329,ID1609
10,329,ID7414
10,329,ID7472
10,329,ID1173
10,329,ID5204
10,329,ID3275
10,329,ID7317
10,329,ID3602
10,329,ID7312
10,330,ID1111
10,330,ID3318
10,330,ID1108
10,330,ID3203
10,330,ID5105
10,330,ID7208
10,330,ID7503
10,330,ID5201
10,330,ID3273
10,330,ID6205
10,331,ID3313
10,331,ID6501
10,331,ID7571
10,331,ID6110
10,331,ID1971
10,331,ID7404
10,331,ID1371
10,331,ID1802
10,331,ID5311
10,331,ID1302
10,332,ID7412
10,332,ID3671
10,332,ID1409
10,332,ID3314
10,332,ID3604
10,332,ID1303
10,332,ID6201
10,332,ID3319
10,332,ID7471
10,332,ID7201
10,333,ID1402
10,333,ID3521
10,333,ID6306
10,333,ID1610
10,333,ID9471
10,333,ID6471
10,333,ID3274
10,333,ID7601
10,333,ID3519
10,333,ID1112
10,334,ID6309
10,334,ID9408
10,334,ID1904
10,334,ID1212
10,334,ID3310
10,334,ID5171
10,334,ID3375
10,334,ID1604
10,334,ID3579
10,334,ID9171
10,335,ID8271
10,335,ID5106
10,335,ID3279
10,335,ID8207
10,335,ID6204
10,335,ID8103
10,335,ID7311
10,335,ID1803
10,335,ID5202
10,335,ID3506
10,336,ID7208
10,336,ID3321
10,336,ID1202
10,336,ID3404
10,336,ID3201
10,336,ID1109
10,336,ID7202
10,336,ID1509
10,336,ID7304
10,336,ID3522
10,337,ID5171
10,337,ID1872
10,337,ID7472
10,337,ID7307
10,337,ID1903
10,337,ID3175
10,337,ID1404
10,337,ID7316
10,337,ID3376
10,337,ID3327
10,338,ID6209
10,338,ID6305
10,338,ID6102
10,338,ID1408
10,338,ID6106
10,338,ID3513
10,338,ID1275
10,338,ID6372
10,338,ID3579
10,338,ID1117
10,339,ID6409
10,339,ID1109
10,339,ID1174
10,339,ID1208
10,339,ID6372
10,339,ID6171
10,339,ID3217
10,339,ID1606
10,339,ID6108
10,339,ID7606
10,340,ID1409
10,340,ID3503
10,340,ID6212
10,340,ID3324
10,340,ID1374
10,340,ID7174
10,340,ID3329
10,340,ID1173
10,340,ID1312
10,340,ID8271
10,341,ID1606
10,341,ID5310
10,341,ID5108
10,341,ID1217
10,341,ID1803
10,341,ID5313
10,341,ID3501
10,341,ID1310
10,341,ID5312
10,341,ID1273
10,342,ID9409
10,342,ID1811
10,342,ID6372
10,342,ID1116
10,342,ID1104
10,342,ID5201
10,342,ID6110
10,342,ID3302
10,342,ID6474
10,342,ID1605
10,343,ID3578
10,343,ID3505
10,343,ID3402
10,343,ID3516
10,343,ID1112
10,343,ID6471
10,343,ID6405
10,343,ID1606
10,343,ID6310
10,343,ID1215
10,344,ID7211
10,344,ID1117
10,344,ID3279
10,344,ID5207
10,344,ID1409
10,344,ID7371
10,344,ID6208
10,344,ID7306
10,344,ID3317
10,344,ID9101
10,345,ID1504
10,345,ID1374
10,345,ID3519
10,345,ID7304
10,345,ID3525
10,345,ID7306
10,345,ID7302
10,345,ID6208
10,345,ID3214
10,345,ID3501
10,346,ID3324
10,346,ID9101
10,346,ID7602
10,346,ID8104
10,346,ID7102
10,346,ID5272
10,346,ID6207
10,346,ID6112
10,346,ID6303
10,346,ID7314
10,347,ID7206
10,347,ID1172
10,347,ID1402
10,347,ID1871
10,347,ID1608
10,347,ID3375
10,347,ID3175
10,347,ID3672
10,347,ID1106
10,347,ID7312
10,348,ID3510
10,348,ID1806
10,348,ID5271
10,348,ID3328
10,348,ID7303
10,348,ID5103
10,348,ID1204
10,348,ID1221
10,348,ID2105
10,348,ID5203
10,349,ID7111
10,349,ID6109
10,349,ID8172
10,349,ID1903
10,349,ID1805
10,349,ID8205
10,349,ID1402
10,349,ID7407
10,349,ID1213
10,349,ID1209
10,350,ID1405
10,350,ID1113
10,350,ID1114
10,350,ID3577
10,350,ID7312
10,350,ID3216
10,350,ID3302
10,350,ID1222
10,350,ID1212
10,350,ID3673
10,351,ID1371
10,351,ID1218
10,351,ID1277
10,351,ID8102
10,351,ID3601
10,351,ID6202
10,351,ID1503
10,351,ID1410
10,351,ID3210
10,351,ID7315
10,352,ID1704
10,352,ID6201
10,352,ID5103
10,352,ID6474
10,352,ID1401
10,352,ID7174
10,352,ID7203
10,352,ID3516
10,352,ID3602
10,352,ID1103
10,353,ID6105
10,353,ID1771
10,353,ID1216
10,353,ID1220
10,353,ID6111
10,353,ID6209
10,353,ID1504
10,353,ID6303
10,353,ID3271
10,353,ID7307
10,354,ID1223
10,354,ID3516
10,354,ID5272
10,354,ID3519
10,354,ID1202
10,354,ID1206
10,354,ID7471
10,354,ID3518
10,354,ID3326
10,354,ID3504
10,355,ID3301
10,355,ID7102
10,355,ID1801
10,355,ID1107
10,355,ID1405
10,355,ID9409
10,355,ID1306
10,355,ID1309
10,355,ID1213
10,355,ID7305
10,356,ID7201
10,356,ID7108
10,356,ID6110
10,356,ID1612
10,356,ID1220
10,356,ID7307
10,356,ID3311
10,356,ID1507
10,356,ID3207
10,356,ID3307
10,357,ID6304
10,357,ID3276
10,357,ID3277
10,357,ID1107
10,357,ID1612
10,357,ID1407
10,357,ID3573
10,357,ID5318
10,357,ID1202
10,357,ID3671
10,358,ID5201
10,358,ID5312
10,358,ID3201
10,358,ID1218
10,358,ID1111
10,358,ID1104
10,358,ID6204
10,358,ID5315
10,358,ID6307
10,358,ID1703
10,359,ID1172
10,359,ID1804
10,359,ID3302
10,359,ID1274
10,359,ID3276
10,359,ID3273
10,359,ID1272
10,359,ID3271
10,359,ID6212
10,359,ID7172
10,360,ID6209
10,360,ID6501
10,360,ID3217
10,360,ID1278
10,360,ID7602
10,360,ID1105
10,360,ID3502
10,360,ID1303
10,360,ID6401
10,360,ID1807
10,361,ID3316
10,361,ID1502
10,361,ID3601
10,361,ID1306
10,361,ID6474
10,361,ID6212
10,361,ID1702
10,361,ID1612
10,361,ID6472
10,361,ID3210
10,362,ID3307
10,362,ID7571
10,362,ID9471
10,362,ID6205
10,362,ID1276
10,362,ID1609
10,362,ID7410
10,362,ID3301
10,362,ID1203
10,362,ID1809
10,363,ID1208
10,363,ID1209
10,363,ID3203
10,363,ID2171
10,363,ID3404
10,363,ID1309
10,363,ID1804
10,363,ID3602
10,363,ID7312
10,363,ID3503
10,364,ID6206
10,364,ID3571
10,364,ID7202
10,364,ID3309
10,364,ID7302
10,364,ID6211
10,364,ID5207
10,364,ID3513
10,364,ID1206
10,364,ID3314
10,365,ID3579
10,365,ID5371
10,365,ID6103
10,365,ID3322
10,365,ID3577
10,365,ID6472
10,365,ID7314
10,365,ID3206
10,365,ID7102
10,365,ID1674
10,366,ID6110
10,366,ID1222
10,366,ID6309
10,366,ID1113
10,366,ID3313
10,366,ID1504
10,366,ID6172
10,366,ID1971
10,366,ID7409
10,366,ID7271
10,367,ID1905
10,367,ID1308
10,367,ID1373
10,367,ID1277
10,367,ID6371
10,367,ID1113
10,367,ID1406
10,367,ID3511
10,367,ID6409
10,367,ID3319
10,368,ID1612
10,368,ID3505
10,368,ID7316
10,368,ID1303
10,368,ID6102
10,368,ID1304
10,368,ID1302
10,368,ID3401
10,368,ID1205
10,368,ID8201
10,369,ID8207
10,369,ID6401
10,369,ID6472
10,369,ID3404
10,369,ID6206
10,369,ID9471
10,369,ID1278
10,369,ID6309
10,369,ID3313
10,369,ID3311
10,370,ID3210
10,370,ID5271
10,370,ID1610
10,370,ID1377
10,370,ID9401
10,370,ID1503
10,370,ID6212
10,370,ID7409
10,370,ID3317
10,370,ID5108
10,371,ID1307
10,371,ID1103
10,371,ID3528
10,371,ID7106
10,371,ID6310
10,371,ID3306
10,371,ID1210
10,371,ID1810
10,371,ID7505
10,371,ID1401
10,372,ID7172
10,372,ID7306
10,372,ID1372
10,372,ID1207
10,372,ID7571
10,372,ID1407
10,372,ID3307
10,372,ID3313
10,372,ID3315
10,372,ID3577
10,373,ID6271
10,373,ID1109
10,373,ID2171
10,373,ID6172
10,373,ID1223
10,373,ID3307
10,373,ID3208
10,373,ID6110
10,373,ID1612
10,373,ID7505
10,374,ID5204
10,374,ID6304
10,374,ID7402
10,374,ID1603
10,374,ID3329
10,374,ID3515
10,374,ID3208
10,374,ID3174
10,374,ID6203
10,374,ID6110
10,375,ID3325
10,375,ID3209
10,375,ID1209
10,375,ID3512
10,375,ID3505
10,375,ID3510
10,375,ID6371
10,375,ID7208
10,375,ID1105
10,375,ID6474
10,376,ID3577
10,376,ID1872
10,376,ID1273
10,376,ID1506
10,376,ID1172
10,376,ID1305
10,376,ID2104
10,376,ID8104
10,376,ID3310
10,376,ID1971
10,377,ID7603
10,377,ID3671
10,377,ID6504
10,377,ID3404
10,377,ID3315
10,377,ID6204
10,377,ID3278
10,377,ID9403
10,377,ID7502
10,377,ID3573
10,378,ID6104
10,378,ID7372
10,378,ID6301
10,378,ID1601
10,378,ID1108
10,378,ID6112
10,378,ID1473
10,378,ID7405
10,378,ID8272
10,378,ID1310
10,379,ID8104
10,379,ID7109
10,379,ID1304
10,379,ID1113
10,379,ID7304
10,379,ID7373
10,379,ID3323
10,379,ID1407
10,379,ID9102
10,379,ID6571
10,380,ID6409
10,380,ID1171
10,380,ID1571
10,380,ID6372
10,380,ID3323
10,380,ID7403
10,380,ID3205
10,380,ID3602
10,380,ID1612
10,380,ID6504
10,381,ID3575
10,381,ID3519
10,381,ID3272
10,381,ID6307
10,381,ID7315
10,381,ID7408
10,381,ID6402
10,381,ID7172
10,381,ID3601
10,381,ID1709
10,382,ID3324
10,382,ID3508
10,382,ID1372
10,382,ID1112
10,382,ID5107
10,382,ID7310
10,382,ID7325
10,382,ID6304
10,382,ID1218
10,382,ID1207
10,383,ID1209
10,383,ID3516
10,383,ID3506
10,383,ID7606
10,383,ID3273
10,383,ID2101
10,383,ID7502
10,383,ID1221
10,383,ID6409
10,383,ID3507
10,384,ID6304
10,384,ID7310
10,384,ID7504
10,384,ID8272
10,384,ID1702
10,384,ID6302
10,384,ID3509
10,384,ID7105
10,384,ID7472
10,384,ID3321
10,385,ID3309
10,385,ID1210
10,385,ID1405
10,385,ID7307
10,385,ID3671
10,385,ID7201
10,385,ID6107
10,385,ID3326
10,385,ID1902
10,385,ID1609
10,386,ID7102
10,386,ID2101
10,386,ID6110
10,386,ID1809
10,386,ID1612
10,386,ID3175
10,386,ID1304
10,386,ID1219
10,386,ID6502
10,386,ID6471
10,387,ID8272
10,387,ID3501
10,387,ID3528
10,387,ID3313
10,387,ID1609
10,387,ID3524
10,387,ID1408
10,387,ID1705
10,387,ID6504
10,387,ID1612
10,388,ID7204
10,388,ID3214
10,388,ID1218
10,388,ID3515
10,388,ID1373
10,388,ID5271
10,388,ID3311
10,388,ID9409
10,388,ID1706
10,388,ID6301
10,389,ID7413
10,389,ID7407
10,389,ID1604
10,389,ID7505
10,389,ID1571
10,389,ID7315
10,389,ID1507
10,389,ID7602
10,389,ID3471
10,389,ID3512
10,390,ID3308
10,390,ID9105
10,390,ID3671
10,390,ID7402
10,390,ID7471
10,390,ID1603
10,390,ID3504
10,390,ID5205
10,390,ID6211
10,390,ID6171
10,391,ID1904
10,391,ID5102
10,391,ID7303
10,391,ID1905
10,391,ID3210
10,391,ID5315
10,391,ID1309
10,391,ID3510
10,391,ID1506
10,391,ID1212
10,392,ID3318
10,392,ID1106
10,392,ID1110
10,392,ID6104
10,392,ID1871
10,392,ID3203
10,392,ID5305
10,392,ID3327
10,392,ID6110
10,392,ID1806
10,393,ID1871
10,393,ID7108
10,393,ID1671
10,393,ID3271
10,393,ID1173
10,393,ID5108
10,393,ID3574
10,393,ID1102
10,393,ID1105
10,393,ID3203
10,394,ID3573
10,394,ID3202
10,394,ID1812
10,394,ID3313
10,394,ID1222
10,394,ID3203
10,394,ID3578
10,394,ID7503
10,394,ID1212
10,394,ID6208
10,395,ID8103
10,395,ID3519
10,395,ID3216
10,395,ID7212
10,395,ID1105
10,395,ID8206
10,395,ID1108
10,395,ID1206
10,395,ID8172
10,395,ID6371
10,396,ID5202
10,396,ID7105
10,396,ID1406
10,396,ID3508
10,396,ID3471
10,396,ID3207
10,396,ID1572
10,396,ID7603
10,396,ID6209
10,396,ID1377
10,397,ID6401
10,397,ID1608
10,397,ID1213
10,397,ID1306
10,397,ID3502
10,397,ID7111
10,397,ID9401
10,397,ID3515
10,397,ID1901
10,397,ID7402
10,398,ID3505
10,398,ID6411
10,398,ID3210
10,398,ID7505
10,398,ID6503
10,398,ID5271
10,398,ID6409
10,398,ID7471
10,398,ID7410
10,398,ID1116
10,399,ID1219
10,399,ID1173
10,399,ID3371
10,399,ID3301
10,399,ID3204
10,399,ID1277
10,399,ID3327
10,399,ID3329
10,399,ID1309
10,399,ID3279
10,400,ID1275
10,400,ID5313
10,400,ID1410
10,400,ID3208
10,400,ID3517
10,400,ID3572
10,400,ID7171
10,400,ID3579
10,400,ID3277
10,400,ID3514
10,401,ID3174
10,401,ID9403
10,401,ID1277
10,401,ID1107
10,401,ID6504
10,401,ID7504
10,401,ID3171
10,401,ID3371
10,401,ID1211
10,401,ID6372
10,402,ID6212
10,402,ID6503
10,402,ID1208
10,402,ID1117
10,402,ID7373
10,402,ID3215
10,402,ID6310
10,402,ID1312
10,402,ID3673
10,402,ID1872
10,403,ID1409
10,403,ID3214
10,403,ID3201
10,403,ID6372
10,403,ID3674
10,403,ID1505
10,403,ID6301
10,403,ID9412
10,403,ID1274
10,403,ID7604
10,404,ID9171
10,404,ID7303
10,404,ID1213
10,404,ID1372
10,404,ID3575
10,404,ID5104
10,404,ID7313
10,404,ID8271
10,404,ID3173
10,404,ID6213
10,405,ID1674
10,405,ID1118
10,405,ID7315
10,405,ID6308
10,405,ID3509
10,405,ID3272
10,405,ID1208
10,405,ID7305
10,405,ID3203
10,405,ID1101
10,406,ID3217
10,406,ID1504
10,406,ID3372
10,406,ID1175
10,406,ID1275
10,406,ID2101
10,406,ID6308
10,406,ID3314
10,406,ID3205
10,406,ID7211
10,407,ID3206
10,407,ID3274
10,407,ID5107
10,407,ID6103
10,407,ID3373
10,407,ID1275
10,407,ID3212
10,407,ID3321
10,407,ID3571
10,407,ID7306
10,408,ID3273
10,408,ID5102
10,408,ID3218
10,408,ID1771
10,408,ID3316
10,408,ID6107
10,408,ID7202
10,408,ID5201
10,408,ID3304
10,408,ID1505
10,409,ID3603
10,409,ID8207
10,409,ID3217
10,409,ID1674
10,409,ID9401
10,409,ID5104
10,409,ID7404
10,409,ID7408
10,409,ID1376
10,409,ID1703
10,410,ID8207
10,410,ID3307
10,410,ID3375
10,410,ID1116
10,410,ID1221
10,410,ID6111
10,410,ID6503
10,410,ID3272
10,410,ID1215
10,410,ID1704
10,411,ID6409
10,411,ID6107
10,411,ID3511
10,411,ID7472
10,411,ID3308
10,411,ID1471
10,411,ID7318
10,411,ID9401
10,411,ID1405
10,411,ID1503
10,412,ID1403
10,412,ID7303
10,412,ID7408
10,412,ID3523
10,412,ID1674
10,412,ID3274
10,412,ID7322
10,412,ID1806
10,412,ID3278
10,412,ID7315
10,413,ID7174
10,413,ID3507
10,413,ID3277
10,413,ID8103
10,413,ID3171
10,413,ID3301
10,413,ID3572
10,413,ID1801
10,413,ID7322
10,413,ID9401
10,414,ID6371
10,414,ID3303
10,414,ID3505
10,414,ID7406
10,414,ID8104
10,414,ID1405
10,414,ID5315
10,414,ID3317
10,414,ID1207
10,414,ID3521
10,415,ID7317
10,415,ID3518
10,415,ID6303
10,415,ID1207
10,415,ID7322
10,415,ID1212
10,415,ID1601
10,415,ID3201
10,415,ID8201
10,415,ID3573
10,416,ID1802
10,416,ID7601
10,416,ID3173
10,416,ID1304
10,416,ID3314
10,416,ID1175
10,416,ID5311
10,416,ID1115
10,416,ID2101
10,416,ID1305
10,417,ID3604
10,417,ID1471
10,417,ID3321
10,417,ID8201
10,417,ID1902
10,417,ID3204
10,417,ID7307
10,417,ID1276
10,417,ID3516
10,417,ID7401
10,418,ID1871
10,418,ID1502
10,418,ID3509
10,418,ID1105
10,418,ID7307
10,418,ID5311
10,418,ID1304
10,418,ID3372
10,418,ID6303
10,418,ID7471
10,419,ID3513
10,419,ID1402
10,419,ID1306
10,419,ID6112
10,419,ID6106
10,419,ID5201
10,419,ID1507
10,419,ID6111
10,419,ID3526
10,419,ID3376
10,420,ID7503
10,420,ID1306
10,420,ID7303
10,420,ID3318
10,420,ID7203
10,420,ID9408
10,420,ID3305
10,420,ID3273
10,420,ID8172
10,420,ID1508
10,421,ID1705
10,421,ID6503
10,421,ID3516
10,421,ID1702
10,421,ID1215
10,421,ID7202
10,421,ID1172
10,421,ID7501
10,421,ID1175
10,421,ID1310
10,422,ID3202
10,422,ID1212
10,422,ID7207
10,422,ID5371
10,422,ID7305
10,422,ID7606
10,422,ID7310
10,422,ID7107
10,422,ID1601
10,422,ID1272
10,423,ID1672
10,423,ID3528
10,423,ID7312
10,423,ID5205
10,423,ID1213
10,423,ID9101
10,423,ID7407
10,423,ID1704
10,423,ID1222
10,423,ID3513
10,424,ID7313
10,424,ID3172
10,424,ID3203
10,424,ID3674
10,424,ID3502
10,424,ID7172
10,424,ID3212
10,424,ID1105
10,424,ID1702
10,424,ID6471
10,425,ID1471
10,425,ID1504
10,425,ID6213
10,425,ID3307
10,425,ID7605
10,425,ID1805
10,425,ID1707
10,425,ID3216
10,425,ID1601
10,425,ID7314
10,426,ID1408
10,426,ID3315
10,426,ID1501
10,426,ID3316
10,426,ID1312
10,426,ID6209
10,426,ID7406
10,426,ID6112
10,426,ID5271
10,426,ID5105
10,427,ID1504
10,427,ID1102
10,427,ID1114
10,427,ID6271
10,427,ID3572
10,427,ID7318
10,427,ID7404
10,427,ID6105
10,427,ID3271
10,427,ID7101
10,428,ID7105
10,428,ID7305
10,428,ID1407
10,428,ID7104
10,428,ID1405
10,428,ID1872
10,428,ID3213
10,428,ID1608
10,428,ID1473
10,428,ID7371
10,429,ID1204
10,429,ID7412
10,429,ID6302
10,429,ID1904
10,429,ID6471
10,429,ID7305
10,429,ID5106
10,429,ID7504
10,429,ID1107
10,429,ID3573
10,430,ID1113
10,430,ID3602
10,430,ID5108
10,430,ID1410
10,430,ID3319
10,430,ID3275
10,430,ID3215
10,430,ID3301
10,430,ID1602
10,430,ID5202
10,431,ID5106
10,431,ID1117
10,431,ID1218
10,431,ID3319
10,431,ID3576
10,431,ID9101
10,431,ID6402
10,431,ID1806
10,431,ID3522
10,431,ID1404
10,432,ID3313
10,432,ID1871
10,432,ID7325
10,432,ID1202
10,432,ID3321
10,432,ID6103
10,432,ID6371
10,432,ID3508
10,432,ID3402
10,432,ID3327
10,433,ID7212
10,433,ID1804
10,433,ID1110
10,433,ID1209
10,433,ID1307
10,433,ID7108
10,433,ID7501
10,433,ID5315
10,433,ID3522
10,433,ID1572
10,434,ID3573
10,434,ID7571
10,434,ID1407
10,434,ID3520
10,434,ID6310
10,434,ID5204
10,434,ID3206
10,434,ID1216
10,434,ID3211
10,434,ID1308
10,435,ID3303
10,435,ID1509
10,435,ID1507
10,435,ID6271
10,435,ID9105
10,435,ID3374
10,435,ID3209
10,435,ID3404
10,435,ID1174
10,435,ID1812
10,436,ID1810
10,436,ID1507
10,436,ID5204
10,436,ID3518
10,436,ID3311
10,436,ID9105
10,436,ID7571
10,436,ID1174
10,436,ID1305
10,436,ID7413
10,437,ID8204
10,437,ID3308
10,437,ID3210
10,437,ID3506
10,437,ID3577
10,437,ID3401
10,437,ID3317
10,437,ID6201
10,437,ID3307
10,437,ID1672
10,438,ID1801
10,438,ID3274
10,438,ID3272
10,438,ID7318
10,438,ID7201
10,438,ID1102
10,438,ID6504
10,438,ID7310
10,438,ID3314
10,438,ID1603
10,439,ID1115
10,439,ID5202
10,439,ID1302
10,439,ID3401
10,439,ID1375
10,439,ID1810
10,439,ID6111
10,439,ID6404
10,439,ID3374
10,439,ID1610
10,440,ID8206
10,440,ID3526
10,440,ID3322
10,440,ID1108
10,440,ID3510
10,440,ID1809
10,440,ID7301
10,440,ID6405
10,440,ID3310
10,440,ID8102
10,441,ID3403
10,441,ID5205
10,441,ID6471
10,441,ID1602
10,441,ID7111
10,441,ID3516
10,441,ID3671
10,441,ID1374
10,441,ID3578
10,441,ID3320
10,442,ID1603
10,442,ID1206
10,442,ID2172
10,442,ID8272
10,442,ID2171
10,442,ID7603
10,442,ID6501
10,442,ID3471
10,442,ID1105
10,442,ID1308
10,443,ID3526
10,443,ID3318
10,443,ID3175
10,443,ID1602
10,443,ID7208
10,443,ID7404
10,443,ID3527
10,443,ID1306
10,443,ID1503
10,443,ID3214
10,444,ID1372
10,444,ID1706
10,444,ID6102
10,444,ID5106
10,444,ID1603
10,444,ID1811
10,444,ID7414
10,444,ID6172
10,444,ID1304
10,444,ID7325
10,445,ID3404
10,445,ID3317
10,445,ID1104
10,445,ID3313
10,445,ID9102
10,445,ID9101
10,445,ID5207
10,445,ID1401
10,445,ID7102
10,445,ID1303
10,446,ID1376
10,446,ID1208
10,446,ID5103
10,446,ID6203
10,446,ID3525
10,446,ID3511
10,446,ID7310
10,446,ID7307
10,446,ID1209
10,446,ID6311
10,447,ID7313
10,447,ID6310
10,447,ID1804
10,447,ID7503
10,447,ID6209
10,447,ID3517
10,447,ID8205
10,447,ID3524
10,447,ID6304
10,447,ID6271
10,448,ID2105
10,448,ID1172
10,448,ID6409
10,448,ID7303
10,448,ID1219
10,448,ID3511
10,448,ID1705
10,448,ID5207
10,448,ID6403
10,448,ID1171
10,449,ID3471
10,449,ID6171
10,449,ID1104
10,449,ID1304
10,449,ID7107
10,449,ID6305
10,449,ID5201
10,449,ID1805
10,449,ID6207
10,449,ID1202
10,450,ID1305
10,450,ID3575
10,450,ID9409
10,450,ID3174
10,450,ID3324
10,450,ID7571
10,450,ID1302
10,450,ID6303
10,450,ID5312
10,450,ID1207
10,451,ID3511
10,451,ID1904
10,451,ID7501
10,451,ID1106
10,451,ID3503
10,451,ID5312
10,451,ID1609
10,451,ID1112
10,451,ID1377
10,451,ID3213
10,452,ID3315
10,452,ID1111
10,452,ID3528
10,452,ID7310
10,452,ID3302
10,452,ID3319
10,452,ID6402
10,452,ID3206
10,452,ID3325
10,452,ID3272
10,453,ID3272
10,453,ID7105
10,453,ID3204
10,453,ID3528
10,453,ID3515
10,453,ID7212
10,453,ID1601
10,453,ID3576
10,453,ID3306
10,453,ID7403
10,454,ID3604
10,454,ID5318
10,454,ID3523
10,454,ID5310
10,454,ID7371
10,454,ID7602
10,454,ID6107
10,454,ID1275
10,454,ID3521
10,454,ID7102
10,455,ID7313
10,455,ID6212
10,455,ID3471
10,455,ID7404
10,455,ID3311
10,455,ID7602
10,455,ID1174
10,455,ID1210
10,455,ID3579
10,455,ID3521
10,456,ID7111
10,456,ID7318
10,456,ID6208
10,456,ID1217
10,456,ID6403
10,456,ID1303
10,456,ID3372
10,456,ID1175
10,456,ID7405
10,456,ID3403
10,457,ID3521
10,457,ID6213
10,457,ID7601
10,457,ID6110
10,457,ID7303
10,457,ID1608
10,457,ID3321
10,457,ID6471
10,457,ID7204
10,457,ID6309
10,458,ID1221
10,458,ID3502
10,458,ID5101
10,458,ID7173
10,458,ID1304
10,458,ID2103
10,458,ID7413
10,458,ID1172
10,458,ID7504
10,458,ID3175
10,459,ID7202
10,459,ID7307
10,459,ID1812
10,459,ID7372
10,459,ID1406
10,459,ID3306
10,459,ID1704
10,459,ID7106
10,459,ID6108
10,459,ID1971
10,460,ID7310
10,460,ID1202
10,460,ID1272
10,460,ID6208
10,460,ID3279
10,460,ID7318
10,460,ID3579
10,460,ID1114
10,460,ID6102
10,460,ID3311
10,461,ID7303
10,461,ID5202
10,461,ID6107
10,461,ID3320
10,461,ID1508
10,461,ID3575
10,461,ID8272
10,461,ID3325
10,461,ID7313
10,461,ID5107
10,462,ID5313
10,462,ID1706
10,462,ID7413
10,462,ID3504
10,462,ID7502
10,462,ID6403
10,462,ID1106
10,462,ID6404
10,462,ID1507
10,462,ID5203
10,463,ID1221
10,463,ID7318
10,463,ID1612
10,463,ID1271
10,463,ID7211
10,463,ID3603
10,463,ID5201
10,463,ID3301
10,463,ID7606
10,463,ID5371
10,464,ID1602
10,464,ID1202
10,464,ID3505
10,464,ID8104
10,464,ID6404
10,464,ID1213
10,464,ID1116
10,464,ID3313
10,464,ID3275
10,464,ID3576
10,465,ID6211
10,465,ID1703
10,465,ID3202
10,465,ID9171
10,465,ID3201
10,465,ID3308
10,465,ID5101
10,465,ID8172
10,465,ID3213
10,465,ID5205
10,466,ID1207
10,466,ID7403
10,466,ID1509
10,466,ID3319
10,466,ID6213
10,466,ID6110
10,466,ID8103
10,466,ID7105
10,466,ID1209
10,466,ID6401
10,467,ID9403
10,467,ID3601
10,467,ID7305
10,467,ID1373
10,467,ID3517
10,467,ID1108
10,467,ID3571
10,467,ID3522
10,467,ID6306
10,467,ID6409
10,468,ID6503
10,468,ID3272
10,468,ID3325
10,468,ID2104
10,468,ID5204
10,468,ID3578
10,468,ID3579
10,468,ID6108
10,468,ID6411
10,468,ID7174
10,469,ID5101
10,469,ID6405
10,469,ID3376
10,469,ID6571
10,469,ID5371
10,469,ID1811
10,469,ID3209
10,469,ID6308
10,469,ID7405
10,469,ID3516
10,470,ID6104
10,470,ID3324
10,470,ID7206
10,470,ID3210
10,470,ID1401
10,470,ID1374
10,470,ID1302
10,470,ID1771
10,470,ID3526
10,470,ID1215
10,471,ID7505
10,471,ID3216
10,471,ID1104
10,471,ID6308
10,471,ID3322
10,471,ID3526
10,471,ID8202
10,471,ID3579
10,471,ID3309
10,471,ID5103
10,472,ID3306
10,472,ID3201
10,472,ID1278
10,472,ID5371
10,472,ID7605
10,472,ID1108
10,472,ID7101
10,472,ID1112
10,472,ID1220
10,472,ID1303
10,473,ID7411
10,473,ID8204
10,473,ID1604
10,473,ID5101
10,473,ID3375
10,473,ID2171
10,473,ID5205
10,473,ID6210
10,473,ID6502
10,473,ID1115
10,474,ID7402
10,474,ID5102
10,474,ID1277
10,474,ID6571
10,474,ID3512
10,474,ID3308
10,474,ID7171
10,474,ID1207
10,474,ID9171
10,474,ID6404
10,475,ID7212
10,475,ID7602
10,475,ID6405
10,475,ID3374
10,475,ID1705
10,475,ID1503
10,475,ID1806
10,475,ID7315
10,475,ID1709
10,475,ID7313
10,476,ID7605
10,476,ID3672
10,476,ID1218
10,476,ID1803
10,476,ID1402
10,476,ID1377
10,476,ID1705
10,476,ID3322
10,476,ID3271
10,476,ID3516
10,477,ID1220
10,477,ID7108
10,477,ID1702
10,477,ID3322
10,477,ID1217
10,477,ID7310
10,477,ID1376
10,477,ID7212
10,477,ID1303
10,477,ID3318
10,478,ID9101
10,478,ID1606
10,478,ID7326
10,478,ID1305
10,478,ID9102
10,478,ID3672
10,478,ID6303
10,478,ID1376
10,478,ID3306
10,478,ID5202
10,479,ID1211
10,479,ID6503
10,479,ID1507
10,479,ID7204
10,479,ID1709
10,479,ID3311
10,479,ID3328
10,479,ID7372
10,479,ID9408
10,479,ID5311
10,480,ID3210
10,480,ID1216
10,480,ID3171
10,480,ID5313
10,480,ID3277
10,480,ID6209
10,480,ID5101
10,480,ID3206
10,480,ID6301
10,480,ID1173
10,481,ID1505
10,481,ID1106
10,481,ID3310
10,481,ID3526
10,481,ID9171
10,481,ID1278
10,481,ID8104
10,481,ID1905
10,481,ID3521
10,481,ID6211
10,482,ID3275
10,482,ID3204
10,482,ID9105
10,482,ID6105
10,482,ID9408
10,482,ID1706
10,482,ID7302
10,482,ID6171
10,482,ID6409
10,482,ID7101
10,483,ID1110
10,483,ID1872
10,483,ID3371
10,483,ID3203
10,483,ID1971
10,483,ID3321
10,483,ID3304
10,483,ID3201
10,483,ID7372
10,483,ID1105
10,484,ID3304
10,484,ID7304
10,484,ID6308
10,484,ID1109
10,484,ID3528
10,484,ID7471
10,484,ID3372
10,484,ID1101
10,484,ID1708
10,484,ID3206
10,485,ID7171
10,485,ID1303
10,485,ID1174
10,485,ID7271
10,485,ID1871
10,485,ID1309
10,485,ID7207
10,485,ID7504
10,485,ID1101
10,485,ID1803
10,486,ID7107
10,486,ID3201
10,486,ID7471
10,486,ID3316
10,486,ID6571
10,486,ID1372
10,486,ID3328
10,486,ID5271
10,486,ID9105
10,486,ID7402
10,487,ID1505
10,487,ID3573
10,487,ID6307
10,487,ID3524
10,487,ID7107
10,487,ID6472
10,487,ID6203
10,487,ID1502
10,487,ID7172
10,487,ID6371
10,488,ID1607
10,488,ID3522
10,488,ID1309
10,488,ID6106
10,488,ID3574
10,488,ID1217
10,488,ID2172
10,488,ID3175
10,488,ID3518
10,488,ID5309
10,489,ID1408
10,489,ID6301
10,489,ID7204
10,489,ID1405
10,489,ID3319
10,489,ID9408
10,489,ID5271
10,489,ID3372
10,489,ID2103
10,489,ID1106
10,490,ID6112
10,490,ID3520
10,490,ID7317
10,490,ID1706
10,490,ID7212
10,490,ID7102
10,490,ID3318
10,490,ID7271
10,490,ID7211
10,490,ID1274
10,491,ID3672
10,491,ID3171
10,491,ID6211
10,491,ID7301
10,491,ID7504
10,491,ID1404
10,491,ID1173
10,491,ID6202
10,491,ID1276
10,491,ID1803
10,492,ID2101
10,492,ID1507
10,492,ID3574
10,492,ID1701
10,492,ID7601
10,492,ID5371
10,492,ID3209
10,492,ID7301
10,492,ID1671
10,492,ID2104
10,493,ID5311
10,493,ID1571
10,493,ID1272
10,493,ID3301
10,493,ID7312
10,493,ID3526
10,493,ID3518
10,493,ID7604
10,493,ID6271
10,493,ID3323
10,494,ID1673
10,494,ID3208
10,494,ID1309
10,494,ID3673
10,494,ID5204
10,494,ID1506
10,494,ID6302
10,494,ID3205
10,494,ID7471
10,494,ID3174
10,495,ID2103
10,495,ID1220
10,495,ID3520
10,495,ID5104
10,495,ID1810
10,495,ID7402
10,495,ID1208
10,495,ID1172
10,495,ID1104
10,495,ID3273
10,496,ID3578
10,496,ID1603
10,496,ID1111
10,496,ID5108
10,496,ID3174
10,496,ID6371
10,496,ID7501
10,496,ID3276
10,496,ID1207
10,496,ID6106
10,497,ID5272
10,497,ID3508
10,497,ID9408
10,497,ID7203
10,497,ID1606
10,497,ID3309
10,497,ID1107
10,497,ID5207
10,497,ID3207
10,497,ID1505
10,498,ID8171
10,498,ID1606
10,498,ID3210
10,498,ID5309
10,498,ID9403
10,498,ID1114
10,498,ID2171
10,498,ID1275
10,498,ID1208
10,498,ID1871
10,499,ID1108
10,499,ID3505
10,499,ID8172
10,499,ID1275
10,499,ID3526
10,499,ID6205
10,499,ID6211
10,499,ID6106
10,499,ID5203
10,499,ID3525
10,500,ID3307
10,500,ID1374
10,500,ID7303
10,500,ID6107
10,500,ID1207
10,500,ID1375
10,500,ID6474
10,500,ID3216
10,500,ID7305
10,500,ID9409
10,501,ID3526
10,501,ID7501
10,501,ID1506
10,501,ID1174
10,501,ID6402
10,501,ID6303
10,501,ID3202
10,501,ID6409
10,501,ID5371
10,501,ID7310
10,502,ID3329
10,502,ID3309
10,502,ID6409
10,502,ID5205
10,502,ID1408
10,502,ID1202
10,502,ID1302
10,502,ID6271
10,502,ID1604
10,502,ID8204
10,503,ID5202
10,503,ID1506
10,503,ID3373
10,503,ID7202
10,503,ID6106
10,503,ID6474
10,503,ID3515
10,503,ID3325
10,503,ID2104
10,503,ID8104
10,504,ID1212
10,504,ID1202
10,504,ID1805
10,504,ID3323
10,504,ID9171
10,504,ID1305
10,504,ID1308
10,504,ID1804
10,504,ID1471
10,504,ID7201
10,505,ID3303
10,505,ID1312
10,505,ID1221
10,505,ID1505
10,505,ID1218
10,505,ID5105
10,505,ID7605
10,505,ID3401
10,505,ID6105
10,505,ID7410
10,506,ID3501
10,506,ID3277
10,506,ID1308
10,506,ID7310
10,506,ID1111
10,506,ID3311
10,506,ID6504
10,506,ID3316
10,506,ID3578
10,506,ID1217
10,507,ID1310
10,507,ID3323
10,507,ID7201
10,507,ID1605
10,507,ID3514
10,507,ID1219
10,507,ID1503
10,507,ID5105
10,507,ID6208
10,507,ID1904
10,508,ID7204
10,508,ID1505
10,508,ID8172
10,508,ID1215
10,508,ID1218
10,508,ID1273
10,508,ID3403
10,508,ID5309
10,508,ID7403
10,508,ID1401
10,509,ID6108
10,509,ID1276
10,509,ID8171
10,509,ID5310
10,509,ID5318
10,509,ID6403
10,509,ID1275
10,509,ID1610
10,509,ID7101
10,509,ID1607
10,510,ID1771
10,510,ID1202
10,510,ID3304
10,510,ID6101
10,510,ID6409
10,510,ID1210
10,510,ID6411
10,510,ID8103
10,510,ID1113
10,510,ID3526
10,511,ID7322
10,511,ID7502
10,511,ID6309
10,511,ID5201
10,511,ID1174
10,511,ID7604
10,511,ID1509
10,511,ID6105
10,511,ID9171
10,511,ID1410
10,512,ID9101
10,512,ID7303
10,512,ID1605
10,512,ID1115
10,512,ID1602
10,512,ID7212
10,512,ID3402
10,512,ID3579
10,512,ID7603
10,512,ID1113
10,513,ID6472
10,513,ID2172
10,513,ID3578
10,513,ID7314
10,513,ID1207
10,513,ID2101
10,513,ID1674
10,513,ID6201
10,513,ID3601
10,513,ID7371
10,514,ID1701
10,514,ID7326
10,514,ID9102
10,514,ID1306
10,514,ID7318
10,514,ID9171
10,514,ID1809
10,514,ID1508
10,514,ID3271
10,514,ID1605
10,515,ID1310
10,515,ID3506
10,515,ID1103
10,515,ID7371
10,515,ID1376
10,515,ID6211
10,515,ID1673
10,515,ID3504
10,515,ID7372
10,515,ID1309
10,516,ID3278
10,516,ID7105
10,516,ID5203
10,516,ID1671
10,516,ID3201
10,516,ID1905
10,516,ID1505
10,516,ID7408
10,516,ID1311
10,516,ID1705
10,517,ID7371
10,517,ID3306
10,517,ID1207
10,517,ID7111
10,517,ID1607
10,517,ID7172
10,517,ID1171
10,517,ID1872
10,517,ID5315
10,517,ID1203
10,518,ID7325
10,518,ID6404
10,518,ID1674
10,518,ID1105
10,518,ID3215
10,518,ID3375
10,518,ID1173
10,518,ID1610
10,518,ID1871
10,518,ID1107
10,519,ID1709
10,519,ID3329
10,519,ID7208
10,519,ID3503
10,519,ID3376
10,519,ID3513
10,519,ID1108
10,519,ID3308
10,519,ID3515
10,519,ID6109
10,520,ID3505
10,520,ID3315
10,520,ID6502
10,520,ID5205
10,520,ID1407
10,520,ID1804
10,520,ID3322
10,520,ID3509
10,520,ID1274
10,520,ID1802
10,521,ID9102
10,521,ID5206
10,521,ID7105
10,521,ID3211
10,521,ID3671
10,521,ID1811
10,521,ID1107
10,521,ID1106
10,521,ID3578
10,521,ID5107
10,522,ID5171
10,522,ID6401
10,522,ID1702
10,522,ID9403
10,522,ID1375
10,522,ID1405
10,522,ID3210
10,522,ID1602
10,522,ID6501
10,522,ID3304
10,523,ID7409
10,523,ID6405
10,523,ID2101
10,523,ID3403
10,523,ID1606
10,523,ID3318
10,523,ID1117
10,523,ID1872
10,523,ID3174
10,523,ID1274
10,524,ID1202
10,524,ID6105
10,524,ID1612
10,524,ID1117
10,524,ID7406
10,524,ID5203
10,524,ID3403
10,524,ID1311
10,524,ID3571
10,524,ID6405
10,525,ID1217
10,525,ID6401
10,525,ID7106
10,525,ID1276
10,525,ID1603
10,525,ID9105
10,525,ID3201
10,525,ID1903
10,525,ID1608
10,525,ID7325
10,526,ID6171
10,526,ID1504
10,526,ID1571
10,526,ID9471
10,526,ID3403
10,526,ID3312
10,526,ID3376
10,526,ID1603
10,526,ID1213
10,526,ID6201
10,527,ID1609
10,527,ID6372
10,527,ID1407
10,527,ID1305
10,527,ID7306
10,527,ID7202
10,527,ID6107
10,527,ID1410
10,527,ID1503
10,527,ID1606
10,528,ID7406
10,528,ID3208
10,528,ID6206
10,528,ID1672
10,528,ID1222
10,528,ID3172
10,528,ID1216
10,528,ID3216
10,528,ID7410
10,528,ID1807
10,529,ID1175
10,529,ID3501
10,529,ID1808
10,529,ID5203
10,529,ID7411
10,529,ID7504
10,529,ID3517
10,529,ID1811
10,529,ID6302
10,529,ID3520
10,530,ID3518
10,530,ID6302
10,530,ID1278
10,530,ID1810
10,530,ID6403
10,530,ID1904
10,530,ID3571
10,530,ID7505
10,530,ID1903
10,530,ID6310
10,531,ID3575
10,531,ID5313
10,531,ID2104
10,531,ID1473
10,531,ID7322
10,531,ID7106
10,531,ID7108
10,531,ID1302
10,531,ID3306
10,531,ID3320
10,532,ID5272
10,532,ID1213
10,532,ID1812
10,532,ID6171
10,532,ID7301
10,532,ID7207
10,532,ID1807
10,532,ID3207
10,532,ID3505
10,532,ID1221
10,533,ID3316
10,533,ID6102
10,533,ID6104
10,533,ID1608
10,533,ID7603
10,533,ID9471
10,533,ID1806
10,533,ID6203
10,533,ID6208
10,533,ID6305
10,534,ID7410
10,534,ID6106
10,534,ID3310
10,534,ID3319
10,534,ID7402
10,534,ID3527
10,534,ID3311
10,534,ID6205
10,534,ID3215
10,534,ID7505
10,535,ID3215
10,535,ID7173
10,535,ID7404
10,535,ID5311
10,535,ID7174
10,535,ID8171
10,535,ID1277
10,535,ID7204
10,535,ID3171
10,535,ID1173
10,536,ID1602
10,536,ID8201
10,536,ID7409
10,536,ID9403
10,536,ID6301
10,536,ID7302
10,536,ID1215
10,536,ID1401
10,536,ID3172
10,536,ID7203
10,537,ID7402
10,537,ID1116
10,537,ID3374
10,537,ID5106
10,537,ID5103
10,537,ID5313
10,537,ID1215
10,537,ID1507
10,537,ID7412
10,537,ID7502
10,538,ID1171
10,538,ID1221
10,538,ID6302
10,538,ID1406
10,538,ID9412
10,538,ID3508
10,538,ID1311
10,538,ID5107
10,538,ID5105
10,538,ID7402
10,539,ID3215
10,539,ID7104
10,539,ID3372
10,539,ID3671
10,539,ID1101
10,539,ID6302
10,539,ID7110
10,539,ID1371
10,539,ID3205
10,539,ID9408
10,540,ID7206
10,540,ID2105
10,540,ID3213
10,540,ID1114
10,540,ID1505
10,540,ID3508
10,540,ID5204
10,540,ID3501
10,540,ID7413
10,540,ID7407
10,541,ID1606
10,541,ID1702
10,541,ID9102
10,541,ID5205
10,541,ID7212
10,541,ID1102
10,541,ID3374
10,541,ID7403
10,541,ID5371
10,541,ID3576
10,542,ID7311
10,542,ID3174
10,542,ID5313
10,542,ID3173
10,542,ID1216
10,542,ID1903
10,542,ID1501
10,542,ID7316
10,542,ID1113
10,542,ID1303
10,543,ID1108
10,543,ID6503
10,543,ID5313
10,543,ID5106
10,543,ID1904
10,543,ID6306
10,543,ID3327
10,543,ID1210
10,543,ID3205
10,543,ID1571
10,544,ID3604
10,544,ID1104
10,544,ID3173
10,544,ID3272
10,544,ID6308
10,544,ID3174
10,544,ID3206
10,544,ID7501
10,544,ID1307
10,544,ID1611
10,545,ID6371
10,545,ID7405
10,545,ID7303
10,545,ID6308
10,545,ID8171
10,545,ID3316
10,545,ID7110
10,545,ID3521
10,545,ID1605
10,545,ID1108
10,546,ID5309
10,546,ID3322
10,546,ID7104
10,546,ID6502
10,546,ID1220
10,546,ID6106
10,546,ID3210
10,546,ID1210
10,546,ID1208
10,546,ID5107
10,547,ID6271
10,547,ID1506
10,547,ID7211
10,547,ID6304
10,547,ID8205
10,547,ID6203
10,547,ID7307
10,547,ID6403
10,547,ID1110
10,547,ID7471
10,548,ID6213
10,548,ID6503
10,548,ID3506
10,548,ID3520
10,548,ID1904
10,548,ID3602
10,548,ID3216
10,548,ID3325
10,548,ID7406
10,548,ID1111
10,549,ID3329
10,549,ID7501
10,549,ID3521
10,549,ID3276
10,549,ID6201
10,549,ID5171
10,549,ID3318
10,549,ID1601
10,549,ID1209
10,549,ID5202
10,550,ID3507
10,550,ID1106
10,550,ID7315
10,550,ID5171
10,550,ID3277
10,550,ID5102
10,550,ID6310
10,550,ID5305
10,550,ID3217
10,550,ID7402
10,551,ID5272
10,551,ID5108
10,551,ID3272
10,551,ID8171
10,551,ID1104
10,551,ID7402
10,551,ID3203
10,551,ID3326
10,551,ID3310
10,551,ID3315
10,552,ID7307
10,552,ID3371
10,552,ID1704
10,552,ID3318
10,552,ID3671
10,552,ID1219
10,552,ID6503
10,552,ID3302
10,552,ID7406
10,552,ID1603
10,553,ID3522
10,553,ID1213
10,553,ID8103
10,553,ID1808
10,553,ID1507
10,553,ID1812
10,553,ID5271
10,553,ID7308
10,553,ID8206
10,553,ID7207
10,554,ID1106
10,554,ID3311
10,554,ID7201
10,554,ID6301
10,554,ID7174
10,554,ID3504
10,554,ID3326
10,554,ID1375
10,554,ID6107
10,554,ID3671
10,555,ID1302
10,555,ID1506
10,555,ID3324
10,555,ID7503
10,555,ID1375
10,555,ID7325
10,555,ID1309
10,555,ID6105
10,555,ID5309
10,555,ID1222
10,556,ID3305
10,556,ID1203
10,556,ID3376
10,556,ID1709
10,556,ID1801
10,556,ID3511
10,556,ID1118
10,556,ID3672
10,556,ID5105
10,556,ID7102
10,557,ID3275
10,557,ID1607
10,557,ID1905
10,557,ID1604
10,557,ID1801
10,557,ID6205
10,557,ID3372
10,557,ID7402
10,557,ID3271
10,557,ID1372
10,558,ID1902
10,558,ID6307
10,558,ID1872
10,558,ID7372
10,558,ID3525
10,558,ID7302
10,558,ID1406
10,558,ID3218
10,558,ID1213
10,558,ID7304
10,559,ID7404
10,559,ID1905
10,559,ID8204
10,559,ID1503
10,559,ID8205
10,559,ID7372
10,559,ID1372
10,559,ID1221
10,559,ID3510
10,559,ID1208
10,560,ID3323
10,560,ID3577
10,560,ID1305
10,560,ID6111
10,560,ID7404
10,560,ID1408
10,560,ID3371
10,560,ID3572
10,560,ID1203
10,560,ID7107
10,561,ID6204
10,561,ID3374
10,561,ID3322
10,561,ID1377
10,561,ID1207
10,561,ID7601
10,561,ID7318
10,561,ID3372
10,561,ID3514
10,561,ID1473
10,562,ID6571
10,562,ID1205
10,562,ID3216
10,562,ID5203
10,562,ID3314
10,562,ID8102
10,562,ID3375
10,562,ID6302
10,562,ID6504
10,562,ID3320
10,563,ID9105
10,563,ID3216
10,563,ID1222
10,563,ID7315
10,563,ID3508
10,563,ID6306
10,563,ID7174
10,563,ID1376
10,563,ID1220
10,563,ID7303
10,564,ID3577
10,564,ID5312
10,564,ID3326
10,564,ID7313
10,564,ID1220
10,564,ID7302
10,564,ID7201
10,564,ID3578
10,564,ID1808
10,564,ID7173
10,565,ID1108
10,565,ID3521
10,565,ID3517
10,565,ID3279
10,565,ID8172
10,565,ID3519
10,565,ID7308
10,565,ID9101
10,565,ID5104
10,565,ID1204
10,566,ID7472
10,566,ID5171
10,566,ID5305
10,566,ID6504
10,566,ID1902
10,566,ID3579
10,566,ID6201
10,566,ID3471
10,566,ID3674
10,566,ID7212
10,567,ID1607
10,567,ID3578
10,567,ID1101
10,567,ID6402
10,567,ID3323
10,567,ID6110
10,567,ID9101
10,567,ID3505
10,567,ID7173
10,567,ID3507
10,568,ID7504
10,568,ID3309
10,568,ID9401
10,568,ID7472
10,568,ID3671
10,568,ID7212
10,568,ID7315
10,568,ID7105
10,568,ID6501
10,568,ID1210
10,569,ID1212
10,569,ID3273
10,569,ID6209
10,569,ID8202
10,569,ID3323
10,569,ID9409
10,569,ID1602
10,569,ID7307
10,569,ID9102
10,569,ID7606
10,570,ID5206
10,570,ID1507
10,570,ID8206
10,570,ID9412
10,570,ID3671
10,570,ID3205
10,570,ID7412
10,570,ID1275
10,570,ID3203
10,570,ID1172
10,571,ID1609
10,571,ID3206
10,571,ID3215
10,571,ID1671
10,571,ID1403
10,571,ID1872
10,571,ID1808
10,571,ID3524
10,571,ID3208
10,571,ID6305
10,572,ID1307
10,572,ID1221
10,572,ID3215
10,572,ID1672
10,572,ID7409
10,572,ID7372
10,572,ID1901
10,572,ID6102
10,572,ID5171
10,572,ID1408
10,573,ID3376
10,573,ID7301
10,573,ID7603
10,573,ID7305
10,573,ID3211
10,573,ID6110
10,573,ID6372
10,573,ID1220
10,573,ID1374
10,573,ID6409
10,574,ID6372
10,574,ID8102
10,574,ID3523
10,574,ID3522
10,574,ID7110
10,574,ID7405
10,574,ID1275
10,574,ID1311
10,574,ID6308
10,574,ID7373
10,575,ID3311
10,575,ID3575
10,575,ID5108
10,575,ID1905
10,575,ID9171
10,575,ID1217
10,575,ID1209
10,575,ID7404
10,575,ID9408
10,575,ID7104
10,576,ID3203
10,576,ID3327
10,576,ID7606
10,576,ID1312
10,576,ID7174
10,576,ID8102
10,576,ID3308
10,576,ID9102
10,576,ID7311
10,576,ID1406
10,577,ID1118
10,577,ID7373
10,577,ID1207
10,577,ID6474
10,577,ID9403
10,577,ID1116
10,577,ID1505
10,577,ID6306
10,577,ID3518
10,577,ID1278
10,578,ID1103
10,578,ID3329
10,578,ID7405
10,578,ID3603
10,578,ID7301
10,578,ID1275
10,578,ID7372
10,578,ID5309
10,578,ID5103
10,578,ID7505
10,579,ID1674
10,579,ID3401
10,579,ID9409
10,579,ID7111
10,579,ID6302
10,579,ID7305
10,579,ID3314
10,579,ID7405
10,579,ID6472
10,579,ID6102
10,580,ID1101
10,580,ID7326
10,580,ID3312
10,580,ID1104
10,580,ID1371
10,580,ID1410
10,580,ID1507
10,580,ID6209
10,580,ID9412
10,580,ID7406
10,581,ID8272
10,581,ID5171
10,581,ID3216
10,581,ID7316
10,581,ID6502
10,581,ID1112
10,581,ID3376
10,581,ID7109
10,581,ID9409
10,581,ID1903
10,582,ID8172
10,582,ID8204
10,582,ID1673
10,582,ID9471
10,582,ID3172
10,582,ID1872
10,582,ID7472
10,582,ID1219
10,582,ID1704
10,582,ID7104
10,583,ID3403
10,583,ID3521
10,583,ID1117
10,583,ID6109
10,583,ID6203
10,583,ID1222
10,583,ID9408
10,583,ID3213
10,583,ID1376
10,583,ID7407
10,584,ID7372
10,584,ID1701
10,584,ID3518
10,584,ID7212
10,584,ID1103
10,584,ID3527
10,584,ID6303
10,584,ID1808
10,584,ID6309
10,584,ID6405
10,585,ID7326
10,585,ID1110
10,585,ID3524
10,585,ID1702
10,585,ID1803
10,585,ID7411
10,585,ID9102
10,585,ID3673
10,585,ID7314
10,585,ID7211
10,586,ID2105
10,586,ID3209
10,586,ID8204
10,586,ID1805
10,586,ID1104
10,586,ID9471
10,586,ID7372
10,586,ID1171
10,586,ID5104
10,586,ID3526
10,587,ID9471
10,587,ID5202
10,587,ID7313
10,587,ID1403
10,587,ID7312
10,587,ID8201
10,587,ID1172
10,587,ID1274
10,587,ID3571
10,587,ID1810
10,588,ID3321
10,588,ID6208
10,588,ID7109
10,588,ID6503
10,588,ID3401
10,588,ID6206
10,588,ID6109
10,588,ID6106
10,588,ID1103
10,588,ID6471
10,589,ID1374
10,589,ID3171
10,589,ID3403
10,589,ID6109
10,589,ID1376
10,589,ID3203
10,589,ID7173
10,589,ID1409
10,589,ID1216
10,589,ID2172
10,590,ID1110
10,590,ID7373
10,590,ID1572
10,590,ID5202
10,590,ID1673
10,590,ID1401
10,590,ID3502
10,590,ID3577
10,590,ID7325
10,590,ID1971
10,591,ID7318
10,591,ID1175
10,591,ID3522
10,591,ID1809
10,591,ID6210
10,591,ID5103
10,591,ID7212
10,591,ID3601
10,591,ID7405
10,591,ID2105
10,592,ID6212
10,592,ID3526
10,592,ID7314
10,592,ID1273
10,592,ID6309
10,592,ID1706
10,592,ID7201
10,592,ID3313
10,592,ID1802
10,592,ID3673
10,593,ID1202
10,593,ID1604
10,593,ID1273
10,593,ID7303
10,593,ID3305
10,593,ID3206
10,593,ID7110
10,593,ID7174
10,593,ID1117
10,593,ID7405
10,594,ID6474
10,594,ID3276
10,594,ID1109
10,594,ID1671
10,594,ID1105
10,594,ID5202
10,594,ID7601
10,594,ID3517
10,594,ID3319
10,594,ID6501
10,595,ID7501
10,595,ID1808
10,595,ID1407
10,595,ID1208
10,595,ID1308
10,595,ID7208
10,595,ID3323
10,595,ID1509
10,595,ID6308
10,595,ID3514
10,596,ID7322
10,596,ID7303
10,596,ID3276
10,596,ID5104
10,596,ID7603
10,596,ID3527
10,596,ID1307
10,596,ID7413
10,596,ID7312
10,596,ID6172
10,597,ID7312
10,597,ID1805
10,597,ID5371
10,597,ID3575
10,597,ID3375
10,597,ID3512
10,597,ID6371
10,597,ID3509
10,597,ID3307
10,597,ID9403
10,598,ID3304
10,598,ID8207
10,598,ID3317
10,598,ID3510
10,598,ID1709
10,598,ID6104
10,598,ID8171
10,598,ID1271
10,598,ID3513
10,598,ID3309
10,599,ID2101
10,599,ID6203
10,599,ID1701
10,599,ID3372
10,599,ID3174
10,599,ID5311
10,599,ID3329
10,599,ID3507
10,599,ID7202
10,599,ID7313
10,600,ID7111
10,600,ID7201
10,600,ID6106
10,600,ID7101
10,600,ID3603
10,600,ID7503
10,600,ID5305
10,600,ID1110
10,600,ID1205
10,600,ID1202
10,601,ID3275
10,601,ID1811
10,601,ID1703
10,601,ID3329
10,601,ID3175
10,601,ID1210
10,601,ID3513
10,601,ID1807
10,601,ID6171
10,601,ID5313
10,602,ID1271
10,602,ID1106
10,602,ID7203
10,602,ID1102
10,602,ID1403
10,602,ID3603
10,602,ID1204
10,602,ID6402
10,602,ID6306
10,602,ID3315
10,603,ID1102
10,603,ID1808
10,603,ID5311
10,603,ID1171
10,603,ID3307
10,603,ID5107
10,603,ID3519
10,603,ID1502
10,603,ID7212
10,603,ID1205
10,604,ID7311
10,604,ID6403
10,604,ID8204
10,604,ID7502
10,604,ID1118
10,604,ID1808
10,604,ID3271
10,604,ID7306
10,604,ID3672
10,604,ID1801
10,605,ID1701
10,605,ID3175
10,605,ID3172
10,605,ID1307
10,605,ID3203
10,605,ID1311
10,605,ID7212
10,605,ID3601
10,605,ID3171
10,605,ID5201
10,606,ID1209
10,606,ID1610
10,606,ID5318
10,606,ID5310
10,606,ID6102
10,606,ID5108
10,606,ID1808
10,606,ID3602
10,606,ID1102
10,606,ID3309
10,607,ID1401
10,607,ID1116
10,607,ID3401
10,607,ID7601
10,607,ID1175
10,607,ID5272
10,607,ID7503
10,607,ID1110
10,607,ID5371
10,607,ID7472
10,608,ID1306
10,608,ID3575
10,608,ID3325
10,608,ID1206
10,608,ID6571
10,608,ID8206
10,608,ID5271
10,608,ID8202
10,608,ID3274
10,608,ID1271
10,609,ID3571
10,609,ID7201
10,609,ID3602
10,609,ID7313
10,609,ID5371
10,609,ID6210
10,609,ID6171
10,609,ID5201
10,609,ID6111
10,609,ID3504
10,610,ID3302
10,610,ID6301
10,610,ID7208
10,610,ID1871
10,610,ID1101
10,610,ID7371
10,610,ID7372
10,610,ID6474
10,610,ID1104
10,610,ID1601
10,611,ID1610
10,611,ID3174
10,611,ID6501
10,611,ID7308
10,611,ID7407
10,611,ID3573
10,611,ID5206
10,611,ID7504
10,611,ID3527
10,611,ID1403
10,612,ID3322
10,612,ID3329
10,612,ID9171
10,612,ID3318
10,612,ID1508
10,612,ID3205
10,612,ID3671
10,612,ID1771
10,612,ID1608
10,612,ID3308
10,613,ID1505
10,613,ID3505
10,613,ID3310
10,613,ID3510
10,613,ID3304
10,613,ID1802
10,613,ID3601
10,613,ID1377
10,613,ID6504
10,613,ID6372
10,614,ID1309
10,614,ID1802
10,614,ID6409
10,614,ID1207
10,614,ID7504
10,614,ID3275
10,614,ID7107
10,614,ID3311
10,614,ID1871
10,614,ID3371
10,615,ID6504
10,615,ID3309
10,615,ID3525
10,615,ID1275
10,615,ID6571
10,615,ID6201
10,615,ID1502
10,615,ID1572
10,615,ID1223
10,615,ID1505
10,616,ID7108
10,616,ID6104
10,616,ID6504
10,616,ID3303
10,616,ID7211
10,616,ID3520
10,616,ID7313
10,616,ID7405
10,616,ID7110
10,616,ID3316
10,617,ID3303
10,617,ID3301
10,617,ID3312
10,617,ID3516
10,617,ID3603
10,617,ID1812
10,617,ID3272
10,617,ID3577
10,617,ID7407
10,617,ID1222
10,618,ID1607
10,618,ID1806
10,618,ID3602
10,618,ID6409
10,618,ID1202
10,618,ID1307
10,618,ID7322
10,618,ID7472
10,618,ID1406
10,618,ID1810
10,619,ID1272
10,619,ID1609
10,619,ID7325
10,619,ID6474
10,619,ID7371
10,619,ID3671
10,619,ID7302
10,619,ID1606
10,619,ID1174
10,619,ID6109
10,620,ID3375
10,620,ID1302
10,620,ID1405
10,620,ID3512
10,620,ID6308
10,620,ID5371
10,620,ID1303
10,620,ID9171
10,620,ID3578
10,620,ID5103
10,621,ID1501
10,621,ID7307
10,621,ID6302
10,621,ID8272
10,621,ID5103
10,621,ID3402
10,621,ID1901
10,621,ID1105
10,621,ID3217
10,621,ID3577
10,622,ID3518
10,622,ID6109
10,622,ID3304
10,622,ID1810
10,622,ID6106
10,622,ID3272
10,622,ID3517
10,622,ID7410
10,622,ID1612
10,622,ID3402
10,623,ID7402
10,623,ID3171
10,623,ID3279
10,623,ID1402
10,623,ID6503
10,623,ID6305
10,623,ID1505
10,623,ID7405
10,623,ID3512
10,623,ID3322
10,624,ID1211
10,624,ID7107
10,624,ID7413
10,624,ID3517
10,624,ID6103
10,624,ID6213
10,624,ID5106
10,624,ID1872
10,624,ID6102
10,624,ID3511
10,625,ID7305
10,625,ID1209
10,625,ID3523
10,625,ID7571
10,625,ID1905
10,625,ID3508
10,625,ID7107
10,625,ID3518
10,625,ID3517
10,625,ID3672
10,626,ID6107
10,626,ID6472
10,626,ID1371
10,626,ID3571
10,626,ID9471
10,626,ID5103
10,626,ID7372
10,626,ID6201
10,626,ID7207
10,626,ID9403
10,627,ID7413
10,627,ID3216
10,627,ID6211
10,627,ID7108
10,627,ID2172
10,627,ID7271
10,627,ID7502
10,627,ID8271
10,627,ID1377
10,627,ID8103
10,628,ID3218
10,628,ID7302
10,628,ID3317
10,628,ID3319
10,628,ID1204
10,628,ID1604
10,628,ID6103
10,628,ID1808
10,628,ID7501
10,628,ID3401
10,629,ID3520
10,629,ID8201
10,629,ID3507
10,629,ID3604
10,629,ID7208
10,629,ID6310
10,629,ID3514
10,629,ID3401
10,629,ID1114
10,629,ID7601
10,630,ID1308
10,630,ID1212
10,630,ID1109
10,630,ID3301
10,630,ID6502
10,630,ID6504
10,630,ID3208
10,630,ID7371
10,630,ID7203
10,630,ID6371
10,631,ID3175
10,631,ID7409
10,631,ID3671
10,631,ID7202
10,631,ID7173
10,631,ID1603
10,631,ID7505
10,631,ID7316
10,631,ID1306
10,631,ID9412
10,632,ID6504
10,632,ID1206
10,632,ID3214
10,632,ID6207
10,632,ID5203
10,632,ID7472
10,632,ID5202
10,632,ID3209
10,632,ID7315
10,632,ID7322
10,633,ID7201
10,633,ID2103
10,633,ID7317
10,633,ID1811
10,633,ID3204
10,633,ID1809
10,633,ID7111
10,633,ID6472
10,633,ID1222
10,633,ID3523
10,634,ID7301
10,634,ID3372
10,634,ID6108
10,634,ID9412
10,634,ID1109
10,634,ID1208
10,634,ID1375
10,634,ID6271
10,634,ID1307
10,634,ID2104
10,635,ID3372
10,635,ID3216
10,635,ID5310
10,635,ID6472
10,635,ID3310
10,635,ID3307
10,635,ID1905
10,635,ID1901
10,635,ID3210
10,635,ID7111
10,636,ID6207
10,636,ID5272
10,636,ID2105
10,636,ID7310
10,636,ID3503
10,636,ID3372
10,636,ID5318
10,636,ID6502
10,636,ID1221
10,636,ID3571
10,637,ID1406
10,637,ID1702
10,637,ID1708
10,637,ID1101
10,637,ID3504
10,637,ID7410
10,637,ID1310
10,637,ID3212
10,637,ID9102
10,637,ID1203
10,638,ID1701
10,638,ID7174
10,638,ID1406
10,638,ID3315
10,638,ID9401
10,638,ID1408
10,638,ID5311
10,638,ID6210
10,638,ID6105
10,638,ID1903
10,639,ID1174
10,639,ID6404
10,639,ID1172
10,639,ID1273
10,639,ID5105
10,639,ID6213
10,639,ID3572
10,639,ID6102
10,639,ID1509
10,639,ID1274
10,640,ID3471
10,640,ID6212
10,640,ID3325
10,640,ID1208
10,640,ID3403
10,640,ID1202
10,640,ID3321
10,640,ID3314
10,640,ID3373
10,640,ID5205
10,641,ID5207
10,641,ID1104
10,641,ID2103
10,641,ID9102
10,641,ID1111
10,641,ID1218
10,641,ID3525
10,641,ID2101
10,641,ID3515
10,641,ID3212
10,642,ID2105
10,642,ID5318
10,642,ID9403
10,642,ID7501
10,642,ID8201
10,642,ID3601
10,642,ID7308
10,642,ID1803
10,642,ID3315
10,642,ID2101
10,643,ID1307
10,643,ID1904
10,643,ID7317
10,643,ID1571
10,643,ID1706
10,643,ID6309
10,643,ID3213
10,643,ID3674
10,643,ID7606
10,643,ID3279
10,644,ID3504
10,644,ID3518
10,644,ID7208
10,644,ID7111
10,644,ID1608
10,644,ID7102
10,644,ID1208
10,644,ID3576
10,644,ID6310
10,644,ID3207
10,645,ID1304
10,645,ID6271
10,645,ID5106
10,645,ID7314
10,645,ID3303
10,645,ID5104
10,645,ID3373
10,645,ID6404
10,645,ID1410
10,645,ID1804
10,646,ID9171
10,646,ID3327
10,646,ID1871
10,646,ID1505
10,646,ID5312
10,646,ID7310
10,646,ID3279
10,646,ID7604
10,646,ID5202
10,646,ID1207
10,647,ID7322
10,647,ID3202
10,647,ID8205
10,647,ID7105
10,647,ID1212
10,647,ID3173
10,647,ID6311
10,647,ID3512
10,647,ID3511
10,647,ID3519
10,648,ID1503
10,648,ID2104
10,648,ID1505
10,648,ID3571
10,648,ID1103
10,648,ID1104
10,648,ID3317
10,648,ID1673
10,648,ID7605
10,648,ID3172
10,649,ID6311
10,649,ID1408
10,649,ID7311
10,649,ID3325
10,649,ID1801
10,649,ID1706
10,649,ID1606
10,649,ID6306
10,649,ID7171
10,649,ID3323
10,650,ID6112
10,650,ID7322
10,650,ID3515
10,650,ID7401
10,650,ID3507
10,650,ID5305
10,650,ID1672
10,650,ID3671
10,650,ID1110
10,650,ID1276
10,651,ID6371
10,651,ID3518
10,651,ID1304
10,651,ID3172
10,651,ID7318
10,651,ID3308
10,651,ID3208
10,651,ID3305
10,651,ID1174
10,651,ID1273
10,652,ID1704
10,652,ID1611
10,652,ID3513
10,652,ID3505
10,652,ID1311
10,652,ID1371
10,652,ID1216
10,652,ID1702
10,652,ID3515
10,652,ID1206
10,653,ID6472
10,653,ID3509
10,653,ID3515
10,653,ID7107
10,653,ID1272
10,653,ID1407
10,653,ID3204
10,653,ID1103
10,653,ID6471
10,653,ID3217
10,654,ID7308
10,654,ID6103
10,654,ID6411
10,654,ID1110
10,654,ID7402
10,654,ID6208
10,654,ID1905
10,654,ID3201
10,654,ID9471
10,654,ID3310
10,655,ID7601
10,655,ID1373
10,655,ID1505
10,655,ID7207
10,655,ID3403
10,655,ID6371
10,655,ID1702
10,655,ID3303
10,655,ID7401
10,655,ID1808
10,656,ID7211
10,656,ID7410
10,656,ID7471
10,656,ID5103
10,656,ID1307
10,656,ID7601
10,656,ID7407
10,656,ID1707
10,656,ID6106
10,656,ID1312
10,657,ID6103
10,657,ID3328
10,657,ID7308
10,657,ID7304
10,657,ID2103
10,657,ID7101
10,657,ID8271
10,657,ID3373
10,657,ID6411
10,657,ID1220
10,658,ID1602
10,658,ID1309
10,658,ID1205
10,658,ID1110
10,658,ID2105
10,658,ID1407
10,658,ID6411
10,658,ID1302
10,658,ID3218
10,658,ID3519
10,659,ID1203
10,659,ID7312
10,659,ID1672
10,659,ID5103
10,659,ID1604
10,659,ID1673
10,659,ID6571
10,659,ID1804
10,659,ID3326
10,659,ID7322
10,660,ID7326
10,660,ID7322
10,660,ID1205
10,660,ID1811
10,660,ID7401
10,660,ID1377
10,660,ID3673
10,660,ID7403
10,660,ID1114
10,660,ID1303
10,661,ID7106
10,661,ID3272
10,661,ID7203
10,661,ID3528
10,661,ID5107
10,661,ID6474
10,661,ID3329
10,661,ID3209
10,661,ID3306
10,661,ID6207
10,662,ID3503
10,662,ID3376
10,662,ID3279
10,662,ID7201
10,662,ID3329
10,662,ID3303
10,662,ID7308
10,662,ID6271
10,662,ID6303
10,662,ID7402
10,663,ID5204
10,663,ID3206
10,663,ID3516
10,663,ID6201
10,663,ID7105
10,663,ID3573
10,663,ID3306
10,663,ID3271
10,663,ID1572
10,663,ID1604
10,664,ID5310
10,664,ID7503
10,664,ID3517
10,664,ID3307
10,664,ID5201
10,664,ID3602
10,664,ID7105
10,664,ID1103
10,664,ID3306
10,664,ID6211
10,665,ID1802
10,665,ID7271
10,665,ID1219
10,665,ID1108
10,665,ID6207
10,665,ID1112
10,665,ID1804
10,665,ID1405
10,665,ID1308
10,665,ID7106
10,666,ID1872
10,666,ID3671
10,666,ID1372
10,666,ID1115
10,666,ID7208
10,666,ID3312
10,666,ID6306
10,666,ID3579
10,666,ID5315
10,666,ID6472
10,667,ID1903
10,667,ID3401
10,667,ID3376
10,667,ID7603
10,667,ID3206
10,667,ID1802
10,667,ID9403
10,667,ID1310
10,667,ID6207
10,667,ID6112
10,668,ID3218
10,668,ID5106
10,668,ID3373
10,668,ID1103
10,668,ID3512
10,668,ID1106
10,668,ID3515
10,668,ID6209
10,668,ID3318
10,668,ID7110
10,669,ID7373
10,669,ID3326
10,669,ID3310
10,669,ID1118
10,669,ID1673
10,669,ID7504
10,669,ID3173
10,669,ID5204
10,669,ID3371
10,669,ID6209
10,670,ID1104
10,670,ID1102
10,670,ID6171
10,670,ID8103
10,670,ID7322
10,670,ID3509
10,670,ID5103
10,670,ID3275
10,670,ID1275
10,670,ID1905
10,671,ID2105
10,671,ID1375
10,671,ID1671
10,671,ID7602
10,671,ID5108
10,671,ID3201
10,671,ID7414
10,671,ID5309
10,671,ID1118
10,671,ID7504
10,672,ID3275
10,672,ID3527
10,672,ID7315
10,672,ID7404
10,672,ID3172
10,672,ID7203
10,672,ID1208
10,672,ID1501
10,672,ID3273
10,672,ID1308
10,673,ID2105
10,673,ID7502
10,673,ID6207
10,673,ID1101
10,673,ID6107
10,673,ID7208
10,673,ID1603
10,673,ID1104
10,673,ID3305
10,673,ID5371
10,674,ID6106
10,674,ID1707
10,674,ID3517
10,674,ID7104
10,674,ID8202
10,674,ID3312
10,674,ID3214
10,674,ID1406
10,674,ID1309
10,674,ID6111
10,675,ID6371
10,675,ID5104
10,675,ID3572
10,675,ID2104
10,675,ID1374
10,675,ID6305
10,675,ID7406
10,675,ID3526
10,675,ID1410
10,675,ID5107
10,676,ID1222
10,676,ID7312
10,676,ID3324
10,676,ID6411
10,676,ID3171
10,676,ID6403
10,676,ID1708
10,676,ID5272
10,676,ID7301
10,676,ID7271
10,677,ID6203
10,677,ID3279
10,677,ID3571
10,677,ID6204
10,677,ID1871
10,677,ID3312
10,677,ID1812
10,677,ID3310
10,677,ID1111
10,677,ID1221
10,678,ID3521
10,678,ID3210
10,678,ID1117
10,678,ID1706
10,678,ID1107
10,678,ID7603
10,678,ID1275
10,678,ID3376
10,678,ID1971
10,678,ID7326
10,679,ID1410
10,679,ID1601
10,679,ID3375
10,679,ID7411
10,679,ID7203
10,679,ID2103
10,679,ID1612
10,679,ID3206
10,679,ID1310
10,679,ID1812
10,680,ID1376
10,680,ID3371
10,680,ID1672
10,680,ID6208
10,680,ID3326
10,680,ID7372
10,680,ID1108
10,680,ID1609
10,680,ID3275
10,680,ID7203
10,681,ID1108
10,681,ID1708
10,681,ID1406
10,681,ID3326
10,681,ID5206
10,681,ID7204
10,681,ID3306
10,681,ID6371
10,681,ID1771
10,681,ID3512
10,682,ID5108
10,682,ID1218
10,682,ID3216
10,682,ID2105
10,682,ID6102
10,682,ID1603
10,682,ID1610
10,682,ID1709
10,682,ID3174
10,682,ID1872
10,683,ID5312
10,683,ID1222
10,683,ID3516
10,683,ID3207
10,683,ID3309
10,683,ID1503
10,683,ID9412
10,683,ID1803
10,683,ID1807
10,683,ID3211
10,684,ID1810
10,684,ID3503
10,684,ID9401
10,684,ID6305
10,684,ID1307
10,684,ID7102
10,684,ID7204
10,684,ID7211
10,684,ID6409
10,684,ID1105
10,685,ID3207
10,685,ID3311
10,685,ID1375
10,685,ID7471
10,685,ID3672
10,685,ID1673
10,685,ID2103
10,685,ID5201
10,685,ID7203
10,685,ID1117
10,686,ID6110
10,686,ID1113
10,686,ID3211
10,686,ID6402
10,686,ID6104
10,686,ID1606
10,686,ID6371
10,686,ID6372
10,686,ID5310
10,686,ID5371
10,687,ID7372
10,687,ID9105
10,687,ID5203
10,687,ID2105
10,687,ID7411
10,687,ID1505
10,687,ID7108
10,687,ID1771
10,687,ID5207
10,687,ID3209
10,688,ID1223
10,688,ID1273
10,688,ID3510
10,688,ID7472
10,688,ID6101
10,688,ID5204
10,688,ID1277
10,688,ID8204
10,688,ID1405
10,688,ID5104
10,689,ID1210
10,689,ID7326
10,689,ID3315
10,689,ID1804
10,689,ID7101
10,689,ID1117
10,689,ID5205
10,689,ID1312
10,689,ID5206
10,689,ID1208
10,690,ID7372
10,690,ID2172
10,690,ID6411
10,690,ID3514
10,690,ID3517
10,690,ID3210
10,690,ID1406
10,690,ID1213
10,690,ID3521
10,690,ID1903
10,691,ID3518
10,691,ID3573
10,691,ID3276
10,691,ID3504
10,691,ID3673
10,691,ID1406
10,691,ID7204
10,691,ID9403
10,691,ID1471
10,691,ID3401
10,692,ID3579
10,692,ID1171
10,692,ID1111
10,692,ID3528
10,692,ID6171
10,692,ID3321
10,692,ID3525
10,692,ID1212
10,692,ID3373
10,692,ID3325
10,693,ID3519
10,693,ID6110
10,693,ID3316
10,693,ID7206
10,693,ID6402
10,693,ID8102
10,693,ID1904
10,693,ID1706
10,693,ID6504
10,693,ID7305
10,694,ID3308
10,694,ID1903
10,694,ID6405
10,694,ID6104
10,694,ID1672
10,694,ID3320
10,694,ID1810
10,694,ID5102
10,694,ID6102
10,694,ID3521
10,695,ID6102
10,695,ID1373
10,695,ID9105
10,695,ID1812
10,695,ID3503
10,695,ID5311
10,695,ID7172
10,695,ID1103
10,695,ID6302
10,695,ID7109
10,696,ID3511
10,696,ID1172
10,696,ID8204
10,696,ID1310
10,696,ID3324
10,696,ID1105
10,696,ID1601
10,696,ID3516
10,696,ID1218
10,696,ID1971
10,697,ID6106
10,697,ID3375
10,697,ID1312
10,697,ID1601
10,697,ID7312
10,697,ID3272
10,697,ID1501
10,697,ID1705
10,697,ID7602
10,697,ID6403
10,698,ID1213
10,698,ID1504
10,698,ID3326
10,698,ID7372
10,698,ID3277
10,698,ID6309
10,698,ID1410
10,698,ID3471
10,698,ID3305
10,698,ID1971
10,699,ID3526
10,699,ID3404
10,699,ID1219
10,699,ID7373
10,699,ID7317
10,699,ID7371
10,699,ID1801
10,699,ID3519
10,699,ID3211
10,699,ID1901
10,700,ID1810
10,700,ID1802
10,700,ID8272
10,700,ID1108
10,700,ID7472
10,700,ID8103
10,700,ID3218
10,700,ID3327
10,700,ID1222
10,700,ID6474
10,701,ID3318
10,701,ID6371
10,701,ID1611
10,701,ID3508
10,701,ID6204
10,701,ID5204
10,701,ID3206
10,701,ID3375
10,701,ID3602
10,701,ID3207
10,702,ID2103
10,702,ID3522
10,702,ID3526
10,702,ID1612
10,702,ID1204
10,702,ID3206
10,702,ID7303
10,702,ID6204
10,702,ID3209
10,702,ID3211
10,703,ID1276
10,703,ID3525
10,703,ID7502
10,703,ID3325
10,703,ID3210
10,703,ID8172
10,703,ID6208
10,703,ID5202
10,703,ID1307
10,703,ID1310
10,704,ID1802
10,704,ID1504
10,704,ID1216
10,704,ID7101
10,704,ID1173
10,704,ID6306
10,704,ID1303
10,704,ID1204
10,704,ID2104
10,704,ID3271
10,705,ID3517
10,705,ID1401
10,705,ID3172
10,705,ID7412
10,705,ID7410
10,705,ID3317
10,705,ID1105
10,705,ID3372
10,705,ID1372
10,705,ID3278
10,706,ID1102
10,706,ID7203
10,706,ID3271
10,706,ID6411
10,706,ID7201
10,706,ID7108
10,706,ID1405
10,706,ID3317
10,706,ID1216
10,706,ID3601
10,707,ID7204
10,707,ID1807
10,707,ID1502
10,707,ID1221
10,707,ID1703
10,707,ID1206
10,707,ID1506
10,707,ID5171
10,707,ID3301
10,707,ID2103
10,708,ID1311
10,708,ID1807
10,708,ID6202
10,708,ID8171
10,708,ID1506
10,708,ID7171
10,708,ID5310
10,708,ID7108
10,708,ID3503
10,708,ID3322
10,709,ID7201
10,709,ID9408
10,709,ID6405
10,709,ID1118
10,709,ID6403
10,709,ID6108
10,709,ID1223
10,709,ID8171
10,709,ID3604
10,709,ID3304
10,710,ID7406
10,710,ID6472
10,710,ID1609
10,710,ID1372
10,710,ID3303
10,710,ID3172
10,710,ID1673
10,710,ID6112
10,710,ID1108
10,710,ID7372
10,711,ID6311
10,711,ID1202
10,711,ID8272
10,711,ID1605
10,711,ID3216
10,711,ID1471
10,711,ID1213
10,711,ID1306
10,711,ID7311
10,711,ID3572
10,712,ID3510
10,712,ID1223
10,712,ID6171
10,712,ID3215
10,712,ID1905
10,712,ID3214
10,712,ID7504
10,712,ID6409
10,712,ID7303
10,712,ID7311
10,713,ID1303
10,713,ID6403
10,713,ID3471
10,713,ID7503
10,713,ID3315
10,713,ID1113
10,713,ID5310
10,713,ID7601
10,713,ID8103
10,713,ID1111
10,714,ID8206
10,714,ID3525
10,714,ID1219
10,714,ID7212
10,714,ID6105
10,714,ID5305
10,714,ID1701
10,714,ID8172
10,714,ID3303
10,714,ID1203
10,715,ID7322
10,715,ID9102
10,715,ID1104
10,715,ID1802
10,715,ID3375
10,715,ID5305
10,715,ID1803
10,715,ID5318
10,715,ID5207
10,715,ID1373
10,716,ID1212
10,716,ID3514
10,716,ID3512
10,716,ID7271
10,716,ID6105
10,716,ID1702
10,716,ID1274
10,716,ID3305
10,716,ID1116
10,716,ID3171
10,717,ID1221
10,717,ID7414
10,717,ID1205
10,717,ID6203
10,717,ID3308
10,717,ID7108
10,717,ID3213
10,717,ID3471
10,717,ID3516
10,717,ID2105
10,718,ID1103
10,718,ID6108
10,718,ID3271
10,718,ID6309
10,718,ID7603
10,718,ID3208
10,718,ID8103
10,718,ID7313
10,718,ID7211
10,718,ID1507
10,719,ID1212
10,719,ID1220
10,719,ID3401
10,719,ID7313
10,719,ID1115
10,719,ID3579
10,719,ID3311
10,719,ID3376
10,719,ID5204
10,719,ID1612
10,720,ID3173
10,720,ID3573
10,720,ID6371
10,720,ID6307
10,720,ID6409
10,720,ID3376
10,720,ID6403
10,720,ID1276
10,720,ID3572
10,720,ID3579
10,721,ID1672
10,721,ID3401
10,721,ID3602
10,721,ID7605
10,721,ID5315
10,721,ID1471
10,721,ID1210
10,721,ID1504
10,721,ID6108
10,721,ID1205
10,722,ID3276
10,722,ID7312
10,722,ID7303
10,722,ID5315
10,722,ID3322
10,722,ID1217
10,722,ID5310
10,722,ID1104
10,722,ID7402
10,722,ID7372
10,723,ID7173
10,723,ID1107
10,723,ID5205
10,723,ID1603
10,723,ID1305
10,723,ID6411
10,723,ID1110
10,723,ID3573
10,723,ID1902
10,723,ID1114
10,724,ID7408
10,724,ID7201
10,724,ID3207
10,724,ID1409
10,724,ID3174
10,724,ID3309
10,724,ID3674
10,724,ID1903
10,724,ID7311
10,724,ID7204
10,725,ID3317
10,725,ID8206
10,725,ID1603
10,725,ID3175
10,725,ID6303
10,725,ID3507
10,725,ID3216
10,725,ID1806
10,725,ID7208
10,725,ID7603
10,726,ID3211
10,726,ID1603
10,726,ID1708
10,726,ID3271
10,726,ID1872
10,726,ID3175
10,726,ID7171
10,726,ID1210
10,726,ID3519
10,726,ID1507
10,727,ID6208
10,727,ID3317
10,727,ID3272
10,727,ID7207
10,727,ID3517
10,727,ID3323
10,727,ID1402
10,727,ID7605
10,727,ID7304
10,727,ID1872
10,728,ID7602
10,728,ID8206
10,728,ID7503
10,728,ID6271
10,728,ID3325
10,728,ID9403
10,728,ID1410
10,728,ID1371
10,728,ID1311
10,728,ID5105
10,729,ID6402
10,729,ID8103
10,729,ID6213
10,729,ID3520
10,729,ID3524
10,729,ID1507
10,729,ID3672
10,729,ID3311
10,729,ID2171
10,729,ID7307
10,730,ID1509
10,730,ID1212
10,730,ID3671
10,730,ID7316
10,730,ID1174
10,730,ID3471
10,730,ID3211
10,730,ID7174
10,730,ID3216
10,730,ID3327
10,731,ID6213
10,731,ID5271
10,731,ID3508
10,731,ID3512
10,731,ID3172
10,731,ID3207
10,731,ID6107
10,731,ID3321
10,731,ID1402
10,731,ID1473
10,732,ID1202
10,732,ID3304
10,732,ID3318
10,732,ID7318
10,732,ID1410
10,732,ID1272
10,732,ID7407
10,732,ID3302
10,732,ID1808
10,732,ID7472
10,733,ID7211
10,733,ID1508
10,733,ID7322
10,733,ID5312
10,733,ID6307
10,733,ID7601
10,733,ID1704
10,733,ID3511
10,733,ID6103
10,733,ID5102
10,734,ID1203
10,734,ID1271
10,734,ID3520
10,734,ID6301
10,734,ID6107
10,734,ID7571
10,734,ID6311
10,734,ID1701
10,734,ID1505
10,734,ID1372
10,735,ID3516
10,735,ID1209
10,735,ID1310
10,735,ID1305
10,735,ID1501
10,735,ID7102
10,735,ID7109
10,735,ID7405
10,735,ID3514
10,735,ID1117
10,736,ID3205
10,736,ID5309
10,736,ID3502
10,736,ID3171
10,736,ID7304
10,736,ID7202
10,736,ID1213
10,736,ID1603
10,736,ID1223
10,736,ID6571
10,737,ID3217
10,737,ID1903
10,737,ID3510
10,737,ID3577
10,737,ID7414
10,737,ID7314
10,737,ID7601
10,737,ID7325
10,737,ID1205
10,737,ID8201
10,738,ID7110
10,738,ID7111
10,738,ID1219
10,738,ID1118
10,738,ID5311
10,738,ID3276
10,738,ID1117
10,738,ID3325
10,738,ID7173
10,738,ID8271
10,739,ID1708
10,739,ID1672
10,739,ID3273
10,739,ID1404
10,739,ID6404
10,739,ID1405
10,739,ID1209
10,739,ID6103
10,739,ID7403
10,739,ID7311
10,740,ID3573
10,740,ID1610
10,740,ID1703
10,740,ID7311
10,740,ID3271
10,740,ID8206
10,740,ID9105
10,740,ID3306
10,740,ID3502
10,740,ID7326
10,741,ID3518
10,741,ID1805
10,741,ID6372
10,741,ID7403
10,741,ID1374
10,741,ID7405
10,741,ID7407
10,741,ID3673
10,741,ID3324
10,741,ID1276
10,742,ID3307
10,742,ID7410
10,742,ID9408
10,742,ID7312
10,742,ID7503
10,742,ID7407
10,742,ID6202
10,742,ID3673
10,742,ID3215
10,742,ID1118
10,743,ID1105
10,743,ID7109
10,743,ID3213
10,743,ID1612
10,743,ID1407
10,743,ID3171
10,743,ID7303
10,743,ID5318
10,743,ID7212
10,743,ID7406
10,744,ID6103
10,744,ID1901
10,744,ID1220
10,744,ID3306
10,744,ID1206
10,744,ID3327
10,744,ID9101
10,744,ID3512
10,744,ID3574
10,744,ID6306
10,745,ID3527
10,745,ID1206
10,745,ID6201
10,745,ID8171
10,745,ID1706
10,745,ID6101
10,745,ID7107
10,745,ID1376
10,745,ID6401
10,745,ID3171
10,746,ID8271
10,746,ID1610
10,746,ID1810
10,746,ID7207
10,746,ID1105
10,746,ID7472
10,746,ID3509
10,746,ID7110
10,746,ID1208
10,746,ID3376
10,747,ID1403
10,747,ID1108
10,747,ID1204
10,747,ID1572
10,747,ID6303
10,747,ID7316
10,747,ID1277
10,747,ID2171
10,747,ID2105
10,747,ID3507
10,748,ID1102
10,748,ID7212
10,748,ID3329
10,748,ID6208
10,748,ID7401
10,748,ID6302
10,748,ID3525
10,748,ID8272
10,748,ID7403
10,748,ID3512
10,749,ID1303
10,749,ID1213
10,749,ID7402
10,749,ID1703
10,749,ID1672
10,749,ID7404
10,749,ID3210
10,749,ID7108
10,749,ID3527
10,749,ID7606
10,750,ID7601
10,750,ID6201
10,750,ID9105
10,750,ID6401
10,750,ID1207
10,750,ID6501
10,750,ID3212
10,750,ID6405
10,750,ID5313
10,750,ID7316
10,751,ID1606
10,751,ID7404
10,751,ID3316
10,751,ID6304
10,751,ID7316
10,751,ID1303
10,751,ID3520
10,751,ID1410
10,751,ID3527
10,751,ID3507
10,752,ID6409
10,752,ID9101
10,752,ID5101
10,752,ID1117
10,752,ID1408
10,752,ID3323
10,752,ID3214
10,752,ID3278
10,752,ID3572
10,752,ID1210
10,753,ID3319
10,753,ID5202
10,753,ID3575
10,753,ID3574
10,753,ID3372
10,753,ID1609
10,753,ID3276
10,753,ID3329
10,753,ID3172
10,753,ID7203
10,754,ID1311
10,754,ID6409
10,754,ID3321
10,754,ID7316
10,754,ID1202
10,754,ID5310
10,754,ID6372
10,754,ID3214
10,754,ID1118
10,754,ID1277
10,755,ID1278
10,755,ID7202
10,755,ID1503
10,755,ID3317
10,755,ID3277
10,755,ID6372
10,755,ID3574
10,755,ID1216
10,755,ID1312
10,755,ID7372
10,756,ID3172
10,756,ID7409
10,756,ID5315
10,756,ID1217
10,756,ID3527
10,756,ID1212
10,756,ID7111
10,756,ID1223
10,756,ID3505
10,756,ID7504
10,757,ID3207
10,757,ID1407
10,757,ID3278
10,757,ID6307
10,757,ID7206
10,757,ID8201
10,757,ID7105
10,757,ID1501
10,757,ID1804
10,757,ID9412
10,758,ID5103
10,758,ID7111
10,758,ID1111
10,758,ID1811
10,758,ID3215
10,758,ID6111
10,758,ID3212
10,758,ID6205
10,758,ID7409
10,758,ID3513
10,759,ID1703
10,759,ID7172
10,759,ID1402
10,759,ID1175
10,759,ID3509
10,759,ID1606
10,759,ID1904
10,759,ID1204
10,759,ID6202
10,759,ID1609
10,760,ID3272
10,760,ID3318
10,760,ID6112
10,760,ID3174
10,760,ID1807
10,760,ID3602
10,760,ID3524
10,760,ID1221
10,760,ID3316
10,760,ID3312
10,761,ID1609
10,761,ID1808
10,761,ID7305
10,761,ID7107
10,761,ID3215
10,761,ID1374
10,761,ID1404
10,761,ID3210
10,761,ID3316
10,761,ID5108
10,762,ID1410
10,762,ID7102
10,762,ID1409
10,762,ID3509
10,762,ID1509
10,762,ID3313
10,762,ID9105
10,762,ID7301
10,762,ID1307
10,762,ID1601
10,763,ID7316
10,763,ID3573
10,763,ID7310
10,763,ID3321
10,763,ID3511
10,763,ID6571
10,763,ID7174
10,763,ID6301
10,763,ID3306
10,763,ID1402
10,764,ID1507
10,764,ID1275
10,764,ID3328
10,764,ID6303
10,764,ID6403
10,764,ID6104
10,764,ID3211
10,764,ID1304
10,764,ID9409
10,764,ID7409
10,765,ID1215
10,765,ID6210
10,765,ID3307
10,765,ID1804
10,765,ID3215
10,765,ID3603
10,765,ID6311
10,765,ID7602
10,765,ID3204
10,765,ID1671
10,766,ID3513
10,766,ID8202
10,766,ID1272
10,766,ID3324
10,766,ID6112
10,766,ID2101
10,766,ID1901
10,766,ID1812
10,766,ID6271
10,766,ID1211
10,767,ID1219
10,767,ID3276
10,767,ID1704
10,767,ID7203
10,767,ID3172
10,767,ID7472
10,767,ID7604
10,767,ID1221
10,767,ID6109
10,767,ID6201
10,768,ID1377
10,768,ID3671
10,768,ID1116
10,768,ID7173
10,768,ID1703
10,768,ID7174
10,768,ID3175
10,768,ID3301
10,768,ID3315
10,768,ID1606
10,769,ID6103
10,769,ID3207
10,769,ID1377
10,769,ID1273
10,769,ID1806
10,769,ID2103
10,769,ID1810
10,769,ID5309
10,769,ID3372
10,769,ID3314
10,770,ID7403
10,770,ID1307
10,770,ID3272
10,770,ID6471
10,770,ID3375
10,770,ID5315
10,770,ID3321
10,770,ID2172
10,770,ID1115
10,770,ID1802
10,771,ID7315
10,771,ID3204
10,771,ID7505
10,771,ID1215
10,771,ID6409
10,771,ID7110
10,771,ID6171
10,771,ID1202
10,771,ID3328
10,771,ID3508
10,772,ID3504
10,772,ID1304
10,772,ID2172
10,772,ID8171
10,772,ID3329
10,772,ID2103
10,772,ID7203
10,772,ID1106
10,772,ID3507
10,772,ID6105
10,773,ID6210
10,773,ID6213
10,773,ID6171
10,773,ID6474
10,773,ID1501
10,773,ID6172
10,773,ID3271
10,773,ID1108
10,773,ID3514
10,773,ID1572
10,774,ID6401
10,774,ID3205
10,774,ID6405
10,774,ID3313
10,774,ID6308
10,774,ID1110
10,774,ID3302
10,774,ID1116
10,774,ID3271
10,774,ID3373
10,775,ID3603
10,775,ID3504
10,775,ID3673
10,775,ID7405
10,775,ID1114
10,775,ID6405
10,775,ID1674
10,775,ID3304
10,775,ID1771
10,775,ID7202
10,776,ID1872
10,776,ID3273
10,776,ID9403
10,776,ID3576
10,776,ID1308
10,776,ID6108
10,776,ID6213
10,776,ID6308
10,776,ID3209
10,776,ID3316
10,777,ID6401
10,777,ID1312
10,777,ID5312
10,777,ID2172
10,777,ID3205
10,777,ID3329
10,777,ID1671
10,777,ID1211
10,777,ID3215
10,777,ID3323
10,778,ID6213
10,778,ID1374
10,778,ID1905
10,778,ID6106
10,778,ID1406
10,778,ID1403
10,778,ID7410
10,778,ID7605
10,778,ID1117
10,778,ID3214
10,779,ID1117
10,779,ID9408
10,779,ID5272
10,779,ID1408
10,779,ID6501
10,779,ID2172
10,779,ID3574
10,779,ID3516
10,779,ID5310
10,779,ID1803
10,780,ID7316
10,780,ID7109
10,780,ID6109
10,780,ID1605
10,780,ID3315
10,780,ID1118
10,780,ID3375
10,780,ID6102
10,780,ID1205
10,780,ID5202
10,781,ID3303
10,781,ID1502
10,781,ID1402
10,781,ID3512
10,781,ID3272
10,781,ID3278
10,781,ID7501
10,781,ID3279
10,781,ID5271
10,781,ID3514
10,782,ID1312
10,782,ID1215
10,782,ID1401
10,782,ID1116
10,782,ID6301
10,782,ID1220
10,782,ID3401
10,782,ID3274
10,782,ID1602
10,782,ID3172
10,783,ID6502
10,783,ID3312
10,783,ID3323
10,783,ID3578
10,783,ID3510
10,783,ID7314
10,783,ID3526
10,783,ID8271
10,783,ID5104
10,783,ID3525
10,784,ID7317
10,784,ID3510
10,784,ID1409
10,784,ID7310
10,784,ID1971
10,784,ID3573
10,784,ID1805
10,784,ID7108
10,784,ID1902
10,784,ID7308
10,785,ID7204
10,785,ID1410
10,785,ID9102
10,785,ID1205
10,785,ID7402
10,785,ID1215
10,785,ID5313
10,785,ID6502
10,785,ID1611
10,785,ID3279
10,786,ID5310
10,786,ID1173
10,786,ID1704
10,786,ID6209
10,786,ID3471
10,786,ID3206
10,786,ID3505
10,786,ID3209
10,786,ID8206
10,786,ID3213
10,787,ID3323
10,787,ID5371
10,787,ID1207
10,787,ID3172
10,787,ID7407
10,787,ID6411
10,787,ID1673
10,787,ID1220
10,787,ID7305
10,787,ID7413
10,788,ID7305
10,788,ID1811
10,788,ID7111
10,788,ID1211
10,788,ID7173
10,788,ID6105
10,788,ID7601
10,788,ID7308
10,788,ID3506
10,788,ID3327
10,789,ID1405
10,789,ID6205
10,789,ID3321
10,789,ID1221
10,789,ID6201
10,789,ID3520
10,789,ID2105
10,789,ID6101
10,789,ID1809
10,789,ID3272
10,790,ID1808
10,790,ID1408
10,790,ID7109
10,790,ID8104
10,790,ID6205
10,790,ID5105
10,790,ID6502
10,790,ID3508
10,790,ID5108
10,790,ID1107
10,791,ID3303
10,791,ID1607
10,791,ID1903
10,791,ID3275
10,791,ID3504
10,791,ID1210
10,791,ID1307
10,791,ID1211
10,791,ID1604
10,791,ID6108
10,792,ID7504
10,792,ID3521
10,792,ID3322
10,792,ID7201
10,792,ID6403
10,792,ID6110
10,792,ID3522
10,792,ID1103
10,792,ID3524
10,792,ID7173
10,793,ID7307
10,793,ID1807
10,793,ID1571
10,793,ID3273
10,793,ID1805
10,793,ID3508
10,793,ID2101
10,793,ID3601
10,793,ID3513
10,793,ID3501
10,794,ID2172
10,794,ID6105
10,794,ID3404
10,794,ID6205
10,794,ID7403
10,794,ID1114
10,794,ID1110
10,794,ID5271
10,794,ID3213
10,794,ID6302
10,795,ID2104
10,795,ID3171
10,795,ID1308
10,795,ID1274
10,795,ID7403
10,795,ID7318
10,795,ID1709
10,795,ID8171
10,795,ID3523
10,795,ID1219
10,796,ID3578
10,796,ID3674
10,796,ID1108
10,796,ID7472
10,796,ID1674
10,796,ID1377
10,796,ID6472
10,796,ID7604
10,796,ID3315
10,796,ID3520
10,797,ID3308
10,797,ID1275
10,797,ID3276
10,797,ID3402
10,797,ID3404
10,797,ID1217
10,797,ID1116
10,797,ID5101
10,797,ID1903
10,797,ID6171
10,798,ID1111
10,798,ID6502
10,798,ID3502
10,798,ID3579
10,798,ID3173
10,798,ID6405
10,798,ID3511
10,798,ID3304
10,798,ID3603
10,798,ID5312
10,799,ID3674
10,799,ID6372
10,799,ID1274
10,799,ID6205
10,799,ID1222
10,799,ID7315
10,799,ID6402
10,799,ID8206
10,799,ID7174
10,799,ID7314
10,800,ID1372
10,800,ID3517
10,800,ID7313
10,800,ID7302
10,800,ID1103
10,800,ID1303
10,800,ID1571
10,800,ID3323
10,800,ID7322
10,800,ID3216
10,801,ID3506
10,801,ID1403
10,801,ID7211
10,801,ID1307
10,801,ID3314
10,801,ID1811
10,801,ID1612
10,801,ID1102
10,801,ID7411
10,801,ID7308
10,802,ID3307
10,802,ID5313
10,802,ID3504
10,802,ID1109
10,802,ID5106
10,802,ID7304
10,802,ID3312
10,802,ID7405
10,802,ID5309
10,802,ID1275
10,803,ID1410
10,803,ID5205
10,803,ID3506
10,803,ID9101
10,803,ID3273
10,803,ID1572
10,803,ID1871
10,803,ID3577
10,803,ID1709
10,803,ID1172
10,804,ID7604
10,804,ID6472
10,804,ID3218
10,804,ID7404
10,804,ID3373
10,804,ID1272
10,804,ID7173
10,804,ID1206
10,804,ID1807
10,804,ID1208
10,805,ID6171
10,805,ID1109
10,805,ID1174
10,805,ID3528
10,805,ID1303
10,805,ID3306
10,805,ID3316
10,805,ID1101
10,805,ID6207
10,805,ID7602
10,806,ID3276
10,806,ID7606
10,806,ID7404
10,806,ID1102
10,806,ID5310
10,806,ID1105
10,806,ID1308
10,806,ID3204
10,806,ID3518
10,806,ID5102
10,807,ID3279
10,807,ID3576
10,807,ID8204
10,807,ID7107
10,807,ID6305
10,807,ID1902
10,807,ID1212
10,807,ID3278
10,807,ID1809
10,807,ID7317
10,808,ID7505
10,808,ID1902
10,808,ID3205
10,808,ID1610
10,808,ID1271
10,808,ID3323
10,808,ID1408
10,808,ID8103
10,808,ID3327
10,808,ID7410
10,809,ID3303
10,809,ID3201
10,809,ID1311
10,809,ID5105
10,809,ID6305
10,809,ID3305
10,809,ID1905
10,809,ID3509
10,809,ID8202
10,809,ID1271
10,810,ID7314
10,810,ID3275
10,810,ID7203
10,810,ID1215
10,810,ID1902
10,810,ID1402
10,810,ID9105
10,810,ID7403
10,810,ID7111
10,810,ID3520
10,811,ID7314
10,811,ID3321
10,811,ID1603
10,811,ID8271
10,811,ID6210
10,811,ID7503
10,811,ID6107
10,811,ID1706
10,811,ID7325
10,811,ID3174
10,812,ID1905
10,812,ID1603
10,812,ID1208
10,812,ID6571
10,812,ID3376
10,812,ID1402
10,812,ID7208
10,812,ID8202
10,812,ID9408
10,812,ID3671
10,813,ID6111
10,813,ID1303
10,813,ID1310
10,813,ID1217
10,813,ID1221
10,813,ID7105
10,813,ID7571
10,813,ID3519
10,813,ID6206
10,813,ID1603
10,814,ID3308
10,814,ID1106
10,814,ID3524
10,814,ID6172
10,814,ID3510
10,814,ID1871
10,814,ID1471
10,814,ID1108
10,814,ID1217
10,814,ID7107
10,815,ID2172
10,815,ID1703
10,815,ID7373
10,815,ID1277
10,815,ID6209
10,815,ID1612
10,815,ID3671
10,815,ID9171
10,815,ID3309
10,815,ID1706
10,816,ID1223
10,816,ID5101
10,816,ID1273
10,816,ID8272
10,816,ID3524
10,816,ID7314
10,816,ID3502
10,816,ID1509
10,816,ID3521
10,816,ID6171
10,817,ID7102
10,817,ID3672
10,817,ID7105
10,817,ID3209
10,817,ID7373
10,817,ID3316
10,817,ID7472
10,817,ID7372
10,817,ID7604
10,817,ID1410
10,818,ID1312
10,818,ID1371
10,818,ID7402
10,818,ID1605
10,818,ID9412
10,818,ID7318
10,818,ID3602
10,818,ID3275
10,818,ID3516
10,818,ID1372
10,819,ID9409
10,819,ID3310
10,819,ID3603
10,819,ID7315
10,819,ID3325
10,819,ID3522
10,819,ID1175
10,819,ID1271
10,819,ID1706
10,819,ID1304
10,820,ID7373
10,820,ID1103
10,820,ID3577
10,820,ID6106
10,820,ID3672
10,820,ID1211
10,820,ID6111
10,820,ID1118
10,820,ID9102
10,820,ID1407
10,821,ID1171
10,821,ID3329
10,821,ID3323
10,821,ID3513
10,821,ID5207
10,821,ID1601
10,821,ID5102
10,821,ID2103
10,821,ID7315
10,821,ID3273
10,822,ID1107
10,822,ID1672
10,822,ID3278
10,822,ID9409
10,822,ID1116
10,822,ID1709
10,822,ID1905
10,822,ID6305
10,822,ID1603
10,822,ID3575
10,823,ID3306
10,823,ID1376
10,823,ID3329
10,823,ID3579
10,823,ID7404
10,823,ID5206
10,823,ID3508
10,823,ID7322
10,823,ID3471
10,823,ID1602
10,824,ID6205
10,824,ID1602
10,824,ID1274
10,824,ID7304
10,824,ID8201
10,824,ID1812
10,824,ID9105
10,824,ID3515
10,824,ID1408
10,824,ID6311
10,825,ID3328
10,825,ID1112
10,825,ID3276
10,825,ID3372
10,825,ID7408
10,825,ID9408
10,825,ID7206
10,825,ID7371
10,825,ID3213
10,825,ID8271
10,826,ID3401
10,826,ID3302
10,826,ID2171
10,826,ID1278
10,826,ID9403
10,826,ID7101
10,826,ID1210
10,826,ID6307
10,826,ID7303
10,826,ID1812
10,827,ID5271
10,827,ID3508
10,827,ID9403
10,827,ID1811
10,827,ID1609
10,827,ID7604
10,827,ID3518
10,827,ID3303
10,827,ID3321
10,827,ID1508
10,828,ID1901
10,828,ID6471
10,828,ID1375
10,828,ID1107
10,828,ID8102
10,828,ID5311
10,828,ID8271
10,828,ID3521
10,828,ID5103
10,828,ID1504
10,829,ID3273
10,829,ID6309
10,829,ID7406
10,829,ID3319
10,829,ID7305
10,829,ID7107
10,829,ID1305
10,829,ID5315
10,829,ID2105
10,829,ID1612
10,830,ID3577
10,830,ID1405
10,830,ID3204
10,830,ID1805
10,830,ID1611
10,830,ID3604
10,830,ID7413
10,830,ID3513
10,830,ID1373
10,830,ID7408
10,831,ID1115
10,831,ID1307
10,831,ID3210
10,831,ID5313
10,831,ID9105
10,831,ID1505
10,831,ID3374
10,831,ID1102
10,831,ID1203
10,831,ID1374
10,832,ID3507
10,832,ID1371
10,832,ID6102
10,832,ID1601
10,832,ID1672
10,832,ID1304
10,832,ID7101
10,832,ID1273
10,832,ID9105
10,832,ID1701
10,833,ID7308
10,833,ID5108
10,833,ID3320
10,833,ID1505
10,833,ID1810
10,833,ID5204
10,833,ID7602
10,833,ID1502
10,833,ID6204
10,833,ID8202
10,834,ID7111
10,834,ID1503
10,834,ID3313
10,834,ID3673
10,834,ID5202
10,834,ID7304
10,834,ID3579
10,834,ID3575
10,834,ID6209
10,834,ID8206
10,835,ID1221
10,835,ID1310
10,835,ID1812
10,835,ID3374
10,835,ID1572
10,835,ID5201
10,835,ID7172
10,835,ID7304
10,835,ID5272
10,835,ID1111
10,836,ID7472
10,836,ID6209
10,836,ID1612
10,836,ID3523
10,836,ID6202
10,836,ID6501
10,836,ID1811
10,836,ID6372
10,836,ID1903
10,836,ID1222
10,837,ID7301
10,837,ID7303
10,837,ID5272
10,837,ID1312
10,837,ID1401
10,837,ID7405
10,837,ID1904
10,837,ID5108
10,837,ID3323
10,837,ID7505
10,838,ID5310
10,838,ID8104
10,838,ID1105
10,838,ID1376
10,838,ID7101
10,838,ID3672
10,838,ID6104
10,838,ID1276
10,838,ID7306
10,838,ID8204
10,839,ID6212
10,839,ID3517
10,839,ID7105
10,839,ID7110
10,839,ID1572
10,839,ID6206
10,839,ID6372
10,839,ID3203
10,839,ID1605
10,839,ID6411
10,840,ID2103
10,840,ID1101
10,840,ID8202
10,840,ID1471
10,840,ID7305
10,840,ID9409
10,840,ID6107
10,840,ID1303
10,840,ID6402
10,840,ID7111
10,841,ID6207
10,841,ID5106
10,841,ID7207
10,841,ID1212
10,841,ID3326
10,841,ID3525
10,841,ID6503
10,841,ID7306
10,841,ID3214
10,841,ID1802
10,842,ID3329
10,842,ID6102
10,842,ID7503
10,842,ID1406
10,842,ID1905
10,842,ID1115
10,842,ID1610
10,842,ID3372
10,842,ID1205
10,842,ID3504
10,843,ID1210
10,843,ID1707
10,843,ID1802
10,843,ID6104
10,843,ID1308
10,843,ID3579
10,843,ID3671
10,843,ID7173
10,843,ID1302
10,843,ID3309
10,844,ID3520
10,844,ID3308
10,844,ID2103
10,844,ID3321
10,844,ID3326
10,844,ID1708
10,844,ID1805
10,844,ID3528
10,844,ID1210
10,844,ID6207
10,845,ID3271
10,845,ID6303
10,845,ID3278
10,845,ID9401
10,845,ID1811
10,845,ID1602
10,845,ID8205
10,845,ID1106
10,845,ID3315
10,845,ID6201
10,846,ID3522
10,846,ID3507
10,846,ID6103
10,846,ID1308
10,846,ID6304
10,846,ID1409
10,846,ID3572
10,846,ID6104
10,846,ID3309
10,846,ID3518
10,847,ID1215
10,847,ID3205
10,847,ID1104
10,847,ID5204
10,847,ID6103
10,847,ID1504
10,847,ID1220
10,847,ID6213
10,847,ID1118
10,847,ID3201
10,848,ID7410
10,848,ID1607
10,848,ID1408
10,848,ID3213
10,848,ID7171
10,848,ID1473
10,848,ID6372
10,848,ID1274
10,848,ID7371
10,848,ID6206
10,849,ID1172
10,849,ID1207
10,849,ID1809
10,849,ID1308
10,849,ID3528
10,849,ID3310
10,849,ID1115
10,849,ID1102
10,849,ID1209
10,849,ID1304
10,850,ID1812
10,850,ID6310
10,850,ID3517
10,850,ID7201
10,850,ID1207
10,850,ID3277
10,850,ID1219
10,850,ID7471
10,850,ID2104
10,850,ID7325
10,851,ID1220
10,851,ID3171
10,851,ID2104
10,851,ID1406
10,851,ID6205
10,851,ID7471
10,851,ID1503
10,851,ID1212
10,851,ID3312
10,851,ID3375
10,852,ID9403
10,852,ID3327
10,852,ID7403
10,852,ID7322
10,852,ID3375
10,852,ID8271
10,852,ID1215
10,852,ID7303
10,852,ID1377
10,852,ID3401
10,853,ID3518
10,853,ID3513
10,853,ID6212
10,853,ID8104
10,853,ID5206
10,853,ID3172
10,853,ID3321
10,853,ID3573
10,853,ID7502
10,853,ID3315
10,854,ID2104
10,854,ID1571
10,854,ID7312
10,854,ID7107
10,854,ID6501
10,854,ID9409
10,854,ID1110
10,854,ID3504
10,854,ID6201
10,854,ID7605
10,855,ID7108
10,855,ID1106
10,855,ID6101
10,855,ID2171
10,855,ID8202
10,855,ID7471
10,855,ID6304
10,855,ID6211
10,855,ID3508
10,855,ID1222
10,856,ID7606
10,856,ID7471
10,856,ID8272
10,856,ID3279
10,856,ID3519
10,856,ID5318
10,856,ID6307
10,856,ID3212
10,856,ID1606
10,856,ID6571
10,857,ID3505
10,857,ID9403
10,857,ID7405
10,857,ID6110
10,857,ID9101
10,857,ID3519
10,857,ID6472
10,857,ID6171
10,857,ID1901
10,857,ID3604
10,858,ID1501
10,858,ID5171
10,858,ID1116
10,858,ID3501
10,858,ID7308
10,858,ID1223
10,858,ID6212
10,858,ID1404
10,858,ID2103
10,858,ID3526
10,859,ID1410
10,859,ID7108
10,859,ID3302
10,859,ID1212
10,859,ID1118
10,859,ID6409
10,859,ID1172
10,859,ID1105
10,859,ID6111
10,859,ID3374
10,860,ID7505
10,860,ID3523
10,860,ID6172
10,860,ID1404
10,860,ID6203
10,860,ID3578
10,860,ID3324
10,860,ID1104
10,860,ID7212
10,860,ID5171
10,861,ID7171
10,861,ID1805
10,861,ID1221
10,861,ID1410
10,861,ID3514
10,861,ID7102
10,861,ID3279
10,861,ID6111
10,861,ID3572
10,861,ID1277
10,862,ID7602
10,862,ID7472
10,862,ID6108
10,862,ID1111
10,862,ID1807
10,862,ID8204
10,862,ID7271
10,862,ID7404
10,862,ID1206
10,862,ID3327
10,863,ID3311
10,863,ID3510
10,863,ID1901
10,863,ID6502
10,863,ID7105
10,863,ID6301
10,863,ID1702
10,863,ID6371
10,863,ID6503
10,863,ID6310
10,864,ID7102
10,864,ID1308
10,864,ID1708
10,864,ID7411
10,864,ID1101
10,864,ID7372
10,864,ID3212
10,864,ID7371
10,864,ID3279
10,864,ID1172
10,865,ID3171
10,865,ID3276
10,865,ID3502
10,865,ID6104
10,865,ID3315
10,865,ID1872
10,865,ID7371
10,865,ID8202
10,865,ID3279
10,865,ID3325
10,866,ID6201
10,866,ID6208
10,866,ID1305
10,866,ID5107
10,866,ID5202
10,866,ID3320
10,866,ID1409
10,866,ID1373
10,866,ID7373
10,866,ID6303
10,867,ID3327
10,867,ID6404
10,867,ID1276
10,867,ID3507
10,867,ID7571
10,867,ID7401
10,867,ID1801
10,867,ID1572
10,867,ID3313
10,867,ID7110
10,868,ID3277
10,868,ID6171
10,868,ID1808
10,868,ID1221
10,868,ID3501
10,868,ID6204
10,868,ID1603
10,868,ID7106
10,868,ID3329
10,868,ID6203
10,869,ID1272
10,869,ID1305
10,869,ID3316
10,869,ID1609
10,869,ID7271
10,869,ID1809
10,869,ID1471
10,869,ID1702
10,869,ID1372
10,869,ID3273
10,870,ID1509
10,870,ID1802
10,870,ID7413
10,870,ID3674
10,870,ID6402
10,870,ID7171
10,870,ID5171
10,870,ID1503
10,870,ID1704
10,870,ID1216
10,871,ID6309
10,871,ID2105
10,871,ID1206
10,871,ID6212
10,871,ID3314
10,871,ID7310
10,871,ID1271
10,871,ID1603
10,871,ID6172
10,871,ID3523
10,872,ID1809
10,872,ID1671
10,872,ID1708
10,872,ID1407
10,872,ID7106
10,872,ID1309
10,872,ID7325
10,872,ID3502
10,872,ID5371
10,872,ID3306
10,873,ID3528
10,873,ID3402
10,873,ID1409
10,873,ID1706
10,873,ID7110
10,873,ID3574
10,873,ID9171
10,873,ID1507
10,873,ID7172
10,873,ID7325
10,874,ID1218
10,874,ID7504
10,874,ID1105
10,874,ID1409
10,874,ID3309
10,874,ID3319
10,874,ID9408
10,874,ID3521
10,874,ID7318
10,874,ID7404
10,875,ID3171
10,875,ID1303
10,875,ID1609
10,875,ID9412
10,875,ID3374
10,875,ID1174
10,875,ID6103
10,875,ID3575
10,875,ID7602
10,875,ID1376
10,876,ID7105
10,876,ID3313
10,876,ID3210
10,876,ID8201
10,876,ID5315
10,876,ID3309
10,876,ID7303
10,876,ID1804
10,876,ID7501
10,876,ID3314
10,877,ID7206
10,877,ID6304
10,877,ID1809
10,877,ID8206
10,877,ID1208
10,877,ID2171
10,877,ID1604
10,877,ID3310
10,877,ID6503
10,877,ID3514
10,878,ID1215
10,878,ID7305
10,878,ID8171
10,878,ID3309
10,878,ID5309
10,878,ID7501
10,878,ID7401
10,878,ID6504
10,878,ID3528
10,878,ID5102
10,879,ID6204
10,879,ID1473
10,879,ID1707
10,879,ID5105
10,879,ID7307
10,879,ID7111
10,879,ID7204
10,879,ID7602
10,879,ID6202
10,879,ID1114
10,880,ID3277
10,880,ID3671
10,880,ID3217
10,880,ID6309
10,880,ID1609
10,880,ID7109
10,880,ID7307
10,880,ID7502
10,880,ID7105
10,880,ID3314
10,881,ID1205
10,881,ID6404
10,881,ID3515
10,881,ID3313
10,881,ID8202
10,881,ID3207
10,881,ID1302
10,881,ID8272
10,881,ID7371
10,881,ID1309
10,882,ID1810
10,882,ID3403
10,882,ID8103
10,882,ID1672
10,882,ID1105
10,882,ID5201
10,882,ID7111
10,882,ID8205
10,882,ID6304
10,882,ID7602
10,883,ID7414
10,883,ID6401
10,883,ID3601
10,883,ID3310
10,883,ID1703
10,883,ID1503
10,883,ID3516
10,883,ID7109
10,883,ID3371
10,883,ID6213
10,884,ID7306
10,884,ID3217
10,884,ID1175
10,884,ID3277
10,884,ID1871
10,884,ID6404
10,884,ID5310
10,884,ID1904
10,884,ID5102
10,884,ID7601
10,885,ID1309
10,885,ID7501
10,885,ID3673
10,885,ID8272
10,885,ID3202
10,885,ID1610
10,885,ID6205
10,885,ID3213
10,885,ID3311
10,885,ID6503
10,886,ID3213
10,886,ID1112
10,886,ID6307
10,886,ID7325
10,886,ID3503
10,886,ID1809
10,886,ID5313
10,886,ID3505
10,886,ID5315
10,886,ID3471
10,887,ID1114
10,887,ID7313
10,887,ID7212
10,887,ID1504
10,887,ID1603
10,887,ID9401
10,887,ID3211
10,887,ID3517
10,887,ID1903
10,887,ID1808
10,888,ID1305
10,888,ID3314
10,888,ID7503
10,888,ID3324
10,888,ID1223
10,888,ID1612
10,888,ID5206
10,888,ID3323
10,888,ID5318
10,888,ID1704
10,889,ID7306
10,889,ID3403
10,889,ID1808
10,889,ID7301
10,889,ID3522
10,889,ID6307
10,889,ID8204
10,889,ID1606
10,889,ID1376
10,889,ID5272
10,890,ID1210
10,890,ID1215
10,890,ID3403
10,890,ID6403
10,890,ID3516
10,890,ID6411
10,890,ID7308
10,890,ID7211
10,890,ID6409
10,890,ID6503
10,891,ID3571
10,891,ID7601
10,891,ID6103
10,891,ID3274
10,891,ID7111
10,891,ID6503
10,891,ID3317
10,891,ID6371
10,891,ID1210
10,891,ID6171
10,892,ID3515
10,892,ID1103
10,892,ID1801
10,892,ID7604
10,892,ID7601
10,892,ID7105
10,892,ID1506
10,892,ID1118
10,892,ID6206
10,892,ID1508
10,893,ID3526
10,893,ID5206
10,893,ID1507
10,893,ID7311
10,893,ID2172
10,893,ID1902
10,893,ID7206
10,893,ID5310
10,893,ID7326
10,893,ID1604
10,894,ID1111
10,894,ID7104
10,894,ID5271
10,894,ID1505
10,894,ID1116
10,894,ID7502
10,894,ID6212
10,894,ID3519
10,894,ID8172
10,894,ID1604
10,895,ID6571
10,895,ID6102
10,895,ID1404
10,895,ID1673
10,895,ID1271
10,895,ID7413
10,895,ID7202
10,895,ID7172
10,895,ID7110
10,895,ID5105
10,896,ID6204
10,896,ID1210
10,896,ID1117
10,896,ID3174
10,896,ID1404
10,896,ID1405
10,896,ID1673
10,896,ID1507
10,896,ID3512
10,896,ID6102
10,897,ID7505
10,897,ID6401
10,897,ID1806
10,897,ID3302
10,897,ID3401
10,897,ID3327
10,897,ID1805
10,897,ID6110
10,897,ID3277
10,897,ID3671
10,898,ID1111
10,898,ID1215
10,898,ID1371
10,898,ID1273
10,898,ID9101
10,898,ID7173
10,898,ID6102
10,898,ID2105
10,898,ID6503
10,898,ID7307
10,899,ID1705
10,899,ID1371
10,899,ID6109
10,899,ID8271
10,899,ID3317
10,899,ID8172
10,899,ID6504
10,899,ID7111
10,899,ID7402
10,899,ID7325
10,900,ID2172
10,900,ID3325
10,900,ID7174
10,900,ID9401
10,900,ID8171
10,900,ID1172
10,900,ID1374
10,900,ID3506
10,900,ID7307
10,900,ID6207
10,901,ID3308
10,901,ID8103
10,901,ID3274
10,901,ID6303
10,901,ID7208
10,901,ID1117
10,901,ID3505
10,901,ID3326
10,901,ID3302
10,901,ID3503
10,902,ID6302
10,902,ID3314
10,902,ID1409
10,902,ID3321
10,902,ID3329
10,902,ID1111
10,902,ID1205
10,902,ID6205
10,902,ID7603
10,902,ID1275
10,903,ID3576
10,903,ID3322
10,903,ID1504
10,903,ID3527
10,903,ID1307
10,903,ID1672
10,903,ID6107
10,903,ID1208
10,903,ID3276
10,903,ID1107
10,904,ID7605
10,904,ID3371
10,904,ID2171
10,904,ID1105
10,904,ID3574
10,904,ID1205
10,904,ID3319
10,904,ID9401
10,904,ID7312
10,904,ID2172
10,905,ID8202
10,905,ID1571
10,905,ID3318
10,905,ID3202
10,905,ID6211
10,905,ID5201
10,905,ID1709
10,905,ID1219
10,905,ID3372
10,905,ID7504
10,906,ID7501
10,906,ID5309
10,906,ID3506
10,906,ID1702
10,906,ID6404
10,906,ID6108
10,906,ID3574
10,906,ID7110
10,906,ID6107
10,906,ID1302
10,907,ID6109
10,907,ID1310
10,907,ID3575
10,907,ID3603
10,907,ID1372
10,907,ID7201
10,907,ID5106
10,907,ID1111
10,907,ID6210
10,907,ID6209
10,908,ID5272
10,908,ID6504
10,908,ID1571
10,908,ID6403
10,908,ID1307
10,908,ID7312
10,908,ID3272
10,908,ID7302
10,908,ID7203
10,908,ID6372
10,909,ID6104
10,909,ID7471
10,909,ID1105
10,909,ID1101
10,909,ID6301
10,909,ID3217
10,909,ID1502
10,909,ID3312
10,909,ID3574
10,909,ID5310
10,910,ID1215
10,910,ID3175
10,910,ID3374
10,910,ID1704
10,910,ID7502
10,910,ID1303
10,910,ID3318
10,910,ID1905
10,910,ID7605
10,910,ID3527
10,911,ID6202
10,911,ID1304
10,911,ID7502
10,911,ID1221
10,911,ID9471
10,911,ID3510
10,911,ID7308
10,911,ID1210
10,911,ID3315
10,911,ID6502
10,912,ID3512
10,912,ID6106
10,912,ID9471
10,912,ID3328
10,912,ID7212
10,912,ID6308
10,912,ID2172
10,912,ID6102
10,912,ID7504
10,912,ID3218
10,913,ID3510
10,913,ID3511
10,913,ID5201
10,913,ID3301
10,913,ID6402
10,913,ID6471
10,913,ID3401
10,913,ID1408
10,913,ID1376
10,913,ID7601
10,914,ID1373
10,914,ID1312
10,914,ID1175
10,914,ID3306
10,914,ID7107
10,914,ID1812
10,914,ID5309
10,914,ID7405
10,914,ID3206
10,914,ID1307
10,915,ID1702
10,915,ID1503
10,915,ID6102
10,915,ID1505
10,915,ID1272
10,915,ID3578
10,915,ID1607
10,915,ID3206
10,915,ID1222
10,915,ID3274
10,916,ID7317
10,916,ID1112
10,916,ID3525
10,916,ID6306
10,916,ID1801
10,916,ID7414
10,916,ID1502
10,916,ID7304
10,916,ID1509
10,916,ID7105
10,917,ID6109
10,917,ID3376
10,917,ID9403
10,917,ID1118
10,917,ID6103
10,917,ID3274
10,917,ID7405
10,917,ID1207
10,917,ID6571
10,917,ID3205
10,918,ID7105
10,918,ID1217
10,918,ID1407
10,918,ID1408
10,918,ID3310
10,918,ID7411
10,918,ID5204
10,918,ID6203
10,918,ID8207
10,918,ID1208
10,919,ID3214
10,919,ID3316
10,919,ID5101
10,919,ID5309
10,919,ID7212
10,919,ID3327
10,919,ID3303
10,919,ID5310
10,919,ID1272
10,919,ID3575
10,920,ID3274
10,920,ID7307
10,920,ID1807
10,920,ID7315
10,920,ID7173
10,920,ID6271
10,920,ID1312
10,920,ID6104
10,920,ID3307
10,920,ID7504
10,921,ID3214
10,921,ID1212
10,921,ID6304
10,921,ID3506
10,921,ID9471
10,921,ID1572
10,921,ID6501
10,921,ID1802
10,921,ID7204
10,921,ID3210
10,922,ID1572
10,922,ID7202
10,922,ID6308
10,922,ID6311
10,922,ID1309
10,922,ID5204
10,922,ID5102
10,922,ID7401
10,922,ID7271
10,922,ID6107
10,923,ID7414
10,923,ID1807
10,923,ID5309
10,923,ID1612
10,923,ID5108
10,923,ID5207
10,923,ID3673
10,923,ID8172
10,923,ID7109
10,923,ID1409
10,924,ID6371
10,924,ID3522
10,924,ID5201
10,924,ID5108
10,924,ID1302
10,924,ID1375
10,924,ID7410
10,924,ID7413
10,924,ID7404
10,924,ID6171
10,925,ID1572
10,925,ID6213
10,925,ID6103
10,925,ID5310
10,925,ID7307
10,925,ID1210
10,925,ID3201
10,925,ID1609
10,925,ID7322
10,925,ID5207
10,926,ID1118
10,926,ID3506
10,926,ID1175
10,926,ID6105
10,926,ID3203
10,926,ID7106
10,926,ID3218
10,926,ID1506
10,926,ID5202
10,926,ID1278
10,927,ID3521
10,927,ID3321
10,927,ID3215
10,927,ID1118
10,927,ID5309
10,927,ID1409
10,927,ID7202
10,927,ID3309
10,927,ID7108
10,927,ID5272
10,928,ID7605
10,928,ID5311
10,928,ID6205
10,928,ID3501
10,928,ID1117
10,928,ID1223
10,928,ID1275
10,928,ID3217
10,928,ID7171
10,928,ID1605
10,929,ID1308
10,929,ID8272
10,929,ID6372
10,929,ID3274
10,929,ID1406
10,929,ID8172
10,929,ID7372
10,929,ID7174
10,929,ID6104
10,929,ID1219
10,930,ID1171
10,930,ID7208
10,930,ID1307
10,930,ID1308
10,930,ID5312
10,930,ID1673
10,930,ID1708
10,930,ID3503
10,930,ID1403
10,930,ID3511
10,931,ID1108
10,931,ID3216
10,931,ID1603
10,931,ID7301
10,931,ID6472
10,931,ID3214
10,931,ID3401
10,931,ID1612
10,931,ID3471
10,931,ID7312
10,932,ID6301
10,932,ID3404
10,932,ID7172
10,932,ID6403
10,932,ID6401
10,932,ID6302
10,932,ID3323
10,932,ID1110
10,932,ID6371
10,932,ID3206
10,933,ID7108
10,933,ID1610
10,933,ID1405
10,933,ID1812
10,933,ID3313
10,933,ID1116
10,933,ID1408
10,933,ID1608
10,933,ID1208
10,933,ID3371
10,934,ID3519
10,934,ID2101
10,934,ID7402
10,934,ID3174
10,934,ID3204
10,934,ID1274
10,934,ID6101
10,934,ID1271
10,934,ID1703
10,934,ID3279
10,935,ID1601
10,935,ID3325
10,935,ID1612
10,935,ID1102
10,935,ID3508
10,935,ID7504
10,935,ID1673
10,935,ID6104
10,935,ID3372
10,935,ID8272
10,936,ID6310
10,936,ID7307
10,936,ID3312
10,936,ID6207
10,936,ID1502
10,936,ID7102
10,936,ID6205
10,936,ID1608
10,936,ID7601
10,936,ID3374
10,937,ID1608
10,937,ID7325
10,937,ID1112
10,937,ID1102
10,937,ID3526
10,937,ID1811
10,937,ID7173
10,937,ID3319
10,937,ID1205
10,937,ID1871
10,938,ID5310
10,938,ID1408
10,938,ID1473
10,938,ID5102
10,938,ID6472
10,938,ID3202
10,938,ID7302
10,938,ID1805
10,938,ID6471
10,938,ID7505
10,939,ID9408
10,939,ID6302
10,939,ID1602
10,939,ID5309
10,939,ID3375
10,939,ID1372
10,939,ID8172
10,939,ID7110
10,939,ID6307
10,939,ID1374
10,940,ID5203
10,940,ID6303
10,940,ID3279
10,940,ID3502
10,940,ID5371
10,940,ID7304
10,940,ID3318
10,940,ID3171
10,940,ID1221
10,940,ID3217
10,941,ID1205
10,941,ID1706
10,941,ID3522
10,941,ID6211
10,941,ID1805
10,941,ID3579
10,941,ID3278
10,941,ID1709
10,941,ID3374
10,941,ID1203
10,942,ID6302
10,942,ID9409
10,942,ID3306
10,942,ID3315
10,942,ID5107
10,942,ID3508
10,942,ID1903
10,942,ID3578
10,942,ID6202
10,942,ID3520
10,943,ID5271
10,943,ID3218
10,943,ID3579
10,943,ID3372
10,943,ID1309
10,943,ID1672
10,943,ID7373
10,943,ID1473
10,943,ID6112
10,943,ID1402
10,944,ID3577
10,944,ID3671
10,944,ID1971
10,944,ID3218
10,944,ID1611
10,944,ID9102
10,944,ID7271
10,944,ID1305
10,944,ID3523
10,944,ID7318
10,945,ID3517
10,945,ID1705
10,945,ID8206
10,945,ID6311
10,945,ID1222
10,945,ID7407
10,945,ID1110
10,945,ID7605
10,945,ID6110
10,945,ID1502
10,946,ID3208
10,946,ID7306
10,946,ID1410
10,946,ID3323
10,946,ID1101
10,946,ID7106
10,946,ID7111
10,946,ID3507
10,946,ID1709
10,946,ID1610
10,947,ID3204
10,947,ID8201
10,947,ID7313
10,947,ID5311
10,947,ID3513
10,947,ID6201
10,947,ID7414
10,947,ID6103
10,947,ID3517
10,947,ID6104
10,948,ID1277
10,948,ID6106
10,948,ID3515
10,948,ID5207
10,948,ID3318
10,948,ID1606
10,948,ID1211
10,948,ID7202
10,948,ID7208
10,948,ID7308
10,949,ID7171
10,949,ID6411
10,949,ID1410
10,949,ID3172
10,949,ID5271
10,949,ID7303
10,949,ID6110
10,949,ID1704
10,949,ID5101
10,949,ID3376
10,950,ID8172
10,950,ID3574
10,950,ID3572
10,950,ID5203
10,950,ID7314
10,950,ID3317
10,950,ID3513
10,950,ID5108
10,950,ID1571
10,950,ID2171
10,951,ID8103
10,951,ID3513
10,951,ID1375
10,951,ID1808
10,951,ID1771
10,951,ID1203
10,951,ID1205
10,951,ID6109
10,951,ID7171
10,951,ID1221
10,952,ID6101
10,952,ID6305
10,952,ID3205
10,952,ID3279
10,952,ID1305
10,952,ID3574
10,952,ID3208
10,952,ID7317
10,952,ID7202
10,952,ID3673
10,953,ID1812
10,953,ID1671
10,953,ID9101
10,953,ID9412
10,953,ID1905
10,953,ID6106
10,953,ID1118
10,953,ID3509
10,953,ID1904
10,953,ID1601
10,954,ID1223
10,954,ID1309
10,954,ID3510
10,954,ID3316
10,954,ID6106
10,954,ID7408
10,954,ID7204
10,954,ID1112
10,954,ID6409
10,954,ID6112
10,955,ID7106
10,955,ID3325
10,955,ID6109
10,955,ID3501
10,955,ID3201
10,955,ID3517
10,955,ID3210
10,955,ID3403
10,955,ID3374
10,955,ID3509
10,956,ID6205
10,956,ID6303
10,956,ID1275
10,956,ID1108
10,956,ID3301
10,956,ID3508
10,956,ID1502
10,956,ID3604
10,956,ID3215
10,956,ID3323
10,957,ID7406
10,957,ID1213
10,957,ID8207
10,957,ID1105
10,957,ID5315
10,957,ID6207
10,957,ID7206
10,957,ID5104
10,957,ID3217
10,957,ID6303
10,958,ID1105
10,958,ID2101
10,958,ID6304
10,958,ID1308
10,958,ID1303
10,958,ID3579
10,958,ID3313
10,958,ID1402
10,958,ID5201
10,958,ID9101
10,959,ID7471
10,959,ID1701
10,959,ID1602
10,959,ID7104
10,959,ID1401
10,959,ID1375
10,959,ID7605
10,959,ID3510
10,959,ID1606
10,959,ID1276
10,960,ID3314
10,960,ID1272
10,960,ID3516
10,960,ID3601
10,960,ID3578
10,960,ID3371
10,960,ID6308
10,960,ID7271
10,960,ID7316
10,960,ID1471
10,961,ID3309
10,961,ID1223
10,961,ID3175
10,961,ID7203
10,961,ID7172
10,961,ID3602
10,961,ID2101
10,961,ID5106
10,961,ID1610
10,961,ID7372
10,962,ID1209
10,962,ID7313
10,962,ID7307
10,962,ID8171
10,962,ID1222
10,962,ID7403
10,962,ID6401
10,962,ID1612
10,962,ID7202
10,962,ID1473
10,963,ID3673
10,963,ID3277
10,963,ID7606
10,963,ID9409
10,963,ID1108
10,963,ID1219
10,963,ID1903
10,963,ID7471
10,963,ID6310
10,963,ID3174
10,964,ID1702
10,964,ID7571
10,964,ID1223
10,964,ID5102
10,964,ID3321
10,964,ID3313
10,964,ID1308
10,964,ID1173
10,964,ID3218
10,964,ID3572
10,965,ID1213
10,965,ID3514
10,965,ID5107
10,965,ID6303
10,965,ID7310
10,965,ID5204
10,965,ID1473
10,965,ID1113
10,965,ID3218
10,965,ID7311
10,966,ID5201
10,966,ID1802
10,966,ID3576
10,966,ID1708
10,966,ID3216
10,966,ID7301
10,966,ID3305
10,966,ID3519
10,966,ID1771
10,966,ID1601
10,967,ID3402
10,967,ID1110
10,967,ID3372
10,967,ID6109
10,967,ID3273
10,967,ID3517
10,967,ID7172
10,967,ID1213
10,967,ID1501
10,967,ID1372
10,968,ID5315
10,968,ID3326
10,968,ID1104
10,968,ID8102
10,968,ID1211
10,968,ID3310
10,968,ID3216
10,968,ID7373
10,968,ID1173
10,968,ID5108
10,969,ID7404
10,969,ID2172
10,969,ID1801
10,969,ID9403
10,969,ID3206
10,969,ID6305
10,969,ID1601
10,969,ID7405
10,969,ID7301
10,969,ID3329
10,970,ID7211
10,970,ID3517
10,970,ID1905
10,970,ID6203
10,970,ID1272
10,970,ID3510
10,970,ID1306
10,970,ID1410
10,970,ID1806
10,970,ID1505
10,971,ID3508
10,971,ID3525
10,971,ID8202
10,971,ID6172
10,971,ID6103
10,971,ID1872
10,971,ID1904
10,971,ID3305
10,971,ID3277
10,971,ID3318
10,972,ID3311
10,972,ID3571
10,972,ID7401
10,972,ID1306
10,972,ID3206
10,972,ID5310
10,972,ID1278
10,972,ID3304
10,972,ID3572
10,972,ID7408
10,973,ID3172
10,973,ID1602
10,973,ID3204
10,973,ID1271
10,973,ID1507
10,973,ID5309
10,973,ID5371
10,973,ID6201
10,973,ID1109
10,973,ID3372
10,974,ID1207
10,974,ID1603
10,974,ID3516
10,974,ID1219
10,974,ID1810
10,974,ID2101
10,974,ID1215
10,974,ID1278
10,974,ID1609
10,974,ID8103
10,975,ID6302
10,975,ID7326
10,975,ID3278
10,975,ID5312
10,975,ID5108
10,975,ID3404
10,975,ID5104
10,975,ID1971
10,975,ID3514
10,975,ID5202
10,976,ID3316
10,976,ID7302
10,976,ID6403
10,976,ID3211
10,976,ID3215
10,976,ID7372
10,976,ID7301
10,976,ID1901
10,976,ID3403
10,976,ID7211
10,977,ID1312
10,977,ID3507
10,977,ID7104
10,977,ID1215
10,977,ID7206
10,977,ID3403
10,977,ID1812
10,977,ID1506
10,977,ID1375
10,977,ID5313
10,978,ID3671
10,978,ID7211
10,978,ID3521
10,978,ID1807
10,978,ID6303
10,978,ID3321
10,978,ID1110
10,978,ID6103
10,978,ID7108
10,978,ID1802
10,979,ID7325
10,979,ID3325
10,979,ID3522
10,979,ID3310
10,979,ID6209
10,979,ID1207
10,979,ID1173
10,979,ID1771
10,979,ID1113
10,979,ID3401
10,980,ID3318
10,980,ID1311
10,980,ID5371
10,980,ID1703
10,980,ID7305
10,980,ID8103
10,980,ID8271
10,980,ID1312
10,980,ID6303
10,980,ID6210
10,981,ID3572
10,981,ID3376
10,981,ID1212
10,981,ID1971
10,981,ID6501
10,981,ID3525
10,981,ID1674
10,981,ID1371
10,981,ID3306
10,981,ID3506
10,982,ID5105
10,982,ID5101
10,982,ID1401
10,982,ID3401
10,982,ID1901
10,982,ID6307
10,982,ID6402
10,982,ID3308
10,982,ID6211
10,982,ID1309
10,983,ID3323
10,983,ID7312
10,983,ID8205
10,983,ID3326
10,983,ID1803
10,983,ID7316
10,983,ID3312
10,983,ID8271
10,983,ID2104
10,983,ID1303
10,984,ID7106
10,984,ID6303
10,984,ID1308
10,984,ID3525
10,984,ID5103
10,984,ID7373
10,984,ID3575
10,984,ID1708
10,984,ID3671
10,984,ID3518
10,985,ID3318
10,985,ID7102
10,985,ID3172
10,985,ID1103
10,985,ID1312
10,985,ID1218
10,985,ID6105
10,985,ID3304
10,985,ID7504
10,985,ID3322
10,986,ID2104
10,986,ID3202
10,986,ID1571
10,986,ID2105
10,986,ID1904
10,986,ID1213
10,986,ID7174
10,986,ID5204
10,986,ID6503
10,986,ID3509
10,987,ID3374
10,987,ID3321
10,987,ID3524
10,987,ID5312
10,987,ID7604
10,987,ID5318
10,987,ID3510
10,987,ID7402
10,987,ID7373
10,987,ID7173
10,988,ID1109
10,988,ID1707
10,988,ID1311
10,988,ID7407
10,988,ID6501
10,988,ID3508
10,988,ID3279
10,988,ID5102
10,988,ID1114
10,988,ID1406
10,989,ID3326
10,989,ID1572
10,989,ID1905
10,989,ID6405
10,989,ID7310
10,989,ID5203
10,989,ID3525
10,989,ID3327
10,989,ID6204
10,989,ID3523
10,990,ID5107
10,990,ID1373
10,990,ID1101
10,990,ID6101
10,990,ID3523
10,990,ID6203
10,990,ID6107
10,990,ID5371
10,990,ID7172
10,990,ID3501
10,991,ID7502
10,991,ID3322
10,991,ID7404
10,991,ID3520
10,991,ID6102
10,991,ID5204
10,991,ID1971
10,991,ID6207
10,991,ID1672
10,991,ID3326
10,992,ID6111
10,992,ID7303
10,992,ID3218
10,992,ID7601
10,992,ID3278
10,992,ID6210
10,992,ID7111
10,992,ID1302
10,992,ID7302
10,992,ID6301
10,993,ID5201
10,993,ID1115
10,993,ID5312
10,993,ID7171
10,993,ID1811
10,993,ID6203
10,993,ID1703
10,993,ID3672
10,993,ID3276
10,993,ID1377
10,994,ID1410
10,994,ID1509
10,994,ID1101
10,994,ID5201
10,994,ID3511
10,994,ID7601
10,994,ID6112
10,994,ID7271
10,994,ID8171
10,994,ID1211
10,995,ID3327
10,995,ID7303
10,995,ID7107
10,995,ID1903
10,995,ID7101
10,995,ID5103
10,995,ID6107
10,995,ID3307
10,995,ID5104
10,995,ID9105
10,996,ID1902
10,996,ID1209
10,996,ID7409
10,996,ID6472
10,996,ID6109
10,996,ID8103
10,996,ID1217
10,996,ID3327
10,996,ID6205
10,996,ID7472
10,997,ID1507
10,997,ID8104
10,997,ID1902
10,997,ID7201
10,997,ID9401
10,997,ID1115
10,997,ID3603
10,997,ID1402
10,997,ID1203
10,997,ID3673
10,998,ID6308
10,998,ID1307
10,998,ID9102
10,998,ID7408
10,998,ID6171
10,998,ID7409
10,998,ID1205
10,998,ID3522
10,998,ID6208
10,998,ID7505
10,999,ID6301
10,999,ID3502
10,999,ID1304
10,999,ID3518
10,999,ID6302
10,999,ID6210
10,999,ID5171
10,999,ID7202
10,999,ID7105
10,999,ID3577
