country,unit,group,y_true,pred_full,pred_no_EO,pred_H_no_EO,pred_E_no_EO,pred_I_no_EO,pred_G_no_EO,scope,delta_abs_error,log_population_density,urbanization_rate,log_population_density_stratum,urbanization_rate_stratum
China,130100,130000,0.778,0.794031728214,0.789688867455948,0.916321780359562,0.726945601480947,0.737615481434851,0.789090198037069,main,-0.00434286075805201,6.68445961805572,0.701957295374,high,high
China,130200,130000,0.799,0.801342660765,0.786863153832706,0.915489297214868,0.706814235351035,0.751719700280011,0.786450688570048,main,0.00979418540229404,6.30531248975396,0.642487046632,high,high
China,130300,130000,0.778,0.786071884373,0.775219566602184,0.907035410030666,0.710777938535956,0.720864913702962,0.774587866585184,main,-0.00529145097518402,5.99273340097552,0.640127388535,middle,high
China,130400,130000,0.745,0.753495241941,0.747988974014325,0.8925940121144,0.695924410517968,0.671245346598306,0.747077704647139,main,-0.00550626792667508,6.66171348604816,0.583421891605,high,middle
China,130500,130000,0.732,0.753603082963,0.746138812279668,0.888585709564884,0.690946002334102,0.674260870912382,0.745287430393686,main,-0.007464270683332,6.35076030069841,0.541490857947,high,middle
China,130600,130000,0.74,0.758037671227,0.752248287461958,0.901015843147687,0.705038115826939,0.667395761696404,0.751235592677166,main,-0.00578938376504201,6.25642087993273,0.55670995671,high,middle
China,130700,130000,0.742,0.761988601911,0.768227758577479,0.898236946793996,0.7151896212565,0.70369978745627,0.767479020599669,main,0.00623915666647901,4.72795936440904,0.660194174757,low,high
China,130800,130000,0.751,0.756677040141,0.749949507771822,0.877110428292944,0.689647527312433,0.695531220178847,0.749317764755825,main,-0.00462654791282202,4.45327515268198,0.567164179104,low,middle
China,130900,130000,0.757,0.75275534793,0.743566610258722,0.89032513533397,0.684654512365282,0.67211986221568,0.742715144578787,main,0.00918873767127804,6.23569641970124,0.51095890411,high,low
China,131000,130000,0.78,0.795745349119,0.785561240793075,0.905801876280255,0.715510279364227,0.746711867631672,0.785116399562356,main,-0.010184108325925,6.75359936825874,0.648451730419,high,high
China,131100,130000,0.743,0.751674874007,0.750920809062665,0.895805002327679,0.696447632038767,0.676305915670016,0.750035314107204,main,-0.000754064944334942,6.16864082817479,0.546318289786,high,middle
China,140100,140000,0.822,0.826238469285,0.829142650050612,0.927525139213713,0.751960792059946,0.815175767201254,0.828432984634779,main,0.00290418076561205,6.64841850772706,0.887218045113,high,high
China,140200,140000,0.761,0.784329173872,0.794279861028576,0.904419979264928,0.728681239079817,0.758023923376077,0.793469460458732,main,0.00995068715657599,5.3993023322003,0.725806451613,middle,high
China,140300,140000,0.775,0.783517406876,0.792432403467765,0.902237359084145,0.71965448982935,0.764050849739166,0.791630228509614,main,0.00891499659176498,5.67077389145026,0.712121212121,middle,high
China,140400,140000,0.766,0.756291540296,0.763551106039762,0.88870514322459,0.699498822306956,0.713483582665275,0.762622396205689,main,-0.00725956574376196,5.43153136324662,0.566037735849,middle,middle
China,140500,140000,0.779,0.779341190708,0.779737783162673,0.898072169874595,0.70847437513392,0.742601830204903,0.778867890684477,main,0.000396592454672939,5.45337424447028,0.630136986301,middle,middle
China,140600,140000,0.786,0.76668229598,0.768911359901383,0.881868957654791,0.697763097575958,0.736398729458114,0.768083368070758,main,-0.002229063921383,5.01456520951988,0.622641509434,low,middle
China,140700,140000,0.761,0.765262808322,0.766844225489818,0.890208931282683,0.704508172770691,0.71645030679364,0.76592812746303,main,0.00158141716781801,5.33403499190859,0.600591715976,middle,middle
China,140800,140000,0.749,0.748226265465,0.746228463619334,0.890072229160412,0.690141276683936,0.673540771760286,0.745147727597039,main,0.001997801845666,5.81841357361031,0.492662473795,middle,low
China,140900,140000,0.748,0.744222797795,0.749618573404094,0.881513186046517,0.690336567181399,0.689474485135876,0.748633568680433,main,-0.002158628800906,4.68042787278886,0.539033457249,low,middle
China,141100,140000,0.756,0.745123468488,0.74311212461066,0.874789290222225,0.685962878612339,0.68113142230829,0.742127165447962,main,0.00201134387734003,5.08400595777478,0.533923303835,low,middle
China,150100,150000,0.802,0.815967065202,0.810721253429772,0.90823890979997,0.739243703099648,0.792054731614126,0.810178990151111,main,-0.00524581177222805,5.30761779345016,0.791304347826,middle,high
China,150200,150000,0.817,0.83285967504,0.83130919101551,0.910191970896953,0.749020443516436,0.841706022763434,0.830989817252133,main,-0.00155048402448998,4.59714558351288,0.863468634686,low,high
China,150300,150000,0.805,0.807428604263,0.82458561949064,0.908656564790736,0.764841709134729,0.805341771543431,0.824107473374093,main,0.01715701522764,5.82804553025439,0.946428571429,middle,high
China,150400,150000,0.738,0.752498959875,0.74509885229173,0.875860390212544,0.689128858963955,0.682803753757986,0.744178424414612,main,-0.00740010758327003,3.8602355247888,0.529702970297,low,low
China,150500,150000,0.745,0.747149396333,0.72992524858875,0.86985921840246,0.684247953874132,0.650561948810508,0.728870509080019,main,0.01292535507825,3.9068002737941,0.498257839721,low,low
China,150600,150000,0.818,0.799115855636,0.798944367814281,0.877680890404291,0.732956215607142,0.791562181809299,0.79854593615697,main,0.000171487821718941,3.25319750192436,0.773148148148,low,high
China,150700,150000,0.761,0.782803527738,0.774478967964321,0.878276122797326,0.724882378094874,0.727678480810817,0.773771477235721,main,-0.00832455977367896,2.28831830776317,0.736607142857,low,high
China,150800,150000,0.763,0.756987826147,0.75616834770343,0.874045454731186,0.703595814721747,0.700783196788411,0.755347823248911,main,0.000819478443569999,3.20446508268622,0.597402597403,low,middle
China,150900,150000,0.746,0.755972898197,0.762294231542548,0.887420770489191,0.705372064214819,0.705246762200086,0.76142941242647,main,0.00632133334554807,3.47315347298802,0.6,low,middle
China,210100,210000,0.826,0.8360244705,0.835032262443582,0.932642529598374,0.756934634660984,0.825538255810066,0.835289327168062,main,-0.000992208056417976,6.55939638710942,0.845644983462,high,high
China,210200,210000,0.835,0.809468428454,0.814523201745575,0.929579584396172,0.750506671985771,0.77476216730941,0.814585196397441,main,-0.005054773291575,6.29124161226343,0.824161073826,high,high
China,210300,210000,0.785,0.795817359608,0.79820957620109,0.920353314792489,0.734228511006808,0.752692036946531,0.798241646378558,main,0.00239221659308997,5.88438028455605,0.746987951807,middle,high
China,210400,210000,0.761,0.775426697214,0.77461699437579,0.913283763159024,0.739648251458268,0.687297851673421,0.774328633845951,main,-0.000809702838210025,5.11226829785694,0.779569892473,low,high
China,210500,210000,0.798,0.7779965639,0.780878244044353,0.913954041652635,0.737926251309008,0.705481968230139,0.780682442098688,main,-0.00288168014435297,5.06028381802671,0.795454545455,low,high
China,210600,210000,0.761,0.764856176177,0.769495128590697,0.909561828996644,0.721764944875947,0.693551295316783,0.769311455782761,main,0.00463895241369705,5.00079278618562,0.688073394495,low,high
China,210700,210000,0.776,0.758451489673,0.755677026654755,0.905063083910873,0.712354117877558,0.668627297550166,0.755416206483143,main,0.00277446301824502,5.5935116742737,0.596296296296,middle,middle
China,210800,210000,0.778,0.782281417867,0.777731866272859,0.913222076527401,0.715314620179566,0.720035259559836,0.777694610227246,main,-0.00401328413985891,6.05096220998713,0.669527896996,middle,high
China,210900,210000,0.753,0.755768577554,0.753771875377445,0.893251571030435,0.709724722478718,0.674975418123965,0.753558939601607,main,-0.0019967021765549,5.08111071436088,0.618181818182,low,middle
China,211000,210000,0.781,0.779873294603,0.775984217970228,0.909436073632296,0.718948131636773,0.714434533751566,0.775908885103292,main,0.00388907663277205,5.83047777067468,0.66875,middle,high
China,211100,210000,0.822,0.821947634377,0.814333111579474,0.915273375159692,0.737445410071193,0.800751892058517,0.814565902169202,main,0.00761452279752606,5.83837088952093,0.824427480916,middle,high
China,211200,210000,0.738,0.731246256093,0.728319358714365,0.894432907183007,0.702883566369876,0.613289033301846,0.727833630916852,main,0.00292689737863494,5.21670142058341,0.554621848739,low,middle
China,211300,210000,0.737,0.732239246758,0.728125814231608,0.883270194238811,0.686666597743968,0.635684325427017,0.727825052083075,main,0.00411343252639196,4.98827473967462,0.501742160279,low,low
China,211400,210000,0.748,0.748127324512,0.745619346682922,0.894389428529538,0.698667046167183,0.662763391336175,0.745392713055315,main,0.002253328805078,5.44062601178211,0.547325102881,middle,middle
China,220100,220000,0.817,0.79215857814,0.782467600972787,0.9015657971361,0.722008841013748,0.735927699513399,0.782453187700927,main,0.00969097716721301,5.90744160496857,0.659316427784,middle,high
China,220200,220000,0.765,0.773888484021,0.764530590314635,0.901579971267089,0.712679820607566,0.695627271190372,0.76458382407065,main,-0.00841907433563494,4.87997721514812,0.635359116022,low,middle
China,220300,220000,0.737,0.73991441386,0.730490309362673,0.882869573221027,0.684149153270107,0.645612220568247,0.730588831132085,main,0.00359527677732696,5.18046065116411,0.519337016575,low,low
China,220400,220000,0.762,0.758208571627,0.745189480892395,0.886102126473415,0.693139538648768,0.673901010624416,0.745246914223364,main,0.0130190907346049,5.27630921267265,0.58,middle,middle
China,220500,220000,0.755,0.782431474654,0.770885350224119,0.892846905525282,0.698393635677842,0.734486230388798,0.770821186619028,main,-0.011546124429881,4.43838627163766,0.607692307692,low,middle
China,220600,220000,0.772,0.795144080467,0.788922406797336,0.892399432790531,0.729772044186803,0.753867422945929,0.788885235797181,main,-0.00622167366966397,4.01719231436228,0.8,low,high
China,220700,220000,0.731,0.735780179547,0.718039513043019,0.864045258141195,0.668539045354108,0.641086678842697,0.71811391179524,main,0.00818030740998088,4.67498265896492,0.471111111111,low,low
China,220800,220000,0.73,0.74290874413,0.729178111557589,0.870131733511804,0.679864767133922,0.655563707994174,0.729246156062036,main,-0.012086855687589,4.11367587774662,0.541935483871,low,middle
China,230100,230000,0.793,0.809406297535,0.793387118595492,0.903543057356703,0.738812081886616,0.749227478680184,0.793777613269619,main,-0.016019178939508,5.24503705959108,0.706293706294,middle,high
China,230200,230000,0.746,0.735122974345,0.718398644845361,0.865478340561597,0.689504528752622,0.623135663432089,0.719104453019097,main,0.016724329499639,4.57077226125799,0.539603960396,low,middle
China,230300,230000,0.758,0.79714480434,0.779350747067001,0.882667772994758,0.734551924768076,0.731226764831586,0.779753411652433,main,-0.017794057272999,4.20784618287268,0.751677852349,low,high
China,230600,230000,0.81,0.807024127003,0.79197077780839,0.882749065169911,0.726762811227408,0.774925271286626,0.792191045073672,main,0.01505334919461,4.8838243186513,0.726618705036,low,high
China,230700,230000,0.774,0.807067873924,0.789750612243219,0.875470479309215,0.747183237429319,0.753910126517082,0.79006483907414,main,-0.0173172616807811,3.31415553983616,0.850574712644,low,high
China,231100,230000,0.77,0.764455727645,0.743388401590707,0.854006156950841,0.697992982074752,0.690400993063711,0.743825657914959,main,0.0210673260542931,3.00264404711326,0.65625,low,high
China,350100,350000,0.827,0.82767532507,0.819457938727178,0.916604264866533,0.720874903339149,0.83155448104638,0.819050782075447,main,0.00686673620282197,6.52272516327931,0.724759615385,high,high
China,350200,350000,0.845,0.842468760643,0.841030539237911,0.934741171228493,0.754090101935233,0.842984252475148,0.840707053859318,main,0.00143822140508898,7.98400427143356,0.893822393822,high,high
China,350300,350000,0.795,0.811927543698,0.799802787600483,0.899866771286206,0.689753375158534,0.822756588003489,0.799308576014687,main,-0.0121247560975171,6.67358592516115,0.626168224299,high,middle
China,350400,350000,0.809,0.792011844738,0.782102029911177,0.875303709588562,0.690398681569821,0.790530088452486,0.781734073929608,main,0.00990981482682296,4.69507846054324,0.630522088353,low,middle
China,350500,350000,0.807,0.823286383897,0.818451656594701,0.905304682452892,0.71807737326764,0.841955803774201,0.817997107465817,main,-0.00483472730229906,6.64992885550668,0.684869169511,high,high
China,350600,350000,0.788,0.792421876453,0.785702770695008,0.893254140268316,0.695397648644997,0.779913000621069,0.785388983425715,main,-0.00212464714800797,5.9207550946125,0.613861386139,middle,middle
China,350700,350000,0.784,0.780990630267,0.774428663303815,0.879160478090432,0.690956713811952,0.763785144834274,0.774158823999624,main,0.00656196696318501,4.63460000425387,0.597014925373,low,middle
China,350800,350000,0.802,0.807974823927,0.794545274236431,0.876424516772791,0.690399508378106,0.827395235697506,0.794040527200354,main,0.0014799018365691,4.97270614802547,0.626373626374,low,middle
China,350900,350000,0.785,0.781969259359,0.774488345102678,0.8829987936637,0.690259014603386,0.76142405854193,0.774223348120253,main,0.00748091425632191,5.45474865262672,0.609523809524,middle,middle
China,360100,360000,0.815,0.818602621901,0.820013857445082,0.919828668883014,0.731188235890921,0.81751756618212,0.819239863742831,main,0.00141123554408207,6.77017616556798,0.779552715655,high,high
China,360200,360000,0.76,0.785966501674,0.783915858253043,0.884401553260432,0.692523058136941,0.784225217323527,0.783143797539795,main,-0.00205064342095695,5.73534438982465,0.648148148148,middle,high
China,360300,360000,0.77,0.775972226395,0.776290342410724,0.894752549082746,0.705951757297481,0.737670990322877,0.775259132493069,main,0.000318116015724068,6.16230128856238,0.674033149171,high,high
China,360400,360000,0.763,0.77998694036,0.778220125502943,0.887929540772407,0.696446486412977,0.759506750028712,0.777319026656987,main,-0.0017668148570571,5.48813693211786,0.610869565217,middle,middle
China,360500,360000,0.794,0.799098062776,0.799339375671758,0.893275672191844,0.711868340559863,0.801015264100793,0.79862332887725,main,0.000241312895757906,5.94064657356273,0.741666666667,middle,high
China,360600,360000,0.784,0.782400825991,0.784567010738295,0.882799490578675,0.690615186106978,0.789882971291441,0.783827175172192,main,-0.00103216327070499,5.78535374383752,0.64347826087,middle,high
China,360700,360000,0.744,0.762404203939,0.756532967130074,0.880229139238201,0.687776704444559,0.712130304748846,0.755441589177012,main,-0.00587123680892598,5.43331934847671,0.552954292085,middle,middle
China,360800,360000,0.75,0.756072124661,0.75154980019129,0.870311323554266,0.674161128058187,0.7205790983519,0.750539120662884,main,-0.00452232446971002,5.1808174692335,0.523489932886,low,low
China,360900,360000,0.749,0.759980411204,0.75691789169123,0.881222163758305,0.686124625274409,0.714131965003685,0.755826817412531,main,-0.00306251951276992,5.59649399572558,0.562874251497,middle,middle
China,361000,360000,0.742,0.748040031385,0.749992582319273,0.874578301980232,0.686436651735101,0.699565538778036,0.748874754280476,main,0.00195255093427305,5.2656014743261,0.569060773481,middle,middle
China,361100,360000,0.741,0.754906672098,0.755923275581796,0.88188608559884,0.684277360642439,0.712658183494046,0.754817533050667,main,0.00101660348379595,5.65662567457535,0.543913713405,middle,middle
China,370100,370000,0.83,0.817098468754,0.823183248608524,0.926593759904228,0.730641580104574,0.824838169977794,0.823482109439567,main,-0.00608477985452394,6.80786340302665,0.734848484848,high,high
China,370200,370000,0.844,0.826007405999,0.828016485089583,0.931229277150945,0.73141398895356,0.83458367904734,0.828380608075324,main,-0.00200907909058301,6.80301394347003,0.762611275964,high,high
China,370300,370000,0.806,0.794949216467,0.79917789734118,0.925670147145254,0.725115846606211,0.759774391597214,0.798943562727728,main,-0.00422868087418005,6.67273129215794,0.740976645435,high,high
China,370400,370000,0.75,0.773085314895,0.770129980569505,0.89706571388028,0.689939737742643,0.73759408168327,0.769988573307326,main,-0.002955334325495,6.739777000346,0.593264248705,high,middle
China,370500,370000,0.845,0.799613586021,0.799335461075,0.901648713134637,0.715243861476663,0.792481203915976,0.799515385634711,main,0.000278124945999991,5.63442978311978,0.716894977169,middle,high
China,370600,370000,0.829,0.805772608364,0.810505500331693,0.92732625185829,0.722761659531375,0.794642428837624,0.810587315881749,main,-0.004732891967693,6.21951923550013,0.67323943662,high,high
China,370700,370000,0.788,0.783405591348,0.78720092213245,0.914374615632559,0.713687623640577,0.746812329941892,0.786951441699599,main,-0.00379533078444994,6.37423770183523,0.644302449414,high,high
China,370800,370000,0.773,0.773748219853,0.778383116302839,0.905257704719112,0.702230054678208,0.741286783809342,0.778178629565289,main,0.00463489644983894,6.61601409068114,0.6004784689,high,middle
China,370900,370000,0.77,0.768334519713,0.77649101807471,0.911795922427327,0.714467320725928,0.717240628818464,0.775976017733957,main,0.00482553778771,6.56432286641869,0.638686131387,high,middle
China,371000,370000,0.833,0.809736876223,0.811750464023735,0.925733457177135,0.715751747448743,0.807990249213756,0.811991529678951,main,-0.00201358780073502,6.19315169723397,0.701030927835,high,high
China,371100,370000,0.785,0.76994236586,0.774104216331717,0.901993975256791,0.707952297383104,0.725379713017274,0.773732808347144,main,-0.00416185047171702,6.3071973244412,0.612794612795,high,middle
China,371300,370000,0.747,0.765490723871,0.762860505148742,0.895866554521743,0.684828373487388,0.72293925196994,0.76262134765896,main,-0.00263021872225799,6.46491162364259,0.55031731641,high,middle
China,371400,370000,0.765,0.754713280064,0.760859858957833,0.897370984564597,0.692088235519209,0.708041710528073,0.760438525120197,main,-0.00614657889383308,6.29539798241561,0.532976827094,high,middle
China,371500,370000,0.751,0.738791260678,0.743759017829339,0.88981444094465,0.688529498973346,0.669559051355674,0.743025346504882,main,-0.0049677571513389,6.53618578421773,0.529411764706,high,low
China,371600,370000,0.774,0.763210320583,0.766910787304108,0.90001772677191,0.700872639403777,0.713865735211723,0.766482485601181,main,-0.00370046672110802,6.06685960837878,0.595419847328,high,middle
China,371700,370000,0.748,0.744160819385,0.750893401562294,0.889730471578648,0.682308442710576,0.696173632207992,0.750445100717757,main,-0.000945779052705986,6.5868174322582,0.506818181818,high,low
China,410100,410000,0.832,0.823671920268,0.820252939772234,0.926714832789198,0.737300653921323,0.811074830218029,0.821392158615939,main,0.00341898049576594,7.42661298142734,0.782884310618,high,high
China,410200,410000,0.75,0.754842568612,0.754047195378875,0.89155382577567,0.678262667381981,0.711374585435264,0.754885834126182,main,-0.000795373233125063,6.65193743599196,0.51966873706,high,low
China,410300,410000,0.789,0.791886589621,0.789173488530307,0.901028946511605,0.709443687298542,0.771947787127043,0.790220331746391,main,-0.002713101090693,6.14317396676081,0.650141643059,high,high
China,410400,410000,0.763,0.758688085407,0.752381380340273,0.886929962672783,0.676232917300609,0.712555533131513,0.753242443594413,main,0.00630670506672693,6.44946179541238,0.533066132265,high,middle
China,410500,410000,0.75,0.74998017263,0.743644062917821,0.888821669606933,0.677199752562024,0.684899124347819,0.744250860267535,main,0.00633610971217902,6.6163380300544,0.53102189781,high,low
China,410600,410000,0.772,0.767525298952,0.758702298146925,0.890104823739857,0.681745764128778,0.722243112545304,0.759595419657506,main,0.00882300080507492,6.59887601331896,0.611464968153,high,middle
China,410700,410000,0.764,0.752691840341,0.75249230104028,0.894530534757422,0.691999347799247,0.689711592114613,0.752990435952878,main,0.000199539300720031,6.63064255913691,0.575079872204,high,middle
China,410800,410000,0.784,0.782510439311,0.77983606906276,0.906196621056285,0.709098276865086,0.740281159780175,0.780623920358211,main,0.00267437024823991,6.7671629907728,0.630681818182,high,middle
China,410900,410000,0.75,0.746317223407,0.741507937443868,0.884571940676354,0.667226701874706,0.692965715724082,0.742288573497649,main,0.00480928596313202,6.78836054618209,0.501326259947,high,low
China,411000,410000,0.783,0.774434707546,0.767814833933806,0.898064272272353,0.68074279164254,0.743633630791511,0.768923553505688,main,0.00661987361219396,6.77918938695995,0.536529680365,high,middle
China,411100,410000,0.782,0.775833065085,0.769541426945787,0.900285877284672,0.681616562333967,0.745893579706121,0.770665315647792,main,0.00629163813921307,6.7814346674211,0.548523206751,high,middle
China,411200,410000,0.786,0.774525398404,0.768403076606857,0.883494614904324,0.690169367245424,0.74697034526696,0.769403780008873,main,0.006122321797143,5.33023310989474,0.573529411765,middle,middle
China,411300,410000,0.74,0.751775709929,0.749540156130013,0.881482183424765,0.673617226441462,0.711653556437374,0.750409717281428,main,-0.00223555379898699,5.90623987591939,0.506172839506,middle,low
China,411400,410000,0.737,0.737554659718,0.740748416126732,0.885634101150253,0.67154400437752,0.68525800210968,0.741414327153325,main,0.00319375640873198,6.59507220361477,0.461636828645,high,low
China,411500,410000,0.74,0.747806844445,0.745993908147016,0.882684058852316,0.672180258769658,0.701964596558072,0.746796170070859,main,-0.00181293629798396,5.8019530429703,0.5,middle,low
China,411600,410000,0.729,0.737260778456,0.736507965676959,0.887092184637588,0.665625272921881,0.678459016365956,0.737180872652247,main,-0.000752812779041045,6.62619835301298,0.425720620843,high,low
China,411700,410000,0.745,0.730220312183,0.727365037234564,0.880669891567989,0.662309868092793,0.661222233101837,0.727903723411173,main,0.00285527494843596,6.14354341488677,0.440798858773,high,low
China,420100,420000,0.859,0.832447521598,0.844150893960101,0.944495889757119,0.756872321510732,0.839243553311012,0.843406421388958,main,-0.0117033723621011,7.27166481498103,0.842660178427,high,high
China,420200,420000,0.791,0.78719740065,0.787471846513396,0.89423036721234,0.696411961101963,0.781717973090342,0.786662734919411,main,-0.000274445863395978,6.29532045767582,0.65991902834,high,high
China,420300,420000,0.783,0.78018997321,0.780139287385663,0.884087466066793,0.690556075298689,0.775399284221742,0.779363136271507,main,5.06858243370933e-05,4.90346413058843,0.618296529968,low,middle
China,420500,420000,0.829,0.788893505871,0.797729944752738,0.909930872504546,0.708486142941857,0.78468698585651,0.796792804477071,main,-0.00883643888173791,5.24180626145556,0.639097744361,middle,middle
China,420600,420000,0.801,0.777847080616,0.784284750909342,0.898534115614273,0.69895421974281,0.765117680063101,0.783256209585984,main,-0.00643767029334197,5.58998951962802,0.615969581749,middle,middle
China,420700,420000,0.809,0.791670435308,0.789874205057483,0.900725677291206,0.699049601763748,0.780019457064637,0.788984837952426,main,0.00179623025051701,6.52420669748711,0.666666666667,high,high
China,420800,420000,0.803,0.77642915603,0.785112829159409,0.899189021588713,0.696337995386945,0.770019077653196,0.78413503410751,main,-0.0086836731294091,5.33147000333803,0.602362204724,middle,middle
China,420900,420000,0.767,0.769960261422,0.778214004987593,0.903707264042088,0.700562328527684,0.740574397871265,0.77686892373492,main,0.00825374356559294,6.14337838906261,0.6038647343,high,middle
China,421000,420000,0.765,0.761947578411,0.773965117456225,0.904609869944636,0.695735371536727,0.732560760394657,0.772531776933327,main,0.00591269586722498,5.90620635075243,0.562015503876,middle,middle
China,421100,420000,0.748,0.747026735601,0.749927432292469,0.888405699699357,0.674967207989582,0.698780235557384,0.748304242829001,main,0.000954167893469027,5.80842537767278,0.474956822107,middle,low
China,421200,420000,0.776,0.759211869173,0.760228152308244,0.878993139355697,0.679563115899707,0.732149855657942,0.759052395411499,main,-0.00101628313524404,5.62104809863083,0.563432835821,middle,middle
China,421300,420000,0.771,0.770197166228,0.771037267380722,0.88524147851326,0.683850553013034,0.754241835989474,0.770036287950918,main,-0.000765566391278005,5.34760977781229,0.577114427861,middle,middle
China,430100,430000,0.84,0.828084844728,0.830350390644507,0.928797302092006,0.7449428606208,0.833402495580795,0.832337703801255,main,-0.00226554591650696,6.74778762667698,0.826043737575,high,high
China,430200,430000,0.803,0.791183334765,0.79696870603311,0.904921146378174,0.720921147416605,0.781083266262468,0.798727453354446,main,-0.00578537126810996,5.84935602218058,0.712820512821,middle,high
China,430300,430000,0.804,0.783237728434,0.787804039878436,0.911037347091195,0.707956911318249,0.763403947293546,0.789646053674917,main,-0.00456631144443598,6.30135996407238,0.641025641026,high,high
China,430400,430000,0.759,0.760332080346,0.764567539426406,0.894160917529026,0.688685816478995,0.730767920618907,0.766311657371399,main,0.00423545908040601,6.07524493345352,0.542168674699,high,middle
China,430500,430000,0.734,0.744529551798,0.750128507752224,0.88633070059802,0.680794623059368,0.703953171150219,0.751712709500336,main,0.00559895595422399,5.75628672108161,0.521341463415,middle,low
China,430600,430000,0.79,0.781602254911,0.783972356149273,0.899840787920654,0.700031361483527,0.7706290697574,0.785916101402497,main,-0.00237010123827297,5.83111631301056,0.605940594059,middle,middle
China,430700,430000,0.781,0.774623948752,0.776647365146182,0.907798682233581,0.69671365277079,0.745952552526736,0.77848758521673,main,-0.00202341639418202,5.67440097414354,0.5625,middle,middle
China,430800,430000,0.754,0.738968720362,0.737648735002229,0.877440901259119,0.677451913690957,0.678983246038192,0.739012530628935,main,0.00131998535977096,5.07878607591248,0.513157894737,low,low
China,430900,430000,0.757,0.75101544314,0.752327408028958,0.892568073144185,0.684890911870754,0.700836177048271,0.753864144652358,main,-0.00131196488895802,5.74712212707917,0.503896103896,middle,low
China,431000,430000,0.766,0.755768347344,0.760114229725965,0.879494333625808,0.691486575107024,0.726637484872156,0.761689903461407,main,-0.00434588238196498,5.49318590869319,0.581196581197,middle,middle
China,431100,430000,0.745,0.733434190661,0.733786769162577,0.874565831424022,0.672464221739823,0.675638121208781,0.735177055909976,main,-0.000352578501576994,5.47500057703603,0.467924528302,middle,low
China,431200,430000,0.737,0.731226285757,0.731072869673359,0.876248167296032,0.672500747170934,0.666678526659702,0.732395139719431,main,0.000153416083640945,5.11980406262187,0.471615720524,low,low
China,431300,430000,0.748,0.745970474063,0.742187623572633,0.882500371366026,0.673786640043868,0.691893572961259,0.743747518241575,main,0.00378285049036697,6.15987735244342,0.469973890339,high,low
China,440100,440000,0.863,0.844237231148,0.84476504553386,0.939901224788503,0.773636578419517,0.831914403382899,0.845731717373007,main,-0.000527814385860026,7.83746875804437,0.861792956243,high,high
China,440200,440000,0.764,0.755618561202,0.747973131738636,0.876716242305482,0.676681144839912,0.707861018358354,0.748853806132697,main,0.007645429463364,5.05223249451764,0.573426573427,low,middle
China,440300,440000,0.88,0.86242438127,0.8675231376785,0.951041490169683,0.810354663688083,0.849372505040183,0.868275605184258,main,-0.00509875640849999,9.01858786865299,0.998298355077,high,high
China,440400,440000,0.864,0.840700879651,0.835221194213917,0.918439541959162,0.760304207764667,0.837588145329352,0.836288573886091,main,0.00547968543708299,7.13435066595104,0.90612244898,high,high
China,440500,440000,0.761,0.794561835324,0.794613349150942,0.906176378112877,0.731105274554336,0.759566179403828,0.795400923765183,main,5.15138269419069e-05,7.75958421028202,0.707272727273,high,high
China,440600,440000,0.839,0.841098014167,0.846034292851048,0.936503186885286,0.790481759349566,0.820063503830126,0.846738939335592,main,0.004936278684048,7.82701757864914,0.951680672269,high,high
China,440700,440000,0.796,0.788581678301,0.787801183560889,0.909419785676138,0.716429886127603,0.753006543510697,0.788700799448984,main,0.000780494740110993,6.20658116163479,0.677083333333,high,high
China,440800,440000,0.754,0.751606822834,0.743162942055287,0.874219018958957,0.658489681443343,0.716197818347489,0.74427609907969,main,0.00844388077871305,6.24982824356386,0.454154727794,high,low
China,440900,440000,0.761,0.747367431154,0.73838215417217,0.871473326613673,0.655527839890145,0.707774267239312,0.739457700958688,main,0.00898527698182994,6.29333468002305,0.435275080906,high,low
China,441200,440000,0.768,0.7638235476,0.757499711989812,0.879429208580719,0.67068802620364,0.740364094982569,0.758674689957837,main,0.00632383561018801,5.6261190579551,0.509708737864,middle,low
China,441300,440000,0.794,0.80288433973,0.793254638533172,0.895087315772589,0.717393927041854,0.780389136815133,0.794288189000708,main,-0.00813897826317189,6.27072534641509,0.726072607261,high,high
China,441400,440000,0.749,0.750567979209,0.741142587263816,0.880554318488989,0.663469764600521,0.699560141437284,0.742108572034268,main,0.00628943352718403,5.50125391900805,0.516795865633,middle,low
China,441500,440000,0.738,0.752666926094,0.744861018273745,0.873375800777056,0.670563954096347,0.708302453837146,0.745795974813655,main,-0.00780590782025503,6.21684046048169,0.569288389513,high,middle
China,441600,440000,0.75,0.735306415392,0.722997776954365,0.862961650988096,0.652581916221966,0.673426659321432,0.723833944202785,main,0.0123086384376351,5.20638276481444,0.485915492958,low,low
China,441700,440000,0.767,0.753568994582,0.749258475589749,0.877904869962728,0.67822340192671,0.708920713621182,0.750134773723749,main,0.00431051899225099,5.78162244033429,0.540229885057,middle,middle
China,441800,440000,0.753,0.743332844439,0.735960310174503,0.874377666149609,0.670784436770379,0.681712890374896,0.736706519722509,main,0.00737253426449702,5.3453107258675,0.546599496222,middle,middle
China,441900,440000,0.815,0.840567735553,0.84395433668151,0.93742046381234,0.793704759273159,0.809642739376064,0.844556962647744,main,0.00338660112850997,8.35715715958365,0.921755725191,high,high
China,442000,440000,0.805,0.828255006445,0.827262339508107,0.921054410853846,0.767431847108109,0.803190782480179,0.828033562062097,main,-0.000992666936893039,7.79976537993045,0.869074492099,high,high
China,445100,440000,0.748,0.772779175534,0.767597835045708,0.899226031867376,0.702072164637995,0.718547825709354,0.768367113187186,main,-0.005181340488292,6.67174078345291,0.642023346304,high,high
China,445200,440000,0.739,0.750914644061,0.741398281122353,0.884608130555427,0.670105094814307,0.689826200327219,0.74224026569714,main,-0.00951636293864699,6.96040700184565,0.507168458781,high,low
China,445300,440000,0.762,0.735149007105,0.722447463106276,0.865581161977205,0.64906725097571,0.673609866643437,0.723328056765124,main,0.0127015439987239,5.72568910926326,0.436974789916,middle,low
China,450100,450000,0.776,0.787588917594,0.786918214287074,0.89769306688834,0.717782795532759,0.759284795435402,0.787967925278311,main,-0.000670703306925979,5.98453111323311,0.689142857143,middle,high
China,450200,450000,0.782,0.792610752998,0.796008369031797,0.894164126152697,0.717645985344931,0.791491114433439,0.797855999564438,main,0.00339761603379696,5.41465516577842,0.699519230769,middle,high
China,450300,450000,0.757,0.754040137981,0.751993353170794,0.880446597935846,0.684047522868281,0.705679168066345,0.75185171913559,main,0.00204678481020604,5.18901340036424,0.525354969574,low,low
China,450400,450000,0.741,0.732312411898,0.725084087787161,0.85746905847816,0.672897793515753,0.656524028184923,0.723556966145872,main,0.00722832411083896,5.41890416353097,0.567375886525,middle,middle
China,450500,450000,0.792,0.757358755282,0.754797391213792,0.878455052646031,0.69080151421267,0.708562149586895,0.754773988923638,main,0.00256136406820806,6.18727096824684,0.583783783784,high,middle
China,450600,450000,0.775,0.744494970102,0.741411835750843,0.854662845966794,0.688652913093785,0.692235950534697,0.741338328663037,main,0.00308313435115704,5.13410103044618,0.609523809524,low,middle
China,450700,450000,0.739,0.721373109574,0.710874549993612,0.848710092310936,0.649054332269831,0.64823122399831,0.709452715426045,main,0.010498559580388,5.71527916149504,0.419939577039,middle,low
China,450800,450000,0.721,0.716411034355,0.716946322167919,0.862715317585861,0.668455329563306,0.630980411715559,0.713923907254133,main,-0.000535287812919005,6.01179639858666,0.5,middle,low
China,450900,450000,0.729,0.728960566502,0.725042816259399,0.861526670752844,0.664185417370626,0.662597480323876,0.723773393909119,main,0.00391775024260099,6.11568522172631,0.498275862069,high,low
China,451000,450000,0.73,0.714308607556,0.712870300274594,0.852448827182446,0.657504638642409,0.640986054609115,0.71089464025712,main,0.00143830728140604,4.60336896524343,0.432960893855,low,low
China,451100,450000,0.741,0.71595959587,0.710186317468049,0.845517573245781,0.660018316743136,0.6363879253693,0.708163468151587,main,0.00577327840195097,5.14761517266373,0.492537313433,low,low
China,451200,450000,0.713,0.703140874839,0.700798412180621,0.846223520002926,0.650623467597242,0.617134975764393,0.697801114603875,main,0.00234246265837901,4.63634224043278,0.450292397661,low,low
China,451300,450000,0.732,0.7015011974,0.701427086933793,0.851229671853295,0.667969412072946,0.59396356497046,0.696392969732171,main,7.41104662070891e-05,5.05320902607428,0.485576923077,low,low
China,451400,450000,0.707,0.724945663603,0.718087078039321,0.856138714694457,0.664310763182947,0.645840688657593,0.716165852019233,main,-0.00685858556367891,4.79932964656988,0.44019138756,low,low
China,460100,460000,0.801,0.820596131606,0.813172262984678,0.914478027289106,0.730844777338752,0.800755782409491,0.811894318051666,main,-0.00742386862132194,7.05731758467039,0.81660899654,high,high
China,460200,460000,0.794,0.814795490293,0.805241456723759,0.888530289230199,0.711889616850759,0.816735079957131,0.80239590161533,main,-0.009554033569241,6.04499032607296,0.701923076923,middle,high
China,510100,510000,0.821,0.811772291845,0.826400551278181,0.945172833607661,0.753668333052374,0.800409010784102,0.829216284800873,main,-0.00382715687681889,7.28792537502882,0.787589498807,high,high
China,510300,510000,0.758,0.770079104736,0.776044731030979,0.916179349849718,0.700327008285201,0.732825609779009,0.77760791188554,main,0.00596562629497899,6.34767581550841,0.55421686747,high,middle
China,510400,510000,0.79,0.782278378754,0.786481133388765,0.89724916291271,0.727635450727994,0.751069899622603,0.788561838955607,main,-0.00420275463476505,5.10296852247615,0.694214876033,low,high
China,510500,510000,0.751,0.755293374337,0.763625007055208,0.897975059288567,0.687823921259384,0.726179615050432,0.765470634364198,main,0.00833163271820803,5.85552581130935,0.50234741784,middle,low
China,510600,510000,0.77,0.76762461927,0.780211100818424,0.92142406067006,0.706740367613188,0.73314123356821,0.781572069405359,main,0.00783572008842404,6.37488522136153,0.557803468208,high,middle
China,510700,510000,0.776,0.772043717108,0.777158212948147,0.904454518300262,0.701912452593541,0.745936511730328,0.779454044835992,main,-0.00279806994385301,5.48632687561906,0.517453798768,middle,low
China,510800,510000,0.739,0.743923363776,0.749711203194645,0.888096353559181,0.679378703708139,0.701511322446764,0.750819540695154,main,0.00578783941864502,4.95973883444748,0.471861471861,low,low
China,510900,510000,0.749,0.760379962183,0.766012180133389,0.913233697113913,0.703490598900842,0.699439277403878,0.765943522271163,main,0.00563221795038904,6.27353872032861,0.570921985816,high,middle
China,511000,510000,0.743,0.752186877784,0.759232065150235,0.911163947915831,0.693200186928485,0.692406475155874,0.759053009444256,main,0.00704518736623505,6.37030061287177,0.5,high,low
China,511100,510000,0.767,0.764071243069,0.771907700446135,0.904392540496915,0.699395828251003,0.732201031203779,0.773695578728877,main,0.00197894351513495,5.51761200234272,0.53164556962,middle,middle
China,511300,510000,0.735,0.760818261722,0.765816015183614,0.912689008710688,0.694112665753256,0.711000695365576,0.766550794989386,main,0.00499775346161402,6.11032243202403,0.502673796791,high,low
China,511400,510000,0.749,0.749287726095,0.76035877790229,0.90907101739783,0.694015110752355,0.697076765902266,0.760470634862015,main,0.01107105180729,6.02218095923754,0.5,middle,low
China,511500,510000,0.762,0.758513186461,0.760884958452696,0.894169899242193,0.68740580585693,0.721596671257126,0.762621867860506,main,-0.00237177199169603,5.8490226513583,0.514161220044,middle,low
China,511600,510000,0.731,0.734057446192,0.745836000850937,0.901177147616883,0.677485102656941,0.678551925594175,0.745471427530561,main,0.0117785546589371,6.24124760410226,0.44,high,low
China,511700,510000,0.738,0.750125621245,0.760209636639473,0.899693704865608,0.693914401639219,0.705912939830083,0.760998688902333,main,0.010084015394473,5.7866767433543,0.497217068646,middle,low
China,511800,510000,0.756,0.74976818582,0.75886400543485,0.880743421033104,0.693831427347099,0.720253641700364,0.760669984001634,main,-0.00336780874514997,4.56806677113417,0.531468531469,low,middle
China,511900,510000,0.722,0.741278585138,0.747801085698111,0.891611064668282,0.6768799758914,0.695015577816803,0.748561037223134,main,0.00652250056011094,5.40018192148126,0.461254612546,middle,low
China,512000,510000,0.719,0.739620990556,0.742221847888598,0.901726796841652,0.671350586432771,0.67399001851527,0.741696001624795,main,0.00260085733259807,5.99823463396094,0.411255411255,middle,low
China,520100,520000,0.775,0.806355853186,0.817268929695734,0.914583006057834,0.739670508471452,0.811880728558743,0.81893837266026,main,0.0109130765097339,6.61404826732624,0.801335559265,high,high
China,520200,520000,0.719,0.71801346166,0.733535418892824,0.867511430856516,0.668869272683847,0.678012492007204,0.732742500656065,main,0.0135488805528241,5.72617048394528,0.488448844884,middle,low
China,520300,520000,0.738,0.741077404545,0.754121214152484,0.884894115276907,0.696427143433008,0.692580639122765,0.752914708074041,main,0.013043809607484,5.37457932956987,0.567322239032,middle,middle
China,520400,520000,0.707,0.728595689127,0.740882837909763,0.870079597857332,0.660990631831858,0.708760737513627,0.741454741805275,main,0.0122871487827629,5.59100659657779,0.465587044534,middle,low
China,520500,520000,0.686,0.704011665212,0.72405598020261,0.864893474767977,0.659339384168283,0.662720001309719,0.722992688861481,main,0.02004431499061,5.55306820589212,0.421739130435,middle,low
China,520600,520000,0.717,0.745364602968,0.742452787306923,0.872969067788758,0.660361163169549,0.711921793394437,0.743140429344235,main,-0.00291181566107701,5.21592576440204,0.460606060606,low,low
China,530100,530000,0.805,0.790769661409,0.82431987798724,0.917889272160004,0.750397518010885,0.813048178620388,0.824263346679278,main,0.00508953939623991,6.00027029688202,0.796690307329,middle,high
China,530300,530000,0.736,0.715700490048,0.741707604681522,0.872097669948954,0.678921802062359,0.68756587983132,0.741139111928195,main,-0.014591905270478,5.30114710120264,0.490467937608,middle,low
China,530400,530000,0.782,0.762481581864,0.780657190986775,0.883077255057516,0.69136022340355,0.779395231656583,0.780704970266468,main,-0.018175609122775,5.02134654618545,0.537777777778,low,middle
China,530500,530000,0.73,0.712661176314,0.726328313366736,0.862237210465054,0.65616246314479,0.675785149784851,0.725797713710129,main,-0.0136671370527359,4.8557141442587,0.349794238683,low,low
China,530600,530000,0.68,0.684997357252,0.700827501881689,0.856471320855131,0.659084060702255,0.606953395351474,0.699739396929034,main,0.015830144629689,5.42857101688574,0.39489194499,middle,low
China,530700,530000,0.726,0.725442392361,0.747503787361951,0.858243036576928,0.680723617975211,0.714008899658612,0.747185171033762,main,0.0209461797229511,4.13176969752925,0.47619047619,low,low
China,530800,530000,0.711,0.709035767872,0.717159529939626,0.850956440856107,0.660604425053957,0.654277173450017,0.716479098897938,main,0.00419529781162598,4.01585099439812,0.402489626556,low,low
China,530900,530000,0.704,0.703942601203,0.71325244032546,0.851525412060165,0.647303230828909,0.656621314346797,0.71264534822562,main,0.00919504152846007,4.56966308871936,0.349557522124,low,low
China,540100,540000,0.735,0.77213660413,0.794808021798569,0.85042153420253,0.70430245404694,0.841406750914012,0.795792449444296,main,0.0226714176685691,3.41164492062828,0.701149425287,low,high
China,540300,540000,0.659,0.640769288817,0.671385691520208,0.837368041848341,0.594149780458927,0.606524214916066,0.670738891997916,main,-0.00584501966279205,2.06962197801324,0.171052631579,low,low
China,540400,540000,0.729,0.727351811759,0.730702060891653,0.834861227414046,0.627695149612257,0.746377732036613,0.731319655857265,main,5.38726506530418e-05,1.1289922183346,0.416666666667,low,low
China,540500,540000,0.705,0.710848080753,0.711416915216079,0.832192615099745,0.612144767228546,0.707810055248865,0.711756719079113,main,0.000568834463078982,1.71623988971378,0.305555555556,low,low
China,540600,540000,0.611,0.619585144479,0.6619848886053,0.833155267181032,0.595482963970088,0.582286428854004,0.661064726818336,main,0.0423997441263,0.882271843930983,0.24,low,low
China,610100,610000,0.826,0.825611691927,0.82501168287384,0.932801267930097,0.739879019700266,0.814040172929475,0.825148078535678,main,0.000600009053160044,7.15792291249827,0.791666666667,high,high
China,610200,610000,0.773,0.768010393145,0.770993817769806,0.886722527492108,0.70094513108653,0.738157658009691,0.771270934206274,main,-0.00298342462480605,5.21072055570822,0.633802816901,low,middle
China,610300,610000,0.787,0.772375201917,0.771238742441947,0.89290428960137,0.693436250237991,0.741642348978896,0.771498922364589,main,0.00113645947505303,5.21736696634374,0.569277108434,low,middle
China,610400,610000,0.771,0.76520399572,0.766055816276377,0.895828800118711,0.698351624571221,0.71963218237128,0.766425445709965,main,-0.000851820556377003,5.95190928494066,0.555555555556,middle,middle
China,610500,610000,0.752,0.742305758834,0.740668038545736,0.893812377304338,0.688985450773835,0.661371561465612,0.741254445022434,main,0.00163772028826392,5.89164956596342,0.492537313433,middle,low
China,610600,610000,0.777,0.760473827806,0.754500681454437,0.862934219294727,0.690555404852442,0.721564013543487,0.754774168647476,main,0.00597314635156299,4.13605679245033,0.614035087719,low,middle
China,610700,610000,0.75,0.740244142141,0.748695084573723,0.885435342520753,0.684296072167776,0.693832793040241,0.749120889175471,main,-0.00845094243272304,4.78411540609513,0.510903426791,low,low
China,610800,610000,0.799,0.760733275963,0.759217335890746,0.870354641419964,0.696185992443638,0.723074539296517,0.759512396540626,main,0.00151594007225397,4.44916455456486,0.617079889807,low,middle
China,610900,610000,0.733,0.749955863691,0.744199579296369,0.872639557652412,0.673347125574214,0.702407331899632,0.744539335962338,main,-0.00575628439463094,4.67189091420984,0.497991967871,low,low
China,611000,610000,0.72,0.715721495704,0.713896165877947,0.86237072325148,0.670419352014333,0.630914650126828,0.714502445190238,main,0.00182532982605299,4.66123476504126,0.478048780488,low,low
China,620100,620000,0.778,0.814764666885,0.824781101330391,0.920936558433277,0.740905534510498,0.831031718320141,0.827694464697242,main,0.0100164344453909,5.80536191666135,0.830663615561,middle,high
China,620200,620000,0.817,0.812672070384,0.821887951962014,0.911901105958857,0.736448126018716,0.835687593914322,0.8248556488541,main,0.000560022346014155,5.53782992541305,0.967741935484,middle,high
China,620300,620000,0.783,0.778306270087,0.797908708817755,0.884298833608601,0.722568964232854,0.802873817613442,0.800525585940182,main,0.010214978904755,4.072523468903,0.772727272727,low,high
China,620400,620000,0.724,0.723694913869,0.732993774560613,0.861876845703673,0.678035662184943,0.679190799761197,0.734902708918701,main,0.00868868842961301,4.3324272349882,0.562913907285,low,middle
China,620500,620000,0.687,0.70964975923,0.717207581184738,0.873711943384834,0.67660802322089,0.627752513020205,0.718617780475984,main,0.00755782195473809,5.34579808783103,0.456375838926,middle,low
China,620600,620000,0.723,0.711204433015,0.726529007894789,0.871416598433789,0.677327529710737,0.65432789629883,0.728237989301068,main,-0.0082665590902109,3.82993725600438,0.472602739726,low,low
China,620700,620000,0.728,0.745905097317,0.749191376617618,0.862582115256739,0.677284401331077,0.727014536642918,0.7516890187268,main,0.00328627930061798,3.41365752125457,0.513274336283,low,low
China,620800,620000,0.69,0.710142781352,0.716275111204097,0.873609558948427,0.671270436424508,0.630761265359966,0.717838319368418,main,0.006132329852097,5.1145902638453,0.451086956522,low,low
China,620900,620000,0.764,0.768951116164,0.77508506458755,0.855837451686998,0.697931848397029,0.787663585565683,0.777764931469008,main,0.00613394842354997,1.99077284993185,0.641509433962,low,high
China,621000,620000,0.727,0.703251112602,0.703341689019293,0.856276636336094,0.659805297367359,0.61982262336023,0.70485389732229,main,-9.05764172929313e-05,4.39966951698432,0.417431192661,low,low
China,621100,620000,0.663,0.682059799576,0.694153808849729,0.865424168640922,0.666861027113732,0.5819435967891,0.695101805906606,main,0.0120940092737289,4.86312292023074,0.384920634921,low,low
China,621200,620000,0.663,0.678019660968,0.685582171291393,0.858943652246444,0.656796865558348,0.573695592762988,0.686582010200457,main,0.00756251032339295,4.4667237374311,0.3625,low,low
China,630100,630000,0.761,0.784243925611,0.799484395131129,0.902839643147291,0.730110265266913,0.775130960417485,0.799450146278457,main,0.015240469520129,5.78738077312113,0.785425101215,middle,high
China,630200,630000,0.707,0.695062705076,0.701479042957138,0.845055562350988,0.657292576766884,0.622017451401321,0.701695762592735,main,-0.00641633788113805,4.65967447426535,0.404411764706,low,low
China,640100,640000,0.796,0.809144844636,0.804674401307582,0.90273857242745,0.734511712086426,0.787779884966801,0.805357184566854,main,-0.00447044332841795,6.03141100310788,0.804195804196,middle,high
China,640200,640000,0.778,0.772607717726,0.77988221924518,0.891092818210022,0.731713123011669,0.731615004688904,0.781355722356495,main,-0.00351006302882007,5.21947249288817,0.786666666667,middle,high
China,640300,640000,0.74,0.736504623204,0.734686128415769,0.851953887151123,0.676344393960499,0.690788105400165,0.735602073532776,main,0.00181849478823104,4.42021180126955,0.557971014493,low,middle
China,640400,640000,0.714,0.708026963116,0.714391473001892,0.844181367811544,0.662456140522817,0.654091912089544,0.715172089467575,main,-0.00558156388210795,4.69404672432088,0.438596491228,low,low
China,640500,640000,0.733,0.723476797501,0.724611319106652,0.846280388295095,0.670362007538409,0.673242103468611,0.725546045281519,main,-0.00113452160565197,4.37504511587068,0.495327102804,low,low
China,650200,650000,0.871,0.806468483312,0.806074679698979,0.881057991373727,0.739701659964129,0.807023532022678,0.807202370900417,main,0.000393803613021104,4.18042358164358,0.913043478261,low,high
USA,01001,01,0.899059951499,0.872929537087,0.905372821082167,0.883758238884817,0.86279347906737,0.952523731235754,0.898887576406503,main,-0.0198175448288329,3.62030290918,0.510706035784,high,high
USA,01003,01,0.910353014112,0.897473127128,0.911456993714324,0.897581825449094,0.862969735902002,0.965150128190382,0.907586783137419,main,-0.011775907381676,3.84994820413,0.314336102341,high,middle
USA,01005,01,0.844566237946,0.862131585937,0.891266343533291,0.880400793828548,0.844273178836072,0.943304970285701,0.888393107160247,main,0.029134757596291,2.50379524939,0.23342972816,middle,middle
USA,01007,01,0.84508957139,0.874877507798,0.886942645667187,0.873086857944012,0.84257513809761,0.936073709327699,0.8830637279117,main,0.0120651378691869,2.72223876722,0,middle,low
USA,01009,01,0.860339172253,0.865877868587,0.880558683542969,0.863476174140056,0.827489033673317,0.939326202590507,0.875540716692934,main,0.014680814955969,3.55658679984,0,high,low
USA,01011,01,0.8304021878,0.85571276291,0.880617802809884,0.867355078304617,0.834552602506718,0.931628833462886,0.876929178655248,main,0.024905039899884,1.99244292574,0,low,low
USA,01013,01,0.855063150912,0.858711353467,0.889129408490967,0.877424118987886,0.834955408017258,0.949119847706973,0.885927062935042,main,0.030418055023967,2.38608274124,0,low,low
USA,01015,01,0.876507127809,0.888023530772,0.912787728393931,0.891207079172142,0.869335207064559,0.960905567519675,0.906321331668282,main,0.0247641976219309,4.31035065659,0.426903860556,high,high
USA,01017,01,0.861028676846,0.879769852935,0.893190656498534,0.879883343855666,0.84441738274755,0.947200515263607,0.889490667225463,main,0.013420803563534,3.07650420076,0.187766395068,middle,middle
USA,01019,01,0.867828981248,0.869684806731,0.891078402600143,0.880023539193775,0.838648575503738,0.949137403745147,0.888112120292551,main,0.021393595869143,2.93288261342,0,middle,low
USA,01021,01,0.863108572816,0.86030166406,0.88534030175767,0.866925182901603,0.833656511356766,0.94257316732762,0.879889116564615,main,0.01942482018567,3.21737730353,0,middle,low
USA,01023,01,0.862484236912,0.859131977811,0.881517357783948,0.880895264789455,0.828075672710759,0.940696855918664,0.882025886410528,main,0.015680861770948,1.84726692496,0,low,low
USA,01025,01,0.861080531901,0.876346953767,0.894745820328619,0.883880596156548,0.842566551707762,0.952527361569132,0.891849879647021,main,0.018398866561619,2.14023888134,0,low,low
USA,01027,01,0.865162216394,0.86105113227,0.875359383925368,0.870172215376014,0.822562584361181,0.933824757856764,0.874338996854188,main,0.00608608340736794,2.24483151439,0,low,low
USA,01029,01,0.865424815855,0.870123595204,0.880942798351863,0.875395151213725,0.826161401854236,0.94160584719489,0.879790756585199,main,0.010819203147863,2.40124664986,0,middle,low
USA,01031,01,0.890857232674,0.871261564941,0.904773959193504,0.887895520514617,0.858027236136267,0.956539684884624,0.899888379759463,main,-0.00567894121349588,3.37861021096,0.437791562081,middle,high
USA,01033,01,0.87589105268,0.879594715362,0.913619646864281,0.894975405252815,0.86827763452219,0.963829843850928,0.908148133937392,main,0.034024931502281,3.54777770957,0.464195578061,high,high
USA,01035,01,0.845246737278,0.854822375199,0.874237675591184,0.873251063932344,0.819238805665305,0.935141547086489,0.874599041893257,main,0.0194153003921841,1.88994221091,0,low,low
USA,01037,01,0.860270890574,0.874061152175,0.869653138825221,0.868922635535012,0.822284142832444,0.922107948327558,0.870151614927074,main,-0.00440801334977903,2.01200923071,0,low,low
USA,01039,01,0.866561807075,0.862170801968,0.894849195208125,0.885970890007505,0.842012872503584,0.95335833571626,0.89261623986517,main,0.0238963830261251,2.67572075459,0.14531234355,middle,middle
USA,01041,01,0.870245088137,0.845172498447,0.871647244073856,0.863642182590314,0.818515305588958,0.930483739408065,0.869673986423945,main,-0.0236704337531439,2.2479513149,0,low,low
USA,01043,01,0.863919279241,0.871453988354,0.898412084665853,0.879112478081724,0.847467257222012,0.954826647877274,0.892683075691454,main,0.026958096311853,3.73366682928,0.113910039577,high,middle
USA,01045,01,0.875865834597,0.866859966997,0.886090204228366,0.868705274764803,0.836527954525652,0.940973748035365,0.88100182514675,main,0.00121850203136609,3.53377742887,0.135088451745,high,middle
USA,01047,01,0.847365995335,0.862749380725,0.892869114790978,0.883992925388502,0.84453488819706,0.946392787718589,0.890661340856435,main,0.030119734065978,2.84510251588,0.398814929775,middle,middle
USA,01049,01,0.859090150205,0.857719308875,0.883074575203803,0.864736880391949,0.829671800645541,0.942210985162271,0.877632757380389,main,0.022613583668803,3.57862964149,0,high,low
USA,01051,01,0.888974152159,0.873734047601,0.895948246535798,0.873079611040725,0.852435842837774,0.944132397352857,0.889029454251643,main,-0.00826601018120199,4.18400380281,0.27685872977,high,middle
USA,01053,01,0.847697637678,0.861273684217,0.890619473634323,0.877706429848163,0.839014322496777,0.947765256767915,0.887033073245258,main,0.029345789417323,2.76798218473,0,middle,low
USA,01055,01,0.870792638475,0.885282655159,0.907227641865937,0.884547667956442,0.860689588497556,0.958762293865321,0.900380842102135,main,0.021944986706937,4.29259744431,0.33177360873,high,middle
USA,01057,01,0.864516215102,0.867255299431,0.885779518391027,0.874513066243387,0.832226184910306,0.945082652161788,0.882725806602617,main,0.018524218960027,2.38795561894,0,low,low
USA,01059,01,0.85667438368,0.85976393691,0.881751788087346,0.867850492738028,0.828780017984618,0.94041091842154,0.877810186434487,main,0.021987851177346,2.97132749821,0.181739963297,middle,middle
USA,01061,01,0.860154741457,0.852824823696,0.880955791520991,0.871351955558206,0.827218477370528,0.940462659206335,0.878452866835315,main,0.013471132302991,2.91347863722,0,middle,low
USA,01063,01,0.832101938239,0.849259764085,0.866144866519451,0.863324945063944,0.809135714869523,0.929274855386912,0.865857883765161,main,0.016885102434451,1.79327470131,0,low,low
USA,01065,01,0.855977444011,0.850787945762,0.873101313120222,0.866306494532578,0.818400332736138,0.93367531190364,0.871520782052312,main,0.0119343708602221,2.26166835079,0,low,low
USA,01067,01,0.874754828171,0.858299307613,0.879871830273055,0.869127003987967,0.825174066648695,0.940442266926539,0.876974538824892,main,-0.011338518455945,2.53200241967,0,middle,low
USA,01069,01,0.892787999459,0.883007742533,0.916951890773307,0.894671445022326,0.871724608312935,0.967035039804563,0.910252117069723,main,0.0143836343883069,4.22554119329,0.528541270906,high,high
USA,01071,01,0.853514971171,0.864168601885,0.889499680548384,0.87617226102034,0.838477659916449,0.945999724861769,0.885776189525752,main,0.025331078663384,2.95115161073,0,middle,low
USA,01073,01,0.904421459116,0.910797282366,0.923126360827502,0.902044582933088,0.884373183809338,0.966040306447292,0.916824629656735,main,0.012329078461502,5.53258947792,0.771250096865,high,high
USA,01075,01,0.866785663407,0.856234620932,0.874348923216665,0.87099895194371,0.818521625988612,0.93617016683294,0.873911650839193,main,-0.00298778266533506,2.26441697296,0,low,low
USA,01077,01,0.910291991658,0.885148142786,0.914311753780514,0.891806892525558,0.8704896496414,0.962838856296246,0.907533534023091,main,-0.0211240867494861,3.97096018749,0.393074811154,high,middle
USA,01079,01,0.866414784341,0.854605321132,0.880635183849732,0.870920877443555,0.829454811764194,0.937310581158447,0.878115515260819,main,0.00241093629973199,2.95700392381,0,middle,low
USA,01081,01,0.932124369126,0.900340633422,0.917170511035674,0.888318082758602,0.883177329467916,0.95481340014793,0.908193327662573,main,-0.016829877613674,4.51902846404,0.56868476704,high,high
USA,01083,01,0.90337631857,0.86621399305,0.895891177025534,0.870894687192909,0.851440675409808,0.945114145460241,0.888249079372916,main,-0.029677183975534,4.205640882,0.241187067953,high,middle
USA,01085,01,0.841477238894,0.84427809723,0.869607305512772,0.867490591187674,0.817185812471814,0.927657077809208,0.869609651560235,main,0.025329208282772,1.87067797376,0,low,low
USA,01087,01,0.868399632717,0.879629768732,0.892062062630398,0.883090548121509,0.851214409947046,0.937295359119298,0.889829685430038,main,0.012432293898398,2.60327937547,0.255924949671,middle,middle
USA,01089,01,0.938831456761,0.900275497695,0.924090295447518,0.899854573725095,0.88830253608987,0.963720438757019,0.916701833597934,main,-0.0238147977525179,5.3252722727,0.763617118458,high,high
USA,01091,01,0.86575025839,0.863238357807,0.894025353340871,0.886840606984203,0.843141473928332,0.950372424782529,0.892373400701958,main,0.025763194367871,2.16992006727,0.266080991819,low,middle
USA,01093,01,0.853168773216,0.865980944151,0.888307802623645,0.877683393432402,0.835407162543732,0.946888165998175,0.885478977387682,main,0.0223268584726449,2.78623687199,0,middle,low
USA,01095,01,0.872991549033,0.869583275382,0.895325430920844,0.868270575331711,0.84245956920241,0.953867281924824,0.886946384888316,main,0.018925608236844,4.15963934019,0.180894659569,high,middle
USA,01097,01,0.887810010889,0.905726078838,0.915188807761617,0.893661949802521,0.873648316310707,0.961189330255764,0.908739942877353,main,0.00946272892361699,4.90055987662,0.67584642456,high,high
USA,01099,01,0.852030772372,0.857731795205,0.884684778709323,0.873812542392055,0.831941351873652,0.943091049502722,0.881769087657907,main,0.0269529835043231,2.21356164503,0,low,low
USA,01101,01,0.907531081938,0.894436506994,0.91751057365495,0.907526427556916,0.879526384826511,0.959572967998297,0.914945838235941,main,-0.00311508322705001,4.98693806643,0.857158602844,high,high
USA,01103,01,0.887711172744,0.881939548946,0.909095766397147,0.884334530548077,0.86432342070131,0.958675133981927,0.901546453129915,main,0.0156129698551469,4.36706124187,0.488615391664,high,high
USA,01105,01,0.861334867791,0.855332102073,0.871908582958721,0.872636610572681,0.820894510231914,0.92839982603322,0.872874776222045,main,0.00457094944972103,1.82860632684,0,low,low
USA,01107,01,0.86165755499,0.860824937005,0.883757926316101,0.879255765715768,0.836236912831595,0.936381074800561,0.883010217361282,main,0.021267753341101,2.20886057763,0,low,low
USA,01109,01,0.897462111342,0.876148637051,0.91020417264261,0.893290966613259,0.872533416556085,0.95191948226473,0.905298377618592,main,-0.0085714129903901,2.97824863982,0.405775239187,middle,middle
USA,01111,01,0.871958397837,0.875022658773,0.886871252946197,0.874599566750291,0.833097013866748,0.946419010037686,0.88347872736895,main,0.0118485941731969,2.7515683556,0,middle,low
USA,01113,01,0.863595862,0.875363616613,0.899011336973242,0.881364965940235,0.855639321289119,0.94704002689502,0.893864352037016,main,0.023647720360242,3.46688846257,0.578832085597,middle,high
USA,01115,01,0.870813207253,0.880151611362,0.890936353044085,0.868221694169469,0.842091216700165,0.945025789991971,0.884051999007949,main,0.010784741682085,4.01324981321,0.102174028603,high,middle
USA,01117,01,0.949417591825,0.898471328638,0.914433060441459,0.889778848045372,0.873534584969352,0.959722636352091,0.906920683523178,main,-0.0159617318034589,4.73008519763,0.620926023246,high,high
USA,01119,01,0.880107473045,0.856550312237,0.879476832434607,0.874768822612093,0.83395460490755,0.929886593566505,0.878662107710344,main,-0.022926520197607,1.86952466979,0,low,low
USA,01121,01,0.865589303959,0.878272640567,0.898969008726076,0.880910714695829,0.853424684937628,0.949403238503714,0.893681155993414,main,0.0206963681590759,3.74855920511,0.237495564171,high,middle
USA,01123,01,0.868638481021,0.889627608984,0.892138770031691,0.875451669558514,0.838954600888841,0.951033103813932,0.887269235143506,main,0.002511161047691,3.10821077071,0,middle,low
USA,01125,01,0.911339575971,0.898867999405,0.917438654424061,0.896617891297637,0.883183022492156,0.955372172112385,0.911192703116962,main,-0.00637249811293905,4.06590092894,0.606525397426,high,high
USA,01127,01,0.843561128914,0.882032617204,0.8978730518989,0.88035746700509,0.846205154009132,0.955088318644414,0.892742240122741,main,0.0158404346949,3.45620614477,0.0834240809424,middle,middle
USA,01129,01,0.870072549551,0.863463759484,0.874548440477689,0.87340120249037,0.825569042592721,0.92878655407391,0.874905274579509,main,-0.00213289914031101,1.93785903442,0,low,low
USA,01131,01,0.836955891209,0.851571928623,0.872883826125482,0.869376959543938,0.817447793386267,0.934271796800314,0.872396263805585,main,0.021311897502482,1.73643152739,0,low,low
USA,01133,01,0.856957418169,0.87073378571,0.887726486409721,0.875482568234158,0.83461470879303,0.946540656286548,0.884350183084397,main,0.0169927006997209,2.75113723169,0,middle,low
USA,02013,02,0.912717564886,0.885952466228,0.88440017684037,0.882854250734812,0.864930962182369,0.906308554770051,0.884535997584935,main,0.00155228938762997,0.171619760024,0,low,low
USA,02016,02,0.924792966183,0.896878839992,0.894435293142809,0.853517978142517,0.871317384549367,0.920449484639784,0.881311973474401,main,0.00244354684919101,0.408351754709,0,low,low
USA,02020,02,0.930216031775,0.884870258017,0.922301557839802,0.917537680090188,0.890362783174652,0.958241720720872,0.921627292948739,main,-0.037431299822802,4.26711906642,0.926558800002,high,high
USA,02050,02,0.830915317082,0.833289589778,0.846126945905448,0.849371693073013,0.78584435159898,0.913961929588522,0.8481138231112,main,0.012837356127448,0.156242097305,0,low,low
USA,02060,02,0.903627295302,0.851523822876,0.903728783771574,0.910709964938905,0.872123139212889,0.939294080978788,0.906956577000635,main,-0.0520019839564261,0.565373637769,0,low,low
USA,02068,02,0.906121791289,0.901471662674,0.917271210492533,0.904002103552132,0.904103619636476,0.93208847775089,0.913303095160277,main,0.00649929058853316,0.0550306249878,0,low,low
USA,02090,02,0.929833230653,0.906810212956,0.896538628260573,0.897731639081192,0.859277771050934,0.938467640605054,0.897910679387321,main,0.010271584695427,1.88151915829,0.405251156818,low,middle
USA,02100,02,0.907649755507,0.830761690155,0.871983446389874,0.907936362341579,0.799232502193436,0.953848853299943,0.884577800779594,main,-0.041221756234874,0.358018652872,0,low,low
USA,02105,02,0.916988169317,0.851204295846,0.891093025787137,0.901414975024033,0.849481234181583,0.93791807101057,0.895532092304829,main,-0.039888729941137,0.115569367533,0,low,low
USA,02110,02,0.944496526002,0.863603366719,0.913176384644543,0.922443452485657,0.882227819512745,0.948002281487288,0.917156175173777,main,-0.049573017925543,1.72470668015,0.641223509195,low,high
USA,02122,02,0.90875273783,0.857989811524,0.884824059177941,0.895059367775884,0.837069479404745,0.93856148002015,0.889253040077835,main,-0.026834247653941,0.883633108863,0,low,low
USA,02130,02,0.910787843885,0.869782322184,0.918141985533906,0.930227788353475,0.884118529266822,0.956428005358899,0.923104132612075,main,-0.033651380052094,0.734388588812,0.68544023378,low,high
USA,02150,02,0.912767312052,0.859186412933,0.892611825250677,0.919757501737707,0.857476525618874,0.932148983606976,0.902527207316288,main,-0.0334254123176769,0.592208054452,0.693338340522,low,high
USA,02158,02,0.779927108,0.839403364399,0.826600206088107,0.850823539018267,0.756124886748073,0.905904890839834,0.835292427973892,main,-0.012803158310893,0.162535452278,0,low,low
USA,02164,02,0.855556925682,0.827665898567,0.856512281426896,0.864619630330894,0.820629611509265,0.896890442923944,0.86014279785394,main,-0.0269356713701041,0.0257435685465,0,low,low
USA,02170,02,0.903421823922,0.851826211041,0.878493895184842,0.895238950716928,0.83283390831471,0.929874306063615,0.885062361187679,main,-0.026667684143842,0.96614617373,0.215686285796,low,middle
USA,02180,02,0.830598210687,0.861260768289,0.843750619321375,0.85116602991314,0.784146222552359,0.910822438787377,0.847126666157827,main,-0.017510148967625,0.153102785862,0,low,low
USA,02185,02,0.891051621643,0.895625071974,0.867990639031647,0.866388625076975,0.826843090349276,0.914293279546368,0.868441276283459,main,0.018487532280353,0.0445375422547,0,low,low
USA,02188,02,0.839536588484,0.857769114382,0.835629348223327,0.846409328475001,0.772708970169169,0.906432585339131,0.840060636181705,main,-0.0143252856373269,0.08135700935,0,low,low
USA,02195,02,0.900532684623,0.853210865248,0.892279287331895,0.906283005770497,0.840486428259403,0.950560915561443,0.897962426683074,main,-0.0390684220838949,0.352279016308,0,low,low
USA,02198,02,0.893789562916,0.843737514426,0.876517268711456,0.895472397257148,0.826612361992091,0.932674416093055,0.883815039962166,main,-0.032779754285456,0.37088877724,0,low,low
USA,02220,02,0.933537107127,0.863233392852,0.91498201279176,0.945210028202056,0.883059147770757,0.950904272819383,0.925873465278926,main,-0.05174861993976,0.801232972589,0.873682886289,low,high
USA,02230,02,0.937047097051,0.850933173178,0.931618571288136,0.934996116337832,0.908008193763774,0.958186929742884,0.933504908089503,main,-0.080685398110136,0.651566945826,0,low,low
USA,02240,02,0.892679448418,0.860655526751,0.86354994570275,0.869312639655864,0.809400228732663,0.924483706257823,0.866455360189742,main,-0.00289441895175002,0.110679992965,0,low,low
USA,02261,02,0.917461926995,0.848475166637,0.875917651221292,0.879033244141079,0.831682029504697,0.925695248086162,0.877964354776178,main,-0.027442484584292,0.103864088499,0,low,low
USA,02282,02,0.912708328899,0.839390427498,0.878774502326041,0.893442788147037,0.827704321699201,0.936242912724922,0.884660910120158,main,-0.0393840748280411,0.0319258529259,0,low,low
USA,02290,02,0.851489604321,0.862811509802,0.850281125002255,0.868159188834616,0.794270685200615,0.913308725485242,0.857159880628289,main,-0.0101134261622551,0.0143756229779,0,low,low
USA,04001,04,0.826015986192,0.880177822501,0.857470089757843,0.865310507959396,0.800798151419919,0.920545566912132,0.860822170021091,main,-0.022707732743157,1.18608576699,0,low,low
USA,04003,04,0.892125494435,0.888094203607,0.900036357887299,0.902632913691831,0.850574991602019,0.95508651799554,0.901755562442329,main,0.00387957262429894,2.16669044505,0.46202401965,low,high
USA,04005,04,0.928563355378,0.927642449747,0.913871830303847,0.918247836799105,0.880750656372066,0.950735468833382,0.916130893582007,main,0.0137706194431531,1.30004888127,0.561158183293,low,high
USA,04007,04,0.861166288814,0.895854011923,0.899365583393206,0.913502335532235,0.843281256127824,0.961787053469763,0.904871712957923,main,0.00351157147020609,1.61534162876,0.410345227689,low,middle
USA,04009,04,0.866755937328,0.864842770256,0.882479017685116,0.877153391517802,0.831342250221456,0.939393887768884,0.881524478696128,main,0.0138099132851159,1.37091534685,0.280441016359,low,middle
USA,04011,04,0.875460443118,0.868515696633,0.864529721771986,0.854648421273243,0.809016911934361,0.926315096886645,0.861988117397313,main,0.00398597486101404,0.959470204822,0,low,low
USA,04012,04,0.889017196377,0.864189498133,0.894989167331328,0.906627096238258,0.826076883121235,0.971688065160183,0.899481034544933,main,-0.0188557272896721,0.966396705807,0,low,low
USA,04013,04,0.92194859333,0.923128074992,0.926670588880797,0.926534226874426,0.88951188300644,0.968027972661907,0.927471079198488,main,0.00354251388879701,5.29410233356,0.959466516375,high,high
USA,04015,04,0.870085891389,0.892087989207,0.920341481939556,0.941347550658634,0.871698825757186,0.974480423340504,0.928174983355762,main,0.028253492732556,1.91017661031,0.669150746929,low,high
USA,04017,04,0.841837512992,0.892677796026,0.876226228931368,0.875341292165792,0.818269489066642,0.94073168133846,0.876690932245351,main,-0.0164515670946319,1.5955608305,0.1360205351,low,middle
USA,04019,04,0.920185423011,0.906162281884,0.922658282094846,0.929839008614129,0.884018912592246,0.965663634299051,0.925902091129881,main,-0.011550282043154,3.87182284538,0.877105189804,high,high
USA,04021,04,0.899441463724,0.888346749834,0.899940038843083,0.898842203799208,0.854921992907801,0.950044813996353,0.90043288091173,main,-0.010596138770917,3.53999727416,0.749573593462,high,high
USA,04023,04,0.894961462642,0.884220108822,0.88836775151818,0.88515235020909,0.834274787101856,0.948572848455307,0.888108333033061,main,-0.00414764269618006,2.73935908698,0.409804024878,middle,middle
USA,04025,04,0.914838898828,0.906817671563,0.91795394286873,0.926750161998423,0.866846366238498,0.974836323755888,0.921747925706463,main,-0.00490618322426994,2.38660317177,0.466413819382,low,high
USA,04027,04,0.889910640169,0.891207835913,0.905818298543147,0.91763025470809,0.858859187330504,0.958083465984872,0.910607057125195,main,0.014610462630147,2.66498790738,0.824549194747,middle,high
USA,05001,05,0.86600353921,0.869496087859,0.901080220080162,0.897930931023696,0.851498808324079,0.956466682686969,0.900946372465352,main,0.031584132221162,2.1049972714,0.41956901411,low,high
USA,05003,05,0.858201214639,0.860133390758,0.876469106665804,0.87058175485283,0.819665462798205,0.940298931515192,0.875462161274981,main,0.016335715907804,2.28309050559,0,low,low
USA,05005,05,0.886623770359,0.893006969849,0.911405654695084,0.903873237367292,0.855702465891114,0.97402809983052,0.90991452776726,main,0.0183986848460841,3.42191174737,0.287952574231,middle,middle
USA,05007,05,0.920878329449,0.885478417873,0.907237929525317,0.886465249427935,0.863136025629944,0.957551347400711,0.901504039144489,main,-0.021759511652317,4.82099217288,0.629491878171,high,high
USA,05009,05,0.880887322222,0.871873829714,0.898163770025503,0.885867240988806,0.845066778265718,0.958144479063777,0.895152215231123,main,0.00826295529550303,3.24980854114,0.25044706603,middle,middle
USA,05011,05,0.867339692359,0.853164922368,0.867992920300242,0.863204574487525,0.812236299471328,0.930568860606214,0.867324367008263,main,-0.013521542049758,2.0325049369,0,low,low
USA,05013,05,0.875606205371,0.862377007512,0.868258244924836,0.868223300982503,0.819941581068511,0.922048871662991,0.869072677042586,main,-0.00588123741283608,1.44097164879,0,low,low
USA,05015,05,0.885675379802,0.870882489246,0.887034652825395,0.876334098988677,0.830514276021444,0.950835120165153,0.884519358919846,main,-0.013433617532605,2.90385785423,0,middle,low
USA,05017,05,0.850287424432,0.845685111322,0.874181359666722,0.869161438712249,0.819308290396678,0.935752477745236,0.873446405194963,main,0.0192916221247219,2.03600569578,0,low,low
USA,05019,05,0.905012472068,0.883403916617,0.914508767707211,0.903634537374356,0.876716159006099,0.957060362183202,0.911864666052874,main,-0.0121122598117889,2.41228495001,0.418855492802,middle,high
USA,05021,05,0.850706376268,0.868636420438,0.879541355929499,0.872460213542883,0.82506395633075,0.940785680980514,0.878162016115165,main,0.010904935491499,2.34360874291,0,low,low
USA,05023,05,0.871232442567,0.886265241585,0.902308318450309,0.895032944084205,0.847857566584682,0.96349974397971,0.900888773517946,main,0.016043076865309,2.97303612108,0.229180833699,middle,middle
USA,05025,05,0.88186190949,0.858492960287,0.849827448754863,0.851265017368291,0.794837390652955,0.911155808240246,0.85109604909502,main,0.0086655115321369,1.89180439897,0,low,low
USA,05027,05,0.876605890459,0.875659888163,0.899190359902298,0.890209577339586,0.855838595732907,0.947898547816677,0.897184983586685,main,0.0216384671472981,2.5794375926,0.355858433879,middle,middle
USA,05029,05,0.879874317275,0.865790839832,0.89047868192732,0.880974001181659,0.839633369828227,0.947725915252394,0.888338558145466,main,-0.00347911279067992,2.77767136858,0.239999301865,middle,middle
USA,05031,05,0.906538173803,0.884232821699,0.909142987533432,0.890764329261236,0.866136043043279,0.958061279213204,0.904164404764252,main,-0.0197005383735679,4.03225371425,0.560213585838,high,high
USA,05033,05,0.873471836905,0.870477876323,0.89235570294373,0.877279026078502,0.844191709452413,0.946915991263423,0.8884440707678,main,0.0158899054567301,3.76699412961,0.357181876648,high,middle
USA,05035,05,0.858273110744,0.860026728048,0.898406496369049,0.888533807293054,0.853518182012313,0.948910527662118,0.896129277098308,main,0.0383797683210491,3.50180941507,0.728867473416,middle,high
USA,05037,05,0.859696532919,0.866015930769,0.894215949325681,0.887130570542205,0.843791337135904,0.95082321311599,0.892841005430303,main,0.0282000185566811,2.47319369897,0.328596721928,middle,middle
USA,05039,05,0.865093111427,0.875255192334,0.892958257207124,0.887056002386984,0.841938982523434,0.950166822666884,0.891956838864326,main,0.017703064873124,1.70498757161,0,low,low
USA,05041,05,0.841252503166,0.844579666592,0.874200819497452,0.869180594689516,0.815498675369514,0.940151685330008,0.873461439112806,main,0.029621152905452,1.97237153893,0,low,low
USA,05043,05,0.902270517881,0.871777713631,0.898956092131157,0.891225643373226,0.853551387515925,0.949905500817927,0.897358366794979,main,-0.027178378500157,2.26068449182,0.316811498237,low,middle
USA,05045,05,0.9112989015,0.891378722035,0.908712717638788,0.885659780092888,0.870127392193434,0.952949985072678,0.902207896092139,main,-0.017333995603788,4.31305154942,0.472282685773,high,high
USA,05047,05,0.850737189765,0.859503202345,0.878347115564966,0.868944112881557,0.822970477009935,0.940770826732873,0.876233757820842,main,0.018843913219966,2.53014585245,0,middle,low
USA,05049,05,0.849930344201,0.866936595016,0.871874233732597,0.870938336595458,0.813843972325395,0.936795508485525,0.872417669316397,main,0.00493763871659703,2.17126244883,0,low,low
USA,05051,05,0.880884266027,0.898434437992,0.916041991836881,0.90169736979388,0.867755315250954,0.970665827210122,0.912380389146333,main,0.017607553844881,4.04647565512,0.459908723112,high,high
USA,05053,05,0.881010473923,0.870854269678,0.879448081920789,0.868822283808162,0.828225775802618,0.937212178663779,0.876945369066406,main,-0.0085938122427891,2.50039828169,0,middle,low
USA,05055,05,0.87155053048,0.876650741632,0.901088187246252,0.886872898250054,0.854342029739092,0.953974429417268,0.897449382829936,main,0.024437445614252,3.40767805045,0.429406445532,middle,high
USA,05057,05,0.865671568753,0.853727315602,0.886311817374026,0.881635354099765,0.832678905296199,0.946426706953928,0.885695658060596,main,0.00869599547002597,2.55078548642,0.370107674451,middle,middle
USA,05059,05,0.862072455404,0.874157610137,0.890678526132533,0.879007218890153,0.844812274486024,0.942414351381799,0.887833475633247,main,0.016520915995533,3.0978444077,0.227993138572,middle,middle
USA,05061,05,0.86601804832,0.842809680028,0.878075798286645,0.868838155299164,0.821439060594897,0.941929435425002,0.876013639185874,main,-0.0111506183253549,2.29519168399,0,low,low
USA,05063,05,0.884233809664,0.874201720894,0.89223145857934,0.880160028908607,0.841275496126624,0.949768748116707,0.889281488705713,main,-0.00203443985466001,2.99109946178,0.211033555397,middle,middle
USA,05065,05,0.867502425733,0.873921634831,0.885963412885965,0.88020529850161,0.832752531080671,0.945667706150974,0.885005900265458,main,0.012041778054965,2.32155191049,0,low,low
USA,05067,05,0.84426379653,0.873919783153,0.892495875628076,0.878692114791867,0.84505635030865,0.946151296789079,0.888984787423976,main,0.018576092475076,2.47336989632,0,middle,low
USA,05069,05,0.868845170929,0.889646942224,0.907595180302888,0.895467167600622,0.866258416167336,0.954224338364299,0.904584637413204,main,0.017948238078888,3.53763530492,0.567419533455,high,high
USA,05071,05,0.86100032778,0.866190317364,0.887093154136434,0.876546576040707,0.837606339248696,0.942868008475266,0.884617006958858,main,0.020902836772434,2.80267960871,0.237614894536,middle,middle
USA,05073,05,0.863032078055,0.854078377622,0.872939974987008,0.871089568319347,0.819660815744176,0.932489223357446,0.873199750121909,main,0.000954196499007964,1.85326819751,0,low,low
USA,05075,05,0.866765892084,0.869014131317,0.895941799898199,0.888971389013612,0.846848242566317,0.951027293783605,0.89459977603982,main,0.026927668581199,2.513992311,0.336536439451,middle,middle
USA,05077,05,0.843584499868,0.848791379193,0.879862742317892,0.872278760427294,0.835002640786219,0.930206358580473,0.878295822049923,main,0.031071363124892,1.98444854407,0,low,low
USA,05079,05,0.820549710427,0.871455510389,0.885467841680605,0.871076858730473,0.850911273801518,0.924630214456713,0.881663668855601,main,0.014012331291605,2.36334752502,0,low,low
USA,05081,05,0.860558051449,0.851486729157,0.881780195345608,0.873382721451366,0.826748508302202,0.943739072559241,0.879987798788239,main,0.012150821604608,2.34522188148,0,low,low
USA,05083,05,0.864477836328,0.86435304137,0.884941214130975,0.87450416396374,0.832638281101805,0.943915749618094,0.882504975821075,main,0.020338582844975,2.57608774554,0,middle,low
USA,05085,05,0.8791959896,0.87303093727,0.884306633245423,0.868411122800592,0.837440385496561,0.937457457776182,0.880123496718462,main,-0.00105440868457696,3.67000389971,0.288320682436,high,middle
USA,05087,05,0.865492800189,0.84976211433,0.875890303349078,0.869717364290913,0.821790865913174,0.936650189419388,0.87479365702946,main,-0.00533318269892191,2.14036008026,0,low,low
USA,05089,05,0.859539430085,0.876549024608,0.887036844969523,0.882888524731293,0.829332392009367,0.951765989738978,0.886587411928301,main,0.010487820361523,2.47354333059,0,middle,low
USA,05091,05,0.869117071763,0.866751249615,0.896889524349742,0.886474950477178,0.852363755044173,0.947019993312393,0.894437906888574,main,0.025406630438742,3.34700801656,0.528031496222,middle,high
USA,05093,05,0.838060958986,0.858121815359,0.887884553819531,0.878780835372895,0.83968114979652,0.942107400980592,0.88586008175942,main,0.029762738460531,3.00509670731,0.410725764896,middle,high
USA,05095,05,0.862238608942,0.854917945552,0.880842800736513,0.877898491604118,0.824215326331928,0.944273149223184,0.880766679653948,main,0.011283528404513,1.75862545063,0,low,low
USA,05097,05,0.860992516117,0.857841867343,0.876189051052128,0.878023041478314,0.820575553017872,0.938160129332082,0.877607823993761,main,0.012045886161128,1.74691899131,0,low,low
USA,05099,05,0.85066210768,0.853492130358,0.874139876263331,0.8702256707995,0.818294367072244,0.936750455824876,0.873752547620632,main,0.020647745905331,1.8619110299,0,low,low
USA,05101,05,0.881116367834,0.847902554693,0.866017555043129,0.870109491430077,0.809920894521626,0.928412650248514,0.868132175778157,main,-0.018115000350129,1.58277814274,0,low,low
USA,05103,05,0.858940846737,0.868307739648,0.887456369891841,0.880308771943928,0.835238968648866,0.946116606217297,0.886060713478726,main,0.0191486302438409,2.6615436401,0.223162203613,middle,middle
USA,05105,05,0.880978288873,0.858716726031,0.861793334437906,0.858589369435731,0.808131486033676,0.921883999454076,0.861617684243569,main,-0.00307660840690593,2.12326453042,0,low,low
USA,05107,05,0.841630025365,0.845068957585,0.883430514727076,0.879110940685588,0.829366751764518,0.944018041225215,0.88292442951229,main,0.038361557142076,2.51114145286,0.338534428007,middle,middle
USA,05109,05,0.869480222895,0.851070550923,0.879503216637383,0.872783274860461,0.825954766271036,0.939664362133186,0.878237165304847,main,-0.00838667822961714,2.10975072947,0,low,low
USA,05111,05,0.840341536812,0.854409602213,0.881759375211007,0.875373328643139,0.831069886832086,0.938639218206582,0.880595612837296,main,0.027349772998007,2.59015003356,0.246023837751,middle,middle
USA,05113,05,0.852522846816,0.856761028758,0.881328873338367,0.875855292516593,0.823104872613326,0.946748508587209,0.88045545180884,main,0.024567844580367,2.33720216874,0,low,low
USA,05115,05,0.893043480516,0.880702653494,0.903422651565269,0.888294026988227,0.859393626151398,0.953290277754319,0.899479655071213,main,-0.00196165597273101,3.45060243872,0.402449687645,middle,middle
USA,05117,05,0.879088449048,0.862559204257,0.87949405197809,0.877166784711741,0.824366876668767,0.941172646084553,0.879611035465569,main,-0.01612364186091,1.79822338467,0,low,low
USA,05119,05,0.905459837497,0.91134931072,0.92467839284531,0.901437510891724,0.886557496345676,0.968393429140168,0.918117197045883,main,0.0133290821253099,5.35507498005,0.822028161629,high,high
USA,05121,05,0.869000986961,0.868927022525,0.892699341510215,0.88672796450357,0.840986382358083,0.950701885674196,0.891677705001336,main,0.0236243901132149,2.44931389933,0.28858282105,middle,middle
USA,05123,05,0.850041545292,0.858408148067,0.89625777132837,0.886887601237998,0.852396719984573,0.945569608208407,0.89413127536914,main,0.03784962326137,2.88748213957,0.451924616397,middle,high
USA,05125,05,0.904951704023,0.885546826583,0.903212603962499,0.887053239569953,0.857487691701901,0.955066107516269,0.898953038967416,main,-0.017665777379499,4.18327828675,0.483987269009,high,high
USA,05127,05,0.838863098399,0.8415808075,0.861739394485549,0.86264831961841,0.801027180560455,0.929636321744317,0.862842189911416,main,0.0201585869855491,1.771041321,0,low,low
USA,05129,05,0.854500745543,0.856484900616,0.879371262479063,0.878975781271441,0.822303461883481,0.943142967478444,0.880093579660948,main,0.022886361863063,1.74674376729,0,low,low
USA,05131,05,0.8885958153,0.888772916392,0.916640570097855,0.897713832973748,0.875063226402354,0.963974148932431,0.9114809145813,main,0.0278676537058551,4.55341614239,0.731125434424,high,high
USA,05133,05,0.867595952983,0.843472480198,0.876855986198605,0.868997531241924,0.822431344258332,0.938094756803637,0.875228870529245,main,-0.0148634395693948,2.56031169134,0.287998933257,middle,middle
USA,05135,05,0.855829027094,0.875190010387,0.886587923725636,0.880876318744456,0.827215734138984,0.953328221059709,0.885643059417195,main,0.011397913338636,2.48832171199,0,middle,low
USA,05137,05,0.869657667597,0.872807762655,0.891517603244664,0.886786690163923,0.834419961864366,0.955582915214372,0.8908899831703,main,0.018709840589664,2.20545652244,0,low,low
USA,05139,05,0.872817563007,0.877011748915,0.898484783825991,0.890589651309272,0.849416576741936,0.953598158239403,0.896852989317536,main,0.021473034910991,2.77233734196,0.39797554738,middle,middle
USA,05141,05,0.868648804723,0.879262007725,0.887701181755921,0.882541170541294,0.831003491060995,0.95134357534894,0.886934885979914,main,0.00843917403092109,2.36046174206,0,low,low
USA,05143,05,0.917902003225,0.88921796161,0.912669055739866,0.89122439027063,0.87522790086941,0.955511439171825,0.906667473885185,main,-0.023451094129866,4.64566480705,0.681432091698,high,high
USA,05145,05,0.89364193154,0.878150516847,0.898051795191843,0.884295082958997,0.851944266086697,0.950188099442374,0.894552829552274,main,-0.0110815510411572,3.43474043114,0.335943534107,middle,middle
USA,05147,05,0.854117361392,0.84983877799,0.872103747922673,0.871298641748034,0.813846102525441,0.937276542565443,0.872688040477934,main,0.0137078031286729,1.70343310171,0,low,low
USA,05149,05,0.860889993378,0.852038240536,0.870358579495989,0.863547809270066,0.816366062233474,0.93104649979639,0.869055608873823,main,0.000616833275989048,2.33638408768,0,low,low
USA,06001,06,0.966729413943,0.950181095474,0.94132663727087,0.908644619481945,0.912270799129893,0.974237069643135,0.931238296705197,main,0.00885445820313002,6.70790307094,0.991079014518,high,high
USA,06005,06,0.911933313858,0.916102833667,0.909592605463969,0.902791229417376,0.860498227998161,0.964507562574347,0.908268633347466,main,-0.00182881141496893,3.3076577145,0.198289193744,middle,middle
USA,06007,06,0.91660527567,0.922513764969,0.924194884842963,0.910918818650101,0.886804958240834,0.966131986127882,0.920692804888717,main,0.00168111987396302,4.02884470182,0.744713124207,high,high
USA,06009,06,0.908440431504,0.902534059633,0.891105916057436,0.885700367750442,0.835557718915631,0.95320875794321,0.890192166313691,main,0.011428143575564,2.97402944321,0,middle,low
USA,06011,06,0.882157230017,0.880898361748,0.886518623020881,0.880720712211318,0.837944578101547,0.94083824564876,0.88550188396859,main,0.00310252473488104,2.17123495452,0.525135417953,low,high
USA,06013,06,0.958188464888,0.941790998589,0.931225350503361,0.900619883977051,0.895988255760827,0.971009333908841,0.921911185541922,main,0.010565648085639,6.41926204231,0.970154713529,high,high
USA,06015,06,0.859488188676,0.899276449182,0.900416730371424,0.888548034511478,0.857881962554937,0.948079427725762,0.897396538584049,main,0.001140281189424,2.52747103864,0.448168316552,middle,high
USA,06017,06,0.949933748396,0.926724400294,0.913899930340443,0.900913429611655,0.871605139114182,0.961310632360153,0.910518685950027,main,0.012824469953557,3.83876934165,0.545630991479,high,high
USA,06019,06,0.888594455446,0.902285613382,0.904530487496254,0.89324877692524,0.861665913696491,0.95255295475215,0.901709871132358,main,0.002244874114254,4.25348900825,0.87338831879,high,high
USA,06021,06,0.861134555376,0.886199919954,0.888998781567368,0.884767161362007,0.839721551132481,0.944080995296167,0.888500854679766,main,0.00279886161336795,2.27577080491,0.520939910769,low,high
USA,06023,06,0.905574728494,0.919754869713,0.919035413813212,0.916326390193474,0.881749818706125,0.960703805244911,0.919027192122704,main,-0.000719455899788057,2.79743400695,0.607296687517,middle,high
USA,06025,06,0.883473537842,0.89321314481,0.897388588390451,0.892796128731139,0.85170343293923,0.948464334083532,0.896782724599975,main,0.00417544358045097,2.93739099906,0.771238878054,middle,high
USA,06027,06,0.912113058897,0.883148455466,0.906402321758606,0.928286015701175,0.857706276195121,0.960459778941219,0.914463817007857,main,-0.0232538662926061,0.551293898917,0.539025833671,low,high
USA,06029,06,0.870345388504,0.894594316157,0.899547042452052,0.895212324651537,0.857032544459326,0.947078185934343,0.899020786677512,main,0.00495272629505195,3.90324262995,0.872913311546,high,high
USA,06031,06,0.879774951701,0.89235360026,0.899905764353571,0.887335598853026,0.861083726560073,0.943432281563125,0.896632905815911,main,0.00755216409357096,3.86015939167,0.8491602735,high,high
USA,06033,06,0.870108544481,0.891368215472,0.898332348740222,0.892150454307391,0.848063337687615,0.954550335183036,0.897198229892495,main,0.00696413326822209,3.10415341337,0.332890997213,middle,middle
USA,06035,06,0.862477055882,0.89945966821,0.910701760875726,0.904369630881982,0.884424496728537,0.940129706154738,0.909350904238571,main,0.011242092665726,1.41229569573,0.488463817248,low,high
USA,06037,06,0.929911306399,0.951550651239,0.937406450311155,0.91406594834657,0.906852786843191,0.971854348535763,0.930475983907838,main,-0.014144200927845,6.87077000064,0.988581861597,high,high
USA,06039,06,0.883348260773,0.886372060999,0.889269213132103,0.873841520847885,0.842768039720989,0.941413582310842,0.885062074376404,main,0.00289715213310304,3.43933863892,0.610244965242,middle,high
USA,06041,06,0.983738214363,0.948713771433,0.940277955720194,0.92802517040205,0.898877687992084,0.986678704755871,0.937156317173621,main,0.00843581571280594,5.25626981409,0.907438653968,high,high
USA,06043,06,0.908574545739,0.894494110478,0.884496005436216,0.881083856180276,0.83096979885985,0.944311733886251,0.884245021502152,main,0.009998105041784,1.81585443409,0,low,low
USA,06045,06,0.902825119464,0.896656605095,0.905381959611162,0.899140639014611,0.856333369689181,0.960237722070163,0.904238691216917,main,-0.00361167422183806,2.40534576602,0.400719962209,middle,middle
USA,06047,06,0.879513541571,0.901725980683,0.895441000249824,0.884573013584815,0.851153539088844,0.945046684903378,0.892753618971893,main,-0.00628498043317605,4.0474435213,0.791277568652,high,high
USA,06049,06,0.86089851148,0.876412931986,0.873567030581909,0.88253492863945,0.814343200467561,0.93956663552059,0.87731520142284,main,-0.00284590140409102,0.688070299149,0,low,low
USA,06051,06,0.92443704784,0.931926886701,0.91514218725065,0.914654766988934,0.884451786749665,0.949414262167382,0.915789596858452,main,0.00180502172835006,1.07337269128,0.510210832344,low,high
USA,06053,06,0.910159580082,0.919778386473,0.9107097222658,0.899139031697766,0.869463914735761,0.956928468703486,0.907791188036051,main,-0.00906866420719998,3.95391914895,0.819346778458,high,high
USA,06055,06,0.947297246907,0.922526691891,0.926725875038301,0.915343735214308,0.887998571103623,0.970129119552408,0.92386533871047,main,-0.00419918314730094,4.32474363981,0.806838388069,high,high
USA,06057,06,0.942732390585,0.934438474799,0.913882520017756,0.903651589513317,0.864898709581958,0.968723682195496,0.911427359010771,main,0.0205559547812439,3.76733265701,0.316597369111,high,middle
USA,06059,06,0.958338687235,0.957709715944,0.940035497998291,0.905605416271302,0.907867192141146,0.976447543660229,0.929401602357979,main,0.017674217945709,7.33703653041,0.995853332703,high,high
USA,06061,06,0.956051321275,0.926947748351,0.92617426533097,0.910475889116128,0.88453541352776,0.972891539501812,0.921897634088085,main,0.000773483020029997,4.78245034789,0.800003164587,high,high
USA,06063,06,0.914341697324,0.909378080777,0.893300686086167,0.896252881661597,0.840756637140626,0.951927224244652,0.895161796008337,main,0.016077394690833,1.40978394993,0,low,low
USA,06065,06,0.910599414743,0.91890180316,0.917832772692353,0.908370758298438,0.879202624753144,0.961099893217895,0.915602317795449,main,-0.00106903046764706,4.98262865253,0.931649166671,high,high
USA,06067,06,0.918202225405,0.932898822009,0.925789764478201,0.901692447005174,0.889432495130432,0.966730296221483,0.918668695672957,main,-0.00710905753079893,6.51335104057,0.97598909944,high,high
USA,06069,06,0.918186748525,0.904185487757,0.903548660641646,0.889415506178544,0.865575921980098,0.94614926172576,0.89975272959638,main,0.000636827115354066,2.84027022267,0.746134731354,middle,high
USA,06071,06,0.89003358776,0.915651403495,0.912860381506198,0.917002082054263,0.875036991177611,0.955031056797004,0.915106014438257,main,-0.00279102198880199,3.82679972107,0.918469977655,high,high
USA,06073,06,0.942680473175,0.947691129284,0.931157263073288,0.916572613686355,0.89842222348,0.967914853527628,0.927174557803909,main,0.006512553992712,5.75611214842,0.941348390942,high,high
USA,06075,06,0.974281990284,0.972763452166,0.972808178766879,0.916242934607673,0.953428712420303,0.995258491461973,0.954431839818315,main,-4.47266008789526e-05,8.82187558083,0.996419533873,high,high
USA,06077,06,0.890727543693,0.916455689911,0.911373480943235,0.893646721375186,0.870066806637724,0.957749415387352,0.906407424293605,main,-0.00508220896776501,5.39266773733,0.895294099473,high,high
USA,06079,06,0.953468726576,0.923602117541,0.930270752888004,0.927089526148906,0.894879785102196,0.969830171479914,0.930095095757474,main,-0.00666863534700401,3.54479834785,0.753449229312,high,high
USA,06081,06,0.976415263662,0.952061614863,0.941235564682957,0.916935563249251,0.907208991086236,0.979575832488661,0.934031253323534,main,0.010826050180043,6.4556321155,0.968904574379,high,high
USA,06083,06,0.940213465446,0.932432552056,0.923149049217948,0.914743165633925,0.887741892770396,0.962801701565728,0.921243095174607,main,0.0092835028380519,4.16239624893,0.897407712582,high,high
USA,06085,06,0.980274812998,0.94966392363,0.9379220964544,0.914053759346762,0.906412921294244,0.973444725033457,0.930828576591938,main,0.0117418271756,6.34391704697,0.979795356396,high,high
USA,06087,06,0.963335599523,0.946433469288,0.934006906472659,0.902598485908545,0.902916341556193,0.969171424093757,0.924373680649059,main,0.0124265628153409,5.47569307934,0.83182020378,high,high
USA,06089,06,0.891884407954,0.902326311993,0.913476609597061,0.915217960114235,0.867549857563192,0.96473058706612,0.914973132851214,main,0.0111502976040611,3.0100171192,0.602360507359,middle,high
USA,06091,06,0.919767259355,0.893621378008,0.863761323847623,0.868965068251036,0.807419743656579,0.926596674822397,0.866291673748594,main,0.029860054160377,0.842046044757,0,low,low
USA,06093,06,0.8862023346,0.88165554425,0.890527051942051,0.894179860413915,0.836079147405669,0.951269672191314,0.89260361692744,main,-0.000222073007948964,1.35426010699,0.15314967753,low,middle
USA,06095,06,0.91840711901,0.926761585817,0.927249566995199,0.909530410628145,0.89115524451791,0.967803973511327,0.922258494959003,main,0.000487981178199037,5.316563095,0.934505650709,high,high
USA,06097,06,0.94896387242,0.929106327921,0.930839845592877,0.915764698725019,0.893310665911939,0.972958384787993,0.926744948690706,main,-0.00173351767187702,4.84411021111,0.813278387942,high,high
USA,06099,06,0.884824546211,0.917937216195,0.912137453341907,0.898757768005028,0.870292174227651,0.959051858969439,0.908622057855849,main,-0.00579976285309303,5.02133689961,0.903244408374,high,high
USA,06101,06,0.892862708127,0.905057093351,0.911141892748013,0.892519722598453,0.868132355930197,0.959432669734506,0.905884347724511,main,0.00608479939701301,4.21568813305,0.83392644844,high,high
USA,06103,06,0.874896989288,0.886412435935,0.8916365575529,0.892391076795193,0.840563350615951,0.948652293951851,0.892779570140056,main,0.00522412161790009,2.29893951781,0.377635615962,low,middle
USA,06105,06,0.871571534827,0.87872740326,0.888476735670296,0.888498265606898,0.836306560488928,0.946728195170435,0.889369980768256,main,0.00974933241029596,1.01793437044,0,low,low
USA,06107,06,0.870332106965,0.88962467219,0.892086490490871,0.882195400164826,0.844722126784896,0.945114404003739,0.889722036271583,main,0.002461818300871,3.65327733907,0.747125047633,high,high
USA,06109,06,0.905295922831,0.918039103781,0.905901883227595,0.900626565983835,0.856577866463424,0.961051239339983,0.905078082777691,main,-0.0121372205534049,2.40003085704,0.135332858636,middle,middle
USA,06111,06,0.941780107732,0.936189831861,0.92635214185639,0.914646344146996,0.88944207815361,0.967730660087505,0.92336864917507,main,0.00983769000460999,5.22566682913,0.941971826505,high,high
USA,06113,06,0.957088445499,0.925971677194,0.925502444719979,0.910791661711064,0.895742237712756,0.958939848633409,0.921434541508464,main,0.000469232474020975,4.45948473213,0.909615246393,high,high
USA,06115,06,0.874521102496,0.884340767492,0.886879509930255,0.859554810338956,0.841100751885337,0.938390710459782,0.878688816024982,main,0.00253874243825503,3.90053679504,0.574421121635,high,high
USA,08001,08,0.903795877531,0.937116224621,0.916404562305535,0.895791031890106,0.879853314136397,0.957613591856525,0.910477243199476,main,-0.020711662315465,5.17633100832,0.937974711015,high,high
USA,08003,08,0.879985475853,0.916215339547,0.907061455807677,0.897834922873238,0.86397308095048,0.955640648085263,0.905031662293341,main,-0.00915388373932291,2.31163609495,0.563350879095,low,high
USA,08005,08,0.937489008963,0.954889705351,0.930706072535954,0.904522354308154,0.897122037301888,0.968569772675493,0.922855943596611,main,-0.010617759960954,5.78687266094,0.96594934983,high,high
USA,08007,08,0.917069669091,0.926299525687,0.897472820151008,0.894960124309608,0.842958834676207,0.958933606058453,0.897703386739923,main,0.0103669923439919,1.61355507804,0,low,low
USA,08009,08,0.883216406394,0.877528446681,0.870964397895034,0.882738771460822,0.809650932972604,0.940091131301509,0.875857243652087,main,0.00656404878596606,0.463401352632,0,low,low
USA,08011,08,0.82963457901,0.907484177522,0.881657833040341,0.878067046142516,0.843967450070818,0.92415115907922,0.8814522608628,main,-0.025826344481659,1.04957206711,0,low,low
USA,08013,08,0.973062869712,0.960710921863,0.939938267369079,0.913038766138882,0.912793543821221,0.970542084498958,0.931734227398412,main,0.020772654493921,5.17411776705,0.882859899697,high,high
USA,08014,08,0.950110451135,0.957650539305,0.938649459379608,0.895038057374067,0.904595594521,0.977042860250352,0.92484693574429,main,0.0039209035853921,6.70905609729,0.959382984944,high,high
USA,08015,08,0.912059893457,0.926481342246,0.919008238678391,0.912681376350659,0.874215171189009,0.969509355173995,0.917972865304328,main,-0.007473103567609,2.15423069896,0.26770698615,low,middle
USA,08017,08,0.898028943604,0.870793131989,0.848475017876047,0.856050846948808,0.782870738142615,0.922439351178596,0.851874884831184,main,0.022318114112953,0.342253652663,0,low,low
USA,08019,08,0.943170720869,0.95128453025,0.90185141688868,0.883473396273189,0.862485478989146,0.94623381638151,0.896701530429836,main,0.03320549459932,2.36341273662,0,low,low
USA,08021,08,0.860723996886,0.8952993968,0.861449606513557,0.86352107574498,0.801967647969403,0.928511441886567,0.863122325382669,main,-0.0338497902864431,1.30413806,0,low,low
USA,08023,08,0.854927421577,0.897526830757,0.875147674619912,0.883704619938744,0.820662640572108,0.936575819775796,0.879032454737707,main,-0.022379156137088,0.785548909428,0,low,low
USA,08025,08,0.846073304378,0.9073230094,0.893678705281475,0.878084659228612,0.867389354569393,0.923318148108634,0.889270631467868,main,-0.013644304118525,1.42760248372,0,low,low
USA,08027,08,0.909475217582,0.924480629,0.897962920749886,0.905504365553199,0.836965955486977,0.966732822461813,0.901505267101919,main,-0.00349311458588608,1.27590707765,0,low,low
USA,08029,08,0.890473110981,0.911441427916,0.896028866452781,0.893416914796982,0.842374550458399,0.956520433884874,0.896226717968213,main,-0.015412561463219,2.55036424352,0.213897512888,middle,middle
USA,08031,08,0.940720418664,0.965843454318,0.945332602910851,0.899360365386822,0.91980706579937,0.974110898203651,0.930564104331486,main,-0.020510851407149,7.45615447649,0.999572242239,high,high
USA,08033,08,0.896878792555,0.895505765054,0.856431529798307,0.871176993651257,0.785718873123653,0.936155208318133,0.862132096069091,main,0.0390742352556931,0.612231912526,0,low,low
USA,08035,08,0.973720876181,0.943624452189,0.918393861291979,0.896013065071785,0.881379340786887,0.960125198680287,0.911874404510993,main,0.0252305908970211,5.1467260598,0.873205032077,high,high
USA,08037,08,0.955717485919,0.949724706812,0.92259547261196,0.909078000443462,0.890789514110497,0.958454512985061,0.919000858161369,main,0.0271292342000401,2.71087240646,0.658205182786,middle,high
USA,08039,08,0.945934090466,0.912021336841,0.878123289291374,0.870183438026801,0.833837316334198,0.928052691424006,0.876506063751934,main,0.033898047549626,1.87396140817,0,low,low
USA,08041,08,0.921317787371,0.943759394139,0.919457842799823,0.902431637100533,0.884522253197688,0.95884532794489,0.914724990093635,main,-0.020581662196823,4.92459362826,0.890951701523,high,high
USA,08043,08,0.868240298823,0.918395820305,0.916068147779378,0.91102881091386,0.880222314973223,0.956481869810241,0.915377871354682,main,-0.00232767252562205,2.63326695323,0.5086594434,middle,high
USA,08045,08,0.917894104173,0.921905456242,0.902666461105848,0.899183785149696,0.860297924535013,0.950434085004773,0.902553832956235,main,0.0112162909981519,2.27656949797,0.579849138188,low,high
USA,08047,08,0.950361963863,0.948049234054,0.866866986010943,0.850485866218028,0.831903474021079,0.906285951736255,0.862319940392675,main,0.081182248043057,2.82998349357,0,middle,low
USA,08049,08,0.935892778328,0.932338569738,0.900829488153202,0.889527550301813,0.861420321479323,0.94526062512912,0.898066909879472,main,0.031509081584798,1.52266345561,0,low,low
USA,08051,08,0.960947749957,0.944337722465,0.914379803959931,0.908443350124772,0.8849578844894,0.947551003567054,0.913287856315267,main,0.029957918505069,1.11542576225,0.374827739209,low,middle
USA,08055,08,0.872793111893,0.903677465285,0.888751325128968,0.897800399285849,0.828755989653046,0.956391957840283,0.892786189020194,main,-0.014926140156032,0.988406523279,0,low,low
USA,08057,08,0.894138359838,0.91641243334,0.898294809059085,0.902651333384707,0.849052383168342,0.953812272492998,0.900822323119856,main,-0.018117624280915,0.299646012853,0,low,low
USA,08059,08,0.946503180614,0.964810085642,0.937747860801425,0.911702058100439,0.906479622855131,0.973000658067707,0.929910971365831,main,-0.0095515852154251,5.71527576327,0.914164147011,high,high
USA,08061,08,0.890526605822,0.866611993983,0.859437852939651,0.872256113313169,0.78505130288287,0.943303594686721,0.864432692473439,main,0.00717414104334901,0.275531796312,0,low,low
USA,08063,08,0.886234420097,0.895127437415,0.874006806391111,0.875402036316752,0.817325747557081,0.937910819125897,0.875497196033455,main,0.00333459638788913,0.966136404766,0,low,low
USA,08065,08,0.913107015779,0.934223717761,0.894318537084234,0.869659592645506,0.863101453669914,0.929513661118401,0.886929238887587,main,-0.00232822328723403,2.19607104242,0,low,low
USA,08067,08,0.954936389865,0.942358673288,0.913219756529462,0.899837048078117,0.873955657029955,0.957487340199404,0.909764045954564,main,0.0291389167585381,2.67070705915,0.317973586443,middle,middle
USA,08069,08,0.959747266375,0.947224037448,0.929500662508285,0.916343732324194,0.898375355861112,0.964592314521689,0.926019247404457,main,0.017723374939715,3.99378512108,0.815561307911,high,high
USA,08071,08,0.879234343104,0.914854933802,0.910346985681888,0.92236049115612,0.866818926992126,0.959421891374387,0.915404199317436,main,-0.00450794812011202,0.865535816541,0.514075083226,low,high
USA,08073,08,0.852774717061,0.906325524034,0.8926300814724,0.889249446733488,0.845444886600202,0.945828157796901,0.892566086328381,main,-0.0136954425616,0.621734873869,0,low,low
USA,08075,08,0.900100040843,0.919554338169,0.906838767813329,0.905677773058215,0.86715209712295,0.951582771566423,0.907483044928783,main,-0.0127155703556711,1.85153557738,0.517757947755,low,high
USA,08077,08,0.911196276323,0.91946004817,0.917602199313409,0.91719640237238,0.877206940095395,0.9631450881125,0.918513136433578,main,-0.00185784885659102,3.04323513299,0.792774131215,middle,high
USA,08081,08,0.87098745385,0.906759619661,0.895629443509428,0.904927859117327,0.851982601497601,0.94483826926415,0.899775271638314,main,-0.0111301761515721,0.80766456685,0.624520112844,low,high
USA,08083,08,0.882578732167,0.910387876258,0.89775477921376,0.898565327924634,0.846520448238565,0.955517979239432,0.899101366618282,main,-0.01263309704424,1.8590793933,0.294704870673,low,middle
USA,08085,08,0.895428393416,0.912579663918,0.904681172534752,0.908115930133559,0.85381682577871,0.96202724068712,0.906910557435075,main,-0.00789849138324805,2.23019376249,0.479244177623,low,high
USA,08087,08,0.865403029859,0.908495357949,0.894832705209032,0.894890349606169,0.848138121094825,0.947477651497303,0.895918410515654,main,-0.013662652739968,2.33847907255,0.643047156108,low,high
USA,08089,08,0.860549646006,0.896554909866,0.887154290183209,0.888927466441967,0.834366315859381,0.946669116702436,0.888806248665296,main,-0.00940061968279093,1.96421993326,0.355450039762,low,middle
USA,08091,08,0.951377319333,0.935302230289,0.893311452681891,0.891464656577352,0.839727066254549,0.953724179315408,0.893761600039576,main,0.0419907776071089,1.53520373414,0,low,low
USA,08093,08,0.943870687937,0.941191491075,0.885903533732134,0.882810547655825,0.844942352829034,0.932084460481019,0.885897114023842,main,0.055287957342866,1.44057841799,0,low,low
USA,08095,08,0.899724137862,0.899852418836,0.865134099931877,0.862953638931782,0.803619370865068,0.934487744880057,0.865373962214189,main,0.0344617569561231,1.3109729623,0,low,low
USA,08097,08,0.968448175758,0.960954152401,0.930760790239328,0.917470685753114,0.896741825106073,0.969114844059412,0.927281558996745,main,0.030193362161672,2.17256019545,0.428775779329,low,high
USA,08099,08,0.866646854449,0.895951304889,0.894043756449758,0.899956823254256,0.844289042658029,0.950138789414339,0.897084373829807,main,-0.00190754843924201,1.40570034902,0.556333502585,low,high
USA,08101,08,0.884435534744,0.917611530442,0.915512693121058,0.912257043929202,0.87461861646021,0.961617964431606,0.91547432799747,main,-0.00209883732094196,3.40619406236,0.79610439903,middle,high
USA,08103,08,0.91097123527,0.8896498378,0.867967562289082,0.87015073781504,0.814316805080393,0.928455117433986,0.869726964382497,main,0.0216822755109179,0.642857268412,0,low,low
USA,08105,08,0.889231378849,0.913837822449,0.881808510390161,0.874936986020665,0.828266384144025,0.942173591563032,0.88056059339713,main,-0.0171835751411609,1.8668206172,0,low,low
USA,08107,08,0.964940634353,0.954940265574,0.921526013356121,0.91340811924192,0.889884199566971,0.957199991805507,0.919744112600015,main,0.033414252217879,1.69358079857,0.448572114629,low,high
USA,08109,08,0.878371873626,0.897588265656,0.866132557538016,0.875966285334262,0.809372930024451,0.930125151079173,0.870413900503895,main,-0.00697707594201602,0.59889740469,0,low,low
USA,08113,08,0.969960392181,0.942294186564,0.903103236191867,0.88814284019133,0.864527894626203,0.946594292452462,0.899101185752466,main,0.0391909503721329,1.251357818,0,low,low
USA,08115,08,0.885284843641,0.894903305323,0.863029525133881,0.867939385084079,0.797105226306977,0.937354658051775,0.865571599429167,main,0.0126368568251191,1.00943736044,0,low,low
USA,08117,08,0.951396187947,0.968301484405,0.933056516259205,0.906873680623618,0.905187778631265,0.964476609689236,0.92510790737068,main,0.00143437522979495,3.06746654013,0.408082736629,middle,middle
USA,08119,08,0.93616735504,0.946218245111,0.907635144079885,0.894886697538101,0.865391373249416,0.955262103149586,0.904414925657598,main,0.0184813208891151,2.96546909643,0.307637241848,middle,middle
USA,08121,08,0.88294028221,0.896457825132,0.864540204850907,0.871736978262974,0.8097181827926,0.926348280914182,0.867956353971018,main,0.00488253443709297,0.587386996511,0,low,low
USA,08123,08,0.921496981373,0.920399711504,0.903148619539671,0.897071009892863,0.862713994109536,0.948735891047419,0.90215189372604,main,0.0172510919643291,3.42847114646,0.737159382094,middle,high
USA,08125,08,0.892850296924,0.889839986438,0.866137766603617,0.869862216588431,0.8045213667398,0.935606038413758,0.868347760714569,main,0.023702219834383,1.02957808008,0,low,low
USA,09001,09,0.967397500988,0.942614613027,0.933196309132742,0.902839557253356,0.897495561209666,0.974617265519118,0.924327050875188,main,0.00941830389425802,6.37059430182,0.854697756541,high,high
USA,09003,09,0.943754018196,0.947120725357,0.933646829481938,0.909214251425813,0.899217260236482,0.973275576536547,0.926663871909113,main,0.00674048155306206,6.19851773981,0.875300716063,high,high
USA,09005,09,0.943320769762,0.925839449858,0.919692155643004,0.900260650167555,0.878549308236278,0.966416750282121,0.914322946378143,main,0.00614729421499605,4.34123053213,0.369598313342,high,middle
USA,09007,09,0.960380422384,0.93316831109,0.92875227297323,0.89761822636483,0.891939545908129,0.971453669668705,0.919636906249325,main,0.00441603811676994,5.14596102457,0.526581838622,high,high
USA,09009,09,0.942256244257,0.944810073272,0.934082968520976,0.908614644406324,0.900717090554845,0.972603342430929,0.926761458583186,main,0.0056194467210241,6.35101543579,0.866375520309,high,high
USA,09011,09,0.93395888237,0.923707613094,0.923908972488134,0.897275748274926,0.885753077480697,0.967801419209031,0.916237968450006,main,-0.000201359394134015,4.99906534724,0.505090777349,high,high
USA,09013,09,0.973232165072,0.932185051232,0.916947251162867,0.887678649279586,0.884337385987505,0.954880399076601,0.908393977210376,main,0.015237800069133,4.95262683161,0.356473768812,high,middle
USA,09015,09,0.92081764537,0.915669727669,0.911581791797103,0.884571516260263,0.871898229149272,0.9571884039495,0.903785546313476,main,0.00408793587189704,4.43281810798,0.288359341183,high,middle
USA,10001,10,0.901402459703,0.904151719371,0.915870545351821,0.892419226316902,0.8725618409695,0.963714004865889,0.908736073482383,main,0.011718825980821,4.79073879828,0.615835439056,high,high
USA,10003,10,0.931062677447,0.928847469754,0.934861782824038,0.905690895310157,0.900584545331965,0.972728111258363,0.925760513584489,main,0.00158389768403799,6.31003805551,0.904935088359,high,high
USA,10005,10,0.919070980684,0.911885648399,0.915339516971985,0.900494972589334,0.861750993599505,0.974539171751695,0.911074997584014,main,-0.00345386857298502,4.51427165131,0.321786454378,high,middle
USA,11001,11,0.948188115064,0.939603167763,0.937289275668211,0.895428571484617,0.920761456478364,0.971824997118411,0.928799661069824,main,0.00231389209478905,8.41830678535,0.999999991085,high,high
USA,12001,12,0.939723963486,0.93982996446,0.930566642788384,0.906908866246523,0.902540869759858,0.962734177264153,0.923660358078862,main,0.00905131972361595,4.82518350874,0.729668589079,high,high
USA,12003,12,0.863811769705,0.8700671992,0.885627378662399,0.866547377657789,0.840795677981131,0.937084488366534,0.880549640252287,main,0.0155601794623991,3.0794405152,0.227611555865,middle,middle
USA,12005,12,0.89162795496,0.887783614314,0.92609208907798,0.904852392913269,0.887950144191581,0.969870803972207,0.920223675152801,main,0.03061979347198,4.59012985193,0.761070320188,high,high
USA,12007,12,0.839904165959,0.889902056851,0.896487316741535,0.872623977486368,0.850204484494441,0.949610012070198,0.889812712560351,main,0.00658525989053504,3.75973188645,0.112569526036,high,middle
USA,12009,12,0.916292383642,0.925619099444,0.936448841457816,0.923592821433759,0.898763413679505,0.979703573309781,0.933412348330003,main,0.010829742013816,5.47535696454,0.905538481304,high,high
USA,12011,12,0.929104971776,0.939818508633,0.94052542261679,0.920667110530667,0.907900622512622,0.977971646884992,0.935023233257623,main,0.00070691398378997,6.43748112099,0.996827701977,high,high
USA,12013,12,0.849583580562,0.852703543736,0.877628218486258,0.863070538505394,0.829451094658929,0.932925151423009,0.874100347229596,main,0.0249246747502581,2.50520309111,0,middle,low
USA,12015,12,0.915725499823,0.923115525824,0.943113159189782,0.938611294756211,0.893550837586988,1,0.943050639863231,main,0.019997633365782,4.64542735035,0.748704980324,high,high
USA,12017,12,0.880854889472,0.911683741153,0.91855815752192,0.908195596874941,0.862010294439996,0.983462891224266,0.916536870771842,main,0.00687441636892006,4.69153322191,0.318025615037,high,middle
USA,12019,12,0.907718102226,0.912391529965,0.91458309813505,0.891085524969426,0.876473398488545,0.958324802458153,0.907939587207657,main,0.00219156817005006,5.0144251786,0.756773496183,high,high
USA,12021,12,0.955190576261,0.920307586409,0.936898249905515,0.942458966298265,0.889294534944274,0.991537033307912,0.940168445729362,main,-0.0165906634965149,4.3826384657,0.832508207955,high,high
USA,12023,12,0.858515730405,0.891666257162,0.898671724525016,0.881374378195521,0.85186350790017,0.952397447647674,0.894230653057234,main,0.00700546736301599,3.65574784333,0.268391358844,high,middle
USA,12027,12,0.851541179525,0.882291571746,0.90250473828237,0.892797855559566,0.858057452065143,0.953520623206997,0.900602605004197,main,0.02021316653637,3.2024460949,0.432307792508,middle,high
USA,12029,12,0.857144937409,0.890619403097,0.875234959592502,0.867161602369608,0.82548899095898,0.932332587530207,0.873897968405556,main,-0.0153844435044981,2.43004340135,0,middle,low
USA,12031,12,0.898254400594,0.933495682703,0.93221438194895,0.909275984148843,0.898703815426987,0.970677274758387,0.925683216040953,main,-0.00128130075404997,6.22453209867,0.948667721169,high,high
USA,12033,12,0.892874396546,0.903920998368,0.928468139133402,0.910229721551197,0.892825910077552,0.969377720138726,0.923570977504752,main,0.024547140765402,5.2208570681,0.834025171264,high,high
USA,12035,12,0.91249723956,0.925370120242,0.92538722857785,0.922240293357733,0.879860286850639,0.977642324845695,0.925719192828208,main,1.71083358500024e-05,4.6844231554,0.798498521068,high,high
USA,12037,12,0.871211180786,0.878541058186,0.896328169167469,0.885621820069941,0.849208475410978,0.950411400764929,0.894110966842831,main,0.017787110981469,2.33947871346,0,low,low
USA,12039,12,0.86359572551,0.88252054461,0.886782347652046,0.867224336703525,0.839214893971324,0.941379510936061,0.88156930547099,main,0.00426180304204604,3.6661511176,0.158044406222,high,middle
USA,12041,12,0.867015291877,0.885273219893,0.870055722911596,0.85415627181119,0.822502939174112,0.924636048269165,0.866061111239145,main,-0.015217496981404,3.11043033734,0,middle,low
USA,12043,12,0.870694410464,0.86499606848,0.867628243302467,0.867723373663679,0.817645411730602,0.924997738736118,0.869018436802476,main,-0.00263217482246703,2.09969253774,0.074764442956,low,middle
USA,12045,12,0.873597086872,0.86455786569,0.889118092566376,0.877645802072109,0.845013748432174,0.939740354047767,0.886605274216281,main,0.00648178451237602,2.59370640709,0,middle,low
USA,12047,12,0.82852841206,0.878832599176,0.892373192896678,0.88149114540151,0.853158241209079,0.937383487852413,0.889996463993465,main,0.0135405937206781,2.60407013776,0.33224547786,middle,middle
USA,12049,12,0.849094905958,0.860546057608,0.875721560714753,0.863116887221812,0.824091808006495,0.934981365913629,0.872869641170541,main,0.0151755031067531,2.96815469934,0.246158804224,middle,middle
USA,12051,12,0.837643321453,0.869955063494,0.8878229251347,0.875056157310674,0.842505397530454,0.939837659218304,0.884885652177274,main,0.0178678616407,2.78189856757,0.569506202104,middle,high
USA,12053,12,0.881636184962,0.909523525432,0.923790986807481,0.907572694328959,0.877831560190425,0.976542482321483,0.91973190235443,main,0.014267461375481,5.14009894033,0.711488985739,high,high
USA,12055,12,0.888320862538,0.886896865752,0.918345236585841,0.921716605953893,0.862367332353564,0.982595780627579,0.920919214614,main,0.0286003772618409,3.7727466597,0.591229205009,high,high
USA,12057,12,0.92390787082,0.927645667849,0.932732641489601,0.908519711744021,0.899757530456587,0.970580947044532,0.925757420953686,main,0.00508697364060096,6.31165584012,0.922445976478,high,high
USA,12059,12,0.83481923787,0.864177278067,0.881376334281359,0.868085707102542,0.833044194621011,0.936851191914347,0.878281538253625,main,0.017199056214359,2.93822814427,0,middle,low
USA,12061,12,0.924474794199,0.920838409276,0.939742555985011,0.931882639649012,0.893631354598511,0.992668256154267,0.938515071321904,main,0.011631376863011,4.8372052506,0.898896473322,high,high
USA,12063,12,0.849807561498,0.869982041796,0.899408520861688,0.884864316746095,0.855207135873338,0.950142164284914,0.895871105845847,main,0.029426479065688,3.18686396658,0.0988361848272,middle,middle
USA,12065,12,0.884547809078,0.885451326883,0.885150372758732,0.878596011993476,0.837662571789344,0.939656111933399,0.884319280346706,main,-0.000300954124268005,2.47050318744,0,middle,low
USA,12067,12,0.869080272971,0.872798815768,0.865375157876873,0.857060735562341,0.822918515041152,0.914106214135458,0.863883206175527,main,-1.34277028730478e-05,2.12787219879,0,low,low
USA,12069,12,0.902664876221,0.911741412483,0.925182644400417,0.910310645509378,0.878385928861169,0.978895166760793,0.921588525086059,main,0.013441231917417,5.00589726832,0.689102396863,high,high
USA,12071,12,0.932245970395,0.922965198231,0.939015782448605,0.922943252219113,0.895665681807229,0.988772335300515,0.934987374930822,main,-0.00251096011039509,6.03678193664,0.888551651691,high,high
USA,12073,12,0.950027202309,0.937345667294,0.933807886127478,0.90504269358187,0.907034725161929,0.96453769249207,0.925132762999615,main,0.00353778116652204,5.20704642856,0.809302999792,high,high
USA,12075,12,0.861402626584,0.890151508722,0.887997417050498,0.884129089434211,0.833862162110688,0.950132997676889,0.888105956434544,main,-0.00215409167150205,2.84423477144,0,middle,low
USA,12077,12,0.861991030995,0.863047425004,0.881639575340081,0.876959022350711,0.845888719256496,0.922673836712156,0.881279321607086,main,0.018592150336081,1.69603576791,0,low,low
USA,12079,12,0.848200860068,0.882913636791,0.882901635376416,0.872889820999963,0.83538101373256,0.937445045596817,0.880906773248546,main,-1.20014145840175e-05,2.54058408858,0,middle,low
USA,12081,12,0.922553337317,0.918987416904,0.936937437988604,0.92499502254218,0.894005693458724,0.986213808380392,0.934294057259103,main,0.010818180258604,5.28217012992,0.915083472414,high,high
USA,12083,12,0.880461943845,0.910073756835,0.920499623813871,0.90914202089001,0.870475688835261,0.977916297081018,0.918114163544312,main,0.0104258669788709,4.56322437847,0.562412230065,high,high
USA,12085,12,0.942159265933,0.926412756814,0.941110075571099,0.937082818846934,0.896890679128242,0.991864392254015,0.941145120965172,main,-0.014697318757099,4.86758864516,0.888875031462,high,high
USA,12086,12,0.918864993359,0.93152363517,0.940031262232705,0.921749101280217,0.909257512775011,0.975352880145669,0.935019060027355,main,0.00850762706270491,6.34595932464,0.988593313227,high,high
USA,12087,12,0.929626238745,0.919893542388,0.939708129625797,0.930428384570046,0.905287219209324,0.979215900611535,0.937812316936915,main,0.000349194523796892,3.44590076683,0.703922803,middle,high
USA,12089,12,0.915228400275,0.904928030759,0.906133613211134,0.889385549765352,0.85977449457375,0.959343868839639,0.901881842933547,main,-0.00120558245213398,3.95732907934,0.327473522465,high,middle
USA,12091,12,0.908323012803,0.901616475825,0.924516587075616,0.912062417188455,0.887248518439994,0.967292280772326,0.921600118110953,main,0.00948703729461609,4.43163031314,0.827255697049,high,high
USA,12093,12,0.846477072301,0.880929873776,0.905272872429138,0.895522292894191,0.860133427835351,0.957083205678815,0.9033664855956,main,0.024342998653138,3.16225338435,0.484550685819,middle,high
USA,12095,12,0.928891023715,0.934753633745,0.937039403768047,0.910053408165409,0.907759701612457,0.970646178060107,0.929036783576475,main,0.00228577002304697,6.42118625209,0.963186750472,high,high
USA,12097,12,0.890912229888,0.906708499399,0.915908123312476,0.90306418105457,0.879777455047278,0.957378327037823,0.912833729648441,main,0.00919962391347595,4.62724181803,0.843583776485,high,high
USA,12099,12,0.944453085866,0.937323338991,0.940950840492296,0.933354507161056,0.902538528133779,0.985039878850986,0.93969892672515,main,-0.00362750150129609,5.69415507301,0.974376024037,high,high
USA,12101,12,0.8989341844,0.914576544004,0.929562276541416,0.910610646787396,0.888527606928643,0.976661214655527,0.924519048585617,main,0.014985732537416,5.68164795186,0.853621030069,high,high
USA,12103,12,0.922255726989,0.941971663809,0.952866801358007,0.92372616868187,0.918146915207618,0.992717731913986,0.944264658214914,main,0.0108951375490071,7.26481670088,0.99583705252,high,high
USA,12105,12,0.887453368854,0.902755617282,0.919390588157733,0.905573334600314,0.877287533510926,0.967715801542849,0.916089289215322,main,0.016634970875733,5.0509966094,0.787897068229,high,high
USA,12107,12,0.846235972312,0.891437037379,0.89392689370346,0.876297266116379,0.841272444557507,0.954362829100535,0.889407004877953,main,0.00248985632445997,3.79933608837,0.215291038602,high,middle
USA,12109,12,0.955105770778,0.927303469137,0.921847967272392,0.901935570756441,0.880391704143728,0.969430803687663,0.916479504868968,main,0.00545550186460797,5.04471513244,0.738232284875,high,high
USA,12111,12,0.90568814198,0.922165881945,0.926902836987504,0.911797628397347,0.885807542486019,0.974071359380193,0.92315834955631,main,0.00473695504250393,5.55025692388,0.926461471777,high,high
USA,12113,12,0.907287975456,0.888903130244,0.911331676622318,0.898461467383431,0.873744022254336,0.954474185716167,0.908272057580591,main,-0.0143411440456821,4.221064111,0.688337107811,high,high
USA,12115,12,0.943196363973,0.931776307004,0.948485033393695,0.940636409440462,0.903602925230636,1,0.947254050665327,main,-0.00613138754830489,5.71815338793,0.931258819196,high,high
USA,12117,12,0.946276231759,0.938375158954,0.940355519984507,0.912404805679273,0.908678569407769,0.976713817710223,0.932084016050484,main,-0.00198036103050692,6.45761176598,0.955343978466,high,high
USA,12119,12,0.919301002024,0.911805495851,0.931942508251695,0.940102781467357,0.872647823479832,1,0.936134208851795,main,0.00514600005469501,4.44805675685,0.56529138239,high,high
USA,12121,12,0.863397783412,0.88971155911,0.892784747024451,0.87774054361394,0.840699999999449,0.952566787430013,0.889134674654525,main,0.00307318791445099,3.32590532775,0.149628462545,middle,middle
USA,12123,12,0.837501753756,0.881639777186,0.894530437262368,0.885341857926295,0.848300252960774,0.947592704120413,0.892813539005247,main,0.0128906600763681,2.35791046079,0.238042307643,low,middle
USA,12125,12,0.785735447856,0.876505247447,0.882776841492193,0.862540478907658,0.842449685131845,0.929063707200084,0.877249207135534,main,0.00627159404519306,3.3702170149,0.124875753591,middle,middle
USA,12127,12,0.90321640392,0.92701399625,0.935718536133951,0.922152385310426,0.897223418394987,0.979902617185222,0.932456836417183,main,0.00870453988395092,5.32885052391,0.848655323235,high,high
USA,12129,12,0.889454293553,0.888307400705,0.890240938671298,0.87204710268591,0.849679953727243,0.936796189091368,0.885414867826697,main,-0.00036024772970189,3.19725572801,0.171373098978,middle,middle
USA,12131,12,0.909228976467,0.890009561582,0.903609116280252,0.886694020091609,0.854330843399097,0.960169930506408,0.899323596908779,main,-0.013599554698252,3.24243754894,0.0650829973978,middle,middle
USA,12133,12,0.827090967335,0.868020484363,0.887722966031644,0.871858457451902,0.842502140116298,0.939626707461863,0.883739194382903,main,0.0197024816686441,2.99098860104,0,middle,low
USA,13001,13,0.844292961268,0.852922402997,0.892961321626035,0.874833815359126,0.837418732016348,0.954558109792508,0.887612755959923,main,0.0400389186290351,2.67746161591,0,middle,low
USA,13003,13,0.829608528079,0.832649885808,0.860973235660221,0.851538672100886,0.804820587532412,0.923246579341552,0.85850017260341,main,0.028323349852221,2.33947202249,0,low,low
USA,13005,13,0.832257997344,0.837943868452,0.873361930946298,0.853911876125662,0.819191724166282,0.933436745163831,0.867549973805243,main,0.035418062494298,2.77126385217,0,middle,low
USA,13007,13,0.868491030578,0.84322592386,0.860366296676509,0.862969089212152,0.806586553488788,0.920008086374475,0.861944469408681,main,-0.017140372816509,1.51828497527,0,low,low
USA,13009,13,0.895884695168,0.88862127712,0.918358847208917,0.889179606354539,0.88041149685429,0.96044249720973,0.909317443543076,main,0.0152107339929172,4.20928054213,0.38878864704,high,middle
USA,13011,13,0.876489941639,0.869538875324,0.891182297549806,0.86840969205813,0.840157083359562,0.947769311798007,0.88429248142751,main,0.00774128959580611,3.49353073738,0.0210909063065,middle,middle
USA,13013,13,0.881191594291,0.8798304596,0.900997391653629,0.864621915770229,0.855091177948163,0.951907429176389,0.889496944393697,main,0.0184446626716289,5.33287638691,0.470034625989,high,high
USA,13015,13,0.879103241373,0.884879839947,0.901236534933157,0.873541600889951,0.856822256758345,0.950492014440428,0.892704247854545,main,0.016356694986157,4.49675870808,0.377568444947,high,middle
USA,13017,13,0.835088158956,0.857928782233,0.899900645049136,0.8824074672514,0.851575524484731,0.953493252729888,0.89482200703196,main,0.0419718628161361,3.30651218535,0.516984276648,middle,high
USA,13019,13,0.843588696612,0.851576174863,0.872007801687455,0.857075499486946,0.81797840571351,0.931926456578353,0.867722489174945,main,0.020431626824455,2.8757958654,0,middle,low
USA,13021,13,0.883628310149,0.892313662524,0.921474965321454,0.896383690775737,0.878275167981668,0.969383584351872,0.913846817422586,main,0.029161302797454,5.45468819698,0.760795888218,high,high
USA,13023,13,0.882363862658,0.854708758353,0.891509263295734,0.864050795858989,0.843514986374937,0.944734965040433,0.883040634644177,main,-0.0185097036672661,3.19265926149,0,middle,low
USA,13025,13,0.840290366716,0.83878088151,0.866512215468556,0.85404254028349,0.813429484582919,0.925381017817128,0.863058035108704,main,0.0247123635465559,2.87101846197,0,middle,low
USA,13027,13,0.878319193457,0.85827919336,0.87901168793905,0.865032612458193,0.82596972371212,0.9378352800218,0.875066500803916,main,-0.01934750561495,2.57960190304,0,middle,low
USA,13029,13,0.911703469804,0.865930627888,0.879463863568406,0.856919609030452,0.827567781651424,0.937016671008136,0.872630371739891,main,-0.013533235680406,3.40746523959,0.299657285354,middle,middle
USA,13031,13,0.91412454016,0.880249884323,0.913151889471518,0.884354567074818,0.879179776601644,0.950826997073058,0.904208403534809,main,-0.032902005148518,3.75162858374,0.409324686747,high,middle
USA,13033,13,0.863468337938,0.842513682759,0.876946768707199,0.86322608279675,0.821344122691498,0.938610159488806,0.873061799544229,main,-0.00747622440980111,2.45492078873,0,middle,low
USA,13035,13,0.861931203598,0.877824465313,0.893125370085285,0.864022953465144,0.846768334103097,0.944535369969813,0.884102675321626,main,0.0153009047722851,3.95183094546,0,high,low
USA,13037,13,0.826704077489,0.849014097723,0.877294125062306,0.86197603991003,0.838719850692321,0.920073034431504,0.872927427934069,main,0.028280027339306,2.30743502792,0,low,low
USA,13039,13,0.897208952706,0.885958448616,0.894971852933385,0.874248970151533,0.850834888992224,0.943919790674495,0.888802301337359,main,-0.00901340431738495,3.47357791739,0.365347236092,middle,middle
USA,13043,13,0.848501292249,0.843175796057,0.879364907140989,0.861229735904896,0.821283543913508,0.943777197822501,0.873964661785105,main,0.0255381186999891,2.92390473097,0,middle,low
USA,13045,13,0.88807231663,0.8907371585,0.902537106678304,0.8749822474908,0.85871269032561,0.951138428827053,0.894053725482038,main,0.011799948178304,4.49858739695,0.307335427758,high,middle
USA,13047,13,0.899088998075,0.885802959451,0.916839004799011,0.888299383097588,0.872726979645921,0.965759285398877,0.908034225747972,main,0.00446396810001104,5.1631709885,0.617709982515,high,high
USA,13049,13,0.855110725619,0.852453307236,0.891608432826041,0.88011416545039,0.854555160288852,0.932700549621218,0.888533449080548,main,0.0338402888240409,1.9642566867,0.40527917915,low,middle
USA,13051,13,0.923468141055,0.919234773945,0.931646623244278,0.906275153342167,0.896024134720467,0.971151999118599,0.923894389675029,main,0.00394511507927808,5.60026790786,0.87009234916,high,high
USA,13053,13,0.879467334766,0.860485272076,0.878250387928961,0.861640462780835,0.853029584872457,0.906220284078507,0.873322506603106,main,-0.017765115852961,2.79732577637,0.619220900197,middle,high
USA,13055,13,0.830403353693,0.865633312972,0.883459140500732,0.85867674099661,0.832895326266592,0.939534461730011,0.87587933430055,main,0.0178258275287321,3.46924231876,0,middle,low
USA,13057,13,0.939294723596,0.909168940742,0.914366460225696,0.884580995858876,0.874675686529053,0.958383568479669,0.905123844735011,main,-0.00519751948369596,5.52433257761,0.757263339474,high,high
USA,13059,13,0.938707350173,0.924846804575,0.943594959903385,0.905739004680423,0.918707535707807,0.971195138558302,0.931455868010987,main,-0.00897293586761494,5.94402025005,0.824758119963,high,high
USA,13061,13,0.862108516245,0.863069321867,0.876907781283972,0.875496482763017,0.819118415802483,0.940996246169255,0.877128041647298,main,0.0138384594169719,1.94066112895,0,low,low
USA,13063,13,0.873349148324,0.898685789925,0.91512388332052,0.875435839186266,0.876256899004469,0.95822740831655,0.902488036930647,main,0.0164380933955199,6.73031599613,0.966670245412,high,high
USA,13065,13,0.834592512798,0.834996535384,0.861166796645952,0.858038318803775,0.806641739397872,0.92163514039219,0.860826179705181,main,0.026170261261952,1.40980755603,0,low,low
USA,13067,13,0.952254780737,0.930666795558,0.930649266629301,0.896769117595006,0.896946114035186,0.968026097012449,0.919979226071577,main,1.75289286989955e-05,6.84080697533,0.97543558562,high,high
USA,13069,13,0.85305509575,0.861362231575,0.893228492791919,0.874338612896039,0.845352007489033,0.946323563512979,0.887671548709622,main,0.0318662612169189,3.3565953852,0.239464116587,middle,middle
USA,13071,13,0.844311419409,0.862067104195,0.890522933035748,0.871580220397308,0.838448549939425,0.948273476664066,0.884923637303612,main,0.028455828840748,3.48850294449,0.30501809959,middle,middle
USA,13073,13,0.938438244132,0.893052298578,0.916019222333019,0.888134355321706,0.874333902146561,0.962248284665559,0.907432601107112,main,-0.0229669237550191,5.28415883815,0.762335710959,high,high
USA,13075,13,0.85039288448,0.852944665102,0.88323767825032,0.860686067414992,0.828355376533947,0.944102206473942,0.876382089993459,main,0.03029301314832,3.39546721586,0,middle,low
USA,13077,13,0.91800784358,0.901675577591,0.907005328138278,0.877891470540163,0.863263289848369,0.955515292931913,0.897994992533462,main,-0.00532975054727802,4.8000839608,0.479246802952,high,high
USA,13079,13,0.868587920365,0.841957097897,0.866904016189749,0.855081144911021,0.817875495639909,0.921276695167205,0.863697250933994,main,-0.024946918292749,2.74203166133,0,middle,low
USA,13081,13,0.861294211804,0.866414093479,0.903259942084621,0.88338349352553,0.853768080792633,0.958146466414689,0.897374447176707,main,0.036845848605621,3.51529674055,0.466825835884,high,high
USA,13083,13,0.8872605728,0.866692291481,0.891428280194308,0.867086680069316,0.842410702192715,0.945788823874667,0.884016130077992,main,-0.0164005739246921,3.62859819535,0.000379943859187,high,middle
USA,13085,13,0.910277065814,0.89689180784,0.914116932804206,0.883284107048773,0.861984666926319,0.971931668495939,0.904506925839976,main,-0.00954539098379403,3.8057280662,0,high,low
USA,13087,13,0.838501010272,0.871426981452,0.89633066291968,0.880327690759356,0.847304095014589,0.95070117641213,0.89174886756542,main,0.02490368146768,2.90455494761,0.307956540782,middle,middle
USA,13089,13,0.942540856544,0.929334202543,0.92957580856322,0.891727387033964,0.896072379158738,0.966731145726654,0.917544146191238,main,-0.000241606020219942,7.05685351313,0.985497034068,high,high
USA,13091,13,0.862540970049,0.853730206465,0.888983949198836,0.869305570109728,0.842716527153673,0.940294567136384,0.883159815689425,main,0.0176322155658361,2.89292116887,0,middle,low
USA,13093,13,0.875036726082,0.848542481867,0.885414991875349,0.871194678206611,0.841780403884924,0.933805794177962,0.881434807320574,main,-0.016115978421651,2.79642376113,0,middle,low
USA,13095,13,0.881944798171,0.888132423208,0.91745188314973,0.897094426651202,0.874912010918716,0.964628644565722,0.91142491642784,main,0.02931945994173,4.67731986142,0.756934220458,high,high
USA,13097,13,0.903144779712,0.902635910762,0.916926612219656,0.883792528384698,0.876899780804016,0.961316408824572,0.906543985433749,main,0.0132729635576559,5.78497652115,0.798429173072,high,high
USA,13099,13,0.853217922161,0.842846472522,0.875821856104953,0.863662899746086,0.818784951735356,0.939075840854571,0.872445408487456,main,0.0122324843049529,2.16309374418,0,low,low
USA,13101,13,0.859258822982,0.830074573741,0.845969074736264,0.843713583874335,0.8008121966192,0.896048098332075,0.84596490687715,main,-0.015894500995264,1.53804068489,0,low,low
USA,13103,13,0.894301512087,0.860634957718,0.881551287452525,0.857723099373256,0.833879567185102,0.934419273541738,0.874307241397666,main,-0.020916329734525,3.87289474044,0.198347739202,high,middle
USA,13105,13,0.860994634992,0.86506848717,0.884266387235787,0.867007828977781,0.830458600592489,0.943939277154409,0.879214863147768,main,0.019197900065787,3.10218022098,0,middle,low
USA,13107,13,0.842833694576,0.846473523737,0.879374882616691,0.863118007717925,0.825605994439567,0.939004634096904,0.874655269415623,main,0.0329013588796909,2.60152217843,0,middle,low
USA,13109,13,0.858593823085,0.844135521609,0.880848967728762,0.860343610476986,0.82231136606185,0.945767227301976,0.874643011722975,main,0.00779684316776197,3.16635222052,0,middle,low
USA,13111,13,0.891071665361,0.887922110758,0.907189444547557,0.893326606702755,0.851904943609872,0.968500012115222,0.903303471677352,main,0.012968224583557,3.22463050702,0,middle,low
USA,13113,13,0.957995316995,0.917548304456,0.919956118476893,0.891430813240505,0.876831136068239,0.967781767672865,0.911157974174487,main,-0.00240781402089296,5.51650922245,0.638820557558,high,high
USA,13115,13,0.883429919407,0.887170202156,0.906254586433152,0.882792995007721,0.860976633735745,0.956467881861268,0.899166693350371,main,0.0190843842771521,4.28597197423,0.452328566968,high,high
USA,13117,13,0.96431537435,0.897037925109,0.911916112659415,0.874873810796157,0.868090962034096,0.96051824911725,0.900199478759602,main,-0.0148781875504149,6.01429711839,0.747784442508,high,high
USA,13119,13,0.868980866252,0.863679016237,0.892457868662361,0.86919884096385,0.839223281833367,0.951495079406013,0.885389572687477,main,0.018175152395361,3.5054619687,0,middle,low
USA,13121,13,0.953257201167,0.936352229349,0.935740971612659,0.903539396770907,0.905792933248562,0.968953376509116,0.925606297544101,main,0.000611257736340964,6.69127571358,0.95738607991,high,high
USA,13123,13,0.886639061035,0.888942997664,0.897305043397054,0.882482637688877,0.84297715942841,0.957554721776573,0.893089931212687,main,0.00836204573305399,3.3051344004,0,middle,low
USA,13125,13,0.856720078684,0.829627499706,0.856261034369473,0.84536698522542,0.806056791008002,0.911937591136557,0.853346374071382,main,-0.026633534663473,2.24776539658,0,low,low
USA,13127,13,0.911185843575,0.909976609454,0.919469214988486,0.902253889165631,0.873979559778774,0.969917288717296,0.914509552745918,main,0.00707413729248607,4.32347543957,0.654562645119,high,high
USA,13129,13,0.866831926187,0.873209639533,0.897780615465861,0.869650717609726,0.85070673687357,0.949985594531473,0.889093121840594,main,0.024570975932861,4.14280382608,0.271351340205,high,middle
USA,13131,13,0.871601245716,0.862886049422,0.886565715725768,0.872971066932086,0.834359856432287,0.944462066589978,0.882766661854063,main,0.00624927371576811,3.0837407258,0.289409223646,middle,middle
USA,13133,13,0.913155577802,0.881644938505,0.897017298592701,0.888971311953663,0.83606704036637,0.964611196735404,0.895008271944209,main,-0.0153723600877009,2.82662745259,0,middle,low
USA,13135,13,0.928744062907,0.918129315532,0.923757339229922,0.89142516774514,0.887970317854611,0.963445182203302,0.913629505415956,main,-0.00562802369792204,6.82271491028,0.969669921335,high,high
USA,13137,13,0.880497747484,0.879745755611,0.898374545529053,0.873399444601224,0.847448797378859,0.954851251838035,0.890746313537255,main,0.017124806172053,4.13259678518,0.150262208491,high,middle
USA,13139,13,0.903932851562,0.894507566903,0.910330014052085,0.880965513694948,0.865505061099338,0.960040932304282,0.90123785076406,main,-0.0030281221689149,5.33519718752,0.63778127854,high,high
USA,13141,13,0.821525538635,0.866482495823,0.886631550739207,0.875209022223495,0.846077393987845,0.931606151675853,0.883591253800287,main,0.020149054916207,2.11096419081,0,low,low
USA,13143,13,0.858151667991,0.882080546038,0.887422928735061,0.860782973241873,0.835086496707775,0.945464084893389,0.879204809300632,main,0.005342382697061,3.69828945723,0,high,low
USA,13145,13,0.929740564221,0.884237345886,0.866242183674754,0.849243107806406,0.817851318853215,0.919907701803295,0.861291606147252,main,0.017995162211246,3.37717736694,0.0180766378369,middle,middle
USA,13147,13,0.873387496216,0.868688195793,0.890738918425875,0.868412789806998,0.836232382323934,0.951186722202275,0.883974337270277,main,0.0126521217868751,3.75134056703,0,high,low
USA,13149,13,0.853433714972,0.867352551261,0.86253066611626,0.848035355929791,0.813894922000651,0.916467755630097,0.8584200032688,main,-0.00482188514474002,2.78750765572,0,middle,low
USA,13151,13,0.906713962366,0.892068037867,0.91098605239326,0.876350988846383,0.871915094252319,0.95431578456781,0.900080724878078,main,-0.01037383447174,5.79503033836,0.710624711012,high,high
USA,13153,13,0.913437030239,0.878456696038,0.914721300741806,0.893919859677508,0.874165203259032,0.959698053951555,0.908536204634921,main,-0.033696063698194,5.01221754641,0.782567684735,high,high
USA,13155,13,0.860663772331,0.843485526519,0.86851926081936,0.855630669305944,0.819124178218311,0.923298457483098,0.864953445045699,main,-0.00932275732363996,2.38728122172,0,low,low
USA,13157,13,0.895657212436,0.874002370403,0.895198784954371,0.864314952439419,0.844136736428807,0.951826648517772,0.885552327740964,main,-0.021196414551371,4.32766056665,0.0902262547259,high,middle
USA,13159,13,0.864178069139,0.869844165246,0.869422742423163,0.857608208640925,0.816358967992742,0.928270522043689,0.866193430385078,main,-0.00042142282283697,2.76926441482,0,middle,low
USA,13161,13,0.845084945879,0.84645494085,0.878688635227512,0.856965532249302,0.822171762948347,0.941365903861817,0.872090305314438,main,0.032233694377512,2.93994244602,0,middle,low
USA,13163,13,0.838479499792,0.847793727636,0.878919761166778,0.86757119068002,0.824578356080654,0.939184434479287,0.875849150531271,main,0.0311260335307779,2.55635883096,0,middle,low
USA,13165,13,0.824383325333,0.834386835703,0.869206564885198,0.855028643685746,0.815691978636389,0.928554295269188,0.865176509987681,main,0.034819729182198,2.28769896367,0,low,low
USA,13167,13,0.856255555264,0.851990063088,0.878040053588431,0.865641353506987,0.830096463254769,0.931209543856628,0.874657435450045,main,0.0175190061484309,2.63118071227,0,middle,low
USA,13169,13,0.905424440219,0.86694800546,0.878363665181672,0.861355580735729,0.827196097356726,0.935108549755024,0.873408992038787,main,-0.011415659721672,3.39460071237,0.0848913313376,middle,middle
USA,13171,13,0.88244099926,0.870905588192,0.900082654708635,0.874859701871916,0.857331863486273,0.947493325499786,0.892389624411216,main,0.00610624438063512,3.68449559976,0.314042516314,high,middle
USA,13173,13,0.856989843072,0.843866685516,0.865459181682076,0.84420899206807,0.814560729046184,0.921905617238036,0.859053017682063,main,-0.00465381894592398,3.10201258536,0,middle,low
USA,13175,13,0.860393566833,0.853634384196,0.89306627135887,0.877859445323768,0.840824989883055,0.951001905459186,0.888731679873014,main,0.0259135218888701,3.17292268276,0.252942380536,middle,middle
USA,13177,13,0.910094579477,0.854754176857,0.884860076404137,0.866546644673007,0.836462152354498,0.938533423223795,0.879486804464077,main,-0.030105899547137,3.46210168449,0.313567862563,middle,middle
USA,13179,13,0.872177963635,0.85730424597,0.892757409980573,0.874552874579312,0.848462602626153,0.941880396226952,0.887438320550196,main,0.00570572868057295,3.85278010289,0.694916327628,high,high
USA,13181,13,0.877829012146,0.868576296809,0.877755921221329,0.867877441768411,0.819510479395291,0.942350175234926,0.875135045252146,main,-0.009179624412329,2.70469962495,0,middle,low
USA,13183,13,0.87351305084,0.822066027747,0.846122459362364,0.832762409335985,0.797683349759578,0.899841481002201,0.84237580258124,main,-0.024056431615364,2.77341840667,0.153678747287,middle,middle
USA,13185,13,0.894844934942,0.889645100888,0.911660738910759,0.882735938113358,0.87076053254527,0.957019109220173,0.902713736894476,main,0.011615969914759,4.47005864844,0.552853462341,high,high
USA,13187,13,0.904979288465,0.889425607397,0.898358874143191,0.869495937101544,0.856142565070827,0.945176803688328,0.889424115212575,main,-0.00893326674619099,3.81092813864,0,high,low
USA,13189,13,0.853265997018,0.862915738602,0.898094116151151,0.876797872637845,0.847002945601947,0.954754276068283,0.891713496769068,main,0.035178377549151,3.49298495184,0.362563472569,middle,middle
USA,13191,13,0.915803716071,0.885233822779,0.882946127756878,0.876995906492469,0.829909793736538,0.941763475934814,0.881705262890863,main,0.002287695022122,2.67636256469,0,middle,low
USA,13193,13,0.827098313324,0.856491805635,0.884653859544359,0.86691458855735,0.84322418000719,0.930599416137758,0.879482859146371,main,0.028162053909359,2.701415214,0,middle,low
USA,13195,13,0.878342181487,0.859210217403,0.872794318176624,0.851748233654791,0.821859223305847,0.929281390008206,0.866466889656825,main,-0.013584100773624,3.66717386618,0,high,low
USA,13197,13,0.874120487896,0.840692572849,0.871201010905635,0.859317783267321,0.819880587084373,0.928115412933815,0.86796483275858,main,-0.0305084380566349,2.35040917486,0,low,low
USA,13199,13,0.853520851142,0.874596454431,0.879368960648608,0.865768188728866,0.82564265317384,0.938951490086755,0.875545997165242,main,0.00477250621760805,2.84414879868,0,middle,low
USA,13201,13,0.839364096322,0.84843816446,0.88283952812035,0.871714270626744,0.82614696276267,0.945711640556783,0.879825882267339,main,0.0344013636603501,2.19334196484,0,low,low
USA,13205,13,0.843101033617,0.856317033933,0.880407762191037,0.862318442053513,0.829928487861066,0.936389328580916,0.875094459281925,main,0.024090728258037,2.88893222805,0,middle,low
USA,13207,13,0.911166759948,0.882815637214,0.892123859320124,0.87022370449136,0.843873740861132,0.945633289589962,0.88554447581341,main,-0.00930822210612392,3.30907259914,0.00589209252078,middle,middle
USA,13209,13,0.868005961725,0.851360297515,0.876633672790189,0.857524485338308,0.831770231644839,0.926387274486988,0.870991990146997,main,-0.00801795314481102,2.74386671335,0,middle,low
USA,13211,13,0.895943499502,0.869879139812,0.892461359794968,0.875770303840377,0.837663281657295,0.953232483984457,0.88760452811452,main,-0.0225822199829679,3.04617517401,0,middle,low
USA,13213,13,0.852058542712,0.857898818198,0.875665163344285,0.84778640062554,0.825259333581338,0.931565279634903,0.867021887994839,main,0.0177663451462851,3.80542687686,0,high,low
USA,13215,13,0.88790986061,0.905677323697,0.924153261739382,0.8972269757687,0.885380832577956,0.967151924973107,0.915888022558136,main,0.0184759380423819,5.79703528754,0.918561168245,high,high
USA,13217,13,0.881544300814,0.88323912514,0.898156354712544,0.865742098951881,0.854622671195873,0.946435253851502,0.888010194817314,main,0.0149172295725439,5.17986658635,0.577888383996,high,high
USA,13219,13,0.971407712149,0.876647192316,0.893643133379382,0.860744131504245,0.83897552094733,0.954269570969116,0.883279488044517,main,-0.016995941063382,4.28493775993,0.0165840771766,high,middle
USA,13221,13,0.886744002795,0.849259531472,0.859142018678922,0.848926470716255,0.805707926113487,0.918400481486475,0.856432760096075,main,-0.00988248720692209,2.66190399604,0,middle,low
USA,13223,13,0.905247576787,0.893627509654,0.902228452597464,0.871804950493605,0.861978909891605,0.946865236248938,0.892759980944872,main,-0.00860094294346403,5.42935768405,0.708993502681,high,high
USA,13225,13,0.893617034364,0.872299694724,0.909828039157027,0.883420956950339,0.867635801470894,0.956619273510439,0.90174019641204,main,-0.00510633484697287,4.29312252986,0.359848796962,high,middle
USA,13227,13,0.895884021807,0.89161135299,0.898862934416613,0.872124207595463,0.845804792577922,0.957704467487202,0.890621822246853,main,-0.00129375620738692,3.95292049058,0,high,low
USA,13229,13,0.844017000926,0.842796044802,0.87485987604243,0.856139140936499,0.820165606822865,0.935515876036532,0.869292012943261,main,0.0296219189924301,3.12438666758,0,middle,low
USA,13231,13,0.880288008604,0.856993109936,0.866689370397682,0.843039525848644,0.817632175340117,0.921093849433264,0.859481627580019,main,-0.00969626046168204,3.54732701028,0,high,low
USA,13233,13,0.847791990316,0.872556937618,0.890229012497545,0.866577982132494,0.839493898331223,0.946494305525217,0.883041402644983,main,0.017672074879545,3.95302713305,0.26416173888,high,middle
USA,13235,13,0.879408581093,0.865854995167,0.900619963256623,0.875514828670469,0.858837681906626,0.94695655561779,0.892965919334344,main,0.00765779623762297,3.00894264926,0,middle,low
USA,13237,13,0.895586489935,0.88351559517,0.892723165715534,0.876706783731432,0.83667758046178,0.954877776561035,0.888082737266545,main,-0.00920757054553401,3.21180304544,0,middle,low
USA,13239,13,0.838575588547,0.851464301585,0.870556699541499,0.865149168362076,0.813079559515161,0.934298906080598,0.869434012830821,main,0.019092397956499,1.96226100114,0,low,low
USA,13241,13,0.894861503294,0.89233928155,0.91043867639123,0.898820644137862,0.855985340329089,0.970827481269575,0.907319982473823,main,0.0130549513532299,2.87795150781,0,middle,low
USA,13243,13,0.84542204681,0.832281401279,0.865693907391513,0.857700189884198,0.803372605944219,0.934808293855741,0.863624645223903,main,0.00713121505051295,2.03915009711,0,low,low
USA,13245,13,0.866535870039,0.893261041264,0.923297721100392,0.896238928007347,0.886483438960171,0.964124797303127,0.914974999583626,main,0.030036679836392,5.55361961698,0.881748433975,high,high
USA,13247,13,0.899462986993,0.90335690281,0.918966342242995,0.886457128244079,0.87711047226742,0.965384544464508,0.908805175303949,main,0.015609439432995,5.71501891886,0.757843954929,high,high
USA,13249,13,0.887157966669,0.845593831011,0.869103236428534,0.855617158100285,0.816869990183497,0.927029959449774,0.865317324420993,main,-0.023509405417534,2.58433622269,0,middle,low
USA,13251,13,0.866942461078,0.850048444975,0.881029739842531,0.869054524009674,0.83099281703921,0.936520737941057,0.877783132275764,main,-0.00280673733846903,2.22645023847,0,low,low
USA,13253,13,0.865268592982,0.850266941604,0.884271434784661,0.864167742181788,0.827636706862205,0.947079405446816,0.878229583846271,main,0.00400119042466096,2.66444725841,0,middle,low
USA,13255,13,0.856846247859,0.882340321939,0.906822143032354,0.878872374942734,0.858714618855193,0.960173436099129,0.898203588136667,main,0.024481821093354,4.83858398984,0.481740201216,high,high
USA,13257,13,0.875443217829,0.881681310963,0.903745299801311,0.879983485157449,0.852952461700271,0.960074608731086,0.89653677978294,main,0.0220639888383111,4.0225981223,0.274019392702,high,middle
USA,13259,13,0.810091329598,0.873478327659,0.897703398786273,0.884410835407144,0.871058453514278,0.927252670096086,0.893922391191715,main,0.024225071127273,1.81441126363,0,low,low
USA,13261,13,0.875439440791,0.865471077958,0.902874865850452,0.883042981321466,0.85811260901197,0.95251625404839,0.897014590719116,main,0.017467062226452,3.26490267209,0.492343445765,middle,high
USA,13263,13,0.85208091482,0.86362929767,0.874208040328039,0.870197226140319,0.824159724832229,0.92971167293408,0.873626478813584,main,0.010578742658039,2.03293689096,0,low,low
USA,13265,13,0.832112577789,0.866964879661,0.877285051103442,0.878460520122832,0.829697390410399,0.930059815039478,0.878451153656053,main,0.010320171442442,1.40742757402,0,low,low
USA,13267,13,0.85052150891,0.849925908707,0.880588460240103,0.857550990793569,0.838878150470699,0.926845236045455,0.873618896482404,main,0.029471351127103,3.07362924694,0,middle,low
USA,13269,13,0.853526354489,0.842173411839,0.876420891894235,0.869933317059661,0.82526143271727,0.93315678396876,0.875005353974393,main,0.0115415947552349,2.28473624011,0,low,low
USA,13271,13,0.842445392614,0.862243918247,0.900880981610092,0.881510465605048,0.866857184271815,0.93861340733947,0.895132364262677,main,0.038637063363092,2.81184893404,0.392043581282,middle,middle
USA,13273,13,0.857288182818,0.857379217372,0.890887919096385,0.875275345790241,0.836720004139214,0.950960191680061,0.886398600496691,main,0.033508701724385,2.37842051996,0,low,low
USA,13275,13,0.886239841893,0.881475048947,0.903344493104161,0.884977772753459,0.854323260813831,0.957709089394435,0.897971874871614,main,0.012339858265161,3.46534092121,0.406452346285,middle,middle
USA,13277,13,0.874584055635,0.876894633729,0.910938910727793,0.886793043796037,0.86459979811814,0.962329033574015,0.903622422037338,main,0.034044276998793,4.07797398898,0.49147978833,high,high
USA,13279,13,0.862807900125,0.855921592631,0.894350543817267,0.872386326623807,0.839188847746739,0.955524920662798,0.887708116325418,main,0.024656336198267,3.37373953823,0.245821114624,middle,middle
USA,13281,13,0.911400042935,0.88571392841,0.906319959512505,0.897353483805946,0.850800803731098,0.967890759539667,0.90407805889245,main,-0.020606031102505,3.23096854489,0,middle,low
USA,13283,13,0.855602546898,0.844850782926,0.879745932847163,0.870231199509116,0.822156607547872,0.943612552967661,0.877258605067721,main,0.013391621977163,2.62992962993,0,middle,low
USA,13285,13,0.868793614831,0.891661948448,0.902959828777268,0.8760106522671,0.856260542457828,0.95474938463266,0.894681042926591,main,0.011297880329268,4.15677805333,0.387132909705,high,middle
USA,13287,13,0.834362834686,0.845196648996,0.881284543885287,0.864905384570839,0.824370969510815,0.944401755545324,0.876494829918769,main,0.036087894889287,2.51834758856,0,middle,low
USA,13289,13,0.864043011405,0.84005942169,0.863461405187014,0.856781381826427,0.811208770956351,0.921409629503963,0.861956075182095,main,-0.0234019834970139,2.2891400931,0,low,low
USA,13291,13,0.896689532876,0.882457897739,0.904721636264278,0.895488489252081,0.844317959918834,0.971709374547147,0.902334319997722,main,-0.0061995317487219,3.31125191025,0,middle,low
USA,13293,13,0.848792669064,0.867860413912,0.894021908910136,0.874023633513587,0.844484488580516,0.94895895825911,0.888084099289105,main,0.026161494998136,3.46568457332,0.28260189587,middle,middle
USA,13295,13,0.872368721378,0.873335737705,0.892304839526342,0.873217580815527,0.84748219253674,0.942013200463075,0.88668633135302,main,0.018969101821342,4.1669637062,0.409298182704,high,middle
USA,13297,13,0.892964218242,0.882573211587,0.893974838036205,0.865464335932218,0.845725535569664,0.947483363369588,0.885149722717212,main,-0.00938038686079501,4.74524306383,0.29906568536,high,middle
USA,13299,13,0.842948299395,0.87087002749,0.910720216125308,0.903267487585078,0.865839260931924,0.960493240919126,0.909039291945567,main,0.039850188635308,2.78071365123,0.527694928129,middle,high
USA,13301,13,0.858061626429,0.851020577366,0.870317331958183,0.864869144404064,0.814506280862499,0.932211844184698,0.869200203103911,main,0.00521465646618302,2.13291217783,0,low,low
USA,13303,13,0.864543050811,0.849832644097,0.88679064645083,0.871907346763699,0.83708814375671,0.941910772309334,0.882572580011735,main,0.00753718892582989,2.53466891445,0,middle,low
USA,13305,13,0.85143241556,0.851216114634,0.887387761125172,0.870184368442666,0.836685944717144,0.94361612690515,0.88238144803849,main,0.035739044639172,2.95280704108,0.205857758896,middle,middle
USA,13307,13,0.885465740036,0.833611374654,0.866158867867938,0.864017646503679,0.808409267450367,0.930203233257037,0.866118364067028,main,-0.032547493213938,1.83006680367,0,low,low
USA,13309,13,0.857109842016,0.856820128386,0.883707513013829,0.869276636143891,0.85010197504614,0.920976088677342,0.879614667027499,main,0.0263079573678289,2.3900658298,0,low,low
USA,13311,13,0.905725724786,0.885928827802,0.900676595936924,0.879316588481143,0.848758452354266,0.958253869786247,0.8942727283677,main,-0.014747768134924,3.85709090104,0,high,low
USA,13313,13,0.879629142759,0.88482379085,0.903745571966011,0.876270700666739,0.856895465686624,0.955702387309831,0.895288354512892,main,0.0189217811160111,4.95186518904,0.505701287603,high,high
USA,13315,13,0.847156979094,0.839289895218,0.865119319272916,0.856431709610231,0.818928694363083,0.916344769109553,0.862977045816307,main,0.010095256302916,2.33428576483,0,low,low
USA,13317,13,0.860060267554,0.863517930395,0.885913669319643,0.875203737831391,0.831194486776085,0.946597298215301,0.883064364469227,main,0.022395738924643,2.23675873625,0,low,low
USA,13319,13,0.86100085258,0.839612950052,0.868267290874631,0.861813472472815,0.81308907603254,0.929459987054566,0.866816895714405,main,-0.0141214642333691,2.1694460922,0,low,low
USA,13321,13,0.871604214389,0.85376756554,0.882040235333717,0.868632322909382,0.829022869926722,0.940836547300231,0.878291929879191,main,-0.00740062790428309,2.71157400439,0,middle,low
USA,15001,15,0.912815858384,0.898283621856,0.906590996798572,0.898269744958948,0.858517786422026,0.960140846518343,0.904684199012929,main,-0.00830737494257205,2.98428252936,0.401868405599,middle,middle
USA,15003,15,0.934970900196,0.944665334841,0.934331508746709,0.909620987600668,0.898110153410706,0.974679305777459,0.926866689899086,main,-0.00905504319570893,6.50134028228,0.964722243816,high,high
USA,15007,15,0.910912862007,0.908365576635,0.912604953055774,0.901381667167241,0.864737663198435,0.965925423194456,0.909729401479657,main,-0.000855194323225894,3.78573844903,0.435293608047,high,high
USA,15009,15,0.91813361818,0.932778833636,0.923949811227905,0.911833837834753,0.883364594636383,0.969158613225883,0.920767929637913,main,-0.00882902240809502,4.00634610531,0.730786961946,high,high
USA,16001,16,0.940482511184,0.920740681655,0.926676038448002,0.908471558215077,0.890934031493191,0.967174840315878,0.921624386861706,main,-0.00593535679300194,5.21856263262,0.928563903026,high,high
USA,16003,16,0.894464983848,0.90041667423,0.882320278892104,0.895710176374469,0.825311830150075,0.946915808553253,0.887903256064586,main,0.00619301457389598,0.820236281977,0,low,low
USA,16005,16,0.909460511474,0.913754185288,0.907494604660791,0.903602326041082,0.865139232612372,0.955486924252635,0.907324626168867,main,-0.00232776700079107,3.49642766662,0.805736504961,middle,high
USA,16007,16,0.882069681172,0.901029168923,0.866645125392544,0.869022537586008,0.804534261791906,0.937022134774957,0.868510642421619,main,-0.00353493197154398,1.2529782543,0,low,low
USA,16009,16,0.863341395275,0.895267666093,0.876561553608375,0.867941208834725,0.819326969395984,0.941413314421317,0.874801055737195,main,-0.0187061124846251,1.79230202694,0,low,low
USA,16011,16,0.87961413536,0.8981110269,0.863563441887825,0.859957405205675,0.805301966668826,0.929578759505765,0.863456833031147,main,-0.00244619806782498,2.3371673881,0.250875677103,low,middle
USA,16013,16,0.92941137097,0.933357141464,0.906520245586167,0.913807543177028,0.861214250936292,0.957855877160303,0.910099141920441,main,0.0189453548898332,1.50677755439,0.339955726499,low,middle
USA,16015,16,0.930767177262,0.893529866133,0.875387456838987,0.886054519741441,0.827415203441797,0.929744191421483,0.880067139266814,main,0.018142409294013,0.944493924955,0,low,low
USA,16017,16,0.899107768606,0.910426639546,0.899522455008763,0.896361840040632,0.847965366135914,0.957941119908749,0.899635870248592,main,-0.010904184537237,2.41408241737,0.169324289549,middle,middle
USA,16019,16,0.904500045394,0.916219832378,0.898250265556231,0.899562308761063,0.847449271426296,0.955812209365391,0.899854953359956,main,-0.00547000714623103,3.26295089677,0.773317438291,middle,high
USA,16021,16,0.890724731174,0.893813213528,0.878050598093109,0.876834036998742,0.820784827625499,0.942937695645054,0.878772732122475,main,0.00958565072689088,1.55402745686,0,low,low
USA,16023,16,0.901094883067,0.894079622308,0.865874291008278,0.865331678941752,0.80480908742051,0.935066476669517,0.866774222885228,main,0.028205331299722,0.431570387881,0,low,low
USA,16025,16,0.939720674505,0.876366180883,0.843103525135116,0.856110220252102,0.780700361510196,0.91381173586233,0.848444810818457,main,0.033262655747884,0.372953736409,0,low,low
USA,16027,16,0.882436594364,0.89288375543,0.901893448972591,0.876008930910932,0.854556848450138,0.955529933574071,0.894330268823009,main,0.00900969354259107,5.02375710017,0.759206865768,high,high
USA,16029,16,0.891818356534,0.901579538111,0.863495478541122,0.864485508949725,0.801721432613138,0.933490844212043,0.864895740163952,main,0.018561696415878,0.963848932275,0,low,low
USA,16031,16,0.871491535436,0.890136452217,0.87319947055996,0.872441077251389,0.815235542438857,0.938877641442428,0.874062998914643,main,-0.0169369816570401,1.57248290619,0.436369808285,low,high
USA,16035,16,0.873278357299,0.907913499898,0.890534055586183,0.891785174325246,0.841141441490208,0.946500182349532,0.892106410506126,main,-0.0173794443118169,0.907407920241,0,low,low
USA,16037,16,0.884638370856,0.907700353068,0.890848310711485,0.931590538181133,0.833623603675262,0.955688879824949,0.90539314401915,main,-0.0168520423565151,0.315136688922,0,low,low
USA,16039,16,0.874350810185,0.884730029454,0.891332461228567,0.893477318181378,0.84786798816074,0.940581488718578,0.893173986637746,main,0.00660243177456699,1.52172695083,0.572285723743,low,high
USA,16041,16,0.887848860191,0.899950938199,0.857488386681795,0.847790634609833,0.793573634113925,0.92990935912336,0.855274429411157,main,0.018258395501205,2.23689566014,0,low,low
USA,16043,16,0.89032725389,0.911311994874,0.863639826744976,0.864419828570292,0.808164937245629,0.926497700431726,0.865013775049989,main,0.00570268616102398,1.40492846162,0,low,low
USA,16045,16,0.876264948163,0.876281972493,0.890382552460485,0.883614227832304,0.839507883283106,0.948027976504899,0.889275261246249,main,0.014100579967485,2.62882098143,0.432463575282,middle,high
USA,16047,16,0.874388397409,0.888424715334,0.859807923800701,0.85015191680827,0.800974135480548,0.926471721928406,0.857661140011081,main,0.000544155683298908,2.31344091295,0,low,low
USA,16049,16,0.886432988957,0.8973903701,0.87746987712775,0.894808828259696,0.820097123215124,0.942478196225769,0.884346144647233,main,-0.00199426931375013,0.594856966763,0,low,low
USA,16051,16,0.905853030479,0.896352791088,0.84655463834993,0.840579903624238,0.783142964071964,0.91840557934327,0.845573808339814,main,0.04979815273807,2.48839726374,0,middle,low
USA,16053,16,0.868349642038,0.894357751721,0.878817032017999,0.86081786914189,0.82298883565041,0.94207523310868,0.873903746676705,main,-0.015540719703001,2.86970425798,0.452738305356,middle,high
USA,16055,16,0.910462438644,0.917568767562,0.917900309057882,0.903855530368683,0.874543748451891,0.967027062344977,0.914337213235496,main,0.000331541495881993,3.94629126104,0.704462166725,high,high
USA,16057,16,0.961503496736,0.933062542697,0.916125484196261,0.896146091673517,0.886316953318078,0.949901141716957,0.910364737217434,main,0.0169370585007389,2.75635145912,0.637252548959,middle,high
USA,16059,16,0.884713859907,0.892994110874,0.885324356300267,0.896008322771673,0.825178658962823,0.953474661423146,0.8899994313423,main,-0.00766975457373309,0.547799758383,0,low,low
USA,16061,16,0.878192055636,0.896534679356,0.883058939339493,0.884216573348927,0.821274224828065,0.953066393443155,0.884551927641244,main,-0.013475740016507,1.47056862971,0,low,low
USA,16063,16,0.855344748554,0.864762319399,0.840621666480759,0.841883503849666,0.783081139564567,0.905820086980715,0.842106275370107,main,0.00530551122824108,1.08580455899,0,low,low
USA,16065,16,0.922112133957,0.92942037227,0.898291968403225,0.879355429169379,0.860215032244945,0.941436448095137,0.893005557518184,main,0.016511927240775,3.63515355788,0.655305883418,high,high
USA,16067,16,0.877740450044,0.904289321958,0.880737432881514,0.87605686903691,0.825810745162129,0.942974146282039,0.880313857031963,main,-0.0235518890764861,2.4884485951,0.430183511138,middle,high
USA,16069,16,0.904451190433,0.914561445441,0.922063093084327,0.909529267081103,0.880841323951741,0.968770941998762,0.918992191092791,main,0.00750164764332695,3.02574120735,0.772049376536,middle,high
USA,16071,16,0.874584374836,0.886767315286,0.854255554711087,0.865260523783592,0.786557372286237,0.930963482173185,0.858888222043021,main,0.00814587967491309,0.91853337386,0,low,low
USA,16073,16,0.861509514243,0.8674093563,0.860027656353533,0.879956766416933,0.802705606929308,0.924978522857124,0.867726964979003,main,-0.00441798416753292,0.496702098358,0,low,low
USA,16075,16,0.87474653182,0.87501351328,0.882940315440797,0.879197674772903,0.829633555213511,0.943341510130081,0.882837139795433,main,0.007926802160797,3.2156416731,0.496171829407,middle,high
USA,16077,16,0.881878797093,0.876754201733,0.84597821068926,0.841285126459071,0.782035828514116,0.918430489878432,0.845419092362973,main,0.03077599104374,1.20882179021,0,low,low
USA,16079,16,0.847444198996,0.892027358998,0.901993984605341,0.906371281877874,0.84834994014122,0.962777351663906,0.904625887766281,main,0.00996662560734096,1.09008754638,0,low,low
USA,16081,16,0.933406233618,0.915119770367,0.875177281386802,0.860898217952825,0.826319316034947,0.930537604632053,0.871521049128919,main,0.039942488980198,2.50188934143,0,middle,low
USA,16083,16,0.888684991381,0.906548806434,0.897679283450905,0.886665996442067,0.84745256514753,0.954590522811745,0.895153519495266,main,-0.00886952298309507,2.93321253928,0.580999983306,middle,high
USA,16085,16,0.934429493425,0.921030312694,0.896958340875094,0.902121909856859,0.84274303270295,0.958388999389752,0.899844377041152,main,0.0240719718189061,0.79715423645,0,low,low
USA,16087,16,0.86614567897,0.880428455533,0.884855152879901,0.881665159029065,0.828503016198668,0.948707023905783,0.884932128446499,main,0.00442669734690104,1.37306374901,0.454729335921,low,high
USA,17001,17,0.906997910061,0.917085852249,0.914438086640921,0.905767044946684,0.867557189244413,0.967062958847462,0.912549558126416,main,-0.002647765608079,3.35476965698,0.617703975358,middle,high
USA,17003,17,0.844845992357,0.844319105579,0.850795906203099,0.843511345130976,0.790649246727649,0.918311897669201,0.84922284164821,main,0.00542302706809905,2.54955899475,0,middle,low
USA,17005,17,0.928919209369,0.896528309006,0.882713536309098,0.865297300437292,0.838265087255296,0.932607929998956,0.877839820015454,main,0.013814772696902,2.86695020448,0,middle,low
USA,17007,17,0.916739785859,0.919021515723,0.897664522229222,0.876823728099062,0.85372771733736,0.946984583725531,0.89164407532363,main,0.016793533765778,4.32194598771,0.54129625574,high,high
USA,17009,17,0.870637946355,0.898492940195,0.883746364708149,0.869193868189565,0.842064619488973,0.930535070499181,0.879829001303478,main,-0.014746575486851,2.20067180649,0,low,low
USA,17011,17,0.902687063371,0.905571156065,0.891267499957542,0.883482426356731,0.840279886936276,0.948502253735113,0.889651844636412,main,0.00853547071945804,2.72056562913,0.192078190798,middle,middle
USA,17013,17,0.929103074007,0.890003783717,0.874108162482839,0.869349216917418,0.815003156207497,0.940454874571126,0.873434830508761,main,0.015895621234161,2.09268343474,0,low,low
USA,17015,17,0.898111394887,0.910317042416,0.881554523268526,0.875221971050272,0.82399759889216,0.946163478261213,0.880379887929579,main,0.00435122408947397,2.5594207201,0,middle,low
USA,17017,17,0.876094827162,0.893426511022,0.890853692753433,0.8839370342553,0.841451292788395,0.94630900886797,0.889531015825627,main,-0.00257281826856703,2.62782933866,0.448616808676,middle,high
USA,17019,17,0.961540254315,0.935559382554,0.929807090855741,0.908571363305372,0.904026710816374,0.958746153039921,0.92345268231742,main,0.00575229169825897,4.3195972463,0.771162120856,high,high
USA,17021,17,0.886249771088,0.906818381127,0.901697528625084,0.889997524360217,0.856268300109823,0.952692869538405,0.898774053851309,main,-0.00512085250191596,2.90572867064,0.295278898657,middle,middle
USA,17023,17,0.884379636825,0.888549487759,0.881165247585936,0.867852119594382,0.827875593426431,0.940984094831033,0.877669548101785,main,-0.000955461694935988,2.51705078658,0,middle,low
USA,17025,17,0.866576329495,0.882978805782,0.886828344604905,0.873519447533492,0.832899655724714,0.947364522839362,0.883339110007053,main,0.00384953882290495,2.42498235852,0,middle,low
USA,17027,17,0.913824513207,0.907325228571,0.899660475681809,0.877301757832488,0.852713261693543,0.952359789768949,0.893136193547674,main,0.007664752889191,3.394380795,0.0829524040835,middle,middle
USA,17029,17,0.924500806555,0.924227798996,0.925276859085806,0.909956830457911,0.892862901588788,0.961662262644994,0.921034815897234,main,0.000503044971806088,3.65555029546,0.70092455502,high,high
USA,17031,17,0.934144497559,0.934356185324,0.936508464226558,0.899069993521784,0.904889210789707,0.972001794426856,0.924737905630474,main,0.00215227890255798,7.6758406621,0.995384866542,high,high
USA,17033,17,0.881197533534,0.896681598268,0.901611161138447,0.890423513377745,0.856565197930676,0.952176278038406,0.898858785300925,main,0.00492956287044699,2.81290412014,0.317197843181,middle,middle
USA,17035,17,0.901686939061,0.878745670391,0.865367869661197,0.855312678870433,0.81006632330877,0.927445111592093,0.862934637103501,main,0.013377800729803,2.50344521441,0,middle,low
USA,17037,17,0.935488964779,0.923801166329,0.914402064724177,0.894989983235605,0.880682951952636,0.952252534725045,0.908789499730747,main,0.00939910160482305,4.1477774141,0.666985090784,high,high
USA,17039,17,0.891518165476,0.906051928349,0.90453410925531,0.894368996292019,0.858706655203654,0.955976467378751,0.902130962578306,main,-0.00151781909368998,2.75271571872,0.412618944319,middle,high
USA,17041,17,0.880561908001,0.891582984724,0.875611300295615,0.862051811024349,0.816893600795147,0.941523251731603,0.871986920618121,main,-0.00607046901761499,2.88970924331,0,middle,low
USA,17043,17,0.968386525148,0.948240534839,0.938472243082421,0.902660716380309,0.9032446321701,0.978016036511186,0.927310767373041,main,0.0097682917565789,7.01614177243,0.988113933988,high,high
USA,17045,17,0.880394892173,0.902716332815,0.901163846758493,0.897685802633431,0.853486360593845,0.954682907951435,0.901003952959851,main,-0.00155248605650693,2.43061856577,0.397250866633,middle,middle
USA,17047,17,0.886143615129,0.868816814246,0.869689898697537,0.860478088438499,0.811527149677861,0.934978905613379,0.867524124602978,main,-0.000873084451536998,2.44639885863,0,middle,low
USA,17049,17,0.906615432523,0.90181981966,0.906991270586465,0.889208981542736,0.856593975935293,0.963563378584782,0.902027367217702,main,-0.00441977479953504,3.2705492355,0.295415167536,middle,middle
USA,17051,17,0.880202427153,0.891890318607,0.888917302673236,0.875909955047407,0.83933272748475,0.944577114614123,0.885544410895961,main,-0.00297301593376398,2.48484970556,0,middle,low
USA,17053,17,0.88996467947,0.900341300565,0.884209648160849,0.872636203238987,0.830332599519185,0.944687859054575,0.881301582324747,main,-0.00462158978584892,2.41908379387,0,middle,low
USA,17055,17,0.86757336904,0.891013389602,0.899832063638951,0.88365692192857,0.851480869376492,0.954107377474667,0.895403135554011,main,0.00881867403695091,3.56701656329,0.338101056729,high,middle
USA,17057,17,0.893187567688,0.913232437072,0.899584782039633,0.891407923463273,0.854429299668717,0.950272836687903,0.897842817220085,main,-0.013647655032367,2.77341698816,0.30501779218,middle,middle
USA,17059,17,0.882381499949,0.865994840836,0.863711260067929,0.862730088065903,0.805922620073238,0.928580321105505,0.864296170067301,main,0.002283580768071,1.92528095039,0,low,low
USA,17061,17,0.875978603105,0.902346073914,0.886340279343577,0.873212693810466,0.837719147633122,0.94091860409618,0.88292438742615,main,-0.0160057945704231,2.29016452293,0,low,low
USA,17063,17,0.911335596467,0.910942908961,0.905021464904936,0.888424213411908,0.862291666177216,0.952986634565383,0.900437959221813,main,0.0059214440560641,3.86301100886,0.636252629834,high,high
USA,17065,17,0.896121811894,0.870921918047,0.871028301837307,0.864737826842443,0.815688192264446,0.933148831859086,0.869867656418295,main,-0.000106383790306919,2.0605388345,0,low,low
USA,17067,17,0.905456819781,0.903309922348,0.883135774518644,0.878707759385788,0.829178599670182,0.943703928899532,0.882624753340734,main,0.020174147829356,2.23734195943,0.0954872285818,low,middle
USA,17069,17,0.863230238574,0.872555257201,0.881898477489056,0.872917782104494,0.832526978547752,0.937319106502547,0.879872428188212,main,0.00934322028805601,2.23421703782,0,low,low
USA,17071,17,0.894033080519,0.899018972732,0.867445709256792,0.866151419143032,0.813104038679604,0.928445468826828,0.867958139417817,main,0.021601479049208,2.03208043325,0,low,low
USA,17073,17,0.914398589741,0.91842139116,0.900422680644356,0.891873123366659,0.852375405303043,0.954356838587702,0.898562435311887,main,0.0099531076776439,3.12018894245,0.408337167962,middle,middle
USA,17075,17,0.884842840514,0.899159044574,0.883077781373956,0.876699196996846,0.827832869941085,0.945091449321214,0.881906147060643,main,-0.012551144919956,2.32858251765,0,low,low
USA,17077,17,0.933224102418,0.908571389292,0.920787317602587,0.900707370961924,0.887748308969694,0.957874355259557,0.914943000230863,main,-0.012215928310587,3.62872512298,0.489639356692,high,high
USA,17079,17,0.898480921173,0.879246645968,0.875448880298559,0.86703397367311,0.819974707004736,0.937719899892318,0.873581110425071,main,0.0037977656694409,2.06041454684,0,low,low
USA,17081,17,0.883187868561,0.890941124012,0.904875875857462,0.890273673166747,0.856301965217279,0.959401193886079,0.900983647325634,main,0.013934751845462,3.21217752464,0.320810466879,middle,middle
USA,17083,17,0.911602177953,0.909096709604,0.903090704612902,0.888462059626843,0.857421153613053,0.954355812973992,0.899182407271046,main,0.00600600499109805,3.15703665424,0.314493741096,middle,middle
USA,17085,17,0.927369642388,0.914494980779,0.896769050677772,0.890020598923903,0.838770731755865,0.961873481073912,0.895475605031707,main,0.017725930101228,2.66982887803,0.0604798946835,middle,middle
USA,17087,17,0.885874179889,0.8770376513,0.883565504764177,0.87200734428586,0.834194600075694,0.93898546671538,0.880674583080701,main,-0.00652785346417695,2.62899494448,0,middle,low
USA,17089,17,0.937619622404,0.930157774999,0.917089549449472,0.889569777436448,0.878147102121016,0.960803331136224,0.908783843345081,main,0.013068225549528,6.05119351631,0.885737593156,high,high
USA,17091,17,0.898825692714,0.918965096828,0.914184663474378,0.897227626861447,0.873470998042138,0.959886677715067,0.909474158763707,main,-0.00478043335362199,4.12915962752,0.647356970037,high,high
USA,17093,17,0.94205221702,0.916703313676,0.90304687740458,0.879277343838774,0.86116958776788,0.950055086245987,0.896027044827544,main,0.01365643627142,5.16744226728,0.846605908881,high,high
USA,17095,17,0.890489189928,0.929557233094,0.919930311289759,0.909688451413208,0.876786514896515,0.968360202733532,0.91750370197052,main,-0.00962692180424096,3.2850735479,0.567575746333,middle,high
USA,17097,17,0.950432866173,0.933547784801,0.928836645684876,0.897049299068172,0.892657581366626,0.969448467173642,0.919056009393889,main,0.00471113911612397,6.46713705197,0.931681606375,high,high
USA,17099,17,0.892465922502,0.921474329333,0.915268249109051,0.902631045408548,0.873391834025303,0.962275476244905,0.912024007498986,main,-0.00620608022394897,3.60523138564,0.548952022804,high,high
USA,17101,17,0.858485282271,0.886276067862,0.888080511858421,0.870009120960248,0.843536593211017,0.938082072335648,0.882990822620441,main,0.00180444399642099,2.86057888868,0,middle,low
USA,17103,17,0.902035073457,0.916593042117,0.907544405176714,0.897912340344762,0.865286271289886,0.954980120339599,0.905307312157133,main,-0.00904863694028601,2.92314124376,0.42993579202,middle,high
USA,17105,17,0.88274262998,0.907630890603,0.901230910741379,0.893802065625892,0.854788688547034,0.953363360069177,0.89974517387334,main,-0.006399979861621,2.6484596959,0.332395897413,middle,middle
USA,17107,17,0.899986896224,0.913800552252,0.908241575710356,0.897246996999614,0.869519510200552,0.951707973799794,0.905520633754237,main,-0.00555897654164395,2.90182725779,0.454248994513,middle,high
USA,17109,17,0.931982080486,0.929256105552,0.917950925174487,0.904720012631324,0.883898065924963,0.956176033177794,0.914431991531241,main,0.011305180377513,3.02253170967,0.516728416106,middle,high
USA,17111,17,0.941598442036,0.933074142074,0.919994063211,0.896430546778523,0.883380627235461,0.961093476751635,0.913012483964485,main,0.013080078863,5.35591879794,0.827809456994,high,high
USA,17113,17,0.960455733912,0.925096066335,0.921139669796711,0.903790776773032,0.889359099144863,0.956814082235092,0.91620123344044,main,0.00395639653828894,3.98483688166,0.734802136371,high,high
USA,17115,17,0.899300688113,0.920758083179,0.916482815265971,0.902320416071293,0.872361942217584,0.966009497449007,0.91273834695564,main,-0.00427526791302901,4.21680107673,0.698157822629,high,high
USA,17117,17,0.908417331682,0.901300443515,0.885856417574139,0.870748793186223,0.835173322205452,0.942749343369705,0.88176984853246,main,0.015444025940861,3.01745094312,0,middle,low
USA,17119,17,0.918232780321,0.92297004558,0.918756000421263,0.899082926441388,0.879136815530001,0.96322943539406,0.913121680618669,main,-0.00421404515873691,4.95823529304,0.737875095852,high,high
USA,17121,17,0.867905441438,0.892360310823,0.895850848478396,0.88527527401089,0.846600971725579,0.951134953822717,0.893304962069366,main,0.00349053765539598,3.21684608044,0.40254601308,middle,middle
USA,17123,17,0.891258764904,0.898842078004,0.875988810687166,0.868306020789547,0.820184589451179,0.938630316592897,0.874365469781651,main,0.00768664111683404,2.52157084879,0,middle,low
USA,17125,17,0.88252047092,0.895947127489,0.878386772457756,0.872190056836057,0.822735913420397,0.940856125811972,0.877266612670083,main,-0.00929295810675601,2.33701359442,0,low,low
USA,17127,17,0.868244807202,0.871791922887,0.890155969826803,0.879076410617357,0.839827827762305,0.946650452475808,0.887432871281988,main,0.018364046939803,3.1852701214,0.404554198991,middle,middle
USA,17129,17,0.919510727371,0.89620548646,0.871833745636658,0.860783106366098,0.816475019702076,0.933975172947334,0.869075131756945,main,0.0243717408233419,2.73405536314,0,middle,low
USA,17131,17,0.903976640994,0.908942088237,0.874440064290089,0.86646141635122,0.820676747431624,0.934790608673807,0.872727308779589,main,0.024571129460911,2.42225696772,0,middle,low
USA,17133,17,0.949381030913,0.910120788453,0.90394892525694,0.889811455323817,0.858069259576484,0.955449892119674,0.900207756420699,main,0.00617186319606,3.51890781059,0.45892544553,high,high
USA,17135,17,0.884065633313,0.904388851384,0.9010881525891,0.888243700849993,0.854171491989332,0.953753169803645,0.897782359666772,main,-0.00330069879490003,2.77650823843,0.188071603221,middle,middle
USA,17137,17,0.905096698074,0.921017121938,0.917619807927291,0.906624658985066,0.877752153125353,0.962372156018708,0.914915165802516,main,-0.00339731401070897,3.13191219808,0.560101239691,middle,high
USA,17139,17,0.872875330933,0.887275395064,0.868526575691219,0.85719126471407,0.80840862283166,0.936010343328927,0.865624966508374,main,-0.0100513088892191,2.82556331301,0,middle,low
USA,17141,17,0.906265487258,0.913142048351,0.886401941562644,0.872657849327346,0.836907173655229,0.941960942790597,0.88277778406212,main,0.0129869846023561,3.27231717362,0.166092662921,middle,middle
USA,17143,17,0.920476806111,0.922612996553,0.916903027778074,0.897772121973035,0.87447659507107,0.96452766218944,0.911471298718524,main,0.00143758789092607,4.68516214411,0.73805072892,high,high
USA,17145,17,0.875250951052,0.891376370082,0.894441138828106,0.8737795572237,0.850082356420412,0.944234879670972,0.888479967899378,main,0.00306476874610606,2.92990881066,0,middle,low
USA,17147,17,0.916443894715,0.906768577989,0.882507886414072,0.868118981804549,0.8290043534195,0.942566817509692,0.878650317018878,main,0.0242606915749281,2.67978533488,0,middle,low
USA,17149,17,0.886698355078,0.893824699401,0.878265668550499,0.872710676917936,0.821278477725796,0.942235084690198,0.877350916716064,main,0.00130634220450099,2.0637080233,0,low,low
USA,17151,17,0.871687378442,0.865642000776,0.870946642155887,0.873388306829471,0.816574598781401,0.931980495880792,0.87271013791777,main,-0.00530464137988707,1.67090858141,0,low,low
USA,17153,17,0.852694935517,0.855040369822,0.872566850571404,0.862825959148028,0.815078526356326,0.937098800324824,0.87023392981357,main,0.017526480749404,2.42894110691,0,middle,low
USA,17155,17,0.908662358677,0.903409855189,0.879539359505203,0.866672538844495,0.826453635092718,0.939129290977095,0.876192716578726,main,0.023870495683797,2.65585205076,0,middle,low
USA,17157,17,0.881438745794,0.896275218974,0.900818274624618,0.886074062544072,0.854606798538281,0.952691706204882,0.896870178956111,main,0.00454305565061808,3.06926257686,0.164605400962,middle,middle
USA,17159,17,0.888047098188,0.886884386142,0.899352459399421,0.89111249883168,0.849511408982998,0.95530017060939,0.897595228859835,main,0.0101426491654211,2.83051328503,0.471640679112,middle,high
USA,17161,17,0.91137008674,0.930681619955,0.921001627236982,0.90438504705063,0.877135746578493,0.970242074670318,0.916431684282286,main,-0.009679992718018,4.81026790124,0.807425730719,high,high
USA,17163,17,0.902676086458,0.919537474801,0.916920418358083,0.895391060815361,0.877010606362616,0.961720088856818,0.910658256046351,main,-0.00261705644291699,5.07772629622,0.759811135741,high,high
USA,17165,17,0.866960320386,0.887616149581,0.905063440012344,0.887626201639481,0.858102561898844,0.957778092390435,0.900211873972643,main,0.017447290431344,3.16507273342,0.285310008132,middle,middle
USA,17167,17,0.929973503394,0.92539836344,0.919656705259895,0.901491209801314,0.879071796098552,0.96521418766186,0.914540999461725,main,0.00574165818010508,4.41531051524,0.665718803009,high,high
USA,17169,17,0.887654213291,0.900322506416,0.886351047978806,0.876603999177511,0.838342683227977,0.940241527900497,0.884073049647602,main,-0.011365127812806,1.97538754181,0,low,low
USA,17171,17,0.894537491031,0.890690271816,0.86973588223655,0.861607729078463,0.815521908005958,0.930592299756965,0.867963690445515,main,0.0209543895794501,2.13706425658,0,low,low
USA,17173,17,0.900931316952,0.890783589167,0.878742543756241,0.871180008790493,0.824447297425363,0.939690191055287,0.877172816354908,main,0.012041045410759,2.43048295391,0,middle,low
USA,17175,17,0.893622698468,0.902398700495,0.882606050024788,0.875142930283382,0.825514987391178,0.946692064629387,0.881057452996939,main,0.00224064641621202,2.10882746766,0,low,low
USA,17177,17,0.899545702579,0.923110431661,0.905596618828956,0.896500883357595,0.856922874918281,0.960234001971369,0.903558993063505,main,-0.017513812832044,3.42385368882,0.504673755926,middle,high
USA,17179,17,0.92325636091,0.922306193172,0.915767434654021,0.900467412137692,0.870834912240091,0.966205211686137,0.911642162483111,main,0.00653875851797903,4.33672535554,0.668149365249,high,high
USA,17181,17,0.881844237792,0.879975294507,0.88943294712111,0.873392179168151,0.836610965068025,0.948726821803783,0.885030036026368,main,0.00571976604410984,2.78021604301,0,middle,low
USA,17183,17,0.876933302911,0.907681924534,0.899749405122528,0.888867572166026,0.850592218536638,0.954929463649057,0.897104951497705,main,-0.00793251941147199,3.49322674413,0.449977196399,middle,high
USA,17185,17,0.897423249532,0.885102103873,0.894850421736563,0.885533059254793,0.846864492773104,0.948715716977312,0.892726170187533,main,-0.00974831786356301,2.96869545657,0.499590497333,middle,high
USA,17187,17,0.908265646739,0.912438542813,0.898962641891653,0.89409372029407,0.855014754159583,0.948295144127838,0.898324808364599,main,0.00513010877334708,2.51374588856,0.508874818185,middle,high
USA,17189,17,0.908886540395,0.891553074449,0.892070447359088,0.880221201742143,0.838058385310631,0.95270021386871,0.889079891625514,main,-0.000517372910088021,2.32016129833,0,low,low
USA,17191,17,0.879311147278,0.875633518265,0.882454002769387,0.874655177034965,0.824938299713222,0.947016685893824,0.880789218238619,main,-0.000534773521612908,2.22531828797,0,low,low
USA,17193,17,0.878028125829,0.876491904467,0.882827947535087,0.875021926073185,0.824674049150674,0.948107019411809,0.881156147149112,main,0.0032636003440869,2.42879768258,0,middle,low
USA,17195,17,0.892512467771,0.924440916756,0.90667699666435,0.89497447360838,0.860136989301641,0.958919212064785,0.903760655960038,main,-0.0177639200916501,3.4317557947,0.48355557173,middle,high
USA,17197,17,0.932960583306,0.931018265097,0.916599453184427,0.892552645695213,0.879370622916101,0.958389660797124,0.909457980401804,main,0.014418811912573,5.86585049864,0.892388631258,high,high
USA,17199,17,0.90542034127,0.896706670452,0.90963941799652,0.888185332935966,0.862260685392214,0.962823121531922,0.90343358437298,main,-0.00449459409148001,4.06724476384,0.366115780704,high,middle
USA,17201,17,0.897122125465,0.936788888341,0.918971054350579,0.897880828129777,0.877569086051281,0.965445704194038,0.912870745617971,main,-0.017817833990421,5.46062269499,0.850375296829,high,high
USA,17203,17,0.945596633428,0.906469842229,0.883361449041975,0.86405550802749,0.828712602026312,0.944706021141575,0.87783742008273,main,0.023108393187025,3.32021824374,0,middle,low
USA,18001,18,0.866081108789,0.870359991238,0.874606651537455,0.85794633838672,0.812542030659864,0.944150686462458,0.869859460451042,main,0.00424666029945497,3.70461769598,0.244335031777,high,middle
USA,18003,18,0.903390276093,0.917926502128,0.920114063901912,0.899732893593863,0.878367088050126,0.966891972243216,0.914230843664584,main,0.00218756177391199,5.4186006204,0.810930090639,high,high
USA,18005,18,0.909478496754,0.908941352285,0.910574936622016,0.887162325649581,0.865896389120937,0.960637700623128,0.9036693421527,main,0.000559295399015891,4.32967007818,0.56944292947,high,high
USA,18007,18,0.883786808073,0.88620330468,0.862478771953599,0.856442917820733,0.807484173407772,0.924100775405461,0.861358463494941,main,0.0188915395124011,2.22731160036,0,low,low
USA,18009,18,0.867727338805,0.897927785342,0.891823561065624,0.878971136681208,0.843381777935345,0.946103068620917,0.88847611997761,main,-0.00610422427637602,3.40373115264,0.449109723566,middle,high
USA,18011,18,0.937207989377,0.918122255563,0.916568520923941,0.889088837690389,0.87173414764007,0.966805889289464,0.908286448298789,main,0.00155373463905895,4.0703483303,0.585555694641,high,high
USA,18013,18,0.915243947364,0.885460284055,0.887550025439274,0.876855745245113,0.836791168439173,0.944425837682297,0.884920725300441,main,-0.00208974138427398,2.99876996105,0,middle,low
USA,18015,18,0.900245209103,0.900888956528,0.878088437337007,0.863036690989219,0.826508456601273,0.93588432702417,0.873976144343037,main,0.0215130243409929,3.09069285269,0.00992372538635,middle,middle
USA,18017,18,0.88049978351,0.902950025541,0.900668882678536,0.883027727744017,0.85553265670155,0.95124448003725,0.895710559462512,main,-0.00228114286246406,3.6131251863,0.50033232888,high,high
USA,18019,18,0.890881215494,0.907573150808,0.926091282905916,0.896654850692964,0.886036725481985,0.970972819295049,0.917123945647325,main,0.018518132097916,4.83432076971,0.683726671499,high,high
USA,18021,18,0.885645441763,0.897756407098,0.894720473697905,0.872618339986296,0.846790723623176,0.948426243039791,0.888248869743329,main,-0.003035933400095,3.4103816769,0.323740269046,middle,middle
USA,18023,18,0.876940214471,0.894230019905,0.888885911879812,0.874215483363621,0.839058849392134,0.944717638954849,0.884920617029042,main,-0.00534410802518792,3.48449840053,0.477664302352,middle,high
USA,18025,18,0.853981967356,0.855738692526,0.866805652136607,0.857199844333571,0.813207292383419,0.926863155910779,0.864502636772843,main,0.011066959610607,2.67974060913,0,middle,low
USA,18027,18,0.843339835277,0.872473538583,0.886896553312638,0.869146379315277,0.830621305680221,0.949953537008401,0.881859610171044,main,0.0144230147296379,3.40563791714,0.350125385852,middle,middle
USA,18029,18,0.900611786579,0.896202319136,0.897675759287856,0.868789170225479,0.849590874266835,0.951555358904873,0.888899712316051,main,-0.00147344015185602,4.19414048989,0.150578244177,high,middle
USA,18031,18,0.888076772039,0.898342063638,0.899852386311422,0.882291520342981,0.853178235712448,0.952151243751504,0.894923551596713,main,0.00151032267342199,3.33872738366,0.422819338477,middle,high
USA,18033,18,0.894276655148,0.896623024816,0.89623327905149,0.875299005517628,0.849082283631941,0.94906644593207,0.89015904927529,main,-0.000389745764510008,3.84729256333,0.396417504824,high,middle
USA,18035,18,0.903507137622,0.929710306529,0.927478544354263,0.901756138635406,0.893729845295217,0.965294302717867,0.919711684032467,main,-0.00223176217473697,4.76241447064,0.672613892624,high,high
USA,18037,18,0.910507603581,0.885912926195,0.907904758135572,0.887113843000802,0.858584983140827,0.963168064448077,0.901892771810219,main,-0.0219918319405721,3.67971049288,0.414766645683,high,high
USA,18039,18,0.884455762681,0.90630758485,0.906888392070075,0.880807665564526,0.859544359827764,0.959937858661412,0.899078267773045,main,0.00058080722007503,5.13945225769,0.668338625883,high,high
USA,18041,18,0.850444833581,0.900028311633,0.902408402508216,0.883560819315765,0.856589598265435,0.953748835711963,0.897045397179967,main,0.00238009087521596,3.78487076126,0.505153462245,high,high
USA,18043,18,0.912735381126,0.905301097539,0.913057847579848,0.881034066007449,0.872233254368703,0.958802216850618,0.903201791487606,main,-0.0071118171331519,5.34891225286,0.609317173058,high,high
USA,18045,18,0.879350616259,0.898047708561,0.88394433132266,0.867590197909401,0.831424085321603,0.942793797742038,0.879396335604938,main,-0.01410337723834,2.87217368094,0,middle,low
USA,18047,18,0.895856437496,0.879393137465,0.881236547796658,0.862806242223946,0.828033533565917,0.940851062917526,0.87597967157459,main,-0.00184341033165802,3.20237179678,0,middle,low
USA,18049,18,0.884135808571,0.899243276975,0.896846165429737,0.882857785909939,0.845595153305373,0.954273442463268,0.893117689592018,main,-0.0023971115452629,3.13753431568,0.31258969403,middle,middle
USA,18051,18,0.900952082008,0.890196715693,0.893142682089416,0.873938937023848,0.843514415133298,0.948751656762292,0.887650594762178,main,-0.00294596639641609,3.32964631481,0.222979084244,middle,middle
USA,18053,18,0.888858909073,0.91044648106,0.909491391649116,0.889875668825413,0.867076503305054,0.957017702688012,0.90386223343292,main,-0.000955089410884069,4.18398817006,0.537664510956,high,high
USA,18055,18,0.87429449215,0.881418157383,0.884413279654579,0.868655056755564,0.832896945076212,0.942137853179198,0.880070961732836,main,0.00299512227157905,3.20726851791,0,middle,low
USA,18057,18,0.96603736231,0.930008420731,0.917983588391741,0.892989454292832,0.877978577327999,0.96280960758356,0.910521534366903,main,0.012024832339259,5.8148885439,0.888048749351,high,high
USA,18059,18,0.915843993241,0.917834618521,0.906649915843808,0.883577397426806,0.863227698499649,0.955304949207486,0.899851125551398,main,0.00720345211719187,4.61725475953,0.493354766086,high,high
USA,18061,18,0.890970245307,0.882204683206,0.885811419605835,0.864370742219338,0.835296514440542,0.942413881352552,0.879550542075655,main,-0.003606736399835,3.5242790888,0,high,low
USA,18063,18,0.934534731187,0.928052438961,0.923037793954865,0.899934943458219,0.882986765291013,0.967915376332668,0.916222387854063,main,0.00501464500613502,5.12214736692,0.750738928038,high,high
USA,18065,18,0.870723377328,0.910602723931,0.902473311944378,0.88300499895506,0.858713857593848,0.951506222781847,0.89689393836846,main,-0.00812941198662198,3.91681579479,0.344938896864,high,middle
USA,18067,18,0.886168239868,0.916322222164,0.917671483073151,0.893034804206658,0.873022809947919,0.967700772534212,0.910356899168545,main,0.001349260909151,4.69650548455,0.67109555748,high,high
USA,18069,18,0.90057853834,0.90301723459,0.902216372312797,0.883093015531272,0.859299201499517,0.950305495934572,0.896749960786125,main,-0.000800862277202996,3.64597991351,0.429781733886,high,high
USA,18071,18,0.872092912136,0.888242167649,0.898617378245958,0.876870565570668,0.851502125239977,0.951410495390919,0.892270200200066,main,0.010375210596958,3.51059514246,0.407893617128,high,middle
USA,18073,18,0.889892756915,0.898238320151,0.892648856894235,0.875241280261403,0.843028488424632,0.948248981233148,0.887763890282683,main,-0.00558946325676501,3.21837179261,0.146664065221,middle,middle
USA,18075,18,0.861823411689,0.878317640683,0.883046905937101,0.868809399359685,0.830822187275699,0.941565230985764,0.87921347706773,main,0.004729265254101,3.10403081203,0.271645683469,middle,middle
USA,18077,18,0.886198980032,0.892826115487,0.912078375295144,0.889316143444384,0.869456207885317,0.959836944622013,0.905386018533331,main,0.019252259808144,3.5869495126,0.371500954244,high,middle
USA,18079,18,0.868841202741,0.879263003145,0.886789351571903,0.868661992717592,0.840222481986164,0.938967999552461,0.8816549221065,main,0.00752634842690292,3.42433940579,0.230426119948,middle,middle
USA,18081,18,0.918501116348,0.927414716874,0.921535376800276,0.898409076336224,0.881048115572854,0.966901762174172,0.914714091769869,main,-0.00587934007372404,5.27478865725,0.805563807281,high,high
USA,18083,18,0.889999561497,0.896318677703,0.906907873873923,0.886321276180728,0.863581206375052,0.955455842670318,0.900952011454868,main,0.010589196170923,3.39080502186,0.433908704802,middle,high
USA,18085,18,0.896955179342,0.905989686356,0.898324686071131,0.87415000713266,0.849693271037043,0.952816678091081,0.891153461331754,main,-0.00766500028486894,4.06487739987,0.273453154131,high,middle
USA,18087,18,0.826764969804,0.874358359336,0.863796457917763,0.842246946687807,0.799672619675279,0.935647866710796,0.857343187135395,main,-0.010561901418237,3.68248435766,0,high,low
USA,18089,18,0.890835041249,0.923567444556,0.925121358335841,0.905209035876594,0.886985258296835,0.967853243837031,0.919372686991955,main,0.00155391377984093,6.00782386078,0.919934869,high,high
USA,18091,18,0.883334506954,0.911435813984,0.910500202431166,0.888224110920772,0.867586431615704,0.958585516321025,0.903972857624519,main,-0.000935611552833948,4.29785265226,0.458718938868,high,high
USA,18093,18,0.881898189879,0.883817751967,0.899127929069263,0.881345487907618,0.849749332355958,0.954457145711873,0.8941241332881,main,0.015310177102263,3.71092267878,0.253864046102,high,middle
USA,18095,18,0.877782407884,0.91577111523,0.909762783922385,0.887298450750859,0.86722778027987,0.957423685367095,0.903169002661829,main,-0.00600833130761502,4.73719443997,0.557288993569,high,high
USA,18097,18,0.894173265719,0.937205367142,0.927451500171292,0.896152822758637,0.891937686082874,0.967245087763747,0.917806314534777,main,-0.00975386697070801,6.89244412086,0.969514849571,high,high
USA,18099,18,0.883000340672,0.893618699762,0.891282422195481,0.869388846327533,0.839170286460372,0.949674596937457,0.884870386533261,main,-0.002336277566519,3.75399332631,0.225485188412,high,middle
USA,18101,18,0.890612817944,0.871546310739,0.885780828648684,0.869952977758412,0.833034667535616,0.944883435234191,0.881412144109379,main,-0.014234517909684,2.55901108902,0,middle,low
USA,18103,18,0.872436245652,0.899001851682,0.893154163648499,0.871017990547615,0.84845831587552,0.943236312779115,0.8866646264572,main,-0.005847688033501,3.67770954862,0.286013514055,high,middle
USA,18105,18,0.955475567782,0.932261374613,0.936280883636893,0.905899647079186,0.913870219381304,0.961392259419837,0.92673396196242,main,-0.00401950902389303,4.96067925841,0.751878867473,high,high
USA,18107,18,0.892987955536,0.906866821658,0.899481327401051,0.882535066539755,0.852603271841888,0.95200866240971,0.894760125724296,main,-0.00738549425694901,3.41507747893,0.374429828804,middle,middle
USA,18109,18,0.894306186464,0.909549733006,0.899151100347085,0.874814200424143,0.854764059599178,0.948887228085271,0.891919295506037,main,-0.0103986326589149,4.24814907158,0.355270350657,high,middle
USA,18111,18,0.874613602959,0.892089172262,0.877611243520616,0.863381866356543,0.826618614359183,0.934748999832936,0.873777862741998,main,-0.014477928741384,2.68492328479,0,middle,low
USA,18113,18,0.874399396063,0.892677978598,0.88870599446095,0.866844377486365,0.838597825302374,0.944852704401623,0.88230686757213,main,-0.00397198413705002,3.83268744587,0.202339345151,high,middle
USA,18115,18,0.888506671415,0.873553988488,0.855139386979042,0.837109583010695,0.805568729959001,0.910683809136332,0.849997228369884,main,0.018414601508958,3.38289456114,0,middle,low
USA,18117,18,0.862558300225,0.868849113935,0.880689168395732,0.863325716283596,0.827395218600383,0.940405577735747,0.8757919727806,main,0.011840054460732,3.01974273206,0,middle,low
USA,18119,18,0.870612332667,0.88288201881,0.882285662909564,0.867393959578594,0.832426149735471,0.938153751306681,0.878237632147483,main,-0.000596355900435941,3.11998245015,0,middle,low
USA,18121,18,0.879146685257,0.888564660691,0.880068889765756,0.867091737227563,0.828388279855052,0.937977535460442,0.876658558248066,main,-0.00849577092524401,2.78255327371,0,middle,low
USA,18123,18,0.880458654329,0.872217847499,0.895085478278543,0.877927417735734,0.848739598347712,0.947016505117433,0.890287362034879,main,0.00638601711954312,3.03474096196,0.325458202922,middle,middle
USA,18125,18,0.881303769858,0.865205875222,0.867817226741934,0.857421798809102,0.813900306623908,0.928231680624313,0.865248204074706,main,-0.00261135151993397,2.76657556335,0,middle,low
USA,18127,18,0.92314453542,0.918373804356,0.91553396003448,0.884390509656313,0.875732197983774,0.960132236653136,0.905973471377244,main,0.00283984432152007,5.08703659006,0.573634866572,high,high
USA,18129,18,0.921370739171,0.895214182953,0.89439956989431,0.878591577379399,0.846927159371068,0.947592885646834,0.890057974700941,main,0.000814613058690017,3.22645949974,0.256490297442,middle,middle
USA,18131,18,0.868551269053,0.888438746396,0.883019018978347,0.869614168738565,0.829677532443401,0.942788693715493,0.879461368945527,main,-0.00541972741765295,2.55877479496,0,middle,low
USA,18133,18,0.904345026147,0.910535451053,0.901727339337125,0.883450120144273,0.861129619127752,0.947217495116606,0.896533985821408,main,-0.00357273809612513,3.47048777804,0.253973364941,middle,middle
USA,18135,18,0.872552638908,0.881866713279,0.876479965162855,0.862065488357465,0.822419347329041,0.937055433787998,0.872568679914247,main,-0.00538674811614503,3.13826968202,0,middle,low
USA,18137,18,0.887657942382,0.878427740265,0.882525112791508,0.864115110522023,0.830247531378291,0.941102671087816,0.877281018745071,main,-0.00409737252650799,3.28560982451,0,middle,low
USA,18139,18,0.875841269323,0.895311497711,0.890450189661021,0.880417905900714,0.844103497053648,0.942382127112188,0.888049557758013,main,-0.00486130804997909,2.84959477131,0.316401931545,middle,middle
USA,18141,18,0.911830615291,0.920109793376,0.925576969268031,0.902602382362509,0.886264586640575,0.969626891297216,0.918801102648509,main,0.00546717589203105,5.42688543176,0.822107978384,high,high
USA,18143,18,0.840658252051,0.882308442059,0.894354744967323,0.867391643238881,0.847251764511899,0.947134110595356,0.886229898921976,main,0.012046302908323,3.93359179855,0.214250238442,high,middle
USA,18145,18,0.89103395996,0.907647492437,0.899443769327816,0.879520405948578,0.853948208415076,0.950422005113519,0.893712800390418,main,-0.00820372310918405,3.76699158158,0.37644705003,high,middle
USA,18147,18,0.898006687424,0.873663266838,0.884594800576202,0.870027024819748,0.832127659227106,0.943384762696377,0.880651040784203,main,-0.010931533738202,3.07551416775,0,middle,low
USA,18149,18,0.85778746005,0.878640576333,0.881094332958212,0.862439878115317,0.828446056543703,0.940087258749751,0.875763976522701,main,0.00245375662521208,3.4087165625,0,middle,low
USA,18151,18,0.91924359946,0.911954838006,0.905890704242234,0.884112760071152,0.858535321087697,0.958952889645432,0.899541144813485,main,0.00606413376376602,3.78999594971,0.203277244875,high,middle
USA,18153,18,0.872874620505,0.892153756776,0.887344931726749,0.871071933078813,0.84182121347727,0.938354718092829,0.882836558983253,main,-0.00480882504925095,2.97297102491,0,middle,low
USA,18155,18,0.858486454898,0.86239297424,0.862303364671036,0.847185895571563,0.807190222016279,0.924058197994974,0.858126494942022,main,-8.96095689640886e-05,3.0261782744,0,middle,low
USA,18157,18,0.941400841312,0.932476360971,0.927665118132723,0.904146792946423,0.898708111416341,0.960111736801019,0.920576311785717,main,0.00481124283827694,4.95532386789,0.796052633908,high,high
USA,18159,18,0.903721360096,0.896986505243,0.888305095122019,0.870037260213478,0.837663278139866,0.945049762842112,0.883121928825231,main,0.008681410120981,3.19553234328,0,middle,low
USA,18161,18,0.874763335768,0.890066759095,0.882655321080011,0.865310988090711,0.831749531402293,0.939695772873221,0.877776639966942,main,-0.007411438014989,2.95640129862,0,middle,low
USA,18163,18,0.907218997491,0.916856768032,0.932005446229786,0.907291426081075,0.89436390178952,0.974183177184557,0.924628405923345,main,0.015148678197786,5.71548620213,0.842513527602,high,high
USA,18165,18,0.876217782288,0.900585302928,0.888629458006309,0.864334239961483,0.836275692159604,0.947292381730269,0.881397359732796,main,-0.011955844921691,3.226745201,0,middle,low
USA,18167,18,0.902753756473,0.922158513233,0.919535569452186,0.894057572774973,0.88129410488023,0.962385516977372,0.911895648426899,main,-0.00262294378081407,4.65648335157,0.556373175955,high,high
USA,18169,18,0.889669257732,0.904204398381,0.903336990751237,0.886236036123257,0.856123218591086,0.95624049960409,0.898567978794227,main,-0.000867407629763006,3.44363853762,0.277184677214,middle,middle
USA,18171,18,0.906304045963,0.880111474499,0.854733026522762,0.850635187726309,0.801383945268067,0.914511211220139,0.854261836826587,main,0.025378447976238,2.31046735707,0,low,low
USA,18173,18,0.926792575207,0.893410061871,0.899645455946589,0.881156873235499,0.85596102667331,0.948594300426788,0.894394757673692,main,-0.00623539407558893,4.15505202673,0.634091123064,high,high
USA,18175,18,0.863973673644,0.879940269468,0.889976293012954,0.875042502618418,0.842124064028582,0.943595199189658,0.885925052113701,main,0.010036023544954,3.11780267069,0.175365072963,middle,middle
USA,18177,18,0.873139823066,0.908677998453,0.912212843710767,0.887397068862468,0.867264693397399,0.962577700387684,0.904833110336209,main,0.00353484525776704,4.20252039964,0.536465995167,high,high
USA,18179,18,0.901186708578,0.894373323346,0.891680225690132,0.876996950045488,0.840308947222976,0.949242262376185,0.887710544973118,main,0.002693097655868,3.40331746709,0.311276453812,middle,middle
USA,18181,18,0.889025528273,0.903936317389,0.893478302929825,0.883663974072476,0.840681165692839,0.952638028777353,0.891145860174174,main,-0.010458014459175,2.98398578447,0.229889629397,middle,middle
USA,18183,18,0.904819737819,0.901088906731,0.897657727437941,0.876267023376987,0.848085441853215,0.953203974418419,0.891430125831171,main,0.00343117929305892,3.70222122402,0.222380497706,high,middle
USA,19001,19,0.898850711567,0.894011504267,0.875438855913229,0.866017405564997,0.819834281810757,0.937914220365035,0.873250022095048,main,0.018572648353771,1.82687029269,0,low,low
USA,19003,19,0.895588186304,0.890147838038,0.87611662426445,0.870598310448165,0.81948704488906,0.939743648971268,0.875231830772041,main,0.01403121377355,1.5339982961,0,low,low
USA,19005,19,0.909469332277,0.887135426153,0.877901532518826,0.866386465108392,0.818031060870099,0.94516991100263,0.874977960031685,main,0.00923389363417404,2.28228859133,0,low,low
USA,19007,19,0.881810836795,0.88988744685,0.885581316995599,0.874109330965315,0.827795360148753,0.950507607188021,0.882703361299069,main,-0.00430612985440093,2.40191820402,0,middle,low
USA,19009,19,0.893375326628,0.895717310693,0.877110668106818,0.868064951796338,0.819588719483895,0.941740327846185,0.875037074824209,main,0.013922674456182,1.83605901378,0,low,low
USA,19011,19,0.919794026983,0.898530586098,0.87750664485581,0.864608314586892,0.824209179681593,0.937389822001999,0.874162883962327,main,0.02102394124219,2.74352776116,0,middle,low
USA,19013,19,0.927538992711,0.926887926341,0.92400054409605,0.912856377483469,0.885750277355627,0.966977212716564,0.921248223983338,main,0.00288738224495,4.53639820465,0.759147781001,high,high
USA,19015,19,0.918205599378,0.912328683927,0.902318451186541,0.884652660118181,0.858719798233895,0.951304380434101,0.897390057237673,main,0.010010232740459,2.95619791925,0.441758710855,middle,high
USA,19017,19,0.957139703084,0.908732864519,0.900977330744548,0.883045346297911,0.852114694641766,0.955877688275775,0.895972049655235,main,0.00775553377445204,3.14961335033,0.34393879749,middle,middle
USA,19019,19,0.910070909721,0.890964764934,0.880345231382761,0.867909972538242,0.823985619897393,0.943668929563088,0.877144859179785,main,0.010619533551239,2.73964922,0.24923437829,middle,middle
USA,19021,19,0.911528851526,0.900837061793,0.895505154465109,0.884566254119706,0.848048245116197,0.948826086334235,0.892851394183428,main,0.00533190732789102,2.70160493798,0.509604892452,middle,high
USA,19023,19,0.904084464474,0.889319312983,0.874016889058864,0.858946360423019,0.815202606495374,0.940098570241317,0.869897999023883,main,0.0153024239241361,2.40155596002,0,middle,low
USA,19025,19,0.908909850177,0.899167688607,0.88549203844085,0.872724658959051,0.828850449632117,0.949132556529048,0.882185872009903,main,0.01367565016615,2.00353024283,0,low,low
USA,19027,19,0.913509630711,0.907647757077,0.904120575117145,0.889028069247914,0.85199960953386,0.962681878264524,0.900076083298662,main,0.00352718195985491,2.72926675579,0.443581767253,middle,high
USA,19029,19,0.883215678522,0.910256627944,0.903990374771842,0.895791414406218,0.852760254482909,0.961550755147433,0.902267580934405,main,-0.00626625317215801,2.36284445199,0.428202129635,low,high
USA,19031,19,0.929228926441,0.898694745914,0.877647797009808,0.859408496703027,0.823729217498927,0.938228836610222,0.87249771223025,main,0.021046948904192,2.61741379142,0,middle,low
USA,19033,19,0.913517778567,0.925928210804,0.924424989002376,0.910509629046512,0.881339662357882,0.972834162673579,0.9207793204127,main,-0.00150322180162399,3.44123413592,0.730349266038,middle,high
USA,19035,19,0.910829174727,0.900331576066,0.887412337562113,0.871984938158186,0.829696507125137,0.952259836160767,0.883204427489222,main,0.012919238503887,2.20534958647,0,low,low
USA,19037,19,0.900437962188,0.892820316967,0.878219115761839,0.863570319548521,0.822509163602061,0.940812879331734,0.874273340596707,main,0.0146012012051611,2.36053252738,0,low,low
USA,19039,19,0.881803185193,0.886564632222,0.879939512966608,0.858462628077658,0.822792364031415,0.944148060819672,0.87367635829802,main,-0.00289777480260789,2.25808338629,0,low,low
USA,19041,19,0.910080055428,0.910916610316,0.913540656692496,0.901629558023944,0.865265892031808,0.967780502329,0.910580189976978,main,0.00262404637649594,2.52301675664,0.599641382022,middle,high
USA,19043,19,0.904511525968,0.895215387997,0.886567074854896,0.875062256899479,0.829931887287353,0.950200400731254,0.883687823698608,main,0.0086483131421039,2.31484496035,0,low,low
USA,19045,19,0.896621746962,0.909943212587,0.905945937072764,0.892470573606,0.859766501550214,0.957831543806002,0.902445922396265,main,-0.0039972755142359,3.35913244815,0.591649903103,middle,high
USA,19047,19,0.893445221974,0.899593155509,0.889242323409381,0.875837321682343,0.840195294124217,0.944349858703547,0.885752127264352,main,-0.00194503497038101,2.35101152395,0.422478712267,low,high
USA,19049,19,0.955191812013,0.909585152312,0.904175547509674,0.886677579585545,0.857816630922398,0.956262812921392,0.899316342237614,main,0.005409604802326,4.02086549971,0.629697419269,high,high
USA,19051,19,0.845571148068,0.864796327377,0.855074501563166,0.847752665159649,0.790563058249824,0.927557314305975,0.853457982837664,main,-0.00972182581383396,2.07321046352,0,low,low
USA,19053,19,0.908483879595,0.887440387323,0.875662572634909,0.86267647000966,0.822222967126907,0.935705453713731,0.872286007007236,main,0.011777814688091,1.97894967656,0,low,low
USA,19055,19,0.922699316942,0.8980359689,0.879662372725396,0.8653020878378,0.823650036187397,0.942595884859844,0.875814244253043,main,0.018373596174604,2.56650950702,0,middle,low
USA,19057,19,0.90191007576,0.919750000829,0.918787282071481,0.905065393218141,0.872046295291599,0.971303828255769,0.915218661763968,main,-0.000962718757519077,3.65634915263,0.672827860618,high,high
USA,19059,19,0.931545015659,0.928556548487,0.904585310397463,0.885747445479179,0.848786121275536,0.96727933751263,0.899262940940238,main,0.0239712380895369,2.91260478817,0,middle,low
USA,19061,19,0.941301217974,0.919943790415,0.918127123710266,0.895711914707517,0.875065993797165,0.96650911077611,0.911601511908883,main,0.00181666670473402,4.14092400148,0.642354492844,high,high
USA,19063,19,0.921337624922,0.915239956944,0.903989546983622,0.892791168357283,0.859644542509545,0.953814050828025,0.901247702424017,main,0.011250409960378,2.40413990014,0.534106630845,middle,high
USA,19065,19,0.911247092873,0.904665663342,0.893825021436416,0.881862941846564,0.844251703214411,0.94952387666544,0.890826188790334,main,0.0108406419055841,2.49390047155,0.268012916521,middle,middle
USA,19067,19,0.897442732404,0.900514274078,0.897184410555671,0.886756941249292,0.845364730674094,0.955407199573196,0.894703377933865,main,-0.00281321982567106,2.61942421925,0.411739235487,middle,high
USA,19069,19,0.906550922477,0.893659892897,0.877055399462633,0.863249723013009,0.819356519369228,0.941883853245113,0.873377979214771,main,0.016604493434367,2.11052525869,0,low,low
USA,19071,19,0.903888951655,0.90503690015,0.892600009409798,0.882856748279697,0.835532138805039,0.95671948288963,0.890319747586636,main,0.0101409937502021,1.89190393101,0,low,low
USA,19073,19,0.905728476235,0.892079133824,0.883581393522787,0.875019579331425,0.825219993263518,0.94915423190828,0.881674134637797,main,0.00849774030121297,1.98302924085,0,low,low
USA,19075,19,0.926689274893,0.892981824979,0.877733037266948,0.86459105409453,0.821398354772552,0.941028726100535,0.874290613460041,main,0.0152487877120521,2.38283487218,0,low,low
USA,19077,19,0.907014342543,0.899306172838,0.879690263651539,0.871826900894628,0.822211003555458,0.944271960047685,0.878018259813604,main,0.0196159091864609,2.11052297043,0,low,low
USA,19079,19,0.918028909008,0.899588505145,0.895154164171751,0.885573386866032,0.84496975267627,0.95153962253713,0.89295765686935,main,0.00443434097324902,2.44958770967,0.446630508353,middle,high
USA,19081,19,0.916418421575,0.903109755572,0.88403390357811,0.869736330611765,0.828010348012674,0.946980021021371,0.880213579262637,main,0.0190758519938901,2.16151746181,0,low,low
USA,19083,19,0.908825968903,0.9098617856,0.895600016328157,0.876554527379707,0.844358274844137,0.953173453874135,0.890210159963695,main,0.0121901358778431,2.55777492818,0,middle,low
USA,19085,19,0.893845844526,0.892326257164,0.880056184867733,0.863952879928131,0.825467610109065,0.941390007813082,0.875628508213813,main,0.0122700722962671,2.23427738369,0,low,low
USA,19087,19,0.905286670863,0.907434286406,0.900027433725811,0.880461798405015,0.853796292139406,0.951971135593052,0.894463975636418,main,0.00311162159418898,2.95929623823,0.385282308037,middle,middle
USA,19089,19,0.901025986384,0.884403622045,0.875032780359811,0.858272736836571,0.813470922928769,0.944201541049293,0.870316770195855,main,0.00937084168518898,2.18521909347,0,low,low
USA,19091,19,0.916355369306,0.894263497253,0.880359749330002,0.86329179481136,0.821689501163899,0.946279598475871,0.875578205336604,main,0.013903747922998,2.27996891955,0,low,low
USA,19093,19,0.904884897556,0.894025150352,0.87621569938497,0.863628930292048,0.816452702876679,0.943363322541058,0.872929291730016,main,0.01780945096703,1.98635804441,0,low,low
USA,19095,19,0.911152267609,0.899274392453,0.887035707151453,0.868770856695927,0.8332681490213,0.947447064383946,0.881891168180849,main,0.012238685301547,2.50015433971,0,middle,low
USA,19097,19,0.902480494209,0.900634553747,0.895669206464581,0.883912631650395,0.844958647787943,0.952645825493067,0.892740878194559,main,0.00496534728241893,2.58423962917,0.275522487548,middle,middle
USA,19099,19,0.898618202105,0.907943836171,0.896167550673955,0.880734330564644,0.848673964762955,0.949529691051917,0.891999856734969,main,-0.00687498263495512,3.03890718459,0.403220421837,middle,middle
USA,19101,19,0.934371262794,0.919821023604,0.920815379768624,0.902959061816367,0.882024476993288,0.964399488224119,0.91580263717896,main,-0.000994356164624066,2.80297093067,0.443635611778,middle,high
USA,19103,19,0.979818665052,0.934953196337,0.929727697150697,0.903111418951818,0.900143570676314,0.96296739214538,0.921626385055747,main,0.005225499186303,4.50081705609,0.754268893974,high,high
USA,19105,19,0.914097966718,0.899595471229,0.894263127519616,0.880709524518935,0.844861582464148,0.949768984396335,0.890728632326878,main,0.00533234370938396,2.72730956503,0.252985653995,middle,middle
USA,19107,19,0.905077739988,0.883869567411,0.865492329754408,0.858327771824255,0.808917081661757,0.929058309722638,0.864039070525447,main,0.0183772376565919,2.07825493543,0,low,low
USA,19109,19,0.916032271155,0.90158609062,0.896937403801458,0.89442057755997,0.843279522649605,0.957225531797832,0.897103470746931,main,0.00464868681854191,1.96296448465,0.331101918295,low,middle
USA,19111,19,0.883060908509,0.9113050494,0.908754124125019,0.89195053457291,0.862653387489881,0.96055130752704,0.904133490672337,main,-0.00255092527498102,3.32797662767,0.532239069356,middle,high
USA,19113,19,0.937089723587,0.932422763437,0.924715272555361,0.909748463793214,0.885437932188197,0.968845925361264,0.920685684375881,main,0.00770749088163902,4.79767752327,0.810433130213,high,high
USA,19115,19,0.898530687249,0.893288012591,0.872746975314758,0.854958198921309,0.821383178565205,0.930457549909632,0.867752253262699,main,0.020541037276242,2.48197015097,0,middle,low
USA,19117,19,0.902962834413,0.890671757112,0.88439645261347,0.870406139642959,0.82695464268867,0.948936071300412,0.880670665088704,main,0.00627530449852998,2.20013911599,0,low,low
USA,19119,19,0.914098109088,0.886419072097,0.860615295238911,0.849776491174223,0.797792151521906,0.931201193307209,0.857852586844606,main,0.025803776858089,2.16965075849,0,low,low
USA,19121,19,0.927497489063,0.889901710188,0.873759764944811,0.856454834493202,0.819446385455872,0.934784388061741,0.868918052005318,main,0.016141945243189,2.52288541996,0,middle,low
USA,19123,19,0.915881348647,0.897738164262,0.896403521087282,0.882237747568323,0.847727223520975,0.951094515123408,0.89266494628065,main,0.00133464317471799,2.80434757934,0.487715210496,middle,high
USA,19125,19,0.926164343723,0.90710775867,0.902522702543901,0.884557623382636,0.856296068555556,0.954461339830824,0.897503478858257,main,0.00458505612609905,3.22120731897,0.462598779791,middle,high
USA,19127,19,0.878452851345,0.902267972665,0.900440881199567,0.885521197941315,0.851890208385518,0.95499072763573,0.896452427901659,main,-0.00182709146543303,3.38042121762,0.629694988491,middle,high
USA,19129,19,0.919031883942,0.901624238118,0.871685572578923,0.852885138676893,0.817565463109432,0.932493044227695,0.866335734169299,main,0.029938665539077,2.69274379673,0,middle,low
USA,19131,19,0.904076019872,0.891917099491,0.87570120852778,0.861533624031134,0.817665948526791,0.940907607068579,0.871896714604607,main,0.01621589096322,2.30844567987,0,low,low
USA,19133,19,0.890739400798,0.898776001643,0.882984206266849,0.872672087229044,0.826249941945226,0.946728851336273,0.880500039543272,main,-0.000281406313849097,1.81333090185,0,low,low
USA,19135,19,0.873683135621,0.884030398389,0.875621448979457,0.861318731031848,0.819629515867993,0.938532036533879,0.87178661016176,main,-0.00840894940954295,2.11131730569,0,low,low
USA,19137,19,0.886872587761,0.907676817593,0.898949191369687,0.886950834014423,0.849554089994736,0.954447808351215,0.895944117104579,main,-0.00872762622331302,2.37229514108,0.480109963908,low,high
USA,19139,19,0.901147887253,0.908867522711,0.899243956459711,0.877299178134877,0.852008564104796,0.952315999543055,0.892875530501447,main,-0.00581570466471104,3.68764175766,0.491753044552,high,high
USA,19141,19,0.901778841206,0.904949438212,0.883004490884674,0.8633508243741,0.824881818363644,0.948309103091081,0.877356947723912,main,0.015603753315326,2.37828439192,0,low,low
USA,19143,19,0.911252043025,0.897951771246,0.873969452706765,0.863828542601772,0.816132893809554,0.938952597602052,0.871520017446032,main,0.023982318539235,1.98036909875,0,low,low
USA,19145,19,0.90002286847,0.911919207439,0.889322618065405,0.866675870873209,0.838087421978485,0.946888701430977,0.882703782497337,main,-0.00119608856440501,2.52754476994,0,middle,low
USA,19147,19,0.92051115539,0.891759591665,0.875588730983453,0.858580482075513,0.815497159405168,0.943105529653948,0.870805677283369,main,0.0161708606815469,2.00834741518,0,low,low
USA,19149,19,0.918894537948,0.902844671241,0.890600094995277,0.879734222919057,0.839506135322943,0.948007490040375,0.887964717908162,main,0.0122445762457229,2.52351079794,0.339681891615,middle,middle
USA,19151,19,0.891578005239,0.896790358993,0.87965657294512,0.868196197238156,0.823361800606203,0.942907420116864,0.876783864724522,main,0.00670907853988001,1.74723544461,0,low,low
USA,19153,19,0.926618900805,0.932166887254,0.925676254728786,0.904393458897853,0.888067914803163,0.967931676718905,0.919495126447682,main,-0.00460534037278604,5.83268986789,0.909724700664,high,high
USA,19155,19,0.90309587165,0.917210747811,0.912827309784973,0.901095032314196,0.870090569039462,0.960844824470684,0.909905109938837,main,-0.00438343802602703,3.74227278366,0.714046985439,high,high
USA,19157,19,0.931776273652,0.92019186867,0.918954908734133,0.905292498338364,0.875016357433937,0.968322735936719,0.915394729264741,main,0.00123695993586703,2.62505083795,0.442613364554,middle,high
USA,19159,19,0.898440873192,0.88757614038,0.874224856545191,0.874360065481519,0.811633432462088,0.944550402496556,0.875168732625321,main,0.013351283834809,1.55009311188,0,low,low
USA,19161,19,0.908839974127,0.890504958669,0.876782778062341,0.865999714330275,0.81791499771337,0.942924567494864,0.874113089961011,main,0.0137221806066591,2.06351169582,0,low,low
USA,19163,19,0.925961857478,0.93316443537,0.92278814001414,0.90227409020116,0.881428496951011,0.969258395666197,0.916899455979966,main,-0.0040288604281401,4.98037641572,0.770287255828,high,high
USA,19165,19,0.921121493881,0.897272259966,0.882172740583057,0.870293999007436,0.825369819020757,0.94599452653887,0.879159619182675,main,0.0150995193829431,2.19274554406,0,low,low
USA,19167,19,0.945196525748,0.904584523982,0.885035814871686,0.865503391512005,0.832641801245034,0.943903905298666,0.879464382595077,main,0.0195487091103139,2.92995926956,0.336560844917,middle,middle
USA,19169,19,0.971010932961,0.936506339289,0.93281947268447,0.904160064785557,0.90861864433007,0.960010681247464,0.923919946958304,main,0.00368686660452999,4.17690897844,0.704295906207,high,high
USA,19171,19,0.89205180625,0.889053119147,0.871947472401546,0.858788872975172,0.815969069979147,0.934842857344595,0.868492835008356,main,0.017105646745454,2.36880424756,0,low,low
USA,19173,19,0.895837030804,0.890795173663,0.864342443909641,0.856518316354737,0.804843404787019,0.931193493732768,0.862639470683104,main,0.026452729753359,1.71425532181,0,low,low
USA,19175,19,0.892544835018,0.906609785031,0.907162060717545,0.893637392950164,0.860082936721145,0.960058526111317,0.903649039201247,main,0.000552275686545034,2.54701006995,0.548703812124,middle,high
USA,19177,19,0.877665926142,0.880282232827,0.873668097265552,0.861908360036061,0.81534574036094,0.939197067896441,0.870669255656977,main,0.00138152219144805,1.96252567087,0,low,low
USA,19179,19,0.884599899243,0.908240519685,0.913023448341788,0.890831581662002,0.869592954304306,0.961820440084111,0.906571106046519,main,0.00478292865678798,3.51150780797,0.631649946602,high,high
USA,19181,19,0.938665249027,0.905379766454,0.895769757168453,0.87618745864337,0.850079114403405,0.94710617336909,0.890194722760575,main,0.00961000928554701,3.55282102442,0.493852172275,high,high
USA,19183,19,0.904166419021,0.899924465385,0.892121469876096,0.877743243855991,0.83956219301533,0.951175244321854,0.888301309667304,main,0.00780299550890406,2.79311580803,0.302183129905,middle,middle
USA,19185,19,0.864509091569,0.874744110651,0.869146092239906,0.86239548706932,0.806656137854124,0.939357630370453,0.867777985616815,main,-0.00559801841109397,1.74749958354,0,low,low
USA,19187,19,0.892630734748,0.912493590507,0.915781930497824,0.898304477468175,0.874258583988516,0.962436117645215,0.910916273257108,main,0.00328833999082401,3.07378543431,0.605830380776,middle,high
USA,19189,19,0.918556225593,0.909643633769,0.893573408834628,0.872055339520735,0.840186152053743,0.953557472705369,0.887337453350424,main,0.016070224934372,2.44063937855,0,middle,low
USA,19191,19,0.96190222232,0.912941746238,0.911135986271593,0.897328999369606,0.868579056321652,0.958951471804724,0.90751238816918,main,0.00180575996640697,2.56712167202,0.321492828642,middle,middle
USA,19193,19,0.900871553108,0.920199092008,0.911135254916964,0.908611851703349,0.866816423071459,0.960930352106697,0.911309322909826,main,-0.00906383709103598,3.85113708316,0.752497827451,high,high
USA,19195,19,0.910023681006,0.899794704095,0.875603961152122,0.86406915008939,0.824023584374875,0.933557877529242,0.872723083470494,main,0.0241907429428779,2.13002471002,0,low,low
USA,19197,19,0.899582027329,0.892162082241,0.87262987285147,0.858258241586729,0.812261233687877,0.940457975019011,0.868729096188061,main,0.01953220938953,2.28060265665,0,low,low
USA,20001,20,0.888956764551,0.895979338827,0.898339450672255,0.893231822483532,0.847937877032266,0.954594187349784,0.897530059601646,main,0.00236011184525498,2.3889870165,0.400641534255,low,middle
USA,20003,20,0.887959733487,0.884082486519,0.883876121032688,0.877013859679065,0.820535063932382,0.954573010647796,0.882343283392395,main,0.000206365486312032,1.84100926054,0,low,low
USA,20005,20,0.906585606179,0.908861778361,0.899821900937663,0.892599012244105,0.856786781352263,0.947854713116406,0.89830464310767,main,0.00448753305933691,2.76846593373,0.603682594043,middle,high
USA,20007,20,0.883450944658,0.876510778012,0.866757093263936,0.873795175062174,0.800815572694707,0.940356439630271,0.869784275011502,main,0.00975368474806393,0.948125850373,0,low,low
USA,20009,20,0.892961249144,0.908806886538,0.90490642086224,0.900636487942162,0.85710696964791,0.958256849176231,0.904389473550865,main,-0.00390046567575997,2.53835836567,0.549176609643,middle,high
USA,20011,20,0.891055813194,0.873576102442,0.888473884803643,0.886469321123502,0.834012632785874,0.949259752587688,0.888669896822836,main,-0.014897782361643,2.30449579601,0.438455121086,low,high
USA,20013,20,0.883677585148,0.891415991957,0.874646238466541,0.865893083968074,0.815797575204959,0.940329030024823,0.872520236312203,main,0.00129293987245893,2.01273139003,0,low,low
USA,20015,20,0.913183576149,0.903159476559,0.89099304199003,0.883935555050086,0.844744559252977,0.942612386986908,0.889528190999715,main,0.0121664345689699,2.94865529293,0.457654078236,middle,high
USA,20017,20,0.873177864765,0.873634451676,0.855627552487881,0.865703237305531,0.791220936802131,0.927513744605067,0.859664623956544,main,0.0170937253661191,0.847310092501,0,low,low
USA,20019,20,0.861388552174,0.868107425548,0.858469331573216,0.86663507207811,0.794325123996023,0.930062641980906,0.861884201451789,main,-0.00379965277321603,1.11865341087,0,low,low
USA,20021,20,0.876809758596,0.861985367718,0.873386464821759,0.860562712820977,0.819986396327162,0.932987913244436,0.869938189821117,main,-0.0114010971037589,2.69099730109,0,middle,low
USA,20023,20,0.918177741151,0.885018237756,0.87286181851856,0.88092763021072,0.811802993728507,0.941011438904194,0.876318394056315,main,0.0121564192374399,0.67614973401,0,low,low
USA,20025,20,0.890390698999,0.867758107494,0.850625393978517,0.863245492651378,0.78177483535174,0.927471606624884,0.855405837688101,main,0.017132713515483,0.610210838851,0,low,low
USA,20027,20,0.910521893077,0.896774174376,0.878142434601916,0.874389231529438,0.815682934758389,0.947855391221193,0.87765282242004,main,0.0186317397740841,1.78439257667,0,low,low
USA,20029,20,0.892044252034,0.901684970682,0.882702143416762,0.876303352629377,0.824223326625829,0.947972138026164,0.881383635176127,main,-0.000298610030762148,1.78109283155,0,low,low
USA,20031,20,0.900923372246,0.891363747558,0.884538713405536,0.87821256126953,0.830822081427629,0.94449348800653,0.883287764210079,main,0.00682503415246394,1.81711401394,0,low,low
USA,20033,20,0.863711230806,0.877029167171,0.874599847510662,0.882187631990736,0.81242043093747,0.944000194632206,0.877885673622014,main,-0.00242931966033799,0.641190252095,0,low,low
USA,20035,20,0.888810848611,0.899453550828,0.898719736360848,0.896280477205055,0.851909371254291,0.95096621544219,0.898809126363564,main,-0.000733814467152039,2.58332463802,0.560198604178,middle,high
USA,20037,20,0.903794229568,0.886916981525,0.906714721643974,0.892557271810213,0.8668503593,0.951208554763076,0.90285635205823,main,-0.0139567559670261,3.27219682562,0.524258692068,middle,high
USA,20039,20,0.90540677224,0.894808006908,0.876241613360798,0.88318378064867,0.817619319451815,0.941671747166504,0.879361113665157,main,0.018566393547202,0.785840123386,0,low,low
USA,20041,20,0.899238641902,0.898990467123,0.888970083200668,0.88563489406718,0.83756840152618,0.946341071020109,0.888738984595297,main,0.0100203839223321,2.29380717432,0.332224311928,low,middle
USA,20043,20,0.915961001913,0.898105722258,0.879990101784795,0.870302347410755,0.832129144970347,0.933409178378768,0.877629039676402,main,0.018115620473205,2.14820640159,0,low,low
USA,20045,20,0.963694201044,0.942964006864,0.93279537726196,0.907453579427185,0.907302793054212,0.961248429582906,0.924990849278233,main,0.0101686296020399,4.56873617047,0.78183243104,high,high
USA,20047,20,0.865957359077,0.883884282258,0.866663687744425,0.867691331781907,0.809619685426819,0.930332242070342,0.86781695347911,main,-0.0172205945135749,1.02180392836,0,low,low
USA,20049,20,0.876772602551,0.871610005571,0.856599990643573,0.87029068585462,0.788809919285671,0.932262561039273,0.861770547971688,main,0.015010014927427,0.967285406692,0,low,low
USA,20051,20,0.937791871824,0.915039402065,0.917413980119252,0.909968058026114,0.879324994229703,0.959926261319748,0.91580809835379,main,-0.00237457805425201,2.57491124646,0.695013738122,middle,high
USA,20053,20,0.898244611762,0.904793005217,0.885132216568991,0.880582478068782,0.837471498944825,0.938327800083119,0.884500778835387,main,0.00656400173800897,1.49079258035,0,low,low
USA,20055,20,0.877447765448,0.894312091394,0.897086544969638,0.893264850964592,0.849236738641143,0.950493176165466,0.896711365115541,main,0.00277445357563799,2.43245792716,0.740691397756,middle,high
USA,20057,20,0.871265078761,0.89255871716,0.890995353411913,0.887902573752976,0.843786957224795,0.943686087146619,0.890858151838938,main,-0.00156336374808697,2.55383312341,0.753586661749,middle,high
USA,20059,20,0.89466436278,0.904902950273,0.896267852414444,0.886549103420405,0.84849416706953,0.949589522654141,0.893914242312284,main,-0.0086350978585561,2.91877908947,0.433855702012,middle,high
USA,20061,20,0.873470876425,0.89341814601,0.882829512717172,0.871304291490877,0.833103210974763,0.938330557792622,0.879849058735898,main,-0.010588633292828,3.61868433485,0.784620081413,high,high
USA,20063,20,0.897266552383,0.893398789805,0.885529994374641,0.893293770576008,0.816839563882163,0.962197483116592,0.888788504647175,main,0.00786879543035901,0.649404271325,0,low,low
USA,20065,20,0.895954551064,0.889542826813,0.879484905185246,0.885126659795951,0.818798707610061,0.947218624948391,0.882153712962267,main,0.010057921627754,0.719539987623,0,low,low
USA,20067,20,0.869978650937,0.872918984992,0.873692306214604,0.877282246715962,0.821456079993405,0.931994754707403,0.875747794852072,main,0.000773321222603984,1.81678705839,0.734325743987,low,high
USA,20069,20,0.883891015782,0.875137700736,0.855790294256474,0.855781162412322,0.792333714769867,0.926616121937448,0.856492511577761,main,0.0193474064795259,1.29089743133,0,low,low
USA,20071,20,0.891620488535,0.881864203998,0.880479289087092,0.879513517171033,0.817889654796933,0.950337492739332,0.880923844833668,main,0.00138491491090798,0.450048058794,0,low,low
USA,20073,20,0.888066654247,0.882098732952,0.870440363563246,0.876727501863142,0.810419643343189,0.937431323712476,0.873315865607511,main,0.0116583693887541,1.13930304706,0,low,low
USA,20075,20,0.861889931839,0.859526931252,0.860030937547478,0.855892175835557,0.805127538205095,0.921310299473124,0.859468349119267,main,-0.000504006295477977,0.706793094212,0,low,low
USA,20077,20,0.863204466301,0.88142248275,0.878805319511929,0.876584103616189,0.816635864929185,0.948194547751484,0.878833286717245,main,-0.00261716323807104,1.3308727164,0,low,low
USA,20079,20,0.910438590838,0.911519369268,0.899692951930461,0.889890372778351,0.852264025406452,0.952629826313865,0.897315039375582,main,0.00966486047753912,3.25076288562,0.537418604502,middle,high
USA,20081,20,0.862341890694,0.876524012032,0.848496402839818,0.845883309171826,0.791228967176858,0.912414337950898,0.848401794585644,main,-0.000336633483817961,1.33124348857,0,low,low
USA,20083,20,0.909902000237,0.881694508505,0.866960283816766,0.871793648807724,0.813162979319844,0.92700509948169,0.869409685633707,main,0.0147342246882339,0.600527067415,0,low,low
USA,20085,20,0.904371871623,0.895195599458,0.87175101744456,0.864253852095659,0.813674031071668,0.936572516843923,0.870050370500681,main,0.02344458201344,2.19111355127,0,low,low
USA,20087,20,0.909068423484,0.896782092354,0.863401150550284,0.854322336917095,0.810634736799529,0.922295357548043,0.861203259057073,main,0.033380941803716,2.69278610598,0,middle,low
USA,20089,20,0.890199379739,0.892743707313,0.867308868792048,0.879275589433517,0.80448953845753,0.937423443219209,0.872021265263958,main,0.0203461833729519,0.788145436628,0,low,low
USA,20091,20,0.96178433901,0.948903000003,0.929636705592825,0.899993207057722,0.891400899765323,0.972312857013079,0.920533170964229,main,0.019266294410175,6.22736154578,0.933095171015,high,high
USA,20093,20,0.86559471342,0.874780130204,0.847142448670355,0.850681659087461,0.784754397075281,0.91677565971598,0.849026607035348,main,0.00926684796564503,0.979334911793,0,low,low
USA,20095,20,0.890798526557,0.887134696827,0.875737504723129,0.87503153888706,0.81999150206785,0.937957321957355,0.876338809799759,main,0.011397192103871,1.46879568395,0,low,low
USA,20097,20,0.910529458388,0.886867867596,0.873258706468229,0.876052194865183,0.81405381479468,0.939339095443916,0.874987466197108,main,0.013609161127771,0.804710683855,0,low,low
USA,20099,20,0.864687997877,0.87904300399,0.894139658130889,0.887880405187034,0.845300673935746,0.948650340974251,0.892943440480638,main,0.015096654140889,2.60133207201,0.429228993744,middle,high
USA,20101,20,0.859936630982,0.880632419151,0.86183068639264,0.862836427935778,0.808646859490114,0.921190780965781,0.863003028602904,main,-0.0188017327583599,0.623361887667,0,low,low
USA,20103,20,0.919688659528,0.918166582741,0.901072538112613,0.881141035056913,0.859770132688718,0.947171415061691,0.895266061809684,main,0.017094044628387,4.18309583004,0.545610980589,high,high
USA,20105,20,0.903069432706,0.883753353451,0.856214954875349,0.86311671501702,0.797098328936879,0.922196827766597,0.859280619352715,main,0.027538398575651,0.976660891414,0,low,low
USA,20107,20,0.877474503074,0.873159252333,0.869022767981762,0.86773642065278,0.809486463767338,0.935473056622719,0.869379843354393,main,0.00413648435123792,1.97287900966,0,low,low
USA,20109,20,0.908119058995,0.887679653499,0.874290323847881,0.874802403839084,0.816936148906656,0.938305071318299,0.875280759140692,main,0.0133893296511191,0.667790585351,0,low,low
USA,20111,20,0.919475545032,0.913341244408,0.912636956582046,0.905214042220497,0.875395670136207,0.954203094526615,0.91102892453366,main,0.000704287825953998,2.75829206377,0.713861237085,middle,high
USA,20113,20,0.912129634843,0.914028942247,0.898107630210748,0.892713313991556,0.850172973635076,0.951608965360585,0.897206911859692,main,0.012122697228252,2.58595961534,0.40795043321,middle,middle
USA,20115,20,0.915390928397,0.892049831742,0.869691256750251,0.869673891707713,0.813064050106896,0.932894612686315,0.870504977721421,main,0.022358574991749,1.79163798144,0,low,low
USA,20117,20,0.89896721295,0.89329988314,0.88246586670049,0.879210528915735,0.821412481706931,0.950609415563009,0.882169618031612,main,0.01083401643951,1.63980087621,0,low,low
USA,20119,20,0.877196406867,0.881308188383,0.862691235581556,0.8641181472978,0.806615113615394,0.925279509067537,0.863980900377284,main,0.0103933897694439,1.01817489711,0,low,low
USA,20121,20,0.925708425361,0.899001139268,0.882354682066071,0.864382437570798,0.830163261192991,0.940607121940524,0.877187771969184,main,0.0166464572019289,3.16385822563,0.0646165055407,middle,middle
USA,20123,20,0.9177064236,0.902492828896,0.887066130736042,0.88335361683494,0.826599209656067,0.954555109301506,0.886632257846707,main,0.015426698159958,1.47093129058,0,low,low
USA,20125,20,0.881255345408,0.886643616024,0.895933991862319,0.888582486433395,0.84580744725454,0.951881760231753,0.894370404662537,main,0.00929037583831904,3.08023173886,0.485369626067,middle,high
USA,20127,20,0.905796720268,0.88837638487,0.870944734437888,0.872720919573012,0.811485642907515,0.937308843642454,0.872327667571178,main,0.017431650432112,1.4349603419,0,low,low
USA,20129,20,0.838243434223,0.872733446823,0.86736180555629,0.867939242031145,0.809145459234033,0.93233884885416,0.868353519570568,main,-0.00537164126670997,0.969562061886,0,low,low
USA,20131,20,0.916104165413,0.89117155055,0.874753560038424,0.868199232411568,0.813555639714104,0.943058429200793,0.873336784744454,main,0.016417990511576,1.83993653222,0,low,low
USA,20133,20,0.896537390977,0.886957490094,0.896002414957384,0.892467518070107,0.843876057775047,0.954182235258167,0.895710097746621,main,-0.00904492486338393,2.47333996721,0.493451307439,middle,high
USA,20135,20,0.910164272342,0.876389959025,0.865133684096591,0.873668319530948,0.803421649868361,0.934012371499109,0.868722191501004,main,0.0112562749284091,0.722793744555,0,low,low
USA,20137,20,0.883093992769,0.897566701969,0.886440945270914,0.881286810757275,0.839099676232998,0.939279982455163,0.885608882261684,main,-0.011125756698086,1.22759416971,0,low,low
USA,20139,20,0.883176597791,0.886616981662,0.865674741338378,0.859944810289859,0.810892627805294,0.926818732465612,0.864588746231743,main,0.014061472581622,2.27133440484,0,low,low
USA,20141,20,0.899541775293,0.8929663746,0.872905961830286,0.878978226859061,0.812484591098564,0.940344100259987,0.87570941354762,main,0.0200604127697139,0.942570391103,0,low,low
USA,20143,20,0.895520594546,0.890137667454,0.858121415133834,0.858788802389732,0.806146437991307,0.916132275545812,0.859183969398801,main,0.032016252320166,1.43381350834,0,low,low
USA,20145,20,0.890985695288,0.912421930327,0.892566830687681,0.884008097661617,0.851464916356204,0.938441933401242,0.890587924637062,main,-0.0198550996393191,1.49659350349,0,low,low
USA,20147,20,0.904832621296,0.895547857739,0.875942409658973,0.876978127344092,0.817346208381617,0.941343420681095,0.877097019488616,main,0.0196054480800271,1.21482398482,0,low,low
USA,20149,20,0.929889674546,0.894832392873,0.882245906375326,0.865589145473254,0.822384237570792,0.94905934437887,0.877458629919154,main,0.012586486497674,2.42538476242,1.28817816568e-05,middle,middle
USA,20151,20,0.910212262499,0.899328379115,0.900738522212839,0.901635398607981,0.849324355469143,0.958123444999584,0.901935192997344,main,-0.00141014309783905,1.78949028178,0.599385208153,low,high
USA,20153,20,0.904406787482,0.884964611465,0.875576191452369,0.884323126249007,0.81292145814693,0.945507054105075,0.879241370331918,main,0.00938842001263107,0.613997404739,0,low,low
USA,20155,20,0.898589262363,0.910764639789,0.90722894944324,0.902072798840081,0.862258552956814,0.957421783315808,0.90641580059395,main,-0.00353569034576007,3.01916889756,0.596103704537,middle,high
USA,20157,20,0.914122391043,0.898138451749,0.878892282700485,0.882768847312468,0.816436774172165,0.948600784490879,0.880949497277276,main,0.0192461690485149,1.2536514822,0,low,low
USA,20159,20,0.904264754313,0.894326056167,0.867087466234848,0.862644250111161,0.813613354084479,0.926771557044603,0.866444665575204,main,0.027238589932152,1.81790714039,0,low,low
USA,20161,20,0.949164643094,0.942811295909,0.932997881305434,0.913312787402607,0.913229878349913,0.955061553540088,0.926994173208331,main,0.009813414603566,3.85126997813,0.819709571381,high,high
USA,20163,20,0.900443981446,0.886838574674,0.872875042761626,0.875678390083859,0.814681345569609,0.93782680667305,0.874617874855393,main,0.013963531912374,1.14468196484,0,low,low
USA,20165,20,0.898164213315,0.888063094229,0.87244436326993,0.879332874612315,0.809594673075055,0.942592823265073,0.875484295792355,main,0.01561873095907,0.996495511648,0,low,low
USA,20167,20,0.896741950628,0.894381853737,0.879234133619551,0.877975243532259,0.823587455360058,0.941343091860159,0.879656894639945,main,0.0151477201174489,1.3687354168,0,low,low
USA,20169,20,0.909338219671,0.92343828449,0.919513895969315,0.911008468620561,0.877597605773051,0.966297948473954,0.917577946809205,main,-0.003924388520685,3.42260611171,0.822210958255,middle,high
USA,20171,20,0.894321125152,0.882500569641,0.866620414985653,0.862128557246689,0.80752034039117,0.932583814416047,0.865906749869293,main,0.015880154655347,1.27521220807,0,low,low
USA,20173,20,0.909355987838,0.928262042305,0.916505437529986,0.896528912472168,0.874826767835,0.963024274531158,0.910698313691429,main,-0.0117566047750139,5.38133148049,0.881463177541,high,high
USA,20175,20,0.857106833719,0.887231151624,0.888361457344847,0.886668939484507,0.837802739202512,0.944791587803985,0.888682093879581,main,0.00113030572084694,2.68792905274,0.846336358918,middle,high
USA,20177,20,0.905789098384,0.931025992236,0.916388016767283,0.896912629692898,0.872689331718752,0.965161454638853,0.910758553301681,main,-0.014637975468717,4.84427621376,0.736583858274,high,high
USA,20179,20,0.904005325035,0.88559129948,0.870299348613191,0.875663775851558,0.80821687179519,0.939591498311361,0.872840303610905,main,0.015291950866809,0.717463513925,0,low,low
USA,20181,20,0.911491999443,0.901011982949,0.888352559167489,0.88178331178311,0.834421414044883,0.948546758445083,0.887023965117838,main,0.012659423781511,1.12462862696,0,low,low
USA,20183,20,0.890372110863,0.901585761451,0.883996535614939,0.889619088297663,0.823310572446871,0.951729993749137,0.886666936046373,main,-0.00483807533993885,0.935452909181,0,low,low
USA,20185,20,0.878058863518,0.88523305093,0.864640914424672,0.867764943468098,0.806692714740481,0.929318671064887,0.866479514715895,main,0.00624376168132801,1.12290958578,0,low,low
USA,20187,20,0.889958357033,0.869736015164,0.860622922678057,0.858745408400291,0.7957230138268,0.933059694372947,0.860687030591343,main,0.00911309248594305,0.796425011955,0,low,low
USA,20189,20,0.871746518645,0.87044456562,0.853540613729924,0.847930846989379,0.794853122275723,0.919043516508369,0.852434722488023,main,0.0169039518900761,1.39425458398,0,low,low
USA,20191,20,0.894553377461,0.885838750309,0.880751628121795,0.880552707380499,0.829461305991363,0.937998324150824,0.881558593756343,main,0.00508712218720497,2.14766836936,0.348239022031,low,middle
USA,20193,20,0.913352524525,0.903118113825,0.892996398455897,0.883759074202191,0.841879409004999,0.950049632584024,0.890792781929809,main,0.010121715369103,1.32225940316,0,low,low
USA,20195,20,0.914951362671,0.902282194787,0.892898093029224,0.893860438430852,0.84360522924889,0.94791536474877,0.894113901729769,main,0.00938410175777604,0.806325670996,0,low,low
USA,20197,20,0.906372193172,0.885371406608,0.857849291221273,0.859364104880901,0.800875907732305,0.921439025714343,0.859151356722186,main,0.027522115386727,1.48093557724,0,low,low
USA,20199,20,0.906308678617,0.871980474023,0.856475768190916,0.866850882236579,0.787170527752964,0.933829465102405,0.860518605341306,main,0.0155047058320841,0.460507766718,0,low,low
USA,20201,20,0.906440332401,0.886637769626,0.870566518671576,0.87418934984515,0.809598574490219,0.938614704432415,0.872544395307525,main,0.0160712509544241,1.21714566898,0,low,low
USA,20203,20,0.900332536154,0.889266497532,0.876565454325247,0.877979092543538,0.82193219563934,0.937543304008349,0.877884068389794,main,0.012701043206753,0.75745320741,0,low,low
USA,20205,20,0.870325136692,0.869448575237,0.870067778209572,0.864115276327534,0.81264670654609,0.934157191156153,0.868889351059165,main,-0.000619202972572008,1.95603579116,0,low,low
USA,20207,20,0.86944057568,0.871676182271,0.866890858076046,0.8720592987012,0.804065904337271,0.937011708956557,0.869349136892404,main,0.000314111012953977,1.22791114761,0,low,low
USA,20209,20,0.862845321351,0.921791270013,0.911859403337565,0.880914308186126,0.867538060029685,0.961327809121644,0.90232828005273,main,-0.009931866675435,6.0656640881,0.89554571393,high,high
USA,21001,21,0.893570207245,0.873931010633,0.897814026461207,0.879289981774964,0.851635274057455,0.950495754503742,0.8928503007092,main,-0.015395377395793,2.96168463923,0,middle,low
USA,21003,21,0.86168722712,0.859410131069,0.873931310853808,0.859018619955576,0.820961441311469,0.934360493463153,0.870188357123082,main,0.00996698768280802,3.19341671022,0,middle,low
USA,21005,21,0.887184864213,0.886314982278,0.900173443332936,0.876660232681485,0.856648707252687,0.949827411661378,0.893496638775925,main,0.012118697184936,3.77835029762,0.494973190411,high,high
USA,21007,21,0.883738001407,0.87093093132,0.872220509615819,0.865608070452353,0.818683551252277,0.933296639522341,0.871269185764991,main,-0.00128957829581899,2.63603143749,0,middle,low
USA,21009,21,0.861659565416,0.876910310631,0.905457510862936,0.884687348531371,0.855871192519749,0.962026664458652,0.899763652316887,main,0.028547200231936,3.57650619803,0.25297687901,high,middle
USA,21011,21,0.846741517652,0.840721619345,0.862207665365975,0.853382060794245,0.807404914100932,0.924727839425358,0.860497494231193,main,0.00944624940697503,2.85619189243,0,middle,low
USA,21013,21,0.815134453492,0.875676981527,0.905224810094521,0.88764954105651,0.859297511455146,0.957619674197676,0.900587778391891,main,0.029547828567521,3.45261746505,0.34110456803,middle,middle
USA,21015,21,0.926745854284,0.910339537533,0.926029803491706,0.901687281956317,0.884968454085761,0.972873486568076,0.919066001195317,main,-0.015690265958706,5.39386342324,0.808942953018,high,high
USA,21017,21,0.884725920494,0.884005560077,0.90880963276221,0.894609546213737,0.861046910307486,0.963298388390144,0.905330305014331,main,0.0233633518512101,3.3352094816,0.447952089052,middle,high
USA,21019,21,0.880622927373,0.893212641785,0.920473694907358,0.892355408254767,0.876946436989443,0.970130540203217,0.912249641860448,main,0.0272610531223579,4.79794512092,0.528534794671,high,high
USA,21021,21,0.902352976868,0.90451602527,0.920692658781336,0.895058499527522,0.87938622154931,0.967815943395818,0.913288417704778,main,0.016176633511336,4.13972137316,0.490306010877,high,high
USA,21023,21,0.847316305978,0.851426323064,0.862065749366162,0.85237645026189,0.81094875915747,0.920381126814698,0.86006416610224,main,0.010639426302162,2.85663836154,0,middle,low
USA,21025,21,0.827059739998,0.864663416385,0.888241050336218,0.875772116211375,0.843022475407595,0.939827386970708,0.885304736461093,main,0.023577633951218,2.4370099893,0,middle,low
USA,21027,21,0.863375281396,0.86295812936,0.878883378740736,0.871217726462875,0.825820886718219,0.939418227095849,0.877587676787938,main,0.0150909453087361,2.70860281958,0,middle,low
USA,21029,21,0.895478735679,0.902477497588,0.922961321718148,0.897846532915942,0.884567537262289,0.966761788511679,0.91569503877761,main,0.020483824130148,4.69350995262,0.583204698524,high,high
USA,21031,21,0.856699172286,0.857524640258,0.870026999103366,0.863892532078657,0.819146975176003,0.928072040249199,0.869229412987522,main,0.012502358845366,2.5246186402,0,middle,low
USA,21033,21,0.87920881577,0.879968582542,0.89102838269185,0.876861233295039,0.835070377109525,0.95486649607603,0.88756234262613,main,0.01105980014985,2.74759365703,0,middle,low
USA,21035,21,0.915065316958,0.905920311692,0.917406702709953,0.896220796035289,0.881202924413973,0.958708762705538,0.911435376406077,main,-0.00680361951404695,3.67801202377,0.469754909901,high,high
USA,21037,21,0.925861250652,0.910993629699,0.925144545299852,0.892275594998933,0.890498353171441,0.964669677019739,0.91517381910119,main,-0.014150915600852,5.49980931538,0.792133273389,high,high
USA,21039,21,0.878443264764,0.868417027445,0.870081774655806,0.864548587808637,0.813804871411131,0.934283693449332,0.869486453150435,main,-0.00166474721080601,2.42566785993,0,middle,low
USA,21041,21,0.841791352628,0.868549790161,0.884582718190812,0.858391815358572,0.828628908126057,0.948416045237031,0.877030803296474,main,0.016032928029812,3.53585681977,0,high,low
USA,21043,21,0.849567528101,0.86378035475,0.883379291318159,0.86692199288444,0.832038567373111,0.941949909093449,0.879124592117799,main,0.0195989365681589,3.31600552654,0,middle,low
USA,21045,21,0.840771061454,0.85046527592,0.875274439852352,0.867096241597286,0.821850199250013,0.936221978878174,0.873801797334246,main,0.024809163932352,2.71476058491,0,middle,low
USA,21047,21,0.862204536656,0.878963501049,0.89623976695615,0.879687739454467,0.851147892462707,0.947681560970461,0.891932521283813,main,0.01727626590715,3.72146040454,0.662985404429,high,high
USA,21049,21,0.874752600308,0.888814148758,0.912415540569888,0.893077155735002,0.870388732298581,0.960360640179484,0.907149497636805,main,0.023601391811888,4.04435823128,0.652030032034,high,high
USA,21051,21,0.810063660846,0.861650622401,0.886196024502404,0.86944035052388,0.841042292682942,0.937708386703537,0.881810249572164,main,0.024545402101404,2.90589687965,0,middle,low
USA,21053,21,0.845446218908,0.852773123213,0.881628500521251,0.866626087874678,0.828452285024577,0.942293087096341,0.877866388472393,main,0.0288553773082509,3.07603527751,0,middle,low
USA,21055,21,0.862683976442,0.868611462121,0.87807191064464,0.869021993623135,0.823943310860427,0.939822997989379,0.876310582099892,main,0.00946044852363992,2.40062792175,0,middle,low
USA,21057,21,0.822705705431,0.850554576518,0.874302668586507,0.869721403286008,0.818296706754533,0.938195491506359,0.874033544976527,main,0.0237480920685069,2.26255963439,0,low,low
USA,21059,21,0.900018690901,0.890088307418,0.910584569956851,0.887661663364996,0.865930173009555,0.96152728004379,0.904129519384597,main,0.000635495572851141,4.43533323353,0.665060972657,high,high
USA,21061,21,0.857558546652,0.86512849145,0.877903938281603,0.867974183079802,0.832122592835237,0.930132295798486,0.875816148389216,main,0.0127754468316029,2.8228714235,0,middle,low
USA,21063,21,0.835115908091,0.85728875208,0.871693442442066,0.85919632612993,0.827057810353239,0.922614745169145,0.86872614058616,main,0.014404690362066,2.68685374223,0,middle,low
USA,21065,21,0.827938538627,0.857021400001,0.875680849100079,0.857504201596979,0.825560027267411,0.932859775935757,0.870830758228364,main,0.018659449099079,3.14459190543,0,middle,low
USA,21067,21,0.942615003582,0.929849269895,0.939605860206985,0.914784143628062,0.910014715187688,0.973364083918702,0.932282331221546,main,-0.00975659031198495,6.13507960502,0.961630657559,high,high
USA,21069,21,0.849309972154,0.85842276625,0.880691266086711,0.867204768693471,0.82610603183521,0.942963291992332,0.877439966944901,main,0.022268499836711,2.84474749444,0,middle,low
USA,21071,21,0.832021276895,0.867896433245,0.891529000401524,0.874413116967552,0.842322587961809,0.947664749055644,0.887053769312389,main,0.0236325671565241,3.66503937961,0,high,low
USA,21073,21,0.907163576674,0.907511253824,0.919411708888112,0.898088505894181,0.87998204048233,0.964393934687524,0.913445146183242,main,0.011900455064112,4.54469705212,0.620491554232,high,high
USA,21075,21,0.844228150755,0.866923002004,0.878551612655257,0.866966212764566,0.823863065271064,0.94094150043623,0.875937816811138,main,0.0116286106512571,2.5912979227,0,middle,low
USA,21077,21,0.84282036607,0.869677713881,0.875821803011233,0.853314411103974,0.827171849141597,0.931322731590539,0.869497510927388,main,0.00614408913023301,3.5819617501,0,high,low
USA,21079,21,0.884840822273,0.859064150847,0.867521233712383,0.854307515096348,0.81693431491194,0.925231894135904,0.864338756314657,main,-0.00845708286538294,3.42852719691,0,middle,low
USA,21081,21,0.854024053458,0.871350771895,0.879787551252225,0.855853210880432,0.825912832055283,0.941249006085089,0.872996849120572,main,0.00843677935722498,3.67190480923,0,high,low
USA,21083,21,0.876753278141,0.886505709856,0.894991060890707,0.881744742489157,0.844244455988667,0.952883894702174,0.891833320424698,main,0.00848535103470704,3.30172507591,0.241889317943,middle,middle
USA,21085,21,0.848232081742,0.865972249448,0.883986368965653,0.867632994201181,0.831724225619618,0.943608162092573,0.879769766044011,main,0.018014119517653,3.06623816228,0,middle,low
USA,21087,21,0.858471181527,0.862139351998,0.879232935530659,0.866464292914145,0.828297857229145,0.937340783907429,0.876216796135884,main,0.017093583532659,2.78448703003,0,middle,low
USA,21089,21,0.887622259638,0.875780213265,0.895596052022487,0.879378297538939,0.848877220736837,0.948893913834271,0.891413953715684,main,-0.00386825398851298,3.7524466026,0.426218602628,high,high
USA,21091,21,0.880354336594,0.851802485319,0.863142119762413,0.843855415330548,0.809794240127595,0.924002544530821,0.857903877618442,main,-0.0113396344434129,2.93640191597,0,middle,low
USA,21093,21,0.897485361148,0.889456500496,0.90897663004907,0.88615561753914,0.866785205707807,0.957109527262054,0.902528742189693,main,0.00346240824906996,4.24307612161,0.543981643977,high,high
USA,21095,21,0.823473580914,0.85121328817,0.88177270458793,0.867017170897178,0.829496483341511,0.941410558090691,0.878092843158386,main,0.03055941641793,3.19640719809,0,middle,low
USA,21097,21,0.849537217001,0.877447641896,0.892991860492691,0.877408169418381,0.847227733262018,0.945200575093532,0.889014009501963,main,0.015544218596691,3.22981687226,0.322652708875,middle,middle
USA,21099,21,0.841530000241,0.854498523786,0.868531807943595,0.857061315522394,0.815631335272092,0.928881821088932,0.865941897608212,main,0.014033284157595,2.91072544463,0,middle,low
USA,21101,21,0.881550192292,0.892698287964,0.906208478083038,0.887204537407475,0.862087113050975,0.956543093734016,0.901072666690936,main,0.013510190119038,3.75148873331,0.551498159708,high,high
USA,21103,21,0.856444213382,0.870411382774,0.873625873339118,0.858274619564278,0.822327940319103,0.932147674293728,0.86973179232348,main,0.00321449056511802,3.09524540762,0,middle,low
USA,21105,21,0.875401092003,0.884207730018,0.895254550970158,0.89411508616549,0.840402812994477,0.957830610137588,0.896168918510252,main,0.011046820952158,2.16173137723,0,low,low
USA,21107,21,0.865952416909,0.882778987944,0.906523178471921,0.888785310588639,0.858953772634953,0.960791394285489,0.901845040654386,main,0.023744190527921,3.54742542749,0.369608457573,high,middle
USA,21109,21,0.836775810418,0.850661180657,0.864582544118985,0.854870711428322,0.815251846848187,0.920860079619439,0.862571871842554,main,0.013921363461985,2.7846651864,0,middle,low
USA,21111,21,0.910498808459,0.9304138875,0.935155141849685,0.907312968742885,0.900063984801891,0.975187899255656,0.926914342294533,main,0.00474125434968498,6.70917220982,0.963341175483,high,high
USA,21113,21,0.911758435091,0.895331970441,0.915508338789831,0.891677118455156,0.873988297631111,0.962875307423242,0.908715138522458,main,-0.012676560951169,4.77669454494,0.69259517827,high,high
USA,21115,21,0.862193524993,0.869539857528,0.895049634223465,0.872659610795129,0.84373935647379,0.953585518314949,0.88880047248652,main,0.0255097766954649,3.57226084682,0,high,low
USA,21117,21,0.908440475749,0.910177115957,0.915259555043495,0.886681470812412,0.878281164927751,0.957445309099729,0.906786528146417,main,0.00508243908649497,6.03199813922,0.890966040225,high,high
USA,21119,21,0.847339099677,0.86108196349,0.876582054669753,0.86649038226684,0.830672586648048,0.928956577215331,0.874439323608466,main,0.015500091179753,2.92381231749,0,middle,low
USA,21121,21,0.842713358734,0.856966410315,0.88841458158137,0.870414966257875,0.838587643938404,0.94525823892292,0.883639443412941,main,0.03144817126637,3.49976108331,0.121252090789,middle,middle
USA,21123,21,0.860899636316,0.862916279665,0.871676981231401,0.854210161147044,0.822566288318049,0.927703530961911,0.867058266495785,main,0.00876070156640107,3.11325661625,0,middle,low
USA,21125,21,0.861256053355,0.871872490587,0.903332437801582,0.882277265987524,0.85672932102794,0.956498289973978,0.897520352857923,main,0.031459947214582,4.01831531793,0.202957490017,high,middle
USA,21127,21,0.825773433992,0.856286713383,0.880500107658121,0.865333648724376,0.827216330633665,0.941287402770351,0.876681104142218,main,0.024213394275121,2.76753912444,0,middle,low
USA,21129,21,0.813117855689,0.863414858805,0.885886618799107,0.873060827866577,0.839670231166904,0.9386112819312,0.882835272432773,main,0.022471759994107,2.7503754346,0,middle,low
USA,21131,21,0.812519009819,0.857363232193,0.875781622559839,0.867125006543408,0.826720934032334,0.931751126196225,0.874138383705199,main,0.018418390366839,2.454150839,0,middle,low
USA,21133,21,0.83539952558,0.862544381032,0.882761381152177,0.866691180473309,0.832101380892873,0.940555414498096,0.878634669703776,main,0.0202170001201769,3.3644236926,0,middle,low
USA,21135,21,0.839980019319,0.851856870251,0.868810446434904,0.862663344859994,0.81805622826768,0.926711965625361,0.868006725834674,main,0.016953576183904,2.49445021205,0,middle,low
USA,21137,21,0.845078155121,0.859176552636,0.873066313405861,0.858343195752951,0.820037678756721,0.933562536530893,0.869386176651159,main,0.013889760769861,3.41594436241,0,middle,low
USA,21139,21,0.870575009839,0.866968763291,0.872231926423812,0.864526422057115,0.82024723833404,0.931537192542238,0.870912282900397,main,-0.00194932996318808,2.5414257474,0,middle,low
USA,21141,21,0.867018504124,0.875781511115,0.888122361647179,0.876725003302904,0.837247268604497,0.946161777532212,0.885579409964635,main,0.0123408505321789,2.99229989414,0.200390364071,middle,middle
USA,21143,21,0.879295237975,0.901331096532,0.902443846980381,0.894199815832721,0.854705018011521,0.95690534439845,0.90096226815285,main,0.00111275044838099,2.78776225571,0,middle,low
USA,21145,21,0.899793697674,0.902307893204,0.920964550750191,0.89745406769306,0.874969272580378,0.973436967384513,0.914332777767205,main,0.0186566575461911,4.63914439986,0.536354545619,high,high
USA,21147,21,0.822560382593,0.856309647096,0.873972071905326,0.862567720398516,0.82631106412705,0.928344789211657,0.871395590332007,main,0.017662424809326,2.89282264725,0,middle,low
USA,21149,21,0.871922220821,0.863081775105,0.876126697444757,0.865930818192625,0.821858927637208,0.938036552987844,0.873977150604841,main,-0.00463596909224306,2.73882751123,0,middle,low
USA,21151,21,0.912173967881,0.893840026762,0.916161974768471,0.890566857190822,0.880704533789923,0.956612596872423,0.908679963793216,main,-0.014345934231529,4.36297633901,0.52906263194,high,high
USA,21153,21,0.827578439659,0.848895232488,0.871861869401665,0.858690075541759,0.821863206266976,0.928901434930031,0.868697433546766,main,0.022966636913665,2.87882375858,0,middle,low
USA,21155,21,0.866584080951,0.866903902248,0.878840176633073,0.860459451191739,0.826194563027063,0.938899440997237,0.873931260074821,main,0.0119362743850731,3.18065681361,0,middle,low
USA,21157,21,0.899784858689,0.890448488619,0.896034948882929,0.878300916540373,0.843315144602366,0.95617885158695,0.89136885707332,main,-0.00558646026392906,3.73765521132,0,high,low
USA,21159,21,0.829596670303,0.866073157124,0.887213463412838,0.871683013726692,0.843935879323126,0.936585475359331,0.883225943797977,main,0.021140306288838,3.13894688555,0,middle,low
USA,21161,21,0.87153645096,0.87849250204,0.904897731224036,0.887385349680432,0.856541846575292,0.960063179221595,0.900299242069763,main,0.0264052291840361,3.39017418989,0.267099564281,middle,middle
USA,21163,21,0.883879430601,0.879057556754,0.88585034846918,0.865399905044855,0.841245935200033,0.936736036085788,0.88020875358007,main,-0.00285095597882012,3.62806021069,0.0844076552211,high,middle
USA,21165,21,0.840281386658,0.847740075495,0.865819046029293,0.858659992821335,0.815441224327466,0.923291163921664,0.864670927317491,main,0.0180789705342931,2.55749776113,0,middle,low
USA,21167,21,0.871988168886,0.880879257372,0.894146734837697,0.876391715971489,0.846816306339091,0.948142320090832,0.889447535037732,main,0.013267477465697,3.54216536901,0.298257850379,high,middle
USA,21169,21,0.838845852311,0.848420206373,0.866096903073473,0.860249629829918,0.812821605841456,0.92687452425352,0.865393362139987,main,0.017676696700473,2.67959947801,0,middle,low
USA,21171,21,0.853579053669,0.858792480968,0.890501750210218,0.87590669775696,0.837568698734459,0.950888929966093,0.886889185272612,main,0.0317092692422181,2.61475815128,0,middle,low
USA,21173,21,0.860405416308,0.878353903119,0.90507746231083,0.879301520893856,0.859299364064994,0.957302115350518,0.897657046582938,main,0.02672355919183,4.02460689691,0.44000346264,high,high
USA,21175,21,0.842462040025,0.862853164582,0.889594467298845,0.872853761231386,0.848807166027497,0.936125510285436,0.885173088513267,main,0.0267413027168449,2.72030562335,0,middle,low
USA,21177,21,0.859940580142,0.876345574654,0.893288400732961,0.873730119705638,0.845647584773523,0.947638082771918,0.887979776907509,main,0.016942826078961,3.29949197692,0,middle,low
USA,21179,21,0.889647611599,0.885697123614,0.897772231955593,0.874386497932601,0.851110965121601,0.951004422985268,0.891163495705719,main,0.00417413237159303,3.77042938048,0.233266604792,high,middle
USA,21181,21,0.837680876716,0.848045893798,0.857913260604087,0.85047036344425,0.805935468759758,0.917210659335283,0.856662025194989,main,0.00986736680608702,2.73478967394,0,middle,low
USA,21183,21,0.867663936802,0.856946797237,0.873775342218956,0.858724857599595,0.818364090391825,0.936989706992834,0.869985083462781,main,-0.0046057341480441,2.83170950667,0,middle,low
USA,21185,21,0.941172551196,0.898517063922,0.899644427674773,0.872857537635098,0.859069136880789,0.945933604484188,0.891820352273966,main,-0.001127363752773,4.9348367788,0.544577568234,high,high
USA,21187,21,0.867588020336,0.864541159911,0.87063443150256,0.863884315563175,0.820334971479826,0.928017152682113,0.869629518537377,main,-4.49258440005096e-07,2.57415489289,0,middle,low
USA,21189,21,0.808758740418,0.852375483679,0.87719897015924,0.869373179171434,0.827693389629997,0.933676016295668,0.875838386867654,main,0.02482348648024,2.33236469865,0,low,low
USA,21191,21,0.861423659667,0.865892435513,0.866477047056287,0.85173618167124,0.818037399283728,0.921738053852624,0.862770441582832,main,0.000584611543287039,3.09482271673,0,middle,low
USA,21193,21,0.836558364146,0.867927105105,0.896885030418828,0.873665316982805,0.847210024705625,0.953555360500802,0.890349866117855,main,0.028957925313828,3.51422976148,0,high,low
USA,21195,21,0.858087708143,0.877579760988,0.9005564561429,0.879964414650773,0.852804659374149,0.955032747509953,0.894906465880489,main,0.0229766951549001,3.4821775638,0,middle,low
USA,21197,21,0.837854759641,0.851176190349,0.877842530429173,0.861401626369352,0.826405500882338,0.936523015735702,0.873586231543082,main,0.026666340080173,3.33061064655,0,middle,low
USA,21199,21,0.862487212652,0.87532718678,0.905227906447626,0.887093629813734,0.85702326816605,0.960220809290372,0.900418471634692,main,0.029900719667626,3.6791882466,0.283006343025,high,middle
USA,21201,21,0.859816188434,0.829628683757,0.833490720111248,0.834068062811952,0.773087415648944,0.902400127423323,0.83485249216836,main,-0.00386203635424798,2.29105995439,0,low,low
USA,21203,21,0.851733068422,0.856804343485,0.873090940779381,0.860326102685964,0.82377900226295,0.929347075883668,0.870062768424761,main,0.016286597294381,3.09749421416,0,middle,low
USA,21205,21,0.887632869034,0.884149246267,0.914352561251348,0.892042304308121,0.878529279352962,0.955220542656764,0.907991497049203,main,0.0232360694503481,3.52566894175,0.289311189501,high,middle
USA,21207,21,0.850421952455,0.859774381055,0.888486755977342,0.869260574887799,0.835079487334141,0.949414933021968,0.883306213955517,main,0.0287123749223419,3.35269079154,0,middle,low
USA,21209,21,0.909913993265,0.891156348888,0.90107061476662,0.873874435351881,0.860100378516067,0.94781035396786,0.893113266785316,main,-0.00991426587861999,4.30253393492,0.58030568352,high,high
USA,21211,21,0.907352824073,0.895762062936,0.906716625063591,0.88753169552947,0.863338549433324,0.956203279951577,0.901512482933494,main,-0.0109545621275909,3.85876062899,0.443004023456,high,high
USA,21213,21,0.874824088977,0.886967053256,0.905926094404206,0.886777934339909,0.859095464125767,0.959351498945641,0.900764691442902,main,0.018959041148206,3.4096601193,0.488573445645,middle,high
USA,21215,21,0.906576631188,0.877970457176,0.874122709672884,0.853232203455914,0.829599978904612,0.92491521211075,0.868318987388144,main,0.00384774750311601,3.71672198822,0,high,low
USA,21217,21,0.886742089508,0.886477719066,0.916861632889797,0.894385115454029,0.870659527443408,0.969570002592774,0.910578440439402,main,0.029855172939797,3.62614143295,0.40502427118,high,middle
USA,21219,21,0.849700412139,0.860190412667,0.86818470705061,0.860040094630415,0.812126570834966,0.932137051645436,0.866710510195576,main,0.00799429438360999,2.64633264738,0.00010350263424,middle,middle
USA,21221,21,0.876914610487,0.875379158722,0.87678830945245,0.868806481498625,0.821532678412652,0.939825138637571,0.875383421845243,main,-0.00140915073045,2.65025128558,0,middle,low
USA,21223,21,0.865160352702,0.862439525382,0.862680758029637,0.849007516474517,0.815143665219806,0.916912110437001,0.859325700237988,main,-0.00024123264763698,3.18298010477,0,middle,low
USA,21225,21,0.857887821705,0.892456678182,0.895351677313082,0.879953926598561,0.8527121199663,0.943995814433918,0.891409954016667,main,0.00289499913108193,2.88171112654,0,middle,low
USA,21227,21,0.917717443928,0.90173092038,0.917489942591613,0.891197942214185,0.880178731416912,0.960055386171754,0.909802469266021,main,-0.015759022211613,4.48048352268,0.58128047002,high,high
USA,21229,21,0.88256053449,0.865216305895,0.878283054018286,0.867369041393963,0.824382432454853,0.939774058835854,0.875894970806264,main,-0.013066748123286,2.81441727577,0,middle,low
USA,21231,21,0.8608108698,0.862941069012,0.885995855470655,0.871210696102568,0.834561701958364,0.944673059734242,0.882309712587561,main,0.023054786458655,2.93928199161,0,middle,low
USA,21233,21,0.852703783701,0.863227325682,0.871551312959517,0.862579032352222,0.819695618262201,0.930709420602088,0.869804947215357,main,0.00832398727751704,2.81859288299,0,middle,low
USA,21235,21,0.857361317102,0.856567147123,0.886045495547164,0.867855170982941,0.833982290575859,0.945440335436736,0.88120997302312,main,0.027890008466164,3.4833685239,0.129740608653,middle,middle
USA,21237,21,0.802009850017,0.848150351362,0.871188990990577,0.863275834353082,0.81758179693465,0.932345247307027,0.869799565237925,main,0.023038639628577,2.64065118634,0,middle,low
USA,21239,21,0.914019586905,0.892379408675,0.909320334335468,0.890554299359774,0.86754711500357,0.956976134151435,0.904242385998428,main,-0.016940925660468,3.9728155947,0.590081166235,high,high
USA,22001,22,0.861608623737,0.876428767185,0.892118954247346,0.873050578605003,0.844898719129327,0.945536765521478,0.886830917555348,main,0.015690187062346,3.73199756565,0.435340238674,high,high
USA,22003,22,0.854371110846,0.875805535093,0.889507385288386,0.876640779452786,0.846201550295054,0.93849703802859,0.886290574544008,main,0.0137018501953861,2.56288742524,0.244490345666,middle,middle
USA,22005,22,0.912566123051,0.876398334258,0.911369619616346,0.887409707791215,0.870316698337236,0.957810667520034,0.904399653047743,main,-0.034971285358346,5.11103953,0.742619689444,high,high
USA,22007,22,0.87493162603,0.872528476468,0.878477028917922,0.857564258842107,0.82877637312732,0.934700811891207,0.87255380757059,main,0.0011422533259221,3.23505905071,0,middle,low
USA,22009,22,0.850631154561,0.854794046156,0.881719642265872,0.867429359553231,0.829650242031783,0.940623063392644,0.87804126802635,main,0.026925596109872,2.93941355983,0,middle,low
USA,22011,22,0.865824356891,0.872570067816,0.885398089482928,0.875614425559071,0.836907363294038,0.940253141636519,0.883239256144709,main,0.012828021666928,2.49558353234,0.220105786691,middle,middle
USA,22013,22,0.860953148025,0.860010218166,0.8670582179088,0.867878209249215,0.810644482966955,0.930876160340908,0.868414449918883,main,0.00516214002479998,1.95280525498,0,low,low
USA,22015,22,0.891874724439,0.881779211021,0.908654059580015,0.890586345225977,0.866079483063875,0.956816477402186,0.903692773601724,main,0.00668382172301507,4.04809144261,0.608669105211,high,high
USA,22017,22,0.880937762051,0.894290304255,0.914750548570756,0.899685473286765,0.872269351346008,0.962807331227156,0.910808139942864,main,0.020460244315756,4.75913708888,0.745655761488,high,high
USA,22019,22,0.886765453061,0.894459008236,0.911563575617931,0.891545836546982,0.868648730578108,0.960110921633179,0.905947627180966,main,0.017104567381931,4.18771388879,0.612223839968,high,high
USA,22021,22,0.850813329586,0.858662786953,0.873309160309559,0.865758375879783,0.819365535338008,0.934332795007075,0.871883908465561,main,0.0146463733565589,2.03533058967,0,low,low
USA,22023,22,0.890483963586,0.873534165993,0.87119180350379,0.876790239273457,0.822943959982325,0.925772095049817,0.874158164504405,main,0.00234236248921005,0.978486877377,0,low,low
USA,22025,22,0.84004745041,0.856783479881,0.878687237400358,0.87106723342529,0.829387868753292,0.93445706496985,0.877249042096713,main,0.021903757519358,1.80882187528,0,low,low
USA,22027,22,0.846346599457,0.874912378228,0.885481120982514,0.878079477231484,0.840340534413368,0.936546333345975,0.884109659886777,main,0.0105687427545139,2.20662743464,0,low,low
USA,22029,22,0.852005319543,0.857411697089,0.890352057002351,0.872754249796156,0.841561151191053,0.945546686847117,0.88556452248443,main,0.032940359913351,2.45371156505,0.159402959839,middle,middle
USA,22031,22,0.870249597857,0.860606933472,0.880069555940612,0.864193782124132,0.826485178327471,0.940686792670301,0.875851378400648,main,0.00017729369861208,2.47474281004,0,middle,low
USA,22033,22,0.915875023917,0.906189091271,0.928377028174097,0.901150583854617,0.893805216379217,0.967486331913226,0.920227124957483,main,0.00281607161109687,6.11798574439,0.887943462334,high,high
USA,22035,22,0.808924637525,0.862130149595,0.877432477203827,0.856687187585132,0.838212866013726,0.921799596163769,0.87150731353456,main,0.015302327608827,1.96085377686,0,low,low
USA,22037,22,0.848343056438,0.873194373316,0.886445727631179,0.868415705680632,0.844667520967666,0.933707253401761,0.881471074822721,main,0.013251354315179,2.80285572628,0,middle,low
USA,22039,22,0.833422488569,0.869495851564,0.884467555184104,0.869858334624675,0.835460387789565,0.939906830579882,0.880683242395542,main,0.014971703620104,2.9354856597,0.203476485943,middle,middle
USA,22041,22,0.836712269765,0.851655646315,0.877650911652145,0.868153024778471,0.819960005912595,0.942913651393419,0.875562109012297,main,0.025995265337145,2.53612796471,0,middle,low
USA,22043,22,0.845292355208,0.871590019047,0.877427858224669,0.865153418270631,0.832634995290509,0.928099708812978,0.87440803864402,main,0.005837839177669,2.63550433022,0,middle,low
USA,22045,22,0.861952147151,0.872283337766,0.901432761776118,0.881617499640324,0.855438671939704,0.953463498270047,0.89589624788517,main,0.029149424010118,3.82735269155,0.543521201475,high,high
USA,22047,22,0.865598444305,0.874750461087,0.899549048148965,0.879860906854325,0.859029912095194,0.945386252417464,0.894013061180002,main,0.0247985870619649,2.99757383388,0.299359362184,middle,middle
USA,22049,22,0.862048071705,0.869877729945,0.882467504889286,0.865426401856852,0.830092076978112,0.941717119309215,0.877860735940074,main,0.012589774944286,2.42111204376,0,middle,low
USA,22051,22,0.900967221457,0.911881411992,0.93310809959249,0.9125296190153,0.89494456243841,0.976280536581734,0.927269364302776,main,0.02122668760049,6.48547366881,0.979114138078,high,high
USA,22053,22,0.868454006647,0.87273015338,0.889758763412165,0.877930482349127,0.839019085537677,0.947157938364078,0.886920699038258,main,0.0170286100321649,2.8971854276,0.278419032841,middle,middle
USA,22055,22,0.922880434055,0.89580099601,0.925756421937157,0.893794825030951,0.889863685110602,0.966360019888778,0.916009739264229,main,-0.024203450162843,6.11444911787,0.848974935382,high,high
USA,22057,22,0.885158937462,0.877841959719,0.903242268886575,0.893627035024604,0.861278614942248,0.950713581580562,0.901121227594965,main,0.010766353681575,3.53752633039,0.556186133278,high,high
USA,22059,22,0.845800653735,0.86552562501,0.883190874809532,0.868247799147737,0.834293199133712,0.93850628788332,0.879292145505012,main,0.017665249799532,2.25332483833,0,low,low
USA,22061,22,0.914871436352,0.894543784012,0.915068519610779,0.890613271651506,0.880251428374595,0.954455295303875,0.907856409934356,main,-0.020130569081221,3.61134182143,0.384934625063,high,middle
USA,22063,22,0.889367979296,0.876203958356,0.896432007321826,0.873007455670789,0.85273015905521,0.945869649409,0.889652264898454,main,-0.00609999291417396,4.56583552211,0.512308864437,high,high
USA,22065,22,0.813597294652,0.855132368301,0.892948066905292,0.88737670676416,0.852860131579064,0.938297476078584,0.892158728007107,main,0.037815698604292,2.02184492074,0.576378683568,low,high
USA,22067,22,0.81924290159,0.866800906837,0.891149265421934,0.88345325465113,0.842182356113079,0.946542998926235,0.889699514844925,main,0.024348358584934,2.56464982612,0.43222190781,middle,high
USA,22069,22,0.88252100673,0.872836410146,0.895906963101417,0.886433271128884,0.849982007823134,0.947859491243152,0.893853986609318,main,0.00370135978741704,2.49999740343,0.426095655122,middle,high
USA,22071,22,0.917382734542,0.921484795216,0.935866777699086,0.904913830667285,0.906313052200513,0.969299379785556,0.926362853404546,main,0.014381982483086,6.71825231571,0.989861718655,high,high
USA,22073,22,0.882333324942,0.884061408446,0.911865742670901,0.888908725652876,0.868713041741938,0.960682162759263,0.905255306565668,main,0.027804334224901,4.51106182078,0.619909126316,high,high
USA,22075,22,0.891691729096,0.870830045753,0.883286858609545,0.875190387037693,0.838695718479658,0.933730510616007,0.881676986369581,main,-0.012456812856545,2.52674330686,0.54123519064,middle,high
USA,22077,22,0.878663027989,0.859983344941,0.886249115935016,0.873486913414418,0.831838929284616,0.947800547744221,0.883088440052565,main,-0.0110935951019839,2.73656832856,0,middle,low
USA,22079,22,0.874607958226,0.879991997581,0.906516904887411,0.888759511065095,0.860761590064875,0.95827752754992,0.901680784711359,main,0.026524907306411,3.60010671892,0.498648563895,high,high
USA,22081,22,0.858563153762,0.851467236422,0.860350592713151,0.853376149384885,0.80282308150285,0.925428492669004,0.85908157737166,main,-0.00530847838884907,2.20672683791,0,low,low
USA,22083,22,0.845335437165,0.855224160851,0.884882078546501,0.868793630792575,0.833722137846265,0.942756675110679,0.880601037207901,main,0.0296579176955011,2.6456125542,0,middle,low
USA,22085,22,0.861572994082,0.865483055767,0.878358551622678,0.870031801129574,0.821344419494241,0.942855692358706,0.876668136165092,main,0.0128754958556779,2.39458423427,0,middle,low
USA,22087,22,0.856727430819,0.875490163022,0.904682657942297,0.889306098261932,0.86319360936324,0.951617074117909,0.900617892532576,main,0.029192494920297,3.56766939328,0.789543181025,high,high
USA,22089,22,0.905027699695,0.882605721868,0.902184495330175,0.880843884330994,0.864461376872758,0.944858709412202,0.896060093228415,main,-0.019578773462175,4.50385213115,0.720944718524,high,high
USA,22091,22,0.871877153478,0.861498194216,0.870987480416318,0.862777698451213,0.820344349035542,0.928277437310181,0.869342607387292,main,-0.00948928620031797,2.38482896848,0,low,low
USA,22093,22,0.884590397682,0.870317577692,0.891381497623098,0.872047658409325,0.845720699059529,0.943035198927184,0.885995863971929,main,-0.00748172004890191,3.51223339615,0.33041184624,high,middle
USA,22095,22,0.870358893493,0.884483811439,0.909432220989536,0.893161112163196,0.869758250196541,0.954313333483338,0.905051136746125,main,0.024948409550536,4.39277393637,0.787653442673,high,high
USA,22097,22,0.84035928149,0.860475572739,0.892066319875075,0.880444127849764,0.839377837173679,0.951670076998035,0.889300570932541,main,0.031590747136075,3.47522580955,0.331492158217,middle,middle
USA,22099,22,0.871525424638,0.863447355198,0.889104430130722,0.878317997253248,0.841983473386116,0.942409932912504,0.886608181550291,main,0.00950093605272206,3.38006353924,0.289261782407,middle,middle
USA,22101,22,0.858025083667,0.877373161559,0.903378400691575,0.889509989348152,0.859240386168921,0.953309455119687,0.899842436441106,main,0.026005239132575,3.58089756406,0.556934276648,high,high
USA,22103,22,0.920971543617,0.901327147088,0.914272375778295,0.89475839296149,0.870657227148771,0.96361193904735,0.908835021766845,main,-0.012945228690295,4.6543364813,0.599827376937,high,high
USA,22105,22,0.87993864114,0.879093071336,0.901332339792565,0.878983363029064,0.854848670315941,0.953916912428118,0.894939096957724,main,0.0205481288485651,4.0658024721,0.292567989756,high,middle
USA,22107,22,0.837399624361,0.840380536898,0.858939081330275,0.870575825544702,0.793967251183323,0.932438354517935,0.863793186425843,main,0.018558544432275,1.34824348274,0,low,low
USA,22109,22,0.869640923701,0.878673895241,0.908008481947888,0.89016487616054,0.864762144944465,0.956930827687432,0.9031278257102,main,0.0293345867068879,3.51808336706,0.59406463704,high,high
USA,22111,22,0.87446004672,0.873280109955,0.880046949888713,0.873621743276501,0.826118738155396,0.941053148386493,0.879009063600775,main,0.00440696640371308,2.31482227684,0,low,low
USA,22113,22,0.87641910732,0.867911498393,0.887689989290178,0.880013706718215,0.837822338743814,0.944102684799047,0.886244463277165,main,0.00276327304317803,2.93530854618,0.240710357042,middle,middle
USA,22115,22,0.860526476064,0.871036287669,0.886763220204962,0.871844013582309,0.842581775777857,0.936743404639179,0.882857271733854,main,0.015726932535962,2.70038417682,0.328063735429,middle,middle
USA,22117,22,0.833175768427,0.864925761914,0.882418279456412,0.865937797612207,0.831023042460487,0.940559054557932,0.878001538922227,main,0.0174925175424121,3.27372451523,0.117594466795,middle,middle
USA,22119,22,0.850483171197,0.874116069659,0.898475112424529,0.879180451441425,0.848758925047334,0.954716465478931,0.893125035205542,main,0.024359042765529,3.23361770654,0.262947756943,middle,middle
USA,22121,22,0.894355528742,0.873852174223,0.907027668230627,0.876578033669547,0.867414033238343,0.951840525951716,0.897829228609901,main,-0.00783121503037298,4.03365570021,0.609815930796,high,high
USA,22123,22,0.848587194317,0.846406302231,0.878339231840536,0.867318525622384,0.823263729781512,0.940643300582758,0.875751434336271,main,0.0275711454375359,2.4978251645,0,middle,low
USA,22125,22,0.895731276662,0.8871239739,0.895634481969264,0.876006708196412,0.860483464818365,0.935399010789748,0.890052496102299,main,-0.00851050806926401,2.69501290484,0,middle,low
USA,22127,22,0.854667218517,0.883188516723,0.888778761156424,0.879712937809785,0.841271184102601,0.942521627510429,0.886862120255145,main,0.00559024443342393,1.87245934251,0,low,low
USA,23001,23,0.901287288248,0.922239650106,0.914771629264111,0.890533162839227,0.87161088372926,0.963549916814009,0.907713901382613,main,-0.00746802084188891,4.53127341716,0.504710663501,high,high
USA,23003,23,0.897486156591,0.919566941185,0.901035127127047,0.903722147912504,0.851551376695478,0.956959383709904,0.903052700213844,main,-0.018531814057953,1.65074429682,0.118466399748,low,middle
USA,23005,23,0.952333411574,0.943944432111,0.9305671549071,0.900651259290507,0.892587040874914,0.973490531240901,0.921537451652174,main,0.0133772772039,4.9161184511,0.486216003336,high,high
USA,23007,23,0.911860608241,0.911237154567,0.900560959691027,0.885278453963164,0.852446293093926,0.954937940754657,0.896548985012572,main,0.010676194875973,2.11062867019,0,low,low
USA,23009,23,0.937922291096,0.919896758612,0.907743393216502,0.897534065582374,0.857087810917955,0.964992000226101,0.905454554588274,main,0.0121533653954981,2.69035803307,0,middle,low
USA,23011,23,0.915999844601,0.930191007569,0.917928589048693,0.895917782251394,0.874441906638224,0.967075235449786,0.911632487882555,main,-0.012262418520307,4.04860293566,0.317744333519,high,middle
USA,23013,23,0.91491720273,0.926507541228,0.913998325062558,0.89111563302012,0.864101093545793,0.970389878931878,0.907433814118821,main,-0.010671460830558,3.78331239755,0.154305881095,high,middle
USA,23015,23,0.915253005445,0.926025675208,0.906516334972292,0.892770524179943,0.853291224319742,0.966668904630497,0.903035777365881,main,-0.00203599929029208,3.43574318411,0,middle,low
USA,23017,23,0.891812820807,0.908663440429,0.896845091428888,0.889755875893201,0.84828754865081,0.951722590762928,0.895587682286091,main,-0.011818349000112,2.50018990561,0,middle,low
USA,23019,23,0.920946913388,0.931882746889,0.918342361099571,0.908945190573437,0.879401814807241,0.962351173756979,0.916261723899646,main,-0.00833128121257087,2.95635246295,0.345016616756,middle,middle
USA,23021,23,0.886400998623,0.913741536044,0.899642342028926,0.908077471810118,0.848157948886189,0.957827632897465,0.90357110314113,main,-0.014099194015074,1.01393396953,0,low,low
USA,23023,23,0.933805077123,0.925626108119,0.914591025513108,0.89350122458673,0.868734291718852,0.966416194874679,0.908619609433706,main,0.011035082605892,4.02302156743,0.329637411807,high,middle
USA,23025,23,0.880829366553,0.911684493679,0.896006858532043,0.89553533305109,0.84754993077066,0.950770647406374,0.896963136208853,main,-0.015677635146957,1.83973473102,0.0432278711494,low,middle
USA,23027,23,0.911292555352,0.914593736563,0.898022327686734,0.882689339939198,0.848049885755324,0.954498880904115,0.893994612804128,main,0.00996904645426611,3.11008613611,0,middle,low
USA,23029,23,0.887269025604,0.896091760153,0.894358971731264,0.89502711630399,0.841209008058766,0.954426613732265,0.895696511843013,main,-0.00173278842173596,1.79275469065,0,low,low
USA,23031,23,0.923768290277,0.933099862957,0.914260823001985,0.892022744039178,0.870841069242848,0.963331829722634,0.907883758245756,main,0.000175894595015103,4.39263944963,0.290779524718,high,middle
USA,24001,24,0.897848780786,0.917578428745,0.924496046653642,0.902305767489131,0.887081144544095,0.966837285925306,0.918100359303715,main,0.00691761790864209,4.25333818594,0.541445684345,high,high
USA,24003,24,0.940732707512,0.922796820713,0.931432876932505,0.904061648888221,0.896435784834661,0.971037958511728,0.923246803712155,main,-0.00863605621950503,6.27603673312,0.877401572049,high,high
USA,24005,24,0.934119918946,0.926019107613,0.932939706728313,0.907977400500769,0.896632925773547,0.974026920990925,0.925593353657232,main,-0.00692059911531295,6.31301594349,0.888409153993,high,high
USA,24009,24,0.934007290899,0.91401097204,0.902472290763226,0.870202942955067,0.859456838920053,0.951151491728067,0.892684726591006,main,0.011538681276774,5.15189809179,0.312347243449,high,middle
USA,24011,24,0.883207791315,0.884197266253,0.885543822078558,0.859005687818396,0.833850778367466,0.944043174182795,0.877725558587104,main,0.00134655582555798,3.75606312233,0,high,low
USA,24013,24,0.937538825896,0.925226790749,0.915276352747115,0.887616675589109,0.874676993364765,0.961221339716511,0.907052002919682,main,0.009950438001885,5.02090322568,0.486573386482,high,high
USA,24015,24,0.897217510855,0.901683571122,0.902515125236716,0.870574656810904,0.859291031801227,0.951430439169498,0.892841661694481,main,0.000831554114715916,4.79868358601,0.348620581927,high,middle
USA,24017,24,0.92387985225,0.903410786315,0.915725270541761,0.887467812624365,0.878026407942938,0.958387858750405,0.907264317892645,main,-0.012314484226761,4.8981589458,0.622661110669,high,high
USA,24019,24,0.88551841268,0.901169967588,0.903764797024497,0.890959461895289,0.855435128402742,0.958457925902462,0.900615380235944,main,0.00259482943649691,3.21861579739,0.387550409792,middle,middle
USA,24021,24,0.950043514354,0.92418044925,0.918349553533084,0.891990933120803,0.879540015449648,0.962269057403554,0.910550815958602,main,0.00583089571691597,4.99020583117,0.632565155544,high,high
USA,24023,24,0.901542603841,0.898423395028,0.902102274434734,0.888077715196306,0.852379956585712,0.958371419574365,0.89854400643186,main,-0.00255953821926613,2.95336887826,0,middle,low
USA,24025,24,0.934237574419,0.914884837478,0.921824699172566,0.892484231214566,0.883282551048809,0.965441606440527,0.913009727398071,main,-0.00693986169456606,5.42707676793,0.690245036453,high,high
USA,24027,24,0.981203616042,0.925513705323,0.925943275371534,0.89761333706657,0.8888926107931,0.967872318764363,0.917456652326827,main,-0.000429570048533945,6.17782251218,0.847222201862,high,high
USA,24029,24,0.933166753159,0.904721137613,0.902421982798855,0.880277795410768,0.851436633751064,0.960120459653374,0.896119513720456,main,0.002299154814145,3.39770126133,0,middle,low
USA,24031,24,0.969208287775,0.940019560926,0.930344001447733,0.902032334760027,0.894223082954344,0.971220881150983,0.921853688546429,main,0.00967555947826704,6.73722181842,0.950226237452,high,high
USA,24033,24,0.939850970511,0.922967617284,0.929728124949559,0.900066148177412,0.897731170920991,0.965938046935225,0.920711007193477,main,-0.00676050766555902,6.62294971671,0.950321447097,high,high
USA,24035,24,0.937867827438,0.906710548397,0.899280135766734,0.874992501734807,0.850752321125918,0.954197500110537,0.892240466261264,main,0.007430412630266,3.98672087136,0.144032750198,high,middle
USA,24037,24,0.929527043515,0.905963850719,0.898736329001109,0.865955287613838,0.854557573400457,0.948732003348584,0.888778312966198,main,0.00722752171789098,4.81173847696,0.274146232395,high,middle
USA,24039,24,0.882641330299,0.902114357067,0.895336091983595,0.874224909978715,0.857885710244015,0.937717482409472,0.889286176044248,main,-0.00677826508340507,3.52623661763,0.221404551175,high,middle
USA,24041,24,0.94974872662,0.918866481457,0.919357761736595,0.903257731177247,0.866317447195954,0.979381776831814,0.915124654267941,main,-0.000491280279594997,4.05846498318,0.403797141758,high,middle
USA,24043,24,0.895236637178,0.925517478635,0.919431486842492,0.894559704425257,0.878388978815034,0.965877970856046,0.912163780264157,main,-0.00608599179250802,4.87678074405,0.57633771804,high,high
USA,24045,24,0.911174767339,0.916966128202,0.920429937135453,0.892750333850701,0.881293266131917,0.964719646791924,0.912186972207964,main,0.00346380893345299,4.69218771186,0.617550058645,high,high
USA,24047,24,0.928952888484,0.923225520976,0.922160702984719,0.909048644534519,0.872944583190424,0.977857000094671,0.918931309744672,main,0.001064817991281,3.81226136783,0.424292914302,high,high
USA,24510,24,0.882807123486,0.926119235022,0.935133548515604,0.890144530353983,0.904979293989489,0.969258146843046,0.920830177156314,main,0.00901431349360404,8.02041735236,1,high,high
USA,25001,25,0.942908250103,0.94879035185,0.939797623203142,0.927001187364526,0.894068355413361,0.991243693409331,0.936577708965934,main,-0.00277147484714213,5.50308112203,0.604987464828,high,high
USA,25003,25,0.93216425893,0.929947230274,0.925716278838472,0.910491301452967,0.885534540873647,0.970921299873315,0.921626835470695,main,0.00423095143552799,4.16238093097,0.522827484288,high,high
USA,25005,25,0.917465418941,0.937252228756,0.932560147538416,0.903960864225023,0.897010855862034,0.972553601266362,0.92389005303555,main,-0.00469208121758402,6.0785926978,0.790384084077,high,high
USA,25007,25,0.945148800364,0.912429801878,0.927126268765121,0.902092415234247,0.879808553817263,0.980359364392074,0.919760676183912,main,-0.014696466887121,4.32430535264,0.376639291308,high,middle
USA,25009,25,0.937390839172,0.948462253187,0.933550494853686,0.903468797768662,0.897613129571485,0.973980536852887,0.924380717900486,main,-0.00723106969668608,6.42244792683,0.857135164299,high,high
USA,25011,25,0.938723138052,0.928602482397,0.911686186466358,0.894096747757616,0.869750735430031,0.958864159401783,0.906801302365233,main,0.016916295930642,3.8492995192,0.333370140509,high,middle
USA,25013,25,0.911104046693,0.939173237393,0.926813846728889,0.904913043005582,0.890544741662846,0.967617100656349,0.920425641518579,main,-0.012359390664111,5.72159656004,0.834576779658,high,high
USA,25015,25,0.970098903172,0.947318894496,0.934735688379244,0.911078706374366,0.907811406581361,0.96502588453967,0.927605890998148,main,0.012583206116756,4.91545941011,0.593928084976,high,high
USA,25017,25,0.972376305234,0.957712923889,0.941333029065843,0.913373211734172,0.910940614215378,0.975524923747395,0.932807942071106,main,0.0163798948231569,6.60555133069,0.8965735605,high,high
USA,25019,25,0.964221706157,0.910376822698,0.939264037265207,0.90317405530998,0.901493440591665,0.981756490394555,0.928066867828081,main,-0.028887214567207,4.62927268013,0.667439272061,high,high
USA,25021,25,0.967795562613,0.951196273538,0.94111114427012,0.910972790628076,0.906685004509949,0.979841036276516,0.931906814530661,main,0.01008512926788,6.52632328576,0.912642206845,high,high
USA,25023,25,0.941939309927,0.943443335261,0.928231215497931,0.9011949588719,0.889480175819555,0.971826680813954,0.920127367861532,main,0.0122040690950691,5.78679393947,0.736944542197,high,high
USA,25025,25,0.958600574286,0.973888825625,0.965241150249556,0.908041123086726,0.944643770832193,0.98841349213879,0.946463962452402,main,-0.00864767537544398,8.52030298559,0.999162815916,high,high
USA,25027,25,0.937467293588,0.936438821019,0.922542157541377,0.900263072319188,0.886843084283537,0.962704117657631,0.916015909132089,main,0.013896663477623,5.42425354382,0.666149232673,high,high
USA,26001,26,0.884600163747,0.906959050366,0.896713266447121,0.899078926851429,0.83821667444293,0.962473588856485,0.89849220107858,main,-0.010245783918879,2.02104829286,0,low,low
USA,26003,26,0.882839833631,0.904199353535,0.893239202628442,0.888956696317983,0.846034254372366,0.946305757623894,0.892825690788032,main,-0.010960150906558,1.66618262556,0,low,low
USA,26005,26,0.901730526552,0.89090241293,0.891330460958249,0.871446643362825,0.841862612673338,0.946940908347734,0.885662590671224,main,-0.000428048028248917,4.05482048912,0.211574391784,high,middle
USA,26007,26,0.887490957611,0.909682787689,0.915286374164125,0.906985448036599,0.868843833600195,0.967495850585848,0.913545924477628,main,0.00560358647512493,3.08983203521,0.467881260587,middle,high
USA,26009,26,0.914624793379,0.90232806524,0.889900939476822,0.87888533348374,0.83550428881818,0.951052216204969,0.887214070776359,main,0.0124271257631779,3.07207525703,0,middle,low
USA,26011,26,0.869201213151,0.897621997648,0.894585152789114,0.881673846730799,0.841914867167379,0.953795695578177,0.891272483055389,main,-0.003036844858886,2.92209592277,0,middle,low
USA,26013,26,0.872652428995,0.908165621527,0.887964025689929,0.883270679026778,0.839659522774546,0.942266670967316,0.887408574073556,main,-0.0202015958370709,1.62676961386,0,low,low
USA,26015,26,0.908591118754,0.895829964416,0.882615050621955,0.864647922104801,0.832975593926962,0.938418415649692,0.877585354475926,main,0.013214913794045,3.82300144124,0.111760067936,high,middle
USA,26017,26,0.8976115291,0.917634878521,0.917335437577703,0.897690274937642,0.87541515815768,0.964461107564664,0.911748590504049,main,-0.000299440943297036,4.6132711414,0.599351346753,high,high
USA,26019,26,0.922188210161,0.896870567159,0.894420019865181,0.879855741012119,0.840234084923335,0.955334415554648,0.890544714095275,main,0.00245054729381899,3.1906673469,0,middle,low
USA,26021,26,0.913826827823,0.902579151337,0.909899399445644,0.889716533304165,0.864944627073542,0.960436366194359,0.904141049513709,main,-0.00732024810864407,4.73306076287,0.528947017103,high,high
USA,26023,26,0.876050627746,0.902064968502,0.89389888360497,0.878664903552089,0.843878492838279,0.95013048464635,0.889806314956526,main,-0.00816608489702997,3.63059950785,0.28996629569,high,middle
USA,26025,26,0.891585696417,0.907244503634,0.909125649646113,0.891726171444883,0.865827542496887,0.957800237144207,0.904300178793837,main,0.00188114601211298,4.38445997073,0.605025432058,high,high
USA,26027,26,0.902950135912,0.893480959313,0.883215743009703,0.866528438563351,0.834134980594952,0.938391038696333,0.878619832646945,main,0.010265216303297,3.8151346462,0.136765737327,high,middle
USA,26029,26,0.923116978281,0.900762601911,0.893617750257895,0.879990377125725,0.838219684988391,0.95589479081979,0.890051817234485,main,0.00714485165310497,3.28385149468,0,middle,low
USA,26031,26,0.893939761848,0.9118368158,0.902889038566052,0.891424302267823,0.851080227400512,0.961131134544014,0.900076049492718,main,-0.00894777723394802,2.77511033624,0,middle,low
USA,26033,26,0.901830778293,0.913942157183,0.907673123550308,0.899888759672164,0.869246556807792,0.95087125409938,0.906047934964729,main,-0.00626903363269193,2.41554871028,0.401067452139,middle,middle
USA,26035,26,0.855962673224,0.886861357816,0.891215759504547,0.876860934395021,0.837613795747415,0.951473670225082,0.887408885217063,main,0.00435440168854706,3.1583918385,0,middle,low
USA,26037,26,0.945728074542,0.907011955847,0.898488957898996,0.880551151930765,0.853762356659566,0.948769420691927,0.893478466634835,main,0.00852299794800404,4.05536744406,0.393761611925,high,middle
USA,26039,26,0.891889132868,0.890161827929,0.897114954692381,0.886768190663069,0.845065613106669,0.955627448610425,0.894670361949757,main,0.00349851688538105,2.43401075158,0,middle,low
USA,26041,26,0.900720694206,0.907434199616,0.905655379694733,0.899882142123815,0.856222583217659,0.96122642276842,0.904758497610465,main,-0.00177881992126705,2.63174126947,0.324462938337,middle,middle
USA,26043,26,0.916340595536,0.908824093101,0.912888076265654,0.906440305636396,0.867268573360719,0.964172315507634,0.911764107511497,main,-0.00406398316465406,2.70586147885,0.481213448849,middle,high
USA,26045,26,0.925230840178,0.915287153938,0.913787549323947,0.893938398321091,0.871013946964517,0.961872502402316,0.908134281525182,main,0.00149960461405296,4.35514793949,0.491282944337,high,high
USA,26047,26,0.923454193584,0.917584913675,0.915770704777054,0.897659297599105,0.867666949679231,0.969847674664586,0.910729433235118,main,0.00181420889794592,3.40883172494,0.203321055486,middle,middle
USA,26049,26,0.889113653866,0.916494098672,0.918963127222374,0.894125941562915,0.878097050739966,0.964903690134079,0.911608558272777,main,0.00246902855037401,5.5555735079,0.70799724123,high,high
USA,26051,26,0.877693994624,0.894490785754,0.885492962916388,0.874981281227258,0.829489832385311,0.948450201850811,0.882960863205485,main,-0.00899782283761197,3.09284757092,0,middle,low
USA,26053,26,0.900410085891,0.918853560508,0.906284892804849,0.905275311282513,0.860509659392189,0.957744200166974,0.906975005614439,main,-0.012568667703151,1.95099254614,0.301809116858,low,middle
USA,26055,26,0.939822279259,0.920750705389,0.91920323913968,0.894305461538207,0.873067908373521,0.971067358427652,0.911859138007769,main,0.0015474662493199,4.39688950432,0.2913667634,high,middle
USA,26057,26,0.89140243613,0.907926933287,0.902723081206093,0.888101008117454,0.861134845199725,0.949475476764788,0.898819376138445,main,-0.00520385208090701,3.46198987584,0.391409081943,middle,middle
USA,26059,26,0.892081369337,0.897062619225,0.890314916483757,0.87527544316741,0.839678269937672,0.947239295981984,0.886283073015284,main,-0.00321479703475702,3.50392662861,0.16343492182,middle,middle
USA,26061,26,0.923979526683,0.922853265228,0.905857225728193,0.896082692060766,0.865507798275954,0.951216985457484,0.903579196953877,main,0.016996039499807,2.77631749635,0.457872550599,middle,high
USA,26063,26,0.890180816533,0.91191371309,0.892645040590084,0.882584426003593,0.837619228694816,0.954503603748953,0.890280423181276,main,-0.019268672499916,2.82703687929,0,middle,low
USA,26065,26,0.938671146784,0.928996692837,0.92866387820025,0.901567770945596,0.898326344687071,0.962768531421563,0.920417358018785,main,0.000332814636750056,5.3182516327,0.806994517601,high,high
USA,26067,26,0.889514430689,0.893918172379,0.889236661347395,0.871051556355422,0.843893831785832,0.940209871730446,0.884135495886334,main,-0.00412597234839485,3.86541568083,0.288857587303,high,middle
USA,26069,26,0.877262303199,0.907304829482,0.903634169976745,0.891653923732033,0.848932639055882,0.965128185036358,0.900640595225393,main,-0.00367065950525503,3.00123591935,0,middle,low
USA,26071,26,0.88272067919,0.907605807326,0.893812896429597,0.895411264388551,0.837525766762346,0.957089399685564,0.895346373650187,main,-0.013792910896403,1.61767354828,0,low,low
USA,26073,26,0.926704169651,0.914516899606,0.920268672463043,0.89617817117224,0.890899029486743,0.953285248728393,0.913023396538487,main,-0.00575177285704298,3.9779307865,0.500053684642,high,high
USA,26075,26,0.898157914172,0.90968828712,0.90881824036475,0.887830958152719,0.865406887713043,0.957620135463156,0.902778692782294,main,-0.000870046755250042,4.55973121394,0.455069969174,high,high
USA,26077,26,0.940939869666,0.923963899492,0.921458893389858,0.895498958776622,0.884558492210242,0.962941348956373,0.913686396892627,main,0.00250500610214199,5.23477677397,0.696415879533,high,high
USA,26079,26,0.865633905318,0.888321302798,0.888190060291265,0.875032918226069,0.836556684766949,0.946234936158897,0.884788728201354,main,-0.000131242506735019,2.62360502514,0,middle,low
USA,26081,26,0.928518639288,0.918888788139,0.920643022901204,0.893303129147708,0.881608097649735,0.964525054004455,0.912422486094144,main,-0.00175423476220404,5.68189695856,0.748638355754,high,high
USA,26083,26,0.946350212809,0.90434558309,0.86993190267663,0.882036342373898,0.809976876751998,0.937331757946542,0.874884677985889,main,0.03441368041337,0.960966692215,0,low,low
USA,26085,26,0.86758200633,0.883208129024,0.883526411424851,0.879732164252186,0.829871078500484,0.943844318352409,0.883257136920697,main,0.000318282400850967,2.2463934821,0,low,low
USA,26087,26,0.898616272581,0.906240385854,0.897860254640338,0.874565568495008,0.852207804324364,0.949181532490864,0.891036963868308,main,-0.00686809533233812,4.05015447973,0.100155160006,high,middle
USA,26089,26,0.961477810491,0.908885586938,0.898620063554024,0.886785616904428,0.842165471290352,0.962084823834115,0.895659930254728,main,0.010265523383976,3.29694131616,0.00249251644343,middle,middle
USA,26091,26,0.903965145411,0.907863257143,0.903115886028452,0.884798137720826,0.859237506298891,0.952442800622207,0.897977475405817,main,-0.00304885234945196,4.02803501305,0.365034470889,high,middle
USA,26093,26,0.944987530979,0.920693818494,0.913996717339033,0.888814972224617,0.87291320103876,0.960181720346093,0.906522565010501,main,0.00669710115496702,4.93373886543,0.472236871111,high,high
USA,26095,26,0.881525255226,0.894474700515,0.898812309574792,0.891651038354975,0.853872422622511,0.949332542528031,0.897433117140591,main,0.00433760905979197,1.3828819155,0,low,low
USA,26097,26,0.901260246932,0.913422227597,0.901258554700625,0.898693911202452,0.849481568612632,0.959464873767686,0.901429181425042,main,-0.0121602884336249,1.68359472516,0,low,low
USA,26099,26,0.91190011137,0.930805520638,0.935287063837165,0.905178457926079,0.900849268750664,0.974001122731291,0.926080200651251,main,0.00448154319916494,6.52885447136,0.95346039043,high,high
USA,26101,26,0.892855619722,0.902980682136,0.906084555884881,0.897321171029897,0.857890628445197,0.960262895135483,0.904183675826867,main,0.00310387374888099,2.98981163376,0.277622690204,middle,middle
USA,26103,26,0.930111887137,0.920225085695,0.914379294366636,0.905411779949905,0.875510388549858,0.958074690810029,0.912365673799238,main,0.00584579132836394,2.80247002933,0.457247989029,middle,high
USA,26105,26,0.899588713032,0.902827173905,0.904020444725675,0.893060080414635,0.852567810265785,0.961862136266459,0.901379089827665,main,0.001193270820675,3.22041263349,0.293307411367,middle,middle
USA,26107,26,0.916696739149,0.904818641552,0.907121373016386,0.889580267427544,0.864934566776868,0.954546665408348,0.902239534525552,main,-0.00230273146438598,3.50728987531,0.274583603864,high,middle
USA,26109,26,0.896596234708,0.908787128771,0.897067035614131,0.894795150230087,0.851070508780397,0.948775115190469,0.897327166511631,main,-0.0117200931568689,2.33568093518,0.338263403424,low,middle
USA,26111,26,0.943882905603,0.909805335868,0.907347253115487,0.888196853430037,0.863141978862575,0.957041653891135,0.901932638561599,main,0.00245808275251302,4.22027067889,0.441671712747,high,high
USA,26113,26,0.876766304356,0.885182641316,0.879254100887791,0.869758436318266,0.82256301860438,0.942984716996602,0.877049613396624,main,-0.00592854042820901,2.479832066,0,middle,low
USA,26115,26,0.907456503176,0.906765796674,0.907998291889301,0.885862707532723,0.866386118675481,0.954777597023847,0.90155738452721,main,-0.000148917788698966,4.74231938767,0.499960652643,high,high
USA,26117,26,0.880711690017,0.898158152836,0.892841616170904,0.874723426482673,0.842948113767636,0.948930572668338,0.887773164963476,main,-0.00531653666509602,3.64937769825,0.129855798342,high,middle
USA,26119,26,0.878147895945,0.896660497111,0.890176758086792,0.891252556923728,0.8317458193723,0.95586327480338,0.891515839763382,main,-0.00648373902420807,2.10905152882,0,low,low
USA,26121,26,0.890163496646,0.902605022018,0.911755504416898,0.890241898693314,0.869079797233313,0.959730406326381,0.90553584521218,main,0.00915048239889804,4.95955247947,0.647740292309,high,high
USA,26123,26,0.887870548108,0.888985068898,0.885352188657893,0.869824547191845,0.832297565391493,0.944994793667359,0.881143347227237,main,0.00140383866010707,3.21621208677,0,middle,low
USA,26125,26,0.952301395911,0.938830835601,0.938421827878259,0.909072309468856,0.904118331592026,0.976984911611231,0.929473873930525,main,0.000409007722740995,6.27275228883,0.902135814703,high,high
USA,26127,26,0.88372856445,0.879521659421,0.875597813086806,0.862659095830857,0.820613005294129,0.937410280517461,0.872239542225134,main,0.00392384633419407,3.05912813001,0,middle,low
USA,26129,26,0.868064180009,0.899829284823,0.900726598826663,0.889165619577435,0.845669909138754,0.962619873983784,0.897868608249463,main,0.000897314003662997,2.82745629165,0,middle,low
USA,26131,26,0.888978029659,0.915080199802,0.903885136607466,0.910579107169099,0.848156354675367,0.966533960099157,0.907131483049375,main,-0.0111950631945339,1.11108347973,0,low,low
USA,26133,26,0.870274004175,0.88343674333,0.874935217283104,0.863220239517247,0.821128641250184,0.935423147715278,0.871994293069679,main,-0.00850152604689602,2.903998738,0,middle,low
USA,26135,26,0.86145966913,0.883308596507,0.876722253084027,0.878056800435822,0.815988906548515,0.944997075810259,0.878103638411375,main,-0.00658634342297304,1.96465922113,0,low,low
USA,26137,26,0.896074610845,0.905818632256,0.904262012706056,0.885887377094838,0.851901032815597,0.963124842168328,0.899118115033461,main,-0.00155661954994402,3.02462205097,0,middle,low
USA,26139,26,0.9443959961,0.910770978465,0.912660791159089,0.88901477216566,0.871276923966604,0.95918344069958,0.905709564252752,main,-0.00188981269408905,5.29621953359,0.70049592927,high,high
USA,26141,26,0.895586892286,0.899796630297,0.892187756100119,0.889764670362904,0.836037701111578,0.955310163625766,0.892377214425479,main,-0.000810601825119051,2.21655033846,0,low,low
USA,26143,26,0.878713215328,0.90695388311,0.908478006265767,0.897899330900328,0.852411837401529,0.971506111227951,0.905956931834827,main,0.001524123155767,3.00313307682,0,middle,low
USA,26145,26,0.905740237047,0.918520267851,0.918163140750981,0.89868036632198,0.87547596248225,0.966150938151155,0.912637171095351,main,-0.000357127100019006,4.630363837,0.592003563407,high,high
USA,26147,26,0.893715610111,0.910216073585,0.910689396821919,0.892202459483558,0.868127343472814,0.958536532095051,0.905493159250434,main,0.000473323236918954,4.54374514051,0.528037234566,high,high
USA,26149,26,0.875425782137,0.901599292305,0.893339351258776,0.875435213330008,0.842367438561359,0.950640628101774,0.888342931873752,main,-0.00825994104622407,3.93643025062,0.29847774755,high,middle
USA,26151,26,0.875917408382,0.898543146577,0.885550703148889,0.874411840142734,0.830956427478462,0.946924144691188,0.882815244167494,main,-0.012992443428111,2.95969911177,0,middle,low
USA,26153,26,0.883146134931,0.900951559188,0.893788221324113,0.893517498837249,0.840326581019162,0.95388838412907,0.894711270125529,main,-0.00716333786388701,1.37167535622,0,low,low
USA,26155,26,0.896043925282,0.907167245202,0.903222690579503,0.881896418281551,0.858936620591892,0.953007919784314,0.897067389302634,main,-0.00394455462249699,4.01887168505,0.274871283924,high,middle
USA,26157,26,0.884179687395,0.900157836841,0.887825989978899,0.871476551668222,0.83731965283588,0.944603879090849,0.883348830848294,main,-0.012331846862101,3.37315869,0,middle,low
USA,26159,26,0.894519401397,0.882084293069,0.886273410361182,0.863768131475768,0.833845269104,0.945211740856555,0.879705386405345,main,-0.00418911729218197,3.96597183107,0,high,low
USA,26161,26,0.980381243897,0.931670543523,0.931222754915241,0.902895921037067,0.901665463233932,0.964450280894381,0.922545206617781,main,0.00044778860775907,5.31180355555,0.730371144512,high,high
USA,26163,26,0.88488840999,0.924175935764,0.92747098412621,0.895381189567761,0.891392900387304,0.968029012163339,0.917603729829488,main,0.00329504836220995,6.98783169901,0.972796338702,high,high
USA,26165,26,0.883297768051,0.893452490177,0.899993371219966,0.886092451782646,0.848372509960122,0.958024178882286,0.896356347364293,main,0.00654088104296602,3.23757309569,0.280586685357,middle,middle
USA,27001,27,0.899039034346,0.910371906135,0.888299958005607,0.896024350823608,0.826509768712183,0.958236961803681,0.891963139337165,main,-0.000593795448607048,1.55844313695,0,low,low
USA,27003,27,0.936003798836,0.935470710823,0.919109639928809,0.883134081158741,0.881415114474114,0.961936836117991,0.908067010049171,main,0.016361070894191,5.80540090047,0.775082685577,high,high
USA,27005,27,0.904286370748,0.922205203203,0.888244730561308,0.880768691206396,0.831261859477366,0.952799298451838,0.886884470640327,main,-0.00187719226830807,2.44114164762,0.182425959692,middle,middle
USA,27007,27,0.907019498256,0.905556457726,0.891737677496482,0.880645369516621,0.840733547436947,0.949536351077282,0.889181345474101,main,0.013818780229518,2.15322068542,0.2771044795,low,middle
USA,27009,27,0.909257701294,0.915248419308,0.899869548044657,0.877262993577579,0.854866242173172,0.950919321160091,0.893423180237875,main,0.00339743523534286,3.72387442695,0.538916349524,high,high
USA,27011,27,0.889772255299,0.916578664176,0.883697301179593,0.876084599042523,0.825308013492408,0.94984513547927,0.882277025267318,main,-0.0207314547575931,1.65360556349,0,low,low
USA,27013,27,0.94618863726,0.933747629413,0.925730059217428,0.903968175510533,0.893183277083933,0.962670224584463,0.919440764073241,main,0.00801757019557203,3.63679664433,0.626983516531,high,high
USA,27015,27,0.926575976906,0.919387344321,0.90955574168873,0.893185703691461,0.863514575980958,0.96175548048004,0.905229507123385,main,0.00983160263227001,2.90668813789,0.492521644599,middle,high
USA,27017,27,0.907314198798,0.901205601761,0.886337414785664,0.873026982358917,0.839536975816118,0.939384715400079,0.883019568860694,main,0.014868186975336,2.92307176711,0.223046358487,middle,middle
USA,27019,27,0.964436239782,0.92413878398,0.900671118091912,0.869646164103958,0.859466575311861,0.947453219065306,0.891339427778371,main,0.023467665888088,4.75051618939,0.659750705544,high,high
USA,27021,27,0.89439930848,0.904494089432,0.877492190883281,0.881310818522726,0.815492722037501,0.947682016259652,0.879840488303983,main,0.00681233664471903,1.93724908299,0,low,low
USA,27023,27,0.898169122406,0.918143539892,0.895577006628437,0.886650329891596,0.841937048582754,0.956351780975837,0.893751033882034,main,-0.017382301708437,2.2760086891,0.4191851484,low,high
USA,27025,27,0.918371653886,0.922076856298,0.895751424458082,0.87274063152412,0.851203890816798,0.946286729675333,0.88916122426094,main,0.018915027015918,4.08787446801,0.315341216821,high,middle
USA,27027,27,0.93951341549,0.92513876316,0.903596521301822,0.883651255922185,0.864193039178963,0.948294072501534,0.898003920992097,main,0.021542241858178,3.2358546124,0.689727938656,middle,high
USA,27029,27,0.884434309602,0.892552043319,0.865179383891339,0.865635198834221,0.805436013277516,0.932828016549193,0.866408114313502,main,0.011137191993661,1.53356990289,0,low,low
USA,27031,27,0.930329414973,0.919744043352,0.904506525716195,0.901023055351574,0.852310328866918,0.963624301557456,0.904510889534921,main,0.0152375176358049,0.905898486927,0,low,low
USA,27033,27,0.902221214642,0.902005910799,0.875595912650323,0.866669383194941,0.81430595834941,0.945034004043503,0.873701002842301,main,0.0264099981486771,2.13379760176,0,low,low
USA,27035,27,0.909170739295,0.921280277389,0.906104908158777,0.88824901082477,0.853004112609783,0.966305301057175,0.901294539443082,main,-0.0090437069577769,3.33144148606,0.271831426785,middle,middle
USA,27037,27,0.952929984606,0.943512339413,0.925265527502231,0.900984888986866,0.887905802165604,0.967666100034795,0.918198634685638,main,0.0182468119107689,5.70676547404,0.92245099163,high,high
USA,27039,27,0.927263819201,0.903804307149,0.873028927090618,0.855876456100561,0.824275871155972,0.928303095662734,0.868409345442224,main,0.030775380058382,3.02925723821,0.265857277339,middle,middle
USA,27041,27,0.932925180557,0.934297137051,0.907501889831116,0.893633860797944,0.854216468831159,0.967895143661049,0.904035092522137,main,0.024051334231884,3.22266078074,0.347500189988,middle,middle
USA,27043,27,0.900244996775,0.905085038954,0.877516359536986,0.873560969698033,0.819287732999989,0.943467450958105,0.877308220213224,main,0.017888595059014,2.21465814481,0,low,low
USA,27045,27,0.910279364839,0.896385725594,0.870818448948333,0.869099640853966,0.808751821312343,0.94110680415198,0.87131378528086,main,0.0255672766456669,2.39567143813,0,middle,low
USA,27047,27,0.902095773177,0.921427295953,0.907805869384767,0.899276835086666,0.85823041571439,0.963976224035025,0.906124507841132,main,-0.013621426568233,2.94566285308,0.530289078564,middle,high
USA,27049,27,0.927953192087,0.91827758715,0.902647383123602,0.885589840195326,0.853647838323424,0.958200115510437,0.898095519542305,main,0.0156302040263979,3.28073503288,0.26449837542,middle,middle
USA,27051,27,0.910913664291,0.916573017732,0.875589783246092,0.874313265938774,0.813859199199475,0.94549576572837,0.876244512083427,main,0.0296645276039079,1.70071309484,0,low,low
USA,27053,27,0.955831296463,0.95110895393,0.936598993211144,0.910381876373746,0.902725800757724,0.975059115074301,0.928831213890226,main,0.0145099607188559,6.7547036143,0.961164455406,high,high
USA,27055,27,0.927713523921,0.902478900293,0.881988763615953,0.878120878662676,0.828265808072347,0.942837126008818,0.881834131098373,main,0.020490136677047,2.71352692929,0.259253181495,middle,middle
USA,27057,27,0.911713449572,0.910655009995,0.885579803226768,0.878670557380449,0.82554705680277,0.953585892450308,0.884387458093132,main,0.0250752067682321,2.34639564158,0,low,low
USA,27059,27,0.911487442619,0.91232827651,0.897158541746929,0.877865347103345,0.849132791229977,0.951617619935385,0.891843526706649,main,0.0134880669810711,3.66746983534,0.319182183115,high,middle
USA,27061,27,0.914861292279,0.907510756687,0.892729021413927,0.892917262220763,0.840213862819385,0.952193241013729,0.893940716669535,main,0.014781735273073,2.08467870059,0.183072605814,low,middle
USA,27063,27,0.921504747124,0.907104967409,0.879086360434365,0.87809444795989,0.824649816817015,0.940731199409036,0.879884056929477,main,0.028018606974635,1.92594621548,0,low,low
USA,27065,27,0.899581107416,0.903085777881,0.881771322156064,0.869687214118296,0.828964865822232,0.941615094317137,0.878869123451505,main,0.0143051147949359,2.65401521017,0,middle,low
USA,27067,27,0.915290746342,0.924629677461,0.898331086365585,0.885484061559229,0.845846004992868,0.957813916216408,0.895195171811357,main,0.00762072885741505,3.13890299175,0.408401153274,middle,middle
USA,27069,27,0.894326941762,0.909845270721,0.884971755177638,0.888535284466195,0.826597928916836,0.951056822647554,0.887275491748787,main,-0.006163142374638,0.967782840794,0,low,low
USA,27071,27,0.908923484074,0.910341707771,0.905113711303732,0.904847599233043,0.858832088182115,0.957520860858625,0.906172020322765,main,0.00239154907326811,1.00414547453,0.378889355013,low,middle
USA,27073,27,0.920178210582,0.912846144133,0.881281944411957,0.880662490982805,0.824846640461955,0.945188703794649,0.882200048434885,main,0.0315641997210431,1.56642591347,0,low,low
USA,27075,27,0.920051449225,0.902782721332,0.890038370574987,0.891587370778507,0.836475173193024,0.950683926736904,0.891697820203988,main,0.012744350757013,1.13713693516,0,low,low
USA,27077,27,0.898436457632,0.903021993415,0.875005972589416,0.887401137408441,0.816809325332538,0.940854882003692,0.880212983675474,main,0.0188449492595839,0.808208983982,0,low,low
USA,27079,27,0.923032191306,0.908000125279,0.872769472287927,0.858156127172819,0.819947811362358,0.932640797136513,0.869005068051534,main,0.035230652991073,3.3052367883,0.100898599279,middle,middle
USA,27081,27,0.908986647548,0.899333144158,0.872124658569094,0.872805403251605,0.808510433321518,0.944155827948338,0.873404806633893,main,0.027208485588906,1.68931292632,0,low,low
USA,27083,27,0.93245034458,0.919965607666,0.90030879748993,0.88339849108785,0.852533620932536,0.95447442633593,0.895799512166957,main,0.01965681017607,2.77519378084,0.501694475132,middle,high
USA,27085,27,0.920586938814,0.925385331033,0.903984081851844,0.883964446450337,0.85694901354831,0.957324177173093,0.898427291574659,main,0.011804464743156,3.47556583052,0.5015319227,middle,high
USA,27087,27,0.851281795505,0.8833272375,0.847496678002902,0.842946013244447,0.776468346431168,0.92794550306283,0.846867232999076,main,-0.0282603244929018,1.62260646808,0,low,low
USA,27089,27,0.916249035212,0.908752177773,0.871562484363659,0.879131459852122,0.812397316449871,0.938527580724782,0.875164676997822,main,0.037189693409341,1.14651855477,0,low,low
USA,27091,27,0.902819029883,0.920787353409,0.900403597374451,0.895846183245745,0.847148061467082,0.960725340958136,0.900044547126778,main,-0.0155528910174509,2.55856263728,0.416293032179,middle,high
USA,27093,27,0.914889125264,0.911709359958,0.885094215040725,0.875897606093559,0.829955525690472,0.947567360865199,0.883160054666875,main,0.0266151449172749,2.8327022822,0.252915851735,middle,middle
USA,27095,27,0.877202403202,0.903310674543,0.879771942620477,0.864767318802962,0.824658215197644,0.942240463691142,0.875880793134811,main,-0.023538731922523,3.03665220322,0,middle,low
USA,27097,27,0.900221154369,0.910386474178,0.888032412495801,0.879810371027613,0.835015910424812,0.948098353392707,0.886432641705488,main,0.00202342206419892,2.59355018834,0.219183550514,middle,middle
USA,27099,27,0.908202361567,0.90460974075,0.8959556547334,0.88098528990528,0.847590067733485,0.950782045755483,0.89209648727964,main,0.0086540860166,3.17245793926,0.602907447873,middle,high
USA,27101,27,0.913395652854,0.909196899146,0.878499773976309,0.881204025371451,0.816823183801255,0.948328466563723,0.880483263400106,main,0.030697125169691,1.79785157895,0,low,low
USA,27103,27,0.954904207761,0.922069860352,0.911109173100482,0.890872484391248,0.873318211896199,0.953981816601095,0.905404648177532,main,0.010960687251518,3.46871864438,0.702860508719,middle,high
USA,27105,27,0.885814920837,0.904490522056,0.894353452648568,0.881786033569222,0.84262700826601,0.952976063212932,0.891306063652063,main,-0.010137069407432,2.59992922093,0.554851515369,middle,high
USA,27107,27,0.891412622815,0.912487181764,0.875096650905449,0.878702370853436,0.815840826187668,0.942180384303532,0.877392188671709,main,-0.00475858703944898,1.42540053454,0,low,low
USA,27109,27,0.955670724469,0.929785140847,0.916146075369074,0.89813521927727,0.873353286245231,0.964673872489966,0.911249704809533,main,0.013639065477926,4.57221157509,0.730738877536,high,high
USA,27111,27,0.912745630293,0.928431096405,0.890790945893092,0.886754676438425,0.834897877282772,0.954097434045644,0.890587354084084,main,0.00626921828790805,2.56712198668,0.203614322288,middle,middle
USA,27113,27,0.903641419813,0.922269565988,0.904856149320245,0.894407471109149,0.857507127496711,0.958513017561681,0.902520462759468,main,-0.017413416667755,2.34321602228,0.49887887973,low,high
USA,27115,27,0.893010776778,0.905998152651,0.884737595685832,0.883480833501194,0.833373209907011,0.942904524918331,0.88545833240691,main,-0.00471419478083202,2.30813035668,0,low,low
USA,27117,27,0.901474071486,0.896311894344,0.876109358425912,0.862803719728392,0.81463211981125,0.945777400413872,0.872745242834963,main,0.0202025359180881,2.24639447153,0,low,low
USA,27119,27,0.912064904276,0.922135078587,0.89172633670498,0.887177626727413,0.842647146069435,0.947318726965359,0.891355234679133,main,0.0102683932600199,2.03380863311,0.475363018029,low,high
USA,27121,27,0.918693298683,0.921745908396,0.883960956643378,0.884785798418502,0.82404454082605,0.951803956850881,0.885344129448774,main,0.0316797323266219,2.04690229076,0,low,low
USA,27123,27,0.935245885465,0.946258041446,0.930621637418895,0.893971981100161,0.894507432947947,0.971661861184832,0.919336153116498,main,-0.00638790793489508,7.21544582877,0.991602179716,high,high
USA,27125,27,0.909940566135,0.908911358559,0.868612059827253,0.868253141003736,0.807609133786359,0.937690335826541,0.86956558194407,main,0.040299298731747,1.57811832249,0,low,low
USA,27127,27,0.903653007952,0.905663264757,0.875914902095211,0.871865748649454,0.815290100630957,0.944579903616964,0.875655935393422,main,0.025727849051789,2.13351753277,0,low,low
USA,27129,27,0.898473506142,0.910383115426,0.871575315581235,0.869653864074536,0.814061877800157,0.936708297303709,0.872039328560284,main,0.0149885812767648,2.00592436478,0,low,low
USA,27131,27,0.942212257631,0.92673707425,0.912152951940145,0.884269183234058,0.875233615545719,0.954069468423773,0.903849577212907,main,0.014584122309855,4.03734142836,0.650531526846,high,high
USA,27133,27,0.915104513874,0.89965328754,0.874304902953087,0.86525574682268,0.814452174176634,0.942115911671466,0.872378203390282,main,0.0253483845869129,2.22812207311,0,low,low
USA,27135,27,0.902289980214,0.905351961009,0.877188039915857,0.870978262686065,0.823987653635906,0.937454128420813,0.876245933645981,main,0.022039959503143,1.57056736697,0,low,low
USA,27137,27,0.933939937511,0.923592084067,0.914387577602998,0.912343273593977,0.875333285277362,0.958617713198777,0.914799086828505,main,0.00920450646400195,2.6561668943,0.493021439156,middle,high
USA,27139,27,0.949413640323,0.925672688823,0.904607764788522,0.874968896038401,0.863585856829294,0.951177372434636,0.895749447009597,main,0.021064924034478,5.13306520954,0.75854940816,high,high
USA,27141,27,0.924992838319,0.918924132362,0.892386879525316,0.864668259810556,0.848443613830806,0.942257052933329,0.884193462948742,main,0.026537252836684,4.55024697778,0.439066131641,high,high
USA,27143,27,0.909330129381,0.902002966676,0.866028882170922,0.85559214368529,0.812020241075129,0.927227467445161,0.863654374533037,main,0.035974084505078,2.45597966402,0,middle,low
USA,27145,27,0.943343057354,0.931860508023,0.912079094284742,0.890166028254736,0.870029117883194,0.959781522780497,0.905855786499897,main,0.019781413738258,3.89724681242,0.495052181534,high,high
USA,27147,27,0.927187958369,0.919688665897,0.908304763495177,0.886016496312991,0.861417689867921,0.961486450428485,0.901985565262413,main,0.0113839024018231,3.61482249732,0.666976440384,high,high
USA,27149,27,0.945129770332,0.923166798518,0.895785940191267,0.87724929935923,0.847921485535706,0.95005929672506,0.890723944836771,main,0.027380858326733,2.08660439236,0,low,low
USA,27151,27,0.913215206235,0.908933445474,0.87905242829798,0.870228012587694,0.822413535837557,0.943222991243704,0.877228155454906,main,0.02988101717602,1.80886589731,0,low,low
USA,27153,27,0.892880784828,0.90160039694,0.868800694932997,0.863726211347753,0.809815768226401,0.93561284204745,0.86819943878269,main,0.015360477783003,2.48159550084,0,middle,low
USA,27155,27,0.897800659918,0.913620256125,0.894700950729375,0.893713853835311,0.839228764448882,0.957518478023873,0.89552010032688,main,-0.0127198870183751,1.2356414539,0,low,low
USA,27157,27,0.932836956702,0.911384366626,0.884064084700895,0.869916179207925,0.829276141723225,0.94616015338207,0.880468340542687,main,0.0273202819251049,2.89890984602,0,middle,low
USA,27159,27,0.875939326805,0.895632920331,0.878047350428323,0.867100098729688,0.815414013083241,0.949014988871551,0.875467764014527,main,-0.0175855699026769,2.45953275819,0,middle,low
USA,27161,27,0.916907285074,0.917231274549,0.894939938396612,0.877451382266171,0.849442465084411,0.946528593076429,0.890219130467931,main,0.021643357202388,2.97349069789,0.464395755806,middle,high
USA,27163,27,0.956062465075,0.939980091319,0.917769865561644,0.890431782699559,0.877541082754781,0.963431871954558,0.909696184825545,main,0.022210225757356,5.59259917827,0.78696393341,high,high
USA,27165,27,0.893554854821,0.899231972819,0.871465737435311,0.856271757547154,0.814923916007013,0.935552346003219,0.867492226544129,main,0.0164119993876891,2.43851027039,0,middle,low
USA,27167,27,0.91331453338,0.912740077857,0.889527767414897,0.889319441113958,0.842389066803753,0.942905284170337,0.890593509739949,main,0.0232123104421029,1.50964727962,0.457505466723,low,high
USA,27169,27,0.945620520725,0.928971863987,0.920918131721913,0.899737062250472,0.887659010474566,0.958662634093051,0.91483448156454,main,0.0080537322650871,3.56380544709,0.566119621428,high,high
USA,27171,27,0.929224343252,0.925389119963,0.895968462334493,0.863725313405364,0.84832157916781,0.95005128822678,0.886259842092552,main,0.029420657628507,4.47361519625,0.500003426726,high,high
USA,27173,27,0.911892717392,0.90926281128,0.882181030341436,0.873690967798308,0.826132874154397,0.945681242382828,0.880475971462497,main,0.0270817809385639,1.87945618744,0,low,low
USA,28001,28,0.85010523412,0.877535176875,0.913748788548387,0.899326606440805,0.870535144621308,0.962080717461532,0.909854094414905,main,0.036213611673387,3.29444055549,0.488009042229,middle,high
USA,28003,28,0.860017560605,0.876355054274,0.901360096047454,0.881677448011603,0.85106351377398,0.957613876522849,0.895682409407698,main,0.0250050417734541,3.60968257802,0.222056445741,high,middle
USA,28005,28,0.866265451163,0.869667142494,0.870126357460189,0.870361044258469,0.815096134602995,0.931674437591932,0.871078883953768,main,0.000459214966188948,2.04754330236,0,low,low
USA,28007,28,0.854673185421,0.867040137135,0.884074501210797,0.87806088455451,0.82866159444683,0.946050590871419,0.882955333927573,main,0.0170343640757969,2.40489649398,0.286320490937,middle,middle
USA,28009,28,0.845964661166,0.856981317762,0.867419510706974,0.860669255703807,0.817906951548848,0.92279640726253,0.866061423858867,main,0.0104381929449739,2.23667658521,0,low,low
USA,28011,28,0.864723561189,0.852806997343,0.892904033406275,0.8775147334464,0.844917341249463,0.946574337119005,0.888671233632355,main,0.0162639083712751,2.70521823323,0.389728077167,middle,middle
USA,28013,28,0.854541954783,0.846188440515,0.873065122290461,0.867935973385566,0.817490387500665,0.935222207116724,0.872224707551811,main,0.010169653239461,2.36549107442,0,low,low
USA,28015,28,0.869670346649,0.859570700832,0.862612687039512,0.865167986992904,0.80845670046768,0.923182985106205,0.864334137023802,main,-0.00304198620751195,1.99669881051,0,low,low
USA,28017,28,0.856217994053,0.842002041057,0.875757948349556,0.862767064710702,0.819302330957181,0.938900248757281,0.872272942056516,main,0.00532400130055599,2.61517448987,0,middle,low
USA,28019,28,0.880645196244,0.86250943462,0.867874553664876,0.861873694785147,0.811307895459943,0.93114104671574,0.866725551555119,main,-0.00536511904487602,2.13123310636,0,low,low
USA,28021,28,0.853848117086,0.854085258802,0.87265536465243,0.863752913315367,0.824411713115814,0.926613062376626,0.870584035531125,main,0.01857010585043,2.07733121152,0,low,low
USA,28023,28,0.856024734415,0.8561100288,0.869357299271491,0.865914158430846,0.814880837124282,0.930286030493083,0.869084121128691,main,0.013247270471491,2.30167492164,0,low,low
USA,28025,28,0.878611804378,0.857068647101,0.89460446984968,0.87859928142263,0.846735178046787,0.948143468144852,0.890165656587298,main,-0.00555049180532008,2.98005881903,0.377184981878,middle,middle
USA,28027,28,0.840040906117,0.846398075902,0.889897732579694,0.879840311523583,0.841162766302844,0.944404937055484,0.887457127669175,main,0.043499656677694,2.89314963635,0.6380011189,middle,high
USA,28029,28,0.860251349291,0.866149119312,0.87781724234167,0.866088182605878,0.825752432025335,0.936048682285311,0.874789315862304,main,0.01166812302967,2.73919327816,0,middle,low
USA,28031,28,0.836394229765,0.855767702451,0.878678068493659,0.865622906069023,0.822562820139501,0.941439686073823,0.875178766942852,main,0.0229103660426591,2.94345354757,0,middle,low
USA,28033,28,0.906010048375,0.883431085119,0.913121212626544,0.889867431036721,0.872150049938871,0.958945057656857,0.906226481883196,main,-0.0154677990044559,5.02974929943,0.692041331556,high,high
USA,28035,28,0.887749247358,0.888961154549,0.913949007937106,0.891596904668644,0.873075503578465,0.959663627848043,0.907360348439082,main,0.0249878533881059,4.13951018561,0.545981477051,high,high
USA,28037,28,0.878124331571,0.857997985388,0.861875156306255,0.862302064160665,0.803976771298889,0.926631107761866,0.862852577728897,main,-0.00387717091825501,1.85517720639,0,low,low
USA,28039,28,0.853691424108,0.862095565887,0.880902819659729,0.864356241649323,0.826864696627545,0.941341294262763,0.8762434359378,main,0.0188072537727291,2.98759702272,0,middle,low
USA,28041,28,0.844452511275,0.86328132545,0.876842187097391,0.866149978524346,0.837287734026489,0.921081525424128,0.874155376732349,main,0.013560861647391,2.18191278266,0,low,low
USA,28043,28,0.857401120381,0.874373997989,0.904008102412856,0.886675861488151,0.854320037728014,0.959581291617451,0.899129851802221,main,0.0296341044238561,3.0101051748,0.362776076304,middle,middle
USA,28045,28,0.901866275742,0.891938477985,0.903489454669338,0.887408016535092,0.858052923472804,0.954307552757908,0.899032230032674,main,-0.00830461882966183,3.59453648837,0.411842569757,high,high
USA,28047,28,0.876693104431,0.89508601155,0.915747828890373,0.889915280909773,0.873766249018447,0.962701766342521,0.907984774242894,main,0.020661817340373,4.82137356402,0.654913791697,high,high
USA,28049,28,0.891245302402,0.895825976583,0.913656652625945,0.892221517444816,0.874862616874095,0.957045508732974,0.907364353976084,main,0.017830676042945,4.83113814239,0.80134644654,high,high
USA,28051,28,0.831323935469,0.844829821084,0.863431746025936,0.856050850701415,0.809104809416808,0.924193241693651,0.861831528845278,main,0.018601924941936,2.32794842501,0,low,low
USA,28053,28,0.836349598832,0.832510415055,0.862213244589963,0.85031245293181,0.803217526109919,0.928196499243726,0.859047570438555,main,0.022024461980963,2.19926872127,0,low,low
USA,28057,28,0.865512249806,0.864989647108,0.881768605053646,0.868279824908742,0.831640087906719,0.937834414531669,0.878160227486873,main,0.015733752549646,2.87902309578,0,middle,low
USA,28059,28,0.888008780287,0.897736173806,0.904515226097988,0.881752035205401,0.861738786311016,0.952358167795526,0.897788712194233,main,0.00677905229198794,4.32704732111,0.550049964989,high,high
USA,28061,28,0.868091197775,0.86442981149,0.873624812297848,0.869189292480044,0.818132374303998,0.935689852979485,0.873018181917899,main,0.00187222823784805,2.33944908924,0,low,low
USA,28063,28,0.833505510075,0.844719328746,0.854417043501404,0.849527477339175,0.803169567990483,0.911734342351546,0.853658815651053,main,0.00969771475540404,1.82879858759,0,low,low
USA,28065,28,0.849573892008,0.861734804958,0.876516545545178,0.870056911604521,0.822779501189914,0.936618281287803,0.875248250951588,main,0.014781740587178,2.49981150659,0,middle,low
USA,28067,28,0.868722007278,0.869705693652,0.891365865722891,0.875162615734204,0.839270634375121,0.949631329807871,0.886846806553329,main,0.021660172070891,3.65032365605,0.284094848787,high,middle
USA,28069,28,0.872514874299,0.860317720896,0.871905829123492,0.871826978522483,0.826436822511236,0.922760249061863,0.872789702480723,main,-0.011588108227492,1.82057459358,0,low,low
USA,28071,28,0.946218307741,0.896576112012,0.918298511140097,0.895499788533802,0.886125151411783,0.954282529009776,0.911477266760077,main,-0.0217223991280969,3.4450991739,0.403909720665,middle,middle
USA,28073,28,0.934300897366,0.883014594,0.90113048029631,0.873817726615544,0.85322368913185,0.954711419430367,0.892863955251382,main,-0.01811588629631,3.87786530844,0.254060998887,high,middle
USA,28075,28,0.877106775434,0.880519830424,0.904731634652451,0.885767685487754,0.857923692578977,0.957083575458076,0.899303159224777,main,0.024211804228451,3.79809576328,0.427299985977,high,high
USA,28077,28,0.861434059169,0.85781287823,0.865947568172234,0.856112745964658,0.809950511412906,0.92857699537824,0.863513481612911,main,0.000892328064234005,2.50986656492,0,middle,low
USA,28079,28,0.849911446561,0.851400108071,0.874756292712389,0.864192941409732,0.819520060471913,0.936534782269568,0.872096891169916,main,0.023356184641389,2.84159723977,0,middle,low
USA,28081,28,0.879819059417,0.871747678105,0.904734941154885,0.879472816443882,0.85557220501683,0.959720581158071,0.897169770648106,main,0.0168445004258849,4.28987690316,0.308444010338,high,middle
USA,28083,28,0.851800474527,0.850886374526,0.894384157796984,0.886830958801842,0.84466551519688,0.949991546608287,0.892788217552095,main,0.041669583268984,3.02412615955,0.586723090122,middle,high
USA,28085,28,0.870529239716,0.875398660218,0.896426275786024,0.881404310591001,0.846770833441299,0.951962978814491,0.892319478506372,main,0.021027615568024,3.17455200642,0.269900974523,middle,middle
USA,28087,28,0.889126235784,0.864915321503,0.901984481273745,0.881383080499737,0.855388701290627,0.954099131211549,0.895998411491008,main,-0.011352668791255,3.81565418218,0.364549374598,high,middle
USA,28089,28,0.925658569985,0.887931690785,0.912138352437387,0.891969646605024,0.870769707401969,0.958406758185788,0.906291176572027,main,-0.0242066616523869,4.11259582643,0.650486845553,high,high
USA,28091,28,0.837644323578,0.866365773696,0.890467037274049,0.877241260844752,0.839399775809681,0.947582777271579,0.886955203588439,main,0.024101263578049,3.0096095425,0.19295678382,middle,middle
USA,28093,28,0.857521249041,0.867869873067,0.880950554964645,0.866855790189291,0.832130749925691,0.935552646625279,0.877139937765209,main,0.013080681897645,3.06055665709,0,middle,low
USA,28095,28,0.868421915202,0.852408137305,0.87900194526766,0.869453282992633,0.825041831914745,0.939353170614896,0.876698725985094,main,-0.00543374783133999,2.95356395505,0,middle,low
USA,28097,28,0.871051312161,0.861101724954,0.876860207993767,0.866765866683389,0.819472112020693,0.941045431061552,0.874343709356779,main,-0.00414069137423301,2.38154026412,0,low,low
USA,28099,28,0.836598724408,0.857866537391,0.879722840705031,0.866974134519814,0.823296445051832,0.942832458309542,0.876325875547814,main,0.021856303314031,3.04226906262,0.182490140228,middle,middle
USA,28101,28,0.868892345084,0.856760304927,0.872534269311718,0.861578939994369,0.81687740067306,0.93478321603584,0.869736348414625,main,-0.00849011592928217,2.72308641033,0,middle,low
USA,28103,28,0.845139403784,0.837860515234,0.870576853025508,0.86297897264909,0.818092663806801,0.929277343700702,0.868925789122257,main,0.018158560691508,1.96415630044,0,low,low
USA,28105,28,0.937999333325,0.888723636574,0.922184317560715,0.898662238373771,0.895213801464979,0.952349259653765,0.915039489464466,main,-0.033460680986715,3.73306562636,0.561729896486,high,high
USA,28107,28,0.85001327087,0.862188354398,0.881699397203628,0.865803639185327,0.827660155734235,0.942139122713153,0.877261017567787,main,0.019511042805628,3.00971534289,0,middle,low
USA,28109,28,0.876541127162,0.875007097445,0.891924621645093,0.877770275082647,0.841915369669561,0.947857040016468,0.888104456271158,main,0.0138494647660929,3.34352294627,0.181703660316,middle,middle
USA,28111,28,0.857181495698,0.857934664372,0.86960712432839,0.865431096858557,0.816855854393253,0.928606329137074,0.869100208048993,main,0.01167245995639,2.10434430077,0,low,low
USA,28113,28,0.841926617487,0.874357913551,0.894345420691593,0.875280494264671,0.840525760429732,0.95453955748541,0.888854624854152,main,0.0199875071405929,3.66094826672,0.301763550543,high,middle
USA,28115,28,0.866520460018,0.848367316363,0.876212063518458,0.859137087945672,0.820403638090741,0.938630517631669,0.871354553580336,main,-0.00846154015454192,3.20522795895,0,middle,low
USA,28117,28,0.870701166395,0.861368095487,0.880768058182228,0.86244674084062,0.827494669652325,0.940351222049052,0.875512856446942,main,0.000733820879228131,3.17809101125,0,middle,low
USA,28119,28,0.812784530687,0.831834977809,0.854570130055936,0.847185330057009,0.800982769444065,0.91450445330131,0.852960936017334,main,0.022735152246936,2.10351901686,0,low,low
USA,28121,28,0.919153274893,0.888477851808,0.913422822771591,0.892029049934059,0.872410483784871,0.959292721079933,0.907159544561717,main,-0.0249449709635911,4.43798794715,0.598558907752,high,high
USA,28123,28,0.844298017851,0.849297295439,0.877310309921323,0.861084521541556,0.820677383106232,0.940650920530076,0.872734700489083,main,0.028013014482323,2.92042526612,0,middle,low
USA,28125,28,0.856224344293,0.851580107672,0.869375456159509,0.866985705826622,0.813663233750843,0.931686312832296,0.869445001456182,main,0.00850687524550897,1.59495609557,0,low,low
USA,28127,28,0.864963766513,0.864579329964,0.879233591283312,0.864023872623286,0.825260184366732,0.939599684702659,0.87502373280806,main,0.013885388221312,2.92696618176,0,middle,low
USA,28129,28,0.863846975693,0.847908222048,0.863864010835326,0.861754632284089,0.808595976964965,0.925678068652325,0.864022513958972,main,-0.0159217185026739,2.38789237415,0,low,low
USA,28131,28,0.868472656089,0.870452496862,0.888384561459494,0.868696969230218,0.839122621091844,0.943481155581262,0.882691589472958,main,0.017932064597494,2.86321079949,0,middle,low
USA,28133,28,0.823985909488,0.8538533382,0.888444744497315,0.878612871588319,0.846201203690478,0.935691669907283,0.886069908216572,main,0.0345914062973151,2.78607925024,0.331935500324,middle,middle
USA,28135,28,0.832174734558,0.853594695354,0.87629627968377,0.866889538504098,0.832906618468478,0.924825073621207,0.874057271705718,main,0.02270158432977,2.31566602468,0,low,low
USA,28137,28,0.875302472022,0.86623320837,0.887610046042826,0.86995123838437,0.839529357580471,0.941385479116209,0.882604419492968,main,0.00323831036882605,3.37487636736,0.198723278063,middle,middle
USA,28139,28,0.850744307438,0.862733208341,0.885732744634994,0.867511707458145,0.832937745676817,0.944780857793932,0.880520877468836,main,0.022999536293994,2.98500595565,0,middle,low
USA,28141,28,0.85583162951,0.867705372277,0.88475996110823,0.871899493271195,0.830105978740491,0.945887238295857,0.881346013385506,main,0.01705458883123,2.92509412323,0,middle,low
USA,28143,28,0.844965960918,0.825731742715,0.85468211873789,0.845781395587919,0.796489012902061,0.919767698172907,0.852521532233416,main,-0.00951806038310998,2.34639106255,0,low,low
USA,28145,28,0.862389841331,0.855289210196,0.880704872907978,0.862816922154982,0.825126287620215,0.942866264290622,0.875581126390769,main,0.011214400441978,3.26984649074,0,middle,low
USA,28147,28,0.854777975723,0.860675334962,0.870202186304019,0.858867315192908,0.815272199523921,0.931638158256205,0.867278657288687,main,0.00952685134201903,2.74626099443,0,middle,low
USA,28149,28,0.873883149705,0.873454697195,0.898877147953759,0.882858121880385,0.851108752359053,0.952303299751423,0.89443836860386,main,0.0245655457387589,3.47304345877,0.33033317964,middle,middle
USA,28151,28,0.845906610152,0.86086631425,0.899067655988117,0.886650617358346,0.851738821344578,0.952002184615085,0.895843821389017,main,0.038201341738117,3.25666895824,0.603207658209,middle,high
USA,28153,28,0.878472642729,0.856219260074,0.877893769144978,0.86926168263097,0.822660448547515,0.939669002200035,0.875888218920378,main,-0.021674509070978,2.36173115576,0,low,low
USA,28155,28,0.857496011798,0.856518570567,0.873056764258508,0.862530650888538,0.818402733586915,0.934184095471163,0.870411644633801,main,0.0145833112295081,2.3243896799,0,low,low
USA,28157,28,0.814143782124,0.863191859839,0.878561213220971,0.873361004906898,0.83013843069346,0.93271925846348,0.877738376296448,main,0.015369353381971,1.86283735021,0,low,low
USA,28159,28,0.872410534477,0.864373494181,0.886202778717283,0.873393785295492,0.831556554066741,0.947321379352737,0.882808302635079,main,0.00575520394428297,2.54927651834,0,middle,low
USA,28161,28,0.840753614252,0.864115466238,0.868468857990889,0.862514926860036,0.813216409944625,0.930265483976785,0.867347678312191,main,0.00435339175288907,2.41520483748,0,middle,low
USA,28163,28,0.84912693876,0.861853674001,0.894989908495859,0.885163233479221,0.856650213799016,0.937870610751989,0.892599433865931,main,0.033136234494859,2.52778391538,0.514256619999,middle,high
USA,29001,29,0.921502394217,0.919158834526,0.920716384490749,0.900607250034947,0.889708300298011,0.955809920692551,0.914923687400269,main,-0.00155754996474899,2.91817101823,0.583082314513,middle,high
USA,29003,29,0.914455736774,0.906983150077,0.8772665226466,0.863733670222926,0.825642227759438,0.935692546333012,0.873846140024318,main,0.0297166274304,2.81029130957,0.0813644736164,middle,middle
USA,29005,29,0.90016801013,0.913401110061,0.89149413404696,0.895387361617657,0.834211969719806,0.956323476454492,0.89391741493537,main,-0.00455922384795993,1.57824862004,0,low,low
USA,29007,29,0.870130709253,0.898153415133,0.896628813579643,0.886655132967255,0.850022915460616,0.949375244564911,0.894419151494799,main,-0.00152460155335699,2.71661842265,0.384594176632,middle,middle
USA,29009,29,0.870188689646,0.87946188216,0.888144901786507,0.880387500938706,0.832748792234777,0.95083969337405,0.886676219635326,main,0.00868301962650697,2.93751884725,0.10416835931,middle,middle
USA,29011,29,0.89032345768,0.875689573758,0.882898944367445,0.873532714744733,0.828201105234149,0.944803465325702,0.880884197760492,main,-0.00720937060944493,2.20042298466,0,low,low
USA,29013,29,0.870295601538,0.881927387924,0.879744916620818,0.871899982654571,0.824377341889957,0.942407413798846,0.878234451944176,main,-0.00218247130318205,2.18607359996,0,low,low
USA,29015,29,0.871538087914,0.890127209991,0.889629477916451,0.891761294868093,0.82881030526144,0.958461845116751,0.891441530933005,main,-0.000497732074549062,2.46632224575,0,middle,low
USA,29017,29,0.864866108445,0.863849108184,0.87363827691782,0.871068283852782,0.819509639754011,0.934898601033788,0.873890314140795,main,0.00775516821181998,2.17126129944,0,low,low
USA,29019,29,0.95667102404,0.930200871356,0.928215655132337,0.897071298237574,0.898135542514151,0.962258955407168,0.918657451781698,main,0.0019852162236631,4.58349420036,0.694234639906,high,high
USA,29021,29,0.892226607307,0.932592464254,0.920854740007955,0.906381965191649,0.88113331443608,0.965809638789488,0.917096010423208,main,-0.011737724246045,4.45510537712,0.822391421616,high,high
USA,29023,29,0.850685780229,0.881455964112,0.904335650168934,0.889184114715149,0.855001166228253,0.960170170205971,0.90040010578791,main,0.022879686056934,3.2212248585,0.355746943432,middle,middle
USA,29025,29,0.890303468198,0.891263199421,0.889274902279358,0.878751073416269,0.831531906425468,0.954625792802083,0.886868677971682,main,6.88346956420061e-05,2.26596613762,0,low,low
USA,29027,29,0.899688433165,0.900801952986,0.891861262874332,0.87790855332284,0.849704663450032,0.939572180415896,0.888278486310033,main,0.0067136504696681,3.09115407967,0.250918829462,middle,middle
USA,29029,29,0.904702183024,0.908282731204,0.908302098559442,0.89233389899015,0.853063595233126,0.97081851860546,0.904098226854563,main,1.9367355441946e-05,3.34459887057,0,middle,low
USA,29031,29,0.926585292736,0.90119216279,0.921424971945333,0.900840246875594,0.881294664148191,0.966842624990739,0.915605171123749,main,-0.020232809155333,3.96903216465,0.623414649776,high,high
USA,29033,29,0.871922409475,0.881546369809,0.872726159603659,0.867770810231282,0.815919523775481,0.937017320532772,0.872167689802366,main,-0.00882021020534107,1.78864265638,0,low,low
USA,29035,29,0.866490060807,0.857367919903,0.869024131265923,0.868928988733288,0.812405104427476,0.933102964892518,0.870085971105134,main,-0.00658807044507692,1.76339494842,0,low,low
USA,29037,29,0.910547520092,0.90894660089,0.905881169363838,0.888356318918189,0.861405432906471,0.95621678048276,0.901122266356291,main,0.00306543152616201,4.12413537526,0.596002342552,high,high
USA,29039,29,0.86125420748,0.870988220567,0.875970040928466,0.864868952466659,0.815340291324343,0.944588027754523,0.873327661224527,main,0.00498182036146599,2.51871357317,0,middle,low
USA,29041,29,0.900145338221,0.880828984508,0.873597448048944,0.879326359985046,0.811771866164769,0.943568823338164,0.876568561277641,main,0.00723153645905594,1.59294932612,0,low,low
USA,29043,29,0.919724917623,0.885292056618,0.894788344519589,0.874833769328192,0.848471147354057,0.947208036925975,0.889206572087259,main,-0.00949628790158896,4.19002737953,0.509254886086,high,high
USA,29045,29,0.881646637047,0.885603960933,0.872237064503721,0.873808919356198,0.814039894321222,0.938101968828263,0.87385103180517,main,0.005452248657279,1.85259152456,0,low,low
USA,29047,29,0.927250007084,0.937695156214,0.921480653212719,0.898593987793812,0.88329283305664,0.964699887293268,0.914857559431305,main,-0.00467579525871908,5.47377727138,0.847601876443,high,high
USA,29049,29,0.889443892247,0.904915483502,0.887241228883699,0.873360527326572,0.837360368067955,0.943694113361625,0.883715357800938,main,-0.013268927891699,3.02410209755,0.227968109742,middle,middle
USA,29051,29,0.924084702079,0.910734346986,0.916185242638201,0.890965701632616,0.874435006077318,0.963436257214791,0.908804570420931,main,-0.00545089565220103,4.34603651312,0.53599902349,high,high
USA,29053,29,0.890920424065,0.900622670003,0.899624687142157,0.889193220269848,0.854674472122964,0.950497291468494,0.897255067044759,main,-0.000997982860842961,2.58073059519,0.379470561385,middle,middle
USA,29055,29,0.852852543952,0.888723788259,0.87840231402914,0.872300719106212,0.823378042910628,0.94067627582803,0.877475974778984,main,-0.01032147422986,2.64931139163,0.0379170513666,middle,middle
USA,29057,29,0.867925816391,0.871304023613,0.875004510828143,0.871829563313601,0.819468223169626,0.937857949607,0.875051454505198,main,0.00370048721514304,1.97086188679,0,low,low
USA,29059,29,0.859994650042,0.87128272553,0.871214076731806,0.865663457517194,0.811913116565015,0.938328200244872,0.870437922451631,main,-6.86487981940154e-05,2.57917762819,0,middle,low
USA,29061,29,0.868746043971,0.874938951533,0.866112847218064,0.867374830553827,0.803891268274131,0.936532393928197,0.867578891629922,main,-0.00355971080906414,1.92517154961,0,low,low
USA,29063,29,0.882145863278,0.920781601455,0.911420667109955,0.897392056381265,0.875700800131555,0.951846784284381,0.907754348737636,main,-0.00936093434504504,2.54455529587,0.37405091316,middle,middle
USA,29065,29,0.865292680348,0.87825703613,0.8798537784428,0.874351473990432,0.823465849639859,0.943671065847294,0.87912526148018,main,0.00159674231280005,2.21135099675,0,low,low
USA,29067,29,0.853051098186,0.869230916043,0.876009023412494,0.878916902288108,0.814769830824734,0.945316750026285,0.878051595546294,main,0.00677810736949402,2.02344855076,0,low,low
USA,29069,29,0.838243606893,0.85833701308,0.888817610250695,0.875739677492422,0.834193041720318,0.950639206880569,0.885562268022425,main,0.030480597170695,3.15454346903,0.295400059297,middle,middle
USA,29071,29,0.895327164698,0.909701396298,0.900787265799995,0.879505942752277,0.854000853671879,0.953737994312113,0.894764453380105,main,-0.00891413049800494,3.79340993635,0.304755517875,high,middle
USA,29073,29,0.89311545914,0.891834687739,0.886582354507151,0.881439688624854,0.829668142785025,0.950995264929243,0.885982458853007,main,0.00525233323184904,2.5057698237,0,middle,low
USA,29075,29,0.866272079046,0.892743469601,0.871126449180155,0.866624363613913,0.810812953907232,0.939386513770451,0.870693491209264,main,-0.021617020420845,1.83108626749,0,low,low
USA,29077,29,0.910884358566,0.919843561076,0.930153084662518,0.90469536745724,0.894554618297433,0.970441806156777,0.922627174787438,main,0.010309523586518,5.20499065705,0.805073322476,high,high
USA,29079,29,0.879696570041,0.886209922239,0.879468977590786,0.867418062400202,0.821815173575228,0.944718924856649,0.876533281645818,main,-0.006285759747786,2.30522271624,0,low,low
USA,29081,29,0.871708698419,0.884303610001,0.883334955391061,0.880103240719983,0.820813672343536,0.954093693543782,0.883330194018918,main,-0.000968654609939001,1.75548580765,0,low,low
USA,29083,29,0.87374674358,0.887349392875,0.901465972926921,0.892403849309445,0.849205421530867,0.960612082726672,0.899581977378682,main,0.014116580051921,2.59091743486,0.316855405029,middle,middle
USA,29085,29,0.854908185807,0.884093156024,0.888418941358002,0.891548779948915,0.823924296136776,0.961411040864221,0.890527171333951,main,0.00432578533400207,2.35346667495,0,low,low
USA,29087,29,0.893468889535,0.898021524362,0.875826876344595,0.880555182923658,0.815995675612635,0.943541101958577,0.878486488173358,main,0.0130893783634051,1.60364612302,0,low,low
USA,29089,29,0.91092093241,0.890102521039,0.872756402867763,0.86249064651347,0.820632191355437,0.931748209402094,0.870429971522684,main,0.017346118171237,2.23996539909,0,low,low
USA,29091,29,0.86743687665,0.882634083671,0.893928083166065,0.883175046524934,0.840353660592038,0.954561172472906,0.891464836097084,main,0.0112939994950649,2.90190178217,0.22205676189,middle,middle
USA,29093,29,0.838514374146,0.870830031833,0.877218638475676,0.871324250997203,0.822562963546203,0.939075439910079,0.876361207483691,main,0.00638860664267604,2.13078881585,0,low,low
USA,29095,29,0.907985419932,0.938892123981,0.925641158501383,0.901393214762063,0.888514339164191,0.967659600220291,0.918545016075,main,-0.013250965479617,6.15014667467,0.930930865445,high,high
USA,29097,29,0.888633438389,0.893487872589,0.912056341511305,0.893479579199755,0.86770541719886,0.962250695934103,0.906946615702948,main,0.018568468922305,4.30974613258,0.634272344094,high,high
USA,29099,29,0.897817247676,0.909320255621,0.905294072111248,0.876680579119006,0.86480494527488,0.951117820188669,0.896736036898479,main,-0.00402618350975203,4.91067678928,0.540278153031,high,high
USA,29101,29,0.91326879554,0.902631967872,0.896449206547886,0.877542337455956,0.858463411391055,0.93943979794349,0.891154369543096,main,0.00618276132411399,3.26162360871,0.367450337713,middle,middle
USA,29103,29,0.878121768233,0.878822394987,0.870479619470644,0.873798623747226,0.811404178794465,0.937338510304425,0.872666595772772,main,0.00694152200835607,1.41015608306,0,low,low
USA,29105,29,0.861158316718,0.884898415784,0.894773063749767,0.882363115317064,0.843652301337904,0.952629212333904,0.891753683591095,main,0.00987464796576698,2.96655675565,0.300356184604,middle,middle
USA,29107,29,0.88914312282,0.89824042236,0.878246469600607,0.864420871177772,0.826175268412312,0.937178281466648,0.874728379002145,main,0.00179935367939288,3.06930595575,0.00399697701424,middle,middle
USA,29109,29,0.858686672284,0.877164467442,0.886249597838525,0.872266802619748,0.832527481182849,0.947049840574418,0.882687383612732,main,0.00908513039652492,3.25939780216,0.24277376718,middle,middle
USA,29111,29,0.879715115551,0.888116275848,0.873409886238465,0.86553482819791,0.819310465882211,0.934637144103477,0.871883975524014,main,-0.00209593098446503,2.16466739943,0,low,low
USA,29113,29,0.882265967097,0.898624067728,0.885387479494162,0.864258409377286,0.83735863261459,0.93974433902223,0.879403678788507,main,-0.013236588233838,3.59993001933,0.196959976921,high,middle
USA,29115,29,0.873410437678,0.886887838956,0.880454709068193,0.871498708105027,0.822965222602052,0.945518689221957,0.878562743837101,main,-0.00643312988780698,2.17332129066,0,low,low
USA,29117,29,0.883212207284,0.898699149807,0.910304834787656,0.899679643032479,0.86253898086086,0.964364050880168,0.907895532896558,main,0.011605684980656,2.49601466922,0.474511100761,middle,high
USA,29119,29,0.8426438842,0.857925278591,0.876262167032618,0.863696383166612,0.822141293736491,0.937513704357057,0.87316247382555,main,0.018336888441618,2.87914387395,0,middle,low
USA,29121,29,0.876374621067,0.885324704088,0.877210119940685,0.87178393946075,0.817685247986583,0.944577656607726,0.87648448251915,main,-0.00811458414731503,2.13355073071,0,low,low
USA,29123,29,0.872140749579,0.878668338019,0.892238796462366,0.874867774790174,0.840358488437992,0.950954564147249,0.887542025182789,main,0.013570458443366,2.36170878981,0,low,low
USA,29125,29,0.876194959411,0.880681994612,0.870919632671197,0.870835189783791,0.81804261829167,0.930763427174495,0.872001174982508,main,0.000788291538802999,2.04894428387,0,low,low
USA,29127,29,0.889280966141,0.906393093418,0.90827410752259,0.889912245279863,0.863439397797229,0.959015988222615,0.903236814619151,main,0.00188101410458996,3.27710873568,0.572494760383,middle,high
USA,29129,29,0.889824723613,0.872570315511,0.864614859697361,0.867631252267045,0.804770831074644,0.932343603333348,0.866684713349471,main,0.00795545581363899,1.43928786168,0,low,low
USA,29131,29,0.880222040273,0.889319442629,0.893129260977583,0.872222877527222,0.837409338916599,0.956190528802274,0.887230719400279,main,0.00380981834858307,2.85194102566,0,middle,low
USA,29133,29,0.826490003839,0.87469993605,0.881264215789234,0.871119037791635,0.831083609023982,0.938056339069047,0.878989556056878,main,0.00656427973923401,2.68877355321,0,middle,low
USA,29135,29,0.871065976925,0.887574042403,0.870448887282883,0.860182510924589,0.816283276765912,0.931751056154549,0.868114746840722,main,-0.0158909758358831,2.75424280511,0,middle,low
USA,29137,29,0.87232329187,0.883053036962,0.876210809294001,0.877498435812918,0.819224602907968,0.940705199994864,0.877743510841629,main,-0.00684222766799902,1.81862864489,0,low,low
USA,29139,29,0.864912531888,0.88707209745,0.87688673860397,0.873906062867261,0.819749308845529,0.941552277024285,0.876994257893167,main,-0.01018535884603,2.28442951909,0,low,low
USA,29141,29,0.841694944288,0.882438585703,0.881631384260113,0.874468530366648,0.822071555558697,0.949038483380279,0.880330759296976,main,-0.00080720144288704,2.67604456266,0,middle,low
USA,29143,29,0.850395623605,0.862917364148,0.888196430725672,0.88132721126937,0.831208433575886,0.952692848131319,0.887019856226043,main,0.025279066577672,2.45809164411,0.0671457046429,middle,middle
USA,29145,29,0.888348906183,0.87779349494,0.893789631679314,0.874496508408823,0.84356280871754,0.95063406034361,0.888443112390864,main,-0.00511468574668594,3.63680176486,0.262468060242,high,middle
USA,29147,29,0.92838124895,0.934124847636,0.917860976424386,0.904992454902518,0.889131303656071,0.950375910436239,0.914468519589752,main,0.00477667383961389,2.43978703581,0.503268272577,middle,high
USA,29149,29,0.844190965722,0.869978452484,0.877762407464838,0.879889954461351,0.816015004214681,0.94764530373981,0.8795437350322,main,0.00778395498083806,1.85479475483,0,low,low
USA,29151,29,0.903295534094,0.881815397252,0.879311156069826,0.872291080691176,0.82569313930891,0.939993583290169,0.878081847122442,main,0.00250424118217396,2.30220991794,0,low,low
USA,29153,29,0.850353136641,0.868961172031,0.871171705424998,0.876598057091987,0.811462292050369,0.938748097659566,0.874056095154472,main,0.00221053339399802,1.80027444493,0,low,low
USA,29155,29,0.83499275341,0.855706401044,0.880233102519458,0.874692925283771,0.827044110979963,0.940429978551089,0.879502174277809,main,0.024526701475458,2.69901110191,0.292153964203,middle,middle
USA,29157,29,0.898518861865,0.881992091728,0.897591763101581,0.881981565186054,0.847170481346072,0.954656271364323,0.893495667231193,main,-0.015599671373581,2.81050761479,0.298142194086,middle,middle
USA,29159,29,0.881417705157,0.90451470818,0.903782324025119,0.888467970374712,0.856743946613149,0.957018215359794,0.89978277466845,main,-0.000732384154880972,3.23199536997,0.515774052025,middle,high
USA,29161,29,0.915195487675,0.902014119543,0.909403028447565,0.891475928472536,0.868612047001009,0.95556840181291,0.904480239695885,main,-0.00738890890456501,3.32997388011,0.406898365658,middle,middle
USA,29163,29,0.862765917676,0.894390364947,0.885933052729582,0.870057157046097,0.837187145903203,0.941101448018637,0.881729948993008,main,-0.00845731221741797,2.45593833412,0,middle,low
USA,29165,29,0.946732571748,0.933235442051,0.91942268683673,0.900103320015758,0.879990552101777,0.96405017943621,0.914022045997628,main,0.0138127552142699,4.50368057586,0.726869798301,high,high
USA,29167,29,0.889918787592,0.883745995563,0.8937926106637,0.881704259238951,0.846051528319255,0.947823791408508,0.890872978367642,main,-0.00229896895730008,3.03304314733,0.300005168687,middle,middle
USA,29169,29,0.883206223183,0.888381612456,0.896281165392786,0.863237183183881,0.861888191556255,0.935205565394984,0.8861271656062,main,0.00789955293678601,3.70679316446,0.258117547292,high,middle
USA,29171,29,0.870783586658,0.879107804022,0.875726689033754,0.870856921875766,0.814598282449446,0.944909033098963,0.875172037193806,main,-0.003381114988246,1.53634132508,0,low,low
USA,29173,29,0.892248559852,0.886362135022,0.873681597825195,0.863155481503364,0.820228634226331,0.934177225400591,0.8712666251397,main,0.012680537196805,2.2476786635,0.0168997423387,low,middle
USA,29175,29,0.868915679721,0.903267544974,0.904880291129995,0.889946344159293,0.861614384993114,0.953846671441682,0.900986833113924,main,0.00161274615599505,3.06591984076,0.410201944602,middle,middle
USA,29177,29,0.888014306139,0.892404467093,0.884859535035206,0.875269503332254,0.835749607482529,0.940439912388588,0.88277429115748,main,-0.00123538985020599,2.82816201138,0.218314346097,middle,middle
USA,29179,29,0.859063389932,0.87141085075,0.876125915631417,0.883972153824768,0.823304312806572,0.935906997863034,0.879853885943183,main,0.00471506488141693,1.43208972398,0,low,low
USA,29181,29,0.838860477955,0.862972164209,0.874579556568928,0.869631431596195,0.817851348969049,0.938781956004364,0.874026858929316,main,0.011607392359928,2.27613527106,0,low,low
USA,29183,29,0.951843787171,0.935147377999,0.924924713309333,0.909050990405377,0.887610732957037,0.967154975333497,0.920666384792714,main,0.010222664689667,5.62519970305,0.915926762997,high,high
USA,29185,29,0.869120202131,0.874020604976,0.881533806387086,0.883070236712965,0.822891368869049,0.947902643984708,0.883148691336506,main,0.00751320141108602,1.88971412022,0,low,low
USA,29186,29,0.904759413418,0.886499824316,0.879482617003288,0.867533796871537,0.828880548289301,0.936751731704554,0.876598961453338,main,0.00701720731271205,2.71259141744,0,middle,low
USA,29187,29,0.858857069215,0.902156522783,0.913859145618962,0.891415175669795,0.874756045183297,0.958114252197365,0.907391608771899,main,0.011702622835962,4.08825902789,0.533808055754,high,high
USA,29189,29,0.938150648076,0.947162249607,0.937525204749318,0.913308159052865,0.900188766177954,0.979780883962076,0.930450548156977,main,-0.00838615820431798,6.66035666299,0.964303916505,high,high
USA,29195,29,0.88992194705,0.905314685896,0.897486761561051,0.888701511565723,0.850878706892167,0.950235633231142,0.89567742635,main,-0.00782792433494894,2.55221083176,0.499589039316,middle,high
USA,29197,29,0.866647379451,0.874205963453,0.859076308466884,0.857796630949001,0.797085805468148,0.929234333955722,0.859682764555715,main,1.24869821160889e-05,1.8956316494,0,low,low
USA,29199,29,0.845198811618,0.871000079795,0.863848539418572,0.85880270152141,0.798893963287697,0.937361167762619,0.863170322025059,main,-0.00715154037642807,1.65474560126,0,low,low
USA,29201,29,0.867183484715,0.877616407863,0.892395775353535,0.874958540196706,0.842127580808927,0.949287026489381,0.88767564382636,main,0.014779367490535,3.59797817308,0.338466276439,high,middle
USA,29203,29,0.843262945404,0.861952685671,0.861183584967051,0.868273251454726,0.805287043705946,0.924444742351342,0.864628135368598,main,-0.000769100703948977,1.44704618227,0,low,low
USA,29205,29,0.872714490804,0.874582327102,0.86759818676604,0.86856534003809,0.807292981775317,0.935848868792849,0.868986701981726,main,0.00324846773996001,1.75641401806,0,low,low
USA,29207,29,0.86221783002,0.873298828617,0.893134191642351,0.881692365918711,0.842680600026715,0.950235266731955,0.890438112379917,main,0.0198353630253509,2.71097707702,0.235363027377,middle,middle
USA,29209,29,0.89792861032,0.890649690268,0.89649641594601,0.886227986554233,0.839268476385401,0.961264389234575,0.894189862287079,main,-0.00584672567801003,3.35966453084,0,middle,low
USA,29211,29,0.867655456521,0.878840978373,0.869548316823584,0.865784830519825,0.815214293737161,0.931041087364357,0.869394459914989,main,-0.00929266154941599,1.58697492473,0,low,low
USA,29213,29,0.895002205104,0.892333574648,0.910649416104662,0.897114773944495,0.860239174037755,0.967701430151082,0.907269272738181,main,0.0129785805446621,3.56178959781,0.315243533744,high,middle
USA,29215,29,0.860335435317,0.880738323962,0.881656112834442,0.878022193256883,0.827728614489527,0.942688797203997,0.881564181365786,main,0.000917788872441982,2.28695988948,0,low,low
USA,29217,29,0.883364297564,0.879422544405,0.891603034580754,0.883970073861695,0.842366196695373,0.947327043263546,0.890183368863167,main,0.0042969838577539,2.39447927434,0.366720851072,middle,middle
USA,29219,29,0.892857602368,0.897252976115,0.883814509463746,0.868156919583031,0.83226780154477,0.942152723756328,0.879685724029499,main,0.00464771915725415,3.49550416318,0.17769086564,middle,middle
USA,29221,29,0.84621372113,0.885036479435,0.876675135223632,0.859337709060269,0.828129334667511,0.93161705935775,0.871966547321759,main,-0.00836134421136792,2.64485792137,0,middle,low
USA,29223,29,0.844060495016,0.863387521079,0.870536887571447,0.872411218942691,0.812326844603361,0.936416360727917,0.872248731886136,main,0.00714936649244702,2.06693813031,0,low,low
USA,29225,29,0.864120770535,0.871692218118,0.876686329231592,0.865588781966721,0.819743188465985,0.941131980226379,0.874070887961019,main,0.00499411111359194,3.24636578168,0.159262464277,middle,middle
USA,29227,29,0.870703775291,0.897219320732,0.876695525594927,0.880690772186582,0.819020227275855,0.941969799133701,0.879127133002006,main,-0.0205237951370729,1.39598967061,0,low,low
USA,29229,29,0.841882711459,0.868324736935,0.879045771805987,0.869453886003416,0.818727126987417,0.947311664417307,0.876919119887316,main,0.010721034870987,2.46716508992,0,middle,low
USA,29510,29,0.898801892434,0.938078536426,0.936089066953528,0.893233246312233,0.908429443857813,0.967392967523594,0.922471595614035,main,-0.00198946947247203,7.6035009835,0.998624029661,high,high
USA,30001,30,0.939305804512,0.908533568362,0.893758387372995,0.89002344780619,0.847898492101192,0.945314828921742,0.893526136643807,main,0.0147751809890051,0.526444815709,0,low,low
USA,30003,30,0.838385108851,0.87453067383,0.840557009159429,0.845833250723702,0.773833500721761,0.91556866460054,0.843090897640401,main,-0.0339736646705711,0.728695465667,0,low,low
USA,30005,30,0.863528254504,0.879295032989,0.850572452936911,0.862538533687222,0.787407477926589,0.921583547112916,0.855403293289338,main,-0.0028109769179111,0.483102142854,0,low,low
USA,30007,30,0.904048498837,0.905799132505,0.881966245394934,0.88293327482753,0.830024022287658,0.94036053900748,0.883292034671499,main,0.0203316197740661,1.13590536416,0,low,low
USA,30009,30,0.915300744804,0.918751313783,0.882346508861431,0.888956275201095,0.831539042880094,0.939465090022198,0.885553010803344,main,0.0295036669635691,1.12389311617,0,low,low
USA,30011,30,0.887744865556,0.88549291595,0.863456376806736,0.871279430642976,0.802604860720968,0.931866642762087,0.866970534716487,main,0.022036539143264,0.127327948832,0,low,low
USA,30013,30,0.903310717611,0.918760348107,0.912911548358099,0.91519748968735,0.870443059050951,0.960655316058629,0.914690690686578,main,-0.00584879974890107,2.60602287384,0.766036919209,middle,high
USA,30015,30,0.899773102103,0.897360667946,0.866554873265441,0.875876318130324,0.809929390145823,0.930214164097296,0.870611294391308,main,0.030805794680559,0.471103339478,0,low,low
USA,30017,30,0.897363637861,0.916768243105,0.912698897970724,0.936611639349261,0.871182949450971,0.959371803796469,0.921620138223175,main,-0.00406934513427604,0.825136080128,0.699885775687,low,high
USA,30019,30,0.907488511043,0.900250459731,0.89035182590275,0.889927098101847,0.83127356882441,0.956768565186803,0.891186160720281,main,0.00989863382825007,0.396241517226,0,low,low
USA,30021,30,0.89402489086,0.906924422639,0.886810922758182,0.88598414943739,0.836481035910039,0.943392601675289,0.887547297439366,main,-0.00568556367718187,0.940762492172,0,low,low
USA,30023,30,0.868021155917,0.917258391715,0.916060518524098,0.920333413369814,0.881600020226569,0.95480157224189,0.918424165260931,main,-0.00119787319090203,1.82679131126,0.609250769231,low,high
USA,30025,30,0.898108968671,0.892383676584,0.872911031539632,0.868738183991681,0.814500839211568,0.93857672154535,0.872469141261468,main,0.019472645044368,0.557335793436,0,low,low
USA,30027,30,0.908556977481,0.905727585275,0.895313127981451,0.903060527792704,0.84591145782602,0.950851290567378,0.898913954969646,main,0.010414457293549,0.740602301812,0.483039061356,low,high
USA,30029,30,0.911064416655,0.921812752514,0.906869627618459,0.910267599968512,0.86135025677219,0.958043246059197,0.909029537714341,main,-0.0065535468224589,2.18666089115,0.431305215034,low,high
USA,30031,30,0.969091363054,0.948596791037,0.924536626141568,0.914933831564606,0.892420474976151,0.960642126612447,0.922232196677894,main,0.0240601648954321,2.80868664373,0.562015313503,middle,high
USA,30033,30,0.878038541239,0.905568509725,0.884964707040528,0.89061931896354,0.831887320113673,0.94463517031647,0.887851315262925,main,-0.020603802684472,0.09974920471,0,low,low
USA,30035,30,0.838822605803,0.884326941556,0.862693401597155,0.866954961644361,0.804277780292291,0.928365194947057,0.865048556430273,main,-0.021633539958845,1.0514295147,0.351184905509,low,middle
USA,30039,30,0.934812807849,0.904606050119,0.881951965722689,0.89224141854136,0.82438650871769,0.946667990513307,0.886346735282839,main,0.022654084396311,0.564538672532,0,low,low
USA,30041,30,0.895960391464,0.897068556164,0.888788243045432,0.890854458992713,0.837910633854003,0.945985680345963,0.890491286426167,main,0.00606398371856787,1.18650718234,0.544247524143,low,high
USA,30043,30,0.926097911774,0.911826742092,0.870801855333689,0.875225881354239,0.822600252371247,0.924990882826236,0.873270549489181,main,0.041024886758311,1.38021127294,0,low,low
USA,30045,30,0.907529944603,0.912118908179,0.878865669271522,0.886248285201887,0.830140537443772,0.933643256445318,0.882326516983642,main,0.0240753117554779,0.366559378474,0,low,low
USA,30047,30,0.88480132119,0.905628115568,0.879655349913328,0.879199898400165,0.820563437446109,0.946087440808073,0.880461471273093,main,-0.0156808231013281,2.22040571619,0,low,low
USA,30049,30,0.927894156221,0.922335438364,0.910557146466457,0.917585915610373,0.868942926809544,0.957340530305921,0.913905895634467,main,0.011778291897543,2.18886949838,0.596546975793,low,high
USA,30051,30,0.900345253135,0.885588882606,0.865108727474913,0.871143316922385,0.804966085708543,0.932722065369332,0.868040152366482,main,0.020480155131087,0.528329849667,0,low,low
USA,30053,30,0.874345747197,0.898189874841,0.88857898698567,0.896386893874515,0.833733036151976,0.95023769862432,0.892178160950052,main,-0.00961088785533004,1.19183005566,0,low,low
USA,30055,30,0.895235199064,0.892703248931,0.867207352800196,0.876109103388481,0.799989300123787,0.942774982933068,0.870997296551659,main,0.0254958961308039,0.231895640734,0,low,low
USA,30057,30,0.925459104915,0.913636491183,0.889082337114047,0.904781578679474,0.83632159045227,0.948396828244352,0.895300960561131,main,0.024554154068953,0.653846990844,0,low,low
USA,30059,30,0.912134927498,0.893862281755,0.868090499680476,0.871485037613879,0.808746645872011,0.934805827136417,0.870157657134947,main,0.025771782074524,0.282014918206,0,low,low
USA,30061,30,0.87215559932,0.899347849532,0.893846553013206,0.900729754616198,0.837605973942633,0.957073128441137,0.897139129984581,main,-0.00550129651879394,0.90691911529,0,low,low
USA,30063,30,0.941526282699,0.929617817518,0.926004203859813,0.924894175821302,0.893973239104065,0.962013936380836,0.926543845350518,main,0.00361361365818702,2.95695473794,0.65663929795,middle,high
USA,30065,30,0.842371415313,0.905825186552,0.875678439355094,0.881716128766864,0.820553647316775,0.937650628819685,0.878669607753343,main,-0.0301467471969059,0.698266217138,0,low,low
USA,30067,30,0.922070639346,0.929344532715,0.910805482619626,0.910905920365729,0.869508337409006,0.957232406199857,0.911846123357305,main,0.00399126335737399,1.19700236444,0.409127755884,low,middle
USA,30071,30,0.864748919302,0.892925414722,0.8737195587866,0.87973106137492,0.813220254524617,0.94173386247038,0.876655106008549,main,-0.0192058559354,0.288366637172,0,low,low
USA,30073,30,0.901763298415,0.89006383724,0.871240563846304,0.872826175005598,0.812258217940193,0.937549478227669,0.872714163012914,main,0.018823273393696,0.935497191481,0,low,low
USA,30075,30,0.910748749738,0.910344041705,0.89527005665746,0.929419076079276,0.844179654816947,0.952706718921535,0.907545826117617,main,0.0150739850475401,0.19441892355,0,low,low
USA,30077,30,0.878478131516,0.908957896791,0.888329302538314,0.88382563284841,0.848958832252378,0.932590226773166,0.887799088019316,main,-0.020628594252686,0.807653537387,0,low,low
USA,30079,30,0.890766496661,0.873534576828,0.855800249685327,0.858569925593402,0.788014259472092,0.932006364451606,0.857517270149388,main,0.017734327142673,0.24681075417,0,low,low
USA,30081,30,0.908274439272,0.903378804115,0.894075860306538,0.903683590903936,0.842080534915404,0.952529852371895,0.898289259023987,main,0.00930294380846208,2.10675312654,0.133668457303,low,middle
USA,30083,30,0.897430236391,0.906760613623,0.896061900369076,0.891710529855599,0.850339200167856,0.947464104983889,0.895625163387585,main,-0.00796204121007604,1.07988797567,0.487633070026,low,high
USA,30085,30,0.815629635982,0.87844910762,0.850204259492477,0.846341771302158,0.784965325496113,0.923546932155624,0.849738064205496,main,-0.0282448481275229,1.03811984533,0,low,low
USA,30087,30,0.856253801695,0.886034527537,0.855720535154444,0.862881797107884,0.797721963903742,0.920923474037651,0.859030927884636,main,-0.029247459301444,0.565418932458,0,low,low
USA,30089,30,0.876040801828,0.895722354675,0.880551262378236,0.894169538397946,0.821891014402878,0.946498069017284,0.88603581772995,main,-0.0151710922967641,1.02088979094,0,low,low
USA,30091,30,0.886507714273,0.895004792355,0.879643819596002,0.880354414714641,0.821596049632319,0.944902068474033,0.880847845035212,main,-0.00163318340500196,0.580149856475,0,low,low
USA,30093,30,0.905747718778,0.926273090635,0.923833712968407,0.930044155433969,0.885932560724109,0.966442805918403,0.926887011405218,main,-0.00243937766659297,3.0285581401,0.817250222952,middle,high
USA,30095,30,0.915500942829,0.909959689508,0.875915183308838,0.879285708045294,0.821208531458626,0.93741729276039,0.878022157652426,main,0.034044506199162,1.15561965352,0,low,low
USA,30097,30,0.915735995859,0.909033139055,0.892218053543335,0.897704917176429,0.83085699360588,0.961201156999739,0.895003477839024,main,0.016815085511665,0.598521818268,0,low,low
USA,30099,30,0.900481692716,0.893267786404,0.867330357739608,0.875618013083742,0.805445390487441,0.936902446336246,0.870993779842096,main,0.025937428664392,0.735667501252,0,low,low
USA,30101,30,0.872194317382,0.905078123323,0.887781906328257,0.878375689055313,0.847136072172661,0.933476615407357,0.885616382476282,main,-0.0172962169947429,0.768948912149,0,low,low
USA,30105,30,0.88823561993,0.906539496257,0.880791099981341,0.886081089173453,0.824883041580159,0.943643850254338,0.883536819185351,main,-0.010859356378341,0.477538382122,0,low,low
USA,30107,30,0.864604048706,0.881278901387,0.864112309832696,0.865813514421261,0.801688940572674,0.934289678739793,0.865573465857614,main,-0.016183113807696,0.484445564278,0,low,low
USA,30109,30,0.88664691697,0.885289257588,0.850164410802439,0.851239014901496,0.781623274103522,0.927219473552987,0.851289315168836,main,0.035124846785561,0.382967105956,0,low,low
USA,30111,30,0.913701600172,0.938425082473,0.917372040032155,0.914581902668161,0.87599320694622,0.963890798452915,0.917452789400848,main,-0.021053042440845,3.23215946691,0.779158772057,middle,high
USA,31001,31,0.922710318135,0.923191939599,0.909683564302876,0.899583467848711,0.864654796739477,0.960633067537425,0.907431639121963,main,0.012545132368124,3.14505773569,0.697371905963,middle,high
USA,31003,31,0.903510854199,0.890780308264,0.871681542478462,0.869617721275901,0.810520498703901,0.940651051016893,0.871980908582076,main,0.019098765785538,1.38617934494,0,low,low
USA,31011,31,0.925762490603,0.892665295838,0.875397464711746,0.868232199453664,0.815115001419064,0.943483106394454,0.874036630552874,main,0.0172678311262541,1.40179372015,0,low,low
USA,31013,31,0.880061303714,0.902353810858,0.891542185334004,0.891630280504135,0.843047918524903,0.946187163003041,0.892629784113425,main,-0.0108116255239961,1.62726512935,0.618628345389,low,high
USA,31015,31,0.901239423655,0.887625353999,0.872100490418425,0.874364107993873,0.807713374491887,0.944616602916928,0.87377924280867,main,0.015524863580575,0.905649650077,0,low,low
USA,31017,31,0.925254405422,0.897863642481,0.892709589947177,0.892835773966406,0.83028206209603,0.963060533786337,0.893751824601737,main,0.00515405253382306,0.687159729513,0,low,low
USA,31019,31,0.940313475289,0.924642293383,0.913739206992512,0.900007348187427,0.873393610356125,0.959484898249989,0.910258486030538,main,0.010903086390488,3.02080308969,0.625644616976,middle,high
USA,31021,31,0.903233907177,0.887240794092,0.866010998695884,0.856408669413233,0.805805318981911,0.934061534780348,0.863831209917215,main,0.0212297953961159,1.84525307585,0,low,low
USA,31023,31,0.90687278073,0.891612628292,0.868592016261847,0.863092625922089,0.812213115000587,0.932242047224173,0.867798104234246,main,0.023020612030153,1.88958030551,0,low,low
USA,31025,31,0.922554071647,0.911831437108,0.885917693791212,0.872586797299343,0.835964726308718,0.94248630163546,0.882586362080252,main,0.025913743316788,2.95750797911,0.243967437053,middle,middle
USA,31027,31,0.924126815475,0.893622161878,0.870360229862675,0.863850737096015,0.808017079155689,0.940755659485867,0.869184612976563,main,0.023261932015325,1.72878838193,0,low,low
USA,31029,31,0.901582055652,0.892001592322,0.886088090461527,0.876175264238072,0.827101382665241,0.952770040195469,0.88385144400474,main,0.00591350186047301,1.01201293991,0,low,low
USA,31031,31,0.902082668279,0.888976848081,0.882726359810893,0.885687633141842,0.827366056975914,0.94505151487983,0.884731019606014,main,0.00625048827010699,0.317076583466,0,low,low
USA,31033,31,0.908293249675,0.912932200159,0.9079699810648,0.906902621663314,0.861102726759025,0.960804642059434,0.908692418942957,main,-0.00431568187379994,1.46922880319,0.60411272892,low,high
USA,31035,31,0.895541791541,0.898694774194,0.872050137420142,0.860391878555108,0.812656349089827,0.939228213929097,0.86921014866453,main,0.0203386714678579,1.69476534396,0,low,low
USA,31037,31,0.871451597488,0.886243353526,0.875207288504355,0.860895234640088,0.823365059165473,0.933926738754596,0.87153570145103,main,-0.011036065021645,2.41563691999,0.578849038878,middle,high
USA,31039,31,0.913711482058,0.889677048264,0.875181789906718,0.863629539384366,0.814100766200216,0.94425989819632,0.872366673180343,main,0.0144952583572819,1.96752947753,0,low,low
USA,31041,31,0.905591098992,0.89298225886,0.880310462344676,0.880110588874803,0.820682728467518,0.947512167642217,0.881249963169851,main,0.012671796515324,0.974692846615,0,low,low
USA,31043,31,0.877993228027,0.896029607235,0.889366656644081,0.866590222838016,0.838829803540123,0.946791382249287,0.882905003259496,main,-0.00666295059091904,3.49709128557,0.63183302907,middle,high
USA,31045,31,0.935836518954,0.922705030663,0.91951741976336,0.910514860102377,0.883306971785495,0.960504018635564,0.917556101570082,main,0.00318761089964004,1.28926873577,0.573587541007,low,high
USA,31047,31,0.874592269132,0.89962880202,0.887626363395004,0.873150515988827,0.835716637633769,0.946424930960958,0.883916915599255,main,-0.0120024386249959,2.35665174609,0.401237103437,low,middle
USA,31049,31,0.891305008658,0.898109627525,0.882687341792336,0.874547838343022,0.825287052296269,0.947543662701634,0.881040645784827,main,0.001813047998664,0.9990682204,0,low,low
USA,31051,31,0.914852142915,0.878603416943,0.852068805447212,0.846060398347247,0.792820281895802,0.918965289657407,0.851056531379445,main,0.0265346114957881,1.77794996507,0,low,low
USA,31053,31,0.906855517718,0.913963802299,0.912146164053657,0.900712100044156,0.864986933202039,0.965524992253843,0.909465762939183,main,-0.00181763824534298,3.35856381245,0.706221340436,middle,high
USA,31055,31,0.932324656442,0.939655048539,0.927077712667803,0.900809593598743,0.889180563417597,0.970323820517119,0.91941845929095,main,-0.00208344832280294,6.55300278599,0.963872022779,high,high
USA,31057,31,0.90171930723,0.863435647354,0.853537744898024,0.855109857250715,0.790175552850757,0.92491337882791,0.854966020146566,main,0.00989790245597599,0.605190297562,0,low,low
USA,31059,31,0.906422686825,0.908408507927,0.886976211907602,0.876023428387036,0.834183614066662,0.946696473889314,0.884428465088904,main,0.0174606538153981,1.59337543192,0,low,low
USA,31061,31,0.892852128069,0.898182133147,0.881847086006332,0.877580645888613,0.824191370492645,0.946910433300263,0.881470942637345,main,0.00567503698466809,1.14928646086,0,low,low
USA,31063,31,0.944852704616,0.895666136802,0.879119970641342,0.877894064224744,0.823474543046079,0.941853692525855,0.879748587918537,main,0.0165461661606581,0.734785993723,0,low,low
USA,31065,31,0.892249413876,0.895997525521,0.875171058740204,0.870715718000625,0.815601984318997,0.942395669734472,0.874707089805603,main,0.013330243490796,1.30402134676,0,low,low
USA,31067,31,0.90015830928,0.914973057998,0.899429947760261,0.888559917394586,0.849945019520756,0.955419165748889,0.896927143055175,main,-0.0140863871982611,2.42771870535,0.458085025237,middle,high
USA,31069,31,0.919528097076,0.89140769171,0.872341596985491,0.877398469771014,0.812773989999281,0.93936622411064,0.874984856688904,main,0.019066094724509,0.380869627866,0,low,low
USA,31071,31,0.899601539192,0.89053941468,0.887242569608355,0.882632585261585,0.826426696621138,0.955875694128293,0.886737832205611,main,0.00329684507164496,0.903455383442,0,low,low
USA,31073,31,0.932808137233,0.900504392809,0.868096370459248,0.871709087838397,0.81690484508438,0.925709124926496,0.870307107113188,main,0.0324080223497519,1.01137894354,0,low,low
USA,31077,31,0.914714684617,0.878619536905,0.870700376695797,0.867894248779227,0.806437926707847,0.943182082318012,0.870718487252207,main,0.00791916020920302,1.00639640315,0,low,low
USA,31079,31,0.891719252555,0.918167154329,0.909090486304766,0.898239873145997,0.861823129760041,0.962579136334055,0.906599843610034,main,-0.00907666802423401,3.80605169639,0.745015363213,high,high
USA,31081,31,0.92810576398,0.908282616844,0.880634325254024,0.869604348059213,0.825481147528987,0.943017756504787,0.878043928222458,main,0.0276482915899761,2.03206436099,0,low,low
USA,31083,31,0.908811090535,0.886272626869,0.86837155771103,0.869746933056826,0.803741577268542,0.941180159499941,0.869749193604514,main,0.01790106915797,1.21913906939,0,low,low
USA,31087,31,0.910750471704,0.87070361827,0.855616113998329,0.854603155612146,0.792694259315137,0.926549321098792,0.856208593591502,main,0.0150875042716709,0.954342483772,0,low,low
USA,31089,31,0.89700523086,0.887186319926,0.873660363102405,0.871795651795909,0.812155733585699,0.943013007852432,0.874025088170746,main,0.013525956823595,0.980890739109,0,low,low
USA,31093,31,0.909759125386,0.888670330034,0.871822764444421,0.866536553657894,0.811051393572169,0.940420377415759,0.87106874527218,main,0.016847565589579,1.67239690519,0,low,low
USA,31095,31,0.884526309575,0.901421627812,0.885736817906835,0.876127351666456,0.827203733614381,0.951900978866745,0.883602968086267,main,-0.015684809905165,1.80867310041,0,low,low
USA,31097,31,0.885930293131,0.903246245681,0.883264508806622,0.86526817396098,0.838255280514288,0.934357150429759,0.878375028108344,main,-0.0146501682256219,1.91697849784,0,low,low
USA,31099,31,0.916031077723,0.892333211602,0.864623799131266,0.852714214067532,0.805956576174578,0.930988235471288,0.861694087163987,main,0.027709412470734,1.77626297834,0,low,low
USA,31101,31,0.90098391356,0.896406540844,0.893520671476218,0.889016105309362,0.832933943841968,0.961893050856089,0.893063470617512,main,0.0028858693677819,1.40619210929,0,low,low
USA,31105,31,0.883110092704,0.888343349753,0.877182951789598,0.872245219527464,0.817755070066737,0.944258406897413,0.876565219160409,main,0.000693883865401923,0.941626983905,0,low,low
USA,31107,31,0.905794991567,0.893442464423,0.868825991438051,0.86499430450008,0.804999396896364,0.940837852323805,0.868509410021995,main,0.0246164729849491,1.39904805121,0,low,low
USA,31109,31,0.946189048771,0.945870183216,0.926629640873898,0.915550137104974,0.892001789964476,0.965875218900374,0.923966645608589,main,0.019240542342102,4.95998393048,0.892620093317,high,high
USA,31111,31,0.905121995789,0.903572980194,0.90322431596068,0.902141543237908,0.857075709477744,0.955249331891303,0.903934309366243,main,0.000348664233320028,1.90529705987,0.631071836157,low,high
USA,31119,31,0.912526380874,0.917432753038,0.91066886071752,0.90178558409779,0.865120621124763,0.962178652007614,0.90882142437326,main,-0.00304885200752003,3.22548004186,0.671418957029,middle,high
USA,31121,31,0.902519930495,0.901882688418,0.873629341155595,0.860409130357273,0.818181618430662,0.936390997703119,0.870303345129149,main,0.028253347262405,1.99459427656,0,low,low
USA,31123,31,0.890779080115,0.884505966541,0.871931036518464,0.865138339598056,0.814318646203891,0.936998648300102,0.870708867579807,main,0.012574930022536,0.865112693656,0,low,low
USA,31125,31,0.906061903629,0.89951253609,0.874250269988304,0.861598006887056,0.81948125744732,0.93623477488838,0.871116339143204,main,0.025262266101696,1.45455397204,0,low,low
USA,31127,31,0.92572742692,0.904437683992,0.880408345243774,0.867727629548041,0.828588599256295,0.939068138702993,0.877283231866431,main,0.024029338748226,2.07729895132,0,low,low
USA,31129,31,0.899017417445,0.901735283722,0.882498590780972,0.876879706939122,0.820904461120195,0.952030426359967,0.881646500339907,main,0.0138009603870279,1.38624039731,0,low,low
USA,31131,31,0.909925974251,0.906313851792,0.892053952865354,0.880538205440736,0.84059302083682,0.950284520080634,0.889329188168796,main,0.0142598989266459,2.42050612302,0.380906746178,middle,middle
USA,31133,31,0.88526049874,0.888370001054,0.87365912964895,0.870665204843253,0.810330921314895,0.945091356882506,0.873633201398056,main,0.00849186677705005,1.24512854701,0,low,low
USA,31135,31,0.894841146745,0.889234790239,0.875952646105758,0.875508679620873,0.812045281550385,0.947984376745164,0.87675979758201,main,0.013282144133242,0.835764515278,0,low,low
USA,31137,31,0.914730406073,0.907624901915,0.899223217346789,0.892669314675612,0.84952436235864,0.955363736027499,0.898142123227109,main,0.008401684568211,2.03472293956,0.539410861506,low,high
USA,31139,31,0.926983759225,0.888804851009,0.865387237935916,0.856257663326752,0.807540992915493,0.930767666481343,0.863382905584166,main,0.023417613073084,1.77892354855,0,low,low
USA,31141,31,0.921567419276,0.913651816792,0.902285097169428,0.886970114475003,0.852197219344349,0.959046774178976,0.898317022938209,main,0.0113667196225721,3.0042503234,0.622581905173,middle,high
USA,31143,31,0.931705647571,0.899108404901,0.871601450518806,0.859695914189463,0.813818436940437,0.936968592075818,0.868691969619734,main,0.027506954382194,1.76582772014,0,low,low
USA,31145,31,0.897446831822,0.913328138385,0.910812237586692,0.907164693739684,0.864845126217989,0.962685624042684,0.910688088256071,main,-0.00251590079830799,1.95575677998,0.613802960225,low,high
USA,31147,31,0.891974485583,0.901027227522,0.880752679818745,0.869611566076852,0.822588376075832,0.946533343328868,0.878107994293398,main,0.00216906382525484,1.91443626669,0,low,low
USA,31149,31,0.920298536522,0.89117998309,0.873030354938965,0.869192733964429,0.816930131659074,0.936331385172515,0.872790869449377,main,0.018149628151035,0.454890556701,0,low,low
USA,31151,31,0.903790750056,0.907291241523,0.888983159128565,0.873228120837061,0.842349401816056,0.941860287807952,0.884848305512922,main,0.011307099460435,2.39126511446,0.427846811386,low,high
USA,31153,31,0.947329868349,0.932415430594,0.91646372155463,0.891681775234663,0.875967365690091,0.962609381903633,0.909318379022964,main,0.01595170903937,5.73634947695,0.913738145333,high,high
USA,31155,31,0.923615907993,0.899127557419,0.87583019574012,0.865210088807316,0.820223375063338,0.938716658011864,0.873365596960713,main,0.02329736167888,2.5025896343,0,middle,low
USA,31157,31,0.895290559277,0.906048032823,0.903766914352006,0.89421737602965,0.854760547811342,0.959189014977213,0.901703848483698,main,-0.00228111847099399,3.04037602194,0.653274865787,middle,high
USA,31159,31,0.934722382919,0.908070344992,0.888844340270965,0.875330465258475,0.842129198227341,0.941766458950575,0.885451265168496,main,0.019226004721035,2.54403228585,0.388065592253,middle,middle
USA,31161,31,0.891560026289,0.897446265826,0.873760897757836,0.876980524748177,0.814073635888198,0.940958615002141,0.87580627800598,main,0.011912888994164,0.618861787535,0,low,low
USA,31163,31,0.900816560023,0.897011439412,0.882987842433433,0.88168423764372,0.821782529864572,0.951991028504422,0.883556403902306,main,0.014023596978567,1.15757856202,0,low,low
USA,31165,31,0.920502423284,0.871989038261,0.846048436040528,0.858937648270326,0.784951277745064,0.914635147704984,0.851172156721863,main,0.025940602220472,0.217403163986,0,low,low
USA,31167,31,0.932777827354,0.887765446458,0.855796721833044,0.847215073465194,0.799481391687037,0.919439966447636,0.853968406710467,main,0.031968724624956,1.8892683994,0.000322706846725,low,middle
USA,31169,31,0.899627497713,0.891842984915,0.869001823676849,0.862468392053617,0.805403569701912,0.9408129219391,0.867800715636989,main,0.0228411612381511,1.49527285151,0,low,low
USA,31173,31,0.851360095371,0.864096898202,0.844704705623438,0.83099708059943,0.774390307326678,0.92424148260134,0.8409721643798,main,-0.00608141308343801,2.07422452331,0,low,low
USA,31175,31,0.91353976724,0.895383617539,0.889408122463826,0.879897909914378,0.827044907941571,0.959888451715749,0.887280046360191,main,0.00597549507517403,1.36146472773,0,low,low
USA,31177,31,0.928923046719,0.915334056237,0.904121816065857,0.887868639748832,0.853601385902744,0.961390720171115,0.899845435409137,main,0.0112122401711431,3.09850092254,0.337570670986,middle,middle
USA,31179,31,0.965902704653,0.911684825839,0.900208821217023,0.886349861570113,0.862842379518457,0.942599210889433,0.896646464312736,main,0.0114760046219771,2.25792487099,0.509847536754,low,high
USA,31181,31,0.897840360973,0.893980440211,0.869773716183876,0.861108796282481,0.809893749646048,0.937437201189173,0.867912784509274,main,0.024206724027124,1.27752958832,0,low,low
USA,31185,31,0.929553358949,0.920306796783,0.905663335369004,0.895228369623867,0.856834152058254,0.960904084860238,0.903310131937189,main,0.014643461413996,2.33258805375,0.509035484413,low,high
USA,32001,32,0.879217640663,0.882974304153,0.896014504590869,0.907940010757716,0.84194662628698,0.95684814660815,0.90100716644842,main,0.0130402004378689,0.472888948732,0,low,low
USA,32003,32,0.904461483312,0.914997421289,0.923544457085917,0.928231596424407,0.889211361955518,0.962173811224227,0.926058226813504,main,0.00854703579691707,4.84970876339,0.986112723476,high,high
USA,32005,32,0.938754610623,0.917104940625,0.919387485256878,0.917098305459992,0.866010301541301,0.979444002877072,0.919685882964313,main,-0.00228254463187794,2.22086031667,0,low,low
USA,32007,32,0.900115928978,0.89447220888,0.893201260731726,0.882583196656602,0.842262038695434,0.950514743250451,0.890677701728263,main,0.001270948148274,0.29732424209,0,low,low
USA,32011,32,0.867166958223,0.881064362372,0.872832470692839,0.878426965325068,0.814574083929342,0.938380998877271,0.87566599368912,main,-0.00823189167916105,0.0583930336232,0,low,low
USA,32013,32,0.885955671606,0.879075342997,0.891167922461555,0.893063133533212,0.836598254259855,0.952566145667684,0.892821731879445,main,-0.00166807775344502,0.187021592807,0,low,low
USA,32015,32,0.895698240668,0.865106368384,0.880594644154076,0.868274212965195,0.823300936185401,0.945057778823783,0.877454538183105,main,-0.0154882757700759,0.117165087011,0,low,low
USA,32017,32,0.892886243265,0.893395442244,0.905662255831246,0.911814476289111,0.859921801242823,0.957126425083468,0.908751030642693,main,0.012266813587246,0.0627940527325,0,low,low
USA,32019,32,0.872783098794,0.888442043931,0.896554629218386,0.887729927046046,0.843229653022166,0.956552406350831,0.894633520999316,main,0.00811258528738601,1.51025039546,0,low,low
USA,32021,32,0.84439578488,0.869562786749,0.897109574357401,0.907672243294115,0.835594984521151,0.966321769367264,0.90160341420745,main,0.027546787608401,0.13823504688,0,low,low
USA,32023,32,0.853341289601,0.876776380088,0.906582572804275,0.939895674311982,0.849948860510102,0.970303123487795,0.918600389898282,main,0.029806192716275,0.275269403596,0,low,low
USA,32027,32,0.874469033085,0.890033845385,0.901174497903237,0.900240864016238,0.861617529176482,0.945681413105033,0.901860502740913,main,0.011140652518237,0.125116468548,0,low,low
USA,32029,32,0.948046935826,0.905579913078,0.892017909471613,0.898899396807461,0.83339742655101,0.957973844580234,0.89530765669993,main,0.013562003606387,1.06638719624,0,low,low
USA,32031,32,0.923845691045,0.922478903787,0.926976011088528,0.934041619052909,0.892248881691749,0.966048706823651,0.930287290955304,main,0.00176353278552799,3.34466705961,0.906184055292,middle,high
USA,32033,32,0.877154465212,0.90020253645,0.905420194294583,0.899832955769676,0.859721297571073,0.956837605354021,0.904591713925344,main,0.00521765784458295,0.1293903185,0,low,low
USA,32510,32,0.883077811035,0.921149425922,0.938897755833628,0.926115713687606,0.899720392561489,0.982977563794335,0.935632877339417,main,0.017748329911628,4.76787918796,0.880929959049,high,high
USA,33001,33,0.923125689189,0.931833704296,0.919403275412699,0.897061779511978,0.874648158042508,0.973190838204896,0.914010637795564,main,-0.00498560133069903,4.12989062785,0.224297360082,high,middle
USA,33003,33,0.920762832812,0.926809013078,0.913527378657374,0.90178531670578,0.862348634503879,0.971728156086922,0.910843175642944,main,0.001189273888626,3.09812618458,0,middle,low
USA,33005,33,0.936866062338,0.927647948902,0.919132797621681,0.900127922809679,0.878640321896308,0.967373791637196,0.914611294867366,main,0.00851515128031899,3.81338936136,0.27408527658,high,middle
USA,33007,33,0.883544936869,0.91544726361,0.912348690934113,0.910112182947588,0.867991671487397,0.960603185210762,0.912119000746859,main,-0.00309857267588698,2.12472185493,0.228742989203,low,middle
USA,33009,33,0.945422949618,0.929419980317,0.918648373775208,0.903426433497222,0.878247713889494,0.965826446149675,0.915102281608455,main,0.010771606541792,3.11245413345,0.122281404115,middle,middle
USA,33011,33,0.936573384557,0.939463989984,0.928114190783369,0.901192880013613,0.895093296498547,0.970190518785766,0.921540360957674,main,0.00556858834663099,5.24375410063,0.645943964669,high,high
USA,33013,33,0.93355045697,0.92640527013,0.919785674927112,0.898504276211865,0.881912282655468,0.96573324294806,0.914676610155979,main,0.00661959520288791,4.18018236077,0.388071063595,high,middle
USA,33015,33,0.945843936281,0.944508470934,0.926924870588238,0.900769025908474,0.890745786472278,0.972255974839708,0.920554023347084,main,0.017583600345762,5.17182905092,0.451217884969,high,high
USA,33017,33,0.929211158774,0.938971544973,0.925101970406002,0.891352099227881,0.895134918943025,0.965606076075717,0.916739463024677,main,-0.00565119783100199,4.93596074879,0.529579757227,high,high
USA,33019,33,0.908364487773,0.916513699677,0.909087812487847,0.894585186039572,0.863868927772764,0.961399690633273,0.905714202214399,main,-0.00742588718915305,3.5381420544,0.195390503728,high,middle
USA,34001,34,0.914745454973,0.91182410326,0.929140702319927,0.905772119699847,0.890262912711338,0.973000261556253,0.922323758081796,main,0.011473895633927,5.15768656156,0.740462552293,high,high
USA,34003,34,0.970508711712,0.948349985461,0.94324321521726,0.90885693154499,0.909003710591689,0.981870143251664,0.932620758804054,main,0.00510677024374007,7.36119899625,0.993792943392,high,high
USA,34005,34,0.939313734836,0.921488205654,0.932094796580176,0.906165603693249,0.896721442584042,0.97200086455885,0.924365922326947,main,-0.010606590926176,5.40718400257,0.816539506319,high,high
USA,34007,34,0.914366076374,0.923910920954,0.930142790953308,0.898420459137649,0.894281823668003,0.970598954607589,0.920445231393615,main,0.00623186999930803,6.83936989025,0.9573397664,high,high
USA,34009,34,0.919250919761,0.911955494652,0.929342967739231,0.907043377571374,0.881566432736044,0.98324155066216,0.922956235784419,main,0.00279662286923088,4.87176167966,0.429664759971,high,high
USA,34011,34,0.865100572952,0.889009427919,0.911133051223948,0.885366309163014,0.868739162422646,0.958959259860257,0.903519471209679,main,0.0221236233049481,4.73693448711,0.600788902183,high,high
USA,34013,34,0.926669625246,0.937994489187,0.930353549075089,0.890212126545257,0.895333812980001,0.969860686830772,0.917760332430613,main,-0.00764094011191097,7.818767747,0.9962138626,high,high
USA,34015,34,0.93224447159,0.914372495211,0.929949578217434,0.897215594623352,0.89403053635106,0.97047125808429,0.919907051569008,main,-0.015577083006434,5.89240360774,0.806611249376,high,high
USA,34017,34,0.94349394099,0.929890791764,0.941086441344363,0.887116264945708,0.913185414362639,0.97256268415496,0.923603783852532,main,-0.011195649580363,8.62805294465,1,high,high
USA,34019,34,0.971799236623,0.918181110964,0.920017084923585,0.892530132170473,0.879065837915774,0.966215792772545,0.911813757438886,main,-0.00183597395958501,4.65224345325,0.263458532817,high,middle
USA,34021,34,0.953287835641,0.931642191407,0.93827775273631,0.907639820682729,0.905318034778801,0.975460903237506,0.928912613819846,main,-0.00663556132930998,6.51811775013,0.922949849679,high,high
USA,34023,34,0.956400363773,0.935431953896,0.937360743005719,0.902202707970207,0.904664818177338,0.974246298132034,0.926446184962949,main,-0.00192878910971905,6.9842182871,0.977335338528,high,high
USA,34025,34,0.955385862182,0.933420328125,0.936497276998973,0.909472400919003,0.901187564826621,0.976331548140219,0.928397607409782,main,-0.00307694887397303,6.30022491496,0.888014753406,high,high
USA,34027,34,0.973923517157,0.934372420833,0.936335405703324,0.909781081463332,0.901220856610359,0.97594950572046,0.928392937417227,main,-0.00196298487032398,6.04102617064,0.857535254481,high,high
USA,34029,34,0.921815502671,0.914286846058,0.922234827438795,0.903554548999702,0.873711837220648,0.976975515765538,0.917069166826261,main,-0.0071093318452049,5.91811703122,0.911023575143,high,high
USA,34031,34,0.916929763403,0.927788519532,0.928317056810142,0.894335841593357,0.891413900752787,0.969948954492601,0.917859708211993,main,0.00052853727814195,6.97946088491,0.94549209154,high,high
USA,34033,34,0.896146552113,0.891542841281,0.89852885274065,0.882328297163093,0.852587503133153,0.950357091043109,0.894167052464986,main,-0.00222141020434996,4.23799494743,0.326683540461,high,middle
USA,34035,34,0.971725119392,0.930099696869,0.933833955196245,0.903967845425736,0.89894720109575,0.973191070748302,0.92475870383902,main,-0.00373425832724505,6.08942360698,0.854174733824,high,high
USA,34037,34,0.942967083623,0.915815160415,0.911251018914421,0.88624409434352,0.870682061924222,0.957018450401178,0.903880645951222,main,0.00456414150057904,4.60404525722,0.260301690536,high,middle
USA,34039,34,0.939379470432,0.940591447782,0.934606069009976,0.892843225923296,0.899223144324025,0.974522934059193,0.921463738371442,main,0.00356142407202398,7.65639339535,0.998538188812,high,high
USA,34041,34,0.939807212599,0.922308698342,0.921068829670364,0.892122324580283,0.882430131008993,0.964658661032036,0.912345780953542,main,0.00123986867163606,4.74483999346,0.50742228419,high,high
USA,35001,35,0.918675753823,0.915837708194,0.929136172132842,0.915164348223381,0.894651117264874,0.968060446399752,0.925447441659948,main,0.00762237268084198,5.5887098207,0.95363158119,high,high
USA,35003,35,0.893390476948,0.890737111782,0.884296217941311,0.929803628716932,0.823673092098514,0.952723285442203,0.900266241433065,main,0.00644089384068902,0.177746639658,0,low,low
USA,35005,35,0.863537821331,0.872561945702,0.897467313769025,0.910616018643749,0.850946965096601,0.949976170653568,0.902921851893716,main,0.024905368067025,1.59626904177,0.63764809974,low,high
USA,35006,35,0.866086203379,0.862487987327,0.884155932710391,0.884884649220529,0.837581718827729,0.936725588808528,0.885473180536147,main,0.014471513279391,1.15596649515,0.274851536319,low,middle
USA,35007,35,0.877151034257,0.900476235145,0.890540231262017,0.898323784196785,0.833828638189147,0.954552239111024,0.894203712664736,main,-0.00993600388298299,0.827882268842,0,low,low
USA,35009,35,0.869929968728,0.883923470003,0.901185758503615,0.909270120425681,0.857853982529701,0.950095581583167,0.904949886806743,main,0.0172622885006151,2.60512033409,0.709295580013,middle,high
USA,35011,35,0.854352432697,0.843079492619,0.850512874643376,0.857234989844846,0.781015733955471,0.928956298186099,0.853594586213277,main,-0.00743338202437605,0.262008986158,0,low,low
USA,35013,35,0.90844666977,0.88815206874,0.90291188275475,0.900832942107096,0.860483989626415,0.950801467243375,0.903286734329519,main,-0.01475981401475,3.09141101448,0.702973143542,middle,high
USA,35015,35,0.872328893217,0.870211537253,0.903122506911551,0.920421041944022,0.857193658995423,0.954963719862937,0.90994984139948,main,0.028676257730551,1.73129935195,0.629089716016,low,high
USA,35017,35,0.896757792692,0.897712220584,0.895794358994831,0.90505914106528,0.841609449816336,0.956954425988097,0.899966352545453,main,9.0058051689379e-06,1.28341161509,0.338285043014,low,middle
USA,35019,35,0.839646871189,0.870488790584,0.887331357083123,0.881942047231065,0.834568564454054,0.946886240183792,0.886611361059991,main,0.0168425664991231,0.438689723713,0,low,low
USA,35023,35,0.83337718584,0.867317823329,0.879994630514644,0.882921840228584,0.823164517413314,0.944140415332008,0.882026899350412,main,0.012676807185644,0.389314019165,0,low,low
USA,35025,35,0.862430849255,0.868758541453,0.892828156392963,0.906213971378162,0.844672814701736,0.94718247696988,0.898361176291869,main,0.024069614939963,1.87355513108,0.654778850595,low,high
USA,35027,35,0.905767862382,0.916627800162,0.896583753477029,0.909439806809308,0.838393303252605,0.962264989969837,0.901928579141806,main,-0.00167582887502893,0.931133745666,0,low,low
USA,35028,35,0.987916100361,0.910743743081,0.905563532964101,0.882528317505865,0.861854713631419,0.954898935737909,0.898890326268614,main,0.00518021011689906,4.07862134501,0.64384352378,high,high
USA,35029,35,0.822821432284,0.871335580316,0.885421254062213,0.894560139619688,0.829296744044391,0.94877060436465,0.88952926597775,main,0.0140856737462129,1.39010241031,0.53240187065,low,high
USA,35031,35,0.822891691149,0.868348946626,0.878693258785563,0.87809839747663,0.826626020590909,0.93746304957084,0.879566753288122,main,0.010344312159563,1.72223882102,0.244472608934,low,middle
USA,35033,35,0.862369145582,0.897687675003,0.883069361138238,0.896415326151382,0.834996943947434,0.9373300824441,0.888578030717033,main,-0.014618313864762,0.633611478052,0,low,low
USA,35035,35,0.875300505978,0.875774866438,0.894965586355563,0.907759148103144,0.849535884811772,0.946243398425883,0.900295491109395,main,0.019190719917563,1.49558457955,0.520016589948,low,high
USA,35037,35,0.884591273144,0.863309925689,0.876169779811228,0.882349422315387,0.813012817205917,0.947456861816063,0.879223217325611,main,-0.012859854122228,0.732407568459,0,low,low
USA,35039,35,0.857217207558,0.866029994557,0.879929395534174,0.89022065938613,0.827912255654666,0.938642638908796,0.884424476052059,main,0.013899400977174,1.23124333069,0.16688206817,low,middle
USA,35041,35,0.889838181479,0.874408951929,0.889474905507627,0.896681768646418,0.846759754190508,0.937688726584202,0.892933426548314,main,-0.0150659535786269,1.3807925029,0.569244889656,low,high
USA,35043,35,0.918716905185,0.880021597526,0.898570706054456,0.902951116039114,0.857707247460004,0.944694468244041,0.901083209117327,main,-0.018549108528456,2.89938426133,0.774934852591,middle,high
USA,35045,35,0.872680362817,0.879042652323,0.890199672472689,0.891860148907177,0.841109916105672,0.945608693796312,0.891840086976907,main,0.011157020149689,2.27798363184,0.386615276086,low,middle
USA,35047,35,0.889859869841,0.890944037677,0.904081994041055,0.913856875744463,0.863494741552942,0.949893994446339,0.90838720341778,main,0.013137956364055,1.16255792771,0.486829597708,low,high
USA,35049,35,0.942607761174,0.908637485974,0.92529985976196,0.916915061890682,0.882026076811954,0.974144224445787,0.923587253677821,main,-0.0166623737879601,3.36073805244,0.546008998856,middle,high
USA,35051,35,0.864471621464,0.888756144284,0.889343172551783,0.909748372746551,0.825255641542567,0.961680613905513,0.897112449546271,main,0.000587028267783007,0.68697826644,0,low,low
USA,35053,35,0.880914599228,0.858652941403,0.882829170692657,0.897304478565048,0.834540466527734,0.937334021333188,0.888710965246697,main,-0.020347086360343,0.669549193143,0.413617754633,low,high
USA,35055,35,0.904998963521,0.893957473745,0.897114426087538,0.898505019430528,0.843910639562422,0.957167071695051,0.898672750377811,main,-0.00315695234253799,1.86958490191,0,low,low
USA,35057,35,0.869734353331,0.87006633177,0.882311006907573,0.881341042548327,0.831252546913666,0.939942160694569,0.88306506648417,main,0.012244675137573,1.00265291085,0,low,low
USA,35061,35,0.878564935195,0.874576562837,0.894282058948901,0.88752563904114,0.846746125543622,0.947937235560476,0.893109213499313,main,0.011728751395901,3.32414041999,0.364313978533,middle,middle
USA,36001,36,0.952539512992,0.94760657839,0.941212023513472,0.918393595569948,0.908494721861676,0.977661057593041,0.93435774646343,main,0.00639455487652796,5.46676755631,0.842326873006,high,high
USA,36003,36,0.907201528855,0.898521516672,0.883494373967372,0.869234719350855,0.83501083815548,0.937399811411918,0.879531395186978,main,0.015027142704628,2.947202178,0,middle,low
USA,36005,36,0.884428149699,0.920486920338,0.925790190599737,0.868109941250147,0.889368563443854,0.96655262868187,0.907041873646179,main,0.00530327026173705,9.48731020887,0.999929087183,high,high
USA,36007,36,0.928321953969,0.923725156853,0.92596895546525,0.898567173427215,0.888722122083171,0.967473199151243,0.917596667338006,main,-0.00224379861224999,4.69669860974,0.66007015051,high,high
USA,36009,36,0.888959852507,0.902743998623,0.896690429393688,0.88222544310127,0.847066455797197,0.951863155477912,0.892669150371233,main,-0.00605356922931199,3.18306955736,0.213396171767,middle,middle
USA,36011,36,0.90663670645,0.928731645584,0.90950980786747,0.887958509789922,0.867053135948513,0.956765162500419,0.903125102032782,main,-0.01922183771653,3.80367936529,0.371396212741,high,middle
USA,36013,36,0.895380100687,0.912024803903,0.911507187241292,0.893074355074377,0.868199341986465,0.959689760267912,0.906176184131421,main,-0.00051761666170802,3.89287218689,0.463316652182,high,high
USA,36015,36,0.894181838603,0.923357893581,0.920311672819094,0.897646147592464,0.878537060565837,0.966816030165202,0.913558508641871,main,-0.00304622076190597,4.42608273735,0.657903510969,high,high
USA,36017,36,0.880771262007,0.898897574922,0.893695882315094,0.880953090416926,0.84318055769035,0.949848443286736,0.890244352997817,main,-0.00520169260690595,3.11157311623,0.145342344988,middle,middle
USA,36019,36,0.907775909864,0.9231232433,0.913304962314192,0.890851692047517,0.873671312526125,0.957431082418632,0.906609646621919,main,-0.00981828098580795,3.450033488,0.261604868483,middle,middle
USA,36021,36,0.91736179146,0.919819404724,0.911101882144808,0.892039107475585,0.863931466151902,0.963576625246716,0.905558436485664,main,0.00380229605119187,3.66279914086,0.137912684818,high,middle
USA,36023,36,0.923702095645,0.926064269836,0.916221962539138,0.889730388849825,0.879361410520601,0.957292196890816,0.908148316384749,main,0.00511795891486211,3.66193732228,0.454474068355,high,high
USA,36025,36,0.910873876411,0.901196711532,0.897425839274255,0.885485757980823,0.848540220334009,0.951764347388301,0.894254529155372,main,0.00377087225774497,2.61844386568,0,middle,low
USA,36027,36,0.945506866326,0.929970824437,0.926013268191108,0.896650518994492,0.890407922230614,0.965706194341267,0.916964267361601,main,0.003957556245892,5.03078222493,0.584864687896,high,high
USA,36029,36,0.931679465948,0.938323351751,0.933887101180606,0.904408837685105,0.898518047703101,0.973318275972651,0.924802141705021,main,-0.00443625057039398,5.80034520664,0.84048468911,high,high
USA,36031,36,0.909178128975,0.921236155527,0.906645875171127,0.896504084841549,0.860866749015492,0.95752502220305,0.904092318558573,main,-0.00952577274812694,2.24187019239,0.0405781349711,low,middle
USA,36033,36,0.878558236467,0.913242945463,0.90074807235396,0.890610660612031,0.859034575220614,0.94711333781987,0.898187131777193,main,-0.01249487310904,2.57555529123,0.252422333602,middle,middle
USA,36035,36,0.886251808828,0.920592142008,0.910998871880921,0.892838598202328,0.866775085328148,0.960196845434726,0.905760165851991,main,-0.009593270127079,3.78258229883,0.420011493423,high,high
USA,36037,36,0.903283950183,0.923003724579,0.906527643345251,0.881456840027846,0.86156076830202,0.956590250944637,0.898954351844498,main,-0.016476081233749,3.8593796417,0.25487390511,high,middle
USA,36039,36,0.877653754036,0.916147130082,0.909846531901743,0.885289750379483,0.865118943625677,0.959640479768658,0.902450255871753,main,-0.00630059818025697,3.41062041906,0.126660060112,middle,middle
USA,36041,36,0.883787991184,0.915625217552,0.898634192873296,0.912325337648127,0.844504765673001,0.958649141023626,0.903934945474591,main,-0.0169910246787039,0.712572126409,0,low,low
USA,36043,36,0.907605192905,0.910354396541,0.897850889718796,0.89225140776324,0.851147398224277,0.94973054526171,0.896803871833942,main,0.0070050995502039,2.91564020198,0.359756180014,middle,middle
USA,36045,36,0.886729950871,0.920491417022,0.900080258872536,0.87892268562758,0.854774074188825,0.950497233477804,0.893821830365584,main,-0.020411158149464,3.59580781927,0.354287046928,high,middle
USA,36047,36,0.935537069369,0.922612319696,0.934574766278812,0.876707263159981,0.899747444906933,0.973567869556991,0.915757504558342,main,-0.011962446582812,9.57152306145,0.999994239196,high,high
USA,36049,36,0.895913133426,0.906968703161,0.881738790577428,0.875018021710253,0.827622255049701,0.941855408304438,0.880260332225723,main,0.003118773113572,2.21172196081,0,low,low
USA,36051,36,0.934848676677,0.929164055675,0.906369120804896,0.883264803059072,0.865147957005261,0.952261605751671,0.899454492313993,main,0.0227949348701041,3.70572166401,0.117181702838,high,middle
USA,36053,36,0.929671892357,0.924064853623,0.902381788075224,0.879137447276131,0.858362574062766,0.951381770086413,0.895421379185473,main,0.021683065547776,3.7981580925,0.119268782314,high,middle
USA,36055,36,0.938624577231,0.944456006079,0.932070109276719,0.906113948161815,0.89604897811256,0.972205183158739,0.924181985652242,main,0.00072303910628102,6.10477852528,0.874687042404,high,high
USA,36057,36,0.881257140456,0.917150426484,0.909449995236739,0.885753730681892,0.860964117096568,0.963411880537782,0.90233959148985,main,-0.00770043124726105,3.88683003257,0.362521074407,high,middle
USA,36059,36,0.968265875387,0.947372651288,0.942543144285787,0.907710354289135,0.905847119110785,0.983478215676271,0.93165613291926,main,0.00482950700221296,7.53017373644,0.985632372386,high,high
USA,36061,36,0.984139535266,0.960389219502,0.976432452420829,0.90826194698611,0.955550674103249,1,0.953868002848674,main,-0.016043232918829,10.2377602599,1,high,high
USA,36063,36,0.914932075854,0.927869033806,0.922581460804317,0.895184454742125,0.883465043559918,0.966161483425611,0.914219627016302,main,-0.00528757300168303,5.05828666966,0.651564388381,high,high
USA,36065,36,0.913592660846,0.926511148921,0.915036943006761,0.893419478850722,0.872604694359877,0.962265516751416,0.908634651544317,main,-0.011474205914239,4.31664140445,0.530466760406,high,high
USA,36067,36,0.938541458554,0.946084276826,0.928793561093687,0.90501587612867,0.891567633042587,0.970253890673917,0.921648445288896,main,0.00220507918831281,5.47606165974,0.798428226171,high,high
USA,36069,36,0.943766726985,0.930765565914,0.920221015594571,0.894458710958392,0.876004780430523,0.969454023062224,0.912426724617949,main,0.0105445503194289,4.20311702244,0.392755158285,high,middle
USA,36071,36,0.925753050393,0.912900366285,0.913218956081196,0.883494218101113,0.869884982662331,0.961495181152208,0.904074498255424,main,-0.000318589796195923,5.22256546888,0.583925732796,high,high
USA,36073,36,0.885889722302,0.919070780092,0.902119955204291,0.878983732390083,0.86138147369095,0.947476738285818,0.895189487663611,main,-0.016950824887709,3.74840084345,0.301081366253,high,middle
USA,36075,36,0.910690180628,0.922104437994,0.903925266397284,0.880183767658444,0.861766360658354,0.950862584056317,0.896795768229332,main,-0.00464934313528398,3.91225839461,0.286735143378,high,middle
USA,36077,36,0.930147549965,0.921844865066,0.915837640962578,0.899740993453246,0.875037347415709,0.96122280663906,0.911288846179418,main,0.00600722410342203,3.21120267887,0.244115238054,middle,middle
USA,36079,36,0.960607756776,0.920628852128,0.9166204592807,0.884779983844189,0.8788412522864,0.958741271865032,0.906739180657903,main,0.00400839284730004,5.1455588194,0.505633060687,high,high
USA,36081,36,0.937837913578,0.931191762356,0.938242160122117,0.885639471570345,0.906807236994095,0.97343795253858,0.921213029759401,main,-0.00624190467788288,9.00043512188,0.999701296811,high,high
USA,36083,36,0.934458386593,0.929150848863,0.917686888615701,0.88685541994076,0.882035358389626,0.957439555446369,0.908134263764438,main,0.011463960247299,4.59676579174,0.564874876717,high,high
USA,36085,36,0.93533822589,0.932459568638,0.933262821853847,0.886528549122078,0.898230600973904,0.972419051067939,0.918286099735134,main,-0.000803253215847066,8.09569222364,1,high,high
USA,36087,36,0.955767764018,0.922572686837,0.917029879399744,0.88798685827712,0.870148361250088,0.969241064066893,0.908121344813921,main,0.00554280743725599,6.59327778987,0.959154878147,high,high
USA,36089,36,0.910281019646,0.920899222446,0.903924207772238,0.894569812725937,0.86189580049803,0.950634640371704,0.901628324115155,main,-0.00426139092623812,2.83074865761,0.311657963782,middle,middle
USA,36091,36,0.953336619707,0.933992839757,0.921899485536419,0.896893962298674,0.882916412549292,0.965317792391993,0.91434550420094,main,0.012093354220581,4.69614750546,0.589159588631,high,high
USA,36093,36,0.923997443939,0.933801744312,0.926573784367141,0.904074704804579,0.888075809839495,0.969439159111195,0.919866859106915,main,-0.00722795994485903,5.73553081247,0.872990517848,high,high
USA,36095,36,0.929986631566,0.909361780752,0.896673201544855,0.879294330119737,0.848973494840725,0.949726095718491,0.891679793726684,main,0.0126885792071451,3.06217996876,0,middle,low
USA,36097,36,0.893289745535,0.913501527798,0.895670795882279,0.877426446236559,0.845309549924709,0.951683768231547,0.890375195261018,main,-0.0178307319157209,3.09259070052,0,middle,low
USA,36099,36,0.887682695095,0.924136106116,0.907772235959568,0.88014333228462,0.86213577341185,0.958592971198879,0.899334187659387,main,-0.0163638701564319,3.76953896241,0.182627205269,high,middle
USA,36101,36,0.896882988238,0.912659533179,0.90372224236957,0.888447420107895,0.857355957896536,0.955282571772556,0.899445634840855,main,-0.00893729080942995,3.34000837249,0.344728515005,middle,middle
USA,36103,36,0.946552390855,0.950512068093,0.937141591818843,0.911136824472938,0.901952833353359,0.976352746981243,0.929233217798889,main,0.00545112179815688,6.48812139619,0.917978064453,high,high
USA,36105,36,0.894082956883,0.902168171583,0.895386620432054,0.873791341044114,0.846563954284326,0.949710519275326,0.888968255011376,main,-0.00678155115094603,3.46830214186,0.0851356907228,middle,middle
USA,36107,36,0.921232050481,0.904197661415,0.893645080139553,0.877456613677444,0.846041329376424,0.946584649478167,0.889048723405617,main,0.010552581275447,3.64988939183,0.217116847723,high,middle
USA,36109,36,0.967636566851,0.942279488246,0.930113062595076,0.895955709961375,0.904014920521429,0.959277672909229,0.919324481515066,main,0.0121664256509241,4.43203813324,0.475399311917,high,high
USA,36111,36,0.937240524124,0.924505384596,0.916134026220669,0.892190044058405,0.875375263926685,0.961517835920627,0.90894232992,main,0.00837135837533098,4.1619044491,0.284232545742,high,middle
USA,36113,36,0.927296082656,0.932509602763,0.928178593138693,0.911107882303363,0.886100949761576,0.974987426197071,0.923316663673229,main,-0.00433100962430699,3.41116207538,0.508916104219,middle,high
USA,36115,36,0.894502014559,0.915198175282,0.900745722272058,0.887149685368969,0.855966239088144,0.950534706642526,0.897030422850257,main,-0.014452453009942,3.41386979157,0.220550830677,middle,middle
USA,36117,36,0.904408319063,0.91455900834,0.897888134280876,0.876679524241318,0.848439688671539,0.952904601249565,0.891600741671109,main,-0.00363050449487601,4.10919744613,0.153596389442,high,middle
USA,36119,36,0.969679579936,0.94169502867,0.935895234610407,0.905078106444813,0.899075244189213,0.976945007008037,0.92636912559623,main,0.00579979405959297,6.77848321827,0.92423855835,high,high
USA,36121,36,0.889799938594,0.917676764624,0.897663535254168,0.880513994727127,0.852164822137968,0.948271366234349,0.892752004637496,main,-0.0200132293698321,3.32851524018,0.142132579953,middle,middle
USA,36123,36,0.884116231334,0.913182492442,0.891838173298449,0.870975104495083,0.836705453927089,0.953164102157358,0.885622564023015,main,-0.0213443191435509,3.39801693015,0,middle,low
USA,37001,37,0.90569471519,0.90357308978,0.917770009100301,0.886309445429727,0.876338122868684,0.964523593722799,0.90821773746803,main,0.00995366850030099,4.99005532764,0.594385983222,high,high
USA,37003,37,0.892793281165,0.879103122005,0.8857147174197,0.862424873602274,0.836464364519675,0.941291007843139,0.878950078145891,main,-0.00661159541470002,4.07252214588,0.0135722043589,high,middle
USA,37005,37,0.8826783602,0.874295506271,0.890431472809503,0.877424302121954,0.836295776378348,0.951520602327831,0.887147676588154,main,-0.000629741319497112,2.98707119136,0,middle,low
USA,37007,37,0.856212911299,0.882121493818,0.888568718628868,0.870184341825836,0.842942217565435,0.940055693336524,0.883461343202874,main,0.00644722481086801,3.05361362897,0,middle,low
USA,37009,37,0.883142801434,0.87127279785,0.897489630773735,0.884119185076917,0.845291712298356,0.956392085393206,0.894096647323584,main,0.00247682575573493,3.29185656509,0,middle,low
USA,37011,37,0.899544553929,0.880551396394,0.911226116700173,0.890232260278523,0.868501703267346,0.959438246548944,0.905239876202726,main,-0.00731159476382703,3.38118052578,0,middle,low
USA,37013,37,0.88693118935,0.892877969278,0.900434208219952,0.88468505679084,0.849022846769542,0.958449076881552,0.896242850106046,main,0.00755623894195201,3.17125547526,0.21484284125,middle,middle
USA,37015,37,0.870000623097,0.875797824826,0.881998236443794,0.873055650803647,0.834476534666473,0.935623839995381,0.880073840097428,main,0.00620041161779405,2.578188072,0,middle,low
USA,37017,37,0.861426647693,0.859977735832,0.879541489711172,0.871860884429277,0.827212903045704,0.938591396132586,0.878038759515416,main,0.0166659301571719,2.84013932145,0,middle,low
USA,37019,37,0.913230333139,0.902626648769,0.914265302240539,0.903596396594363,0.861645540408577,0.973643783680492,0.911803125978744,main,-0.00956871526846104,4.06560992306,0.23502671718,high,middle
USA,37021,37,0.926788438092,0.907524675909,0.930402295262234,0.906529765746089,0.892083018556288,0.973643472748796,0.923412535531257,main,-0.015649905012766,5.09000485617,0.614721508699,high,high
USA,37023,37,0.87598210311,0.89742610437,0.904928311853724,0.882776822205474,0.861491754057266,0.953944057101088,0.898548764172356,main,0.00750220748372399,4.26810197283,0.223083985438,high,middle
USA,37025,37,0.920376746077,0.899298982672,0.917224324789076,0.889577609822515,0.87633637173561,0.963364111002024,0.908967554166393,main,-0.017925342117076,5.41959101702,0.73423548333,high,high
USA,37027,37,0.871744824439,0.893461132903,0.904186098156376,0.883362751053033,0.860406094590683,0.953589402897059,0.898258479274023,main,0.010724965253376,4.26570680164,0.354402939133,high,middle
USA,37029,37,0.90694854222,0.868715990528,0.857560206193777,0.84486256658828,0.805967217664064,0.91578003093617,0.854341569628519,main,0.0111557843342229,2.95859108705,0.00378375128463,middle,middle
USA,37031,37,0.915251875554,0.910961084542,0.91989946194995,0.901807325482195,0.872993673486089,0.972830041503353,0.914928753086683,main,0.000356795383949948,3.98859919898,0.326525083171,high,middle
USA,37033,37,0.874473671913,0.872495260141,0.875537597522755,0.862246781902874,0.827426953784715,0.929827789397554,0.872143448288892,main,-0.000914486162244987,3.12938461703,0,middle,low
USA,37035,37,0.898853638062,0.906626938419,0.915016063728464,0.884820815977278,0.870025373881615,0.965785560758363,0.905918897887804,main,0.00838912530946401,5.0535213246,0.402794756354,high,middle
USA,37037,37,0.947390100979,0.900972324819,0.89310624405222,0.880289397096879,0.839585722867097,0.953501182440502,0.8898918934695,main,0.00786608076677997,3.72191992933,0.144167620271,high,middle
USA,37039,37,0.873139307662,0.88082249319,0.904348527644893,0.892141091821324,0.848106930002504,0.967814049826968,0.901347017286341,main,0.023526034454893,3.23685435599,0,middle,low
USA,37041,37,0.899771456677,0.881978518666,0.891399529140956,0.866507386321614,0.837097943315276,0.952675855636066,0.88409289606346,main,-0.00942101047495603,3.54427262,0,high,low
USA,37043,37,0.902173262183,0.863742448607,0.888584594543788,0.88181480249879,0.825049727001274,0.960280167116137,0.887329982446285,main,-0.024842145936788,3.06377124257,0,middle,low
USA,37045,37,0.871956343923,0.892973369856,0.900445561106785,0.874764550684663,0.85302866505369,0.953952897214086,0.892881676629996,main,0.00747219125078502,4.42978655679,0.23879436812,high,middle
USA,37047,37,0.850345245045,0.87213684286,0.892214482249198,0.877025966704678,0.841694079600375,0.949223953341101,0.888202118000545,main,0.0200776393891979,3.24431665208,0,middle,low
USA,37049,37,0.890776713251,0.89705173792,0.907922707090013,0.885916058000189,0.862674994682136,0.958982239818257,0.901605977994109,main,0.010870969170013,4.10191529481,0.507759107373,high,high
USA,37051,37,0.886411912332,0.890971176206,0.916368372172497,0.895074591127225,0.879285164120971,0.958214714770041,0.910228864408893,main,0.025397195966497,5.31018517107,0.792102076455,high,high
USA,37053,37,0.90667555299,0.893190356306,0.894311129408136,0.868395580930588,0.845913551156915,0.948925110959516,0.886662842413877,main,-0.00112077310213599,3.66702722734,0,high,low
USA,37055,37,0.922856992023,0.906749226029,0.919297118650041,0.891986062212398,0.871076713147019,0.973711170586116,0.911202441634475,main,-0.0125478926210411,3.60929689347,0.154378895718,high,middle
USA,37057,37,0.882469349044,0.891881446012,0.900086495818098,0.87552333553282,0.854650182491408,0.951358854218055,0.892894525089571,main,0.00820504980609793,4.7941412003,0.332826249775,high,middle
USA,37059,37,0.905875445106,0.892613213107,0.893932795474154,0.868469329757195,0.842087953580808,0.952436822762463,0.886440056361866,main,-0.00131958236715402,4.18025653182,1.18212769107e-06,high,middle
USA,37061,37,0.87736402182,0.860856024919,0.878025434794667,0.86173439144285,0.823702466647227,0.939325890053411,0.873614891491063,main,-0.0158465839263329,3.42088578688,0,middle,low
USA,37063,37,0.94729208913,0.93771495183,0.931213169191865,0.898519858456478,0.900345501559914,0.966045619316432,0.921110016134774,main,0.00650178263813495,6.07632210868,0.898731136139,high,high
USA,37065,37,0.845014229375,0.878415623808,0.892870358394792,0.87509854060228,0.845160726422793,0.946708030743122,0.887981891764528,main,0.014454734586792,3.80407937616,0.416491760502,high,high
USA,37067,37,0.920776231994,0.914825610586,0.926317694018174,0.898493485324189,0.887798965913094,0.969783941341416,0.917983450796863,main,-0.00040915938382613,5.93258463715,0.820436253059,high,high
USA,37069,37,0.892616430135,0.889154051243,0.882591994978415,0.85935728025662,0.834341597532276,0.93703989115809,0.875840947724029,main,0.00656205626458495,3.97383025128,0.0167928594249,high,middle
USA,37071,37,0.882563266827,0.908679333933,0.915574833512619,0.887821340336754,0.875713290729318,0.960556372689568,0.907270505987562,main,0.00689549957961899,5.55586811918,0.668496424939,high,high
USA,37073,37,0.880042975862,0.871797826362,0.874169137239617,0.862172318213241,0.823548021066882,0.931292257954822,0.87121029432797,main,-0.00237131087761699,2.74996477837,0,middle,low
USA,37075,37,0.870021396576,0.861499518162,0.889232146700139,0.875828148491443,0.833686353809033,0.951912491829497,0.885807879809884,main,0.010688871710139,2.5831327506,0,middle,low
USA,37077,37,0.892904725223,0.896987665852,0.893467195982225,0.87329521623834,0.851535724801476,0.940784534498639,0.887737790218232,main,-0.00352046986977494,3.87245258365,0.277391781116,high,middle
USA,37079,37,0.853601121961,0.864517756073,0.876257539694361,0.857226144144051,0.831238751536627,0.927058744108963,0.870915756780376,main,0.0117397836213611,3.50995314763,0,high,low
USA,37081,37,0.926384999353,0.918617967796,0.924761534600394,0.899619184261738,0.888542166442591,0.965633081810982,0.917310353831066,main,-0.00614356680439399,5.80712489554,0.774186171608,high,high
USA,37083,37,0.855766071914,0.879780212539,0.900280900087686,0.882860595961193,0.852079024285424,0.954674042284636,0.895520861645519,main,0.0205006875486861,3.40038504205,0.329144872616,middle,middle
USA,37085,37,0.896044667194,0.868007299294,0.885982247116466,0.861192641223471,0.837886058070113,0.940256127673764,0.878706452581285,main,-0.017974947822466,4.41654969488,0.270076255391,high,middle
USA,37087,37,0.902455978208,0.878349782721,0.911964484925378,0.897306366872673,0.863172297524601,0.967023761005794,0.90815183082455,main,-0.0145976887696222,3.77974855451,0.24988934892,high,middle
USA,37089,37,0.913585408484,0.894178198126,0.916339682723716,0.894872188979671,0.866409553407603,0.97268306311299,0.910231510268991,main,-0.0166529361182841,4.85258300996,0.419657077187,high,high
USA,37091,37,0.87019503838,0.889433576562,0.898221050189604,0.876075071820124,0.851154143430879,0.951333442798562,0.891854692153275,main,0.00878747362760401,3.36809838805,0,middle,low
USA,37093,37,0.872411052575,0.852171595424,0.873273527838602,0.853360546088181,0.828955138988446,0.923284370498653,0.86762693107294,main,-0.0193769818873979,3.97345474332,0.507369180816,high,high
USA,37095,37,0.850758176194,0.870605151639,0.884639679365291,0.895415540499051,0.835742505842121,0.939817426459314,0.889297088991516,main,0.014034527726291,1.54735310427,0,low,low
USA,37097,37,0.911760884065,0.907469027979,0.913055028643675,0.887286201231186,0.87133312869302,0.960135877655704,0.905441127711952,main,-0.00299771150732497,4.83501574694,0.513600861752,high,high
USA,37099,37,0.928080097665,0.883591731161,0.911865439676763,0.890886358189507,0.87094730314471,0.958039286270462,0.905869912667929,main,-0.0282737085157631,3.55724502193,0.160614958307,high,middle
USA,37101,37,0.898607993547,0.87965111317,0.893063647878081,0.867398081913781,0.846743063815113,0.945333856737143,0.885492945900737,main,-0.013412534708081,4.58347204599,0.286260529255,high,middle
USA,37103,37,0.864672722305,0.86365408723,0.874179686087575,0.870621094532091,0.823239582353609,0.931662766565513,0.874053580574273,main,0.00848832870757499,2.2369347146,0,low,low
USA,37105,37,0.883893065982,0.900880371954,0.90409780126328,0.875237721698621,0.856433045624584,0.957884833159594,0.895455991547369,main,0.00321742930928004,4.55118862838,0.410977713884,high,high
USA,37107,37,0.869050211603,0.881391451867,0.903391058771686,0.88050385736056,0.85337094357936,0.959835983229094,0.896785781328229,main,0.0219996069046861,4.07873308655,0.306047702661,high,middle
USA,37109,37,0.898069495358,0.899787226822,0.904786155231803,0.875789256254038,0.86046508271039,0.954800026265954,0.896083393678015,main,0.00499892840980298,4.73689205384,0.280790912171,high,middle
USA,37111,37,0.873512983627,0.877306931661,0.898157674197264,0.879139780371689,0.84957293130455,0.952982860661099,0.892855605476009,main,0.020850742536264,3.73154838031,0.189807121784,high,middle
USA,37113,37,0.893627176019,0.875479397563,0.902300027203432,0.889034457921264,0.844282936968693,0.967769094256697,0.898930504978154,main,-0.00947492727156796,3.32430065742,0,middle,low
USA,37115,37,0.902871039507,0.860043885891,0.886827911560403,0.871362510617585,0.839289781093209,0.940472053976909,0.882711735416298,main,-0.026784025669403,2.96477343894,0,middle,low
USA,37117,37,0.865116424702,0.871763842315,0.888329875207531,0.87387332121561,0.834160901287103,0.949456556525989,0.884554241872957,main,0.016566032892531,3.0747828553,0,middle,low
USA,37119,37,0.945564567093,0.930785890492,0.931504569980545,0.900080422147354,0.899737520591923,0.967351922512244,0.921850612799707,main,-0.000718679488544982,6.73936796452,0.957226789483,high,high
USA,37121,37,0.889944038099,0.869949733946,0.898320622831004,0.87665366616678,0.845028628779736,0.958457681029341,0.892121774174623,main,-0.0116177194209961,3.34613477089,0,middle,low
USA,37123,37,0.870395852256,0.881382077665,0.881824929000167,0.863758377665394,0.828768567159423,0.941696089323787,0.876823343771386,main,0.000442851335166972,3.14895980998,0,middle,low
USA,37125,37,0.929821188575,0.903344060391,0.899288006531694,0.879686822332785,0.843733736712203,0.961977917404364,0.893784600981803,main,0.00405605385930596,3.97133605568,0.148567768273,high,middle
USA,37127,37,0.887993327978,0.888169820268,0.90833817241642,0.888099620402862,0.864143154681779,0.958209797618281,0.902615239762129,main,0.0201683521484201,4.28047597143,0.448568253549,high,high
USA,37129,37,0.939267137367,0.926989120114,0.945541309636483,0.917374951694006,0.913449408868094,0.98175523892476,0.93701138583411,main,-0.00600384498351691,6.09742725119,0.91393131862,high,high
USA,37131,37,0.866789258713,0.870986391467,0.886292990570659,0.8782238638855,0.833757998481214,0.945575814059921,0.884668439617687,main,0.0153065991036591,2.8376101978,1.41974504789e-05,middle,middle
USA,37133,37,0.871014948683,0.885790142133,0.90348235546669,0.878766642347848,0.865207799621465,0.946673067943416,0.896185687138158,main,0.01769221333369,4.57526924344,0.521489558096,high,high
USA,37135,37,0.984928352578,0.9337893845,0.923541210219547,0.891691346892944,0.892573864886584,0.958486141098749,0.913723620809952,main,0.010248174280453,5.0035658787,0.67072573097,high,high
USA,37137,37,0.888451635453,0.906237676444,0.906427034369477,0.896378262195699,0.853801855046122,0.965811629147859,0.904163449438011,main,0.000189357925477029,2.79283028533,0,middle,low
USA,37139,37,0.896899457162,0.899895012006,0.911096325421437,0.881297805289,0.866373263708841,0.961563818952094,0.90212893897335,main,0.0112013134154371,4.31022248599,0.469969819264,high,high
USA,37141,37,0.902983033694,0.88153727918,0.886498683854126,0.866480020588921,0.836243286299006,0.943209111402499,0.880845476115839,main,-0.00496140467412598,3.26828799587,0.0221088234062,middle,middle
USA,37143,37,0.902458292251,0.881205862582,0.87906634113321,0.868447221699158,0.821065188301363,0.944517423711653,0.876550646504576,main,0.00213952144878993,3.15362038097,0,middle,low
USA,37145,37,0.882864251895,0.889573851014,0.897217699712374,0.875929449936645,0.849670899820506,0.95087162509357,0.891142699301075,main,0.00764384869837398,3.72742328118,0.209145043363,high,middle
USA,37147,37,0.93060734669,0.901469018465,0.917255316020575,0.887622753996512,0.88202998242628,0.957005150383651,0.908256852830392,main,-0.0157862975555749,4.69398233614,0.58780053578,high,high
USA,37149,37,0.926683292762,0.882767982922,0.891463635848213,0.874805383059472,0.835363628359523,0.954769381398454,0.886941883985197,main,-0.00869565292621299,3.58100679895,0,high,low
USA,37151,37,0.876023554212,0.890108864746,0.897286766041048,0.875117982691015,0.850810597844686,0.949732542961528,0.890909533351715,main,0.00717790129504792,4.29885863937,0.276252721775,high,middle
USA,37153,37,0.851130848765,0.873985814475,0.898591623504344,0.881036142555395,0.851769965745828,0.951427266225044,0.893779824130175,main,0.024605809029344,3.67419840605,0.343199092876,high,middle
USA,37155,37,0.845211147862,0.86352867931,0.886769022126083,0.866726068392184,0.837249223785229,0.942649366778395,0.881107566774434,main,0.023240342816083,4.05716691457,0.178053797961,high,middle
USA,37157,37,0.870184677823,0.891550579278,0.901811684312269,0.880831316493585,0.85498213242081,0.954656235123963,0.895843746410484,main,0.010261105034269,4.18908547337,0.235045085474,high,middle
USA,37159,37,0.880657772588,0.894971635431,0.902053163212238,0.877672726763549,0.857263013104947,0.952596362273679,0.894922037461558,main,0.00708152778123805,4.69134491952,0.376733285442,high,middle
USA,37161,37,0.870305428376,0.886392380436,0.898699424539677,0.879611617267678,0.850028411947891,0.953621961571947,0.893374490889998,main,0.012307044103677,3.89003633722,0.193939009489,high,middle
USA,37163,37,0.870277505099,0.852741796057,0.881960537330482,0.867792115014568,0.82909596795038,0.941615270504527,0.878276640384885,main,-0.00585267681051815,3.31886998931,0.0944514428561,middle,middle
USA,37165,37,0.855122505588,0.870279472515,0.893495365906905,0.872111060155628,0.843807483542108,0.94956538405352,0.887387582249342,main,0.023215893391905,3.81287406143,0.267505177977,high,middle
USA,37167,37,0.88440076279,0.888061778054,0.899358664045543,0.875377067719083,0.850448446745022,0.954551130318528,0.892375115635242,main,0.011296885991543,4.12102834332,0.174252146406,high,middle
USA,37169,37,0.878708175113,0.886942148396,0.896021253069569,0.877156027438197,0.850120992771506,0.947817149883038,0.890760024284489,main,0.00907910467356898,3.7608015224,0.136064086193,high,middle
USA,37171,37,0.869349832257,0.889148306348,0.904120300387058,0.882204118592643,0.854204998791537,0.960446948516411,0.897845320608879,main,0.014971994039058,4.01648624137,0.131392286129,high,middle
USA,37173,37,0.848353059536,0.857727186541,0.880782082247237,0.87025606718471,0.82549748896565,0.943167678110808,0.878315557025619,main,0.023054895706237,2.45010128034,0,middle,low
USA,37175,37,0.926643893966,0.884395875524,0.90931582464525,0.896183864300981,0.856294767594857,0.969147145471965,0.90601775907082,main,-0.02491994912125,3.59663826503,0.230861471352,high,middle
USA,37177,37,0.861191261093,0.892153909651,0.895475654919995,0.888178574439505,0.85333337122909,0.943030883656467,0.894090841075934,main,0.00332174526899498,1.70283265187,0,low,low
USA,37179,37,0.933769550365,0.889794593003,0.901715034466833,0.876606418151087,0.859779454929745,0.949037009035409,0.894317273847252,main,-0.011920441463833,5.07487918076,0.65208173702,high,high
USA,37181,37,0.859229951014,0.892310250743,0.901929252634455,0.878513507633778,0.852629826629862,0.95756091933341,0.895141706930202,main,0.00961900189145504,4.28282149639,0.365716005998,high,middle
USA,37183,37,0.963348483237,0.931138352131,0.926864037941957,0.898063005992987,0.893998741768158,0.963950701030749,0.918120136606766,main,0.004274314189043,6.36823900785,0.901960296517,high,high
USA,37185,37,0.867943956613,0.882041956994,0.881611871147865,0.868687374506243,0.829293276148735,0.940650502528239,0.878348064252228,main,-0.00043008584613502,3.01607613364,0,middle,low
USA,37187,37,0.869627594413,0.877988968693,0.882061298983327,0.865714641119627,0.826181478866989,0.945118575301717,0.877631438316316,main,0.00407233029032694,2.7533703043,0,middle,low
USA,37189,37,0.96178985708,0.910323532241,0.935176711135086,0.900386117800412,0.908166968486131,0.965655706986502,0.924284353482802,main,-0.024853178894086,4.22798401826,0.34522835086,high,middle
USA,37191,37,0.881863092575,0.875844521538,0.897234734119334,0.871533639221924,0.849269944784501,0.951360337393343,0.889661882532673,main,0.00935307050733403,4.49566853929,0.267870411158,high,middle
USA,37193,37,0.878517965638,0.879717870199,0.890986687350915,0.873548487080903,0.839568265405484,0.94900952338937,0.886212490899764,main,0.011268817151915,3.62323532989,0,high,low
USA,37195,37,0.876081203211,0.888632473137,0.909807598208753,0.88504389323131,0.865266211788158,0.960070081253262,0.902552548692112,main,0.021175125071753,4.49875050776,0.564033168273,high,high
USA,37197,37,0.870471060453,0.877023014279,0.882052051557795,0.856992441907204,0.831440664623839,0.939164193366897,0.874681470673625,main,0.005029037278795,3.84039103239,0,high,low
USA,37199,37,0.884664243722,0.864495179789,0.893116145192672,0.879746332174282,0.838968820302681,0.954218396781552,0.889713861875034,main,-0.011717162462328,3.14660662673,0,middle,low
USA,38001,38,0.917321634668,0.901017369704,0.886109695351494,0.893123704443204,0.826898577716797,0.951993849931444,0.889199755513672,main,0.0149076743525061,0.696623126084,0,low,low
USA,38003,38,0.928521338923,0.915093222518,0.902810358836215,0.903028243431643,0.860219070199294,0.950201645412266,0.903736992070442,main,0.012282863681785,1.43258148076,0.522734569067,low,high
USA,38005,38,0.851731246545,0.865781660489,0.81173505682974,0.820201765206549,0.740634569643005,0.890848501663207,0.814909744260459,main,0.02594577577126,1.12292199748,0,low,low
USA,38009,38,0.917768056739,0.899752219663,0.882996169516574,0.885572080916273,0.826230371174184,0.946159419633182,0.884632986728025,main,0.016756050146426,0.967917128044,0,low,low
USA,38011,38,0.879921413936,0.891475725238,0.876821926929642,0.877706170515546,0.817083245943989,0.943293100751139,0.877850791476002,main,-0.00845482429564204,0.77865978076,0,low,low
USA,38013,38,0.91932659025,0.872138598239,0.863987999981465,0.871768483826327,0.799578341098819,0.935656566490322,0.867213876610709,main,0.00815059825753495,0.55944189264,0,low,low
USA,38015,38,0.940184913075,0.927119281681,0.918568948914982,0.914689717019818,0.877995068355578,0.963715467431595,0.918131527704709,main,0.00855033276601802,3.17808486457,0.738492842073,middle,high
USA,38017,38,0.950145983459,0.935481819122,0.926060247643689,0.920099916241294,0.893868525269111,0.961879946677349,0.924861076803682,main,0.00942157147831102,3.70537536389,0.861703195321,high,high
USA,38019,38,0.912490623059,0.906334814798,0.882726184886465,0.885747578146713,0.819924185088963,0.952605910652087,0.884434443461285,main,0.023608629911535,0.744312413716,0,low,low
USA,38021,38,0.910595496717,0.900701714421,0.879741368368971,0.882055026673626,0.823601468803089,0.942208181509042,0.8812921213445,main,0.020960346052029,1.09640363453,0,low,low
USA,38023,38,0.911302624735,0.894472899724,0.878900057183841,0.880264223147558,0.827431891479548,0.936168636475461,0.880169803135643,main,0.015572842540159,0.529454407378,0,low,low
USA,38025,38,0.917373877367,0.901007261565,0.878391487294524,0.878017375698788,0.82563526056141,0.937093290874441,0.879072559742306,main,0.022615774270476,0.56935888984,0,low,low
USA,38027,38,0.888435237139,0.900229101076,0.88182947048864,0.884632685637431,0.826126438047084,0.943810181992738,0.883550520306621,main,-0.00518809728664005,0.949167057204,0,low,low
USA,38029,38,0.896173675361,0.912179181296,0.881081023767641,0.890694577305899,0.818364704084058,0.950865413351554,0.884976183309119,main,-0.000912854341640901,0.676522830975,0,low,low
USA,38031,38,0.922520316713,0.898772222747,0.888054941194494,0.876886266412344,0.831386039047647,0.951110375005982,0.885099927023894,main,0.010717281552506,1.17134544174,0,low,low
USA,38033,38,0.919661222369,0.899112021371,0.88656245189223,0.888107754097853,0.833841886226872,0.94522457543579,0.887894688293259,main,0.01254956947877,0.533228835571,0,low,low
USA,38035,38,0.937190054873,0.93277756098,0.924781318083635,0.905910534733797,0.893229248135229,0.959889276467788,0.919227754006441,main,0.00799624289636502,3.06774910172,0.773005393568,middle,high
USA,38037,38,0.920422798807,0.894686044008,0.865299439300611,0.876331017381996,0.8024196798186,0.935265688193626,0.869630812161941,main,0.029386604707389,0.469160525132,0,low,low
USA,38039,38,0.906760957581,0.893550290719,0.867296055775955,0.877004259503039,0.802764336467959,0.939100438804634,0.871165374403142,main,0.026254234943045,0.890343449066,0,low,low
USA,38041,38,0.902989113502,0.899885011658,0.881148542211148,0.887591412846601,0.822082496998879,0.946871274843896,0.884042502087903,main,0.0187364694468519,0.658256136503,0,low,low
USA,38043,38,0.907402511568,0.905661409656,0.881295000310966,0.887276474309892,0.828940459289118,0.939549848579942,0.884098615134864,main,0.024366409345034,0.565877842215,0,low,low
USA,38045,38,0.911742275301,0.901166074553,0.876056602868899,0.885275213099909,0.815661746824122,0.943257902057958,0.879845230078866,main,0.025109471684101,0.924727549759,0,low,low
USA,38047,38,0.905786801089,0.907401528805,0.881733496839624,0.891423313605502,0.821836371227716,0.94838097184687,0.885694727054849,main,0.022438576533376,0.607751550476,0,low,low
USA,38049,38,0.904340705904,0.890117667548,0.865417900857814,0.873592164564458,0.808657347954302,0.928575314379544,0.868887335305509,main,0.024699766690186,0.797985601884,0,low,low
USA,38051,38,0.880881271945,0.909456674748,0.889475459929415,0.900834820408362,0.828393795171758,0.957440970523593,0.893987274009219,main,-0.0199812148185849,0.784061779238,0,low,low
USA,38053,38,0.899403848182,0.885245797482,0.868781084478785,0.861751237022395,0.810476118210007,0.933656965291073,0.867167833250323,main,0.0164647130032151,0.715108410959,0,low,low
USA,38055,38,0.913923697227,0.903723864952,0.87617657552335,0.883133694398065,0.818964166369666,0.939836769067202,0.879254491399524,main,0.0275472894286499,1.04131906509,0,low,low
USA,38057,38,0.921593152855,0.907765120422,0.883904575724042,0.878322066246934,0.83124445322407,0.942499444214653,0.882851960205882,main,0.023860544697958,1.50751781718,0,low,low
USA,38059,38,0.912284364894,0.916802996011,0.909276017217514,0.897771128043518,0.869295743094413,0.953762030413988,0.906270281564875,main,-0.00151028344051407,2.0049792663,0.621636042211,low,high
USA,38061,38,0.887974530108,0.885583603032,0.877167274932438,0.873652875063786,0.824796871655276,0.935439773117895,0.876800083061457,main,0.00841632809956205,1.0759448432,0,low,low
USA,38063,38,0.891338469712,0.907012642089,0.876754404024256,0.885281158897289,0.81997529300451,0.939932467144365,0.880358468933691,main,-0.00109010668925591,0.842199229102,0,low,low
USA,38065,38,0.929486702792,0.890547074269,0.854152115600681,0.866544385725463,0.78880656882633,0.926862043681313,0.858866129902887,main,0.036394958668319,0.73339824279,0,low,low
USA,38067,38,0.90614978027,0.907854924175,0.883640939128644,0.887916371949737,0.82895913477096,0.944485331109873,0.885863485682954,main,0.020803697236356,1.32645609041,0,low,low
USA,38069,38,0.899055173305,0.903721488416,0.887314328894335,0.880480726572815,0.82840123578634,0.952866871865346,0.885790340549981,main,0.0070745292996649,1.04216680391,0,low,low
USA,38071,38,0.91624721326,0.916352006596,0.909576794207243,0.907388178011217,0.863212403515638,0.961166407870283,0.909710325894038,main,0.00656562571675701,1.64215468716,0.565470725775,low,high
USA,38073,38,0.904220763287,0.907301119519,0.878978844944095,0.881869857584562,0.826497348578015,0.937374956304501,0.880750915377831,main,0.0221615621109049,1.309260502,0,low,low
USA,38075,38,0.908094388552,0.878942746603,0.86395289298426,0.872243414169611,0.803657251746886,0.931043795950977,0.867413597451095,main,0.0149898536187399,0.794244120746,0,low,low
USA,38077,38,0.926975888075,0.915249625155,0.898197843765251,0.895213057029105,0.855136366680877,0.946112308581996,0.898052016191139,main,0.0170517813897489,1.7631979637,0.440564205979,low,high
USA,38079,38,0.837674720125,0.879123714956,0.845300114207223,0.838006897840494,0.778706468876986,0.919398800370319,0.843415871876069,main,-0.033823600748777,2.05573477903,0,low,low
USA,38081,38,0.90959987918,0.908013086956,0.884526142269109,0.885667069995526,0.831853105418257,0.94313538054573,0.88572123913129,main,0.0234869446868911,1.05615823537,0,low,low
USA,38083,38,0.895482086744,0.900196630643,0.857601062796938,0.873477947587517,0.800651821451166,0.920968429769877,0.863601645875799,main,0.0331664800480619,0.436951451607,0,low,low
USA,38085,38,0.792843790772,0.874848083976,0.824055354407008,0.824969398319065,0.760227757966545,0.895076260587065,0.824923863059118,main,-0.0507927295689921,0.98565894449,0,low,low
USA,38089,38,0.922354384247,0.906061828677,0.909272867680472,0.897897431956714,0.866365223380501,0.957016162903533,0.906321615027672,main,-0.00321103900347197,2.21108309209,0.701384558927,low,high
USA,38091,38,0.923602910146,0.902749155881,0.883207326427575,0.887915739959143,0.826173543892299,0.9466687623021,0.885551239047699,main,0.019541829453425,0.772789374703,0,low,low
USA,38093,38,0.912360868073,0.91970148912,0.915662450213974,0.913284235645859,0.877076241865616,0.958597287741642,0.915713959375438,main,-0.00403903890602608,1.63211515147,0.68958128338,low,high
USA,38095,38,0.881233212516,0.897150337303,0.877131445663778,0.880482218656346,0.820619433324427,0.940012308334878,0.879019769168438,main,-0.0118153579347781,0.635298780653,0,low,low
USA,38097,38,0.930645426619,0.91037457285,0.880805059450187,0.876351882408922,0.828143320290548,0.939401726796481,0.880126559974929,main,0.0295695133998131,1.62439167992,0,low,low
USA,38099,38,0.888707015587,0.906062299642,0.878350174607431,0.875014327533903,0.821655739025424,0.941434019448067,0.878007680601263,main,-0.00699844307543096,1.54233359112,0,low,low
USA,38101,38,0.925938819228,0.911725932178,0.914273195052483,0.906662370237258,0.876331543228066,0.956490835145694,0.912567398536801,main,-0.00254726287448293,2.68437952267,0.739912680899,middle,high
USA,38103,38,0.903600655567,0.895564516969,0.878694709351871,0.883388207899736,0.814307250237159,0.950338574199949,0.880925981430268,main,0.016869807617129,0.860703759218,0,low,low
USA,38105,38,0.903186412626,0.892807193035,0.904591791296386,0.897120332581709,0.861796517423116,0.952210052051958,0.902947982778958,main,-0.00897384092061393,1.77928048584,0.646837592462,low,high
USA,39001,39,0.845074844177,0.861500978421,0.877871593098806,0.863533078612439,0.824654554900815,0.93766871241222,0.874044387613441,main,0.016370614677806,3.01416339096,0,middle,low
USA,39003,39,0.899334402408,0.90621306772,0.91236206574682,0.891248792788438,0.868462778450283,0.961689330268354,0.906278451617425,main,0.00614899802682001,4.63937650952,0.575492638714,high,high
USA,39005,39,0.896836356623,0.889083425908,0.901119243718368,0.883228112149906,0.853983652869282,0.954082968219997,0.896126928640489,main,-0.00347004361963188,3.9169222284,0.348979436826,high,middle
USA,39007,39,0.859964619771,0.884024179544,0.900098962127729,0.884260033351961,0.854419099240056,0.95142696353119,0.895795341813104,main,0.016074782583729,4.04733629352,0.401627757823,high,middle
USA,39009,39,0.923006731358,0.90454230393,0.92502516502795,0.898479142988652,0.900717863129964,0.952337970869819,0.916845079927335,main,-0.0164459937580501,3.94875595037,0.41277068636,high,high
USA,39011,39,0.903233342506,0.893218188258,0.898863772073225,0.882478095504844,0.849705667925715,0.954100085826605,0.894380101175489,main,-0.00564558381522495,3.82014999795,0.395701609163,high,middle
USA,39013,39,0.893390026097,0.895049509767,0.913049556628035,0.894115472217977,0.869471498442194,0.962015873300728,0.907702920571508,main,0.018000046861035,3.96485296787,0.334069507325,high,middle
USA,39015,39,0.861056297637,0.862639494391,0.87806079566738,0.861041156608488,0.826696451180042,0.935776142852571,0.873334568726133,main,0.0154213012763801,3.62248524265,0.0366554973781,high,middle
USA,39017,39,0.915769487755,0.921140636388,0.92306963598196,0.896459910465591,0.886125294301399,0.964582002739558,0.915071551040052,main,0.00192899959395998,5.77938259398,0.846546710784,high,high
USA,39019,39,0.886587183982,0.876039070067,0.886162080480626,0.869528019714979,0.834529920904666,0.944178357055174,0.881576175485593,main,-0.010123010413626,3.38737848663,0,middle,low
USA,39021,39,0.887038082465,0.88577163716,0.889335832066818,0.873873996464305,0.842032428881436,0.942488118251612,0.885151968035247,main,0.00103130429681786,3.63371776816,0.263535372831,high,middle
USA,39023,39,0.877037277747,0.900911610036,0.909127765601853,0.888755205283417,0.864167192109147,0.959647540256361,0.903296987933756,main,0.00821615556585309,4.90616576093,0.578565570625,high,high
USA,39025,39,0.909211491894,0.903383044712,0.915438600749858,0.890660593409966,0.874163715341519,0.961816966231743,0.90809750494138,main,0.000398661673858047,5.18816883646,0.629699871896,high,high
USA,39027,39,0.887159171471,0.884739206221,0.895886880344116,0.877635477772479,0.848610572153042,0.949008721343266,0.890767310477919,main,0.00630774362311604,3.7295991169,0.295994302658,high,middle
USA,39029,39,0.878874882785,0.898722583874,0.904578158419698,0.884032840559389,0.858585539715022,0.956257586688287,0.898688023631143,main,0.00585557454569807,4.37136215884,0.29425673447,high,middle
USA,39031,39,0.867061900502,0.873575212132,0.890792268462968,0.879501926010197,0.840376537513547,0.947441709712205,0.88801657331496,main,0.017217056330968,3.28121722599,0.315192117666,middle,middle
USA,39033,39,0.868505384199,0.889737896604,0.902161112766287,0.889645517716132,0.855246356151508,0.954876697733952,0.89898374873744,main,0.0124232161622869,3.75204872583,0.502429929264,high,high
USA,39035,39,0.915911054615,0.927663352839,0.937163248150252,0.905826549582019,0.902506594139114,0.976105063498893,0.92753576578376,main,0.00949989531125195,6.93507783649,0.96667279336,high,high
USA,39037,39,0.886231464615,0.888128691175,0.891433574388319,0.876947656481147,0.839589778175399,0.949687655652114,0.8875793762379,main,0.00330488321331901,3.57063468445,0.23174107571,high,middle
USA,39039,39,0.90401866955,0.897361707255,0.907940378155596,0.890670331248833,0.860655077447309,0.96107232356196,0.903165620026351,main,-0.00273525368940397,3.63529544968,0.386817978881,high,middle
USA,39041,39,0.966922679974,0.910765293203,0.91296217785251,0.888217119177621,0.870690117749045,0.960461014826984,0.905637016643388,main,-0.00219688464950996,5.28407654517,0.739136384521,high,high
USA,39043,39,0.901318855912,0.908439604591,0.921801113585389,0.900543009498411,0.877728446488862,0.971323195649154,0.915678037329118,main,0.0133615089943889,4.78295135036,0.609771498081,high,high
USA,39045,39,0.910603181923,0.904205651804,0.907573401365261,0.885397245556907,0.865179044058304,0.955209657119819,0.901116525458107,main,-0.00336774956126096,4.84204770305,0.571201364755,high,high
USA,39047,39,0.859849143895,0.887307890856,0.907694127600948,0.893018858041304,0.860452507143766,0.960776991861961,0.903795225821428,main,0.020386236744948,3.36968112017,0.475212260732,middle,high
USA,39049,39,0.924819686474,0.93179199502,0.932186542933147,0.897560595959851,0.900004825632839,0.968347405211079,0.921396595330035,main,0.00039454791314697,6.91887419908,0.969132722129,high,high
USA,39051,39,0.898184027667,0.891590175674,0.892033667902215,0.872317721464095,0.841582697198931,0.948722706164696,0.88641465866416,main,-0.000443492228215048,3.74532675073,0.156457731974,high,middle
USA,39053,39,0.862861493298,0.860372875464,0.888034109499069,0.870054137889981,0.834342634665577,0.948364327704498,0.882989029273942,main,0.022683998367069,3.29052139074,0,middle,low
USA,39055,39,0.927030714835,0.888843550881,0.897446924172522,0.871665465693389,0.84439320740562,0.957060527991049,0.889770478015358,main,-0.00860337329152205,4.53150467529,0.0384446348354,high,middle
USA,39057,39,0.948831850717,0.919464719952,0.926653023819043,0.902994817036611,0.890134116179896,0.967687353260099,0.919655677845199,main,-0.00718830386704306,5.06830830182,0.747618522918,high,high
USA,39059,39,0.880847585644,0.874559886412,0.896577430367788,0.881776256442872,0.847807627293045,0.951377431121347,0.892625977164574,main,0.00944214549178801,3.42747546285,0.255208056977,middle,middle
USA,39061,39,0.922360948567,0.931154277794,0.932467248329501,0.900996023052135,0.896433164603158,0.972956807254541,0.922808210943187,main,0.00131297053550106,6.65027233353,0.951731831274,high,high
USA,39063,39,0.920470018122,0.906334930658,0.915846520300877,0.899203429022159,0.87486664542223,0.961893398341146,0.911259885317689,main,-0.00951158964287702,4.03984317512,0.652223614914,high,high
USA,39065,39,0.885790764578,0.884842157776,0.892206247809644,0.879304826309456,0.848501253440414,0.941315195834255,0.888878370134861,main,0.00546687642964394,3.31911548677,0.425250222591,middle,high
USA,39067,39,0.860529047021,0.869304152978,0.875813145579287,0.865048694827972,0.823821705439221,0.934233126371249,0.873191868384541,main,0.00650899260128701,2.79708732148,0,middle,low
USA,39069,39,0.900464777104,0.888052740544,0.890426736174967,0.876347452809219,0.840687155198028,0.946316424120611,0.886711564890143,main,-0.00237399563096707,3.30274315528,0.259011472608,middle,middle
USA,39071,39,0.858369138918,0.871418974352,0.886409084457389,0.870249800148332,0.834572124875711,0.944655483766908,0.88198341585718,main,0.014990110105389,3.47908798873,0.124955577308,middle,middle
USA,39073,39,0.872906398928,0.873326498582,0.89240805491758,0.878249344559294,0.845085556092982,0.945581797843585,0.888667311786774,main,0.0190815563355801,3.35262570375,0.268332669136,middle,middle
USA,39075,39,0.81404596374,0.856714542345,0.873095238683943,0.851549372358692,0.811307275330783,0.942523044925538,0.866753745599657,main,0.016380696338943,3.71955310586,0,high,low
USA,39077,39,0.873765471583,0.885770207401,0.895870948498694,0.879671508184672,0.848331056830067,0.949288964053776,0.891445454350001,main,0.010100741097694,3.87983058931,0.410284546421,high,middle
USA,39079,39,0.844628285879,0.865640546336,0.890309444097811,0.872985193369094,0.839531055998995,0.947366383651472,0.885497225377505,main,0.024668897761811,3.46695794447,0.192357704906,middle,middle
USA,39081,39,0.888336550028,0.897170591785,0.912450871069564,0.894850166406448,0.868975321733964,0.96130200406883,0.907554131031491,main,0.015280279284564,4.19609805421,0.465789856666,high,high
USA,39083,39,0.905785394015,0.889511069833,0.894885158095798,0.877456086021612,0.847245839675475,0.948414894136187,0.890043160152961,main,-0.00537408826279806,3.86997191724,0.284072706752,high,middle
USA,39085,39,0.921990766897,0.918549238847,0.933445863837549,0.905371095030137,0.895624697744393,0.975943470957862,0.924966029570129,main,0.00801356889054905,5.94685891457,0.823217712367,high,high
USA,39087,39,0.867340262184,0.874985234811,0.903556064487589,0.887565580573321,0.858959067331801,0.953667307996162,0.899200635731397,main,0.028570829676589,4.00405913328,0.48380110376,high,high
USA,39089,39,0.910420634528,0.90112754869,0.907819396740698,0.887068264400931,0.864783160303084,0.95617689749987,0.90184971198756,main,-0.006691848050698,4.64236503231,0.517995035581,high,high
USA,39091,39,0.882483722728,0.886929645855,0.893833054612199,0.877006600939712,0.845011220308453,0.948691520055152,0.889194536300999,main,0.00690340875719897,3.6893177592,0.276575095887,high,middle
USA,39093,39,0.906828611807,0.904042839677,0.920283640266529,0.896817446736532,0.880245231011537,0.965272644097082,0.913382267479919,main,0.010669256329529,5.47440461335,0.737445895885,high,high
USA,39095,39,0.899235548337,0.923186452676,0.928021847518953,0.899181406199633,0.890217329183483,0.970500748450677,0.919277037698221,main,0.00483539484295303,6.21250812576,0.89789684419,high,high
USA,39097,39,0.890758482219,0.900975669099,0.912640412499972,0.890949029399465,0.872127356981164,0.958162750770584,0.90633903304965,main,0.011664743400972,3.64664115848,0.329956169766,high,middle
USA,39099,39,0.902319880242,0.915615546849,0.928142523137777,0.905205171019036,0.88797862879715,0.973272527799865,0.921427850671232,main,0.012526976288777,5.35995879585,0.734789738262,high,high
USA,39101,39,0.870753744261,0.90245980065,0.915568531387691,0.89728409068322,0.876096143477167,0.959921527521926,0.910414478667391,main,0.013108730737691,4.18053051294,0.618618028034,high,high
USA,39103,39,0.937743006151,0.904806287475,0.917133520857786,0.892743780049758,0.875309823643146,0.964128556604933,0.909929742151857,main,-0.012327233382786,5.11270387793,0.591595763745,high,high
USA,39105,39,0.867044801398,0.864181167425,0.884935336829782,0.869027979812635,0.834269973316503,0.94186527674469,0.880595346779399,main,0.0150269014587819,3.12638897004,0,middle,low
USA,39107,39,0.905293082167,0.888099203351,0.891311329890159,0.875462908755461,0.837805539189022,0.951432904837846,0.886992025106925,main,-0.00321212653915903,3.5671330889,0.27127955544,high,middle
USA,39109,39,0.904192542977,0.903865137304,0.910187378129673,0.889765724662285,0.8643986062188,0.961637754736172,0.904344174249135,main,0.00566742947967291,4.61071721533,0.527932762046,high,high
USA,39111,39,0.882248262459,0.864328696611,0.877006336648476,0.869338888956754,0.821909623188593,0.938915545805892,0.875413489115005,main,-0.0126776400374761,2.59522204177,0,middle,low
USA,39113,39,0.901993025992,0.92324670242,0.927808425408746,0.902208335254301,0.889890469810506,0.970414789682401,0.920167590030378,main,0.00456172298874602,6.11022567686,0.912722509943,high,high
USA,39115,39,0.854323784362,0.860182001507,0.872530840193104,0.862886260276382,0.820486065035654,0.931010750671234,0.870281636518316,main,0.012348838686104,2.71771726439,0,middle,low
USA,39117,39,0.878219835793,0.869739529519,0.868820153275178,0.851689979901686,0.819703883639839,0.924009459840627,0.864048888773608,main,0.00091937624382199,3.570674696,0,high,low
USA,39119,39,0.884068431715,0.88796513169,0.903611353813592,0.885706649747103,0.857193036459795,0.955769116724149,0.898615373661115,main,0.015646222123592,3.94893260026,0.362518403627,high,middle
USA,39121,39,0.890968876309,0.857452712972,0.880252908603047,0.873473898824771,0.823885041108173,0.943590445079492,0.878955108666406,main,-0.022800195631047,2.74454692862,0,middle,low
USA,39123,39,0.915653344588,0.901002703625,0.904648123487585,0.884302085515537,0.854270492647607,0.961254753696085,0.898831295238927,main,-0.00364541986258504,4.17030900686,0.156009358029,high,middle
USA,39125,39,0.88949856566,0.875162003832,0.872101051822386,0.859077977138031,0.817895438874727,0.933008979332908,0.868704487935743,main,0.00306095200961409,2.95408532201,0,middle,low
USA,39127,39,0.870488418953,0.862898439941,0.872765186914826,0.854358817880973,0.822193284240104,0.92959010991967,0.867564771384639,main,-0.00531321105017402,3.58740502791,0,high,low
USA,39129,39,0.878989353099,0.890952821817,0.894294095109968,0.874304803283092,0.851717205314922,0.94213545278937,0.88856774399809,main,0.00334127329296807,3.81023427871,0.231382108242,high,middle
USA,39131,39,0.85531387039,0.866896140989,0.88468738297025,0.86655533200743,0.833402057510537,0.94231394073042,0.879593803312607,main,0.0177912419812499,3.2878461814,0,middle,low
USA,39133,39,0.920001702259,0.907793295087,0.922448855646622,0.895453924114925,0.887793544846835,0.961389161701019,0.914291782106118,main,-0.00976125378437798,4.88764566351,0.496877132055,high,high
USA,39135,39,0.886628312057,0.892616171939,0.889080272489204,0.872036916908148,0.839525806635569,0.944761956541929,0.884362745852675,main,-0.00353589944979604,3.68526121009,0.172887777344,high,middle
USA,39137,39,0.923021385819,0.873837000463,0.87509956996991,0.858411009216847,0.818795770977667,0.938365116120969,0.870457506308976,main,-0.00126256950691006,3.36224649666,0,middle,low
USA,39139,39,0.880573469294,0.906042055317,0.913917302790868,0.894752464092514,0.869929181504074,0.963344385282255,0.908495521962511,main,0.00787524747386803,4.58526568197,0.565707358022,high,high
USA,39141,39,0.870711339471,0.889533055321,0.907321300430285,0.88819066914468,0.865365695608204,0.954464553650775,0.901893441241846,main,0.017788245109285,3.83127635932,0.361092570915,high,middle
USA,39143,39,0.887326092881,0.894475593648,0.905616337513208,0.888973980888182,0.860334814191777,0.956496746202449,0.901045415697677,main,0.011140743865208,4.07794579152,0.507330125173,high,high
USA,39145,39,0.863089166261,0.879488457507,0.902076568362971,0.884162884166507,0.856980220919744,0.95274890489228,0.897071746968853,main,0.022588110855971,3.94978998375,0.342463053803,high,middle
USA,39147,39,0.902984167072,0.893645322385,0.904461987137609,0.890009119387497,0.861777856922153,0.952423845100971,0.900616741587166,main,-0.00786102462139104,3.70802961522,0.498583968771,high,high
USA,39149,39,0.896617723666,0.888209017439,0.895218488564318,0.877616613734802,0.847007824084125,0.949390215396908,0.890319057937987,main,-0.00700947112531791,3.88553612399,0.388597146252,high,middle
USA,39151,39,0.904509477395,0.917939841759,0.924625471912568,0.901659817719237,0.884321938655531,0.969912381303443,0.917899654023961,main,0.00668563015356805,5.54159332946,0.759633547337,high,high
USA,39153,39,0.917517219693,0.925923347012,0.935266940481928,0.906180712897441,0.899356041764934,0.975618083047262,0.926421810062762,main,0.00934359346992808,6.23599460654,0.881207189741,high,high
USA,39155,39,0.88169869821,0.905068396532,0.920064937446499,0.900709313396621,0.876583467937946,0.968922722625224,0.914581382849663,main,0.014996540914499,4.83290808214,0.591940854927,high,high
USA,39157,39,0.881198408696,0.890323972351,0.90410688827709,0.886825000978058,0.856172243584737,0.957968466541753,0.899325197983167,main,0.0137829159260899,4.17543903487,0.411595724583,high,high
USA,39159,39,0.9274915594,0.892823868998,0.90459640824941,0.88237078808326,0.863549307727111,0.950718824124373,0.898111212508584,main,-0.01177253925141,3.95455193224,0.441875558936,high,high
USA,39161,39,0.895871963714,0.891009192999,0.90036323571469,0.888008297648317,0.852412758421442,0.954242604220164,0.897239922760377,main,-0.00037149871430997,3.33804634528,0.448927862415,middle,high
USA,39163,39,0.851033893461,0.849521341138,0.863243933985916,0.853082712839408,0.813234068159614,0.919437326458031,0.860814575660429,main,0.0106974882019161,2.63336478179,0,middle,low
USA,39165,39,0.942015979796,0.912167941608,0.9133307797636,0.887390034074986,0.873365007221261,0.958238165632684,0.905582315466071,main,-0.00116283815560003,5.44143235043,0.70853381885,high,high
USA,39167,39,0.895592507146,0.888325901784,0.909293748091055,0.893108482026087,0.863995181483164,0.960193307403263,0.904880861787746,main,0.0064346355830549,3.66054508225,0.312881434953,high,middle
USA,39169,39,0.893450488614,0.891376457221,0.897941552531267,0.877550997375977,0.848696730819339,0.953275306140785,0.89210179287025,main,0.00241703252426695,4.41028248202,0.335592365118,high,middle
USA,39171,39,0.886417136683,0.892684697774,0.892979582989282,0.876262877185481,0.843593756827566,0.948471775703892,0.888377179689289,main,0.000294885215282092,3.56904918354,0.21197392182,high,middle
USA,39173,39,0.941709115967,0.914197958917,0.919143916800318,0.897070352334628,0.883429686940708,0.959274073164081,0.912669911716134,main,-0.00494595788331809,4.39423757269,0.575969624155,high,high
USA,39175,39,0.896278168426,0.879045185974,0.88372482612106,0.867567255910303,0.830225704893297,0.943838906940764,0.879290541032036,main,-0.0046796401470599,3.11889191644,0,middle,low
USA,40001,40,0.840148235659,0.849117820415,0.861268891166138,0.851838270763765,0.804606549274961,0.92534201323554,0.85917374524949,main,0.0121510707511381,2.81024723021,0,middle,low
USA,40003,40,0.884995254592,0.892875626159,0.884488622063949,0.883054317605761,0.836125334180109,0.939177269670683,0.885119939972133,main,-0.00737373903894889,1.23744931467,0,low,low
USA,40005,40,0.85877977523,0.872514175472,0.882033821404195,0.87590939719365,0.82964217747991,0.941277687515914,0.881094703971287,main,0.0095196459321949,1.89325601443,0,low,low
USA,40007,40,0.884880952136,0.862502526629,0.848810323484981,0.857424236818282,0.790177880541624,0.915111213080261,0.852703738223776,main,0.013692203144019,0.780844192152,0,low,low
USA,40009,40,0.86595458794,0.890229831826,0.898297738705565,0.886039735206912,0.85209200223268,0.950546652084749,0.895305064944974,main,0.00806790687956493,2.37921415159,0.396923344279,low,middle
USA,40011,40,0.849877759298,0.887360796382,0.876409365520417,0.870660089670789,0.827359478635312,0.931874411351306,0.875588583157139,main,-0.010951430861583,1.78499896633,0,low,low
USA,40013,40,0.888626802794,0.886441724068,0.892167216172372,0.881104379957435,0.842982701876336,0.94778449712533,0.889580404747307,main,0.00135533465237214,2.99434109962,0.299464304124,middle,middle
USA,40015,40,0.855109189705,0.883316118038,0.876635714835936,0.87291348576069,0.825189593974821,0.934810394383458,0.876495100581551,main,-0.00668040320206398,2.28979658698,0.199173854398,low,middle
USA,40017,40,0.915011354209,0.906128220458,0.90094553249361,0.886289698345728,0.858856906783542,0.948538864552384,0.897120019010824,main,0.00518268796439003,4.06991728075,0.704925584557,high,high
USA,40019,40,0.872780581198,0.898428612066,0.899409406827322,0.887910233527828,0.850717508258331,0.954469643603163,0.896682824060383,main,0.000980794761321957,3.16082176911,0.432570828585,middle,high
USA,40021,40,0.891953620003,0.874550929624,0.893793060954401,0.878734699714456,0.848536332846492,0.944968846630343,0.889846787123574,main,-0.015563249427599,3.25749244373,0.287282718128,middle,middle
USA,40023,40,0.842456636882,0.851952586367,0.874318702723277,0.866942961963828,0.815183819771315,0.941187745679843,0.87291933553008,main,0.0223661163562771,2.14993763759,0,low,low
USA,40025,40,0.890106540509,0.85488043378,0.859933778549902,0.871478093244731,0.793007365403667,0.935613393900457,0.864722398893948,main,-0.00505334476990205,0.392865325925,0,low,low
USA,40027,40,0.936801739882,0.928449341833,0.923063603931496,0.895330908542021,0.890660022398724,0.959705199844044,0.914698137689254,main,0.00538573790150398,5.33062863212,0.798264231467,high,high
USA,40029,40,0.852230067677,0.861225227968,0.866628407468881,0.864993809664045,0.807451446280244,0.933545032009707,0.867138021991801,main,0.00540317950088098,1.68457858552,0,low,low
USA,40031,40,0.887093340623,0.905957581383,0.908070911765664,0.891249947848864,0.870861924934826,0.950146404513029,0.903468710945003,main,0.00211333038266404,3.84655718618,0.717679343755,high,high
USA,40033,40,0.871406244537,0.873989264314,0.865774773181891,0.866414380593237,0.812108138305548,0.926460384343003,0.867072587199399,main,0.00304845157810896,1.54632981323,0,low,low
USA,40035,40,0.858971447202,0.873291966535,0.894563047584439,0.890263119268339,0.845851170413786,0.949645875932395,0.894248062401398,main,0.0212710810494391,2.15388319872,0.337246853488,low,middle
USA,40037,40,0.870617038288,0.891299022277,0.884241746458054,0.871802141439702,0.834634022171698,0.940337588382296,0.881182649547487,main,-0.007057275818946,3.44688984057,0.248174560454,middle,middle
USA,40039,40,0.899836677,0.897583144798,0.902647820522662,0.891034187062972,0.859869458744304,0.951021098164765,0.899854613501048,main,0.00055761132066201,2.47456061173,0.638381149729,middle,high
USA,40041,40,0.876228520463,0.876315388271,0.888269479455172,0.877593636386798,0.832184840133386,0.95168934212842,0.885800981267525,main,0.011954091184172,3.1562626572,0.000601171363633,middle,middle
USA,40043,40,0.881034108395,0.870035202295,0.868449319841513,0.868962660468973,0.806182866263563,0.93885950670938,0.869651190342697,main,0.00158588245348701,1.05178735506,0,low,low
USA,40045,40,0.878573671428,0.865692474361,0.86991975925367,0.877290540830956,0.810037805539206,0.937633581203881,0.873428373785336,main,-0.00422728489266999,0.836288565834,0,low,low
USA,40047,40,0.888153852332,0.903670232964,0.908061291279048,0.899918930780605,0.863397197298837,0.95856693312508,0.906453413119558,main,0.00439105831504805,3.15223139202,0.723281211729,middle,high
USA,40049,40,0.85420285695,0.889216345451,0.885553404214212,0.871361053769062,0.829532190632023,0.948901545793346,0.881896287298631,main,-0.00366294123678801,2.66046115347,0,middle,low
USA,40051,40,0.896544232307,0.898671575773,0.886965781645155,0.874879345613063,0.839291688922756,0.940875095319779,0.884024605457446,main,0.00745110719584485,3.00690834266,0.267156046059,middle,middle
USA,40053,40,0.888127251805,0.881545356076,0.878590349600242,0.881382141770007,0.81954299193278,0.945360419975536,0.880598215492589,main,0.00295500647575808,0.982866290702,0,low,low
USA,40055,40,0.851482220813,0.876725457979,0.873419221508357,0.870648586035105,0.825720751867921,0.927356100320476,0.87358977842243,main,-0.00330623647064299,1.56771839362,0,low,low
USA,40057,40,0.865423409821,0.856808943539,0.859256202858977,0.858074338163584,0.801738874010339,0.924296134309437,0.859916596235535,main,-0.00244725931997702,1.10437029946,0,low,low
USA,40059,40,0.870277668838,0.866122621417,0.861483810766315,0.869129435140847,0.80155030537349,0.929255926759274,0.865067894173178,main,0.00463881065068505,0.86769601075,0,low,low
USA,40061,40,0.866364433867,0.853045456417,0.876733577753084,0.870320909770046,0.819750406042899,0.941169490477984,0.875675030551887,main,-0.00294983356391598,2.27864386633,0,low,low
USA,40063,40,0.851060548463,0.877351986271,0.875694206069534,0.869605458765672,0.824220089687536,0.933900542628875,0.874759552294266,main,-0.00165778020146601,2.03954667394,0,low,low
USA,40065,40,0.877773466273,0.883171339002,0.902651015610532,0.895375096285915,0.858225995240188,0.952886315778523,0.901327431167534,main,0.019479676608532,2.5951572418,0.702808441294,middle,high
USA,40067,40,0.854946886463,0.865806772522,0.859181122229811,0.863370730046003,0.801013618215634,0.924956264251484,0.86162734393087,main,-0.00662565029218898,1.44209891588,0,low,low
USA,40069,40,0.87049894135,0.872012411614,0.865642612616731,0.861959746720551,0.809694353483772,0.928908258146902,0.865486516728341,main,0.00334285846926907,2.03525077339,0,low,low
USA,40071,40,0.875803914816,0.903537365094,0.898951757772487,0.892660092928883,0.849596179887106,0.954762475457425,0.897975878652127,main,-0.00458560732151292,3.01089203389,0.615946128102,middle,high
USA,40073,40,0.899251908579,0.883706401299,0.880290433691235,0.873275767952763,0.82261310006957,0.945511296691852,0.879031795483965,main,0.00341596760776497,2.02917025548,0,low,low
USA,40075,40,0.843508535374,0.873198660988,0.872497063386114,0.871990047409864,0.816240911217156,0.936110870806907,0.873411806722535,main,-0.000701597601886039,1.50282443847,0,low,low
USA,40077,40,0.881620079819,0.855955120959,0.870292018452274,0.867475609131681,0.816707094144009,0.930885232246314,0.870442151466144,main,-0.014336897493274,1.95061085291,0,low,low
USA,40079,40,0.852603259001,0.861987567235,0.879556827979278,0.87333295070134,0.827337475860567,0.938605868506286,0.878581261198185,main,0.017569260744278,2.59516524032,0.148730047019,middle,middle
USA,40081,40,0.875211146203,0.889291799856,0.873924528555082,0.865981775010008,0.819444991771691,0.935529359808098,0.872359161421147,main,-0.012794036005082,2.71948397319,0,middle,low
USA,40083,40,0.922487136684,0.908192364558,0.88805292203198,0.873855785396341,0.841689421585165,0.94048023309157,0.884396677350757,main,0.02013944252602,3.1866743472,0.182820075577,middle,middle
USA,40085,40,0.862133131364,0.869211715891,0.856966811260991,0.852896674822724,0.799338261556698,0.922132509971031,0.856656639919301,main,-0.00191226442399084,2.10608297195,0,low,low
USA,40087,40,0.908167154891,0.896407410729,0.885379074020919,0.868701138557373,0.833200144749452,0.944382404858926,0.880891740922469,main,0.011028336708081,3.25804957275,0.121101801404,middle,middle
USA,40089,40,0.842265962862,0.85527389425,0.87515038569779,0.872559685576231,0.818131189187772,0.939627034850451,0.875369073195747,main,0.01987649144779,2.05666425019,0,low,low
USA,40091,40,0.860256636942,0.87530811639,0.892329825488333,0.882816832391458,0.8356887363125,0.956378915232575,0.890256286052422,main,0.017021709098333,2.62468350853,0,middle,low
USA,40093,40,0.88163916442,0.875849267409,0.8672482636827,0.869795239905056,0.805862289643044,0.936662814453403,0.869134613912438,main,0.00860100372630002,1.3948506125,0,low,low
USA,40095,40,0.867050519477,0.880729019933,0.883224397948539,0.871141551343818,0.824024874772811,0.950166535323897,0.880257215818517,main,0.00249537801553901,2.91528862297,0,middle,low
USA,40097,40,0.863973181278,0.875413616152,0.891688577317699,0.877632061854702,0.840948278127831,0.949065121867767,0.888094662394596,main,0.016274961165699,3.25244883094,0.209837066084,middle,middle
USA,40099,40,0.86475046315,0.893300575262,0.886677892318166,0.874924612400472,0.8316921791433,0.948855101991085,0.883848269961566,main,-0.00662268294383406,2.62136624157,0,middle,low
USA,40101,40,0.863055875356,0.878672309246,0.897722828135946,0.881173845928453,0.849877965654245,0.951825246282928,0.893288608941031,main,0.0190505188899459,3.55470324923,0.42082436323,high,high
USA,40103,40,0.888486273509,0.887892202481,0.8722497625673,0.866515175249731,0.815036326598152,0.936946055457939,0.87141007199446,main,0.0156424399137,1.96183177995,0,low,low
USA,40105,40,0.867577052017,0.875625631614,0.861913923227414,0.857646602114884,0.80760625885912,0.923324403137627,0.861563821198741,main,-0.00238545080741404,2.10033208375,0,low,low
USA,40107,40,0.828165230789,0.874820783777,0.870137686222978,0.862770955147374,0.81728691498113,0.929900728204979,0.868764800947698,main,-0.00468309755402196,2.16038731726,0,low,low
USA,40109,40,0.903762435295,0.927988109737,0.9230552088379,0.899211716315449,0.883273395097216,0.968040024552795,0.916115307916004,main,-0.00493290089909992,6.10674465893,0.894109840373,high,high
USA,40111,40,0.86332752192,0.885973979876,0.886677615736569,0.874834252732124,0.836533378993028,0.943380139753601,0.883822922097278,main,0.000703635860568985,3.14445215841,0.289581997594,middle,middle
USA,40113,40,0.890090673211,0.891881329846,0.881513221030636,0.880713988130594,0.833217474044449,0.936125494170034,0.882353160118787,main,0.00678679554536399,2.24899577524,0.231781156873,low,middle
USA,40115,40,0.851844803914,0.869245207683,0.886984527280949,0.875762364506542,0.835245303484059,0.945490644244504,0.884339828986292,main,0.0177393195979491,3.28568692262,0.354123403816,middle,middle
USA,40117,40,0.864424866295,0.894054236632,0.877974362433755,0.868860203535073,0.822943695453608,0.940202405350714,0.876019543921374,main,-0.016079874198245,2.50410631168,0,middle,low
USA,40119,40,0.932835273527,0.924366587269,0.920475191895277,0.894793627670163,0.890145771342388,0.954771350517023,0.912769524564732,main,0.00389139537372296,3.83581218251,0.606182764014,high,high
USA,40121,40,0.868999869377,0.880618948005,0.899777570940718,0.893686370524403,0.851808745663394,0.954020164785895,0.8988659472998,main,0.019158622935718,2.68879235508,0.40349327246,middle,middle
USA,40123,40,0.895645285593,0.89614355202,0.897799469321126,0.885103537331168,0.851138554580522,0.950563093030618,0.894660842077219,main,0.00165591730112602,3.06681071751,0.388066729658,middle,middle
USA,40125,40,0.878971959878,0.903285010636,0.895165683991197,0.880449928145183,0.848624296394343,0.947794147786422,0.89134270733135,main,-0.00811932664480297,3.57249501188,0.348376497587,high,middle
USA,40127,40,0.860918139546,0.851716480911,0.872203745784365,0.874437429030873,0.814674948613321,0.937256645481405,0.874025042786418,main,0.00208394760336494,1.431990738,0,low,low
USA,40129,40,0.898235466289,0.856626620608,0.854608375820311,0.862858892081919,0.79255605332107,0.92477642573642,0.858358750451348,main,0.00201824478768897,0.813549266595,0,low,low
USA,40131,40,0.910483543693,0.895740004505,0.893164940653834,0.873850797792529,0.846735357895371,0.945666976828545,0.887784861814424,main,0.00257506385116602,4.00683546698,0.283268185586,high,middle
USA,40133,40,0.848600099579,0.887647336538,0.883754213608847,0.873504480337912,0.831411579418124,0.94294266007965,0.881432033825977,main,-0.003893122929153,2.81052634729,0.235681331191,middle,middle
USA,40135,40,0.850439686294,0.863399453067,0.882785346510176,0.870041353924537,0.831389271105882,0.940903435232877,0.879622754039501,main,0.0193858934431761,3.25510952767,0.157087667249,middle,middle
USA,40137,40,0.873567869421,0.897453754944,0.896715556434646,0.887772468053088,0.848350523417583,0.951406177417882,0.894844673130406,main,-0.000738198509354082,3.05487015109,0.435092834331,middle,high
USA,40139,40,0.871684162154,0.874315143853,0.880018126482528,0.880159389570187,0.833098570982374,0.933074218177029,0.881166480977689,main,0.00570298262952795,1.59627544484,0.539013445305,low,high
USA,40141,40,0.850251801241,0.860594309862,0.862505896735418,0.865475821412776,0.806560330541688,0.925768497120998,0.864565826490423,main,0.00191158687341797,1.47402847551,0,low,low
USA,40143,40,0.908553777915,0.924852629325,0.92343600026755,0.897807760244398,0.883986790336408,0.968044711434377,0.915886200507966,main,-0.00141662905744999,6.17057099267,0.911905457738,high,high
USA,40145,40,0.907056199355,0.887973494197,0.889469754295141,0.875193230449941,0.844161902906703,0.940703349586509,0.885783248590125,main,-0.00149626009814097,4.08538397251,0.512675997659,high,high
USA,40147,40,0.906430221982,0.903216236018,0.906942503850493,0.890747312535798,0.85884769424913,0.961327559314861,0.902638851467309,main,-0.00270170409550685,3.8881533595,0.608977874316,high,high
USA,40149,40,0.871855568705,0.871346473287,0.865611243030305,0.865572209951786,0.809592464398614,0.928956631195526,0.866672600951305,main,0.00573523025669498,1.70142113083,0,low,low
USA,40151,40,0.902674181795,0.896967352316,0.889082845037551,0.879426754684995,0.84141610582999,0.942983843442489,0.88696179926037,main,0.00788450727844903,1.29150248876,0,low,low
USA,40153,40,0.879906952786,0.890141856637,0.896580677166638,0.892900760542673,0.848890020773266,0.950508720849178,0.896472370369866,main,0.00643882052963807,2.00090955652,0.454805107879,low,high
USA,41001,41,0.896661832248,0.889824460549,0.907577381231712,0.912247615322528,0.858178650467895,0.963605160824871,0.910325105316236,main,0.00407817728471205,1.15207341523,0.589915294027,low,high
USA,41003,41,0.978263797657,0.932851182167,0.929555940200179,0.913030691102852,0.902651806845494,0.960070466189689,0.92491732420423,main,0.00329524196682107,4.01427885861,0.704684794809,high,high
USA,41005,41,0.941521660929,0.934388538927,0.923206307780382,0.910230827929122,0.88493054716976,0.96661847335819,0.919966343750294,main,0.011182231146618,4.49472078981,0.760760562379,high,high
USA,41007,41,0.900824751255,0.910379892213,0.917645275343415,0.903166255782366,0.87230492180519,0.969070064916677,0.913966760400052,main,0.00726538313041503,2.98904485315,0.360627582418,middle,middle
USA,41009,41,0.897220494556,0.907106114959,0.903219379178571,0.884950835371766,0.860617289386661,0.951538444469564,0.898225092574338,main,-0.00388673578042897,3.5128427761,0.472430020349,high,high
USA,41011,41,0.882896556559,0.912148302008,0.912897137436255,0.912241258961147,0.865187893631299,0.967008709841639,0.913868083663763,main,0.00074883542825499,2.86086397643,0.477555678707,middle,high
USA,41013,41,0.887469886641,0.883005749667,0.898597159400275,0.912989274682977,0.850036321036177,0.953674605857979,0.904553917991672,main,0.00666313578527489,1.3914678998,0.48587009742,low,high
USA,41015,41,0.882160754128,0.909552910798,0.914996201128466,0.921198300744135,0.861640727273369,0.975511697843041,0.918270451167403,main,0.00544329033046598,1.92090192616,0.42844443734,low,high
USA,41017,41,0.925497235532,0.91668492322,0.922735679650998,0.917603523200651,0.881992084642049,0.968946849972531,0.922160619121958,main,-0.00605075643099806,3.22303483314,0.63850286435,middle,high
USA,41019,41,0.878051793233,0.896634763724,0.904524354673454,0.911131280458367,0.85487316707159,0.960838469479283,0.907913223939937,main,0.00788959094945407,2.31378433791,0.398736330112,low,middle
USA,41021,41,0.896733060882,0.874262095852,0.876467002663315,0.891274805369901,0.820032512167284,0.940474703793965,0.882530940202905,main,-0.00220490681131502,0.49646434772,0,low,low
USA,41023,41,0.883336363944,0.875655589087,0.888124870524749,0.898461401915714,0.830218219961126,0.953802287830643,0.892722912554517,main,-0.00289226827625089,0.513439603643,0,low,low
USA,41025,41,0.892182624531,0.881177595166,0.885427895810717,0.893810478315592,0.829514518899503,0.948844552665093,0.88938165548498,main,-0.00425030064471699,0.264423138919,0,low,low
USA,41027,41,0.908881075931,0.897934179091,0.905500687010771,0.887100345357406,0.860194077839122,0.956887203901643,0.900485342058628,main,-0.00756650791977098,2.96345022932,0.428859930607,middle,high
USA,41029,41,0.904863353561,0.903775985628,0.92029111645463,0.916653375792697,0.876798923109668,0.969619732495498,0.92024231295122,main,0.01434039496063,3.4832459707,0.708294838485,middle,high
USA,41031,41,0.872970128161,0.874818196442,0.881658862609926,0.885231894759877,0.829564103744893,0.940744463039699,0.884014845768489,main,0.006840666167926,1.84087449301,0.275206283463,low,middle
USA,41033,41,0.875794056931,0.896936554649,0.912590573801063,0.900555853854753,0.862434108811196,0.969477771552358,0.909755754392496,main,0.015654019152063,3.11969003527,0.474207884446,middle,high
USA,41035,41,0.882483295708,0.898523026196,0.903257111716506,0.908398766199523,0.857132853132877,0.955571002253027,0.906141205531972,main,0.00473408552050603,1.74293772808,0.563753237907,low,high
USA,41037,41,0.86481275197,0.879573401228,0.881861856818857,0.893870708726352,0.828536621513141,0.942343057130391,0.887016741566263,main,0.002288455590857,0.34534044799,0,low,low
USA,41039,41,0.919854441723,0.930293392314,0.929335258660318,0.925230713126818,0.894949607110336,0.968335283082417,0.929019421096241,main,-0.000958133653682025,3.52821517882,0.767052517039,high,high
USA,41041,41,0.88892517638,0.921910179911,0.91344025403944,0.90482918698175,0.862202733231291,0.971553579591553,0.911760802548037,main,-0.00846992587156004,3.03344660599,0.289871251944,middle,middle
USA,41043,41,0.885800357617,0.911956428526,0.905748770463972,0.899470342215135,0.861412443733948,0.956034798132916,0.904809662590611,main,-0.00620765806202805,3.14081884014,0.558887622793,middle,high
USA,41045,41,0.852637623408,0.873674544964,0.891549218651912,0.905878045950856,0.841336537789911,0.948500176148546,0.897481765269135,main,0.017874673687912,0.839503308071,0.369311894732,low,middle
USA,41047,41,0.898350074887,0.92511216215,0.915758796222321,0.896067299575233,0.873912678998992,0.963220441417777,0.910286537532425,main,-0.00935336592767899,4.75371414003,0.771997587675,high,high
USA,41049,41,0.878494558725,0.852321355077,0.854147626002611,0.863968881705826,0.79715187189872,0.918791909353666,0.858523348884205,main,-0.00182627092561094,1.19524882189,0,low,low
USA,41051,41,0.93788372183,0.957949326794,0.944685020741895,0.915724844879017,0.918986314355258,0.973832357829236,0.935806550165345,main,-0.013264306052105,6.62914793425,0.982565844456,high,high
USA,41053,41,0.924690030471,0.912751568109,0.900486221880403,0.89349252669494,0.859655642674994,0.94679604921826,0.89927107902114,main,0.0122653462285971,3.8304469724,0.751714153287,high,high
USA,41055,41,0.901057975842,0.887223788436,0.897368343201595,0.904065432868827,0.845007955384257,0.956755218586476,0.900783661996735,main,-0.0101445547655949,0.624439111996,0,low,low
USA,41057,41,0.891406109202,0.896263382744,0.896998318599979,0.89047697068238,0.843574788713833,0.957591004105614,0.89600159044755,main,0.000734935855979058,2.36713117381,0.186437073546,low,middle
USA,41059,41,0.880451721008,0.883614474146,0.894149037621391,0.896625275310534,0.848284510216328,0.946168342426637,0.896135418074505,main,0.0105345634753909,2.40415002596,0.542275956683,middle,high
USA,41061,41,0.908748421422,0.899326726575,0.90674601697036,0.903516508290841,0.860303536411596,0.959420833190779,0.906843438389774,main,-0.00741929039535993,1.84849613742,0.515998752054,low,high
USA,41063,41,0.91193830585,0.897930496269,0.887048474104235,0.899465092826429,0.828101128378326,0.953906242368031,0.89232787572072,main,0.010882022164765,0.651655439738,0,low,low
USA,41065,41,0.881381482573,0.890847537615,0.908019920574902,0.912387940621667,0.861135385925356,0.961196112210916,0.91065594238526,main,0.017172382959902,1.7037568516,0.637081885277,low,high
USA,41067,41,0.950635377892,0.94179512518,0.931953261280049,0.912029323949298,0.898642014976178,0.969734700945169,0.926295354839541,main,0.00984186389995101,5.80350136194,0.939946087875,high,high
USA,41069,41,0.896819772785,0.860035198745,0.875740472012122,0.92149067257247,0.806751380531147,0.953987535288079,0.89178012088685,main,-0.015705273267122,0.293755357627,0,low,low
USA,41071,41,0.916481961216,0.917647698901,0.909198023183756,0.885098622245929,0.867775959626838,0.956178708949891,0.902220691107637,main,0.00611820034724408,4.1222056602,0.602467860975,high,high
USA,42001,42,0.921780876332,0.909476202266,0.90307601651287,0.882402486669713,0.857114663273949,0.954575611941074,0.897095464391111,main,0.00640018575313006,4.36840313387,0.281214943432,high,middle
USA,42003,42,0.942212297921,0.938717355525,0.942648832485987,0.914434038730842,0.909689512346993,0.979579678362594,0.934032051821054,main,-0.00305840783101308,6.4466160865,0.914110144891,high,high
USA,42005,42,0.88820270047,0.902699482984,0.897961524413732,0.881693977319354,0.850691366496443,0.950927632611485,0.89346824625613,main,-0.00473795857026804,3.71339013693,0.232271938256,high,middle
USA,42007,42,0.906257045925,0.915232544976,0.919037334317078,0.897618844177794,0.877261782757175,0.965846748150943,0.91280175091255,main,0.00380478934107797,4.99729974307,0.607734384507,high,high
USA,42009,42,0.884331112256,0.902548767076,0.895358231501459,0.883411557945902,0.843798536278164,0.953130756835912,0.892314827348788,main,-0.00719053557454097,2.99098235376,0,middle,low
USA,42011,42,0.916633525316,0.92506077445,0.917532203619365,0.893196408072381,0.876599578809242,0.963397119880159,0.910299958783608,main,-0.00752857083063496,5.26360805942,0.638026839587,high,high
USA,42013,42,0.900027420022,0.924577987026,0.924063830926548,0.904097234673891,0.881021845352059,0.972292281294187,0.918331649180491,main,-0.000514156099452046,4.53879067766,0.598580182772,high,high
USA,42015,42,0.8903507152,0.897576367194,0.89425839427529,0.882088675476619,0.841724431989649,0.953122583714778,0.891135298243286,main,-0.00331797291871005,3.09109437494,0.177521928454,middle,middle
USA,42017,42,0.946768041497,0.936493597613,0.93609259159941,0.910010000975093,0.90042098822864,0.9760625448843,0.928231867200001,main,0.000401006013589944,6.0464461064,0.857601826578,high,high
USA,42019,42,0.941833843787,0.916499880781,0.9170055124186,0.894839202116897,0.875070889913353,0.963993164897594,0.91051561415919,main,-0.000505631637599979,4.5222680783,0.390896443637,high,middle
USA,42021,42,0.900932659861,0.91593052232,0.913435489342933,0.894840508791549,0.868351984442246,0.963951457634849,0.908166617185859,main,-0.0024950329770671,4.37979751742,0.414321865487,high,high
USA,42023,42,0.883304171088,0.884234481906,0.884554584410162,0.881033331195815,0.832815250257826,0.942528394770333,0.884324825287527,main,0.000320102504162034,1.73864556094,0,low,low
USA,42025,42,0.88894004006,0.902847846499,0.905084251371282,0.883391438574354,0.859944457778512,0.955663291019135,0.898758127346102,main,0.00223640487228205,4.23649402353,0.312104328879,high,middle
USA,42027,42,0.973650065898,0.940944238003,0.931118517773835,0.907247503136679,0.906656118912329,0.958528582008065,0.923828058861256,main,0.00982572022916495,4.03801469564,0.579611611748,high,high
USA,42029,42,0.963458754851,0.927486563136,0.924253640821054,0.897220707205927,0.884150861755006,0.969188716746956,0.916103770782619,main,0.00323292231494599,5.62520670254,0.655961359776,high,high
USA,42031,42,0.90720830819,0.902118902558,0.903211832800634,0.885893791523984,0.858513597473223,0.953296107381284,0.898363748511212,main,-0.00109293024263402,3.26861260725,0.167099348028,middle,middle
USA,42033,42,0.87699974328,0.909116633401,0.910382047803899,0.893757824871924,0.866487411007903,0.959565891993838,0.90577216898338,main,0.00126541440289896,3.34138318906,0.259028746276,middle,middle
USA,42035,42,0.897502955607,0.907753784289,0.904305542572303,0.892808518759014,0.860533808148512,0.953351674923932,0.901418497116701,main,-0.003448241716697,2.90179729961,0.341440682166,middle,middle
USA,42037,42,0.920015515528,0.914654848271,0.919597222159135,0.896299012934443,0.881030407594574,0.962811253232257,0.912700575791765,main,-0.00494237388813501,4.01741546764,0.43605083879,high,high
USA,42039,42,0.890920011306,0.892527161905,0.899283147236885,0.883764634216236,0.851415151361919,0.952919131554078,0.895044606084038,main,0.00675598533188493,3.54283824464,0.226714624442,high,middle
USA,42041,42,0.945434215409,0.938034012427,0.933270759550732,0.908383818837798,0.894886016229741,0.976280780195044,0.925842864028587,main,0.004763252876268,5.18448222667,0.717857879712,high,high
USA,42043,42,0.915908334902,0.930390203843,0.922035565088746,0.895590606439013,0.882254136148827,0.966610568903622,0.914081509864651,main,-0.00835463875425402,5.35427885726,0.745980788062,high,high
USA,42045,42,0.940051267563,0.934813070973,0.933326932126819,0.899560990241647,0.898161591304022,0.972729619337852,0.922838584531558,main,0.00148613884618098,7.10704502279,0.967054695165,high,high
USA,42047,42,0.900081975549,0.901143686558,0.903322948135,0.894229181916616,0.856149756336986,0.956180406008925,0.901251786407895,main,0.00217926157699999,2.73531936032,0.244501235098,middle,middle
USA,42049,42,0.912493059683,0.910384733964,0.921235011990332,0.895769990872962,0.882136903826999,0.965044356374795,0.913608065862141,main,0.006633626588332,4.9135599111,0.706085189026,high,high
USA,42051,42,0.879902287496,0.901281800389,0.908976697663087,0.89072193644609,0.864451247501805,0.958867366844318,0.903816774354017,main,0.00769489727408701,4.1858098831,0.322238099054,high,middle
USA,42053,42,0.837555282736,0.899323215515,0.894080012074968,0.882176807966773,0.862610590495161,0.929341429886036,0.890940237582945,main,-0.00524320344003204,2.20056312018,0,low,low
USA,42055,42,0.904719990322,0.916421661476,0.907168507347018,0.888525565712522,0.859870752675458,0.960165537647361,0.901882042957002,main,-0.00925315412898198,4.37162027369,0.424383612727,high,high
USA,42057,42,0.887627182325,0.897518917594,0.884750687479863,0.873928899018054,0.833364753017642,0.9423285142629,0.882072983586904,main,-0.00701524042386292,2.65523594356,0,middle,low
USA,42059,42,0.888196048407,0.89162047973,0.906996700843311,0.887879415761675,0.86216120362615,0.957234777070163,0.901544103836366,main,0.0153762211133109,3.27570847457,0.167176344863,middle,middle
USA,42061,42,0.901313010123,0.903585618516,0.900336311266672,0.887653339529654,0.856580832110981,0.949364229626073,0.89704632047953,main,-0.00129590953667202,3.05665247105,0.232587477368,middle,middle
USA,42063,42,0.913238529203,0.911844979365,0.91614402652556,0.895133929422208,0.875143766435862,0.96208472796867,0.910039509817343,main,0.00151194748456007,3.74367995812,0.260118921544,high,middle
USA,42065,42,0.874123580356,0.895411178509,0.892140449443806,0.879198455900207,0.841070291887918,0.949364448896366,0.888759095167249,main,-0.00327072906519399,3.31539515202,0.134474941521,middle,middle
USA,42067,42,0.877856682396,0.886745052611,0.882977630210747,0.86655087153242,0.829127771447466,0.943316278765302,0.878397217700068,main,-0.00376742240025296,3.2519408319,0,middle,low
USA,42069,42,0.913702096441,0.923314765587,0.927149080920165,0.902914090809848,0.887332831143437,0.971763101406259,0.919950504560535,main,0.00383431533316503,5.20015163785,0.757439661224,high,high
USA,42071,42,0.911425363574,0.928548729021,0.916445999071234,0.894105606505417,0.871864498919745,0.966399472143474,0.909909428993705,main,-0.012102729949766,5.43896248532,0.630490195279,high,high
USA,42073,42,0.897411173645,0.909951711775,0.912037751262193,0.892407440631639,0.86690974957824,0.962603578102097,0.906417288669283,main,0.00208603948719299,4.58410931386,0.471125847938,high,high
USA,42075,42,0.89966081197,0.923242172525,0.912811624223398,0.888929475792497,0.866389415505887,0.964827607203877,0.90575357234396,main,-0.0104305483016019,4.99758285297,0.588176596121,high,high
USA,42077,42,0.923021521411,0.934800069431,0.930893359109642,0.901846333484629,0.892532331968839,0.973876805826106,0.922047952961216,main,-0.00390671032135803,6.08712484606,0.847849693794,high,high
USA,42079,42,0.903874214088,0.917552717377,0.925451932380182,0.903885512552148,0.886297888120304,0.969323953038056,0.919152053075607,main,0.00789921500318203,4.94189321407,0.665953050983,high,high
USA,42081,42,0.911645054172,0.911612542487,0.914616380841612,0.901080279735746,0.871432660921163,0.96300364423282,0.911049029080414,main,0.0029388149846119,3.61074156148,0.47788284273,high,high
USA,42083,42,0.89529842946,0.896476049579,0.901242879016361,0.886248141007773,0.856782727626462,0.951060381067576,0.897176818084373,main,0.00476682943736106,2.87811118052,0.244623066621,middle,middle
USA,42085,42,0.904038134255,0.908770017233,0.917085531530068,0.896614126997044,0.873607273730638,0.965802823968222,0.911178429083922,main,0.00831551429706801,4.20119804613,0.43307757139,high,high
USA,42087,42,0.870384513119,0.903276617677,0.900489787699888,0.883352776573435,0.848528313239518,0.958712505787656,0.895700815703313,main,-0.00278682997711199,3.80191315243,0.326777083729,high,middle
USA,42089,42,0.911383740262,0.917657061471,0.914850422610618,0.88693030197782,0.875482885034523,0.958961662060738,0.906385187328127,main,-0.00280663886038202,4.77257845973,0.316535691289,high,middle
USA,42091,42,0.958874078738,0.941361504206,0.938943181994929,0.909576603815759,0.90230401598346,0.979997287095115,0.929977300674427,main,0.00241832221107097,6.51570584956,0.914414028513,high,high
USA,42093,42,0.914035153432,0.902545291554,0.906949760830377,0.885323739875353,0.861142678753169,0.958276495760478,0.900649930603701,main,-0.00440446927637705,4.00741630201,0.425134289976,high,high
USA,42095,42,0.9375870553,0.938058195904,0.927901671917122,0.899185388937794,0.890556450407041,0.969746910653854,0.919157001926161,main,0.00921424277887795,5.85142743874,0.741173569447,high,high
USA,42097,42,0.877792914178,0.909096240182,0.911563871728918,0.891918999298826,0.86799955637541,0.960377591467538,0.905932094074253,main,0.00246763154691798,4.3866480387,0.490966982031,high,high
USA,42099,42,0.884516014745,0.894310409779,0.883051602518296,0.864921421778366,0.833172214081397,0.938941347786528,0.877909937990537,main,-0.00832998280729602,3.51573665514,0,high,low
USA,42101,42,0.896394285409,0.928556110467,0.932534442234942,0.888791677805399,0.90076117468112,0.968136318793013,0.918576611911194,main,0.00397833176794193,8.42210233915,0.999178535235,high,high
USA,42103,42,0.925970753809,0.910169783323,0.900458980372333,0.880743129483173,0.854102390930291,0.952401437098671,0.894800904770155,main,0.00971080295066706,3.79549976806,0.0453904651814,high,middle
USA,42105,42,0.884022911112,0.881784955945,0.883540619508806,0.881023091688418,0.827576271940077,0.946248548128982,0.883622669539466,main,-0.00175566356380608,1.96634606981,0,low,low
USA,42107,42,0.883485173442,0.907643008451,0.906631385086521,0.885749460916925,0.862623861374008,0.955941718818652,0.900577847050895,main,-0.00101162336447902,4.30413730758,0.368465557813,high,middle
USA,42109,42,0.911109190583,0.901246694911,0.906094712529402,0.87938956229172,0.858534174829102,0.95938619063669,0.898071233684886,main,-0.00484801761840203,3.87862420338,0.173659202096,high,middle
USA,42111,42,0.87903322139,0.903772105457,0.901298197675288,0.887630784423824,0.8552455322423,0.952900108216532,0.897684063805816,main,-0.00247390778171208,3.35285365375,0.166085744084,middle,middle
USA,42113,42,0.894881605934,0.902055224428,0.904930783119816,0.898577867388051,0.861265074870367,0.953858113375801,0.903771781761575,main,0.00287555869181599,1.86569224797,0,low,low
USA,42115,42,0.896385591059,0.896088862687,0.891484510511285,0.8798370437436,0.84046305942099,0.948653934476049,0.888538455079511,main,0.00460435217571509,3.06558657065,0,middle,low
USA,42117,42,0.894829765859,0.902298405424,0.893653322110447,0.880377540647495,0.84226168503271,0.951237538661656,0.890160515786625,main,-0.00629219581644702,2.72955170571,0,middle,low
USA,42119,42,0.929265157943,0.911962345016,0.912203007376642,0.886205677763021,0.87353489354705,0.955530544053899,0.904384519737482,main,-0.000240662360641908,4.0459302041,0.2828256443,high,middle
USA,42121,42,0.881497603645,0.900474372496,0.906421794869516,0.893318630145798,0.860155342525234,0.958263253175646,0.903003372472241,main,0.00594742237351598,3.46380915793,0.334232537694,middle,middle
USA,42123,42,0.895412891246,0.901512363183,0.90846017549726,0.896826490618788,0.860818884219616,0.961842137810725,0.905540761953025,main,0.00694781231426,2.94112690801,0.28513964582,middle,middle
USA,42125,42,0.919977514793,0.908798554953,0.915158636321752,0.895315063906019,0.872811279309572,0.962608756909895,0.909456678727954,main,-0.00636008136875199,4.54962002862,0.485569972136,high,high
USA,42127,42,0.895587159342,0.90888257002,0.908925575221243,0.890732313108477,0.860971798960335,0.962657676272612,0.903793757624913,main,4.30052012430071e-05,3.40039945961,0,middle,low
USA,42129,42,0.922078854848,0.92043771979,0.924739141525486,0.903731001528881,0.883335000792486,0.971132390342979,0.918644938117441,main,0.00101915161948596,4.91629039859,0.566180588723,high,high
USA,42131,42,0.897975870667,0.897697211261,0.898570345366608,0.880270753586353,0.849172044454679,0.953921033119003,0.893390771483836,main,0.000315815293607913,3.34850868308,0,middle,low
USA,42133,42,0.914164933875,0.926385639149,0.91582903716273,0.890313596268689,0.874508960422163,0.962128092461206,0.908196983213498,main,-0.01055660198627,5.27979355759,0.59297162139,high,high
USA,44001,44,0.973718212728,0.938292556983,0.933302203098861,0.897769732258382,0.899354350070098,0.971199016787663,0.922149519609749,main,0.00499035388413893,6.6894956857,0.968732049187,high,high
USA,44003,44,0.929784019476,0.941063783775,0.943816816119591,0.914189598173356,0.909336982381082,0.982307492808394,0.934694159029621,main,0.00275303234459101,5.96150893177,0.865400943269,high,high
USA,44005,44,0.957523370992,0.937251062274,0.936963238170084,0.904441371343286,0.899556199320253,0.978721625091951,0.926878130048963,main,0.000287824103916035,5.80696819463,0.737421562718,high,high
USA,44007,44,0.91873730048,0.940763980796,0.932162022983331,0.905225947531006,0.900007805268652,0.968056557963493,0.923920635633664,main,-0.00860195781266904,6.40189447497,0.897776895891,high,high
USA,44009,44,0.964274012827,0.931107238735,0.932013078850197,0.910082458471504,0.896089506345048,0.972115436224912,0.925514708004675,main,-0.00090584011519701,5.08728714282,0.532082699595,high,high
USA,45001,45,0.8768076256,0.871769988544,0.873851228009559,0.862521683667782,0.821491568921016,0.932047917157277,0.87083750384448,main,-0.00208123946555894,3.09946543212,0,middle,low
USA,45003,45,0.899309283377,0.886005143645,0.905863905091856,0.885542543996945,0.860849636909776,0.955896342625007,0.899875671087004,main,-0.00674951801714396,4.17791983075,0.450770459796,high,high
USA,45005,45,0.825957781868,0.858400776602,0.874432259360131,0.865322868703928,0.827794283440812,0.926269414801987,0.872193092286435,main,0.016031482758131,2.42222227641,0,middle,low
USA,45007,45,0.889686743106,0.886883562251,0.903359842000706,0.879320362487862,0.855992299041848,0.956007896271003,0.896106214304104,main,0.0108699180397058,4.72875922875,0.366336517449,high,middle
USA,45009,45,0.874789378277,0.866159802751,0.885142329778753,0.870479665962822,0.833548353934492,0.942487977675846,0.881025372924916,main,0.00172337597575301,2.86223596746,0,middle,low
USA,45011,45,0.83273143011,0.851111316323,0.875186452141365,0.862834106818237,0.820576359589639,0.935884452011583,0.871812006443609,main,0.0240751358183651,2.87805181549,0,middle,low
USA,45013,45,0.939510967545,0.928955065536,0.925336765149968,0.911605552631293,0.876996112050653,0.979066411419459,0.921592490201152,main,0.00361830038603206,4.85637146896,0.688550394468,high,high
USA,45015,45,0.895030506963,0.89818749318,0.907140319680165,0.888424989599303,0.867248430008509,0.951479338366489,0.901684387534564,main,0.00895282650016493,4.33527186167,0.648405992846,high,high
USA,45017,45,0.871560717748,0.861621551573,0.873300706672352,0.865268913380314,0.821041435053345,0.931385817202856,0.871395404919054,main,-0.008199177250648,2.85720375721,0,middle,low
USA,45019,45,0.941780801936,0.932744710532,0.937062579186466,0.914540520245924,0.903742347967552,0.974097334040352,0.930286345946663,main,-0.00431786865446593,5.16010182535,0.855886077968,high,high
USA,45021,45,0.853692555642,0.887310836338,0.896431110059595,0.872638784868667,0.84908078777703,0.949060023900742,0.88925381166316,main,0.00912027372159496,4.09434969596,0.283750539773,high,middle
USA,45023,45,0.846426500877,0.879881232873,0.88615346883224,0.873194804557962,0.837475150510085,0.940258423084091,0.882626105383347,main,0.00627223595923998,3.18974281459,0.275195140359,middle,middle
USA,45025,45,0.849865824541,0.857250386591,0.882654456124736,0.869621341762019,0.833464524510714,0.937328058076534,0.879096009626151,main,0.0254040695337361,3.24996355143,0.125744012639,middle,middle
USA,45027,45,0.868957240236,0.875615488548,0.889945365598965,0.877327764444385,0.837132471744585,0.948645815910097,0.886516287547258,main,0.014329877050965,3.23109865464,0,middle,low
USA,45029,45,0.848709727258,0.877120105124,0.891067790498906,0.883077503509488,0.840277817792279,0.947519805368412,0.889207954092892,main,0.0139476853749061,2.78756875318,0.1874162283,middle,middle
USA,45031,45,0.862271782188,0.869032403762,0.894295150486005,0.87446204095824,0.846148654230433,0.947808995398537,0.888456465415131,main,0.0252627467240051,3.94530973097,0.280441495805,high,middle
USA,45033,45,0.836777158559,0.858415527354,0.883112466057271,0.864835710455388,0.831047687464583,0.940981401570766,0.877768920789017,main,0.0246969387032711,3.52776961462,0.243195775026,high,middle
USA,45035,45,0.904706690927,0.901260062965,0.904950830950403,0.876713199853945,0.866006881792631,0.948236233162186,0.896255454151913,main,-0.0032024879385969,4.7670327172,0.785231600059,high,high
USA,45037,45,0.89774117642,0.881263789047,0.885657075899105,0.871047826309662,0.842801905424708,0.933289720532132,0.881579191829161,main,-0.00439328685210505,3.17255611099,0.0504825715289,middle,middle
USA,45039,45,0.855518075722,0.891821595644,0.88444230784503,0.871538512005109,0.835620604474036,0.938706631643227,0.880930952381506,main,-0.00737928779897001,2.74003952907,0,middle,low
USA,45041,45,0.881518453636,0.882917559459,0.909003223222086,0.887183173823001,0.863459268086657,0.959624396959907,0.902510252532047,main,0.0260856637630861,4.29646681101,0.508973233302,high,high
USA,45043,45,0.902907847707,0.906876452655,0.910763682387084,0.897819204892142,0.859003185340466,0.968294415191504,0.907257075981647,main,0.003887229732084,3.49180628159,0.344047471969,middle,middle
USA,45045,45,0.921392004459,0.910177909665,0.92267840578095,0.898721937137986,0.883522865896495,0.966198986753665,0.915454094248459,main,-0.00992769347205014,5.5684144653,0.790523944466,high,high
USA,45047,45,0.887443600158,0.892268381621,0.905339429819205,0.881991468233846,0.858102337318948,0.957842491075404,0.898323007200046,main,0.013071048198205,4.17595571274,0.47493151961,high,high
USA,45049,45,0.835934608537,0.861965458049,0.882428372336612,0.868163447910368,0.832249688080339,0.938200952608106,0.878449909654247,main,0.0204629142876119,2.79992757545,0,middle,low
USA,45051,45,0.901162908599,0.914992691777,0.931170911667771,0.912267877003131,0.888880683470384,0.978175634525639,0.925680035647536,main,0.016178219890771,4.75044613581,0.647250651907,high,high
USA,45053,45,0.87998697484,0.887835814888,0.902210168693771,0.882873996415892,0.850729544030404,0.959429829073874,0.896536177582931,main,0.014374353805771,2.86376168736,0.0121889030405,middle,middle
USA,45055,45,0.875987252195,0.863736448047,0.889888630947705,0.870173952952608,0.838910466429239,0.946549817163327,0.884073533622402,main,0.00165057460470508,3.63250202307,0.20721428237,high,middle
USA,45057,45,0.903835637471,0.879764584875,0.897728246815513,0.872579055994139,0.846951907128992,0.954165108862273,0.890079958145678,main,-0.017963661940513,4.13983329203,0.306177993836,high,middle
USA,45059,45,0.861448208443,0.8811768018,0.888790805531185,0.872581753324717,0.841289713632377,0.941587296714165,0.884173373604984,main,0.00761400373118493,3.66019011485,0.264311248912,high,middle
USA,45061,45,0.836694071659,0.865294224064,0.887942936789603,0.87565926746662,0.845263011938475,0.93538079950007,0.884650691720267,main,0.022648712725603,2.9968451028,0.267564012098,middle,middle
USA,45063,45,0.912556307653,0.89494530206,0.918126450922198,0.889726446194432,0.876502305726726,0.964390836159774,0.909398456019517,main,-0.012040862323802,5.15804050115,0.605717853733,high,high
USA,45065,45,0.873429542147,0.893248274651,0.884526472338748,0.885796872677116,0.832043195574239,0.94286056000255,0.885745922656533,main,-0.00872180231225195,2.55318827165,0,middle,low
USA,45067,45,0.839712966805,0.861873897911,0.885147477727312,0.868652658446199,0.832732818611694,0.943405298279141,0.880406786605069,main,0.023273579816312,3.33934228296,0.186293267108,middle,middle
USA,45069,45,0.819234352566,0.868043644838,0.896262720093925,0.880419475104526,0.852830505343426,0.944536737626343,0.891778656422961,main,0.028219075255925,3.2528206722,0.279931182214,middle,middle
USA,45071,45,0.87725472344,0.88163735737,0.89513432330491,0.879281545931068,0.846448159103659,0.949247998090752,0.890640974089128,main,0.01349696593491,3.25228530522,0.267723012876,middle,middle
USA,45073,45,0.903367990919,0.88887632263,0.898903180535622,0.881049451698429,0.846514995709682,0.957131575456466,0.893721477750151,main,-0.010026857905622,3.94510393213,0.131214384565,high,middle
USA,45075,45,0.872309401874,0.871095637769,0.894967268626528,0.878881523059812,0.845616120199494,0.949820059765488,0.890392804570823,main,0.0214441026475281,3.57101337404,0.24720410956,high,middle
USA,45077,45,0.911711860716,0.902041301291,0.91570338561514,0.888121979680939,0.878415666215701,0.957147922357576,0.90722968195578,main,-0.00567903452585994,4.62799855571,0.423632054227,high,high
USA,45079,45,0.919238839999,0.912196233845,0.926120529137374,0.903554404838006,0.895536033550382,0.960114569843523,0.919291993344967,main,-0.000160917015626039,5.463657682,0.851586245021,high,high
USA,45081,45,0.87209703059,0.867720727337,0.871603781498969,0.861674542082323,0.818451882490593,0.930681029098511,0.869051990160012,main,-0.00388305416196899,2.9600024773,0,middle,low
USA,45083,45,0.89123075814,0.898811804911,0.911678565425331,0.886836266362854,0.86791458963942,0.960321328556656,0.904160790089591,main,0.012866760514331,5.0216433732,0.495190931165,high,high
USA,45085,45,0.875736166817,0.877587702501,0.899793084591401,0.879004357229923,0.853706253271075,0.951017654094744,0.893640185029929,main,0.0222053820904009,4.22105713767,0.463668090581,high,high
USA,45087,45,0.856236957753,0.882295246288,0.890138990252732,0.876421265565537,0.841372192492051,0.944342287589118,0.886360035740868,main,0.00784374396473198,3.17590805342,0.240376595846,middle,middle
USA,45089,45,0.83805814201,0.869068709057,0.881142530759757,0.867800430173672,0.829569106697077,0.938465335772367,0.8774658483778,main,0.0120738217027571,2.75975755339,0,middle,low
USA,45091,45,0.920123741491,0.906788833835,0.910784368137777,0.885082194100138,0.869350127398193,0.956837678460436,0.902967664069101,main,-0.00399553430277699,5.02777892033,0.629749129613,high,high
USA,46003,46,0.916391169886,0.89881498541,0.862054912188086,0.864637004448759,0.802293848196952,0.928257720135229,0.863532359685403,main,0.036760073221914,0.929366033977,0,low,low
USA,46005,46,0.884747372666,0.906031683762,0.894337449941155,0.890309867996447,0.84275584235099,0.951732602583282,0.893825283335575,main,-0.011694233820845,1.91633847037,0.658679848099,low,high
USA,46007,46,0.840650583265,0.882927640999,0.83636742689524,0.839357432415106,0.761999176523088,0.918771596350565,0.837599355192288,main,-0.0379939013642401,0.784125684245,0,low,low
USA,46009,46,0.891639357326,0.901779378101,0.880327447547891,0.869817267345717,0.832790127046165,0.933501407386271,0.877727131876968,main,0.00117188900310894,1.82124714711,0,low,low
USA,46011,46,0.958180400086,0.927053209338,0.915858690921326,0.895589500064657,0.885900253227466,0.949921773969415,0.910040151143037,main,0.011194518416674,2.91742329429,0.646127439398,middle,high
USA,46013,46,0.930088229279,0.920080238305,0.912241118919863,0.908340081899317,0.868737827886401,0.960664209373338,0.91180703923752,main,0.00783911938513693,2.29925256017,0.653158847856,low,high
USA,46015,46,0.905884735632,0.905058530124,0.875962593307711,0.869650821254979,0.818486985582893,0.939995727076164,0.874636350652297,main,0.029095936816289,1.29757785351,0,low,low
USA,46019,46,0.88529577971,0.900236105458,0.892368408333159,0.893481564320934,0.840417117226011,0.949962036714434,0.893502101705307,main,-0.00786769712484103,1.07731591393,0.468550395305,low,high
USA,46021,46,0.923405414482,0.915891809635,0.882931700485367,0.894296533219839,0.821098594621762,0.951071516990025,0.887217318147521,main,0.0329601091496331,0.577203694379,0,low,low
USA,46023,46,0.862186892823,0.885197144,0.856260414937127,0.860221535335743,0.787021860640313,0.9329277870259,0.857988983698304,main,-0.0170837732911271,1.49005095605,0,low,low
USA,46025,46,0.896560843063,0.894675028171,0.856063322547783,0.869253632096847,0.783746367110323,0.935765967007179,0.860656329469447,main,0.038611705623217,0.93445353053,0,low,low
USA,46027,46,0.95125604559,0.92829272608,0.928680293618899,0.900781108244207,0.907964426866161,0.952798781311792,0.920230094454532,main,-0.000387567538899014,2.71563231014,0.731014970779,middle,high
USA,46029,46,0.925515067753,0.923943122676,0.913883951649934,0.90299629551471,0.868871942861128,0.964269250181715,0.911199249256992,main,0.010059171026066,2.87687158635,0.649493438754,middle,high
USA,46031,46,0.820078638176,0.870176473839,0.806956279920545,0.821241532629035,0.733224242547435,0.888186486747524,0.81171572713509,main,-0.0369754774075449,0.516595621328,0,low,low
USA,46033,46,0.916718036396,0.921349116981,0.890029145427369,0.893602661213328,0.836841306506032,0.948894002031942,0.891938864603519,main,0.0220578103836311,1.18993070429,0,low,low
USA,46035,46,0.920633301891,0.931669974344,0.924193647725003,0.906728160687044,0.884904024056535,0.968498134416017,0.919370760728552,main,-0.007476326618997,2.99004949498,0.703884903733,middle,high
USA,46037,46,0.89366560063,0.916043700641,0.882453213232539,0.884377415008371,0.821347543827238,0.950175121826831,0.883736420959101,main,-0.011165712613539,1.17733627528,0,low,low
USA,46039,46,0.901300000322,0.909530571717,0.867237907350618,0.870600695393749,0.806074031306,0.934965500481969,0.868953443513709,main,0.0258315215763819,1.35838776464,0,low,low
USA,46041,46,0.81557927472,0.870659395216,0.814278515716405,0.860844885763818,0.736588491006558,0.898572518071801,0.829025052595616,main,-0.0537793614924049,0.653351654302,0,low,low
USA,46043,46,0.890565277279,0.897293781761,0.872846326635604,0.876439496032537,0.807542158832006,0.945160364171162,0.874575986563575,main,0.010990446161396,1.32600075585,0,low,low
USA,46045,46,0.927139190358,0.908604621337,0.876251447767111,0.882784691057213,0.812448787142029,0.946776961775001,0.878954019380428,main,0.0323531735698891,0.904940650963,0,low,low
USA,46047,46,0.880254746018,0.916767685297,0.893569546541715,0.888443040975818,0.842450366639137,0.950496771239999,0.892705450706186,main,-0.023198138755285,0.982456720212,0,low,low
USA,46049,46,0.919908214528,0.900113447347,0.871270580256215,0.880214369626947,0.803392999097023,0.94622011888127,0.874653875941796,main,0.0288428670907851,0.676790900482,0,low,low
USA,46051,46,0.895874063933,0.914569763746,0.893735896249677,0.879112716339431,0.840749578231994,0.953128768383311,0.889790161619234,main,-0.016557532129677,1.68638108872,0,low,low
USA,46053,46,0.882725751201,0.905200589227,0.881730246031274,0.884754710951636,0.817723820315579,0.952626816404056,0.883318741737031,main,-0.0214793328562739,0.988963231269,0,low,low
USA,46055,46,0.876468637606,0.898533375525,0.869471928122558,0.873802096380767,0.804740302161955,0.941119999298672,0.871440912783442,main,-0.015068028435558,0.356105180351,0,low,low
USA,46057,46,0.89248537775,0.893494988518,0.851655705453261,0.853212456056914,0.779925226131273,0.931189844427642,0.852542677335887,main,0.0398200615287391,1.78391101265,0,low,low
USA,46059,46,0.917414644244,0.897883658968,0.870417916356403,0.904977163922795,0.806020548111853,0.940452278683671,0.881942285375172,main,0.0274657426115971,0.676530189166,0,low,low
USA,46061,46,0.898343667895,0.875242213506,0.826222943826561,0.832867609203016,0.758620520360909,0.900963935550869,0.828773752694156,main,0.0490192696794389,1.44778821504,0,low,low
USA,46063,46,0.926783869478,0.906976565077,0.878653469754299,0.910149405704017,0.827833466484493,0.933748566593106,0.889396069440969,main,0.0283230953227009,0.174724331342,0,low,low
USA,46065,46,0.902995245379,0.924256295807,0.910302560259835,0.913318825352738,0.864564109432785,0.960922223937484,0.912086336795056,main,-0.0139537355471649,2.36652727691,0.740807863856,low,high
USA,46067,46,0.901190497875,0.892352983036,0.865872162114627,0.872775028779605,0.797032890111648,0.941973942739106,0.868571979770333,main,0.0264808209213729,1.5362510246,0,low,low
USA,46069,46,0.900235334649,0.911875474975,0.882871403284692,0.923370113728967,0.821902174576058,0.948859972617417,0.896326059732365,main,0.00572379103830789,0.501847514485,0,low,low
USA,46071,46,0.825972495402,0.894416003288,0.841574232180668,0.857761046902889,0.769958533164864,0.920375051347321,0.847096390830079,main,-0.052841771107332,0.521646011436,0,low,low
USA,46073,46,0.918435750697,0.894274786375,0.867507564230079,0.87335539239926,0.799404419329686,0.94283574978744,0.869890385440666,main,0.026767222144921,0.95071496304,0,low,low
USA,46075,46,0.90680510175,0.921489682518,0.894670146783306,0.905190361311603,0.839071963228195,0.955924394997043,0.89878170817998,main,-0.00254962580130613,0.342735717339,0,low,low
USA,46077,46,0.903261852987,0.899214599549,0.867396956921203,0.872322556785049,0.806339892176482,0.934941407829304,0.869614050133288,main,0.031817642627797,1.24644082094,0,low,low
USA,46079,46,0.951239156005,0.92108684934,0.905463187056529,0.898922705835114,0.858421228422279,0.95792268869246,0.904172067723952,main,0.015623662283471,2.22674085345,0.491069555098,low,high
USA,46081,46,0.941573829059,0.930755149079,0.919188216961995,0.912177016042736,0.879261437215244,0.96376960494706,0.917748025881107,main,0.011566932117005,2.63598230325,0.449072285087,middle,high
USA,46083,46,0.955958552251,0.911919624332,0.893342574778125,0.871367091620647,0.843050331287893,0.950049558115628,0.887020463902069,main,0.0185770495538751,3.70201164721,0.461547795552,high,high
USA,46085,46,0.870020943195,0.893413154936,0.851560575794634,0.865375676574145,0.783082208418153,0.926976419827793,0.856433360545904,main,-0.00493184434063398,0.663061540696,0,low,low
USA,46087,46,0.887818161717,0.891872499096,0.857535027455331,0.863504425051496,0.790763705180663,0.931380052729213,0.859962293316987,main,0.0262287968826691,1.61502159989,0,low,low
USA,46089,46,0.894709913539,0.894629965662,0.862038825804822,0.879072743600253,0.790000293895728,0.94127334906225,0.867872532054291,main,0.032591139857178,0.61712998344,0,low,low
USA,46091,46,0.922980868792,0.898266587252,0.863335368068488,0.864365461085527,0.796806563149155,0.937115561966356,0.864200445314508,main,0.0349312191835121,1.20184643669,0,low,low
USA,46093,46,0.915033762193,0.908447268012,0.877844172360801,0.899568680288617,0.824684643670094,0.935933335704219,0.885500987988992,main,0.030603095651199,1.40984828219,0.206276246167,low,middle
USA,46095,46,0.796468988796,0.874241450971,0.820827030879107,0.841070415358911,0.743699721311582,0.905579272581605,0.827406286783225,main,-0.053414420091893,0.500061764109,0,low,low
USA,46097,46,0.888057492007,0.896991726089,0.860182355673551,0.867342653518502,0.797326930795155,0.929631017915761,0.863069788399296,main,0.0189409022514491,0.974726449986,0,low,low
USA,46099,46,0.91448988609,0.93332815781,0.921890694485571,0.898552936547625,0.882814365883571,0.966201014561007,0.915152596523131,main,-0.011437463324429,4.52532651807,0.815332202206,high,high
USA,46101,46,0.915570015206,0.896008255393,0.856143949255928,0.855374858120177,0.795608513316148,0.923345244782349,0.856524926924742,main,0.039864306137072,1.82072429194,0,low,low
USA,46102,46,0.772208217949,0.880136561537,0.817836999796473,0.820485822158224,0.748881058642111,0.894246911734773,0.819056369523838,main,-0.0622995617405271,1.32947185654,0,low,low
USA,46103,46,0.923034197815,0.927364660855,0.914331224881606,0.917371662648287,0.869504329592877,0.963938212630138,0.916126450271593,main,0.00437250989339388,2.82137722746,0.684235180511,middle,high
USA,46105,46,0.903282847058,0.897347011178,0.872415025967706,0.901230217417809,0.809054341524294,0.941533894703778,0.882164950717803,main,0.0249319852102939,0.347749641221,0,low,low
USA,46107,46,0.920577555959,0.902904261006,0.873309507694805,0.911142245451803,0.803019620023809,0.949748479825738,0.885741477486612,main,0.029594753311195,0.729686763332,0,low,low
USA,46109,46,0.878360018366,0.896463678524,0.86359980319407,0.865165044871588,0.797813526180299,0.936533438741869,0.864651732396355,main,-0.00334344498607009,1.58046585178,0,low,low
USA,46111,46,0.906625987746,0.893910190441,0.845571583035493,0.856075608599699,0.782838210886321,0.914747196262672,0.849496789743243,main,0.048338607405507,0.975650138953,0,low,low
USA,46115,46,0.918458735193,0.90354464023,0.872588783227314,0.875246323715148,0.815405625256345,0.935926538573167,0.874141864826233,main,0.030955857002686,0.99050712829,0,low,low
USA,46117,46,0.915731542992,0.906941118632,0.884169663347884,0.882964539763231,0.824089232387048,0.950882800854023,0.884466723704751,main,0.0227714552841159,0.628150073419,0.00944809062654,low,middle
USA,46119,46,0.942160669647,0.908590550533,0.878329662146443,0.896069167009249,0.810185347570429,0.953212081156506,0.884514897944346,main,0.0302608883865569,0.43547433511,0,low,low
USA,46121,46,0.775011805113,0.870927376267,0.811403855421522,0.821425048269792,0.729934728146884,0.901401384662146,0.814560594148066,main,-0.059523520845478,1.37110246341,0,low,low
USA,46123,46,0.876648149478,0.904783997088,0.878835411495355,0.889274548568121,0.815237322648156,0.948972552894927,0.88279091708449,main,-0.0259485855926449,0.874222471095,0,low,low
USA,46125,46,0.907604701443,0.892812753598,0.865117304541165,0.866170288678345,0.804141551284409,0.932731651625657,0.866092278623582,main,0.0276954490568351,1.87651430141,0,low,low
USA,46127,46,0.934215449357,0.907217266162,0.881706299317655,0.86373653617055,0.829795689151078,0.940044315690914,0.87666485756384,main,0.0255109668443451,2.68209716014,0.122892692195,middle,middle
USA,46129,46,0.904921025118,0.903653013914,0.881547936191765,0.872205101845056,0.820167788045566,0.950041493036758,0.87920058464984,main,0.022105077722235,1.41114618076,0,low,low
USA,46135,46,0.912563707576,0.927178095871,0.916277418741803,0.901770913000983,0.875074153004279,0.962584224898565,0.91241679976106,main,-0.010900677129197,2.95173879452,0.621927723164,middle,high
USA,46137,46,0.84513105642,0.902577941432,0.84106306876195,0.883724498679051,0.782483691303339,0.904312596441363,0.855139412768149,main,-0.0533788973539501,0.47989619796,0,low,low
USA,47001,47,0.881600946309,0.888091098209,0.91142471237895,0.890633451433105,0.86672021456768,0.961667915996422,0.90545669690009,main,0.0233336141699499,4.5430192115,0.454098091736,high,high
USA,47003,47,0.862009108296,0.86864542155,0.891980031627633,0.876336852583085,0.844158443251646,0.94572652067733,0.887742211352669,main,0.0233346100776329,3.73449658302,0.395443217597,high,middle
USA,47005,47,0.849568021078,0.877287343235,0.891914454040319,0.880347967289888,0.838679008695793,0.951745554960044,0.889044839419021,main,0.014627110805319,2.88603913826,0,middle,low
USA,47007,47,0.860525457624,0.847434870821,0.869099219048313,0.859438687024617,0.82481610337893,0.918868832987068,0.866845802443147,main,-0.00451682537868703,2.63959607321,0,middle,low
USA,47009,47,0.900163375332,0.890117397731,0.913626507597704,0.893654137406138,0.869993078294067,0.962665941667322,0.907932631159412,main,0.00341715466470405,4.5607167674,0.429029435275,high,high
USA,47011,47,0.901378370208,0.891750970729,0.919038160374693,0.894716804829006,0.877341175513108,0.965901232396656,0.911861631605768,main,0.0080323906876929,4.84948722086,0.558366806589,high,high
USA,47013,47,0.844100334538,0.870924105056,0.898141678162935,0.881285516799111,0.850539760459819,0.951641280235119,0.893500586680615,main,0.027217573106935,3.57166375267,0.161693646908,high,middle
USA,47015,47,0.869411277561,0.857668209542,0.875442216902896,0.861101200579449,0.826058587054862,0.930944278022104,0.871624797404666,main,-0.00571212867710402,3.11562780402,0,middle,low
USA,47017,47,0.86245058383,0.869647337205,0.881656071608995,0.869502390165124,0.830359246325548,0.939308365311673,0.878580713468138,main,0.012008734403995,3.00226719915,0,middle,low
USA,47019,47,0.87181531418,0.883095569446,0.905922264251434,0.887627130981883,0.86210252568587,0.955171090544231,0.900789990621306,main,0.022826694805434,4.24037598551,0.339118349674,high,middle
USA,47021,47,0.869871025664,0.872695709734,0.883425906620791,0.860793439243452,0.837578075478212,0.934954097928094,0.876808691429674,main,0.010730196886791,4.00490762262,0,high,low
USA,47023,47,0.892063516722,0.86434606735,0.880451149983974,0.862626857642187,0.831874881840852,0.93504582056042,0.875463330561758,main,-0.016105082633974,3.2606009864,0,middle,low
USA,47025,47,0.862452592176,0.867019301847,0.890911901533917,0.873202163379778,0.844919360589214,0.942602731600394,0.885971162458091,main,0.0238925996869169,3.45851428982,0,middle,low
USA,47027,47,0.836411617548,0.853978306099,0.878010601628877,0.869334957944737,0.823511189044533,0.939262270198509,0.876088222101334,main,0.024032295529877,2.66539844429,0,middle,low
USA,47029,47,0.832853368941,0.871258733561,0.897991926734794,0.882871869992514,0.848856924898574,0.9532145558408,0.893938442103815,main,0.026733193173794,3.54914817825,0.195207130307,high,middle
USA,47031,47,0.868006243795,0.872976418792,0.905358500580971,0.887185413103557,0.857949984835091,0.958640738978509,0.900279611542361,main,0.032382081788971,3.95880388838,0.427687958111,high,high
USA,47033,47,0.861318636284,0.842826418196,0.868863877952906,0.857204291953768,0.812441814096837,0.932276406482054,0.865912015192394,main,-0.0109469764190939,3.14752826615,0,middle,low
USA,47035,47,0.870679320793,0.871630166975,0.903789312057551,0.894779336833585,0.847389953321403,0.96717632239459,0.901782156428089,main,0.032159145082551,3.5928721107,0.169578125955,high,middle
USA,47037,47,0.920772566692,0.922792847625,0.935044621377294,0.903076157197803,0.905122234035592,0.968674271044246,0.925130767521291,main,0.012251773752294,6.31788696735,0.931327790341,high,high
USA,47039,47,0.860182208207,0.861727971794,0.881754895955843,0.872114443124018,0.825525630861292,0.944950738739565,0.879503833006485,main,0.020026924161843,2.72663114947,0,middle,low
USA,47041,47,0.858534602677,0.86523571127,0.886024453064058,0.86850271491815,0.836660572336458,0.941504318226981,0.88114544391637,main,0.020788741794058,3.27737396069,0,middle,low
USA,47043,47,0.866751947455,0.872237842789,0.897076496240927,0.877436578530129,0.850067925323891,0.949909238268856,0.891491401655475,main,0.024838653451927,3.78381203789,0.209059251133,high,middle
USA,47045,47,0.860403160286,0.879153818519,0.901195723840131,0.886729343942439,0.853931379961473,0.954315928061349,0.897364205217883,main,0.022041905321131,3.45256012922,0.396770820359,middle,middle
USA,47047,47,0.895508493577,0.870850853182,0.886238727178584,0.873493505592957,0.837691441790029,0.940800824154824,0.882972442223005,main,-0.015387873996584,3.23149562472,0.00672381400248,middle,middle
USA,47049,47,0.850520008747,0.853894211049,0.888513716057278,0.875939577727235,0.837105901016107,0.946290750698114,0.885305269851873,main,0.034619505008278,2.77014833906,0,middle,low
USA,47051,47,0.899645653839,0.877066861462,0.900262935715945,0.88434084329007,0.854618928608397,0.951562050017676,0.895934859653653,main,-0.021961510500055,3.44753386146,0.175711194052,middle,middle
USA,47053,47,0.863266224753,0.873918918029,0.89347176772788,0.878432285006603,0.84418652611084,0.948863250713669,0.889440247087826,main,0.0195528496988799,3.54811886126,0.269989923314,high,middle
USA,47055,47,0.873610248999,0.867883654278,0.896754167663961,0.885989776508837,0.848055117592611,0.951486832351124,0.894166765844116,main,0.017417323943961,3.02331189983,0.230719799075,middle,middle
USA,47057,47,0.851695147168,0.859608888661,0.879582730801496,0.864714712387632,0.829713030411657,0.935631084629492,0.875592030985389,main,0.0199738421404959,3.54756657458,0,high,low
USA,47059,47,0.868540207999,0.873407942073,0.904126205047511,0.887718602493984,0.857863618141314,0.956120538673894,0.89963996371464,main,0.030718262974511,3.85305548202,0.213701598501,high,middle
USA,47061,47,0.836524935965,0.852612547185,0.877042388558617,0.866555813719514,0.824474930747829,0.936122741000793,0.874518357143899,main,0.024429841373617,2.78375743922,0,middle,low
USA,47063,47,0.867608613747,0.884521998202,0.91598492712021,0.891093941494638,0.869807745737114,0.967883273825873,0.908635949817135,main,0.03146292891821,5.08722956297,0.593198413682,high,high
USA,47065,47,0.919428145528,0.906743389404,0.930432477251126,0.904886612343819,0.892532701387836,0.973027881494224,0.922814751653118,main,-0.00168042440087401,5.58054834117,0.766040940712,high,high
USA,47067,47,0.832612916537,0.843146060575,0.875123030458162,0.864631710333587,0.823717075608058,0.932897974437807,0.872598494654069,main,0.031976969883162,2.59903212108,0,middle,low
USA,47069,47,0.840566463545,0.86664807895,0.883410536442753,0.871283586926781,0.83883827259321,0.933505122847428,0.880342141773091,main,0.0167624574927531,2.85449366691,0,middle,low
USA,47071,47,0.860546351267,0.873328735673,0.904217060472695,0.893805588939307,0.853262113917644,0.961485118060345,0.901756673660066,main,0.0308883247996951,2.96325398551,0.22582044526,middle,middle
USA,47073,47,0.867210954913,0.868041721787,0.892393442553835,0.876837073809409,0.844776626263249,0.945909789087996,0.88818514312523,main,0.024351720766835,3.89539058176,0.169295407354,high,middle
USA,47075,47,0.852166265988,0.859562664616,0.895006280835884,0.887177943885592,0.84940665690369,0.946255513067003,0.893397925707194,main,0.035443616219884,2.71041337312,0.442054616031,middle,high
USA,47077,47,0.858141355776,0.867973266338,0.885890106769137,0.870421733703862,0.834469082922937,0.943681986732325,0.881702111385504,main,0.0179168404311371,3.14542312824,0,middle,low
USA,47079,47,0.858862759916,0.878875505188,0.902463129622572,0.891153511830741,0.85106808454216,0.960225812156346,0.899697957529349,main,0.0235876244345721,3.2026386444,0.247551142241,middle,middle
USA,47081,47,0.850511802082,0.861941514072,0.877700045609898,0.865024666309502,0.832411116529555,0.928600089158251,0.874443380854507,main,0.015758531537898,2.88336604218,0,middle,low
USA,47083,47,0.861376772389,0.859885476813,0.875109664136869,0.862364142401056,0.822980704732432,0.933697190000178,0.871823955749833,main,0.0122415961718689,2.90568496418,0,middle,low
USA,47085,47,0.860404553792,0.865176049431,0.885578755333436,0.874044051666636,0.834332609969399,0.943174090080419,0.882716952432656,main,0.020402705902436,2.72789502814,0,middle,low
USA,47087,47,0.847358767676,0.860038777685,0.870682341565324,0.862191429618738,0.824209282888772,0.922913223560022,0.868828430723363,main,0.0106435638803239,2.80715528856,0,middle,low
USA,47089,47,0.887579659855,0.881194852216,0.900355607933299,0.877660376053489,0.853516668727379,0.952997701569705,0.89373778106441,main,0.00639114043929911,4.38775615058,0.133119537334,high,middle
USA,47091,47,0.855308126479,0.874223106367,0.888673865542165,0.873969798313132,0.842417895620472,0.940660762366523,0.884746824605591,main,0.014450759175165,3.26183355637,0,middle,low
USA,47093,47,0.921983461744,0.913437373396,0.933048372936478,0.904277347602769,0.897842930321953,0.972615626978618,0.924303123671553,main,0.00251882284447791,5.9019471517,0.803422720574,high,high
USA,47095,47,0.817963644043,0.871541488758,0.887508528867855,0.870969206198733,0.851716791794589,0.92773471687218,0.882891372349759,main,0.0159670401098551,2.99782063774,0,middle,low
USA,47097,47,0.83104517902,0.862432675039,0.883077980653585,0.869047779778302,0.838233225156078,0.933478819315259,0.879368688812633,main,0.020645305614585,3.2214788953,0.209911016372,middle,middle
USA,47099,47,0.854859542919,0.862961472381,0.885524439988591,0.871446876139194,0.832747419772036,0.944840318767914,0.881801588568022,main,0.022562967607591,3.36435637019,0.163367821542,middle,middle
USA,47101,47,0.860076610725,0.86022345959,0.89326048438099,0.876628778475209,0.840798658945659,0.952222117025189,0.888686670558177,main,0.03303702479099,2.93584575181,0,middle,low
USA,47103,47,0.878117956133,0.86585511322,0.887395296771839,0.872327167473241,0.835148242193026,0.946115549322237,0.883342345166439,main,-0.00298550227416106,3.22602796577,0,middle,low
USA,47105,47,0.898194791908,0.88426957999,0.904929439376724,0.885836720656878,0.851981443989935,0.964437476455819,0.899537551283574,main,-0.00719056444927602,4.5394363655,0.24967897962,high,middle
USA,47107,47,0.864156571254,0.873659050229,0.901939989778584,0.882701253365297,0.854993955262312,0.954702447399554,0.896495831399132,main,0.028280939549584,3.93685832229,0.221326598437,high,middle
USA,47109,47,0.839272502466,0.866235729985,0.87845662873444,0.867629716567039,0.825903887111759,0.93752044171254,0.875820066602312,main,0.01222089874944,3.00071592495,0,middle,low
USA,47111,47,0.84545005977,0.856836401398,0.8778510732206,0.859515940091869,0.825324654464285,0.936885302036046,0.872680074266994,main,0.0210146718226,3.43977843035,0,middle,low
USA,47113,47,0.895726980075,0.891172929761,0.919254695077503,0.899744920197337,0.878135169230326,0.965468763257299,0.913705699262964,main,0.0189736646885031,4.30452011475,0.63293381208,high,high
USA,47115,47,0.858361924211,0.865672081632,0.892314895730804,0.876257146918279,0.841580652394629,0.949334905866679,0.887937208354284,main,0.026642814098804,3.18147000925,0,middle,low
USA,47117,47,0.86934654095,0.872179312509,0.893487658510694,0.876419486645344,0.847847641249889,0.944782288639867,0.888765514413142,main,0.021308346001694,3.56961886025,0.289942699326,high,middle
USA,47119,47,0.884852571867,0.880691356764,0.905391676768143,0.886427004578814,0.860624059834468,0.955705819711061,0.900036724889072,main,0.0163778897981431,4.04633730342,0.42244972038,high,high
USA,47121,47,0.840105301119,0.860667328184,0.877366561131416,0.864598357109343,0.824876643617913,0.936359766348239,0.874075040707784,main,0.0166992329474159,3.2538566903,0,middle,low
USA,47123,47,0.852478730883,0.866779769953,0.888791123639984,0.874739194631807,0.83558936914587,0.948584359549696,0.885079912082341,main,0.022011353686984,3.42150524865,0,middle,low
USA,47125,47,0.890952968312,0.887948682497,0.907113532015025,0.883260807217292,0.867708511513224,0.951400674596985,0.900068212690534,main,0.013156277888025,4.95039869859,0.744921349626,high,high
USA,47127,47,0.914245973532,0.859239702312,0.877362040293364,0.863868143303545,0.826558855752058,0.934459533169826,0.87383059635559,main,-0.018122337981364,3.07609951158,0,middle,low
USA,47129,47,0.843531643015,0.854356112153,0.871553511650957,0.861164899655736,0.827314021600204,0.921274094934027,0.869057519226972,main,0.017197399497957,2.92629725435,0,middle,low
USA,47131,47,0.868978029934,0.883248109606,0.900572427266148,0.887700169598358,0.851414233893111,0.95582112124624,0.897279910146781,main,0.017324317660148,3.19769674024,0.26006179271,middle,middle
USA,47133,47,0.850423358739,0.852295869956,0.881347767204465,0.868025056398558,0.829220850204121,0.939932997618106,0.877875894387738,main,0.0290518972484649,3.1030455792,0,middle,low
USA,47135,47,0.858690507732,0.853458605941,0.87485783171009,0.868558338827916,0.822009413660892,0.934253954223688,0.87373602672883,main,0.0109354221870901,2.17810260144,0,low,low
USA,47137,47,0.838749595293,0.850779057906,0.881138253204785,0.874340419392313,0.825580797275568,0.94357905239472,0.879844944825833,main,0.0303591952987851,2.61906417187,0,middle,low
USA,47139,47,0.849858359334,0.86900219754,0.881882972458772,0.870284572784677,0.833822036669746,0.93589846309438,0.878997815851198,main,0.012880774918772,2.82838054056,0,middle,low
USA,47141,47,0.89500683107,0.886341436319,0.916565569930569,0.892999619307186,0.874928463822892,0.963361344464086,0.909643062683421,main,0.012893344109569,4.35219217725,0.400278081358,high,middle
USA,47143,47,0.861062099524,0.864696260518,0.89048871029271,0.871639636367245,0.840760909680302,0.946377583536877,0.885165833689057,main,0.0257924497747101,3.77019449963,0.171815051687,high,middle
USA,47145,47,0.877389512881,0.883744339734,0.899120452847349,0.877853293305959,0.851492298849349,0.952649541784851,0.892987288208538,main,0.015376113113349,4.13806965112,0.0344796096829,high,middle
USA,47147,47,0.878309281482,0.88285885202,0.900125295097097,0.880455955676549,0.855206069009476,0.950609830952696,0.894527240367184,main,0.017266443077097,4.11277438319,0.384622985998,high,middle
USA,47149,47,0.913252045536,0.898354906064,0.91746570184094,0.89088915829828,0.881821162091718,0.957526455370302,0.909462907125883,main,-0.01068348316706,5.2902741224,0.742854778784,high,high
USA,47151,47,0.840877632732,0.852135651057,0.880114170109041,0.865339527340518,0.82923483807947,0.937297244838452,0.876154052394967,main,0.0279785190520411,2.90114085375,0,middle,low
USA,47153,47,0.863602278066,0.866062539177,0.890685773730028,0.873486960112173,0.842857115357069,0.944440208720621,0.885920906703478,main,0.024623234553028,3.18364426649,0.00126703866168,middle,middle
USA,47155,47,0.870855247211,0.889053080746,0.912500822923933,0.890002288707812,0.86516774034809,0.965698282287879,0.905964054267435,main,0.023447742177933,4.20881763668,0.174012209865,high,middle
USA,47157,47,0.895141115859,0.908936577042,0.922929544794396,0.895990635069225,0.885931036055253,0.964512018575255,0.914822863551456,main,0.013992967752396,6.23108753766,0.938411691159,high,high
USA,47159,47,0.872987551371,0.865097277549,0.885471411465744,0.867221010175127,0.83512923478597,0.942050779478038,0.8803443819763,main,0.00459358627274398,3.27157189452,0,middle,low
USA,47161,47,0.877652938286,0.867358137576,0.874306850517884,0.866948279004567,0.821876826069855,0.933232742161548,0.872830600597856,main,-0.00694871294188404,2.56699031423,0,middle,low
USA,47163,47,0.890818456178,0.896507078735,0.921928837074363,0.899213753299253,0.87880298995922,0.970397801582802,0.915309753448065,main,0.025421758339363,5.04845777723,0.512789808602,high,high
USA,47165,47,0.909326414906,0.896761634528,0.908297398337874,0.887199130921575,0.866504314339941,0.955268475789074,0.90220610405819,main,-0.0115357638098741,4.92609257269,0.615971396548,high,high
USA,47167,47,0.88048547117,0.870280835532,0.885907471674648,0.86578634162935,0.840509011721267,0.936930616526581,0.880143552217284,main,-0.00478263513335198,4.06237669919,0.228583831542,high,middle
USA,47169,47,0.86879702193,0.874817228928,0.888011243879505,0.863759539941116,0.847621657835548,0.933404935677566,0.880822361729126,main,0.0131940149515051,3.38858163737,0,middle,low
USA,47171,47,0.85557677193,0.883111493161,0.909569371440503,0.894155512758182,0.86644051377158,0.958041719498115,0.905410257597736,main,0.026457878279503,3.72157899352,0.40974762979,high,middle
USA,47173,47,0.85068553167,0.859584183969,0.876544295864883,0.860192116942343,0.825390600653494,0.934035726260594,0.872046188826584,main,0.016960111895883,3.59452052249,0,high,low
USA,47175,47,0.839518117064,0.845697995705,0.869735885982353,0.865532699975995,0.818796962054461,0.926985935804381,0.869315885880141,main,0.0240378902773529,2.2235215284,0,low,low
USA,47177,47,0.853060304399,0.861621307919,0.894481096733435,0.878472380224454,0.846644423389849,0.948244539716981,0.890122621060563,main,0.032859788814435,3.65799234776,0.311065004139,high,middle
USA,47179,47,0.910246619169,0.900091519035,0.924859028579948,0.898353383400821,0.885585520013261,0.968998365431889,0.9169245195329,main,0.00445730927694798,5.07849104288,0.523242343964,high,high
USA,47181,47,0.853428376322,0.858748064552,0.880511254629335,0.872153822656826,0.836889212156931,0.929537891085554,0.878704233305701,main,0.021763190077335,2.34424735387,0,low,low
USA,47183,47,0.896709181037,0.888261894606,0.897631840186584,0.883664075748916,0.855132492531184,0.94539668449542,0.893946567339382,main,-0.00752462728141601,3.23729934854,0.230866672634,middle,middle
USA,47185,47,0.85256717891,0.856307427915,0.885816772822406,0.869575592018672,0.832248277081705,0.946022187730414,0.88136105456519,main,0.029509344907406,3.39455668437,0,middle,low
USA,47187,47,0.963300381379,0.899404729787,0.915706968709643,0.892206341234881,0.872577033413941,0.964180527907618,0.908815684053921,main,-0.0163022389226429,5.02019089847,0.717779365063,high,high
USA,47189,47,0.919600988545,0.890403414162,0.907494361921425,0.886775083661626,0.864066923418889,0.956302283765881,0.901540729323876,main,-0.017090947759425,4.51235453834,0.502710309806,high,high
USA,48001,48,0.831873911458,0.874842087811,0.909168932964146,0.891891618930999,0.875228704140589,0.949460727385724,0.904975621757155,main,0.034326845153146,3.07500922628,0.472683447185,middle,high
USA,48003,48,0.861272764679,0.863875695792,0.897661468917793,0.895588075955434,0.855036417866863,0.948263360940433,0.89882255485176,main,0.033785773125793,1.56494130835,0.720008354522,low,high
USA,48005,48,0.867278992904,0.867260226204,0.897385311688804,0.881180720147971,0.849004158753531,0.954820501005912,0.89392039598722,main,0.030087552084804,3.73998263325,0.370691297098,high,middle
USA,48007,48,0.891447881382,0.910685463568,0.918015675995094,0.914103689266923,0.869069085964138,0.976122118158964,0.918723105921693,main,0.00733021242709408,3.56010063849,0.535889990326,high,high
USA,48009,48,0.921788986407,0.863951894525,0.868774513783246,0.868348268365685,0.820557931826285,0.926014334351945,0.87057655378447,main,-0.00482261925824601,1.55033170972,0.0790010819565,low,middle
USA,48011,48,0.883631991608,0.862425865997,0.853732794335615,0.86174476418896,0.797447487474754,0.920551318888967,0.85843928469511,main,0.008693071661385,0.553565937187,0,low,low
USA,48013,48,0.865442580832,0.853447140088,0.881282882647457,0.871283765432919,0.828093160284804,0.944426515824417,0.879972291072955,main,0.0038448610714571,2.72443908389,0.1747637472,middle,middle
USA,48015,48,0.899947926688,0.863640994649,0.882491689105659,0.868322953913299,0.829228724132544,0.945722271496162,0.879777961343661,main,-0.018850694456659,2.90088497985,0,middle,low
USA,48017,48,0.853080142341,0.873872161397,0.877986804473025,0.863675077762394,0.834175015303239,0.929997520477547,0.875043786799282,main,0.00411464307602505,1.45326021994,0,low,low
USA,48019,48,0.903506373331,0.870377334381,0.880185581886152,0.882795248803195,0.825694259857187,0.94487439575258,0.883116049794276,main,-0.00980824750515208,2.39965272913,0,middle,low
USA,48021,48,0.880295625865,0.873391714831,0.887434221037797,0.869420751307185,0.837419445068225,0.94680874917912,0.8833749947708,main,0.000234684138797014,3.53666048149,0.0938279473287,high,middle
USA,48023,48,0.847079830618,0.871645291947,0.90009473612812,0.89663439220219,0.846349533045789,0.963897802542223,0.901015054504274,main,0.0284494441811199,0.929899313305,0,low,low
USA,48025,48,0.854761990277,0.87911696005,0.912918648883,0.893174700492437,0.882686682136703,0.948808218026278,0.907765782302565,main,0.0338016888330001,2.65760720653,0.493890451198,middle,high
USA,48027,48,0.893932350388,0.895925663444,0.908095057855983,0.886581420036528,0.868498569514692,0.95510162273089,0.902635559575477,main,0.0121693944119829,4.78256919724,0.777371891198,high,high
USA,48029,48,0.903351288113,0.912702139818,0.91995617545686,0.895048786562181,0.884298990197264,0.962286237095529,0.913236730486496,main,0.00725403563886007,6.55694744081,0.945007290072,high,high
USA,48031,48,0.910211890939,0.870227200533,0.886972002648208,0.888571295598499,0.834608006029853,0.94913538397976,0.889544468560872,main,-0.016744802115208,1.92440849843,0,low,low
USA,48035,48,0.873801762761,0.869700835029,0.874289799017985,0.875272216314621,0.816183797278937,0.943269742815672,0.876709417903683,main,-0.00361289147501498,2.07322223525,0,low,low
USA,48037,48,0.882862225924,0.870241677536,0.909552749369932,0.889298447621835,0.865461339023843,0.961895414784992,0.904637014769787,main,0.0140699750579321,3.6878599287,0.401326278972,high,middle
USA,48039,48,0.917046322541,0.887498322377,0.908407849463647,0.885339782164302,0.869841216217584,0.954191832428553,0.90239196328621,main,-0.0209095270866471,4.63930153966,0.695808213521,high,high
USA,48041,48,0.949505456896,0.908290092239,0.932754989447913,0.905892846412132,0.909415958415788,0.960461680679544,0.924924921168161,main,-0.024464897208913,4.89452405455,0.815682436165,high,high
USA,48043,48,0.937096791387,0.878898239752,0.909398633326005,0.912379415681607,0.86662880173154,0.960172400085456,0.912261342200904,main,-0.030500393574005,0.442666082926,0.577377926795,low,high
USA,48045,48,0.881725908474,0.880143812812,0.88513586734477,0.893098219864599,0.834319756909158,0.945461691475772,0.88979896469031,main,0.00182786320877004,0.500056844576,0,low,low
USA,48047,48,0.83270335831,0.867404678261,0.875148192814525,0.869682613792988,0.821713527994794,0.9385826069163,0.875355723276806,main,0.00774351455352507,1.31626893523,0,low,low
USA,48049,48,0.883430831294,0.878434322357,0.906813890602499,0.897519280408628,0.862814388157015,0.95904744849633,0.905594452114041,main,0.0183865503714989,2.76706494566,0.453879728994,middle,high
USA,48051,48,0.89204015356,0.861836202227,0.884921614353146,0.87784430913976,0.831192800640114,0.948705224295639,0.884606625291565,main,-0.023085412126146,2.37399624335,0,low,low
USA,48053,48,0.896333666188,0.885429635932,0.900414407824124,0.89050795947822,0.849641508614288,0.960688934191792,0.899122305372526,main,-0.00682328861987613,2.89160822414,0.135716106774,middle,middle
USA,48055,48,0.874442641202,0.870309281103,0.89436870459568,0.87564892607969,0.852376062928467,0.944219838306953,0.889907352727839,main,0.01579270329468,3.33806358101,0.27601658405,middle,middle
USA,48057,48,0.870143528352,0.883115478123,0.907091844151988,0.891678473945132,0.859480260735492,0.963613446910652,0.903890205408865,main,0.023976366028988,2.81602566828,0.48935873462,middle,high
USA,48059,48,0.877921546643,0.863578501222,0.887586493556675,0.880329099919499,0.833263840794887,0.952075073433119,0.887223281802196,main,-0.00467809850732515,1.89267462774,0,low,low
USA,48061,48,0.86933233796,0.909100960856,0.895761955041654,0.875796604120443,0.845853067413447,0.955010778924939,0.891050160874254,main,-0.013339005814346,5.19073918114,0.748991750628,high,high
USA,48063,48,0.858049544575,0.841969295768,0.871944805622916,0.855483598070402,0.813553444998181,0.941263510293965,0.868499686892012,main,-0.00218498775908416,3.21367197804,0,middle,low
USA,48065,48,0.9090688592,0.874617985109,0.868933618241277,0.86985612798078,0.813140451573799,0.935167903613405,0.871299628576226,main,0.005684366867723,1.2350919748,0,low,low
USA,48067,48,0.866129555751,0.849812967522,0.87521138754217,0.869774949525424,0.819331541994887,0.941548572857135,0.875460252359789,main,-0.00723475643783011,2.56312803353,0,middle,low
USA,48069,48,0.871422035943,0.856931132006,0.854770511308562,0.848709456894416,0.796385904297839,0.92408119849603,0.854799474890404,main,0.00216062069743805,1.45644335695,0,low,low
USA,48071,48,0.908223887177,0.86792048373,0.881812997357915,0.862619132511954,0.835180740755649,0.937172002336946,0.877282812835511,main,-0.013892513627915,3.21638815784,0.148733983934,middle,middle
USA,48073,48,0.86529006149,0.853748183411,0.88054682716218,0.869506582454066,0.829943958993813,0.940619502923487,0.878844165409675,main,0.00371488759318006,2.95913896253,0.21458245855,middle,middle
USA,48075,48,0.827674646339,0.892787835586,0.907003836900439,0.895986106231975,0.872647173855492,0.947789996935329,0.904934948313852,main,0.014216001314439,1.52954365138,0,low,low
USA,48077,48,0.906465648671,0.874969600427,0.883563066869466,0.883702435781116,0.831093145367427,0.945852195839897,0.88564500237715,main,-0.00859346644246595,1.52816161864,0,low,low
USA,48079,48,0.821191040748,0.853972647373,0.855678355770673,0.852234540706046,0.804197181416817,0.916793703708672,0.856507361950378,main,0.00170570839767292,0.87695880135,0,low,low
USA,48081,48,0.864773561354,0.846327604312,0.866537066904635,0.880789735450937,0.80414144250362,0.940609392234001,0.873382864224326,main,-0.0166824514913649,0.822575489901,0,low,low
USA,48083,48,0.857180185728,0.854115139174,0.877311746423815,0.87751613654697,0.822375940090572,0.942528225271664,0.879440828211406,main,0.0170665141418149,1.27038628616,0,low,low
USA,48085,48,0.9643121895,0.909151368997,0.924315704165557,0.898459171959044,0.889800290987865,0.965290322791762,0.917239919289931,main,-0.015164335168557,6.15619417896,0.918270153406,high,high
USA,48087,48,0.856353521447,0.863359983932,0.872081380158615,0.860975860755293,0.823430444728131,0.929836838996947,0.870311818823067,main,0.00872139622661505,0.791529270694,0,low,low
USA,48089,48,0.892077665746,0.86029926745,0.88310557324855,0.874464998836464,0.826364878466716,0.950464706900009,0.882300974762649,main,-0.02280630579855,2.20489673768,0,low,low
USA,48091,48,0.929580351563,0.900719082023,0.913440919978104,0.890621942925952,0.868762613496783,0.966480313118557,0.907672495123509,main,-0.012721837955104,4.42714158698,0.393658101044,high,middle
USA,48093,48,0.880581126569,0.862164251643,0.886746339268281,0.882428486412837,0.83046867622662,0.953555789540095,0.887393604423751,main,-0.012251662226719,1.86878528802,0,low,low
USA,48095,48,0.848286417671,0.851917641547,0.886976640221119,0.878928047893367,0.849985543437167,0.930890241240013,0.885974278105195,main,0.035058998674119,0.934111598948,0,low,low
USA,48097,48,0.893827271017,0.886025916615,0.901483841598153,0.890461637736348,0.854375895082317,0.957407556977506,0.8997468828932,main,-0.000144783820847039,2.86091421119,0.369430510759,middle,middle
USA,48099,48,0.869183642872,0.890577668878,0.901558221517547,0.885129786946323,0.868700978757595,0.940564360145138,0.897611886715426,main,0.010980552639547,3.31178250852,0.568210378636,middle,high
USA,48101,48,0.848723617627,0.834675448159,0.851338944267163,0.863460549457283,0.781861553972488,0.933818315318363,0.857455483369105,main,-0.0114328428278371,0.451455220134,0,low,low
USA,48103,48,0.866411731259,0.836235194093,0.863192441066877,0.874219722704505,0.805605471808351,0.931556220780578,0.868928468069604,main,-0.026957246973877,1.13563966104,0,low,low
USA,48105,48,0.867520245869,0.839983363381,0.881388468718528,0.885907410888847,0.831553316774321,0.94054975804108,0.884884803743124,main,-0.013668659638472,0.387039011715,0,low,low
USA,48107,48,0.836189542161,0.856207033742,0.862681348795453,0.863227174823775,0.805871219368756,0.930122911073165,0.864922172613954,main,0.00647431505345297,1.21104177306,0,low,low
USA,48109,48,0.840674419153,0.85713601623,0.87048549495874,0.893921206332737,0.809217033561951,0.943219720292316,0.88035744779044,main,0.0133494787287399,0.195452202136,0,low,low
USA,48111,48,0.858197576167,0.857610849472,0.887925000553219,0.885338305098872,0.840295964425158,0.944467322119352,0.889015820702132,main,0.029140697691219,0.984334239692,0.718907924553,low,high
USA,48113,48,0.905302156813,0.913865728371,0.925935604815841,0.893123142677153,0.891848921720346,0.966401260923731,0.916473772337264,main,0.012069876444841,7.11245522587,0.985821228229,high,high
USA,48115,48,0.851372160883,0.869921183182,0.903049300609059,0.896030347388698,0.860841810387696,0.953155489577047,0.902547238013192,main,0.033128117427059,1.87106098665,0.594318773194,low,high
USA,48117,48,0.864714638762,0.872917511887,0.890464149595154,0.89572244518316,0.842682956093959,0.94718710322567,0.89417903070731,main,0.017546637708154,1.76329325354,0.756149397721,low,high
USA,48119,48,0.885154301864,0.831818358312,0.853293160507759,0.849441993928962,0.799642781857825,0.916983657069838,0.854011623021596,main,-0.021474802195759,2.13500413641,0,low,low
USA,48121,48,0.959261610959,0.907991041016,0.919696573685776,0.892448403190005,0.887945509691169,0.957389523541468,0.912051512017718,main,-0.0117055326697759,5.91639795186,0.876029177041,high,high
USA,48123,48,0.864302487115,0.861771765488,0.895161025691166,0.886260594925263,0.846622950283628,0.952782503911198,0.894159682236909,main,0.028327816949166,2.21430908331,0.282234979368,low,middle
USA,48125,48,0.877628454991,0.862647679654,0.872281449509664,0.880869799058553,0.81800016737454,0.936720916671125,0.877186172238822,main,-0.009633769855664,0.672609921799,0,low,low
USA,48127,48,0.851510093123,0.829965236206,0.870284277616274,0.862520788357713,0.810384833980491,0.941393287560977,0.869782484653327,main,-0.00277067242372586,1.3220568186,0,low,low
USA,48129,48,0.895553945204,0.870240521366,0.873769737645149,0.879923631478517,0.819618438238021,0.938054897144691,0.877866181390242,main,-0.00352921627914893,0.89339446961,0,low,low
USA,48131,48,0.831883680615,0.84287127702,0.854929761448346,0.859846520491261,0.795577068445914,0.925389701988321,0.858636380579307,main,0.012058484428346,1.25279391182,0,low,low
USA,48133,48,0.874023027063,0.870061244689,0.887302753232277,0.881642760230043,0.833361931064229,0.951338046836938,0.887470085547191,main,0.00931794379527717,2.1309751932,0,low,low
USA,48135,48,0.868405364191,0.880688786528,0.91340134301856,0.897028314144474,0.872115443300391,0.962413475276187,0.909732984200789,main,0.03271255649056,4.08692415404,0.842592126084,high,high
USA,48137,48,0.859066576435,0.841425458904,0.905038349869408,0.936101818011169,0.854390727080785,0.965164155618968,0.917332822888095,main,0.0283306559034081,0.292357589605,0,low,low
USA,48139,48,0.905299053665,0.875337456153,0.8973961713769,0.875101172645616,0.854071857618102,0.94882818594876,0.891757461078277,main,-0.0220587152239,4.18604397505,0.441625745161,high,high
USA,48141,48,0.89462402139,0.897663318187,0.909600002447789,0.889589327207298,0.869345809305191,0.957387354829524,0.904669478817653,main,0.0119366842607891,5.89363165915,0.957556652293,high,high
USA,48143,48,0.926324347791,0.888365788986,0.909610999465022,0.893625125382636,0.873531293927657,0.952442651716393,0.905922177374621,main,-0.0212452104790219,2.67231034369,0.41657397401,middle,high
USA,48145,48,0.851635386399,0.855117724364,0.881363120956913,0.870766824488655,0.832298593986884,0.939609570747971,0.879784194917913,main,0.026245396592913,2.25012239324,0,low,low
USA,48147,48,0.878734883304,0.865992860397,0.88787823103067,0.87982568575448,0.840668703146205,0.943922537689569,0.887127326785137,main,-0.00359867518032997,2.73430665142,0.18177975461,middle,middle
USA,48149,48,0.906178877907,0.86614267907,0.892555939579127,0.887933917466796,0.835909333138514,0.959803377221653,0.893114961037707,main,-0.0264132605091271,2.38760181729,0,low,low
USA,48151,48,0.894338568987,0.848068051928,0.865876500332159,0.870048657889518,0.809871904559044,0.932361781597786,0.869323552009922,main,-0.017808448404159,0.94826945466,0,low,low
USA,48153,48,0.85456094494,0.858106504314,0.858466521279801,0.853975073052217,0.804930591321638,0.922021151251686,0.858976937476851,main,0.000360016965801013,1.17911093697,0,low,low
USA,48155,48,0.882821315183,0.869385016996,0.882412528096076,0.892430552561951,0.832404738049376,0.941778762970737,0.887740340619204,main,-0.0130275111000759,0.504326847962,0,low,low
USA,48157,48,0.964248220276,0.902499420897,0.912654212288907,0.88879448150762,0.875363917340131,0.956923003339403,0.906335508187974,main,-0.010154791391907,5.87457047545,0.913880788122,high,high
USA,48159,48,0.907101896722,0.850470521048,0.869815353926554,0.865516520262793,0.810630539599091,0.940075999019972,0.870469908829043,main,-0.0193448328785539,2.72571399019,0,middle,low
USA,48161,48,0.866787498991,0.850900890467,0.877328138334993,0.869941324247198,0.825941393836994,0.93833138483846,0.876863135376182,main,-0.00534596918000707,2.26219185913,0,low,low
USA,48163,48,0.831972763062,0.869209468322,0.909691067300678,0.897467456044468,0.877022859707192,0.948472794769899,0.907161966296507,main,0.040481598978678,1.9018255206,0.498438966981,low,high
USA,48165,48,0.829297256988,0.838112478361,0.859004403233667,0.851364341212149,0.801981710994748,0.926698307273016,0.858498281372193,main,0.020891924872667,1.71936476087,0.317848856177,low,middle
USA,48167,48,0.918595017848,0.90335589577,0.919496668340862,0.892609405137356,0.882081959965387,0.963913155514385,0.912156664179316,main,-0.0143374715851381,5.85852070784,0.853540736318,high,high
USA,48169,48,0.84132010895,0.895887586137,0.930766882733627,0.920289568284067,0.917421564849381,0.946609639937122,0.928014557290735,main,0.0348792965966269,1.3654631549,0.785837748009,low,high
USA,48171,48,0.91608533688,0.86875197549,0.907748565192333,0.909295812773243,0.851496366946454,0.974527785193104,0.910389846654899,main,-0.038996589702333,2.31780471887,0.354379037142,low,middle
USA,48173,48,0.912228602238,0.841239775561,0.8799069998679,0.873625948490101,0.838944153680314,0.928535622441221,0.879601002270454,main,-0.0386672243068999,0.39122587824,0,low,low
USA,48175,48,0.894699236452,0.84683429777,0.871626372839728,0.872786490032406,0.817927668036692,0.935374239298636,0.874049656556158,main,-0.024792075069728,1.42483529562,0,low,low
USA,48177,48,0.858571090803,0.850861039291,0.883464831035699,0.875722721017778,0.830147911619889,0.946759464889276,0.88291843404039,main,0.017183688720699,2.07668375737,0.302785384438,low,middle
USA,48179,48,0.849681666508,0.894920831927,0.906930736594219,0.904026965261705,0.865477744461169,0.956141230897807,0.907792196620168,main,0.012009904667219,2.2959982975,0.76656839824,low,high
USA,48181,48,0.891778634774,0.889151141651,0.904269659651908,0.885633566589189,0.857459461849911,0.959839905700526,0.899957821626668,main,0.00986353175490795,3.91427887848,0.439749907018,high,high
USA,48183,48,0.880916038658,0.882712357191,0.916049924310204,0.887428521884312,0.871007413878547,0.969521678433573,0.90831730069141,main,0.033337567119204,5.13463660291,0.637778661619,high,high
USA,48185,48,0.876913983149,0.86444499159,0.885309847709229,0.874823161341584,0.838814826138352,0.940505935528776,0.883722618025383,main,-0.00407312699877105,2.63496709074,0.224241665129,middle,middle
USA,48187,48,0.917843567331,0.886893304462,0.904934721140028,0.883166836612631,0.865657376380287,0.951562417986507,0.899377508633384,main,-0.0180414166780281,4.4931142057,0.637264402658,high,high
USA,48189,48,0.86265900759,0.882674725662,0.894128150043381,0.886352923387971,0.851779762881471,0.944401603368739,0.893367683343406,main,0.011453424381381,2.65716548476,0.619545644343,middle,high
USA,48191,48,0.840549910713,0.861832732453,0.870855819614018,0.864260053294414,0.817284128905262,0.934452902594065,0.870679476722245,main,0.00902308716101807,0.851788217227,0,low,low
USA,48193,48,0.87756724437,0.865164151246,0.887340497751557,0.887660903725676,0.829848737443682,0.955591251136335,0.889554849375294,main,-0.00262983974244302,1.56757982504,0,low,low
USA,48195,48,0.84555507051,0.87568464014,0.871958816026227,0.866178870888411,0.815024210457123,0.939548148879274,0.87209884673575,main,-0.00372582411377298,1.18770718403,0,low,low
USA,48197,48,0.860922562791,0.87241638577,0.885424580602463,0.881804931720411,0.838781047187062,0.940796972734506,0.886146815536004,main,0.013008194832463,1.13155937698,0,low,low
USA,48199,48,0.884413520049,0.870074617792,0.891648845480181,0.875144200647286,0.841914182771871,0.950690840037355,0.888100779878694,main,-0.00710357682581897,3.20056676794,0.228566024502,middle,middle
USA,48201,48,0.91383529968,0.911866641689,0.921304869807262,0.890793168829421,0.887488263707049,0.961449906781189,0.912617346623708,main,0.00550091213626203,7.06313663045,0.976903323757,high,high
USA,48203,48,0.882225353485,0.85763101877,0.88737592792976,0.872700857935447,0.838251402815403,0.945693603902277,0.884429828308486,main,-0.01944376027024,3.34412976156,0.288830584244,middle,middle
USA,48205,48,0.866064377595,0.883815989806,0.897060477296607,0.889085304790079,0.86197064167095,0.938717015638348,0.896032025275262,main,0.013244487490607,0.947443243408,0.436343359197,low,high
USA,48207,48,0.84442907844,0.877161328331,0.903119710845594,0.898334369721228,0.858077557227909,0.956591041380915,0.903435092734568,main,0.0259583825145939,1.21791293064,0,low,low
USA,48209,48,0.938751899022,0.90220360729,0.923041292324301,0.893073407543212,0.889673691697139,0.962653297057687,0.914525745795181,main,-0.0208376850343009,4.67217688478,0.562584550012,high,high
USA,48211,48,0.90411959985,0.859351538503,0.866272466759377,0.855686839530986,0.811948306128378,0.930762836687283,0.864757005725747,main,-0.00692092825637702,0.960037386677,0,low,low
USA,48213,48,0.869044388174,0.874452660993,0.892940377842753,0.881699593081664,0.842132395887356,0.953256552331865,0.891189931606379,main,0.018487716849753,3.55162473789,0.224762289331,high,middle
USA,48215,48,0.879404307038,0.902709064692,0.893995721177418,0.873350650551219,0.84647533264397,0.950409062866331,0.889005623052756,main,-0.00871334351458197,5.55541595679,0.902854398363,high,high
USA,48217,48,0.877356964168,0.870073171098,0.887288179352123,0.879364706289319,0.834943918976359,0.949428131005777,0.886671625640192,main,0.00264742211412294,2.69741632571,0.205849599645,middle,middle
USA,48219,48,0.865544030374,0.877118862717,0.895870108698634,0.884675495008213,0.85288823324193,0.946895601153574,0.893976439372237,main,0.018751245981634,2.33456653897,0.509029737077,low,high
USA,48221,48,0.887257217727,0.899746591659,0.903793997411016,0.893113777444974,0.849846043536424,0.96783775734793,0.902297738575371,main,0.00404740575201601,3.89476596854,0.309168351938,high,middle
USA,48223,48,0.880956313995,0.855516588446,0.894362562662521,0.88416766176865,0.843976458341824,0.954177909446058,0.892958835987322,main,-0.0120334768814789,2.91239382925,0.343848011741,middle,middle
USA,48225,48,0.854589004428,0.863415074112,0.88226293879369,0.879154760432796,0.832110768646734,0.941800573023033,0.883219146045097,main,0.01884786468169,2.09876911346,0,low,low
USA,48227,48,0.851532770392,0.885085306193,0.919240042635196,0.907040885335925,0.887754933086146,0.956617267399535,0.916683451355694,main,0.034154736442196,2.74080309629,0.700646339313,middle,high
USA,48229,48,0.848072901919,0.832096318598,0.856281402671182,0.861736700381783,0.807437357013434,0.914266110334502,0.860040064934037,main,-0.00776808256881789,0.249538220944,0,low,low
USA,48231,48,0.884016425491,0.871682348857,0.900305161762838,0.882582325424504,0.855089229879029,0.953982791383827,0.896263549652313,main,0.00395465963783803,3.69401642972,0.332268175504,high,middle
USA,48233,48,0.863961852597,0.889547799666,0.900551121194401,0.885912247941328,0.857560813545019,0.951586623840364,0.89750040674847,main,0.011003321528401,2.29903433137,0.459055435234,low,high
USA,48235,48,0.901837203793,0.803572983481,0.84245590384079,0.850913516994297,0.781002362938654,0.915409844410227,0.847327138432833,main,-0.03888292035979,0.433230830609,0,low,low
USA,48237,48,0.856803103748,0.866915881446,0.877619102234654,0.868750062772396,0.833628655830024,0.9298419093425,0.87651401949535,main,0.010703220788654,1.54640326316,0,low,low
USA,48239,48,0.884887246742,0.851585983012,0.871294904647256,0.861559105755514,0.818014863789566,0.934545758498932,0.870059488402251,main,-0.0197089216352561,1.97461641154,0,low,low
USA,48241,48,0.855131871891,0.862069920597,0.879027466382899,0.871181625177836,0.822287510711191,0.946385722607358,0.878483334220051,main,0.0169575457858989,2.70991829219,0,middle,low
USA,48243,48,0.925464140775,0.868710427703,0.874622059034539,0.896249210241777,0.809149340855995,0.952347324670957,0.883929467647546,main,-0.00591163133153905,0.328012595794,0,low,low
USA,48245,48,0.882183283063,0.897682096306,0.924278467708773,0.904606616493306,0.888368944411884,0.966908089859431,0.919346952174108,main,0.0265963714027729,4.67313866145,0.827892192587,high,high
USA,48247,48,0.817758189802,0.84992642024,0.871758198252863,0.885609735946902,0.82013799858716,0.933038588663423,0.878367599204263,main,0.0218317780128631,1.00040523833,0,low,low
USA,48249,48,0.848026395352,0.864737894652,0.889063609374059,0.875363050213426,0.837981222216319,0.94970554118374,0.886483159781978,main,0.024325714722059,2.92264997709,0.474006518163,middle,high
USA,48251,48,0.855870706041,0.88614781761,0.897084028291899,0.875855632684348,0.851083434003032,0.951693161836425,0.891867909534959,main,0.010936210681899,4.48714865087,0.431687314622,high,high
USA,48253,48,0.845235788152,0.876085492301,0.888464203993689,0.877674371406603,0.851684644424379,0.932126680778589,0.886534670097532,main,0.012378711692689,2.19007802689,0,low,low
USA,48255,48,0.86649512427,0.868883352695,0.89373535296151,0.877828867261764,0.853123198528041,0.941947655417023,0.890190167848617,main,0.0248520002665099,2.10492487051,0,low,low
USA,48257,48,0.886036974175,0.861759312015,0.888771839045741,0.866183718830425,0.842253001376365,0.943996199902269,0.883095374188943,main,-0.0215427972892591,4.02440318536,0.301656563653,high,middle
USA,48259,48,0.946122911201,0.879453161327,0.911278655125098,0.896907552357325,0.862174238783987,0.969572459173771,0.908463879994735,main,-0.031825493798098,3.07873937667,0.295239448437,middle,middle
USA,48265,48,0.906366363893,0.885761827851,0.917383646937785,0.915728003539865,0.868550901225946,0.975354939986255,0.918843370435052,main,-0.00958725299721497,2.9051686213,0.522138931889,middle,high
USA,48267,48,0.881833411506,0.84716143894,0.892567496411687,0.896752971089553,0.833728832091137,0.962417213075894,0.896094219007676,main,-0.0239378876603131,0.86298845621,0,low,low
USA,48271,48,0.876309741732,0.851519547198,0.886073389543385,0.893298625956651,0.847516233565201,0.931846121666965,0.890217849301022,main,-0.0150265467226151,0.690403456779,0,low,low
USA,48273,48,0.880092821669,0.895642950992,0.917933916864846,0.90719070171102,0.8842059241751,0.95797375733771,0.915943196110291,main,0.0222909658728461,2.6711541909,0.782164173923,middle,high
USA,48275,48,0.862297125168,0.85365937039,0.86742574054592,0.871007119633474,0.806980285957182,0.939182941791358,0.870719509412323,main,-0.00350913940007991,0.932642683887,0,low,low
USA,48277,48,0.866457516931,0.866622545239,0.903341522925129,0.889952564167881,0.855398241083555,0.960256898065903,0.900825937653393,main,0.0367189776861291,3.06265008364,0.398619534092,middle,middle
USA,48279,48,0.854054926048,0.861288131347,0.858690050424109,0.851365802694164,0.801789261398212,0.926239238314845,0.85828832303278,main,-0.00259808092289104,1.78854928662,0,low,low
USA,48281,48,0.89810340217,0.878155193391,0.899963033709039,0.8900389263278,0.85472659184704,0.953665011540204,0.898553669477059,main,-0.0180885772399609,2.44218487841,0.272354128249,middle,middle
USA,48283,48,0.856699676044,0.863817782349,0.890703698204623,0.888281803546068,0.847094753908076,0.942473608999065,0.891765469782665,main,0.0268859158556231,1.02848406867,0,low,low
USA,48285,48,0.902761590791,0.852127947927,0.879043934351086,0.875869657349727,0.819679496198399,0.949517818025681,0.880093656283966,main,-0.026915986424086,2.11864934511,0,low,low
USA,48287,48,0.896379592346,0.866423720141,0.88504419244671,0.874184599608907,0.834152160441863,0.945460146089675,0.883413202978643,main,-0.01862047230571,2.39005852616,0,low,low
USA,48289,48,0.880441557352,0.844954006241,0.871470922065481,0.875368434949331,0.809581426172185,0.94494240212978,0.874887581089128,main,-0.026516915824481,1.93698792974,0,low,low
USA,48291,48,0.843134516642,0.862248240623,0.883307433461592,0.867986708077318,0.834694298103176,0.941018018332196,0.880128640198848,main,0.021059192838592,3.24396272806,0.163086264265,middle,middle
USA,48293,48,0.851156711324,0.858005128324,0.89496099105569,0.882609461932556,0.848870502390691,0.949676841786527,0.892747459583152,main,0.03695586273169,2.36954491789,0.260412736285,low,middle
USA,48295,48,0.876172578797,0.875082374512,0.879649655945411,0.878667499949079,0.820167257279616,0.95026357523287,0.881435134349161,main,0.0023868728634111,0.849410145492,0,low,low
USA,48297,48,0.86103035345,0.871271681836,0.888249406826904,0.88554168110645,0.837531902617516,0.948458171588142,0.889357113307177,main,0.016977724990904,1.60986028126,0,low,low
USA,48299,48,0.885328889376,0.877907414396,0.888566280639496,0.899411154995518,0.824549857667378,0.964562720363176,0.894338419472597,main,-0.00418408371650392,2.18937494115,0,low,low
USA,48303,48,0.910447062108,0.919403411108,0.927297892142904,0.903851428451954,0.894873500118978,0.965790176460265,0.920973554995681,main,0.00789448103490409,4.79516641026,0.806773443926,high,high
USA,48305,48,0.878893548672,0.847257822275,0.848353668713125,0.84987235504437,0.791703394084309,0.91560546100764,0.8508928243398,main,-0.00109584643812499,1.21775217597,0,low,low
USA,48307,48,0.855763787687,0.856525336092,0.891055579974087,0.884112673794903,0.838796135234742,0.953094843615174,0.890772331808543,main,0.034530243882087,1.35354306177,0,low,low
USA,48309,48,0.907850028857,0.894556877198,0.914626066794316,0.890826479116358,0.87506042806419,0.961596008869844,0.908394727426908,main,-0.00651711372168384,4.46612815927,0.648620595042,high,high
USA,48313,48,0.857535905659,0.866528218012,0.898252085635422,0.882200215871057,0.853261763681178,0.951661884743282,0.894768541396053,main,0.0317238676234221,2.48374259484,0,middle,low
USA,48315,48,0.862054847695,0.858391768564,0.875070210762775,0.874270271365663,0.820691591407905,0.939625230805978,0.876852991981341,main,0.00935228393677512,2.40432331523,0,middle,low
USA,48317,48,0.874280984915,0.843416067717,0.878863674978937,0.865189431853329,0.822659420682428,0.945585978812118,0.876349685354409,main,-0.0262822271340629,1.07800722167,0,low,low
USA,48319,48,0.902442381495,0.834298485974,0.86981150822114,0.877746709445052,0.807987215294041,0.943205583253101,0.874567539438032,main,-0.0355130222471399,0.966140775213,0,low,low
USA,48321,48,0.86866303379,0.871825335816,0.893588879274651,0.883295958566738,0.845977310309736,0.950110464877269,0.892098933208397,main,0.0217635434586511,2.58285229043,0.434520759908,middle,high
USA,48323,48,0.839524873269,0.855892479257,0.894100336591505,0.885482579576971,0.847402630246752,0.949537039560817,0.893155848808841,main,0.038207857334505,2.85228480746,0.776824360173,middle,high
USA,48325,48,0.893733398729,0.861438133165,0.88923118467455,0.878667749659807,0.841518815661774,0.945872434019779,0.887647148069978,main,-0.02779305150955,2.67065843121,0.132761649068,middle,middle
USA,48327,48,0.858776896683,0.847507171185,0.885762536951511,0.89890249046439,0.832604637494232,0.948868391892861,0.892179958101645,main,0.015715914770511,0.64208382347,0,low,low
USA,48329,48,0.910789664752,0.892772599463,0.916341291841529,0.898054905378579,0.876258089326847,0.963925654453696,0.911995767667257,main,-0.0124654381994709,4.09520567823,0.773041251072,high,high
USA,48331,48,0.867782498904,0.857419701888,0.876832164695486,0.869211871881739,0.82324270039692,0.940450347410317,0.876320832946552,main,-0.00131313122451415,2.30508035258,0,low,low
USA,48333,48,0.875441350337,0.848797436857,0.881675728179034,0.893923228329791,0.816154281554345,0.959458841290341,0.887904543447642,main,-0.020409535637966,1.22285738492,0,low,low
USA,48335,48,0.857455306877,0.880231809268,0.911937873231175,0.905986215187267,0.884521232100058,0.944485257455597,0.911328625089764,main,0.031706063963175,1.56075901343,0.605970111684,low,high
USA,48337,48,0.860385761876,0.872482467608,0.879262034198736,0.874487576213849,0.822808305958953,0.946280498464074,0.879746201424758,main,0.00677956659073609,2.18376050592,0,low,low
USA,48339,48,0.929285772857,0.906553614176,0.909846944600635,0.882605866609447,0.87047969298214,0.956581373452039,0.902434710559666,main,-0.00329333042463498,5.56488671094,0.754360882537,high,high
USA,48341,48,0.850401983469,0.873076071533,0.888443599299797,0.87749670625739,0.839574778918528,0.946457718021957,0.886751704523791,main,0.015367527766797,2.32385396296,0.646581001577,low,high
USA,48343,48,0.861078710942,0.850793986519,0.872196413568847,0.861559649672648,0.814688262114822,0.940466625534605,0.870709733673077,main,0.00083297820384709,2.98808504574,0,middle,low
USA,48345,48,0.866373684379,0.835233178123,0.845120846129465,0.866559691531884,0.769817398302056,0.934516561605376,0.854261963204032,main,-0.00988766800646501,0.355808937625,0,low,low
USA,48347,48,0.900408336602,0.866584478195,0.905043645438163,0.884940884767653,0.864964447142229,0.952623254483126,0.90007334102118,main,-0.0291885495708372,3.28881977663,0.469913980426,middle,high
USA,48349,48,0.863317492551,0.862272313824,0.89420055422138,0.883955659376912,0.844276994112639,0.953466796389391,0.892771538528858,main,0.0298378829433801,2.93013499796,0.453309294082,middle,high
USA,48351,48,0.849545282154,0.859706241939,0.863134105769862,0.861848714778363,0.814920961436264,0.920369845399258,0.864641950688381,main,0.00342786383086202,1.89019572025,0,low,low
USA,48353,48,0.855537842913,0.865761501412,0.899313609900731,0.902700385634221,0.850215806445109,0.957599563530244,0.90244119938585,main,0.0335521084887309,1.95556936608,0.591959107031,low,high
USA,48355,48,0.894449297317,0.915771589079,0.921965478265348,0.902531362537596,0.885290549159926,0.965503744068552,0.917136612164255,main,0.006193889186348,5.1377595419,0.890409046336,high,high
USA,48357,48,0.857719054463,0.885933040792,0.894863530941738,0.892557950105751,0.851806036644333,0.945978793527569,0.895954961874064,main,0.00893049014973801,1.66294975589,0.798737006676,low,high
USA,48359,48,0.893864102622,0.848306411722,0.855405552412558,0.859022172007219,0.791585401754578,0.931168989472259,0.858704129466281,main,-0.00709914069055795,0.401130776756,0,low,low
USA,48361,48,0.876897562802,0.880196510557,0.89618540828177,0.87437971979749,0.848310636439461,0.953019452479827,0.890811027494599,main,0.01598889772477,4.50158529766,0.39003433263,high,middle
USA,48363,48,0.865288044292,0.878655612885,0.894170188199495,0.885384740639462,0.845853945730699,0.951528319722304,0.893202048133852,main,0.015514575314495,2.48552279874,0.416334336244,middle,high
USA,48365,48,0.880107986411,0.849148842891,0.878673484611046,0.870174318584579,0.824751167815335,0.942686809752802,0.877874048008353,main,-0.029524641720046,2.48152852447,0,middle,low
USA,48367,48,0.906851897686,0.888485026292,0.897763301283472,0.877030814563927,0.850599838853679,0.953752921810487,0.892740717866018,main,-0.00927827499147205,3.9736372407,0.233827500589,high,middle
USA,48369,48,0.857113640175,0.86022024478,0.852599911432915,0.847124569222934,0.796845244547722,0.918788492183512,0.852796881055341,main,0.00140712413708499,1.67279073635,0,low,low
USA,48371,48,0.858953180561,0.854282877345,0.903068239766698,0.898915242698083,0.864959632565088,0.948308481812272,0.903416614039304,main,0.039444755989698,0.773786714681,0.428260734678,low,high
USA,48373,48,0.838339805569,0.876001254569,0.890679346100727,0.876645081466871,0.843951292452957,0.946152075559452,0.887906788698912,main,0.0146780915317269,2.85261336244,0,middle,low
USA,48375,48,0.85002228873,0.897234506036,0.915064938046715,0.899091844180512,0.875761366813559,0.961723769382024,0.91147913248877,main,0.017830432010715,3.93299901176,0.862460454788,high,high
USA,48377,48,0.847609733494,0.843659087303,0.856270755428848,0.888511908979488,0.78984233057769,0.935130578436122,0.869011063827509,main,0.00471037574384792,0.567211518429,1.36897657788e-05,low,middle
USA,48379,48,0.87459370776,0.859322808591,0.888147580220415,0.880540148935639,0.831826676566734,0.955008363141141,0.887693542272243,main,-0.00171702670858509,2.97347367484,0,middle,low
USA,48381,48,0.931150599402,0.912492338605,0.921167701030232,0.903791345619517,0.885157551090513,0.963916781067497,0.917014281407796,main,-0.00867536242523204,3.95448601523,0.793214313137,high,high
USA,48383,48,0.851847891819,0.82521178693,0.858277390960023,0.872889097262273,0.795668812797596,0.932602522162347,0.865225539042388,main,-0.0202066057479771,0.722281329961,0,low,low
USA,48385,48,0.862428417517,0.821500648768,0.864303055090633,0.885968621597735,0.794937097276814,0.94665014021548,0.873601832412776,main,-0.0390531311753669,1.02609003508,0,low,low
USA,48387,48,0.852638002471,0.847977456368,0.875885402253071,0.878795138845705,0.821523360000518,0.94042074295934,0.878907669630576,main,0.0185868536790711,1.68288010779,0,low,low
USA,48389,48,0.845481114893,0.875303568483,0.910430709489006,0.925186498435749,0.872822590106284,0.955076802555385,0.91706021697949,main,0.035127141006006,1.08376027155,0.549258894669,low,high
USA,48391,48,0.862246124173,0.858693603564,0.882692187791077,0.874065025288105,0.82888120695895,0.946573341585971,0.881854160828738,main,0.0168935430090772,1.49549678411,0,low,low
USA,48395,48,0.881792180126,0.845132045626,0.86865045651655,0.861973491629435,0.813906403803945,0.933639297021048,0.868458692035834,main,-0.0235184108905501,2.1102868936,0,low,low
USA,48397,48,0.943615557104,0.889547218575,0.917009980939483,0.885539809053252,0.876185039631519,0.965474891149865,0.908200288613882,main,-0.0274627623644831,5.72905458641,0.727206866353,high,high
USA,48399,48,0.864754370774,0.855748006074,0.884742089312884,0.878106476913267,0.833219579709844,0.945906507967852,0.884541649578695,main,0.0109813538388841,1.52048205477,0,low,low
USA,48401,48,0.869526762989,0.856932375497,0.888159491395783,0.874830594004478,0.843768092015232,0.940858285715221,0.88557175851944,main,0.00603834091478295,3.1384659502,0.305663826008,middle,middle
USA,48403,48,0.87091437768,0.871982761075,0.878804518678216,0.882076090857113,0.817756430419346,0.95127713030214,0.882021201909687,main,0.00682175760321602,2.221498174,0,low,low
USA,48405,48,0.860363011626,0.856339343305,0.879968859747511,0.878079588865046,0.823672382688493,0.946800644887,0.881418802225059,main,0.0155821798005109,1.96494813739,0,low,low
USA,48407,48,0.862903191162,0.858756498324,0.851654136875246,0.848220453996641,0.795311619378824,0.918540578447624,0.852540079382817,main,0.00710236144875398,2.94714523792,0,middle,low
USA,48409,48,0.866879683783,0.886003532043,0.897444366070087,0.879338704295771,0.850469957350653,0.953209553424539,0.893307919380439,main,0.0114408340270871,3.58224297187,0.549685957147,high,high
USA,48411,48,0.872367815867,0.847285612792,0.875632146082083,0.882442094045615,0.820065690661256,0.941597293523805,0.879967610037784,main,-0.021817872859917,1.09284599505,0,low,low
USA,48413,48,0.877383084984,0.812782229946,0.853547653863938,0.855671832522715,0.797529890868941,0.920048566461925,0.856291538733191,main,-0.040765423917938,0.706002463598,0,low,low
USA,48415,48,0.867666630077,0.866893870278,0.898611257504946,0.892051424714451,0.855318874920975,0.950005365310222,0.898286077069499,main,0.0301718676289461,2.07391697279,0.521040290764,low,high
USA,48417,48,0.88892500268,0.848022886841,0.870299403972331,0.875579392957944,0.816568284444801,0.934085751238849,0.874094247915042,main,-0.0222765171313309,0.863095861743,0,low,low
USA,48419,48,0.845112161127,0.84250828897,0.872101031875628,0.863027001626438,0.81460372821817,0.940358365990988,0.87114020253885,main,0.0243849985916279,2.55042429921,0,middle,low
USA,48421,48,0.881273355977,0.88378705425,0.885012966648977,0.880370534218906,0.842549783186871,0.935422699224303,0.88529835652764,main,0.00122591239897696,0.780300666698,0,low,low
USA,48423,48,0.903919492211,0.883990127805,0.909048626620556,0.888140009453024,0.863603985903163,0.962997765586784,0.903941761164805,main,-0.014800229996444,4.4985114526,0.493816937034,high,high
USA,48425,48,0.881940108998,0.875001449501,0.87508018342934,0.860637055137053,0.825831413910854,0.933545354871475,0.872199073002841,main,-7.87339283400135e-05,2.94027446333,0,middle,low
USA,48427,48,0.832248641075,0.870516635704,0.871303926797834,0.867498168043267,0.816186475729393,0.936736043329401,0.872084157841911,main,0.000787291093834019,3.00268158975,0.556132010132,middle,high
USA,48429,48,0.853777289787,0.861722878971,0.883613422456327,0.877163203566805,0.833226475331198,0.943429769766499,0.883454825835165,main,0.021890543485327,1.59899829256,0,low,low
USA,48431,48,0.852321310071,0.822213357212,0.861740551282825,0.861555468583176,0.802472976171358,0.932099444991851,0.863757774998214,main,-0.020688711647175,0.355855664666,0,low,low
USA,48433,48,0.86131417985,0.839116946647,0.863217691378184,0.863320491552186,0.806372932212141,0.93070036399566,0.865311797368838,main,-0.020293721674816,0.454023245308,0,low,low
USA,48435,48,0.873082674102,0.827627715608,0.874724548633274,0.877886428536541,0.816955335735422,0.943304677013584,0.877868661148972,main,-0.0438130839627261,0.717821800498,0,low,low
USA,48437,48,0.858948882457,0.871926498786,0.867957024327912,0.862561990789635,0.81710702631488,0.928323077748763,0.868139405479584,main,-0.00396947445808804,1.43040220557,0,low,low
USA,48439,48,0.914894248514,0.916215115121,0.924062986904885,0.893454275008822,0.889152698008836,0.965506378188718,0.915379698479926,main,0.00784787178388502,6.90128303538,0.966886916356,high,high
USA,48441,48,0.890360937608,0.894250383256,0.918064072677431,0.901378848394999,0.87866559302234,0.964835573572081,0.914242550539409,main,0.0238136894214309,3.99901102589,0.750102612553,high,high
USA,48445,48,0.832689688697,0.874446406673,0.894865378161882,0.887695812911155,0.851289867824331,0.946595598174935,0.894338730395263,main,0.0204189714888821,1.82882154413,0.662891643763,low,high
USA,48447,48,0.88177214109,0.865727922785,0.895540250179418,0.900998679767995,0.845415641062362,0.955045165614892,0.899372176543277,main,-0.00227610921558208,0.49297990571,0,low,low
USA,48449,48,0.8604330705,0.8541162997,0.892933273677416,0.874476536750482,0.841966422780775,0.953438047800134,0.888747661183548,main,0.0261834323774162,3.45567693858,0.408368887482,middle,middle
USA,48451,48,0.902224070433,0.888752285219,0.921167755588511,0.911400916285474,0.883668669351174,0.965684411075026,0.919626292874532,main,0.00547189994151098,3.33833395986,0.769625624608,middle,high
USA,48453,48,0.957244643502,0.932692263205,0.934487573853359,0.901404969785656,0.909003477074581,0.964740757877782,0.924624449484888,main,-0.00179531064835903,6.35924054686,0.940046062455,high,high
USA,48455,48,0.85067651633,0.860148270488,0.862100547476425,0.863815268693748,0.802556440679543,0.93278772293858,0.864755024413808,main,0.00195227698842493,2.18496410959,0,low,low
USA,48457,48,0.838667910422,0.868925698528,0.882600434837176,0.87611388576334,0.833994150179745,0.940302886968395,0.882396504805858,main,0.013674736309176,2.28159878301,0,low,low
USA,48459,48,0.873153294932,0.853964317223,0.870086881670968,0.857856683581602,0.816920665414412,0.933202609815247,0.868007588744477,main,-0.016122564447968,3.2849814793,0,middle,low
USA,48461,48,0.86459367887,0.83563509334,0.864937887221033,0.884451789648039,0.809613052145288,0.930616197549114,0.873455447540005,main,-0.0286143771789671,0.688194628793,0,low,low
USA,48463,48,0.858247123289,0.852181019264,0.899151253368192,0.895152224091278,0.850526838615871,0.956875228455546,0.899801562700842,main,0.0348380260541921,1.98824080715,0.581388058251,low,high
USA,48465,48,0.859507845434,0.866784006483,0.898006118567996,0.904955279922938,0.852778702152259,0.951697381933231,0.902237303829923,main,0.0312221120849959,1.92945642107,0.725425885594,low,high
USA,48467,48,0.875158737778,0.856862116391,0.877785126133139,0.868161572681554,0.823263533391756,0.942509875565237,0.876614094219508,main,-0.0156702330318611,3.20450604831,0,middle,low
USA,48469,48,0.893649118761,0.881971130188,0.915437872969093,0.896681376051138,0.872968905785568,0.965854471629963,0.910995446972088,main,0.0101107656350931,3.62712351889,0.666140276481,high,high
USA,48471,48,0.898034542687,0.908208788822,0.926955164813057,0.903129156818199,0.903765322846852,0.954484747775759,0.920149038483113,main,0.018746375991057,3.52193961686,0.450151931017,high,high
USA,48473,48,0.902228461236,0.871118211411,0.883980719842549,0.859387426498611,0.839109080513595,0.937249626089477,0.877581711302629,main,-0.012862508431549,3.55464278647,0.0191779448389,high,middle
USA,48475,48,0.852099243847,0.860720826225,0.899545229625839,0.893751818231456,0.856136663983742,0.951077262956533,0.899480897508605,main,0.038824403400839,1.73360737071,0.577158581008,low,high
USA,48477,48,0.920524799391,0.872603733252,0.909748447334105,0.897198833274231,0.8622938672856,0.966083665155311,0.907513119539358,main,-0.037144714082105,3.10249930169,0.402394098404,middle,middle
USA,48479,48,0.877474352282,0.879400142317,0.892294504435888,0.894526895193279,0.845292579323301,0.948092357594153,0.894987634539933,main,0.0128943621188879,3.63324786948,0.949431449454,high,high
USA,48481,48,0.877283209009,0.869994136272,0.899579081937825,0.888326181568934,0.851807932324594,0.956290112069795,0.897775885261644,main,0.0150068001918249,2.70829802709,0.444247871904,middle,high
USA,48483,48,0.864010423509,0.869478691693,0.87747435798477,0.870254268042103,0.821946276157672,0.943393950608409,0.877123796671989,main,0.00799566629177006,1.16131093509,0,low,low
USA,48485,48,0.875003490745,0.905719797184,0.923706517938725,0.899799068773658,0.889253429998604,0.964607147798604,0.917291117417537,main,0.0179867207547251,4.35809504196,0.815147087412,high,high
USA,48487,48,0.849971696731,0.889850345363,0.917157832581363,0.917438650300243,0.878915382211507,0.962556965170892,0.919002824566866,main,0.027307487218363,1.79180556851,0.704597763296,low,high
USA,48489,48,0.829929864299,0.896532977048,0.884234681628197,0.876548451394921,0.841321392329539,0.935178752729305,0.883508699031009,main,-0.012298295419803,2.72428623349,0.502805014411,middle,high
USA,48491,48,0.945967289344,0.912136815987,0.922158431477917,0.900682286647515,0.885776853635605,0.965348448338901,0.916628488179241,main,-0.010021615490917,5.4294020205,0.882841515446,high,high
USA,48493,48,0.906828689807,0.866236336798,0.887038767016866,0.870805989015753,0.840045246024762,0.942826643309727,0.883524596037751,main,-0.020802430218866,3.1151740188,0.125432091015,middle,middle
USA,48495,48,0.826162202018,0.855002913603,0.905269865658929,0.894431987676287,0.866128472335739,0.951736169152364,0.903404128132559,main,0.050266952055929,1.41171570444,0.769871695163,low,high
USA,48497,48,0.880685876239,0.87728137695,0.884642774967192,0.868425611253388,0.833544612830605,0.945303433881161,0.881206250874419,main,0.000552399439192053,3.28117136327,0,middle,low
USA,48499,48,0.888414559263,0.869768762033,0.887997222354785,0.879936152501724,0.830395270195449,0.956378788865458,0.887405237997359,main,-0.0182284603217849,3.25826040719,0,middle,low
USA,48501,48,0.84128597357,0.837588053314,0.857978748895964,0.846311809493128,0.798051074668257,0.929121272498224,0.856139425893331,main,0.012994855069964,1.54693492186,0,low,low
USA,48503,48,0.86875511462,0.871561905942,0.897583656017997,0.890145602314439,0.849264697230156,0.954945012191091,0.897072401065727,main,0.0260217500759969,2.14709255174,0.412901919662,low,high
USA,48505,48,0.842131536483,0.836179906836,0.857658171809769,0.862284985874829,0.796645245515788,0.930089041267836,0.861284781246951,main,0.00957500567976899,1.86025577739,0.57878315437,low,high
USA,48507,48,0.812794944651,0.824835870724,0.864729188747284,0.868706859439376,0.813707003692813,0.925299652247741,0.868042990725429,main,0.039893318023284,1.46253361393,0.556483871452,low,high
USA,49001,49,0.880894450968,0.869750439404,0.856619931186022,0.851817270004995,0.790648107619137,0.932831343007044,0.856467594436433,main,0.013130508217978,0.621580604376,0,low,low
USA,49003,49,0.893977116331,0.884363611111,0.869281947299127,0.886870154722718,0.812877954582937,0.934440490520013,0.876621957894391,main,0.015081663811873,1.37986487641,0.478533751669,low,high
USA,49005,49,0.935669180759,0.912145624792,0.898447424073986,0.886618884569368,0.852853561903752,0.951117979752105,0.895946228225091,main,0.013698200718014,3.54531816225,0.765522078774,high,high
USA,49007,49,0.882954653657,0.890714761129,0.889167553015217,0.8941794569114,0.837313965356394,0.949069415807556,0.892353641756771,main,-0.00154720811378306,1.75224359861,0.383625278085,low,middle
USA,49009,49,0.892774693929,0.889560439538,0.879202338670887,0.880439777461616,0.834171069769928,0.93122298011268,0.881054596535902,main,0.010358100867113,0.416970516834,0,low,low
USA,49011,49,0.931111840917,0.915249755073,0.902319627486953,0.878667098602869,0.855256442824708,0.956687561462079,0.895839653586072,main,0.0129301275860469,6.19889395645,0.977590662285,high,high
USA,49013,49,0.870132584478,0.870737682348,0.850583363551206,0.850968553844026,0.784818028289827,0.926556237699077,0.852154003879186,main,0.018944123056794,1.10871888047,0,low,low
USA,49015,49,0.881371715176,0.861155199423,0.856416674554776,0.867577298754655,0.793052343854958,0.929615880528388,0.861597682728079,main,0.00473852486822401,0.58900399552,0,low,low
USA,49017,49,0.892369931543,0.875059164138,0.866965543478112,0.88194235388428,0.808486704530139,0.934520973007216,0.873441946405108,main,0.00809362065988795,0.28845308114,0,low,low
USA,49019,49,0.880116381154,0.88675812177,0.898377653192723,0.907031132313139,0.848030781217714,0.95653894064141,0.902773540094082,main,0.011619531422723,0.610956790193,0,low,low
USA,49021,49,0.91311387459,0.884997858107,0.886029626030852,0.888154380523204,0.836580535090291,0.943153786469216,0.88823164854749,main,-0.00103176792385196,1.79798611922,0.539668226724,low,high
USA,49023,49,0.880739682949,0.857401676974,0.838806100256186,0.852712848672447,0.77250782416279,0.915394633802707,0.844833938594198,main,0.0185955767178141,0.719861216675,0,low,low
USA,49025,49,0.882964356127,0.863928527655,0.880346037446943,0.885067341159301,0.822745316963644,0.94688705439321,0.883445923722705,main,-0.016417509791943,0.477440712705,0,low,low
USA,49027,49,0.898544958478,0.864598944456,0.854988011413291,0.868665074446724,0.787893074611748,0.932496856602384,0.860971958230558,main,0.0096109330427091,0.470318955238,0,low,low
USA,49029,49,0.959447932967,0.880187579499,0.846582423067444,0.845494123039835,0.778469662459774,0.925267070061853,0.847630282402826,main,0.0336051564315559,1.87791934502,0,low,low
USA,49031,49,0.875284484419,0.869166921437,0.853452777313255,0.868024782315845,0.790313414671509,0.926392097590318,0.859756444749125,main,0.0157141441237451,0.52138295785,0,low,low
USA,49033,49,0.90053109873,0.883947676235,0.854243684847164,0.864008693088752,0.785072832413362,0.934150651728246,0.858911321544901,main,0.0297039913878361,0.559316272847,0,low,low
USA,49035,49,0.925305225753,0.936867457262,0.922893200708157,0.897957372593818,0.88504077111085,0.966620764151085,0.915851454463009,main,-0.00915020646415698,6.45353046619,0.987119212189,high,high
USA,49037,49,0.871250420085,0.859117694155,0.848595366670951,0.856023768539108,0.787117619095192,0.919615170050721,0.852531683495835,main,0.0105223274840489,0.480924669211,0,low,low
USA,49039,49,0.894538175307,0.889364391261,0.87323387973839,0.868818633981563,0.823242751367395,0.930984208070861,0.87323899041414,main,0.01613051152261,1.95654159897,0,low,low
USA,49041,49,0.879197498101,0.879070739043,0.881388226126395,0.885994101245138,0.823112052431307,0.948709534416849,0.884452170769737,main,0.00206396896739502,1.53799365562,0.329455592745,low,middle
USA,49043,49,0.964712605321,0.936119725354,0.899595359682294,0.884253430643874,0.852608517082594,0.953875102425873,0.895927040402068,main,0.036524365671706,2.06772293878,0,low,low
USA,49045,49,0.88854754874,0.881140526286,0.870622184929245,0.885982900450813,0.821068244187547,0.927867469067726,0.877196415008039,main,0.010518341356755,1.56902339009,0.721793229179,low,high
USA,49047,49,0.876297604641,0.875857480748,0.868017082520031,0.870845700291642,0.80921891193146,0.935941407645062,0.870466307423265,main,0.007840398227969,1.27249567008,0.344110733616,low,middle
USA,49049,49,0.933442212067,0.906925818646,0.891997704224025,0.880963622852559,0.845202101086159,0.946056524934616,0.889771606830581,main,0.0149281144219749,5.00576187001,0.953797821743,high,high
USA,49051,49,0.93490751427,0.896114415273,0.879932555610741,0.881204543773592,0.826204177198174,0.942000198314666,0.881870949089788,main,0.0161818596622589,2.13850533415,0.489044114069,low,high
USA,49053,49,0.931060329531,0.889713724658,0.907517949314449,0.918526764346302,0.854385629552723,0.968897018187113,0.912727473728706,main,-0.0178042246564489,3.10141785688,0.739860505375,middle,high
USA,49055,49,0.888372982361,0.881964478696,0.870904853740472,0.897527982603642,0.80806026644134,0.94350364614039,0.881208026500989,main,0.011059624955528,0.321556551945,0,low,low
USA,49057,49,0.899614393517,0.920063360596,0.906996818793834,0.89284500694968,0.86482742801978,0.955711385600748,0.903671868875944,main,-0.013066541802166,5.23896395174,0.910990336712,high,high
USA,50001,50,0.95397695703,0.921157679643,0.908972374625085,0.891138318779451,0.865548919614455,0.958139297985711,0.904111090763837,main,0.012185305017915,2.99231250047,0,middle,low
USA,50003,50,0.925844357372,0.905217843622,0.915514315346175,0.903057047367479,0.867536781118231,0.969837670036392,0.912502459906039,main,-0.010296471724175,3.11497261069,0.253742950367,middle,middle
USA,50005,50,0.916386048343,0.915205647543,0.900318977772195,0.882658568027613,0.851385903411968,0.955724258542235,0.895537827887478,main,0.014886669770805,3.00268803869,0,middle,low
USA,50007,50,0.968931672172,0.942804417272,0.938073253464676,0.90531819001984,0.907857854243294,0.972285137743914,0.927977791962287,main,0.00473116380732408,4.76670085527,0.63418467572,high,high
USA,50009,50,0.88686907708,0.8895434748,0.86598591404738,0.869226693738563,0.814549504128678,0.924225637804956,0.868179479856831,main,0.0182087653126199,1.54507788956,0,low,low
USA,50011,50,0.8942375022,0.915656992569,0.900679081177324,0.873603983548105,0.855176288130961,0.95220036933501,0.89268766523702,main,-0.014977911391676,3.4316694403,0.181939194029,middle,middle
USA,50013,50,0.938061875135,0.91828033687,0.891280129618612,0.864836602931913,0.845833089191995,0.942738290952753,0.883493367139769,main,0.027000207251388,3.53926574728,0,high,low
USA,50015,50,0.941997431812,0.913072908909,0.900781890118369,0.876978509984278,0.853591496563084,0.954213991795275,0.893912349677352,main,0.012291018790631,3.10074480248,0,middle,low
USA,50017,50,0.919332347991,0.909355739151,0.891740780207817,0.879625593502402,0.844433696078702,0.945305006712167,0.888815848750553,main,0.017614958943183,2.86711567687,0,middle,low
USA,50019,50,0.887818273652,0.91680678908,0.898577806429468,0.884832546733965,0.847230885278415,0.956716205053435,0.895121522373965,main,-0.018228982650532,2.80544055479,0,middle,low
USA,50021,50,0.915644179683,0.913638922846,0.915841680231124,0.899839877763439,0.872114793988999,0.965352168609792,0.91160819770348,main,-0.00180775628887608,3.28423198599,0.264754360291,middle,middle
USA,50023,50,0.950587752602,0.924483880561,0.916371912105146,0.893060805076803,0.873511213857583,0.964901644836109,0.909656695034408,main,0.00811196845585394,3.56003330194,0.279253808069,high,middle
USA,50025,50,0.926380781896,0.919326630177,0.909002761783533,0.897218114438947,0.862986139348468,0.961105841744026,0.906200623964682,main,0.010323868393467,3.14525716129,0.200971825872,middle,middle
USA,50027,50,0.92692206932,0.91613863544,0.905991489542261,0.892976214254517,0.85742970712226,0.960976368887193,0.902783698569592,main,0.0101471458977389,3.16800817846,0.0982992932043,middle,middle
USA,51001,51,0.86959007618,0.897007147701,0.889516933721373,0.879703938188397,0.832846338760735,0.951903058577717,0.886811629577472,main,-0.00749021397962701,3.34288697762,0,middle,low
USA,51003,51,0.97256141946,0.921792865109,0.922385680912049,0.902769081557304,0.881584455924733,0.969273106126987,0.91712582174557,main,-0.000592815803048929,4.0492019944,0.510013598386,high,high
USA,51005,51,0.876189044364,0.879831442723,0.890893222460978,0.879505124715865,0.839465741832393,0.947895365345412,0.88783838448667,main,0.0110617797379781,2.69701034711,0.0650801854826,middle,middle
USA,51007,51,0.88970345917,0.873135958894,0.876354363325562,0.864887299738264,0.824550284250452,0.933774658279207,0.873251988004067,main,-0.00321840443156207,2.73045851953,0,middle,low
USA,51009,51,0.900545495442,0.889683291382,0.893519653300546,0.875360179092836,0.844481217987226,0.949028624076906,0.888557146675788,main,-0.00383636191854597,3.31712195361,0.111161510406,middle,middle
USA,51011,51,0.902214878367,0.886163573501,0.892100424734457,0.877091213867788,0.838670440989648,0.951828661002463,0.887969996425483,main,-0.00593685123345711,2.94096508005,0,middle,low
USA,51013,51,0.982667545185,0.957491517989,0.951246390979863,0.89852143883758,0.928707354495813,0.983761731617921,0.936337501360427,main,0.00624512700913704,8.16132678421,0.998897251541,high,high
USA,51015,51,0.89790128147,0.90024857686,0.892065893133094,0.876073398776471,0.845602068816359,0.944464760645465,0.887763795095917,main,0.003488092946906,3.4577663721,0.0319886468523,middle,middle
USA,51017,51,0.866743161529,0.877192665032,0.883866363393754,0.878459335942152,0.836478161981026,0.93558228865131,0.882577301502789,main,0.00667369836175402,1.4803193753,0,low,low
USA,51019,51,0.922208233944,0.894857171132,0.897387314721544,0.881479988181065,0.850131911769218,0.950622836190489,0.893104627484169,main,-0.00253014358954395,3.70472517158,0.173100978125,high,middle
USA,51021,51,0.857376777437,0.86829814641,0.881089709290423,0.872931740850181,0.834310831500752,0.932586569618576,0.879020711352704,main,0.0127915628804229,2.12575326086,0,low,low
USA,51023,51,0.925077668163,0.887345748011,0.885617558558675,0.87022751195918,0.838075085751292,0.93908030722506,0.881467202140918,main,0.001728189452325,3.23377176297,0.108972356921,middle,middle
USA,51025,51,0.862392461434,0.885986595323,0.882091869736088,0.870257678620858,0.837923022393623,0.931366854368161,0.879004142335045,main,-0.00389472558691195,2.54426762464,0,middle,low
USA,51027,51,0.834152370658,0.865228840283,0.890989972813562,0.877868709490737,0.84316881050019,0.944392132293267,0.88749412675901,main,0.025761132530562,2.94003925771,0,middle,low
USA,51029,51,0.861125210737,0.881576759063,0.880320965946701,0.870446773265877,0.834887649988751,0.930644094105025,0.877777869824499,main,-0.00125579311629909,2.55090446038,0,middle,low
USA,51031,51,0.904580987416,0.898140657658,0.901852607130754,0.880139717410325,0.857286473389353,0.953119007463684,0.895931708186849,main,-0.00371194947275399,3.78961785548,0.266848726917,high,middle
USA,51033,51,0.885238401158,0.879568477728,0.875673776650446,0.86458716262517,0.826725200162856,0.92996573417853,0.872728117970127,main,0.00389470107755396,3.16880799938,0.176358118899,middle,middle
USA,51035,51,0.872618094394,0.87996931523,0.884635766245936,0.871563067160432,0.832684607981828,0.942468179102401,0.881080014843591,main,0.00466645101593599,3.24907344474,0,middle,low
USA,51036,51,0.89027884026,0.895605551326,0.889301264248442,0.876229953305887,0.841692797711708,0.942467094110294,0.885820990886638,main,-0.0043491350544419,2.80973277295,0,middle,low
USA,51037,51,0.853004482935,0.870962662664,0.875819881080838,0.868817568902854,0.820277559557071,0.936548878495462,0.873923245062727,main,0.00485721841683795,2.42511571338,0,middle,low
USA,51041,51,0.935934882823,0.923370347951,0.928243266238189,0.90329313437861,0.891331940112272,0.97179626596241,0.921469860588961,main,-0.00487291828718894,5.81821053686,0.871950986243,high,high
USA,51043,51,0.922473408869,0.902726006288,0.888142541123553,0.86743581570317,0.837251731324187,0.94604711011689,0.882406548678221,main,0.0145834651644471,3.49553665905,1.31515070766e-06,middle,middle
USA,51045,51,0.911843252239,0.868248866636,0.878465554783635,0.86845808402402,0.828142103904916,0.934063470040399,0.875810279806419,main,-0.010216688147635,1.97009818126,0,low,low
USA,51047,51,0.888618058365,0.898719092031,0.901370613181921,0.878557109102355,0.853400010474442,0.956470301787357,0.895085888557779,main,0.00265152115092104,3.98449916322,0.375437713169,high,middle
USA,51049,51,0.880947028437,0.876159235076,0.880476724982905,0.866083651914078,0.829601325807548,0.937362970645892,0.876554702353112,main,-0.00431748990690495,2.67916240922,0.0365773611585,middle,middle
USA,51051,51,0.844839793893,0.858037148374,0.885487713216972,0.870242403142227,0.834349915944254,0.942790769575506,0.881321969687472,main,0.0274505648429719,2.96780503043,0,middle,low
USA,51053,51,0.894339726424,0.885327832519,0.883470768214775,0.868804211431805,0.840075333571393,0.932363378974446,0.87957954117548,main,0.00185706430422505,3.15976284393,0.224411977431,middle,middle
USA,51057,51,0.877973989164,0.897245160017,0.902327584369905,0.882886646803124,0.845752364968945,0.966139138891858,0.896869554974251,main,0.00508242435290496,2.91305881862,0,middle,low
USA,51059,51,0.986234668951,0.940111908489,0.93161236851105,0.900288789618861,0.898827962248453,0.971741422455667,0.923002854831714,main,0.00849953997794994,7.10483447425,0.973911275636,high,high
USA,51061,51,0.937837705475,0.898096401888,0.900191605268641,0.880293684937904,0.853995661137871,0.952921476247628,0.894774204137844,main,-0.00209520338064095,3.74220545252,0.252840768255,high,middle
USA,51063,51,0.88834599887,0.878767054373,0.884081766086222,0.871407968594197,0.833034701070726,0.940879494115933,0.880655816364171,main,-0.00531471171322206,2.83709076226,0,middle,low
USA,51065,51,0.939232109054,0.902265722927,0.886835601129829,0.870287165900843,0.843065431954279,0.936428801152362,0.882401439649629,main,0.0154301217971711,3.65591239056,0.347367208751,high,middle
USA,51067,51,0.913829636064,0.89039314724,0.893615410463943,0.877661889280673,0.843049933070299,0.950415234803585,0.889265224756346,main,-0.00322226322394303,3.53583748203,0,high,low
USA,51069,51,0.924731302693,0.915252317376,0.910318745352809,0.885987874815306,0.866164149799014,0.961557740467465,0.903651797991839,main,0.004933572023191,4.39943488231,0.510326716725,high,high
USA,51071,51,0.877393435491,0.877599861429,0.891270230420405,0.87725402441624,0.837860579822259,0.950819076971386,0.887425024642195,main,0.0136703689914049,2.99467435416,0,middle,low
USA,51073,51,0.905381047741,0.921261613542,0.914083875558906,0.887136981937538,0.869161926250471,0.966562600996554,0.906651647239151,main,-0.00717773798309396,4.21712381251,0.213453492154,high,middle
USA,51075,51,0.936185022694,0.902628569662,0.90142255103527,0.877670560078914,0.854759341317453,0.955266246406992,0.894883718097018,main,0.00120601862672998,3.51325683859,0.000120149160416,high,middle
USA,51077,51,0.867319380126,0.871163405708,0.872705610159733,0.861871716329526,0.824175477124864,0.926508133266421,0.869835612434251,main,0.00154220445173303,2.65932019831,0,middle,low
USA,51079,51,0.917696564384,0.89159540072,0.887499878044061,0.863854363237211,0.834251764704177,0.948405345756511,0.880867431059631,main,0.00409552267593893,3.9034426523,0,high,low
USA,51081,51,0.848579506512,0.886102983326,0.89228040929607,0.874265764657827,0.856421346958501,0.933606539374763,0.887493021955831,main,0.00617742597006998,2.8542747991,0.0494770628586,middle,middle
USA,51083,51,0.864741916075,0.88141985184,0.887481668098072,0.875979789257474,0.832961008271725,0.947825690863529,0.884332823327527,main,0.00606181625807201,2.89077575126,0,middle,low
USA,51085,51,0.946199823262,0.912627334277,0.920742592193101,0.893918914974831,0.879207106543771,0.969561925509621,0.91338727398968,main,-0.0081152579161009,4.52157657332,0.549320088635,high,high
USA,51087,51,0.940424576486,0.935125570513,0.935464367204611,0.899751462358855,0.899516121036767,0.979689546873373,0.925564443029483,main,-0.000338796691610965,6.37177391315,0.922057885521,high,high
USA,51089,51,0.866170260264,0.887283236193,0.896583853557351,0.879459871556233,0.845459318089751,0.95416995460061,0.89189040830013,main,0.00930061736435106,4.0019454029,0.166260802497,high,middle
USA,51091,51,0.88163986602,0.870357068866,0.888031203115046,0.899247477490518,0.823473156397917,0.9555601423727,0.891105040895934,main,-0.00489146005895402,1.13359524689,0,low,low
USA,51093,51,0.92831673073,0.897262642814,0.893136384362357,0.873460249406103,0.848016622034867,0.944675188385262,0.887789504356572,main,0.00412625845164305,3.84538369223,0.309838074973,high,middle
USA,51095,51,0.962629069786,0.92464348854,0.923728818007391,0.900254701735705,0.875818618360382,0.978866615693686,0.91727810990168,main,0.000914670532608963,5.33342952251,0.680506147483,high,high
USA,51097,51,0.906539667261,0.876725114788,0.869826567338074,0.864744143287623,0.816716852052008,0.927638122202979,0.868518842229104,main,0.00689854744992602,2.26999977404,0,low,low
USA,51099,51,0.923427943345,0.887784593353,0.881194868358319,0.850069161949171,0.830672435631457,0.940361586813213,0.872421407361853,main,0.00658972499468102,4.05693729215,0,high,low
USA,51101,51,0.90456867173,0.884060717039,0.880694140540409,0.861670322811033,0.830925845765049,0.937125683659046,0.875454839804792,main,0.00336657649859107,3.21866261583,0,middle,low
USA,51103,51,0.91185274938,0.923726207137,0.915080455008224,0.902722846018829,0.848580411497163,0.988432114840367,0.91144701686026,main,-0.00864575212877605,3.52477638168,0,high,low
USA,51105,51,0.854739605549,0.861636136331,0.889389352292213,0.871035443322948,0.841799017542495,0.943373399471684,0.884387555106448,main,0.0277532159612131,3.1940707713,0,middle,low
USA,51107,51,0.982853074729,0.919981019513,0.912278985268346,0.887186425511701,0.873455430849149,0.957910208486227,0.905440979530175,main,0.00770203424465399,5.73677288959,0.854376698809,high,high
USA,51109,51,0.908339507231,0.890685772002,0.88791020213065,0.869439919671891,0.83748542490875,0.944958747786775,0.882828939999787,main,0.00277556987135008,3.37167734702,0,middle,low
USA,51111,51,0.857749589227,0.88469466291,0.886275707527105,0.876707077024272,0.838602564464184,0.938956304629632,0.883795990433392,main,0.00158104461710507,2.52786095408,0,middle,low
USA,51113,51,0.891819804486,0.891393840537,0.899982210080414,0.886565522303066,0.844496625137973,0.961666013067957,0.896281312189798,main,0.00773644164541409,2.85770772425,0,middle,low
USA,51115,51,0.903270510547,0.93278819426,0.904582172977925,0.88702138600053,0.852348451731227,0.963428927126602,0.899753717648122,main,-0.0282060212820751,3.71941626462,0,high,low
USA,51117,51,0.864416551343,0.892416089562,0.898917503123971,0.886816048930443,0.843629719985563,0.960180115049739,0.895597159645335,main,0.00650141356197098,3.06161902264,0,middle,low
USA,51119,51,0.900041481358,0.915809644276,0.9013158716932,0.887392011518825,0.840528958140341,0.968777336913658,0.897354521190107,main,-0.0144937725827999,3.54640375817,0,high,low
USA,51121,51,0.964387340021,0.927593637446,0.932407393770531,0.901029807132891,0.909567142189724,0.961861506237488,0.923766386505247,main,-0.00481375632453096,4.59882235823,0.628980537414,high,high
USA,51125,51,0.917529631818,0.876004938762,0.882339445718412,0.877057780936809,0.825384985556455,0.944312495980131,0.880913980142962,main,-0.00633450695641202,2.60421742932,0,middle,low
USA,51127,51,0.917476651393,0.895530076898,0.887889551116634,0.864792024281642,0.83978415849845,0.943180395337312,0.881504850186328,main,0.00764052578136598,3.65512507484,0,high,low
USA,51131,51,0.873874986317,0.902201598852,0.891544708948144,0.875356618158131,0.830685624006784,0.959444595310007,0.886912014942944,main,-0.010656889903856,3.14735874344,0,middle,low
USA,51133,51,0.932731280834,0.913274012484,0.894944093310549,0.886128110472871,0.828281357536956,0.967909580969959,0.892283912846221,main,0.0183299191734509,3.25861199271,0,middle,low
USA,51135,51,0.853218066066,0.887364356478,0.895491811712016,0.876128464011303,0.846700181974422,0.950926489683969,0.89018744116721,main,0.00812745523401592,3.02476276555,0,middle,low
USA,51137,51,0.907590500435,0.897932647418,0.896892049830133,0.878105677481146,0.845260371864882,0.955287049046414,0.891710186565245,main,0.00104059758786701,3.74855302274,0.181863058824,high,middle
USA,51139,51,0.875865841661,0.895589921683,0.88969372087968,0.870947403855939,0.838109363723238,0.94803211403223,0.884515043452363,main,-0.00589620080331998,3.44746085536,0,middle,low
USA,51141,51,0.871029911765,0.875554340758,0.891446026074771,0.884150385385364,0.837099869930544,0.950935322080678,0.889511290243925,main,0.015891685316771,2.74690170081,0,middle,low
USA,51143,51,0.869216862277,0.879469579892,0.878900275686787,0.866346065006229,0.831523141756039,0.931736267507074,0.87556067897352,main,-0.000569304205213061,3.28180961333,0.00976299001969,middle,middle
USA,51145,51,0.934530918692,0.902066988515,0.901534492698877,0.875323494207016,0.85877235826632,0.95157629890453,0.894327845421142,main,0.000532495816123024,3.82759130687,0.00243850077399,high,middle
USA,51147,51,0.905141749355,0.907776468038,0.922807243540067,0.898023461519075,0.888915067716986,0.963090558133859,0.91609045620645,main,0.015030775502067,3.34461434327,0.326188299002,middle,middle
USA,51149,51,0.915300024837,0.891529456461,0.896204870310352,0.868459901459592,0.85540702613293,0.944379750567616,0.888566120177056,main,-0.00467541384935199,4.03670639497,0.28183869704,high,middle
USA,51153,51,0.948097395233,0.918541391374,0.918677858676911,0.888318984992529,0.882155910832667,0.962670914490719,0.91032690984285,main,-0.000136467302910948,6.3051100069,0.911174608084,high,high
USA,51155,51,0.88505095372,0.904717705102,0.918743603771263,0.902630426257155,0.874097047830681,0.969207430704563,0.914454537328527,main,0.014025898669263,3.76484049695,0.410425597675,high,middle
USA,51157,51,0.939036588559,0.887374550795,0.887596611138389,0.88116746418678,0.832462466302006,0.947795437207396,0.885888864476777,main,-0.000222060343388897,2.49490583762,0,middle,low
USA,51159,51,0.878993897306,0.892787259065,0.891957882304946,0.873815513814276,0.841783091843191,0.948685394830574,0.886980464224001,main,-0.000829376760054013,2.99725799039,0,middle,low
USA,51161,51,0.935236508734,0.918101887693,0.926351137422925,0.907948698402029,0.884390752697378,0.974291312190282,0.92143515523437,main,-0.00824924972992491,4.99297038403,0.754865263647,high,high
USA,51163,51,0.917785719089,0.890959319462,0.905038850566449,0.893879284859952,0.852335782669184,0.963374368669776,0.902045049054217,main,-0.0140795311044489,2.7649406229,0.0320504014235,middle,middle
USA,51165,51,0.924688177445,0.899259916696,0.883467894603867,0.86908116177486,0.835093653441445,0.937665406545047,0.879591730600535,main,0.015792022092133,3.61574435339,0.153226126461,high,middle
USA,51167,51,0.851239425764,0.865442602919,0.893196912070185,0.876648568801047,0.844562409140976,0.948016221764098,0.888705118332909,main,0.027754309151185,3.20111462109,0.00110403715012,middle,middle
USA,51169,51,0.866815854444,0.856385568531,0.88578813538246,0.87603107737658,0.834776557070705,0.942085224463536,0.883201876869017,main,0.00854199502546005,2.8747229759,0.0070451235022,middle,middle
USA,51171,51,0.894344791727,0.902236475186,0.893617789114845,0.878129325497252,0.842252614266855,0.951203145568638,0.889388225199399,main,-0.00716468084684507,3.55419959013,0.157975522102,high,middle
USA,51173,51,0.849987619549,0.877028553828,0.892906234504269,0.876367407618393,0.842370818881044,0.9497666874364,0.88838691812795,main,0.0158776806762689,3.34731895257,0,middle,low
USA,51175,51,0.880581156785,0.866877214165,0.872388782352674,0.861650682732757,0.825549343305062,0.9243597414422,0.869571101501863,main,-0.00551156818767407,2.58330852981,0.000937548330804,middle,middle
USA,51177,51,0.923233307406,0.907570924575,0.914753531975107,0.884379202123822,0.872761016716638,0.964628353368391,0.906354219862226,main,-0.00718260740010701,4.87733739429,0.579893864175,high,high
USA,51179,51,0.937411427794,0.905104170735,0.908030186020261,0.876741500752679,0.871355140111034,0.952336186580499,0.899398894833773,main,-0.00292601528526093,5.33683010003,0.738885790692,high,high
USA,51181,51,0.888974140885,0.876651578668,0.864372581078668,0.857527873852482,0.817755726611372,0.915488385979464,0.862663771255512,main,0.012278997589332,2.39001592931,0,low,low
USA,51183,51,0.850255050361,0.890247939979,0.893849522504007,0.882878527681123,0.854694316606688,0.937601820805773,0.891066406436259,main,0.00360158252500697,2.34676502439,0,low,low
USA,51185,51,0.857028080012,0.882228732251,0.910054802124458,0.893005802579684,0.862310390291011,0.963995916292845,0.905449774068445,main,0.027826069873458,3.54899880566,0.234625663778,high,middle
USA,51187,51,0.893241496435,0.915957700482,0.906965640669694,0.876603324906821,0.862978600571505,0.9589829341549,0.898541222852707,main,-0.008992059812306,4.28505581064,0.335362519377,high,middle
USA,51191,51,0.898730496032,0.888518979373,0.908715486830382,0.889837648446418,0.861778254738427,0.962079442794971,0.903592077101303,main,-0.000226525860617999,3.6844839067,0.133739518467,high,middle
USA,51193,51,0.884323255518,0.900144908947,0.888080571108827,0.874521472002903,0.831005139891721,0.951496461479425,0.884288115306647,main,-0.0120643378381731,3.43002491235,0,middle,low
USA,51195,51,0.857772933942,0.870876547694,0.900433792450455,0.877168028649212,0.856956249138639,0.95077695093981,0.894073788698138,main,0.0295572447564549,3.70416053471,0.130438117722,high,middle
USA,51197,51,0.877823336757,0.89262564036,0.908854364578578,0.893603146495757,0.86056783356162,0.963092990419246,0.904758503153813,main,0.016228724218578,3.25786246828,0.208912367811,middle,middle
USA,51199,51,0.934076088483,0.927580104489,0.928060145005747,0.900041280660804,0.886959550127344,0.976601271063665,0.920367291587687,main,-0.000480040516746993,5.55341199531,0.841784386148,high,high
USA,51510,51,0.973140416417,0.957892501001,0.957021410371397,0.90333120775478,0.931108769603766,0.993315904243016,0.941842477626015,main,0.000871090629603,8.31968659845,1,high,high
USA,51520,51,0.865500995102,0.925120250747,0.949275020929244,0.913536620115791,0.907281690383278,1,0.939339754000913,main,0.024154770182244,6.2944614655,0.877622360012,high,high
USA,51530,51,0.894597926397,0.912149548234,0.922810043332651,0.886066962347475,0.876980888758616,0.977820870542105,0.912512155943394,main,0.0106604950986511,5.99788878754,0.864270971359,high,high
USA,51540,51,0.98360586397,0.970373265185,0.96444459601464,0.911277496409289,0.942651663009377,0.996227037353745,0.949409127479573,main,0.00592866917035995,7.42251187457,0.999497991256,high,high
USA,51550,51,0.924672634817,0.92607531232,0.928483679181983,0.903329554761633,0.892484208798662,0.971089302865202,0.921655551661983,main,0.00240836686198309,5.59720890745,0.903933556878,high,high
USA,51570,51,0.884350934668,0.931001294344,0.948846765907934,0.908557881045383,0.907128411797145,1,0.93757738460566,main,0.017845471563934,6.89928344249,0.969848553626,high,high
USA,51580,51,0.844953841882,0.919340028071,0.945783416263387,0.907452873121376,0.900925738864022,1,0.93505615120323,main,0.026443388192387,6.03050290216,0.837253846937,high,high
USA,51590,51,0.87239673069,0.919147237376,0.941173642538675,0.906671829250151,0.894465115112018,0.99677103179175,0.93154315546519,main,0.022026405162675,5.9311694535,0.827264197802,high,high
USA,51595,51,0.837452525649,0.895533482194,0.930535502405996,0.896669201356439,0.873691058656615,0.996929719865947,0.920912205619066,main,0.0350020202119961,5.82577492862,0.841337833262,high,high
USA,51600,51,0.991654403834,0.956144090295,0.960133607777567,0.917091971378636,0.929322352062457,1,0.948112250552961,main,-0.00398951748256693,7.35332545509,1,high,high
USA,51610,51,0.984516792136,0.957134405502,0.954567233333499,0.903945843842111,0.91969974439573,1,0.940292183777348,main,0.002567172168501,7.90207155592,1,high,high
USA,51620,51,0.880984124357,0.914474742491,0.937555565029061,0.90444490452636,0.884272062979126,1,0.928230868655263,main,0.023080822538061,6.00887958757,0.865375089657,high,high
USA,51630,51,0.940488678964,0.942030009489,0.9609060740055,0.913549034094743,0.931451575150019,1,0.947612355673664,main,0.0188760645165,6.88045508932,0.982082985047,high,high
USA,51640,51,0.845888656291,0.913430096092,0.921312124783383,0.876665676434859,0.855980456608454,0.998558133977857,0.908288332272249,main,0.00788202869138299,5.8099993463,0,high,low
USA,51650,51,0.908015250957,0.939591111824,0.938504677175217,0.897336173992016,0.904477982410083,0.981531245154942,0.927012879400469,main,-0.001086434648783,6.94181524574,0.976226989535,high,high
USA,51660,51,0.938151105309,0.969226812277,0.967119305974187,0.91164398290368,0.946877394653905,0.997601351887431,0.951390219483598,main,-0.00210750630281298,7.05974774416,0.968120415842,high,high
USA,51670,51,0.839814955996,0.912904928324,0.919089568625922,0.879293692937084,0.872925410460045,0.974947237300024,0.907884780108808,main,0.0061846403019219,6.83566596596,0.962540203631,high,high
USA,51678,51,0.917617168483,0.968231324604,0.978588923087797,0.925877348066281,0.966378593423571,1,0.963607681603038,main,0.010357598483797,7.00337828813,0.957455161129,high,high
USA,51680,51,0.917651948992,0.941400969011,0.950370314037603,0.910250582810129,0.918848692240596,0.990536873934433,0.93920098241456,main,0.00896934502660296,6.44311164893,0.917507842466,high,high
USA,51683,51,0.924181483234,0.936894890732,0.938000375474366,0.885955345798945,0.897043694872717,0.990209441895232,0.923246134572693,main,0.00110548474236594,7.42742300664,0.993483508422,high,high
USA,51685,51,0.921740256338,0.925022358282,0.918150924593411,0.858926519355344,0.88226675828076,0.966054342994106,0.901264977720982,main,0.00030722980058917,7.89450144725,0.998039953039,high,high
USA,51690,51,0.825589999112,0.915214438214,0.939493605239291,0.899810248864281,0.888986573993848,1,0.928286524058166,main,0.0242791670252911,6.15792595938,0.85831974115,high,high
USA,51700,51,0.906255731632,0.934764673152,0.934742570131253,0.896241443556958,0.899701351375635,0.978435956983572,0.924028287447131,main,-2.21030207470108e-05,6.94650780764,0.98811258141,high,high
USA,51710,51,0.893851163126,0.948803820218,0.942647659249652,0.894895719448981,0.916605135108062,0.978138889742718,0.929219712450568,main,-0.00615616096834803,7.50600930693,0.991226615199,high,high
USA,51720,51,0.85103051874,0.885523627999,0.9230790640224,0.877939719969842,0.861963620702618,0.995868084400731,0.910021842239473,main,0.0375554360234001,5.32698774667,0,high,low
USA,51730,51,0.828738296669,0.924166125777,0.944087408974269,0.908841787828263,0.903024213978262,0.993734832739197,0.934299390254889,main,0.019921283197269,6.3928220387,0.927844171862,high,high
USA,51735,51,0.944973787145,0.929257860244,0.919218617294612,0.886955325048524,0.876630820219177,0.970033001080096,0.910266018222914,main,0.0100392429493881,5.74565094871,0.913932279554,high,high
USA,51740,51,0.872574806485,0.933665773229,0.926433738605765,0.88627852106659,0.887796298455774,0.974256314837646,0.915206145948077,main,-0.00723203462323507,7.01812236392,0.990920233475,high,high
USA,51750,51,0.930016722136,0.957466170232,0.957175086759065,0.901798344733513,0.948898359731836,0.974783726938102,0.941338453849898,main,-0.000291083472934939,6.49820770008,0.937588783601,high,high
USA,51760,51,0.92388139905,0.943774724291,0.947698232898204,0.90390394140471,0.922746706902144,0.981387887675518,0.935438325425212,main,0.00392350860720403,7.28945667989,0.993057871603,high,high
USA,51770,51,0.875939979045,0.935761909599,0.946610423391766,0.90787106472311,0.907432871456559,0.994786292854784,0.93581389973219,main,0.0108485137927661,6.79240904699,0.979926304894,high,high
USA,51775,51,0.913905440528,0.938890516172,0.95390364059615,0.91369989327967,0.916876764677478,1,0.942695673186892,main,0.0150131244241499,6.50095991165,0.957817809891,high,high
USA,51790,51,0.920543608416,0.944571056185,0.950298093424864,0.91797800407161,0.908751165372867,1,0.941367250188153,main,0.00572703723986401,6.13499957797,0.911422280645,high,high
USA,51800,51,0.914254033007,0.904385471086,0.907606665067253,0.885282407434543,0.86585894386211,0.955941174529479,0.901543562067111,main,-0.00322119398125298,4.52456666117,0.639907699094,high,high
USA,51810,51,0.939044358895,0.940062533623,0.934574958971605,0.90480866214843,0.901730301689429,0.974521644644111,0.926420807976031,main,0.00345122519539509,6.57213112553,0.972296975731,high,high
USA,51820,51,0.898886084615,0.934690748859,0.941755795590563,0.905442160002547,0.894077141190377,0.998684323053718,0.931582479828462,main,0.00706504673156294,6.32100221871,0.930239543509,high,high
USA,51830,51,0.971225817471,0.965716505305,0.978741899916181,0.937462895842281,0.964988111532165,1,0.967145948564987,main,0.00200677027918095,6.47575464973,0.928087833237,high,high
USA,51840,51,0.914727920609,0.950956705695,0.954199980200951,0.914870256708639,0.917319532039585,1,0.943249788391483,main,0.00324327450595097,7.04293292399,0.989767524827,high,high
USA,53001,53,0.844557959434,0.855979793592,0.860796502971729,0.859178577563882,0.801818285363937,0.927293045372572,0.861242526308362,main,0.004816709379729,1.68849777449,0.473979308161,low,high
USA,53003,53,0.903443849273,0.902166937964,0.920288196486581,0.923199411677689,0.876572082156224,0.969577079197486,0.922334593958971,main,0.015567435904581,2.77349584861,0.846010698724,middle,high
USA,53005,53,0.916820850768,0.897175831684,0.908876151075254,0.901524561318929,0.86574659038634,0.957503708458425,0.907478349683458,main,-0.011700319391254,3.88897789037,0.812653423676,high,high
USA,53007,53,0.905276259417,0.888290360807,0.906458818557009,0.907284141799563,0.859686801894616,0.959193158713685,0.907813319938508,main,-0.0158033394699909,2.4910975406,0.560239097245,middle,high
USA,53009,53,0.899655494756,0.906012628447,0.914362363648023,0.917942693457785,0.863524889884118,0.971680410323727,0.91665228528399,main,0.008349735201023,2.96890959302,0.429422358619,middle,high
USA,53011,53,0.917945457923,0.933622217991,0.920232789471364,0.897390583500561,0.881227790008797,0.964210001835692,0.913581103837185,main,-0.013389428519636,5.75338235017,0.833224695205,high,high
USA,53013,53,0.922125421547,0.886178811881,0.88060328813647,0.879352806386575,0.821539284586628,0.947196552153602,0.88120550040825,main,0.00557552374452996,1.11246525125,0,low,low
USA,53015,53,0.883730925449,0.909474118434,0.910212920381878,0.898699937968189,0.86533886005735,0.960807359754589,0.907428496033395,main,0.000738801947878009,3.71930960489,0.643357846078,high,high
USA,53017,53,0.910749825181,0.878985394382,0.89881644352453,0.896624600785159,0.850770652937749,0.952986933588879,0.899159421148775,main,-0.0198310491425301,2.36858666449,0.658017434015,low,high
USA,53019,53,0.881483601975,0.894939176789,0.885130547130709,0.889954086261677,0.833022753523297,0.943880849319765,0.88779742299015,main,-0.00980862965829099,0.919526294908,0,low,low
USA,53021,53,0.880579932527,0.877300564972,0.891385683461582,0.866102656699671,0.84322927634047,0.945680891046461,0.883934097374718,main,0.00752638337958211,3.48881988748,0.795018779246,middle,high
USA,53023,53,0.919555814693,0.889173269606,0.874030590261159,0.869336550966336,0.819266165983842,0.935776180560809,0.873497464382151,main,0.0151426793448409,0.858632858296,0,low,low
USA,53025,53,0.874425847487,0.87514936848,0.884465319572656,0.87155516335823,0.833277244180988,0.942178661273404,0.881196077605558,main,0.00931595109265593,2.79124888696,0.53029134323,middle,high
USA,53027,53,0.876518297107,0.894985717936,0.900807573483422,0.887610923468781,0.853883859203395,0.953712949108314,0.897455742130804,main,0.00582185554742198,2.89452430938,0.361309499393,middle,middle
USA,53029,53,0.923209758704,0.917504893459,0.904392005094943,0.871423246625484,0.854855598445898,0.960243129437644,0.894336666692656,main,0.013112888364057,5.13322012271,0.281748538035,high,middle
USA,53031,53,0.927408012082,0.914441733621,0.912112945895068,0.921084192976585,0.858297157393006,0.972788971843492,0.916189296987685,main,0.00232878772593204,2.13996426744,0.289126970209,low,middle
USA,53033,53,0.961835820293,0.947188449431,0.940078736095966,0.921429333009385,0.911803230786608,0.971958698122159,0.934695869782755,main,0.00710971333503396,5.99436654967,0.949914102778,high,high
USA,53035,53,0.92009841157,0.933416529327,0.924125826912621,0.894877535528626,0.885545524328465,0.967624203613068,0.915293560946807,main,-0.00929070241437902,5.64494892885,0.68237894044,high,high
USA,53037,53,0.937490082448,0.906016757082,0.913769605797412,0.910549217173022,0.880635696895056,0.951127302716692,0.913649147264517,main,-0.00775284871541193,2.22643278695,0.481560239672,low,high
USA,53039,53,0.915257441414,0.883220769073,0.876763674574923,0.871178427808881,0.824979043327693,0.935149618862742,0.875945414543494,main,0.00645709449807697,1.75893865563,0,low,low
USA,53041,53,0.882613565372,0.895035752682,0.901426659366702,0.896603141056884,0.852566685190943,0.956515122129152,0.900893565149685,main,0.00639090668470199,2.71307906468,0.323092470124,middle,middle
USA,53043,53,0.902241613717,0.882899139162,0.872067049951287,0.880659799109471,0.813120631671886,0.938527739363103,0.875931387107248,main,0.010832089210713,1.10274063073,0,low,low
USA,53045,53,0.884882638231,0.910352235328,0.898188351633008,0.885690638925821,0.848715592868502,0.953967714494527,0.895074746627802,main,-0.012163883694992,3.41372640598,0.205542159651,middle,middle
USA,53047,53,0.874879648822,0.876867610355,0.885895818905254,0.885807430521326,0.830960450589286,0.947834144556624,0.886919099867274,main,0.00902820855025399,1.48955101915,0.122711178583,low,middle
USA,53049,53,0.884708956102,0.890184734401,0.894715508510828,0.89062412347952,0.837959549466137,0.95870650705564,0.894405362992023,main,0.00453077410982805,2.3724169218,0,low,low
USA,53051,53,0.882057846208,0.897935157889,0.878710108998562,0.877664031466813,0.824545777003929,0.939779109473384,0.879406395368796,main,-0.012529574471562,1.64341996891,0,low,low
USA,53053,53,0.905686848929,0.927291559561,0.923845962665013,0.908541038827882,0.887990988782746,0.964271595852143,0.919709827875237,main,-0.003445596895987,5.35609977405,0.879389381418,high,high
USA,53055,53,0.96012662784,0.931874433073,0.915734776867239,0.895355717035542,0.860064747957793,0.978501414924204,0.909974883608609,main,0.016139656205761,3.73518197782,0,high,low
USA,53057,53,0.912505857776,0.904576971943,0.915223763208495,0.909293291478392,0.869203731036738,0.967110258676157,0.914324842087873,main,-0.00521098040050505,3.45266093051,0.609602740487,middle,high
USA,53059,53,0.912203229024,0.889699193501,0.872707125195981,0.878707377872639,0.824689156362413,0.926846246893036,0.875751219805193,main,0.016992068305019,1.38857685695,0,low,low
USA,53061,53,0.925458409697,0.929877014916,0.924970322954253,0.907852561131929,0.891350567050013,0.962875800852196,0.920191138705311,main,-0.00393051847625303,5.0430350413,0.844617320838,high,high
USA,53063,53,0.917501722533,0.924517111714,0.925065059668675,0.908529558914688,0.888410105381049,0.96639265180103,0.92052458119955,main,0.000547947954675054,4.78141783569,0.811127946256,high,high
USA,53065,53,0.888600853274,0.896339194648,0.8833213913469,0.883262771709719,0.829326502508591,0.944199348679254,0.884354497617283,main,-0.00245887944690015,2.17941571392,0.0996576890211,low,middle
USA,53067,53,0.922833265137,0.924794903213,0.921423818641431,0.893773531273154,0.882111700416319,0.965747300130939,0.913141732626671,main,-0.00055219158043085,5.09158554008,0.688590993609,high,high
USA,53069,53,0.889690360084,0.873773421308,0.873381060190158,0.880037708306358,0.809674016855593,0.945209241511283,0.87655629786239,main,0.000392361117841911,2.03656459866,0,low,low
USA,53071,53,0.919610617528,0.906405325487,0.912878498356781,0.906682084587039,0.87440682878226,0.956254393913777,0.911830271891975,main,-0.006473172869781,3.06911489181,0.739934653326,middle,high
USA,53073,53,0.938924086261,0.919612438981,0.919820725597645,0.909200572852802,0.882822317037405,0.961535554281526,0.917274774801067,main,-0.00020828661664507,3.80784221924,0.64396899151,high,high
USA,53075,53,0.946192473392,0.932421221286,0.915705631483604,0.904228471729132,0.894091276354503,0.940075304569813,0.912586891898978,main,0.0167155898023961,2.33118276309,0.644527026107,low,high
USA,53077,53,0.866955057809,0.883317137362,0.891348408088976,0.888399782056066,0.842287221879603,0.946663732650025,0.891431818504463,main,0.00803127072697596,3.27071507004,0.639044964626,middle,high
USA,54001,54,0.880944237688,0.871820855096,0.880094231378855,0.867822839702054,0.831409664368914,0.935078968647223,0.877064388814392,main,-0.00827337628285496,2.97827650344,0,middle,low
USA,54003,54,0.890731310897,0.917254064509,0.901438590330437,0.872782392911684,0.858009601894418,0.950487635349115,0.892856227350279,main,-0.015815474178563,4.91278672586,0.411260737072,high,high
USA,54005,54,0.844479472755,0.859950696891,0.882143307679864,0.867598709099404,0.831612649028933,0.939213035533285,0.878350861777175,main,0.022192610788864,2.95626496679,0,middle,low
USA,54007,54,0.873076959191,0.869812011321,0.893384746599645,0.88405895393583,0.840395855597768,0.953230821625544,0.89136258752217,main,0.0170428395386448,2.45406375241,0,middle,low
USA,54009,54,0.903416560708,0.903949484659,0.916447826133088,0.886723204528762,0.871780125613616,0.966895882432814,0.907524272533839,main,0.0124983414740879,4.61249680528,0.326279784184,high,middle
USA,54011,54,0.880848580848,0.896610779685,0.925876525194979,0.896762782002715,0.88679319689221,0.970017547089295,0.91712072199183,main,0.029265745509979,4.86414124808,0.640944528364,high,high
USA,54013,54,0.856524356823,0.855934951933,0.868916986608413,0.85954760905511,0.814118710710907,0.930806595329152,0.866840195764434,main,0.011803224895413,2.42266409704,0,middle,low
USA,54015,54,0.843184486566,0.858275122216,0.864542475616571,0.85853938963633,0.810275758777038,0.925831737308664,0.863591538753796,main,0.00626735340057105,2.39741128102,0,middle,low
USA,54017,54,0.877190680827,0.868991487618,0.878212112124047,0.866886274998146,0.837342982373392,0.924370032379714,0.875461643463829,main,-0.00717776191195296,2.39586131436,0,middle,low
USA,54019,54,0.86073037636,0.872414023791,0.892708714496349,0.878096179115997,0.843421677536505,0.948373886118804,0.888905263484678,main,0.0202946907053491,3.29098443822,0.191061594658,middle,middle
USA,54021,54,0.892458633045,0.873805019822,0.889553893477801,0.876915287273633,0.852632556927183,0.931253144688522,0.886330651240973,main,-0.015748873655801,2.42343131609,0,middle,low
USA,54023,54,0.879144230403,0.885744753102,0.889277333896123,0.880432842464785,0.836474101590645,0.948913724513388,0.887411707289004,main,0.003532580794123,2.35727970943,0,low,low
USA,54025,54,0.874291490247,0.879041434235,0.897530154522438,0.885959391149647,0.845098062845163,0.956747375961775,0.89475898323709,main,0.018488720287438,2.65277401291,0,middle,low
USA,54027,54,0.869067527796,0.892022073645,0.881431910770549,0.87324066920416,0.831917588350495,0.937353780399828,0.879776988635653,main,-0.0105901628744509,2.76365072469,0,middle,low
USA,54029,54,0.884272604624,0.899960936264,0.911374215317693,0.885531691386661,0.868029277121564,0.960328333326816,0.90375922094349,main,0.011413279053693,4.92335442322,0.598137304219,high,high
USA,54031,54,0.882181235126,0.887539001868,0.891227515169659,0.881502784156245,0.838096373746725,0.951234248952707,0.889068130484939,main,0.00368851330165898,2.33737563828,0,low,low
USA,54033,54,0.891005151335,0.89420584186,0.91414152482701,0.892481643676423,0.86834011182457,0.96587000502372,0.907965356505092,main,0.0199356829670101,4.15151574112,0.416688651237,high,high
USA,54035,54,0.872077727736,0.865317394993,0.891241171347871,0.875755284385067,0.838793839285639,0.950475605399215,0.887141694830457,main,0.0124031108688709,3.21735872921,0,middle,low
USA,54037,54,0.922134158697,0.916199275795,0.897720570358608,0.868211236311699,0.85258727065721,0.948694478078257,0.888853539944476,main,0.0184787054363921,4.65071353001,0.231775132716,high,middle
USA,54039,54,0.881693515597,0.898174860669,0.920045142971948,0.902996879652964,0.877891156553374,0.96765419056944,0.915410104238982,main,0.021870282302948,4.38814359707,0.562034234828,high,high
USA,54041,54,0.866677816272,0.868693977641,0.896170604503038,0.879055968878593,0.842467286588575,0.9568235589673,0.891525584978957,main,0.027476626862038,2.81663547357,0,middle,low
USA,54043,54,0.836682774829,0.852459690339,0.86573154509476,0.85523219321587,0.812995743857774,0.925291778526853,0.863277334586611,main,0.01327185475576,2.97362986803,0,middle,low
USA,54045,54,0.833093911051,0.869162098592,0.896136442163693,0.874875999934919,0.845940007235035,0.952828695086419,0.890089405468433,main,0.026974343571693,3.43910010655,0,middle,low
USA,54047,54,0.793556381975,0.858310261912,0.875572889899112,0.866706874285214,0.823924413794631,0.933905089676847,0.873683468775748,main,0.017262627987112,2.74361231574,0,middle,low
USA,54049,54,0.900273421259,0.898405232395,0.910433421640476,0.883410527318904,0.866755459417325,0.959763659634935,0.902418145406976,main,0.00829181151747604,4.24222953408,0.410429732051,high,high
USA,54051,54,0.890376221501,0.89076017603,0.910356954593028,0.890494501449988,0.865322309100844,0.961219441463993,0.904781883894054,main,0.019596778563028,3.70844290639,0.45850899339,high,high
USA,54053,54,0.864683760713,0.862215336323,0.880298714036933,0.863407932151693,0.827651798761678,0.939758558956758,0.875709368213955,main,0.013146528933933,3.22766510269,0,middle,low
USA,54055,54,0.866069848786,0.886348130101,0.910029389133053,0.890904151421089,0.862151802776132,0.964102716032342,0.904716844986066,main,0.023681259032053,4.03630409838,0.369483472794,high,middle
USA,54057,54,0.888131810156,0.898615551896,0.90090102473812,0.883226804998223,0.853152423164092,0.95482867519753,0.896068975215326,main,0.00228547284212,3.51912263731,0.237811177058,high,middle
USA,54059,54,0.828644175374,0.853800810025,0.871256457045356,0.856305059443319,0.82063715496275,0.928426299495671,0.86731270198573,main,0.0174556470203561,3.196221445,0,middle,low
USA,54061,54,0.959260198198,0.926361227517,0.935196724195583,0.904990318775447,0.910279227963372,0.963338742659748,0.925832732041826,main,-0.00883549667858297,4.66999791524,0.646465618779,high,high
USA,54063,54,0.869026004878,0.862670076714,0.867417621599478,0.865431228572984,0.813019869241884,0.928854875848062,0.867815086134005,main,-0.00474754488547802,2.46877693878,0,middle,low
USA,54065,54,0.883342073606,0.901413268728,0.889836776834164,0.869795821932842,0.839807773032509,0.946339931710132,0.884195141885042,main,-0.011576491893836,3.44382823765,0,middle,low
USA,54067,54,0.868546921007,0.868856611809,0.895791167928781,0.88596311538552,0.84222467960563,0.956289585964132,0.893602435476529,main,0.026934556119781,2.78322212056,0,middle,low
USA,54069,54,0.918563886061,0.912987082847,0.931254996782356,0.899823257181174,0.889459682912896,0.978458956749627,0.921740559236135,main,0.00711430750735598,5.0461908839,0.646224216082,high,high
USA,54071,54,0.878137531097,0.873705148486,0.88044257989599,0.883967857016562,0.825709796150852,0.942258221258853,0.882696250801619,main,-0.00212733381201002,1.62341272628,0,low,low
USA,54073,54,0.886624381379,0.870461669561,0.881086776680752,0.861953021155977,0.83713967269381,0.930720985524269,0.875723509468601,main,-0.010625107119752,3.1370048105,0,middle,low
USA,54075,54,0.881964084396,0.875287733314,0.889754868405932,0.891511903968268,0.838065211477761,0.948133578133537,0.891438723672251,main,0.0011144329279319,1.48913261423,0,low,low
USA,54077,54,0.878394801189,0.881542330216,0.886805079334258,0.869466627636911,0.838856180441812,0.940958947178462,0.882071318380024,main,0.00526274911825797,3.0575622193,0,middle,low
USA,54079,54,0.907949134052,0.879817505614,0.905777451306534,0.88242364139776,0.86049658026738,0.95691802726898,0.899015142191199,main,-0.025959945692534,4.13862930495,0.428463607866,high,high
USA,54081,54,0.864170406822,0.887111525992,0.912339514554989,0.894387097635098,0.86567196065548,0.965046221171027,0.907421357769176,main,0.0252279885629889,3.90898779861,0.394596625858,high,middle
USA,54083,54,0.878416263315,0.882245420259,0.904643864388454,0.898610977896003,0.858985536231984,0.95621074342188,0.903726595709884,main,0.022398444129454,2.46459731273,0.305770056411,middle,middle
USA,54085,54,0.867574108383,0.861694728141,0.884780279353905,0.880511676526121,0.831185821163618,0.9453102867797,0.88444169835247,main,0.0113267907289051,2.27274760586,0,low,low
USA,54087,54,0.853605406193,0.862618822623,0.886953960454124,0.874508992114537,0.833566713583362,0.947249941767276,0.883872747569285,main,0.024335137831124,2.5229411615,0,middle,low
USA,54089,54,0.860732484438,0.87652675602,0.883881842646207,0.875280463750707,0.835233567163573,0.938825591974932,0.882090947056099,main,0.00735508662620699,2.73116234551,0,middle,low
USA,54091,54,0.896908096869,0.881997774344,0.88861509164526,0.864945233548971,0.837955746141365,0.945830159454127,0.881740827326671,main,-0.00661731730126003,3.64598708359,0,high,low
USA,54093,54,0.891441580316,0.877266380345,0.891742417621077,0.888825537860577,0.843445629488561,0.946289194340486,0.891865092057505,main,-0.0138743626659229,1.99511026024,0,low,low
USA,54095,54,0.878763627636,0.861446212281,0.876428085290692,0.86483940968856,0.824998456567482,0.934513117095081,0.873624228167969,main,-0.014981873009692,2.66357446187,0,middle,low
USA,54097,54,0.891201051575,0.880370399671,0.901590176198665,0.88322275293632,0.854947757495196,0.954268494924346,0.896520319636434,main,-0.000441527280334975,3.29551690124,0.317870373873,middle,middle
USA,54099,54,0.862369827527,0.869196820464,0.896726285570877,0.880410550508933,0.848436136885683,0.951265563645664,0.892350333942647,main,0.0275294651068769,3.47875147069,0.227502330766,middle,middle
USA,54101,54,0.850284541753,0.856520208704,0.873541733605638,0.873505058869333,0.820463776009666,0.933488401151434,0.874603586677011,main,0.017021524901638,1.9591267523,0,low,low
USA,54103,54,0.861056385592,0.874029255651,0.894191390283477,0.875595049574159,0.839454677147983,0.956011469531067,0.889039828946666,main,0.0201621346324771,2.89116388706,0,middle,low
USA,54105,54,0.859244315616,0.85192524699,0.867307122879376,0.860203491078335,0.815435218341087,0.925891664507634,0.865998114684238,main,0.000743738637375979,2.318922813,0,low,low
USA,54107,54,0.88850273991,0.89399084053,0.920834698232469,0.900296606766959,0.876262595138799,0.971174786039013,0.915037926543339,main,0.026843857702469,4.49739907715,0.554197311212,high,high
USA,54109,54,0.835265163513,0.862081006025,0.88142953766502,0.870549629887407,0.830460733617669,0.938994110414617,0.878871069571284,main,0.0193485316400199,2.91568716965,0,middle,low
USA,55001,55,0.883712170205,0.897201871666,0.897091306922543,0.889005425803659,0.846061185536161,0.955049343510375,0.895592946476434,main,-0.000110564743456942,2.6260887009,0,middle,low
USA,55003,55,0.893324647369,0.909837309713,0.90530086023901,0.898189229991781,0.858807613228829,0.958106090524477,0.904119376015605,main,-0.00453644947399001,1.93987718596,0.450069587753,low,high
USA,55005,55,0.899379247591,0.922472389069,0.899877535319702,0.88466244393363,0.847260092981419,0.959638389602408,0.895984819826822,main,-0.0225948537492979,3.08639709535,0.167368997368,middle,middle
USA,55007,55,0.924234459714,0.911962272935,0.886461699266035,0.888283969066438,0.833207635207666,0.946945603855952,0.888266668540617,main,0.025500573668965,1.60307188376,0,low,low
USA,55009,55,0.930824514397,0.928755436989,0.920216133591754,0.893854862031478,0.880786104847882,0.964999233974628,0.91247605513184,main,0.00853930339724596,5.24277900773,0.742438320516,high,high
USA,55011,55,0.916366391068,0.903310215514,0.877370645220929,0.875698128789528,0.825155638556283,0.936674428643069,0.877996906686806,main,0.025939570293071,2.17649317695,0,low,low
USA,55013,55,0.907559603626,0.903369838124,0.885896244402948,0.884854982068098,0.830095556446256,0.949272505841418,0.886741492818544,main,0.0174735937210519,2.11915715996,0,low,low
USA,55015,55,0.935457908569,0.918822235725,0.899022073819356,0.872608156231314,0.855664907341627,0.948265465228015,0.89128714162298,main,0.019800161905644,4.17154948265,0.416524787229,high,high
USA,55017,55,0.911915767313,0.921749133187,0.905016931089248,0.888042161642336,0.858628515405265,0.957703098012249,0.900512878882439,main,-0.0029345296502481,3.26417750175,0.301951240813,middle,middle
USA,55019,55,0.86108062876,0.883611057571,0.859457666493596,0.855184163448195,0.797475582339593,0.929854518462411,0.859140152763794,main,-0.020907466544596,2.51151152336,0,middle,low
USA,55021,55,0.912448662045,0.914715153413,0.899199567395034,0.880468971991981,0.853027594970294,0.951639906442309,0.89409416517502,main,0.0109826032819659,3.4260634785,0.161973186632,middle,middle
USA,55023,55,0.897202199803,0.900418966282,0.907116680087306,0.898224993006527,0.858609607081604,0.962209135986957,0.905350581599253,main,0.00669771380530593,2.5066267101,0.342985947983,middle,middle
USA,55025,55,0.972650872086,0.94442226983,0.932228281320957,0.908218186037859,0.901641952818811,0.966967049292768,0.925149659542802,main,0.012193988509043,5.19181250178,0.816987433167,high,high
USA,55027,55,0.902664490939,0.918509979126,0.903510630630325,0.885349574173341,0.862180746414345,0.950451513318484,0.898561258096415,main,-0.014999348495675,3.71454468356,0.353161321798,high,middle
USA,55029,55,0.939354821464,0.925239960528,0.918720435331433,0.901624415073931,0.867939422116926,0.976395544500173,0.914212080238917,main,0.00651952519656696,3.15602027986,0.268902384289,middle,middle
USA,55031,55,0.919857239014,0.920906954966,0.912946237408077,0.904446208367135,0.873290925897066,0.957985205237584,0.91124151484853,main,0.00586128565392297,2.6610946069,0.532470043985,middle,high
USA,55033,55,0.943831290697,0.926399972921,0.905557881577975,0.889359653227211,0.867220722688598,0.94909974268311,0.901238304772098,main,0.0208420913430249,3.0813501967,0.346021923854,middle,middle
USA,55035,55,0.942042265367,0.939386506147,0.925311885423946,0.900456567664388,0.890547933460968,0.964795436414393,0.918019212403452,main,0.014074620723054,4.13726200219,0.6950477584,high,high
USA,55037,55,0.909979378768,0.901045230897,0.890940334531845,0.892005269011381,0.841536924170571,0.947050815704374,0.892492604667514,main,0.010104896365155,1.47804833468,0.0341669365535,low,middle
USA,55039,55,0.927225773839,0.923938039295,0.916563531380781,0.894656597790243,0.875304014104787,0.96342449402228,0.910355438239405,main,0.00737450791421901,4.04243636083,0.580012942409,high,high
USA,55041,55,0.880395135461,0.887562743555,0.876951583798098,0.879863032728732,0.823309898617743,0.93787573345426,0.879105982997975,main,-0.00372405643109797,1.50353645157,0,low,low
USA,55043,55,0.92668695794,0.911691450619,0.898565020744306,0.886661485399575,0.854747099229957,0.948331719888572,0.895746773022261,main,0.013126429874694,2.92474933015,0.213999866413,middle,middle
USA,55045,55,0.923908043064,0.922027808563,0.909964215825676,0.892548212654487,0.862358081956612,0.964033419927642,0.905323521575926,main,0.012063592737324,3.27197943259,0.287660946376,middle,middle
USA,55047,55,0.891978895106,0.90793028919,0.891984145836537,0.872468517263644,0.836468776207331,0.955036353762799,0.886624648612084,main,-0.015946143353463,3.10316217346,0,middle,low
USA,55049,55,0.918608427444,0.91529646784,0.916825059068242,0.898416655723227,0.864061423521801,0.976751953937902,0.911875540266925,main,-0.001528591228242,2.58666726784,0,middle,low
USA,55051,55,0.911144069467,0.914438800558,0.901334663760708,0.908854528519085,0.850980266903734,0.958525238584101,0.905049791238547,main,0.00651467461529198,1.36350995956,0.152924407754,low,middle
USA,55053,55,0.88307469981,0.894122045577,0.883645385558932,0.87612378112327,0.832726612389633,0.941476957151888,0.882319483162068,main,-0.010476660018068,2.2267963281,0,low,low
USA,55055,55,0.92860785666,0.919064111434,0.911732687037025,0.888444634434226,0.872102492880084,0.956743127548027,0.905033001998734,main,0.00733142439697498,4.1210514812,0.522046692732,high,high
USA,55057,55,0.883886402849,0.891752009158,0.888422867044379,0.873787986889255,0.838684535067229,0.944913739224016,0.884705966308059,main,-0.00332914211362101,2.70734806299,0,middle,low
USA,55059,55,0.909677546685,0.924092020693,0.931338885743514,0.894548196131053,0.895132196184327,0.972461042249998,0.919999754606343,main,0.00724686505051397,5.51577620901,0.772343034237,high,high
USA,55061,55,0.924222381073,0.909069674796,0.882435231522601,0.868636905356075,0.831250428442046,0.940568949591229,0.878996067814127,main,0.026634443273399,3.20309652793,0,middle,low
USA,55063,55,0.946205459255,0.93448232276,0.930004071546294,0.9066665568632,0.895456223650607,0.969242179902106,0.923226128797949,main,0.00447825121370593,4.62817643305,0.716908724945,high,high
USA,55065,55,0.913572364332,0.893915436858,0.868810281044232,0.862040139440254,0.814117932693584,0.93092773325996,0.867714642324433,main,0.025105155813768,2.44387015039,0,middle,low
USA,55067,55,0.890627155604,0.915685820623,0.914108889963503,0.905058841915014,0.866991266403948,0.967623262965273,0.912289366892567,main,-0.00157693065949693,2.28789210676,0.381975372566,low,middle
USA,55069,55,0.903260420259,0.916375612425,0.906632888549973,0.897549275577688,0.863675287205685,0.955422469346506,0.904762825460589,main,-0.00974272387502695,2.61361185307,0.285691162875,middle,middle
USA,55071,55,0.90865179744,0.912901954367,0.9103754166581,0.89131143637846,0.867265566869122,0.959337915344853,0.905144112049313,main,-0.00252653770889999,4.00147776215,0.524052238334,high,high
USA,55073,55,0.922698415163,0.913201533548,0.906172815792901,0.890948855443957,0.861556526575142,0.956846270071343,0.902248647564495,main,0.00702871775509906,3.57219363576,0.45102573257,high,high
USA,55075,55,0.893445448145,0.90815558323,0.904160178944014,0.894767889960902,0.856217234586293,0.958611919361679,0.902219882404146,main,-0.00399540428598599,2.52642787699,0.230506500274,middle,middle
USA,55077,55,0.886782557412,0.897015164187,0.877302029617973,0.871763003421529,0.822813378950226,0.939188129890226,0.876632278854638,main,-0.00075207898097307,2.67103332521,0,middle,low
USA,55078,55,0.840871860399,0.858596786314,0.826148716276643,0.824466412872375,0.764558076403454,0.896100980983403,0.82663438622702,main,-0.0030017817926431,1.70646920631,0,low,low
USA,55079,55,0.905442701973,0.927822657463,0.927745540934688,0.890723605776967,0.892385888144028,0.967905665866724,0.91631099128061,main,-7.71165283119934e-05,7.35698304897,0.990104969783,high,high
USA,55081,55,0.892436343196,0.894535641551,0.891499660282004,0.876835239016841,0.841607388689379,0.948165371118176,0.887776970500819,main,-0.00116261544100404,3.0413974579,0.373582221633,middle,middle
USA,55083,55,0.902817061272,0.908562778413,0.884482776121515,0.866805658045104,0.834930931149874,0.940761843578867,0.879732549361302,main,0.0125885680094849,2.77360543861,0,middle,low
USA,55085,55,0.919845436692,0.92771215986,0.916696244476469,0.908304393733312,0.867417315648228,0.972665344342233,0.915112136100749,main,-0.00471753095246896,2.6059430559,0.196972658738,middle,middle
USA,55087,55,0.928942094595,0.927700004718,0.919187214323839,0.891725143331002,0.879588281012047,0.964162149976969,0.911073696618401,main,0.00851279039416097,4.72371937942,0.675912939922,high,high
USA,55089,55,0.966723578876,0.91940783426,0.920264537883447,0.895636426722304,0.877666071498261,0.968646227094891,0.913149915435818,main,-0.00085670362344703,5.0089231395,0.613866362124,high,high
USA,55091,55,0.913432763979,0.906193547452,0.885722324699562,0.872330925432193,0.830607911222914,0.948319142148029,0.882423942495237,main,0.020471222752438,2.61462910276,0,middle,low
USA,55093,55,0.948612167721,0.919469218985,0.889520538415033,0.869626756830449,0.849521126147711,0.934950322564046,0.883958489276873,main,0.029948680569967,3.39886698697,0.275727926553,middle,middle
USA,55095,55,0.907694244893,0.91786087873,0.890492505723458,0.878181043535076,0.83910930597362,0.948851555049486,0.887565248845403,main,0.00703510533254204,3.01083760921,0,middle,low
USA,55097,55,0.946161787859,0.920108222575,0.917979382231969,0.898026420418449,0.881971527633133,0.958875709687024,0.912365102685677,main,0.00212884034303107,3.57285646723,0.530310608294,high,high
USA,55099,55,0.894644369771,0.904904925798,0.894438951159944,0.892286892796147,0.844688884379501,0.950943151274928,0.89492220194236,main,-0.0100551374159439,1.6591318095,0,low,low
USA,55101,55,0.909683385885,0.916900338399,0.919199331904949,0.888329374480842,0.878907131520119,0.964961653464535,0.909932175914965,main,0.00229899350594898,5.45145486143,0.746903499353,high,high
USA,55103,55,0.90566346854,0.893335494597,0.888217496064358,0.877693453835515,0.832778768083866,0.95118265737267,0.885887979659717,main,0.00511799853264205,2.56724421313,0,middle,low
USA,55105,55,0.908949699515,0.925502857655,0.916240540085469,0.897995775136303,0.874457298403271,0.963696328635119,0.911278313070917,main,-0.009262317569531,4.50627854967,0.626018796833,high,high
USA,55107,55,0.884249576095,0.899429976262,0.88738705782226,0.884416839879986,0.832692656324639,0.949506841922845,0.887591794703081,main,-0.01204291843974,1.97784593217,0,low,low
USA,55109,55,0.942223434946,0.926027241975,0.902335255287251,0.883163117066764,0.856623885808159,0.954252459337957,0.897080597876182,main,0.023691986687749,3.93385115492,0.327000573352,high,middle
USA,55111,55,0.905261873131,0.913686259296,0.907885133506833,0.89188153071312,0.861831116943984,0.960191502852027,0.903709955241063,main,-0.00580112578916703,3.44149526516,0.448263889225,middle,high
USA,55113,55,0.902486631592,0.913946079314,0.896820477924221,0.891042989043191,0.841034704986929,0.960179799460989,0.896097047715782,main,-0.00579329405422091,1.82086713355,0,low,low
USA,55115,55,0.89612533116,0.907267361151,0.89261380125315,0.880096444071633,0.842252705333314,0.949811984612835,0.889617755081042,main,-0.00763050008415,2.97181006528,0.198465586263,middle,middle
USA,55117,55,0.919496685231,0.914889801907,0.916072865844214,0.894024543804803,0.874428344938155,0.963371100705952,0.909820589809013,main,-0.00118306393721401,4.49906995839,0.622638301807,high,high
USA,55119,55,0.901018797502,0.893743977572,0.88116510194126,0.870914906421407,0.826610415596766,0.943126202979043,0.878918898464562,main,0.01257887563074,2.24330978671,0,low,low
USA,55121,55,0.90237807737,0.895837733984,0.87428799613079,0.861233853229758,0.818283644566905,0.937895570810863,0.871083557535965,main,0.02154973785321,2.81442796197,0,middle,low
USA,55123,55,0.891730845403,0.889914801845,0.875546893446753,0.865293191361596,0.816106355156986,0.943057156001568,0.873271634535976,main,0.0143679083982471,2.77127422486,0,middle,low
USA,55125,55,0.903246018224,0.929047695608,0.902932584507387,0.897027303614748,0.845860327745833,0.967753044574313,0.902172576460173,main,-0.0254882436673871,2.38127896666,0,low,low
USA,55127,55,0.935169026223,0.925110452149,0.911449800092081,0.888845240701459,0.869044472445776,0.959612129799953,0.90501260333001,main,0.013660652056919,4.32315060328,0.343092745684,high,middle
USA,55129,55,0.902788992999,0.912344565226,0.895007897169247,0.887767744461578,0.839374581335467,0.958194063829182,0.893791493463812,main,-0.00177447639724715,2.17238503133,0,low,low
USA,55131,55,0.941322773554,0.917282138242,0.912810909228628,0.886466001732562,0.869933620613773,0.961509273935831,0.905108323945514,main,0.00447122901337205,4.8320074373,0.488219873532,high,high
USA,55133,55,0.958734648536,0.932289597425,0.929669782858982,0.90401946660148,0.890712281977145,0.973916204386849,0.92217272223461,main,0.0026198145660179,5.66934589542,0.738023687294,high,high
USA,55135,55,0.900036358068,0.913567390181,0.895624775679945,0.879411465838813,0.846740564292178,0.951145570755609,0.891380562833795,main,-0.00911944972494505,3.3487932661,0.0997720195176,middle,middle
USA,55137,55,0.891930284869,0.90335869499,0.889492623223187,0.881255777471098,0.837908871462414,0.948079451760232,0.887934982735625,main,-0.0089907484751871,2.80864842749,0,middle,low
USA,55139,55,0.935008921724,0.935070570913,0.92582303255683,0.899837942220984,0.89134787601217,0.964978580889897,0.918141750351066,main,0.00912423997816991,5.03811659333,0.793876862446,high,high
USA,55141,55,0.910499771211,0.912227972502,0.908629747704349,0.89229418320823,0.862578320042869,0.96093317667558,0.904343169525997,main,0.000141822215650955,3.62967502201,0.503813603082,high,high
USA,56001,56,0.967885224218,0.91766309818,0.921441309170304,0.948199905464723,0.900747669462736,0.945039556525874,0.931074317436558,main,-0.00377821099030395,1.49211448872,0.78487904755,low,high
USA,56003,56,0.878390490736,0.876770529198,0.866173199861462,0.868283227020609,0.806806252365255,0.933873030899322,0.868106151105228,main,0.010597329336538,0.899600552426,0,low,low
USA,56005,56,0.905947569775,0.889616562996,0.887958952610976,0.893802424825494,0.843632937638804,0.938506670672266,0.891136310500741,main,0.00165761038502399,1.6380553403,0.480508733366,low,high
USA,56007,56,0.894135808007,0.8859614299,0.894014499883993,0.905666421963355,0.849513698777733,0.944761537469776,0.899125439681086,main,-0.00805306998399291,0.581075862324,0.476745261681,low,high
USA,56009,56,0.90049594539,0.879580771719,0.879977776970976,0.893915979267803,0.83174130535806,0.934984832509171,0.885856097134441,main,-0.000397005251976057,0.843734728675,0.37646216234,low,middle
USA,56011,56,0.91366249495,0.885250479271,0.865257313109769,0.878385036740357,0.807002355153696,0.931689073155976,0.870850444308726,main,0.0199931661612309,0.706468442779,0,low,low
USA,56013,56,0.88146180983,0.894978164209,0.885908625052279,0.90002461756214,0.834844897590927,0.944139776679501,0.891864395970573,main,-0.00906953915672104,1.01762030351,0.400068538856,low,middle
USA,56015,56,0.918280276865,0.89756677412,0.889335327196402,0.893440473633451,0.842795334775228,0.942407781757385,0.891953477421969,main,0.00823144692359801,1.21245089488,0.435307885164,low,high
USA,56017,56,0.905177571938,0.890863543455,0.878539339088639,0.88556260495275,0.822659313515966,0.942262815689874,0.882139184159402,main,0.0123242043663609,0.65825934873,0,low,low
USA,56019,56,0.92165318374,0.880950577612,0.877047969308081,0.875805950860785,0.818201481920514,0.944154287239694,0.877883812455137,main,0.00390260830391898,0.617903513933,0,low,low
USA,56021,56,0.916172141677,0.915064626046,0.915663106480628,0.916844292103536,0.876295384700459,0.960556573725735,0.917254151704434,main,-0.000598480434627957,2.69628672013,0.747347405364,middle,high
USA,56023,56,0.908209996935,0.900213979258,0.867537314992732,0.873291829013475,0.809530810116069,0.933685748504456,0.870691897420136,main,0.0326766642652679,1.05001083421,0,low,low
USA,56025,56,0.912337866716,0.897997116574,0.909970431614452,0.930255166774147,0.87094410665769,0.954474582779883,0.917879311387103,main,-0.011973315040452,1.90724160739,0.764404528458,low,high
USA,56027,56,0.901039963756,0.890991050099,0.880930138332013,0.87941760992298,0.831835782635216,0.936915492569708,0.881680141020756,main,0.0100609117669871,0.31644353756,0,low,low
USA,56029,56,0.939925690571,0.903092393508,0.904213625651774,0.922014101177501,0.857713480289376,0.957240640127655,0.911381710865523,main,-0.00112123214377402,0.967239840411,0.476584569346,low,high
USA,56031,56,0.915864534933,0.902720819962,0.892936712204296,0.894741786775237,0.841978940281718,0.951047036125611,0.894815809693608,main,0.009784107757704,0.96128945851,0,low,low
USA,56033,56,0.92936109658,0.910143183783,0.910673128275683,0.920024409790032,0.86661665609208,0.96091346989245,0.91503327567605,main,-0.000529944492683065,1.7285048333,0.584683055283,low,high
USA,56035,56,0.926471596932,0.896427491466,0.872842693477025,0.879874190768947,0.820517645028215,0.932512208054282,0.876437618157936,main,0.0235847979889749,0.68149785963,0,low,low
USA,56037,56,0.911072660709,0.891646026636,0.896984763240595,0.922294487465727,0.857302493087784,0.942236929603295,0.906542022392706,main,-0.00533873660459494,1.00065453303,0.752356756694,low,high
USA,56039,56,0.978932837359,0.937112792364,0.918769790692419,0.927658908958302,0.882221611381564,0.960447957895548,0.922882937076824,main,0.018343001671581,1.15765896102,0.431878426806,low,high
USA,56041,56,0.889008177075,0.902506096079,0.881740984062867,0.889102222106319,0.83128374895356,0.939280514653621,0.885452835502238,main,-0.00623072599186703,1.61746727514,0.497048701736,low,high
USA,56043,56,0.901466239711,0.894893569634,0.880330719786459,0.880010876143519,0.823927578641088,0.944650737685141,0.881487414212612,main,0.014562849847541,0.915965833789,0,low,low
USA,56045,56,0.901569427613,0.888469289038,0.877142213813699,0.876318398197204,0.825947755543249,0.935522445932011,0.878124793964397,main,0.0113270752243011,0.789711178711,0,low,low
Indonesia,ID1101,ID11,0.6603,0.670129964923,0.660569702403325,0.734644265049738,0.605279316828796,0.648663598918469,0.660720047872271,main,-0.00956026251967501,3.76789646251,0.349151676982,low,low
Indonesia,ID1102,ID11,0.6894,0.671526543547,0.665711576341511,0.721081015477936,0.637623871626926,0.642515516289898,0.666004887952253,main,0.00581496720548902,4.16616460159,0.570324827732,low,low
Indonesia,ID1103,ID11,0.6712,0.675628722528,0.670755526293942,0.750086721431727,0.603774563579396,0.666515151118954,0.670808832135851,main,-0.00398424882194193,3.93771988192,0.700314424232,low,middle
Indonesia,ID1104,ID11,0.6937,0.706315618141,0.670850802353019,0.738237278786776,0.619071972350379,0.660971779542824,0.670975522643283,main,0.010233579505981,3.84429533702,0.830331756417,low,middle
Indonesia,ID1105,ID11,0.6763,0.696052268715,0.671079333953946,0.738999943140444,0.626251686750769,0.65366538620514,0.671299412751129,main,-0.014531602668946,4.11127717434,0.663539689675,low,middle
Indonesia,ID1106,ID11,0.7324,0.725192454346,0.681652813414404,0.746776310229988,0.633676447534406,0.669759220351613,0.681803039604223,main,0.043539640931596,3.7517720052,0.687995283589,low,middle
Indonesia,ID1107,ID11,0.7138,0.714916626745,0.688289792720446,0.75818089628478,0.630963211924536,0.681852920722116,0.688370938440611,main,0.024393580534554,3.99664291255,0.596660597165,low,low
Indonesia,ID1108,ID11,0.7356,0.723288324914,0.695318243934393,0.756149965087535,0.647028155536265,0.687396143689352,0.695418226515382,main,0.027970080979607,5.04675103028,0.849359490429,middle,middle
Indonesia,ID1109,ID11,0.7063,0.706957369692,0.692994737014204,0.765328704218124,0.641057205763624,0.678860693387594,0.693173286057457,main,0.0126478932937961,4.84357092549,0.893609458368,middle,middle
Indonesia,ID1110,ID11,0.7228,0.713940828259,0.699627365753212,0.764149064310452,0.645871622837493,0.69407496826705,0.699697341406699,main,0.0143134625057879,5.50327194565,0.912114386466,middle,middle
Indonesia,ID1111,ID11,0.6933,0.708229178173,0.689592708670744,0.760263688679081,0.621256068909176,0.694119486560333,0.689535097120464,main,-0.0112218868437439,5.32110298847,0.797040097787,middle,middle
Indonesia,ID1112,ID11,0.6675,0.713151114028,0.701189596966878,0.765891337167651,0.668331546039833,0.674488386754426,0.701527227688597,main,-0.011961517061122,4.04445486722,0.705294495051,low,middle
Indonesia,ID1113,ID11,0.6722,0.702966348099,0.668975625392851,0.729487765972874,0.635732865314256,0.646389448613106,0.669261195747702,main,-0.0275419734918511,2.82919045871,0.595381487307,low,low
Indonesia,ID1114,ID11,0.6924,0.70238161747,0.68132231776922,0.749607059347018,0.624779506413282,0.675518520902845,0.681395458603748,main,0.00109606476077995,4.72729613918,0.669482566844,middle,middle
Indonesia,ID1115,ID11,0.6918,0.687979206924,0.68409399278792,0.757497662539692,0.616655522209035,0.685319719160561,0.684078146578625,main,0.00388521413608001,3.81790316336,0.558022353891,low,low
Indonesia,ID1116,ID11,0.6975,0.691203063825,0.672851420182006,0.730289016904993,0.659049942633408,0.634290995708418,0.673339172099995,main,0.0183516436429939,2.93561031095,0.433329119072,low,low
Indonesia,ID1117,ID11,0.7298,0.716192528396,0.686508991953559,0.745482782376454,0.654167338591032,0.664271633735601,0.686790154190972,main,0.029683536442441,4.12421755856,0.568149461082,low,low
Indonesia,ID1118,ID11,0.732,0.701202022734,0.688778645272227,0.761467910430681,0.635687719339032,0.675553179897036,0.688945693990298,main,0.012423377461773,5.00050718603,0.903400397407,middle,middle
Indonesia,ID1171,ID11,0.8541,0.803909772796,0.777650264936701,0.784525423992873,0.766548757481999,0.781838938767696,0.777597222835986,main,0.026259507859299,8.1851429651,0.998965436615,high,high
Indonesia,ID1172,ID11,0.7578,0.735101762039,0.737663528670959,0.760789116729386,0.741817720459378,0.712168899965491,0.737986073543715,main,-0.00256176663195895,5.57272060009,0.825673134442,middle,middle
Indonesia,ID1173,ID11,0.7717,0.772535274426,0.732337622678615,0.77608534120608,0.691928983047989,0.731446783575938,0.732348695786141,main,0.0385271028953851,6.67190163328,0.973863584293,high,high
Indonesia,ID1174,ID11,0.7731,0.767675388948,0.745590228386396,0.771999355046141,0.72065029773284,0.745025917862402,0.745597247996271,main,0.022085160561604,6.89283485079,0.937484551518,high,high
Indonesia,ID1175,ID11,0.6493,0.682741578131,0.67820329919623,0.718260103376403,0.673459639603072,0.646052000131058,0.67861001421333,main,-0.00453827893476999,4.06584397673,0.552285117673,low,low
Indonesia,ID1202,ID12,0.6679,0.681207012117,0.673936450505133,0.736792800763497,0.62909035072301,0.661157972208093,0.67419865043266,main,-0.00727056161186701,4.19291447024,0.669238782491,low,middle
Indonesia,ID1203,ID12,0.7012,0.70569899255,0.707250633814494,0.757798602841331,0.662393762908807,0.704587661268037,0.707188228072144,main,0.00155164126449403,4.79621146541,0.7800534663,middle,middle
Indonesia,ID1204,ID12,0.6923,0.697833471617,0.689009185827013,0.752707922316626,0.63527985290671,0.683989371806274,0.68899114603832,main,-0.00224265744401297,5.01736126227,0.784687155938,middle,middle
Indonesia,ID1205,ID12,0.7347,0.67123653023,0.670793742880436,0.746113212210957,0.63081178196505,0.643446742996888,0.671540760093912,main,0.000442787349563933,4.36676734833,0.55855883193,low,low
Indonesia,ID1206,ID12,0.7516,0.678063667619,0.690637447755772,0.753049019781131,0.655958702542911,0.668608150477272,0.691231950380086,main,-0.0125737801367719,4.39064919241,0.621238217797,low,low
Indonesia,ID1207,ID12,0.7201,0.721389200869,0.720566357025332,0.763763961885744,0.675431355096832,0.72441726413048,0.720293878612872,main,-0.000822843843668042,4.92392219637,0.74622978999,middle,middle
Indonesia,ID1208,ID12,0.7029,0.729007813857,0.714276355977057,0.77118623082609,0.655675896853294,0.71958379475581,0.713909706393681,main,-0.014731457879943,5.44573860409,0.823744195135,middle,middle
Indonesia,ID1209,ID12,0.7325,0.7312179364,0.703485189514437,0.784327860908783,0.624039837731493,0.709856397727532,0.703007814859273,main,0.027732746885563,5.47950550972,0.722586956695,middle,middle
Indonesia,ID1210,ID12,0.7157,0.69630425519,0.690314388822851,0.753133828325641,0.646223113599971,0.67675794124586,0.690604389480422,main,0.00598986636714904,5.06623129099,0.649808589644,middle,middle
Indonesia,ID1211,ID12,0.7443,0.722720736783,0.703087359693695,0.771693581884212,0.63928695070344,0.703795281689818,0.702849531379733,main,0.019633377089305,5.2009841844,0.633807873916,middle,low
Indonesia,ID1212,ID12,0.7544,0.760661798792,0.735370824612642,0.789779520101001,0.677527688788323,0.741942016765484,0.734966640812841,main,0.0127673765953579,6.53437114324,0.930096371089,high,high
Indonesia,ID1213,ID12,0.71,0.723552137933,0.690973769810165,0.771623960677571,0.601077234103926,0.708583408367392,0.690095170007097,main,0.00547409225683493,5.08136447913,0.754712126126,middle,middle
Indonesia,ID1215,ID12,0.6887,0.672762807423,0.673143316985798,0.740606849231309,0.63899048383842,0.646652596034968,0.67388281290249,main,-0.000380509562798004,4.39621172588,0.580325277785,low,low
Indonesia,ID1216,ID12,0.6759,0.654939776234,0.652559833825994,0.707149669216246,0.671108784530388,0.591033596522128,0.654594187836698,main,0.00237994240800599,2.506451115,0,low,low
Indonesia,ID1217,ID12,0.7063,0.676429276271,0.683622429448117,0.746292671384594,0.661498296019481,0.650026383702036,0.684630585385098,main,-0.007193153177117,4.44958459917,0.406774813014,middle,low
Indonesia,ID1218,ID12,0.7024,0.716723131464,0.706015968423485,0.769355550129492,0.642521500147026,0.710804318236681,0.705648253720954,main,-0.010707163040515,5.60595574094,0.708507209914,middle,middle
Indonesia,ID1219,ID12,0.6836,0.740830984129,0.734683985350982,0.775947542133917,0.677884456987088,0.751642136800179,0.733949849077282,main,-0.00614699877801794,6.10296919947,0.852412618932,middle,middle
Indonesia,ID1220,ID12,0.6985,0.681522221413,0.669149571035015,0.731965916527292,0.611501760239415,0.668841559398016,0.668965838196033,main,0.012372650377985,4.32617862741,0.471934688934,low,low
Indonesia,ID1221,ID12,0.6825,0.680210561294,0.674954439003986,0.734225601027832,0.628984131636741,0.666198005959536,0.675083531508482,main,0.00525612229001404,3.99075758325,0.477792187582,low,low
Indonesia,ID1222,ID12,0.714,0.697668332288,0.698210716498766,0.747361296907985,0.644842293421421,0.705069913857903,0.697812535595845,main,-0.000542384210766023,4.31938291095,0.415720099685,low,low
Indonesia,ID1223,ID12,0.7161,0.699737309519,0.693706253561956,0.754797595349302,0.6164011300377,0.714615828818701,0.69276965339373,main,0.00603105595704401,4.88528428465,0.625762969802,middle,low
Indonesia,ID1271,ID12,0.7363,0.781703400003,0.796134181785163,0.784203827784709,0.810090180467497,0.794599041274913,0.796226792976228,main,0.0144307817821631,8.66030505269,0.998350230318,high,high
Indonesia,ID1272,ID12,0.6865,0.773337807019,0.769670388180224,0.780846868153361,0.754095680235703,0.773774896429736,0.769488831018702,main,-0.00366741883877597,8.39942611058,0.993200276839,high,high
Indonesia,ID1273,ID12,0.7875,0.792392178026,0.774971670605337,0.805748212698874,0.742780274254099,0.777149606805013,0.774797328775665,main,0.00763615136866291,8.45745024271,0.990635362255,high,high
Indonesia,ID1274,ID12,0.7517,0.780892379129,0.76293250478765,0.786551252418494,0.736057507187571,0.766441375586827,0.762733061378533,main,-0.01795987434135,8.73597279628,0.999433871768,high,high
Indonesia,ID1275,ID12,0.8098,0.82034966573,0.792633981909775,0.829937585625323,0.727544977072545,0.82119331528009,0.791498741034274,main,0.00661635236022495,9.10040694361,0.999063377674,high,high
Indonesia,ID1276,ID12,0.7589,0.78835518803,0.763596842181174,0.786673433603606,0.735388643968127,0.768843244388592,0.763337155037294,main,-0.0247583458488261,8.29650011518,0.992161453187,high,high
Indonesia,ID1277,ID12,0.7522,0.740747668698,0.7455930817834,0.77500565246735,0.723146087357652,0.73989257280955,0.745704091894647,main,-0.00484541308539999,7.63488818967,0.985731997034,high,high
Indonesia,ID1278,ID12,0.6931,0.728001633307,0.727243623119721,0.74796180195587,0.726054954280921,0.70987763471716,0.727797906488187,main,-0.000758010187278946,5.91915404992,0.825433451893,middle,middle
Indonesia,ID1302,ID13,0.699,0.670961665857,0.678795650895954,0.759907830191101,0.608081441949694,0.67692850585044,0.678820825073262,main,-0.00783398503895394,4.32701833565,0.773321610199,low,middle
Indonesia,ID1303,ID13,0.6908,0.681328676965,0.683763048086497,0.763591457457123,0.60402511850175,0.692500384770897,0.68356322981441,main,-0.00243437112149703,4.74131857164,0.75997588976,middle,middle
Indonesia,ID1304,ID13,0.6774,0.687524711542,0.669673714947777,0.750597823785701,0.589769879882945,0.677850413684084,0.669485617852185,main,-0.00239842648977706,4.23905013227,0.505675293841,low,low
Indonesia,ID1305,ID13,0.7233,0.7140636008,0.707341733103003,0.786305486996173,0.633312148702038,0.710446297797175,0.707261677781244,main,0.00672186769699701,5.6151443315,0.855550129983,middle,middle
Indonesia,ID1306,ID13,0.7061,0.699115400904,0.702218760474544,0.776508472183701,0.642177665625912,0.694835656180579,0.702362254299097,main,-0.00310335957054397,5.13995990469,0.623902710669,middle,low
Indonesia,ID1307,ID13,0.7246,0.740591003099,0.715638713419907,0.787367124069807,0.654495256501363,0.711437428091996,0.715715072492779,main,-0.00702971651890694,5.60320827079,0.842304862275,middle,middle
Indonesia,ID1308,ID13,0.6947,0.706133876161,0.706181552569951,0.771350447079414,0.65944668849658,0.693118977745028,0.706447250404321,main,4.76764089509807e-05,4.78313812859,0.718474262768,middle,middle
Indonesia,ID1309,ID13,0.6664,0.672648813445,0.687197755210787,0.747049709352308,0.638829600650469,0.680399429107847,0.687331357286042,main,0.0145489417657869,4.33086495897,0.761954006655,low,middle
Indonesia,ID1310,ID13,0.6904,0.678009188469,0.674135646645386,0.747330201159419,0.611707014924132,0.670370795591734,0.674202502427786,main,0.00387354182361399,3.79508392643,0.599043759777,low,low
Indonesia,ID1311,ID13,0.7151,0.708454045579,0.680706708044343,0.753296577879587,0.612090359663315,0.683827878232003,0.680627426429606,main,0.0277473375346571,4.30874200574,0.501046362815,low,low
Indonesia,ID1312,ID13,0.6849,0.667054308789,0.674537682852484,0.748632941119754,0.597095992776903,0.685830274602729,0.674284609795198,main,-0.00748337406348409,4.63910362129,0.709488210158,middle,middle
Indonesia,ID1371,ID13,0.8282,0.773582055785,0.760765471973847,0.804992367282476,0.705709885076684,0.77416473148873,0.760472969357099,main,0.0128165838111529,7.4043544582,0.993899773998,high,high
Indonesia,ID1372,ID13,0.7829,0.745435318917,0.761820084987492,0.772066281580097,0.752306191589195,0.761247060756593,0.761830373536353,main,-0.016384766070492,6.93923040523,0.96700359351,high,high
Indonesia,ID1373,ID13,0.7264,0.728095660094,0.737295527619778,0.771255171529488,0.701268370842788,0.740798547352843,0.737214984819612,main,0.00919986752577806,5.92688288823,0.881787489014,middle,middle
Indonesia,ID1374,ID13,0.7793,0.796983405944,0.781778909863151,0.782525477149771,0.78606806983956,0.777069019265855,0.781878753716345,main,-0.015204496080849,7.68862915347,0.98050725197,high,high
Indonesia,ID1375,ID13,0.8058,0.80652283594,0.788583589378338,0.798813941762401,0.767534373461395,0.799146007778942,0.788357496105605,main,0.016493574681662,9.06526787742,0.998758607828,high,high
Indonesia,ID1376,ID13,0.789,0.761516576371,0.762670838445859,0.784727416517775,0.744268832622211,0.759735379477363,0.762729136040803,main,-0.00115426207485902,7.48500011102,0.982124054545,high,high
Indonesia,ID1377,ID13,0.769,0.729236231346,0.759153219616158,0.782243646328433,0.733582358053785,0.762216833159657,0.759083968610727,main,-0.029916988270158,7.13721516327,0.992955847186,high,high
Indonesia,ID1401,ID14,0.7031,0.706936240632,0.702479727270878,0.76766890267507,0.61045352688194,0.736231247546393,0.701369593283209,main,-0.00321596790287815,4.38950084758,0.64146651848,low,low
Indonesia,ID1402,ID14,0.6983,0.702273902104,0.717310241278926,0.753810219947036,0.67068074290511,0.728827571872397,0.716914807467548,main,0.015036339174926,4.17744655561,0.627614337045,low,low
Indonesia,ID1403,ID14,0.6654,0.692976361825,0.694339557400334,0.765161468772745,0.600256109412368,0.725562578124865,0.693300508636484,main,0.00136319557533404,4.1583361796,0.595849252996,low,low
Indonesia,ID1404,ID14,0.7156,0.696832064232,0.700712117987128,0.747500298532206,0.637059682202018,0.720445563034693,0.700052945679517,main,-0.00388005375512801,3.8139572871,0.591556861574,low,low
Indonesia,ID1405,ID14,0.7368,0.729067560724,0.727307752712988,0.766128598086511,0.667113947004982,0.750416833019741,0.726554316419031,main,0.00175980801101205,3.99988584866,0.625712685153,low,low
Indonesia,ID1406,ID14,0.7283,0.708587235287,0.691913876301888,0.762963984341621,0.592462079999198,0.728948566600701,0.690696349961184,main,0.0166733589851119,4.5822355754,0.62745625875,middle,low
Indonesia,ID1407,ID14,0.6938,0.685788085619,0.679832779555382,0.752799977070473,0.592196603981782,0.702382719030807,0.679057331630335,main,0.00595530606361794,4.58928730073,0.559334686867,middle,low
Indonesia,ID1408,ID14,0.7346,0.746604838612,0.742635974926632,0.77552756077636,0.684934951875458,0.768465853720024,0.741806065176011,main,-0.00396886368536797,4.33471191,0.756575184708,low,middle
Indonesia,ID1409,ID14,0.6915,0.699594000909,0.698037654686398,0.757881653574793,0.613365141386895,0.728519607591405,0.697033915256402,main,-0.00155634622260203,4.46664277861,0.60459695493,middle,low
Indonesia,ID1410,ID14,0.655,0.71789296204,0.707134361086416,0.766069875507821,0.628461939686325,0.731871214574705,0.706307813734307,main,-0.0107586009535839,4.08517720352,0.681123451677,low,middle
Indonesia,ID1471,ID14,0.8132,0.799387106173,0.773931181570896,0.799723807753632,0.724781239325,0.797436678156006,0.773180795827781,main,0.025455924602104,7.46396216269,0.98555060263,high,high
Indonesia,ID1473,ID14,0.744,0.767365329696,0.744944209756879,0.768927677632715,0.703005563149437,0.762976549183589,0.74436363558477,main,-0.022421119939121,5.25882993102,0.899015992565,middle,middle
Indonesia,ID1501,ID15,0.7121,0.710149296749,0.716054598340034,0.776782892123948,0.65692415622166,0.719081503140843,0.715919734252024,main,0.00200389508903409,4.3326166996,0.783707656492,low,middle
Indonesia,ID1502,ID15,0.6919,0.677783643327,0.674550942514413,0.748364371707587,0.604769748240052,0.677744827386016,0.674408638610339,main,0.00323270081258697,4.07576964493,0.550949950258,low,low
Indonesia,ID1503,ID15,0.6986,0.679968938403,0.676675106929644,0.746950456917233,0.610054553744676,0.67956663815513,0.676546274426695,main,0.00329383147335593,3.91475369592,0.507913352085,low,low
Indonesia,ID1504,ID15,0.6984,0.683388020652,0.687211868321599,0.757596155233169,0.610106415406813,0.700354528028194,0.686626295622094,main,-0.00382384766959898,3.80312324767,0.46265911792,low,low
Indonesia,ID1505,ID15,0.6918,0.694614702369,0.691584668524029,0.753502258926258,0.623180434511881,0.702891492050256,0.691080891714548,main,-0.00259937089302908,4.02003118923,0.544066207634,low,low
Indonesia,ID1506,ID15,0.6443,0.682338150163,0.684246817804163,0.772440677913643,0.590090332734327,0.700595005407369,0.683518422444279,main,0.00190866764116293,3.90195595926,0.407987242172,low,low
Indonesia,ID1507,ID15,0.6754,0.706968064441,0.703975228358815,0.763832292615827,0.628563433125053,0.723903495189252,0.703087322161373,main,-0.00299283608218504,4.24537090734,0.602634819589,low,low
Indonesia,ID1508,ID15,0.6914,0.686234172451,0.675340933139303,0.753949514944335,0.593706133488585,0.68657699197944,0.674840309258468,main,0.0108932393116971,4.09595908533,0.513352810223,low,low
Indonesia,ID1509,ID15,0.6992,0.708429465919,0.689398354926107,0.75297261216304,0.626246961680024,0.69419567014007,0.68918461000058,main,0.000572179154893049,4.40410944567,0.65515114032,low,middle
Indonesia,ID1571,ID15,0.7837,0.771687052683,0.759818197998984,0.797007124947633,0.706860860612201,0.776368453199776,0.759080799494284,main,0.011868854684016,8.49316419906,0.997441946683,high,high
Indonesia,ID1572,ID15,0.7542,0.764298733976,0.771759337753576,0.800131062178367,0.738404716430063,0.77727570008089,0.77151355560205,main,0.00746060377757596,5.67648645729,0.978156561086,middle,high
Indonesia,ID1601,ID16,0.6932,0.686275507391,0.686383731310516,0.749115587088547,0.635526612688798,0.67853052832602,0.68614724259293,main,-0.000108223919516037,4.1656925118,0.561061980921,low,low
Indonesia,ID1602,ID16,0.6682,0.647825261928,0.661685793542579,0.750286992380994,0.580110700767055,0.663560772151913,0.661007416876427,main,-0.0138605316145789,3.76358818105,0.461591861057,low,low
Indonesia,ID1603,ID16,0.6874,0.695610294841,0.706079123825936,0.768728059006619,0.634952424242434,0.718771907306693,0.70529099336535,main,0.010468828984936,4.48480218076,0.569309645356,middle,low
Indonesia,ID1604,ID16,0.6744,0.693884674553,0.684043048876828,0.757846234170683,0.616949256405421,0.683075365393139,0.683543862849779,main,-0.00984162567617197,4.37045535744,0.645237941437,low,low
Indonesia,ID1605,ID16,0.6679,0.663883977418,0.666988092226659,0.757364836573352,0.574973730250836,0.678489780220261,0.666037706958422,main,-0.00310411480865902,4.19528359899,0.432268415845,low,low
Indonesia,ID1606,ID16,0.6769,0.676744206156,0.689951929229569,0.76321741126785,0.616164613996596,0.696310335037834,0.689259278895035,main,0.0128961353855691,3.66964645689,0.328993513165,low,low
Indonesia,ID1607,ID16,0.6674,0.654022152397,0.658531338844959,0.748625886156832,0.58200888173339,0.653911530005766,0.658018063605154,main,-0.00450918644795895,3.5550188739,0.326478054324,low,low
Indonesia,ID1608,ID16,0.653,0.661721615125,0.650172418327433,0.752026745124022,0.557590777262532,0.65303986390904,0.649375930138999,main,-0.005894033452433,4.34353729759,0.307233265009,low,low
Indonesia,ID1609,ID16,0.6928,0.651160470367,0.669037414326831,0.763470952341772,0.579982366934449,0.673886277926635,0.668238213129462,main,-0.017876943959831,5.40141948321,0.776996888278,middle,middle
Indonesia,ID1610,ID16,0.6706,0.664722528043,0.676121072498124,0.751137188339928,0.610875620638425,0.67231162082411,0.675690104153681,main,-0.000356399458875889,5.19333724932,0.71553641576,middle,middle
Indonesia,ID1611,ID16,0.6525,0.669212667294,0.660663210286009,0.754128759481479,0.572402757182653,0.665616570326136,0.659868071703197,main,-0.00854945700799092,4.52407818832,0.721662031127,middle,middle
Indonesia,ID1612,ID16,0.647,0.677501633103,0.680273643207112,0.7491560631755,0.615834979456597,0.680839583863009,0.679767635029577,main,0.00277201010411199,4.6103024035,0.662202034023,middle,middle
Indonesia,ID1671,ID16,0.7833,0.778242947399,0.785478398958204,0.816147068608166,0.734847958785871,0.805700897246225,0.784717349879302,main,-0.00287865364279594,8.65148326742,0.996398055453,high,high
Indonesia,ID1672,ID16,0.7455,0.728165447397,0.738141487310831,0.760438087943542,0.726405766309285,0.728371351077029,0.738241859133573,main,-0.009976039913831,6.0546527764,0.871573660578,middle,middle
Indonesia,ID1673,ID16,0.6831,0.685653084128,0.68803005175195,0.753014285045349,0.639295093811815,0.676153212100889,0.687886153120682,main,0.00237696762395001,5.79948391235,0.828584872423,middle,middle
Indonesia,ID1674,ID16,0.7478,0.740851952526,0.726216872863128,0.761654184531988,0.698937089638506,0.719251227655439,0.726148610245359,main,0.014635079662872,6.22092087221,0.944041709664,middle,high
Indonesia,ID1701,ID17,0.7063,0.697654782741,0.705346090098685,0.761984775065791,0.660975751967334,0.696467478606584,0.705251829059405,main,-0.00769130735768497,4.81694546262,0.712518085442,middle,middle
Indonesia,ID1702,ID17,0.7044,0.725908436472,0.707343973792241,0.765770531087047,0.650869031683357,0.708803949448532,0.706924112915074,main,-0.018564462679759,5.13193898616,0.750455832502,middle,middle
Indonesia,ID1703,ID17,0.6882,0.678163356927,0.669641621019069,0.74741345553098,0.613980850702992,0.654272589299781,0.66961445686303,main,0.00852173590793104,4.11663555851,0.406978525483,low,low
Indonesia,ID1704,ID17,0.6699,0.657393011224,0.649521748093417,0.740798171259499,0.556597550725715,0.661657278685544,0.648571850881423,main,0.00787126313058295,3.8048164954,0.444587008804,low,low
Indonesia,ID1705,ID17,0.6689,0.657915888677,0.670626570911106,0.748763612206508,0.603760749727743,0.666089681156088,0.670266382323501,main,-0.00925754041189408,4.26582854447,0.564367233271,low,low
Indonesia,ID1706,ID17,0.6845,0.668179549109,0.666803350885117,0.73771513324064,0.624232993680564,0.644470823510521,0.667031316696119,main,0.00137619822388302,3.70129207505,0.333020591764,low,low
Indonesia,ID1707,ID17,0.6701,0.673245797847,0.686874555581252,0.744079755796203,0.638181536835454,0.681809902868158,0.686660938963446,main,0.013628757734252,4.13757894557,0.814848654469,low,middle
Indonesia,ID1708,ID17,0.6817,0.702751135109,0.705352312661077,0.764025742971279,0.646994765146562,0.708494440883277,0.704879805734621,main,0.00260117755207701,5.2669386782,0.767541367435,middle,middle
Indonesia,ID1709,ID17,0.6761,0.665588669548,0.693211491851541,0.754137922361297,0.643579954751373,0.685850852748699,0.693044291509402,main,0.00660016139954089,4.50271208344,0.438002285318,middle,low
Indonesia,ID1771,ID17,0.8036,0.752157394294,0.764701104400445,0.788763275309345,0.725850143241943,0.779231886589496,0.764105727085937,main,-0.0125437101064451,7.70656678344,0.988740181108,high,high
Indonesia,ID1801,ID18,0.678,0.671357558253,0.670893358491883,0.747780706473033,0.605568940122726,0.668468917337318,0.671438678353539,main,0.000464199761117001,4.98592854319,0.638487980761,middle,low
Indonesia,ID1802,ID18,0.6642,0.682590996303,0.682790796565884,0.760202526923533,0.612524524819361,0.68328140289552,0.682680446444455,main,0.00019980026288402,5.31346774585,0.789221731394,middle,middle
Indonesia,ID1803,ID18,0.6836,0.697555997571,0.71658680117686,0.778831054207118,0.641765118967578,0.728178554949691,0.713979514317434,main,0.0190308036058601,6.19564563875,0.865145982224,middle,middle
Indonesia,ID1804,ID18,0.6937,0.685694200083,0.701409711504843,0.784416060997871,0.609371136938572,0.713530921842845,0.69868333609574,main,-0.000296088412157003,5.52123139783,0.791024117382,middle,middle
Indonesia,ID1805,ID18,0.7016,0.689570821422,0.708507167268356,0.78965879032279,0.601463529635835,0.732118199388199,0.703196432155275,main,-0.00512201130964396,5.82926295992,0.855287087025,middle,middle
Indonesia,ID1806,ID18,0.6767,0.689340778903,0.701003275323157,0.768721873830755,0.632806562645383,0.705250281962634,0.70004801308933,main,0.0116624964201569,5.58812678131,0.702849957502,middle,middle
Indonesia,ID1807,ID18,0.6744,0.65929294414,0.670175745261411,0.756642744366656,0.592616023615652,0.670833003131512,0.670027910874867,main,-0.010882801121411,4.69294362886,0.320262237177,middle,low
Indonesia,ID1808,ID18,0.6852,0.677314707386,0.689803783127616,0.758594523164807,0.620977834383551,0.693950082620617,0.688871172549854,main,-0.00328150948638406,4.46336502365,0.433075189123,middle,low
Indonesia,ID1809,ID18,0.6579,0.683251637247,0.70957854547652,0.769919834710162,0.649787463235983,0.712297277899863,0.708967031855665,main,0.02632690822952,5.92499813468,0.859582736513,middle,middle
Indonesia,ID1810,ID18,0.703,0.698660476185,0.720406351026574,0.776033112930917,0.67152667640443,0.718636063933525,0.72080453462895,main,0.0130668272115742,6.39831984668,0.923825121535,middle,middle
Indonesia,ID1811,ID18,0.6363,0.666397194255,0.683708483116646,0.758177013149798,0.611796943831962,0.686874372180696,0.682996392339283,main,0.017311288861646,4.04410980849,0.125370777761,low,low
Indonesia,ID1812,ID18,0.6597,0.686484431037,0.705477618051324,0.772715208427575,0.638454442456811,0.709184867582804,0.704643761227113,main,0.0189931870143241,5.27827202924,0.622131620461,middle,low
Indonesia,ID1871,ID18,0.7744,0.783025314673,0.776859019671333,0.813205108028521,0.719701117859243,0.791164442823082,0.773641358001405,main,-0.00616629500166699,8.65952308058,0.998042601767,high,high
Indonesia,ID1872,ID18,0.7719,0.735086469728,0.751978598103295,0.786280716266144,0.717712932517697,0.752891330910954,0.751773300759837,main,-0.0168921283752951,7.65704594646,0.986695151673,high,high
Indonesia,ID1901,ID19,0.724,0.691176344465,0.69377969732955,0.762180442178401,0.629206246534867,0.692697555620115,0.69257183660198,main,-0.00260335286455005,4.4793079841,0.613860982557,middle,low
Indonesia,ID1902,ID19,0.7251,0.698168242827,0.70365260798345,0.770383747714027,0.632265397040764,0.708976769813132,0.701583732536194,main,-0.00548436515645001,4.42143610419,0.660777064412,low,middle
Indonesia,ID1903,ID19,0.6908,0.683780425437,0.69413767260473,0.75464361682252,0.619014741649082,0.706815717956507,0.691167058354062,main,-0.0036819019582699,4.33740345597,0.554894129118,low,low
Indonesia,ID1904,ID19,0.7045,0.680842478736,0.69709020977174,0.753984113859239,0.628490211457047,0.707090203951254,0.694563320494065,main,-0.01624773103574,4.83576502615,0.737858849581,middle,middle
Indonesia,ID1905,ID19,0.669,0.671098537454,0.681052690872565,0.754025055573374,0.599847703621488,0.690112708698444,0.678342354305046,main,0.00995415341856498,4.093229504,0.511257377106,low,low
Indonesia,ID1971,ID19,0.7822,0.762090130693,0.766988332901915,0.793794149772969,0.721792845734595,0.780201825973949,0.764614406360738,main,-0.00489820220891501,7.81354358095,0.992223822823,high,high
Indonesia,ID2101,ID21,0.7144,0.736848975563,0.725262395935978,0.773229884020944,0.683112254741131,0.72367648514409,0.725741106698326,main,-0.011586579627022,5.66156374616,0.777420658327,middle,middle
Indonesia,ID2103,ID21,0.7272,0.707617237601,0.724322009390656,0.765285355838566,0.686547786852653,0.724068522562493,0.724588239251599,main,-0.016704771789656,3.5199373821,0.461750399668,low,low
Indonesia,ID2104,ID21,0.6529,0.696435783736,0.661784063279629,0.766891721572577,0.575006709982165,0.654853660283463,0.660973032194403,main,-0.034651720456371,3.78722176356,0.540222176641,low,low
Indonesia,ID2105,ID21,0.688,0.709701514798,0.762513120400951,0.770120374131099,0.761300694922664,0.758874949446772,0.763416751646422,main,0.052811605602951,3.20416984108,0.485114423266,low,low
Indonesia,ID2171,ID21,0.8111,0.788336899516,0.785068421871624,0.793840058501495,0.736204214485479,0.810249233537412,0.779441118650005,main,0.00326847764437599,7.22960112533,0.980498938606,high,high
Indonesia,ID2172,ID21,0.7891,0.771926874183,0.775953591167276,0.792169626739878,0.748345414511244,0.78368491942459,0.774498520980465,main,-0.00402671698427604,6.86653808039,0.955485577744,high,high
Indonesia,ID3171,ID31,0.8472,0.843627680845,0.850505392830664,0.873103625072083,0.769404689764616,0.885765363161221,0.841097685831816,main,-0.000266926324336003,9.62377246919,1,high,high
Indonesia,ID3172,ID31,0.8266,0.822245998995,0.823527716797028,0.854527436122135,0.74651169081776,0.851446644141416,0.815905800895867,main,-0.00128171780202802,9.68583624089,1,high,high
Indonesia,ID3173,ID31,0.8139,0.877971671766,0.889075602020604,0.894507252930392,0.81523972177096,0.92973562792559,0.878502275381571,main,0.011103930254604,9.93687006801,1,high,high
Indonesia,ID3174,ID31,0.8138,0.834153028668,0.831358609948595,0.859477408205247,0.75647987059533,0.859561802454055,0.823701107455247,main,-0.002794418719405,9.94411091056,1,high,high
Indonesia,ID3175,ID31,0.8029,0.837468374106,0.839339881967314,0.859018220166315,0.768960720454348,0.869587032817168,0.831265702530913,main,0.00187150786131407,9.44401798765,1,high,high
Indonesia,ID3201,ID32,0.704,0.742890902437,0.737416746907044,0.795263555674002,0.65172199341374,0.771069589222195,0.736584107453011,main,-0.005474155529956,7.56199007813,0.980100727961,high,high
Indonesia,ID3202,ID32,0.6688,0.696330898212,0.701842235807438,0.78087449115226,0.608949516976394,0.725077980670919,0.701211582278034,main,0.00551133759543798,6.41408876244,0.907607150329,middle,middle
Indonesia,ID3203,ID32,0.6536,0.690757816486,0.697108759085877,0.772710623634523,0.613203739269719,0.713501918533293,0.696635509050974,main,0.00635094259987701,6.51714680932,0.907461431219,high,middle
Indonesia,ID3204,ID32,0.7239,0.72619034072,0.733131688669977,0.787386741431161,0.664664734059765,0.751435679453982,0.732645998739897,main,0.00694134794997703,7.39998276361,0.98087764098,high,high
Indonesia,ID3205,ID32,0.6612,0.701621123126,0.708737617714858,0.771744218317775,0.63918368498279,0.720617425422506,0.708382692542254,main,0.00711649458885799,6.79546282794,0.944796004116,high,high
Indonesia,ID3206,ID32,0.6567,0.694272294179,0.692698760474746,0.781910613346072,0.596321656512419,0.711183257414921,0.692159851591151,main,-0.00157353370425406,6.52312391116,0.918259294116,high,middle
Indonesia,ID3207,ID32,0.7049,0.717186965796,0.707592824890639,0.798436144022704,0.614809750704837,0.720449855280264,0.707177169118463,main,-0.00959414090536104,6.70788929609,0.927959774717,high,middle
Indonesia,ID3208,ID32,0.6938,0.708143040581,0.707130865698764,0.783244573819385,0.62614697784819,0.719789686543137,0.706740155527324,main,-0.00101217488223593,6.84688288402,0.947892875808,high,high
Indonesia,ID3209,ID32,0.6875,0.719474220955,0.719657716542516,0.784807824327592,0.635251102288169,0.745515400348196,0.718988245407791,main,0.000183495587515958,7.57957184598,0.986463122607,high,high
Indonesia,ID3210,ID32,0.6759,0.699963523837,0.711519860927225,0.791345987686109,0.620354815144916,0.731997854964386,0.71094956073861,main,0.011556337090225,6.87238675558,0.963657004571,high,high
Indonesia,ID3211,ID32,0.7164,0.709427654873,0.718996286189335,0.795907922006405,0.639793386659336,0.728916589006236,0.718665509896063,main,-0.00437605893766513,6.71073988772,0.949587357,high,high
Indonesia,ID3212,ID32,0.6729,0.709617414284,0.726269406269339,0.795966543563685,0.628317928435576,0.763075986450877,0.725349558147269,main,0.016651991985339,6.77066219584,0.950209055499,high,high
Indonesia,ID3213,ID32,0.6895,0.695538926678,0.703665725976082,0.789661465921654,0.603607409183117,0.728847879972412,0.70298188547694,main,0.00812679929808202,6.63203017796,0.949199309669,high,high
Indonesia,ID3214,ID32,0.7082,0.730876805814,0.749291758143586,0.793966415583149,0.682526510515435,0.774368840286175,0.74866898508563,main,0.0184149523295859,6.87954746492,0.955200511623,high,high
Indonesia,ID3215,ID32,0.7066,0.741356043427,0.756343071678352,0.807850542873785,0.665900776700406,0.800899679582854,0.755276932616301,main,0.014987028251352,7.16407421056,0.972597873184,high,high
Indonesia,ID3216,ID32,0.7407,0.75898053115,0.763360384923751,0.804962693924495,0.677081102922167,0.81246264452387,0.762207614037372,main,0.00437985377375105,7.93494419348,0.993033543095,high,high
Indonesia,ID3217,ID32,0.6808,0.713447701881,0.721824351509321,0.783264369651623,0.651117313910572,0.736190264645744,0.721416207439225,main,0.00837664962832096,7.05989516194,0.955227749198,high,high
Indonesia,ID3218,ID32,0.6806,0.707907700582,0.696994492008722,0.787318414887712,0.613351695939337,0.700552180980074,0.696787187776794,main,-0.010913208573278,5.8126272195,0.774882938245,middle,middle
Indonesia,ID3271,ID32,0.7611,0.784048355288,0.7716813503224,0.804215739663493,0.717953994752474,0.794181036931855,0.771133492141296,main,-0.0123670049655999,9.2509817432,1,high,high
Indonesia,ID3272,ID32,0.7421,0.756349879054,0.765583412418777,0.79321900101056,0.724041947823309,0.780187983653921,0.765218330218526,main,0.00923353336477706,9.05615869583,0.99943291249,high,high
Indonesia,ID3273,ID32,0.8151,0.819094077606,0.807455048635008,0.839202707839554,0.732730651432664,0.852788241341515,0.806400545843235,main,0.00365087375899209,10.0277195967,1,high,high
Indonesia,ID3274,ID32,0.7489,0.798900390533,0.79626938286131,0.812738870244899,0.755769536017528,0.820216615128202,0.795712765072779,main,-0.00263100767169,9.50394902772,1,high,high
Indonesia,ID3275,ID32,0.815,0.779995226647,0.763483679570007,0.805297646686981,0.690112877952289,0.798180196891,0.762650987180884,main,0.0165115470769931,9.57918545075,1,high,high
Indonesia,ID3276,ID32,0.8097,0.778065430945,0.758234733051018,0.799889158866851,0.689816963721604,0.787794111541681,0.757516569959193,main,0.0198306978939821,9.48918159185,1,high,high
Indonesia,ID3277,ID32,0.7783,0.79580708102,0.787476810662135,0.810908395674701,0.738552013732402,0.813479526580186,0.786864291064859,main,-0.00833027035786493,9.61486428028,1,high,high
Indonesia,ID3278,ID32,0.7304,0.760418147512,0.75243360453689,0.796521920421222,0.692810994688722,0.770520740514638,0.751967283136475,main,-0.00798454297510998,8.77110138231,0.997486007452,high,high
Indonesia,ID3279,ID32,0.717,0.740989462954,0.732297535158835,0.784888874344811,0.683762549958326,0.731550974283323,0.732238723459454,main,-0.00869192779516503,7.43234264813,0.978026311774,high,high
Indonesia,ID3301,ID33,0.6995,0.727436724111,0.729862511760908,0.797251900365404,0.64264158679488,0.756893393237075,0.729233091295656,main,0.00242578764990797,6.53927022816,0.907462924393,high,middle
Indonesia,ID3302,ID33,0.7198,0.722327399099,0.720799611267277,0.789304142587039,0.645937351849846,0.733696932634992,0.720527390175312,main,-0.00152778783172303,7.03312081256,0.96420382512,high,high
Indonesia,ID3303,ID33,0.6897,0.715178023715,0.714332178809101,0.77881681375685,0.646330473724093,0.723564647946388,0.714149435438969,main,-0.000845844905899007,6.97026530741,0.963038058482,high,high
Indonesia,ID3304,ID33,0.6745,0.702196401005,0.705391450973313,0.777623283166204,0.632727374402488,0.712944336160333,0.705256613885263,main,0.00319504996831299,6.6200367024,0.92434231265,high,middle
Indonesia,ID3305,ID33,0.6981,0.694847111815,0.703683356200233,0.779810825893939,0.624627007964581,0.714687327690419,0.703464253059989,main,0.00233046801523296,6.753824857,0.939942279805,high,high
Indonesia,ID3306,ID33,0.7268,0.696763640471,0.702314617381253,0.784281908017745,0.620893714422253,0.710917397420218,0.702160186641051,main,-0.00555097691025297,6.4422792713,0.873146757726,middle,middle
Indonesia,ID3307,ID33,0.6822,0.711088873693,0.705491688781965,0.774318622646957,0.630844785275023,0.718037801171174,0.705228481290511,main,-0.005597184911035,6.64460921504,0.933408509229,high,high
Indonesia,ID3308,ID33,0.6987,0.709204352677,0.708939242150077,0.78355435185323,0.626894288476689,0.724359554217326,0.708607716964247,main,-0.000265110526923018,6.88008624423,0.967539096559,high,high
Indonesia,ID3309,ID33,0.7425,0.720970270856,0.713027477375011,0.786224105050157,0.63070113863066,0.729916814919113,0.712657914808939,main,0.00794279348098892,6.78887653413,0.955951702184,high,high
Indonesia,ID3310,ID33,0.7556,0.730470219351,0.728792252928533,0.796085680971999,0.651865157291189,0.744840514350644,0.72843972880504,main,0.00167796642246698,7.4054875063,0.992695835112,high,high
Indonesia,ID3311,ID33,0.7698,0.738899990372,0.737938067618044,0.795246152147968,0.665435542935246,0.757949374215229,0.737478317882704,main,0.000961922753956013,7.49409104614,0.988413775514,high,high
Indonesia,ID3312,ID33,0.7025,0.706503027705,0.696931196320486,0.7972168436904,0.599031040742987,0.708195569265713,0.696722227780603,main,0.00156577597451413,6.16474352057,0.853017273095,middle,middle
Indonesia,ID3313,ID33,0.7586,0.729715475013,0.725020238912811,0.789853241585949,0.64570946464569,0.745788858064853,0.724546866600427,main,0.00469523610018907,6.95819090473,0.971217794112,high,high
Indonesia,ID3314,ID33,0.7395,0.717129200433,0.720259639392171,0.792254613234357,0.635467622418487,0.740754492524073,0.719798326939617,main,-0.00313043895917098,6.78089991322,0.949138437508,high,high
Indonesia,ID3315,ID33,0.6987,0.695734116691,0.687217795206836,0.770896116401015,0.594213094214122,0.707151327049701,0.686778691722973,main,0.00851632148416404,6.4828908057,0.941526352031,middle,high
Indonesia,ID3316,ID33,0.6884,0.70089407898,0.695154789019717,0.78380689737011,0.596183358341496,0.717351380986214,0.694662128809,main,-0.00573928996028306,6.07993850952,0.859246445439,middle,middle
Indonesia,ID3317,ID33,0.7002,0.702301381005,0.704761430360635,0.778032784597866,0.617971940076343,0.726522527672068,0.704269011638398,main,0.00246004935563504,6.31963530226,0.923120951826,middle,middle
Indonesia,ID3318,ID33,0.7177,0.713614998634,0.710661186100755,0.787493655483414,0.616984775712848,0.736824744888051,0.710060310335766,main,0.002953812533245,6.6233339639,0.922582183254,high,middle
Indonesia,ID3319,ID33,0.75,0.760356923673,0.775530130243492,0.808395968461184,0.706563503528585,0.813669982123091,0.774594742139261,main,0.015173206570492,7.52258065198,0.978840401966,high,high
Indonesia,ID3320,ID33,0.7199,0.71584396536,0.713152823058441,0.774771342113394,0.644098732655978,0.725970315247721,0.712877572719804,main,0.00269114230155898,6.95258915856,0.956969920066,high,high
Indonesia,ID3321,ID33,0.7222,0.707614970569,0.708437834503971,0.770794512818002,0.637074120729717,0.723080458623516,0.708117076267319,main,-0.000822863934970997,6.86898695896,0.966040678027,high,high
Indonesia,ID3322,ID33,0.741,0.739027744148,0.73498705702315,0.795488862397535,0.659511617838861,0.755362075213175,0.734520481163255,main,0.00404068712484995,6.98491958417,0.94571576197,high,high
Indonesia,ID3323,ID33,0.6957,0.71015405621,0.711321483061398,0.780170693016441,0.634988440858214,0.725573459343297,0.711015300763265,main,0.00116742685139792,6.69409339584,0.954743844952,high,high
Indonesia,ID3324,ID33,0.7229,0.720662780808,0.731111080052931,0.789481670377188,0.654681190554241,0.754417564337808,0.730568992126936,main,0.00597386086093099,6.80522964096,0.939628859588,high,high
Indonesia,ID3325,ID33,0.6865,0.70797729698,0.71484923184838,0.774976014014615,0.642280920422663,0.732650972680453,0.714447198387268,main,0.00687193486838,6.82055192052,0.966161378316,high,high
Indonesia,ID3326,ID33,0.6963,0.706037462645,0.716268280552621,0.774085196229436,0.652888171274771,0.726463957987094,0.71605636846412,main,0.010230817907621,6.85714462437,0.950078929526,high,high
Indonesia,ID3327,ID33,0.6632,0.703131482228,0.708541505085883,0.771418116547211,0.640215407813711,0.71954737142981,0.70831284170661,main,0.00541002285788295,7.00223571225,0.966973900316,high,high
Indonesia,ID3328,ID33,0.6839,0.711283614517,0.715192174650073,0.774648398975018,0.643703583483891,0.73243627468652,0.714803713146997,main,0.00390856013307306,7.2407186109,0.980672629402,high,high
Indonesia,ID3329,ID33,0.6611,0.707021342387,0.70595502566594,0.777463020976454,0.619474950959991,0.728889253485669,0.705431766957769,main,-0.00106631672105995,6.8906673936,0.956497079304,high,high
Indonesia,ID3371,ID33,0.7899,0.794773252283,0.7965593483628,0.811189412713579,0.764879174864775,0.813330330635727,0.796148399269349,main,0.00178609607979996,9.43951505489,1,high,high
Indonesia,ID3372,ID33,0.8221,0.809589891114,0.798932310104246,0.821275672162101,0.75472802588093,0.821051124415406,0.798392677729323,main,0.010657581009754,9.03661637486,1,high,high
Indonesia,ID3373,ID33,0.8314,0.780737860902,0.776847146542027,0.803376836372649,0.732130945589456,0.795679074286881,0.776393698905196,main,0.00389071435997301,8.23709240821,1,high,high
Indonesia,ID3374,ID33,0.8305,0.791718273264,0.784386154523723,0.82029429270146,0.712632345875836,0.82262113034208,0.783450737743539,main,0.00733211874027706,8.57080903649,0.997439728386,high,high
Indonesia,ID3375,ID33,0.7498,0.767868458002,0.765459059590829,0.785817116015925,0.737159170590152,0.773675100512144,0.765268420696905,main,-0.00240939841117094,8.51212451602,0.999993576833,high,high
Indonesia,ID3376,ID33,0.7507,0.778604324431,0.78269701079588,0.797362478405921,0.75086573669921,0.799600696517287,0.782282740820048,main,0.00409268636488003,8.69332449788,0.999909593052,high,high
Indonesia,ID3401,ID34,0.7446,0.706555376786,0.704081531835795,0.802650846047461,0.631864385585936,0.702027576736614,0.708763872753199,main,0.00247384495020497,6.45888998212,0.869937784547,middle,middle
Indonesia,ID3402,ID34,0.8001,0.741016922921,0.725546422809378,0.806254576237464,0.646402040380039,0.731423889699641,0.725072361358709,main,0.015470500111622,7.61863268629,0.978913020949,high,high
Indonesia,ID3403,ID34,0.6998,0.700181944376,0.684256112968753,0.808589618831009,0.586322310691036,0.684642119583892,0.687241533757682,main,0.015161942655247,6.15577790361,0.848551570807,middle,middle
Indonesia,ID3404,ID34,0.8384,0.754234695917,0.737807923690929,0.812617375819343,0.651156067885096,0.748349856833896,0.734331162811613,main,0.016426772226071,7.64558644177,0.991104784732,high,high
Indonesia,ID3471,ID34,0.8661,0.820856632909,0.804039343759854,0.839420903461223,0.735241141927289,0.819218040993647,0.796653917732611,main,0.016817289149146,9.43130565121,1,high,high
Indonesia,ID3501,ID35,0.6839,0.705107651997,0.69820978024636,0.818502244975112,0.601539517933545,0.695353072000585,0.699567790278899,main,-0.00689787175063994,5.95956911283,0.690506768614,middle,middle
Indonesia,ID3502,ID35,0.7081,0.718678696848,0.703743125815398,0.817176026770294,0.607151059316209,0.70490740632163,0.70455486168006,main,-0.0062218226633981,6.41749571482,0.903159537574,middle,middle
Indonesia,ID3503,ID35,0.6974,0.706455484503,0.704190230052317,0.807209872793802,0.60985755104661,0.709938860070897,0.704387985571007,main,-0.00226525445068304,6.31480409592,0.856319507295,middle,middle
Indonesia,ID3504,ID35,0.73,0.730682857283,0.723767606402133,0.81613407700054,0.625674474872346,0.738516927607842,0.722476071805939,main,0.00554953631486699,6.78881492,0.943584757108,high,high
Indonesia,ID3505,ID35,0.7058,0.721529102648,0.709921324830115,0.807177389006453,0.607480798623849,0.724851275404067,0.708353672918283,main,-0.0116077778178849,6.58894223345,0.920221779033,high,middle
Indonesia,ID3506,ID35,0.7205,0.713476000661,0.710974991813891,0.803426699448412,0.613015180799805,0.725579007868159,0.709633429927538,main,0.00250100884710902,6.91397086961,0.963681195358,high,high
Indonesia,ID3507,ID35,0.7036,0.736728852373,0.726431251167029,0.815035655045154,0.626670125888507,0.744600481165776,0.724513203008461,main,-0.010297601205971,6.86967004291,0.947978115548,high,high
Indonesia,ID3508,ID35,0.6546,0.701406841293,0.710980680693068,0.805747421546676,0.616174958925131,0.721969682862572,0.710352603821471,main,0.00957383940006795,6.32249813698,0.924037196079,middle,middle
Indonesia,ID3509,ID35,0.6711,0.708253867037,0.71112997375743,0.809520258035536,0.602736258788938,0.729612326384084,0.708732585198988,main,0.00287610672043004,6.60032084886,0.963616294893,high,high
Indonesia,ID3510,ID35,0.7062,0.714333928831,0.725118058924192,0.815140166067425,0.627601630023525,0.740851161017224,0.723684227522704,main,0.010784130093192,6.08916503844,0.939333036355,middle,high
Indonesia,ID3511,ID35,0.6643,0.684333253706,0.699612777558826,0.804030575821721,0.599313812874773,0.708766256122335,0.698999118803036,main,0.015279523852826,6.19857551521,0.931332455014,middle,high
Indonesia,ID3512,ID35,0.6738,0.693358971881,0.710939257077154,0.809038764288181,0.622984213645805,0.715084045383238,0.711652239483788,main,0.017580285196154,5.97149565705,0.905800547634,middle,middle
Indonesia,ID3513,ID35,0.6607,0.68452565458,0.706775293836105,0.79562243059302,0.614603534041115,0.719412227489563,0.705927275189043,main,0.022249639256105,6.46185718338,0.923041954391,middle,middle
Indonesia,ID3514,ID35,0.686,0.712271197968,0.75606675992872,0.817112529606321,0.65834161739589,0.789168104074482,0.75156676690764,main,0.04379556196072,6.98911367792,0.965675431107,high,high
Indonesia,ID3515,ID35,0.8029,0.759639986982,0.774579032063081,0.824474425397215,0.685256922649356,0.808341119568338,0.770090496557583,main,-0.014939045081081,7.99418454476,0.997508418767,high,high
Indonesia,ID3516,ID35,0.7383,0.707693247485,0.752605246414389,0.813363937751613,0.666308937964966,0.777763332523819,0.749783718582723,main,-0.016301506100611,6.97357002159,0.978314069245,high,high
Indonesia,ID3517,ID35,0.7297,0.70243935456,0.723412627300177,0.802976518589108,0.63796752451416,0.736790842904585,0.722684176234569,main,-0.020973272740177,7.01704399751,0.97115507732,high,high
Indonesia,ID3518,ID35,0.7172,0.709391231478,0.708872308164751,0.802821639727731,0.616715549306033,0.718466458097156,0.708549434026154,main,0.000518923313248987,6.69303074445,0.959360516046,high,high
Indonesia,ID3519,ID35,0.7173,0.711270455376,0.710431250123284,0.814177950856878,0.616681552928811,0.715333917887947,0.710825562441776,main,0.000839205252715969,6.41565993313,0.918895996186,middle,middle
Indonesia,ID3520,ID35,0.7392,0.720976434552,0.717716322766932,0.817818760038912,0.632152354534101,0.718973273251346,0.719002706191547,main,0.00326011178506802,6.79901005337,0.966456405584,high,high
Indonesia,ID3521,ID35,0.7054,0.698408953752,0.701474039173021,0.807621267317622,0.600803053972112,0.70986386636715,0.700978960201659,main,-0.00306508542102102,6.38702159442,0.931221226387,middle,high
Indonesia,ID3522,ID35,0.6904,0.70503256304,0.729134611128784,0.816342240169368,0.62262276702456,0.752926567446443,0.726022303688034,main,0.024102048088784,6.26579646296,0.920251052385,middle,middle
Indonesia,ID3523,ID35,0.684,0.709645719113,0.722275707790689,0.811794031472162,0.607739195768166,0.7503915503102,0.718042822320601,main,0.0126299886776889,6.34614823799,0.874017036699,middle,middle
Indonesia,ID3524,ID35,0.7258,0.691091606194,0.712719715173334,0.810602396996903,0.603459144654838,0.732119147175336,0.710143049147294,main,-0.021628108979334,6.50639579281,0.948733696158,high,high
Indonesia,ID3525,ID35,0.7611,0.730172667706,0.764899175407531,0.815022355626339,0.681214178143645,0.794523844488487,0.761237273409963,main,-0.027128156886469,6.88801316811,0.964071774674,high,high
Indonesia,ID3526,ID35,0.6411,0.680253279552,0.698760279298634,0.784791820122328,0.598199145494512,0.719026474535576,0.696276459788957,main,0.0185069997466341,6.5812748884,0.956643584964,high,high
Indonesia,ID3527,ID35,0.627,0.677558830402,0.697571813186753,0.780660649874602,0.60771264916534,0.711988971390992,0.696430758333184,main,0.0200129827847529,6.62485843596,0.966918305727,high,high
Indonesia,ID3528,ID35,0.6626,0.699618791306,0.702737684467026,0.786112772262959,0.619120489306237,0.712553264085202,0.702574615532414,main,0.00311889316102598,6.94437349044,0.982362465584,high,high
Indonesia,ID3571,ID35,0.7823,0.804520855276,0.84689657566002,0.847511701829067,0.793363713062541,0.884536497420045,0.840965019005296,main,0.0423757203840199,8.37515443281,0.998037297562,high,high
Indonesia,ID3572,ID35,0.7857,0.784683585035,0.772985510225988,0.807279612075353,0.737916431476025,0.777502377836856,0.773708967498836,main,0.011698074809012,8.40194527196,1,high,high
Indonesia,ID3573,ID35,0.8145,0.812081176743,0.794917091783929,0.832164098521244,0.734268785206591,0.815838994570113,0.792908062041944,main,0.017164084959071,9.1633995017,0.999635265248,high,high
Indonesia,ID3574,ID35,0.7327,0.770563562524,0.766288668743831,0.799156392040616,0.72360409375618,0.777059801447809,0.765941754309819,main,-0.0042748937801691,8.45132375017,1,high,high
Indonesia,ID3575,ID35,0.7526,0.75978076171,0.766302241362622,0.790990810229523,0.739487466327637,0.77066737230781,0.766754633921484,main,0.00652147965262206,8.41248882967,0.999004283185,high,high
Indonesia,ID3576,ID35,0.7804,0.774227075548,0.784422684243622,0.803474203507182,0.762299932752787,0.788806716083774,0.784674380078629,main,-0.00215024020837795,8.90732575309,1,high,high
Indonesia,ID3577,ID35,0.8091,0.804959162359,0.793089871589056,0.831217358901062,0.749169988249556,0.80161223324786,0.79326769891248,main,0.011869290769944,8.5548010354,1,high,high
Indonesia,ID3578,ID35,0.8223,0.810830559075,0.817624458075916,0.848366383482231,0.740034227563474,0.854440065525137,0.812529157013632,main,-0.00679389900091598,9.06787063381,0.999523966752,high,high
Indonesia,ID3579,ID35,0.759,0.760552800673,0.767617938670099,0.808984708205967,0.714693194426968,0.780608229999081,0.767062988740581,main,0.00706513799709896,6.92126240616,0.979717566459,high,high
Indonesia,ID3601,ID36,0.65,0.668636604624,0.69641564883236,0.768372651972309,0.623198556270249,0.703747120515449,0.695886358073009,main,0.02777904420836,6.17295056271,0.912067685793,middle,middle
Indonesia,ID3602,ID36,0.6391,0.66390427751,0.686738577308536,0.763044185374914,0.606047656189915,0.698226247048472,0.686042274099193,main,0.022834299798536,6.10986230694,0.847342243516,middle,middle
Indonesia,ID3603,ID36,0.7192,0.741593418353,0.740012111253485,0.799531336804855,0.658514441130999,0.766056896014646,0.738846023029904,main,-0.00158130709951498,8.25227969255,0.998271715079,high,high
Indonesia,ID3604,ID36,0.667,0.701860776381,0.729937999818621,0.790555581427599,0.643607930532838,0.760218531002725,0.728613839188989,main,0.028077223437621,6.99663252802,0.976082552145,high,high
Indonesia,ID3671,ID36,0.7825,0.799634713321,0.783491667662292,0.818158362517937,0.722092480078741,0.81062316476267,0.782377589632323,main,-0.0161430456587081,9.39197996146,1,high,high
Indonesia,ID3672,ID36,0.7305,0.765504251969,0.801560278307575,0.809378179472643,0.7496515784131,0.843831863805308,0.799998103443299,main,0.0360560263385751,7.94188130973,0.991389373075,high,high
Indonesia,ID3673,ID36,0.7216,0.734913058899,0.754384677734961,0.785018151850247,0.710312196643552,0.768059917406895,0.753774354382698,main,0.0194716188359609,7.90705560973,0.988096091545,high,high
Indonesia,ID3674,ID36,0.8136,0.792532991379,0.772435190321154,0.814138794213389,0.70963409676872,0.794739750346077,0.771470433717562,main,0.020097801057846,9.24296428092,1,high,high
Indonesia,ID5101,ID51,0.7236,0.693943608028,0.726373411066383,0.793575766480718,0.65607467631576,0.732613321322421,0.72522398875305,main,-0.026882980905617,5.81720588148,0.869432773041,middle,middle
Indonesia,ID5102,ID51,0.7617,0.720200972377,0.726839962744765,0.817365939071236,0.63452619167222,0.735390586402026,0.725205994394293,main,-0.00663899036776505,6.3231478238,0.861701781257,middle,middle
Indonesia,ID5103,ID51,0.816,0.759402968403,0.763494670799933,0.818706127806673,0.678774517769682,0.782423287906116,0.757585719643229,main,-0.00409170239693302,7.52160152229,0.971815928707,high,high
Indonesia,ID5104,ID51,0.7736,0.737761321526,0.744041748515512,0.816260564752805,0.661105728425795,0.754900210982288,0.741304143255173,main,-0.00628042698951192,7.30716764365,0.970978692965,high,high
Indonesia,ID5105,ID51,0.7173,0.728830498656,0.733611825884702,0.797287047918479,0.683254074775102,0.730849540761841,0.735656323819918,main,0.00478132722870195,6.40092218835,0.836241602616,middle,middle
Indonesia,ID5106,ID51,0.6936,0.69220671933,0.701857914706971,0.791104465304287,0.624586381729427,0.702886721175098,0.702916754484958,main,0.00686463403697102,6.15366779768,0.848496585737,middle,middle
Indonesia,ID5107,ID51,0.6735,0.674022402914,0.713359531472711,0.788736445861766,0.644767876868008,0.715347524291634,0.713867252641004,main,0.0393371285587111,6.26863192492,0.901150132668,middle,middle
Indonesia,ID5108,ID51,0.7255,0.704502263674,0.727878992601133,0.797178049998601,0.649606519633936,0.737515760763015,0.725536063278285,main,-0.018618743724867,6.26943272015,0.894629287287,middle,middle
Indonesia,ID5171,ID51,0.8393,0.79123125024,0.774624964095155,0.816005295726795,0.701787756199166,0.793081828155243,0.768668211544105,main,0.0166062861448449,8.90061165518,0.999956001674,high,high
Indonesia,ID5201,ID52,0.682,0.683590024277,0.711519126424205,0.767064316606219,0.67180734219874,0.707636956662855,0.714434377588288,main,0.027929102147205,6.53615980367,0.923172939984,high,middle
Indonesia,ID5202,ID52,0.6643,0.667453703728,0.697722361732401,0.76823972564151,0.638139766655666,0.697477723379452,0.699274412567873,main,0.030268658004401,6.6876615129,0.946383961844,high,high
Indonesia,ID5203,ID52,0.663,0.676120287175,0.693130110985872,0.759559939045011,0.644135510559044,0.689254127051944,0.696048586839906,main,0.017009823810872,6.67633741353,0.964560865826,high,high
Indonesia,ID5204,ID52,0.6761,0.688828193808,0.693324819259036,0.763826063592976,0.634387777003724,0.692757327769874,0.694987194905303,main,0.00449662545103602,4.22468737997,0.709534233294,low,middle
Indonesia,ID5205,ID52,0.6784,0.687402454653,0.706175925727838,0.759726451506338,0.680619426466345,0.695928715205067,0.711282485699373,main,0.0187734710748381,4.68108830544,0.734016197823,middle,middle
Indonesia,ID5206,ID52,0.663,0.672913221143,0.690410677450351,0.755959222026301,0.649563008347684,0.682755274451455,0.694696172233518,main,0.017497456307351,4.73852372888,0.777161876452,middle,middle
Indonesia,ID5207,ID52,0.7163,0.702449623523,0.743865442458415,0.765348789494589,0.720628935863438,0.746389008893002,0.74389580664393,main,0.0137150659814149,4.2935116842,0.670355723805,low,middle
Indonesia,ID5271,ID52,0.7891,0.778232288908,0.771963058495064,0.793153067557552,0.759149872991367,0.769288116379926,0.773733116048176,main,0.00626923041293603,9.04554398952,1,high,high
Indonesia,ID5272,ID52,0.7581,0.729862673848,0.728931226677984,0.766429031979163,0.720496778070803,0.716921338747384,0.734274589473161,main,0.00093144717001592,6.55332726757,0.942407572816,high,high
Indonesia,ID5305,ID53,0.6353,0.657602727424,0.643238386278867,0.736065945234389,0.599415701576151,0.626878687174204,0.651542547615078,main,-0.0143643411451331,4.6128761562,0.440445840133,middle,low
Indonesia,ID5309,ID53,0.6422,0.660244063975,0.662898004280513,0.748735254552358,0.619988672422961,0.649018855753505,0.670383192328705,main,0.00265394030551303,4.83598280077,0.602299411474,middle,low
Indonesia,ID5310,ID53,0.6511,0.672899656355,0.673448243748495,0.741527941724874,0.664319499419742,0.649411912590907,0.683924650555221,main,0.000548587393494948,5.2662745149,0.685674670506,middle,middle
Indonesia,ID5311,ID53,0.6704,0.681594242597,0.679970060630326,0.7561103381799,0.635298283505296,0.671116799423478,0.68567816961495,main,-0.00162418196667402,4.85057899093,0.623216854104,middle,low
Indonesia,ID5312,ID53,0.6788,0.655437163874,0.661306240946539,0.749970235426689,0.611675495222732,0.649747102421735,0.667989783762261,main,-0.00586907707253903,4.55323551722,0.527235535008,middle,low
Indonesia,ID5313,ID53,0.6454,0.653336607269,0.661650972876485,0.730860449147139,0.635516853295328,0.646032895896121,0.669481717774998,main,0.008314365607485,5.55617877515,0.679469231203,middle,middle
Indonesia,ID5315,ID53,0.6389,0.626489787974,0.642016236704715,0.714255740513761,0.630218066339014,0.617615946095443,0.652661051430732,main,-0.00929397532128506,4.42459170009,0.443621035261,low,low
Indonesia,ID5318,ID53,0.6581,0.651693633325,0.651196989160571,0.744798587385788,0.605389856024423,0.635547875713771,0.65928635150801,main,0.000496644164428961,4.71873241147,0.40128282862,middle,low
Indonesia,ID5371,ID53,0.7971,0.775473481273,0.768010510505144,0.796342109083138,0.711614503476278,0.785523936569326,0.763544989842598,main,0.00746297076785596,8.03168095174,0.990589545352,high,high
Indonesia,ID6101,ID61,0.6703,0.698666864959,0.682878599865681,0.757884045376668,0.606763076665362,0.689442893434683,0.681878090434249,main,-0.015788265093319,4.64620984552,0.69081553913,middle,middle
Indonesia,ID6102,ID61,0.6787,0.670988582381,0.662894831733099,0.740550727859378,0.589893476905531,0.665808549832124,0.662561085787841,main,0.00809375064790097,3.76877314519,0.253956828321,low,low
Indonesia,ID6103,ID61,0.6598,0.678111356123,0.64985424341803,0.73806318059168,0.562640955757223,0.657387848063541,0.648707399060692,main,-0.00836559954102989,3.7934217989,0.227222688356,low,low
Indonesia,ID6104,ID61,0.6574,0.698422390948,0.698019875667569,0.762309900636913,0.640602926790259,0.69731168502011,0.698311413760721,main,-0.000402515280431004,4.82541021334,0.725268511599,middle,middle
Indonesia,ID6105,ID61,0.6577,0.693574545857,0.66729113875722,0.750867022483113,0.571262039149107,0.683976709718223,0.664476924168824,main,-0.0262834070997799,3.60766701407,0.310190201581,low,low
Indonesia,ID6106,ID61,0.6717,0.687223124364,0.66563582951663,0.750708899186213,0.56515199060227,0.68491440491241,0.662355340029156,main,-0.00945895388063012,2.84384618913,0.48812967848,low,low
Indonesia,ID6107,ID61,0.6688,0.694238677926,0.656487116764177,0.736404724938042,0.588186211692958,0.654740694101887,0.657002335606491,main,-0.0131257946901772,2.7999915108,0.409480383359,low,low
Indonesia,ID6108,ID61,0.6569,0.689935647936,0.656458794655511,0.736222729172943,0.589940574405256,0.653515767603159,0.657190362627525,main,-0.032594442591511,2.21427981378,0.261221752414,low,low
Indonesia,ID6109,ID61,0.6476,0.685651594885,0.655372328997595,0.739402358808909,0.573004837260993,0.661600293064218,0.654452708838092,main,-0.030279265887405,3.58260305322,0.250245018974,low,low
Indonesia,ID6110,ID61,0.6555,0.691973389097,0.654978712777686,0.743821553741111,0.584838882485578,0.649504654485027,0.656189215321194,main,-0.0359521018746861,3.12152676877,0.38121025906,low,low
Indonesia,ID6111,ID61,0.6268,0.652969422715,0.66158667107396,0.7361281340859,0.605980579080492,0.653843173225797,0.663175650303558,main,0.00861724835895994,3.19420863497,0.265187345992,low,low
Indonesia,ID6112,ID61,0.6795,0.692410334662,0.690274278882892,0.756316012785604,0.618651861042365,0.698760380949191,0.688904937381117,main,-0.00213605577910803,4.39805154145,0.634970595345,low,low
Indonesia,ID6171,ID61,0.7944,0.802453141971,0.774477362665153,0.802636266050791,0.73491697799098,0.783040111372582,0.773001534912472,main,0.011869495363847,8.46350975014,0.997816495121,high,high
Indonesia,ID6172,ID61,0.7194,0.769785116048,0.735530753269041,0.772783921501415,0.707156099475687,0.730930377722742,0.73646106841817,main,-0.034254362778959,6.20932648575,0.913893223739,middle,middle
Indonesia,ID6201,ID62,0.7287,0.709429553566,0.6889731864246,0.753092380290115,0.62296755237521,0.690327639832617,0.686735735922723,main,0.0204563671414,3.49424874012,0.665234741452,low,middle
Indonesia,ID6202,ID62,0.7131,0.702453143862,0.679912475358615,0.75673807591066,0.594964233470834,0.685376819073615,0.675753990340247,main,0.022540668503385,3.36049468158,0.596792761276,low,low
Indonesia,ID6203,ID62,0.6948,0.657596553155,0.660164746664556,0.759528897334186,0.574510941073261,0.653028268689772,0.658048942900812,main,-0.00256819350955606,2.94279433974,0.478043840144,low,low
Indonesia,ID6204,ID62,0.7022,0.678707631445,0.662088210957359,0.752928876617191,0.58770866184311,0.653089303377616,0.661144219715566,main,0.016619420487641,3.27535260499,0.543292687802,low,low
Indonesia,ID6205,ID62,0.7059,0.70631167001,0.685421067562435,0.752238241791439,0.608660022495089,0.691686974723471,0.681626700889246,main,0.020067262427565,2.66128240768,0.582466624591,low,low
Indonesia,ID6206,ID62,0.6803,0.66216761128,0.669296501030693,0.7405461273411,0.593757262803794,0.67229182157717,0.666151422149355,main,-0.00712888975069303,2.69864907927,0.209497968164,low,low
Indonesia,ID6207,ID62,0.7051,0.662961554643,0.672400111593502,0.784198560359595,0.628364005162384,0.634049984167123,0.678557953507865,main,-0.009438556950502,2.69103860842,0.052244859241,low,low
Indonesia,ID6208,ID62,0.6758,0.655039121782,0.649862718550545,0.740103318417526,0.574161265930306,0.642020328567304,0.648572216710983,main,0.00517640323145496,2.48699336903,0.31144938184,low,low
Indonesia,ID6209,ID62,0.6868,0.653986563561,0.648506760702785,0.741865438708406,0.601431626482278,0.622237210135724,0.652362707515081,main,0.00547980285821503,2.24402904874,0.387699369844,low,low
Indonesia,ID6210,ID62,0.6845,0.637024813512,0.651578791590778,0.750190701472334,0.603291449297643,0.62302581426992,0.655744962128399,main,-0.014553978078778,2.62960410782,0.546115024279,low,low
Indonesia,ID6211,ID62,0.7081,0.654785721764,0.664555534617961,0.777567893167268,0.640422385842105,0.614721703113447,0.673950174499176,main,-0.00976981285396106,2.83213453821,0.22903311249,low,low
Indonesia,ID6212,ID62,0.7139,0.670514184123,0.680393083274847,0.755921116463996,0.595411811943623,0.686630903945589,0.676091936952622,main,-0.00987889915184703,3.50158534724,0.318870325372,low,low
Indonesia,ID6213,ID62,0.6798,0.664099327053,0.658467795458932,0.742394146798445,0.617035977819504,0.634342986053883,0.662353328230445,main,0.00563153159406804,1.77582458628,0.509722280427,low,low
Indonesia,ID6271,ID62,0.8077,0.69321749587,0.697061634138343,0.759571462976129,0.628082111539203,0.701104950238906,0.694154322935238,main,-0.00384413826834296,4.69350718695,0.788086937488,middle,middle
Indonesia,ID6301,ID63,0.6938,0.676387187979,0.694710455440593,0.760944837884204,0.644195280744163,0.683423066428614,0.694523239510038,main,-0.016502356580407,4.53878506833,0.490297035356,middle,low
Indonesia,ID6302,ID63,0.6886,0.690862778698,0.679151930376262,0.751241491443613,0.600601250263349,0.691785072824828,0.678337242467313,main,0.00718529092573805,3.59803541326,0.402309072162,low,low
Indonesia,ID6303,ID63,0.6918,0.680772102769,0.690397922056274,0.756804371684536,0.636096281481253,0.68275862796225,0.690119917858684,main,-0.00962581928727402,4.76456940712,0.729779943552,middle,middle
Indonesia,ID6304,ID63,0.6622,0.674860005052,0.690021716535564,0.756631001803255,0.635705846209842,0.682224951578157,0.689746193072647,main,0.015161711483564,4.95072344277,0.676841917645,middle,middle
Indonesia,ID6305,ID63,0.7011,0.680250767878,0.699126762368678,0.754442830281815,0.649944196451444,0.695961127579273,0.698815393355269,main,-0.018875994490678,4.61190854874,0.632655167593,middle,low
Indonesia,ID6306,ID63,0.6885,0.695507862519,0.704292526546032,0.758860486407347,0.670656218760295,0.686580023794632,0.704343243733808,main,0.00878466402703204,4.95412545543,0.796936011274,middle,middle
Indonesia,ID6307,ID63,0.6884,0.691602700829,0.701250625237275,0.762265942112676,0.656244031274865,0.688987065918537,0.70112316631749,main,0.009647924408275,5.13493414371,0.844114121791,middle,middle
Indonesia,ID6308,ID63,0.6559,0.695827673777,0.712429266427147,0.752508089940766,0.701611778156729,0.68594025607507,0.712795219740367,main,0.0166015926501469,5.57864842058,0.902310078662,middle,middle
Indonesia,ID6309,ID63,0.7219,0.703364316094,0.717871444545639,0.766715276023397,0.675217407110292,0.713864476205675,0.71762546119253,main,-0.014507128451639,4.4299229962,0.616391055568,low,low
Indonesia,ID6310,ID63,0.7071,0.694801675201,0.695320302626174,0.748462051893719,0.654388122116723,0.685930813161982,0.695176637817187,main,-0.000518627425173945,4.1751483236,0.52097749563,low,low
Indonesia,ID6311,ID63,0.6882,0.694193999633,0.710415647061236,0.75702544750318,0.660339786312501,0.715836364661848,0.709954582557059,main,0.0162216474282361,4.12275041526,0.580143342322,low,low
Indonesia,ID6371,ID63,0.771,0.78463289291,0.772395505049242,0.800389886518466,0.737749304244827,0.779275818577363,0.77202944939303,main,-0.012237387860758,8.91536195603,0.997826138824,high,high
Indonesia,ID6372,ID63,0.791,0.744555803457,0.734490042277287,0.772258660070783,0.700801820643347,0.731565433580976,0.734294702707154,main,0.010065761179713,6.56206139112,0.943395644335,high,high
Indonesia,ID6401,ID64,0.7204,0.716083566435,0.710465828367644,0.76821610082577,0.63104853465051,0.736750789603758,0.709505216033166,main,0.00561773806735599,3.38604681393,0.44785745814,low,low
Indonesia,ID6402,ID64,0.7119,0.708284265397,0.710872469063074,0.771016466244089,0.630575043739909,0.735953820370869,0.709932402658316,main,-0.00258820366607404,2.68223046861,0.37613422497,low,low
Indonesia,ID6403,ID64,0.7359,0.717904602471,0.718815842865756,0.774992354522544,0.640971536484556,0.744740343592842,0.717872000062051,main,-0.000911240394755986,3.258463798,0.52370618438,low,low
Indonesia,ID6404,ID64,0.73,0.722663214813,0.720554553650683,0.772811380328115,0.630691772847814,0.763203390530157,0.719190025044351,main,0.002108661162317,2.56517393631,0.457448171709,low,low
Indonesia,ID6405,ID64,0.7471,0.716792299805,0.705535204108938,0.757894877208971,0.63292546242678,0.729427325155609,0.704662546923065,main,0.011257095696062,2.48311762264,0.577756036533,low,low
Indonesia,ID6409,ID64,0.7141,0.698716964042,0.698699794527439,0.757793292603859,0.640436122530272,0.701751179237231,0.698344808844491,main,1.71695145609885e-05,4.07325019101,0.609639758502,low,low
Indonesia,ID6411,ID64,0.6709,0.688396411251,0.676374125402615,0.746426272856568,0.618227974684403,0.670073175635034,0.676216765870329,main,-0.0120222858483851,0.854298422708,0,low,low
Indonesia,ID6471,ID64,0.8001,0.789671167678,0.790555364931272,0.812245338292794,0.745405415812244,0.813845360346299,0.789842601470352,main,-0.000884197253271934,7.12319157011,0.97540633569,high,high
Indonesia,ID6472,ID64,0.8011,0.77621415197,0.764327263928629,0.803871207887343,0.707786877815704,0.782724358549403,0.763658652192247,main,0.0118868880413709,7.43803982117,0.979451486108,high,high
Indonesia,ID6474,ID64,0.8002,0.810629550872,0.806044210117431,0.80061105143855,0.76778981263777,0.848517000019007,0.804960972462224,main,-0.00458534075456896,6.94271650113,0.965384131183,high,high
Indonesia,ID6501,ID65,0.7194,0.681233471632,0.67267764443284,0.733027155378328,0.591190029231536,0.69989951554758,0.671883979414338,main,0.00855582719916004,1.18824967493,0.520144781059,low,low
Indonesia,ID6502,ID65,0.711,0.711681066512,0.70535566671503,0.763716751969215,0.631308039303641,0.725964595200238,0.704741250219856,main,0.00496326677296988,2.63951625255,0.515574332729,low,low
Indonesia,ID6503,ID65,0.6697,0.691351067382,0.732417297672177,0.766971948926419,0.721899006098602,0.711159278114345,0.732949863417041,main,0.041066230290177,1.7635359401,0,low,low
Indonesia,ID6504,ID65,0.6579,0.704928184546,0.70544328113984,0.761285308480507,0.635020534538638,0.724437187268076,0.704874800283652,main,0.00051509659383997,2.59978994286,0.515499353562,low,low
Indonesia,ID6571,ID65,0.7583,0.759036559307,0.782086032048587,0.795708546065463,0.741283427666694,0.808744913119407,0.78135781189552,main,0.023049472741587,6.9956483525,0.960441594463,high,high
Indonesia,ID7101,ID71,0.6789,0.676732521471,0.685768111264644,0.763257424427423,0.616484629654851,0.685644370308728,0.685852514222748,main,0.00470063273564414,4.23071695853,0.726082223613,low,middle
Indonesia,ID7102,ID71,0.7529,0.744799593908,0.720159808307711,0.804009364656995,0.639036500307193,0.726598700169734,0.720046365954296,main,0.024639785600289,5.9996170328,0.885664318891,middle,middle
Indonesia,ID7104,ID71,0.694,0.669295301401,0.661565800186617,0.760675453275561,0.594001656685721,0.642805139598643,0.662250253043747,main,0.00772950121438298,4.60292794364,0.477809048331,middle,low
Indonesia,ID7105,ID71,0.7211,0.707570959603,0.686629354513527,0.780780939852093,0.602763631898608,0.688006071610575,0.686682803590042,main,0.020941605089473,5.03854895135,0.686100359025,middle,middle
Indonesia,ID7106,ID71,0.739,0.721628596332,0.71589356630509,0.778522632119341,0.653005799288421,0.721384258967668,0.715788935164277,main,0.00573503002691,5.14416419796,0.694156799955,middle,middle
Indonesia,ID7107,ID71,0.6699,0.667494558889,0.70745456447953,0.748992981508845,0.690478288882098,0.686659871292932,0.708146556664964,main,0.0351491233685299,3.90259815138,0.621642558222,low,low
Indonesia,ID7108,ID71,0.6764,0.695492628532,0.699884140295851,0.784453621931832,0.643397728217272,0.681202539297135,0.700553033466845,main,0.004391511763851,5.47923693884,0.774181350913,middle,middle
Indonesia,ID7109,ID71,0.7051,0.718473058959,0.718652191368743,0.770468996226145,0.680325475019271,0.709124110179696,0.719004128629537,main,0.000179132409742988,5.12518648994,0.813380325852,middle,middle
Indonesia,ID7110,ID71,0.65,0.675775465545,0.687456594240036,0.736555235841823,0.662813794443106,0.667448886681618,0.688131793938274,main,0.011681128695036,3.50256402678,0.553068476826,low,low
Indonesia,ID7111,ID71,0.6599,0.704617537662,0.711254657189716,0.76011365308009,0.671602806130881,0.705516717583837,0.711485600239414,main,0.00663711952771606,4.36990493635,0.742074276491,low,middle
Indonesia,ID7171,ID71,0.7893,0.795196795456,0.784073670958935,0.815055772468633,0.739132148211037,0.798829824693622,0.783648362190836,main,-0.000670466414934956,7.87379732268,0.983442594824,high,high
Indonesia,ID7172,ID71,0.741,0.781203486406,0.762250229898633,0.790491254879478,0.721088001752066,0.775783008518648,0.761860049864535,main,-0.018953256507367,6.54301606112,0.951110512374,high,high
Indonesia,ID7173,ID71,0.7669,0.751443016151,0.742518082369564,0.794526376586005,0.70141166239103,0.735403898522472,0.742795179470856,main,0.008924933781436,6.65103562256,0.914162427904,high,middle
Indonesia,ID7174,ID71,0.7297,0.754623829968,0.744609223624239,0.783101244363747,0.707952118342807,0.744778736361707,0.744645706068797,main,-0.0100146063437611,7.25417733008,0.982149624197,high,high
Indonesia,ID7201,ID72,0.6542,0.664527469112,0.64730332462313,0.730347831088332,0.58422843088267,0.641523800241211,0.649294516137362,main,-0.00343079373513,3.63771143382,0.295833424308,low,low
Indonesia,ID7202,ID72,0.7052,0.700418907633,0.691617647776848,0.762675687136708,0.602665302485179,0.705219367118397,0.686931513357798,main,0.00880125985615199,3.7063378681,0.619434991373,low,low
Indonesia,ID7203,ID72,0.7221,0.728558919889,0.772053944477105,0.781460044956382,0.717035810783106,0.795633802682363,0.763930090252702,main,0.0434950245881049,3.39211113897,0.522355353723,low,low
Indonesia,ID7204,ID72,0.7128,0.676014701342,0.663611796334221,0.755917971769524,0.589283700803556,0.65988001721433,0.664897488101481,main,0.0124029050077791,3.60151576745,0.505642611542,low,low
Indonesia,ID7206,ID72,0.6569,0.689399705325,0.68083582638995,0.745207144409009,0.62992611516322,0.676614066888453,0.682290328722495,main,-0.00856387893504995,4.12876800619,0.636663446644,low,low
Indonesia,ID7207,ID72,0.6782,0.664917683496,0.673072544887269,0.721677155875609,0.651513671831951,0.660806162427285,0.677298622164675,main,-0.00815486139126897,3.59120187136,0.551454181208,low,low
Indonesia,ID7208,ID72,0.6544,0.673963288218,0.665908869606071,0.751805444962356,0.570208779081395,0.677014033717081,0.662082861256462,main,-0.00805441861192902,4.40237172498,0.715364678092,low,middle
Indonesia,ID7211,ID72,0.6543,0.676269554987,0.669960305820821,0.735572978455772,0.654421979115701,0.647039507451618,0.677857097355251,main,-0.00630924916617903,4.3486064066,0.391349897341,low,low
Indonesia,ID7212,ID72,0.6836,0.683187005674,0.685020275778447,0.751769831792687,0.62605227786861,0.684020988484803,0.685364555384846,main,0.00100728145244711,2.49689151355,0.223727470751,low,low
Indonesia,ID7271,ID72,0.8147,0.774158638303,0.762601537653838,0.786127636968162,0.721691944692677,0.771902041594086,0.759397280123264,main,0.011557100649162,6.86823406159,0.978687778194,high,high
Indonesia,ID7301,ID73,0.6738,0.685815501061,0.701253102391878,0.770604902728728,0.647924520093505,0.688953603761442,0.700673006455215,main,0.015437601330878,4.6069024032,0.399578076427,middle,low
Indonesia,ID7302,ID73,0.6899,0.695055049737,0.705321004940153,0.783771750919576,0.620610084952646,0.716920736260842,0.703871194570281,main,0.010265955203153,5.90738055949,0.802847960862,middle,middle
Indonesia,ID7303,ID73,0.6873,0.697227720433,0.730330543182656,0.784059095346507,0.667633816644712,0.740883326773812,0.729254271398051,main,0.033102822749656,6.13175722614,0.868021974584,middle,middle
Indonesia,ID7304,ID73,0.6426,0.663065146269,0.711643624415429,0.777073318802587,0.6475236410364,0.713354804450355,0.710680510637486,main,0.048578478146429,6.13776206731,0.902186636794,middle,middle
Indonesia,ID7305,ID73,0.6731,0.68483348247,0.723548914602277,0.771779916047448,0.680528647078491,0.71957195780513,0.722999568742083,main,0.038715432132277,6.16665483227,0.91129467155,middle,middle
Indonesia,ID7306,ID73,0.7014,0.696726219443,0.711690096926137,0.779519928014885,0.650811481160344,0.708060410293219,0.710860277585684,main,0.00561631636913695,6.10296475575,0.844194696856,middle,middle
Indonesia,ID7307,ID73,0.676,0.705850816939,0.722091712492406,0.784315704703279,0.67066559064097,0.713960102655066,0.721478886695019,main,0.016240895553406,5.63179251293,0.605167415928,middle,low
Indonesia,ID7308,ID73,0.6986,0.698381512577,0.715453522785176,0.770108436321569,0.659986993075434,0.718001418229574,0.714612902509496,main,0.016635035362176,5.22167573271,0.73903443353,middle,middle
Indonesia,ID7310,ID73,0.71,0.690380476379,0.710656678426655,0.778306387917341,0.659471115778158,0.697671173773481,0.710121046244952,main,-0.0189628451943449,4.9539478109,0.700788083217,middle,middle
Indonesia,ID7311,ID73,0.6606,0.704810723019,0.691930064360802,0.788494234321778,0.591638788125779,0.704785134848534,0.690193129953512,main,-0.0128806586581981,5.14559913382,0.592017806296,middle,low
Indonesia,ID7312,ID73,0.6867,0.725304005698,0.710537343552628,0.80120794396066,0.629952532052464,0.707278705985639,0.709383721805357,main,-0.014766662145372,5.1798453939,0.608186512646,middle,low
Indonesia,ID7313,ID73,0.6915,0.721294669288,0.70268402957607,0.789917259753165,0.617062871861005,0.707680202665502,0.701319673461559,main,-0.01861063971193,5.13556078061,0.559770945008,middle,low
Indonesia,ID7314,ID73,0.7121,0.719720492904,0.712163333934442,0.781502063824466,0.653599990574046,0.704929184948095,0.711425158435813,main,-0.007557158969558,5.03566900043,0.712299627027,middle,middle
Indonesia,ID7315,ID73,0.7126,0.714880713717,0.708780558242128,0.775155085950816,0.635950698858487,0.718564449933593,0.707553459934946,main,0.00153872804087196,5.27871219865,0.776400403834,middle,middle
Indonesia,ID7316,ID73,0.7276,0.692399741503,0.693993161547055,0.766049448403954,0.638329607563289,0.681716574512139,0.693375590378819,main,-0.00159342004405505,4.76751460572,0.520679340362,middle,low
Indonesia,ID7317,ID73,0.7051,0.694838963301,0.694695880436878,0.765311096137978,0.622039155698203,0.700706393468553,0.693527901290006,main,0.000143082864122013,4.80842880738,0.750973264548,middle,middle
Indonesia,ID7318,ID73,0.6875,0.700132848445,0.687638203166295,0.772534332492654,0.613607229392138,0.682850091576145,0.686611715834137,main,-0.012494645278705,4.80427589183,0.579964173951,middle,low
Indonesia,ID7322,ID73,0.6957,0.692137286538,0.681030848663753,0.761147306151832,0.603729945938477,0.683753535608531,0.679835239420548,main,0.011106437874247,3.79658360332,0.627729591891,low,low
Indonesia,ID7325,ID73,0.7322,0.708615947365,0.704893841916511,0.76344334080701,0.649909050760988,0.703574735525291,0.704119779265465,main,0.00372210544848894,3.73710546456,0.69814140577,low,middle
Indonesia,ID7326,ID73,0.6933,0.722081805829,0.706781438564213,0.763906119091223,0.667276823509729,0.691685935674405,0.706455794371667,main,-0.0153003672647869,5.23060858036,0.668574116957,middle,middle
Indonesia,ID7371,ID73,0.8225,0.796989472965,0.797166883747938,0.821131985459015,0.745365676383808,0.824061548308109,0.796001714382397,main,-0.000177410782937981,9.04682905052,0.99908851225,high,high
Indonesia,ID7372,ID73,0.7786,0.752499793982,0.759279274575987,0.780746585928617,0.738965288461007,0.75792442038831,0.759020217869469,main,-0.00677948059398703,7.27741000732,0.976798875996,high,high
Indonesia,ID7373,ID73,0.7806,0.744974215167,0.743955283502226,0.774817163599528,0.719234554832293,0.738125717109323,0.743703864063646,main,0.00101893166477407,6.42407439888,0.963630180973,middle,high
Indonesia,ID7401,ID74,0.6598,0.654433209619,0.683679068268205,0.728703929675366,0.661769562164671,0.661817833273626,0.68338502049527,main,0.0185122778872049,4.04277722158,0.397450773124,low,low
Indonesia,ID7402,ID74,0.6902,0.689124827772,0.700261839377236,0.747319745180055,0.663295365461161,0.691214738182801,0.699748758342662,main,0.00898666714923591,4.83095911211,0.689408723332,middle,middle
Indonesia,ID7403,ID74,0.7135,0.670343828702,0.687639633204493,0.748939393022712,0.637415846295204,0.678986770293917,0.686926516034246,main,-0.0172958045024929,3.90209224855,0.56718955938,low,low
Indonesia,ID7404,ID74,0.7345,0.709391574825,0.725492245821767,0.768039070302809,0.665976464646118,0.743897532073859,0.724633549865008,main,-0.0161006709967669,4.44925442608,0.711296281926,middle,middle
Indonesia,ID7405,ID74,0.682,0.657918071116,0.66958513582217,0.747862420011728,0.585310083467812,0.681960028593026,0.668326803394294,main,-0.0116670647061701,4.45285264513,0.539467164598,middle,low
Indonesia,ID7406,ID74,0.6605,0.652089096111,0.675148806269432,0.738450555424277,0.621600468084718,0.668171733612382,0.674383523661697,main,0.00623790238043198,3.96711672627,0.386599732618,low,low
Indonesia,ID7407,ID74,0.6948,0.710041567429,0.710963639002955,0.750979243909619,0.672996693263223,0.709465847201574,0.710434624230479,main,0.000922071573954963,5.18725946814,0.672606540875,middle,middle
Indonesia,ID7408,ID74,0.6931,0.681640416648,0.696581908654941,0.748798945303154,0.638271607183576,0.704655577840677,0.695743591276104,main,-0.00797767469705912,3.89276448343,0.658188733626,low,middle
Indonesia,ID7409,ID74,0.6787,0.671146887078,0.685220012652608,0.7332394444988,0.651629487123488,0.671988079725379,0.684756304020464,main,-0.00103310026939196,3.40903860361,0.398821444991,low,low
Indonesia,ID7410,ID74,0.6986,0.651085215802,0.650900821829105,0.719172047914605,0.584991041356302,0.652582244149858,0.649938737642014,main,0.000184393972894936,2.13382072084,0,low,low
Indonesia,ID7411,ID74,0.6702,0.650322257219,0.667738177221366,0.731475110419721,0.621971189501707,0.652506240177924,0.667090614083362,main,-0.0174159200023659,3.70766713614,0.588642041156,low,low
Indonesia,ID7412,ID74,0.6541,0.648671141212,0.669954403369028,0.732738771147159,0.62306606397011,0.656689837978353,0.669290285949756,main,0.010425544581028,3.23295697436,0,low,low
Indonesia,ID7413,ID74,0.6508,0.645221623497,0.653879272481561,0.722155686821331,0.599322744907723,0.643633410720225,0.653095550848537,main,-0.00249910402143916,4.59118317719,0.365722917516,middle,low
Indonesia,ID7414,ID74,0.6437,0.682125688874,0.685682850232892,0.72748630091753,0.662222626182763,0.668251511543509,0.685366587537718,main,0.00355716135889195,4.85320672326,0.653263475903,middle,middle
Indonesia,ID7471,ID74,0.8353,0.747498303862,0.750151160222038,0.779961260166577,0.704254121105726,0.766495740162256,0.749498425714879,main,-0.00265285636003798,7.29088882936,0.983039757644,high,high
Indonesia,ID7472,ID74,0.759,0.740154168344,0.751738150519871,0.771525588263238,0.744700217545416,0.739124762673287,0.751651489727302,main,-0.011583982175871,6.33718402687,0.879838752401,middle,middle
Indonesia,ID7501,ID75,0.6591,0.694398019661,0.694596732712692,0.758227965633887,0.638931637420681,0.684201918310707,0.692063842487419,main,0.000198713051691946,4.44849908766,0.599860774983,low,low
Indonesia,ID7502,ID75,0.6692,0.711736405313,0.697668688378887,0.765692726479562,0.633647243562558,0.691432575566026,0.694838652559587,main,-0.014067716934113,4.65002460571,0.643773166159,middle,low
Indonesia,ID7503,ID75,0.6537,0.685064270317,0.70322753642281,0.75276842814423,0.673111290471309,0.681569969641304,0.701594602756554,main,0.01816326610581,3.49886056832,0.628873272918,low,low
Indonesia,ID7504,ID75,0.6998,0.709815536982,0.702927902562134,0.755658610663063,0.658037278718039,0.692380582502097,0.700874626461606,main,-0.00688763441986595,4.82047117415,0.932681474905,middle,high
Indonesia,ID7505,ID75,0.6486,0.658057473344,0.689147406814779,0.752313229904424,0.634290258780571,0.678432192266497,0.686643104029116,main,0.031089933470779,4.34820005381,0.602352696253,low,low
Indonesia,ID7571,ID75,0.7713,0.79320472991,0.765113649401346,0.795650069058984,0.726782998201541,0.770096012753305,0.763643359566359,main,-0.015718379311346,8.50866601228,0.998578793596,high,high
Indonesia,ID7601,ID76,0.6691,0.695909594297,0.697581697157826,0.737969079115668,0.671593357296631,0.681166170615575,0.696304512050282,main,0.00167210286082609,5.163167188,0.838981047776,middle,middle
Indonesia,ID7602,ID76,0.6384,0.69411252365,0.7007871155417,0.75850532247007,0.649294547990541,0.692227579869778,0.698580452437215,main,0.00667459189170005,5.46880860264,0.840213137963,middle,middle
Indonesia,ID7603,ID76,0.6602,0.662751488493,0.661803848639309,0.740104749184431,0.605559967835433,0.638905116319197,0.659116582543611,main,-0.000947639853691062,4.15538105119,0.449979057215,low,low
Indonesia,ID7604,ID76,0.6815,0.688279467057,0.68875581437719,0.741383588131673,0.637669542663186,0.684785453449499,0.68664309341869,main,0.000476347320189974,4.16939877681,0.74928613845,low,middle
Indonesia,ID7605,ID76,0.6779,0.688066761209,0.693358183732647,0.747388038876129,0.631573288611721,0.698804652551061,0.690942480788744,main,0.005291422523647,4.21465297024,0.502095785071,low,low
Indonesia,ID7606,ID76,0.6571,0.662236690799,0.668146367408114,0.733181905876163,0.625883953329091,0.643883448688022,0.666046073480463,main,0.0059096766091139,3.9112399823,0.392236639409,low,low
Indonesia,ID8102,ID81,0.662,0.690456487368,0.682722699437645,0.750327781374409,0.65383917764666,0.651120038144305,0.683587861705895,main,-0.00773378793035506,4.30535666783,0.500004060341,low,low
Indonesia,ID8103,ID81,0.7125,0.68839448326,0.648255046148264,0.74987843806681,0.557508030141635,0.649266742327435,0.647473080651815,main,0.040139437111736,3.91484453955,0.665085916432,low,middle
Indonesia,ID8104,ID81,0.6895,0.673303289322,0.647477277481848,0.725058508576549,0.605978832438184,0.619613074373631,0.648112444050981,main,0.025826011840152,3.38860576268,0.485049952733,low,low
Indonesia,ID8171,ID81,0.8084,0.769179980217,0.73995266658306,0.788184882596819,0.679130423752087,0.753950304547113,0.738994721107356,main,0.0292273136339399,7.37998538655,0.985069319309,high,high
Indonesia,ID8172,ID81,0.6796,0.740223853742,0.724294340584243,0.755776140523859,0.686538759902758,0.730747583036451,0.723783272880118,main,-0.0159295131577569,5.52061938261,0.899785393187,middle,middle
Indonesia,ID8201,ID82,0.6531,0.685625700136,0.653886996267631,0.736670508111472,0.583005016593808,0.651253900704766,0.653981260947169,main,-0.031738703868369,4.08165839427,0.640372838756,low,low
Indonesia,ID8202,ID82,0.6542,0.699235557712,0.70169916604355,0.736691998671664,0.681647938404451,0.68933224502365,0.702141901150947,main,0.00246360833155002,2.96876515709,0.413299586096,low,low
Indonesia,ID8204,ID82,0.6384,0.690330008451,0.668138332861505,0.750117343540994,0.607137232095622,0.656172695892985,0.668566702021445,main,-0.022191675589495,3.35840310489,0.52092377391,low,low
Indonesia,ID8205,ID82,0.675,0.696413799613,0.67131547669735,0.731371995523703,0.625631195236068,0.662154876437151,0.671643425693991,main,-0.0177292763103499,4.11315128267,0.703657512152,low,middle
Indonesia,ID8206,ID82,0.6675,0.682774405144,0.65828544876257,0.728271903747349,0.605076134342783,0.648395180701933,0.658639519827224,main,-0.00605985390657005,2.68040072981,0.448984475696,low,low
Indonesia,ID8207,ID82,0.625,0.671028208534,0.640356001019275,0.706997366999701,0.607377422993087,0.614176911284158,0.641293211023833,main,-0.030672207514725,3.03186799295,0.284451182367,low,low
Indonesia,ID8271,ID82,0.7982,0.774899072347,0.76144211787969,0.76496940665879,0.759513298976165,0.760009452189178,0.761493407234359,main,0.01345695446731,7.21444452339,0.972578467764,high,high
Indonesia,ID8272,ID82,0.7053,0.7067306663,0.686556748452701,0.743574188541587,0.635362228565163,0.685140778152672,0.686607440113289,main,0.0173125852472991,4.07988320787,0.795395623739,low,middle
Indonesia,ID9101,ID91,0.6836,0.728666021341,0.694503946103156,0.726878311268577,0.671379677502842,0.685388242865541,0.694153499257545,main,-0.034162075237844,2.22628966416,0.821496358724,low,middle
Indonesia,ID9102,ID91,0.65,0.695381837803,0.660958305469285,0.712236207543967,0.606728010024546,0.664132952516311,0.659615786032682,main,-0.034423532333715,1.55244756851,0.746354688276,low,middle
Indonesia,ID9105,ID91,0.7201,0.723419920115,0.721042550571719,0.766479600720581,0.666083105263028,0.729818079683803,0.719583526336128,main,-0.00237736954328105,4.89631257408,0.79369828632,middle,middle
Indonesia,ID9171,ID91,0.7845,0.78318424284,0.757102968135913,0.790604086157236,0.706797704571738,0.77213799143193,0.755642487229469,main,0.0260812747040869,6.75967941031,0.988500886702,high,high
Indonesia,ID9401,ID94,0.7009,0.690954297957,0.677987572426085,0.718221586063391,0.662370135957649,0.653826910509979,0.677548928538171,main,0.012966725530915,2.26339880472,0.725383412755,low,middle
Indonesia,ID9403,ID94,0.7169,0.690738408201,0.704258613967616,0.721121220755108,0.710202554393088,0.682657239038533,0.70447307978566,main,-0.0135202057666161,2.77210699304,0.691312172024,low,middle
Indonesia,ID9408,ID94,0.6766,0.678999299928,0.691166847732469,0.709856068256014,0.700748823987349,0.664710089410198,0.691493840388149,main,0.0121675478044689,4.08446734146,0.814720858159,low,middle
Indonesia,ID9409,ID94,0.7219,0.687484178711,0.682020061182258,0.712519290133527,0.673033563064948,0.66085848868766,0.681784736029893,main,0.00546411752874199,4.49917283483,0.789322341354,middle,middle
Indonesia,ID9412,ID94,0.7419,0.756881489059,0.728653740781541,0.738057380380101,0.687418146327488,0.758339088162802,0.727318867698554,main,-0.00173522984054097,3.32464490558,0.864480470389,low,middle
Indonesia,ID9471,ID94,0.7994,0.75051872901,0.767445477957022,0.7829274732337,0.749101646806325,0.769025773115953,0.766892328224334,main,-0.016926748947022,5.98170494278,0.967338324315,middle,high
